J30_1.RCP,0,78.93421053,0.152107,DE_rand/1_adaptiveF_bin_adaptiveCR_withLS,38,1000,0,50,60,100,0.1,0.9,TRUE,TRUE,rand/1,bin,random,TRUE,5,0.3,1.5,0.3,1,1,,,,,,,,,,,,,,,,,,,,,,,,,
J30_1.RCP,1,77.14473684,0.143645048,DE_rand/1_adaptiveF_bin_adaptiveCR_withLS,38,1000,1,50,60,100,0.1,0.9,TRUE,TRUE,rand/1,bin,random,TRUE,5,0.3,1.5,0.3,1,1,,,,,,,,,,,,,,,,,,,,,,,,,
J30_1.RCP,0,76.09210526,0.137620926,DE_rand/1_adaptiveF_bin_adaptiveCR_noLS,38,1000,0,50,60,100,0.1,0.9,TRUE,TRUE,rand/1,bin,random,FALSE,5,0.3,1.5,0.3,1,1,,,,,,,,,,,,,,,,,,,,,,,,,
J30_1.RCP,1,80.77631579,0.136352062,DE_rand/1_adaptiveF_bin_adaptiveCR_noLS,38,1000,1,50,60,100,0.1,0.9,TRUE,TRUE,rand/1,bin,random,FALSE,5,0.3,1.5,0.3,1,1,,,,,,,,,,,,,,,,,,,,,,,,,
J30_1.RCP,0,73.61842105,0.138106108,DE_rand/1_adaptiveF_bin_fixedCR_withLS,38,1000,0,50,60,100,0.1,0.9,TRUE,FALSE,rand/1,bin,random,TRUE,5,0.3,1.5,0.3,1,1,,,,,,,,,,,,,,,,,,,,,,,,,
J30_1.RCP,1,79.03947368,0.137729883,DE_rand/1_adaptiveF_bin_fixedCR_withLS,38,1000,1,50,60,100,0.1,0.9,TRUE,FALSE,rand/1,bin,random,TRUE,5,0.3,1.5,0.3,1,1,,,,,,,,,,,,,,,,,,,,,,,,,
J30_1.RCP,0,71.51315789,0.145027161,DE_rand/1_adaptiveF_bin_fixedCR_noLS,38,1000,0,50,60,100,0.1,0.9,TRUE,FALSE,rand/1,bin,random,FALSE,5,0.3,1.5,0.3,1,1,,,,,,,,,,,,,,,,,,,,,,,,,
J30_1.RCP,1,76.19736842,0.137784958,DE_rand/1_adaptiveF_bin_fixedCR_noLS,38,1000,1,50,60,100,0.1,0.9,TRUE,FALSE,rand/1,bin,random,FALSE,5,0.3,1.5,0.3,1,1,,,,,,,,,,,,,,,,,,,,,,,,,
J30_1.RCP,0,78.93421053,0.144436836,DE_rand/1_adaptiveF_exp_adaptiveCR_withLS,38,1000,0,50,60,100,0.1,0.9,TRUE,TRUE,rand/1,exp,random,TRUE,5,0.3,1.5,0.3,1,1,,,,,,,,,,,,,,,,,,,,,,,,,
J30_1.RCP,1,79.98684211,0.144606113,DE_rand/1_adaptiveF_exp_adaptiveCR_withLS,38,1000,1,50,60,100,0.1,0.9,TRUE,TRUE,rand/1,exp,random,TRUE,5,0.3,1.5,0.3,1,1,,,,,,,,,,,,,,,,,,,,,,,,,
J30_1.RCP,0,82.03947368,0.139756918,DE_rand/1_adaptiveF_exp_adaptiveCR_noLS,38,1000,0,50,60,100,0.1,0.9,TRUE,TRUE,rand/1,exp,random,FALSE,5,0.3,1.5,0.3,1,1,,,,,,,,,,,,,,,,,,,,,,,,,
J30_1.RCP,1,79.98684211,0.138897896,DE_rand/1_adaptiveF_exp_adaptiveCR_noLS,38,1000,1,50,60,100,0.1,0.9,TRUE,TRUE,rand/1,exp,random,FALSE,5,0.3,1.5,0.3,1,1,,,,,,,,,,,,,,,,,,,,,,,,,
J30_1.RCP,0,76.09210526,0.141550064,DE_rand/1_adaptiveF_exp_fixedCR_withLS,38,1000,0,50,60,100,0.1,0.9,TRUE,FALSE,rand/1,exp,random,TRUE,5,0.3,1.5,0.3,1,1,,,,,,,,,,,,,,,,,,,,,,,,,
J30_1.RCP,1,74.61842105,0.327218771,DE_rand/1_adaptiveF_exp_fixedCR_withLS,38,1000,1,50,60,100,0.1,0.9,TRUE,FALSE,rand/1,exp,random,TRUE,5,0.3,1.5,0.3,1,1,,,,,,,,,,,,,,,,,,,,,,,,,
J30_1.RCP,0,75.93421053,0.152349949,DE_rand/1_adaptiveF_exp_fixedCR_noLS,38,1000,0,50,60,100,0.1,0.9,TRUE,FALSE,rand/1,exp,random,FALSE,5,0.3,1.5,0.3,1,1,,,,,,,,,,,,,,,,,,,,,,,,,
J30_1.RCP,1,71.51315789,0.144613981,DE_rand/1_adaptiveF_exp_fixedCR_noLS,38,1000,1,50,60,100,0.1,0.9,TRUE,FALSE,rand/1,exp,random,FALSE,5,0.3,1.5,0.3,1,1,,,,,,,,,,,,,,,,,,,,,,,,,
J30_1.RCP,0,79.51315789,0.148426294,DE_rand/1_fixedF_bin_adaptiveCR_withLS,38,1000,0,50,60,100,0.1,0.9,FALSE,TRUE,rand/1,bin,random,TRUE,5,0.3,1.5,0.3,1,1,,,,,,,,,,,,,,,,,,,,,,,,,
J30_1.RCP,1,80.67105263,0.144751072,DE_rand/1_fixedF_bin_adaptiveCR_withLS,38,1000,1,50,60,100,0.1,0.9,FALSE,TRUE,rand/1,bin,random,TRUE,5,0.3,1.5,0.3,1,1,,,,,,,,,,,,,,,,,,,,,,,,,
J30_1.RCP,0,86.09210526,0.30078721,DE_rand/1_fixedF_bin_adaptiveCR_noLS,38,1000,0,50,60,100,0.1,0.9,FALSE,TRUE,rand/1,bin,random,FALSE,5,0.3,1.5,0.3,1,1,,,,,,,,,,,,,,,,,,,,,,,,,
J30_1.RCP,1,87.19736842,0.139938116,DE_rand/1_fixedF_bin_adaptiveCR_noLS,38,1000,1,50,60,100,0.1,0.9,FALSE,TRUE,rand/1,bin,random,FALSE,5,0.3,1.5,0.3,1,1,,,,,,,,,,,,,,,,,,,,,,,,,
J30_1.RCP,0,79.40789474,0.141686916,DE_rand/1_fixedF_bin_fixedCR_withLS,38,1000,0,50,60,100,0.1,0.9,FALSE,FALSE,rand/1,bin,random,TRUE,5,0.3,1.5,0.3,1,1,,,,,,,,,,,,,,,,,,,,,,,,,
J30_1.RCP,1,74.35526316,0.147732973,DE_rand/1_fixedF_bin_fixedCR_withLS,38,1000,1,50,60,100,0.1,0.9,FALSE,FALSE,rand/1,bin,random,TRUE,5,0.3,1.5,0.3,1,1,,,,,,,,,,,,,,,,,,,,,,,,,
J30_1.RCP,0,81.67105263,0.152440071,DE_rand/1_fixedF_bin_fixedCR_noLS,38,1000,0,50,60,100,0.1,0.9,FALSE,FALSE,rand/1,bin,random,FALSE,5,0.3,1.5,0.3,1,1,,,,,,,,,,,,,,,,,,,,,,,,,
J30_1.RCP,1,71.77631579,0.136914015,DE_rand/1_fixedF_bin_fixedCR_noLS,38,1000,1,50,60,100,0.1,0.9,FALSE,FALSE,rand/1,bin,random,FALSE,5,0.3,1.5,0.3,1,1,,,,,,,,,,,,,,,,,,,,,,,,,
J30_1.RCP,0,85.35526316,0.155241966,DE_rand/1_fixedF_exp_adaptiveCR_withLS,38,1000,0,50,60,100,0.1,0.9,FALSE,TRUE,rand/1,exp,random,TRUE,5,0.3,1.5,0.3,1,1,,,,,,,,,,,,,,,,,,,,,,,,,
J30_1.RCP,1,87.14473684,0.150921106,DE_rand/1_fixedF_exp_adaptiveCR_withLS,38,1000,1,50,60,100,0.1,0.9,FALSE,TRUE,rand/1,exp,random,TRUE,5,0.3,1.5,0.3,1,1,,,,,,,,,,,,,,,,,,,,,,,,,
J30_1.RCP,0,84.09210526,0.147670984,DE_rand/1_fixedF_exp_adaptiveCR_noLS,38,1000,0,50,60,100,0.1,0.9,FALSE,TRUE,rand/1,exp,random,FALSE,5,0.3,1.5,0.3,1,1,,,,,,,,,,,,,,,,,,,,,,,,,
J30_1.RCP,1,73.67105263,0.146266937,DE_rand/1_fixedF_exp_adaptiveCR_noLS,38,1000,1,50,60,100,0.1,0.9,FALSE,TRUE,rand/1,exp,random,FALSE,5,0.3,1.5,0.3,1,1,,,,,,,,,,,,,,,,,,,,,,,,,
J30_1.RCP,0,73.98684211,0.14970088,DE_rand/1_fixedF_exp_fixedCR_withLS,38,1000,0,50,60,100,0.1,0.9,FALSE,FALSE,rand/1,exp,random,TRUE,5,0.3,1.5,0.3,1,1,,,,,,,,,,,,,,,,,,,,,,,,,
J30_1.RCP,1,84.46052632,0.143847942,DE_rand/1_fixedF_exp_fixedCR_withLS,38,1000,1,50,60,100,0.1,0.9,FALSE,FALSE,rand/1,exp,random,TRUE,5,0.3,1.5,0.3,1,1,,,,,,,,,,,,,,,,,,,,,,,,,
J30_1.RCP,0,74.67105263,0.142111063,DE_rand/1_fixedF_exp_fixedCR_noLS,38,1000,0,50,60,100,0.1,0.9,FALSE,FALSE,rand/1,exp,random,FALSE,5,0.3,1.5,0.3,1,1,,,,,,,,,,,,,,,,,,,,,,,,,
J30_1.RCP,1,81.25,0.142647028,DE_rand/1_fixedF_exp_fixedCR_noLS,38,1000,1,50,60,100,0.1,0.9,FALSE,FALSE,rand/1,exp,random,FALSE,5,0.3,1.5,0.3,1,1,,,,,,,,,,,,,,,,,,,,,,,,,
J30_1.RCP,0,83.46052632,0.143588781,DE_rand/2_adaptiveF_bin_adaptiveCR_withLS,38,1000,0,50,60,100,0.1,0.9,TRUE,TRUE,rand/2,bin,random,TRUE,5,0.3,1.5,0.3,1,1,,,,,,,,,,,,,,,,,,,,,,,,,
J30_1.RCP,1,80.03947368,0.210124969,DE_rand/2_adaptiveF_bin_adaptiveCR_withLS,38,1000,1,50,60,100,0.1,0.9,TRUE,TRUE,rand/2,bin,random,TRUE,5,0.3,1.5,0.3,1,1,,,,,,,,,,,,,,,,,,,,,,,,,
J30_1.RCP,0,79.14473684,0.143889904,DE_rand/2_adaptiveF_bin_adaptiveCR_noLS,38,1000,0,50,60,100,0.1,0.9,TRUE,TRUE,rand/2,bin,random,FALSE,5,0.3,1.5,0.3,1,1,,,,,,,,,,,,,,,,,,,,,,,,,
J30_1.RCP,1,73.35526316,0.142585278,DE_rand/2_adaptiveF_bin_adaptiveCR_noLS,38,1000,1,50,60,100,0.1,0.9,TRUE,TRUE,rand/2,bin,random,FALSE,5,0.3,1.5,0.3,1,1,,,,,,,,,,,,,,,,,,,,,,,,,
J30_1.RCP,0,76.72368421,0.140602112,DE_rand/2_adaptiveF_bin_fixedCR_withLS,38,1000,0,50,60,100,0.1,0.9,TRUE,FALSE,rand/2,bin,random,TRUE,5,0.3,1.5,0.3,1,1,,,,,,,,,,,,,,,,,,,,,,,,,
J30_1.RCP,1,75.72368421,0.140936852,DE_rand/2_adaptiveF_bin_fixedCR_withLS,38,1000,1,50,60,100,0.1,0.9,TRUE,FALSE,rand/2,bin,random,TRUE,5,0.3,1.5,0.3,1,1,,,,,,,,,,,,,,,,,,,,,,,,,
J30_1.RCP,0,76.19736842,0.137898922,DE_rand/2_adaptiveF_bin_fixedCR_noLS,38,1000,0,50,60,100,0.1,0.9,TRUE,FALSE,rand/2,bin,random,FALSE,5,0.3,1.5,0.3,1,1,,,,,,,,,,,,,,,,,,,,,,,,,
J30_1.RCP,1,74.19736842,0.142915964,DE_rand/2_adaptiveF_bin_fixedCR_noLS,38,1000,1,50,60,100,0.1,0.9,TRUE,FALSE,rand/2,bin,random,FALSE,5,0.3,1.5,0.3,1,1,,,,,,,,,,,,,,,,,,,,,,,,,
J30_1.RCP,0,77.09210526,0.15042305,DE_rand/2_adaptiveF_exp_adaptiveCR_withLS,38,1000,0,50,60,100,0.1,0.9,TRUE,TRUE,rand/2,exp,random,TRUE,5,0.3,1.5,0.3,1,1,,,,,,,,,,,,,,,,,,,,,,,,,
J30_1.RCP,1,82.67105263,0.145483971,DE_rand/2_adaptiveF_exp_adaptiveCR_withLS,38,1000,1,50,60,100,0.1,0.9,TRUE,TRUE,rand/2,exp,random,TRUE,5,0.3,1.5,0.3,1,1,,,,,,,,,,,,,,,,,,,,,,,,,
J30_1.RCP,0,75.93421053,0.14895606,DE_rand/2_adaptiveF_exp_adaptiveCR_noLS,38,1000,0,50,60,100,0.1,0.9,TRUE,TRUE,rand/2,exp,random,FALSE,5,0.3,1.5,0.3,1,1,,,,,,,,,,,,,,,,,,,,,,,,,
J30_1.RCP,1,78.61842105,0.143958569,DE_rand/2_adaptiveF_exp_adaptiveCR_noLS,38,1000,1,50,60,100,0.1,0.9,TRUE,TRUE,rand/2,exp,random,FALSE,5,0.3,1.5,0.3,1,1,,,,,,,,,,,,,,,,,,,,,,,,,
J30_1.RCP,0,75.30263158,0.147243023,DE_rand/2_adaptiveF_exp_fixedCR_withLS,38,1000,0,50,60,100,0.1,0.9,TRUE,FALSE,rand/2,exp,random,TRUE,5,0.3,1.5,0.3,1,1,,,,,,,,,,,,,,,,,,,,,,,,,
J30_1.RCP,1,77.93421053,0.148240089,DE_rand/2_adaptiveF_exp_fixedCR_withLS,38,1000,1,50,60,100,0.1,0.9,TRUE,FALSE,rand/2,exp,random,TRUE,5,0.3,1.5,0.3,1,1,,,,,,,,,,,,,,,,,,,,,,,,,
J30_1.RCP,0,74.56578947,0.1412251,DE_rand/2_adaptiveF_exp_fixedCR_noLS,38,1000,0,50,60,100,0.1,0.9,TRUE,FALSE,rand/2,exp,random,FALSE,5,0.3,1.5,0.3,1,1,,,,,,,,,,,,,,,,,,,,,,,,,
J30_1.RCP,1,74.19736842,0.141134024,DE_rand/2_adaptiveF_exp_fixedCR_noLS,38,1000,1,50,60,100,0.1,0.9,TRUE,FALSE,rand/2,exp,random,FALSE,5,0.3,1.5,0.3,1,1,,,,,,,,,,,,,,,,,,,,,,,,,
J30_1.RCP,0,81.98684211,0.14772296,DE_rand/2_fixedF_bin_adaptiveCR_withLS,38,1000,0,50,60,100,0.1,0.9,FALSE,TRUE,rand/2,bin,random,TRUE,5,0.3,1.5,0.3,1,1,,,,,,,,,,,,,,,,,,,,,,,,,
J30_1.RCP,1,80.56578947,0.150850773,DE_rand/2_fixedF_bin_adaptiveCR_withLS,38,1000,1,50,60,100,0.1,0.9,FALSE,TRUE,rand/2,bin,random,TRUE,5,0.3,1.5,0.3,1,1,,,,,,,,,,,,,,,,,,,,,,,,,
J30_1.RCP,0,80.82894737,0.145533085,DE_rand/2_fixedF_bin_adaptiveCR_noLS,38,1000,0,50,60,100,0.1,0.9,FALSE,TRUE,rand/2,bin,random,FALSE,5,0.3,1.5,0.3,1,1,,,,,,,,,,,,,,,,,,,,,,,,,
J30_1.RCP,1,80.72368421,0.145133018,DE_rand/2_fixedF_bin_adaptiveCR_noLS,38,1000,1,50,60,100,0.1,0.9,FALSE,TRUE,rand/2,bin,random,FALSE,5,0.3,1.5,0.3,1,1,,,,,,,,,,,,,,,,,,,,,,,,,
J30_1.RCP,0,76.72368421,0.145015001,DE_rand/2_fixedF_bin_fixedCR_withLS,38,1000,0,50,60,100,0.1,0.9,FALSE,FALSE,rand/2,bin,random,TRUE,5,0.3,1.5,0.3,1,1,,,,,,,,,,,,,,,,,,,,,,,,,
J30_1.RCP,1,80.30263158,0.149441004,DE_rand/2_fixedF_bin_fixedCR_withLS,38,1000,1,50,60,100,0.1,0.9,FALSE,FALSE,rand/2,bin,random,TRUE,5,0.3,1.5,0.3,1,1,,,,,,,,,,,,,,,,,,,,,,,,,
J30_1.RCP,0,79.93421053,0.144735098,DE_rand/2_fixedF_bin_fixedCR_noLS,38,1000,0,50,60,100,0.1,0.9,FALSE,FALSE,rand/2,bin,random,FALSE,5,0.3,1.5,0.3,1,1,,,,,,,,,,,,,,,,,,,,,,,,,
J30_1.RCP,1,77.46052632,0.141910076,DE_rand/2_fixedF_bin_fixedCR_noLS,38,1000,1,50,60,100,0.1,0.9,FALSE,FALSE,rand/2,bin,random,FALSE,5,0.3,1.5,0.3,1,1,,,,,,,,,,,,,,,,,,,,,,,,,
J30_1.RCP,0,77.35526316,0.152652979,DE_rand/2_fixedF_exp_adaptiveCR_withLS,38,1000,0,50,60,100,0.1,0.9,FALSE,TRUE,rand/2,exp,random,TRUE,5,0.3,1.5,0.3,1,1,,,,,,,,,,,,,,,,,,,,,,,,,
J30_1.RCP,1,83.67105263,0.152004004,DE_rand/2_fixedF_exp_adaptiveCR_withLS,38,1000,1,50,60,100,0.1,0.9,FALSE,TRUE,rand/2,exp,random,TRUE,5,0.3,1.5,0.3,1,1,,,,,,,,,,,,,,,,,,,,,,,,,
J30_1.RCP,0,80.09210526,0.145920992,DE_rand/2_fixedF_exp_adaptiveCR_noLS,38,1000,0,50,60,100,0.1,0.9,FALSE,TRUE,rand/2,exp,random,FALSE,5,0.3,1.5,0.3,1,1,,,,,,,,,,,,,,,,,,,,,,,,,
J30_1.RCP,1,82.72368421,0.147727251,DE_rand/2_fixedF_exp_adaptiveCR_noLS,38,1000,1,50,60,100,0.1,0.9,FALSE,TRUE,rand/2,exp,random,FALSE,5,0.3,1.5,0.3,1,1,,,,,,,,,,,,,,,,,,,,,,,,,
J30_1.RCP,0,72.72368421,0.155752897,DE_rand/2_fixedF_exp_fixedCR_withLS,38,1000,0,50,60,100,0.1,0.9,FALSE,FALSE,rand/2,exp,random,TRUE,5,0.3,1.5,0.3,1,1,,,,,,,,,,,,,,,,,,,,,,,,,
J30_1.RCP,1,81.82894737,0.16049695,DE_rand/2_fixedF_exp_fixedCR_withLS,38,1000,1,50,60,100,0.1,0.9,FALSE,FALSE,rand/2,exp,random,TRUE,5,0.3,1.5,0.3,1,1,,,,,,,,,,,,,,,,,,,,,,,,,
J30_1.RCP,0,74.93421053,0.142630816,DE_rand/2_fixedF_exp_fixedCR_noLS,38,1000,0,50,60,100,0.1,0.9,FALSE,FALSE,rand/2,exp,random,FALSE,5,0.3,1.5,0.3,1,1,,,,,,,,,,,,,,,,,,,,,,,,,
J30_1.RCP,1,80.82894737,0.14486289,DE_rand/2_fixedF_exp_fixedCR_noLS,38,1000,1,50,60,100,0.1,0.9,FALSE,FALSE,rand/2,exp,random,FALSE,5,0.3,1.5,0.3,1,1,,,,,,,,,,,,,,,,,,,,,,,,,
J30_1.RCP,0,78.03947368,0.14172101,DE_best/1_adaptiveF_bin_adaptiveCR_withLS,38,1000,0,50,60,100,0.1,0.9,TRUE,TRUE,best/1,bin,random,TRUE,5,0.3,1.5,0.3,1,1,,,,,,,,,,,,,,,,,,,,,,,,,
J30_1.RCP,1,81.77631579,0.142132998,DE_best/1_adaptiveF_bin_adaptiveCR_withLS,38,1000,1,50,60,100,0.1,0.9,TRUE,TRUE,best/1,bin,random,TRUE,5,0.3,1.5,0.3,1,1,,,,,,,,,,,,,,,,,,,,,,,,,
J30_1.RCP,0,70.51315789,0.142801046,DE_best/1_adaptiveF_bin_adaptiveCR_noLS,38,1000,0,50,60,100,0.1,0.9,TRUE,TRUE,best/1,bin,random,FALSE,5,0.3,1.5,0.3,1,1,,,,,,,,,,,,,,,,,,,,,,,,,
J30_1.RCP,1,75.46052632,0.140048027,DE_best/1_adaptiveF_bin_adaptiveCR_noLS,38,1000,1,50,60,100,0.1,0.9,TRUE,TRUE,best/1,bin,random,FALSE,5,0.3,1.5,0.3,1,1,,,,,,,,,,,,,,,,,,,,,,,,,
J30_1.RCP,0,71.03947368,0.13948679,DE_best/1_adaptiveF_bin_fixedCR_withLS,38,1000,0,50,60,100,0.1,0.9,TRUE,FALSE,best/1,bin,random,TRUE,5,0.3,1.5,0.3,1,1,,,,,,,,,,,,,,,,,,,,,,,,,
J30_1.RCP,1,66.98684211,0.14187026,DE_best/1_adaptiveF_bin_fixedCR_withLS,38,1000,1,50,60,100,0.1,0.9,TRUE,FALSE,best/1,bin,random,TRUE,5,0.3,1.5,0.3,1,1,,,,,,,,,,,,,,,,,,,,,,,,,
J30_1.RCP,0,67.72368421,0.148179054,DE_best/1_adaptiveF_bin_fixedCR_noLS,38,1000,0,50,60,100,0.1,0.9,TRUE,FALSE,best/1,bin,random,FALSE,5,0.3,1.5,0.3,1,1,,,,,,,,,,,,,,,,,,,,,,,,,
J30_1.RCP,1,68.77631579,0.139784098,DE_best/1_adaptiveF_bin_fixedCR_noLS,38,1000,1,50,60,100,0.1,0.9,TRUE,FALSE,best/1,bin,random,FALSE,5,0.3,1.5,0.3,1,1,,,,,,,,,,,,,,,,,,,,,,,,,
J30_1.RCP,0,81.98684211,0.142947197,DE_best/1_adaptiveF_exp_adaptiveCR_withLS,38,1000,0,50,60,100,0.1,0.9,TRUE,TRUE,best/1,exp,random,TRUE,5,0.3,1.5,0.3,1,1,,,,,,,,,,,,,,,,,,,,,,,,,
J30_1.RCP,1,79.30263158,0.143537998,DE_best/1_adaptiveF_exp_adaptiveCR_withLS,38,1000,1,50,60,100,0.1,0.9,TRUE,TRUE,best/1,exp,random,TRUE,5,0.3,1.5,0.3,1,1,,,,,,,,,,,,,,,,,,,,,,,,,
J30_1.RCP,0,74.46052632,0.141547918,DE_best/1_adaptiveF_exp_adaptiveCR_noLS,38,1000,0,50,60,100,0.1,0.9,TRUE,TRUE,best/1,exp,random,FALSE,5,0.3,1.5,0.3,1,1,,,,,,,,,,,,,,,,,,,,,,,,,
J30_1.RCP,1,75.98684211,0.141592741,DE_best/1_adaptiveF_exp_adaptiveCR_noLS,38,1000,1,50,60,100,0.1,0.9,TRUE,TRUE,best/1,exp,random,FALSE,5,0.3,1.5,0.3,1,1,,,,,,,,,,,,,,,,,,,,,,,,,
J30_1.RCP,0,71.19736842,0.141713858,DE_best/1_adaptiveF_exp_fixedCR_withLS,38,1000,0,50,60,100,0.1,0.9,TRUE,FALSE,best/1,exp,random,TRUE,5,0.3,1.5,0.3,1,1,,,,,,,,,,,,,,,,,,,,,,,,,
J30_1.RCP,1,69.77631579,0.144575119,DE_best/1_adaptiveF_exp_fixedCR_withLS,38,1000,1,50,60,100,0.1,0.9,TRUE,FALSE,best/1,exp,random,TRUE,5,0.3,1.5,0.3,1,1,,,,,,,,,,,,,,,,,,,,,,,,,
J30_1.RCP,0,70.98684211,0.146864891,DE_best/1_adaptiveF_exp_fixedCR_noLS,38,1000,0,50,60,100,0.1,0.9,TRUE,FALSE,best/1,exp,random,FALSE,5,0.3,1.5,0.3,1,1,,,,,,,,,,,,,,,,,,,,,,,,,
J30_1.RCP,1,67.77631579,0.144098759,DE_best/1_adaptiveF_exp_fixedCR_noLS,38,1000,1,50,60,100,0.1,0.9,TRUE,FALSE,best/1,exp,random,FALSE,5,0.3,1.5,0.3,1,1,,,,,,,,,,,,,,,,,,,,,,,,,
J30_1.RCP,0,75.51315789,0.147202015,DE_best/1_fixedF_bin_adaptiveCR_withLS,38,1000,0,50,60,100,0.1,0.9,FALSE,TRUE,best/1,bin,random,TRUE,5,0.3,1.5,0.3,1,1,,,,,,,,,,,,,,,,,,,,,,,,,
J30_1.RCP,1,69.98684211,0.151345968,DE_best/1_fixedF_bin_adaptiveCR_withLS,38,1000,1,50,60,100,0.1,0.9,FALSE,TRUE,best/1,bin,random,TRUE,5,0.3,1.5,0.3,1,1,,,,,,,,,,,,,,,,,,,,,,,,,
J30_1.RCP,0,70.56578947,0.140733957,DE_best/1_fixedF_bin_adaptiveCR_noLS,38,1000,0,50,60,100,0.1,0.9,FALSE,TRUE,best/1,bin,random,FALSE,5,0.3,1.5,0.3,1,1,,,,,,,,,,,,,,,,,,,,,,,,,
J30_1.RCP,1,69.46052632,0.142404079,DE_best/1_fixedF_bin_adaptiveCR_noLS,38,1000,1,50,60,100,0.1,0.9,FALSE,TRUE,best/1,bin,random,FALSE,5,0.3,1.5,0.3,1,1,,,,,,,,,,,,,,,,,,,,,,,,,
J30_1.RCP,0,70.61842105,0.148839235,DE_best/1_fixedF_bin_fixedCR_withLS,38,1000,0,50,60,100,0.1,0.9,FALSE,FALSE,best/1,bin,random,TRUE,5,0.3,1.5,0.3,1,1,,,,,,,,,,,,,,,,,,,,,,,,,
J30_1.RCP,1,68.67105263,0.153906345,DE_best/1_fixedF_bin_fixedCR_withLS,38,1000,1,50,60,100,0.1,0.9,FALSE,FALSE,best/1,bin,random,TRUE,5,0.3,1.5,0.3,1,1,,,,,,,,,,,,,,,,,,,,,,,,,
J30_1.RCP,0,68.82894737,0.144157887,DE_best/1_fixedF_bin_fixedCR_noLS,38,1000,0,50,60,100,0.1,0.9,FALSE,FALSE,best/1,bin,random,FALSE,5,0.3,1.5,0.3,1,1,,,,,,,,,,,,,,,,,,,,,,,,,
J30_1.RCP,1,73.67105263,0.139310122,DE_best/1_fixedF_bin_fixedCR_noLS,38,1000,1,50,60,100,0.1,0.9,FALSE,FALSE,best/1,bin,random,FALSE,5,0.3,1.5,0.3,1,1,,,,,,,,,,,,,,,,,,,,,,,,,
J30_1.RCP,0,78.19736842,0.149764776,DE_best/1_fixedF_exp_adaptiveCR_withLS,38,1000,0,50,60,100,0.1,0.9,FALSE,TRUE,best/1,exp,random,TRUE,5,0.3,1.5,0.3,1,1,,,,,,,,,,,,,,,,,,,,,,,,,
J30_1.RCP,1,71.25,0.151310205,DE_best/1_fixedF_exp_adaptiveCR_withLS,38,1000,1,50,60,100,0.1,0.9,FALSE,TRUE,best/1,exp,random,TRUE,5,0.3,1.5,0.3,1,1,,,,,,,,,,,,,,,,,,,,,,,,,
J30_1.RCP,0,75.72368421,0.143961668,DE_best/1_fixedF_exp_adaptiveCR_noLS,38,1000,0,50,60,100,0.1,0.9,FALSE,TRUE,best/1,exp,random,FALSE,5,0.3,1.5,0.3,1,1,,,,,,,,,,,,,,,,,,,,,,,,,
J30_1.RCP,1,71.03947368,0.148835897,DE_best/1_fixedF_exp_adaptiveCR_noLS,38,1000,1,50,60,100,0.1,0.9,FALSE,TRUE,best/1,exp,random,FALSE,5,0.3,1.5,0.3,1,1,,,,,,,,,,,,,,,,,,,,,,,,,
J30_1.RCP,0,72.56578947,0.146919966,DE_best/1_fixedF_exp_fixedCR_withLS,38,1000,0,50,60,100,0.1,0.9,FALSE,FALSE,best/1,exp,random,TRUE,5,0.3,1.5,0.3,1,1,,,,,,,,,,,,,,,,,,,,,,,,,
J30_1.RCP,1,69.93421053,0.145596981,DE_best/1_fixedF_exp_fixedCR_withLS,38,1000,1,50,60,100,0.1,0.9,FALSE,FALSE,best/1,exp,random,TRUE,5,0.3,1.5,0.3,1,1,,,,,,,,,,,,,,,,,,,,,,,,,
J30_1.RCP,0,70.77631579,0.138592005,DE_best/1_fixedF_exp_fixedCR_noLS,38,1000,0,50,60,100,0.1,0.9,FALSE,FALSE,best/1,exp,random,FALSE,5,0.3,1.5,0.3,1,1,,,,,,,,,,,,,,,,,,,,,,,,,
J30_1.RCP,1,69.61842105,0.142744064,DE_best/1_fixedF_exp_fixedCR_noLS,38,1000,1,50,60,100,0.1,0.9,FALSE,FALSE,best/1,exp,random,FALSE,5,0.3,1.5,0.3,1,1,,,,,,,,,,,,,,,,,,,,,,,,,
J30_1.RCP,0,78.77631579,0.147109985,DE_best/2_adaptiveF_bin_adaptiveCR_withLS,38,1000,0,50,60,100,0.1,0.9,TRUE,TRUE,best/2,bin,random,TRUE,5,0.3,1.5,0.3,1,1,,,,,,,,,,,,,,,,,,,,,,,,,
J30_1.RCP,1,79.09210526,0.151593924,DE_best/2_adaptiveF_bin_adaptiveCR_withLS,38,1000,1,50,60,100,0.1,0.9,TRUE,TRUE,best/2,bin,random,TRUE,5,0.3,1.5,0.3,1,1,,,,,,,,,,,,,,,,,,,,,,,,,
J30_1.RCP,0,76.40789474,0.14316535,DE_best/2_adaptiveF_bin_adaptiveCR_noLS,38,1000,0,50,60,100,0.1,0.9,TRUE,TRUE,best/2,bin,random,FALSE,5,0.3,1.5,0.3,1,1,,,,,,,,,,,,,,,,,,,,,,,,,
J30_1.RCP,1,76.67105263,0.149297953,DE_best/2_adaptiveF_bin_adaptiveCR_noLS,38,1000,1,50,60,100,0.1,0.9,TRUE,TRUE,best/2,bin,random,FALSE,5,0.3,1.5,0.3,1,1,,,,,,,,,,,,,,,,,,,,,,,,,
J30_1.RCP,0,73.51315789,0.14917922,DE_best/2_adaptiveF_bin_fixedCR_withLS,38,1000,0,50,60,100,0.1,0.9,TRUE,FALSE,best/2,bin,random,TRUE,5,0.3,1.5,0.3,1,1,,,,,,,,,,,,,,,,,,,,,,,,,
J30_1.RCP,1,75.25,0.147357941,DE_best/2_adaptiveF_bin_fixedCR_withLS,38,1000,1,50,60,100,0.1,0.9,TRUE,FALSE,best/2,bin,random,TRUE,5,0.3,1.5,0.3,1,1,,,,,,,,,,,,,,,,,,,,,,,,,
J30_1.RCP,0,70.09210526,0.141185045,DE_best/2_adaptiveF_bin_fixedCR_noLS,38,1000,0,50,60,100,0.1,0.9,TRUE,FALSE,best/2,bin,random,FALSE,5,0.3,1.5,0.3,1,1,,,,,,,,,,,,,,,,,,,,,,,,,
J30_1.RCP,1,75.30263158,0.142088175,DE_best/2_adaptiveF_bin_fixedCR_noLS,38,1000,1,50,60,100,0.1,0.9,TRUE,FALSE,best/2,bin,random,FALSE,5,0.3,1.5,0.3,1,1,,,,,,,,,,,,,,,,,,,,,,,,,
J30_1.RCP,0,82.03947368,0.145956039,DE_best/2_adaptiveF_exp_adaptiveCR_withLS,38,1000,0,50,60,100,0.1,0.9,TRUE,TRUE,best/2,exp,random,TRUE,5,0.3,1.5,0.3,1,1,,,,,,,,,,,,,,,,,,,,,,,,,
J30_1.RCP,1,76.88157895,0.14559269,DE_best/2_adaptiveF_exp_adaptiveCR_withLS,38,1000,1,50,60,100,0.1,0.9,TRUE,TRUE,best/2,exp,random,TRUE,5,0.3,1.5,0.3,1,1,,,,,,,,,,,,,,,,,,,,,,,,,
J30_1.RCP,0,74.61842105,0.145077944,DE_best/2_adaptiveF_exp_adaptiveCR_noLS,38,1000,0,50,60,100,0.1,0.9,TRUE,TRUE,best/2,exp,random,FALSE,5,0.3,1.5,0.3,1,1,,,,,,,,,,,,,,,,,,,,,,,,,
J30_1.RCP,1,80.30263158,0.144019365,DE_best/2_adaptiveF_exp_adaptiveCR_noLS,38,1000,1,50,60,100,0.1,0.9,TRUE,TRUE,best/2,exp,random,FALSE,5,0.3,1.5,0.3,1,1,,,,,,,,,,,,,,,,,,,,,,,,,
J30_1.RCP,0,81.09210526,0.144346952,DE_best/2_adaptiveF_exp_fixedCR_withLS,38,1000,0,50,60,100,0.1,0.9,TRUE,FALSE,best/2,exp,random,TRUE,5,0.3,1.5,0.3,1,1,,,,,,,,,,,,,,,,,,,,,,,,,
J30_1.RCP,1,65.61842105,0.144785166,DE_best/2_adaptiveF_exp_fixedCR_withLS,38,1000,1,50,60,100,0.1,0.9,TRUE,FALSE,best/2,exp,random,TRUE,5,0.3,1.5,0.3,1,1,,,,,,,,,,,,,,,,,,,,,,,,,
J30_1.RCP,0,68.46052632,0.142340899,DE_best/2_adaptiveF_exp_fixedCR_noLS,38,1000,0,50,60,100,0.1,0.9,TRUE,FALSE,best/2,exp,random,FALSE,5,0.3,1.5,0.3,1,1,,,,,,,,,,,,,,,,,,,,,,,,,
J30_1.RCP,1,67.46052632,0.145301104,DE_best/2_adaptiveF_exp_fixedCR_noLS,38,1000,1,50,60,100,0.1,0.9,TRUE,FALSE,best/2,exp,random,FALSE,5,0.3,1.5,0.3,1,1,,,,,,,,,,,,,,,,,,,,,,,,,
J30_1.RCP,0,72.72368421,0.152053118,DE_best/2_fixedF_bin_adaptiveCR_withLS,38,1000,0,50,60,100,0.1,0.9,FALSE,TRUE,best/2,bin,random,TRUE,5,0.3,1.5,0.3,1,1,,,,,,,,,,,,,,,,,,,,,,,,,
J30_1.RCP,1,78.77631579,0.155079126,DE_best/2_fixedF_bin_adaptiveCR_withLS,38,1000,1,50,60,100,0.1,0.9,FALSE,TRUE,best/2,bin,random,TRUE,5,0.3,1.5,0.3,1,1,,,,,,,,,,,,,,,,,,,,,,,,,
J30_1.RCP,0,68.88157895,0.25535202,DE_best/2_fixedF_bin_adaptiveCR_noLS,38,1000,0,50,60,100,0.1,0.9,FALSE,TRUE,best/2,bin,random,FALSE,5,0.3,1.5,0.3,1,1,,,,,,,,,,,,,,,,,,,,,,,,,
J30_1.RCP,1,75.35526316,0.151335716,DE_best/2_fixedF_bin_adaptiveCR_noLS,38,1000,1,50,60,100,0.1,0.9,FALSE,TRUE,best/2,bin,random,FALSE,5,0.3,1.5,0.3,1,1,,,,,,,,,,,,,,,,,,,,,,,,,
J30_1.RCP,0,71.30263158,0.148216963,DE_best/2_fixedF_bin_fixedCR_withLS,38,1000,0,50,60,100,0.1,0.9,FALSE,FALSE,best/2,bin,random,TRUE,5,0.3,1.5,0.3,1,1,,,,,,,,,,,,,,,,,,,,,,,,,
J30_1.RCP,1,69.03947368,0.147126913,DE_best/2_fixedF_bin_fixedCR_withLS,38,1000,1,50,60,100,0.1,0.9,FALSE,FALSE,best/2,bin,random,TRUE,5,0.3,1.5,0.3,1,1,,,,,,,,,,,,,,,,,,,,,,,,,
J30_1.RCP,0,67.35526316,0.146311998,DE_best/2_fixedF_bin_fixedCR_noLS,38,1000,0,50,60,100,0.1,0.9,FALSE,FALSE,best/2,bin,random,FALSE,5,0.3,1.5,0.3,1,1,,,,,,,,,,,,,,,,,,,,,,,,,
J30_1.RCP,1,68.19736842,0.149805069,DE_best/2_fixedF_bin_fixedCR_noLS,38,1000,1,50,60,100,0.1,0.9,FALSE,FALSE,best/2,bin,random,FALSE,5,0.3,1.5,0.3,1,1,,,,,,,,,,,,,,,,,,,,,,,,,
J30_1.RCP,0,76.40789474,0.157447815,DE_best/2_fixedF_exp_adaptiveCR_withLS,38,1000,0,50,60,100,0.1,0.9,FALSE,TRUE,best/2,exp,random,TRUE,5,0.3,1.5,0.3,1,1,,,,,,,,,,,,,,,,,,,,,,,,,
J30_1.RCP,1,75.72368421,0.158725023,DE_best/2_fixedF_exp_adaptiveCR_withLS,38,1000,1,50,60,100,0.1,0.9,FALSE,TRUE,best/2,exp,random,TRUE,5,0.3,1.5,0.3,1,1,,,,,,,,,,,,,,,,,,,,,,,,,
J30_1.RCP,0,69.19736842,0.149571896,DE_best/2_fixedF_exp_adaptiveCR_noLS,38,1000,0,50,60,100,0.1,0.9,FALSE,TRUE,best/2,exp,random,FALSE,5,0.3,1.5,0.3,1,1,,,,,,,,,,,,,,,,,,,,,,,,,
J30_1.RCP,1,71.40789474,0.151698112,DE_best/2_fixedF_exp_adaptiveCR_noLS,38,1000,1,50,60,100,0.1,0.9,FALSE,TRUE,best/2,exp,random,FALSE,5,0.3,1.5,0.3,1,1,,,,,,,,,,,,,,,,,,,,,,,,,
J30_1.RCP,0,71.72368421,0.147151947,DE_best/2_fixedF_exp_fixedCR_withLS,38,1000,0,50,60,100,0.1,0.9,FALSE,FALSE,best/2,exp,random,TRUE,5,0.3,1.5,0.3,1,1,,,,,,,,,,,,,,,,,,,,,,,,,
J30_1.RCP,1,65.93421053,0.149809122,DE_best/2_fixedF_exp_fixedCR_withLS,38,1000,1,50,60,100,0.1,0.9,FALSE,FALSE,best/2,exp,random,TRUE,5,0.3,1.5,0.3,1,1,,,,,,,,,,,,,,,,,,,,,,,,,
J30_1.RCP,0,68.14473684,0.144309998,DE_best/2_fixedF_exp_fixedCR_noLS,38,1000,0,50,60,100,0.1,0.9,FALSE,FALSE,best/2,exp,random,FALSE,5,0.3,1.5,0.3,1,1,,,,,,,,,,,,,,,,,,,,,,,,,
J30_1.RCP,1,61.88157895,0.14475894,DE_best/2_fixedF_exp_fixedCR_noLS,38,1000,1,50,60,100,0.1,0.9,FALSE,FALSE,best/2,exp,random,FALSE,5,0.3,1.5,0.3,1,1,,,,,,,,,,,,,,,,,,,,,,,,,
J30_1.RCP,0,81.82894737,0.147711992,DE_adaptive_bin_adaptiveCR_withLS,38,1000,0,50,60,100,0.1,0.9,TRUE,TRUE,adaptive,bin,random,TRUE,5,0.3,1.5,0.3,1,1,,,,,,,,,,,,,,,,,,,,,,,,,
J30_1.RCP,1,79.46052632,0.143003941,DE_adaptive_bin_adaptiveCR_withLS,38,1000,1,50,60,100,0.1,0.9,TRUE,TRUE,adaptive,bin,random,TRUE,5,0.3,1.5,0.3,1,1,,,,,,,,,,,,,,,,,,,,,,,,,
J30_1.RCP,0,84.03947368,0.141422987,DE_adaptive_bin_adaptiveCR_noLS,38,1000,0,50,60,100,0.1,0.9,TRUE,TRUE,adaptive,bin,random,FALSE,5,0.3,1.5,0.3,1,1,,,,,,,,,,,,,,,,,,,,,,,,,
J30_1.RCP,1,77.25,0.144126892,DE_adaptive_bin_adaptiveCR_noLS,38,1000,1,50,60,100,0.1,0.9,TRUE,TRUE,adaptive,bin,random,FALSE,5,0.3,1.5,0.3,1,1,,,,,,,,,,,,,,,,,,,,,,,,,
J30_1.RCP,0,79.35526316,0.142656088,DE_adaptive_bin_fixedCR_withLS,38,1000,0,50,60,100,0.1,0.9,TRUE,FALSE,adaptive,bin,random,TRUE,5,0.3,1.5,0.3,1,1,,,,,,,,,,,,,,,,,,,,,,,,,
J30_1.RCP,1,78.72368421,0.144049883,DE_adaptive_bin_fixedCR_withLS,38,1000,1,50,60,100,0.1,0.9,TRUE,FALSE,adaptive,bin,random,TRUE,5,0.3,1.5,0.3,1,1,,,,,,,,,,,,,,,,,,,,,,,,,
J30_1.RCP,0,76.82894737,0.141949892,DE_adaptive_bin_fixedCR_noLS,38,1000,0,50,60,100,0.1,0.9,TRUE,FALSE,adaptive,bin,random,FALSE,5,0.3,1.5,0.3,1,1,,,,,,,,,,,,,,,,,,,,,,,,,
J30_1.RCP,1,68.98684211,0.137737036,DE_adaptive_bin_fixedCR_noLS,38,1000,1,50,60,100,0.1,0.9,TRUE,FALSE,adaptive,bin,random,FALSE,5,0.3,1.5,0.3,1,1,,,,,,,,,,,,,,,,,,,,,,,,,
J30_1.RCP,0,81.25,0.142868042,DE_adaptive_exp_adaptiveCR_withLS,38,1000,0,50,60,100,0.1,0.9,TRUE,TRUE,adaptive,exp,random,TRUE,5,0.3,1.5,0.3,1,1,,,,,,,,,,,,,,,,,,,,,,,,,
J30_1.RCP,1,79.09210526,0.14222002,DE_adaptive_exp_adaptiveCR_withLS,38,1000,1,50,60,100,0.1,0.9,TRUE,TRUE,adaptive,exp,random,TRUE,5,0.3,1.5,0.3,1,1,,,,,,,,,,,,,,,,,,,,,,,,,
J30_1.RCP,0,80.98684211,0.142952204,DE_adaptive_exp_adaptiveCR_noLS,38,1000,0,50,60,100,0.1,0.9,TRUE,TRUE,adaptive,exp,random,FALSE,5,0.3,1.5,0.3,1,1,,,,,,,,,,,,,,,,,,,,,,,,,
J30_1.RCP,1,77.35526316,0.141114235,DE_adaptive_exp_adaptiveCR_noLS,38,1000,1,50,60,100,0.1,0.9,TRUE,TRUE,adaptive,exp,random,FALSE,5,0.3,1.5,0.3,1,1,,,,,,,,,,,,,,,,,,,,,,,,,
J30_1.RCP,0,80.14473684,0.141792059,DE_adaptive_exp_fixedCR_withLS,38,1000,0,50,60,100,0.1,0.9,TRUE,FALSE,adaptive,exp,random,TRUE,5,0.3,1.5,0.3,1,1,,,,,,,,,,,,,,,,,,,,,,,,,
J30_1.RCP,1,73.88157895,0.147526264,DE_adaptive_exp_fixedCR_withLS,38,1000,1,50,60,100,0.1,0.9,TRUE,FALSE,adaptive,exp,random,TRUE,5,0.3,1.5,0.3,1,1,,,,,,,,,,,,,,,,,,,,,,,,,
J30_1.RCP,0,74.93421053,0.141652822,DE_adaptive_exp_fixedCR_noLS,38,1000,0,50,60,100,0.1,0.9,TRUE,FALSE,adaptive,exp,random,FALSE,5,0.3,1.5,0.3,1,1,,,,,,,,,,,,,,,,,,,,,,,,,
J30_1.RCP,1,75.40789474,0.146349907,DE_adaptive_exp_fixedCR_noLS,38,1000,1,50,60,100,0.1,0.9,TRUE,FALSE,adaptive,exp,random,FALSE,5,0.3,1.5,0.3,1,1,,,,,,,,,,,,,,,,,,,,,,,,,
J30_1.RCP,0,81.40789474,0.141861916,DE_current-to-rand/2_bin_adaptiveCR_withLS,38,1000,0,50,60,100,0.1,0.9,FALSE,TRUE,current-to-rand/2,bin,random,TRUE,5,0.3,1.5,0.3,1,1,,,,,,,,,,,,,,,,,,,,,,,,,
J30_1.RCP,1,83.93421053,0.14606905,DE_current-to-rand/2_bin_adaptiveCR_withLS,38,1000,1,50,60,100,0.1,0.9,FALSE,TRUE,current-to-rand/2,bin,random,TRUE,5,0.3,1.5,0.3,1,1,,,,,,,,,,,,,,,,,,,,,,,,,
J30_1.RCP,0,77.30263158,0.140786886,DE_current-to-rand/2_bin_adaptiveCR_noLS,38,1000,0,50,60,100,0.1,0.9,FALSE,TRUE,current-to-rand/2,bin,random,FALSE,5,0.3,1.5,0.3,1,1,,,,,,,,,,,,,,,,,,,,,,,,,
J30_1.RCP,1,76.93421053,0.143714666,DE_current-to-rand/2_bin_adaptiveCR_noLS,38,1000,1,50,60,100,0.1,0.9,FALSE,TRUE,current-to-rand/2,bin,random,FALSE,5,0.3,1.5,0.3,1,1,,,,,,,,,,,,,,,,,,,,,,,,,
J30_1.RCP,0,79.46052632,0.141997099,DE_current-to-rand/2_bin_fixedCR_withLS,38,1000,0,50,60,100,0.1,0.9,FALSE,FALSE,current-to-rand/2,bin,random,TRUE,5,0.3,1.5,0.3,1,1,,,,,,,,,,,,,,,,,,,,,,,,,
J30_1.RCP,1,80.82894737,0.141831875,DE_current-to-rand/2_bin_fixedCR_withLS,38,1000,1,50,60,100,0.1,0.9,FALSE,FALSE,current-to-rand/2,bin,random,TRUE,5,0.3,1.5,0.3,1,1,,,,,,,,,,,,,,,,,,,,,,,,,
J30_1.RCP,0,81.25,0.140470028,DE_current-to-rand/2_bin_fixedCR_noLS,38,1000,0,50,60,100,0.1,0.9,FALSE,FALSE,current-to-rand/2,bin,random,FALSE,5,0.3,1.5,0.3,1,1,,,,,,,,,,,,,,,,,,,,,,,,,
J30_1.RCP,1,70.88157895,0.139386892,DE_current-to-rand/2_bin_fixedCR_noLS,38,1000,1,50,60,100,0.1,0.9,FALSE,FALSE,current-to-rand/2,bin,random,FALSE,5,0.3,1.5,0.3,1,1,,,,,,,,,,,,,,,,,,,,,,,,,
J30_1.RCP,0,81.88157895,0.150413036,DE_current-to-rand/2_exp_adaptiveCR_withLS,38,1000,0,50,60,100,0.1,0.9,FALSE,TRUE,current-to-rand/2,exp,random,TRUE,5,0.3,1.5,0.3,1,1,,,,,,,,,,,,,,,,,,,,,,,,,
J30_1.RCP,1,75.98684211,0.14935112,DE_current-to-rand/2_exp_adaptiveCR_withLS,38,1000,1,50,60,100,0.1,0.9,FALSE,TRUE,current-to-rand/2,exp,random,TRUE,5,0.3,1.5,0.3,1,1,,,,,,,,,,,,,,,,,,,,,,,,,
J30_1.RCP,0,74.72368421,0.141400099,DE_current-to-rand/2_exp_adaptiveCR_noLS,38,1000,0,50,60,100,0.1,0.9,FALSE,TRUE,current-to-rand/2,exp,random,FALSE,5,0.3,1.5,0.3,1,1,,,,,,,,,,,,,,,,,,,,,,,,,
J30_1.RCP,1,74.56578947,0.146245003,DE_current-to-rand/2_exp_adaptiveCR_noLS,38,1000,1,50,60,100,0.1,0.9,FALSE,TRUE,current-to-rand/2,exp,random,FALSE,5,0.3,1.5,0.3,1,1,,,,,,,,,,,,,,,,,,,,,,,,,
J30_1.RCP,0,78.30263158,0.143245935,DE_current-to-rand/2_exp_fixedCR_withLS,38,1000,0,50,60,100,0.1,0.9,FALSE,FALSE,current-to-rand/2,exp,random,TRUE,5,0.3,1.5,0.3,1,1,,,,,,,,,,,,,,,,,,,,,,,,,
J30_1.RCP,1,73.61842105,0.145583153,DE_current-to-rand/2_exp_fixedCR_withLS,38,1000,1,50,60,100,0.1,0.9,FALSE,FALSE,current-to-rand/2,exp,random,TRUE,5,0.3,1.5,0.3,1,1,,,,,,,,,,,,,,,,,,,,,,,,,
J30_1.RCP,0,76.82894737,0.140940905,DE_current-to-rand/2_exp_fixedCR_noLS,38,1000,0,50,60,100,0.1,0.9,FALSE,FALSE,current-to-rand/2,exp,random,FALSE,5,0.3,1.5,0.3,1,1,,,,,,,,,,,,,,,,,,,,,,,,,
J30_1.RCP,1,76.46052632,0.144371748,DE_current-to-rand/2_exp_fixedCR_noLS,38,1000,1,50,60,100,0.1,0.9,FALSE,FALSE,current-to-rand/2,exp,random,FALSE,5,0.3,1.5,0.3,1,1,,,,,,,,,,,,,,,,,,,,,,,,,
J30_1.RCP,0,90.51315789,0.126231909,GA_roulette_single_point_random_random_withLS_withNeighborhood,38,1000,0,50,60,,,,,,random,single_point,random,TRUE,,,,,,,0.9,0.1,roulette,3,TRUE,FALSE,0.5,0.1,0.35,5,2,,,,,,,,,,,,,,
J30_1.RCP,1,76.35526316,0.126214981,GA_roulette_single_point_random_random_withLS_withNeighborhood,38,1000,1,50,60,,,,,,random,single_point,random,TRUE,,,,,,,0.9,0.1,roulette,3,TRUE,FALSE,0.5,0.1,0.35,5,2,,,,,,,,,,,,,,
J30_1.RCP,0,90.51315789,0.12874198,GA_roulette_single_point_random_random_withLS_noNeighborhood,38,1000,0,50,60,,,,,,random,single_point,random,TRUE,,,,,,,0.9,0.1,roulette,3,TRUE,FALSE,0.5,0.1,0.35,5,0,,,,,,,,,,,,,,
J30_1.RCP,1,76.35526316,0.132243872,GA_roulette_single_point_random_random_withLS_noNeighborhood,38,1000,1,50,60,,,,,,random,single_point,random,TRUE,,,,,,,0.9,0.1,roulette,3,TRUE,FALSE,0.5,0.1,0.35,5,0,,,,,,,,,,,,,,
J30_1.RCP,0,86.46052632,0.184507132,GA_roulette_single_point_random_random_noLS_withNeighborhood,38,1000,0,50,60,,,,,,random,single_point,random,FALSE,,,,,,,0.9,0.1,roulette,3,TRUE,FALSE,0.5,0.1,0.35,5,2,,,,,,,,,,,,,,
J30_1.RCP,1,76.35526316,0.187738895,GA_roulette_single_point_random_random_noLS_withNeighborhood,38,1000,1,50,60,,,,,,random,single_point,random,FALSE,,,,,,,0.9,0.1,roulette,3,TRUE,FALSE,0.5,0.1,0.35,5,2,,,,,,,,,,,,,,
J30_1.RCP,0,86.46052632,0.185716867,GA_roulette_single_point_random_random_noLS_noNeighborhood,38,1000,0,50,60,,,,,,random,single_point,random,FALSE,,,,,,,0.9,0.1,roulette,3,TRUE,FALSE,0.5,0.1,0.35,5,0,,,,,,,,,,,,,,
J30_1.RCP,1,76.35526316,0.181879044,GA_roulette_single_point_random_random_noLS_noNeighborhood,38,1000,1,50,60,,,,,,random,single_point,random,FALSE,,,,,,,0.9,0.1,roulette,3,TRUE,FALSE,0.5,0.1,0.35,5,0,,,,,,,,,,,,,,
J30_1.RCP,0,97.56578947,0.127643824,GA_roulette_single_point_random_heuristic_withLS_withNeighborhood,38,1000,0,50,60,,,,,,random,single_point,heuristic,TRUE,,,,,,,0.9,0.1,roulette,3,TRUE,FALSE,0.5,0.1,0.35,5,2,,,,,,,,,,,,,,
J30_1.RCP,1,95.77631579,0.126906872,GA_roulette_single_point_random_heuristic_withLS_withNeighborhood,38,1000,1,50,60,,,,,,random,single_point,heuristic,TRUE,,,,,,,0.9,0.1,roulette,3,TRUE,FALSE,0.5,0.1,0.35,5,2,,,,,,,,,,,,,,
J30_1.RCP,0,97.56578947,0.125887871,GA_roulette_single_point_random_heuristic_withLS_noNeighborhood,38,1000,0,50,60,,,,,,random,single_point,heuristic,TRUE,,,,,,,0.9,0.1,roulette,3,TRUE,FALSE,0.5,0.1,0.35,5,0,,,,,,,,,,,,,,
J30_1.RCP,1,95.77631579,0.125213861,GA_roulette_single_point_random_heuristic_withLS_noNeighborhood,38,1000,1,50,60,,,,,,random,single_point,heuristic,TRUE,,,,,,,0.9,0.1,roulette,3,TRUE,FALSE,0.5,0.1,0.35,5,0,,,,,,,,,,,,,,
J30_1.RCP,0,86.61842105,0.180696964,GA_roulette_single_point_random_heuristic_noLS_withNeighborhood,38,1000,0,50,60,,,,,,random,single_point,heuristic,FALSE,,,,,,,0.9,0.1,roulette,3,TRUE,FALSE,0.5,0.1,0.35,5,2,,,,,,,,,,,,,,
J30_1.RCP,1,84.82894737,0.1805439,GA_roulette_single_point_random_heuristic_noLS_withNeighborhood,38,1000,1,50,60,,,,,,random,single_point,heuristic,FALSE,,,,,,,0.9,0.1,roulette,3,TRUE,FALSE,0.5,0.1,0.35,5,2,,,,,,,,,,,,,,
J30_1.RCP,0,86.61842105,0.183964968,GA_roulette_single_point_random_heuristic_noLS_noNeighborhood,38,1000,0,50,60,,,,,,random,single_point,heuristic,FALSE,,,,,,,0.9,0.1,roulette,3,TRUE,FALSE,0.5,0.1,0.35,5,0,,,,,,,,,,,,,,
J30_1.RCP,1,84.82894737,0.184463263,GA_roulette_single_point_random_heuristic_noLS_noNeighborhood,38,1000,1,50,60,,,,,,random,single_point,heuristic,FALSE,,,,,,,0.9,0.1,roulette,3,TRUE,FALSE,0.5,0.1,0.35,5,0,,,,,,,,,,,,,,
J30_1.RCP,0,84.14473684,0.131627083,GA_roulette_single_point_adaptive_random_withLS_withNeighborhood,38,1000,0,50,60,,,,,,adaptive,single_point,random,TRUE,,,,,,,0.9,0.1,roulette,3,TRUE,FALSE,0.5,0.1,0.35,5,2,,,,,,,,,,,,,,
J30_1.RCP,1,91.30263158,0.128159046,GA_roulette_single_point_adaptive_random_withLS_withNeighborhood,38,1000,1,50,60,,,,,,adaptive,single_point,random,TRUE,,,,,,,0.9,0.1,roulette,3,TRUE,FALSE,0.5,0.1,0.35,5,2,,,,,,,,,,,,,,
J30_1.RCP,0,84.14473684,0.127918243,GA_roulette_single_point_adaptive_random_withLS_noNeighborhood,38,1000,0,50,60,,,,,,adaptive,single_point,random,TRUE,,,,,,,0.9,0.1,roulette,3,TRUE,FALSE,0.5,0.1,0.35,5,0,,,,,,,,,,,,,,
J30_1.RCP,1,91.30263158,0.132101774,GA_roulette_single_point_adaptive_random_withLS_noNeighborhood,38,1000,1,50,60,,,,,,adaptive,single_point,random,TRUE,,,,,,,0.9,0.1,roulette,3,TRUE,FALSE,0.5,0.1,0.35,5,0,,,,,,,,,,,,,,
J30_1.RCP,0,78.93421053,0.194547176,GA_roulette_single_point_adaptive_random_noLS_withNeighborhood,38,1000,0,50,60,,,,,,adaptive,single_point,random,FALSE,,,,,,,0.9,0.1,roulette,3,TRUE,FALSE,0.5,0.1,0.35,5,2,,,,,,,,,,,,,,
J30_1.RCP,1,86.61842105,0.194933891,GA_roulette_single_point_adaptive_random_noLS_withNeighborhood,38,1000,1,50,60,,,,,,adaptive,single_point,random,FALSE,,,,,,,0.9,0.1,roulette,3,TRUE,FALSE,0.5,0.1,0.35,5,2,,,,,,,,,,,,,,
J30_1.RCP,0,78.93421053,0.19781208,GA_roulette_single_point_adaptive_random_noLS_noNeighborhood,38,1000,0,50,60,,,,,,adaptive,single_point,random,FALSE,,,,,,,0.9,0.1,roulette,3,TRUE,FALSE,0.5,0.1,0.35,5,0,,,,,,,,,,,,,,
J30_1.RCP,1,86.61842105,0.360707045,GA_roulette_single_point_adaptive_random_noLS_noNeighborhood,38,1000,1,50,60,,,,,,adaptive,single_point,random,FALSE,,,,,,,0.9,0.1,roulette,3,TRUE,FALSE,0.5,0.1,0.35,5,0,,,,,,,,,,,,,,
J30_1.RCP,0,93.77631579,0.160475016,GA_roulette_single_point_adaptive_heuristic_withLS_withNeighborhood,38,1000,0,50,60,,,,,,adaptive,single_point,heuristic,TRUE,,,,,,,0.9,0.1,roulette,3,TRUE,FALSE,0.5,0.1,0.35,5,2,,,,,,,,,,,,,,
J30_1.RCP,1,90.98684211,0.130720139,GA_roulette_single_point_adaptive_heuristic_withLS_withNeighborhood,38,1000,1,50,60,,,,,,adaptive,single_point,heuristic,TRUE,,,,,,,0.9,0.1,roulette,3,TRUE,FALSE,0.5,0.1,0.35,5,2,,,,,,,,,,,,,,
J30_1.RCP,0,93.77631579,0.131923914,GA_roulette_single_point_adaptive_heuristic_withLS_noNeighborhood,38,1000,0,50,60,,,,,,adaptive,single_point,heuristic,TRUE,,,,,,,0.9,0.1,roulette,3,TRUE,FALSE,0.5,0.1,0.35,5,0,,,,,,,,,,,,,,
J30_1.RCP,1,90.98684211,0.131887197,GA_roulette_single_point_adaptive_heuristic_withLS_noNeighborhood,38,1000,1,50,60,,,,,,adaptive,single_point,heuristic,TRUE,,,,,,,0.9,0.1,roulette,3,TRUE,FALSE,0.5,0.1,0.35,5,0,,,,,,,,,,,,,,
J30_1.RCP,0,92.14473684,0.201669931,GA_roulette_single_point_adaptive_heuristic_noLS_withNeighborhood,38,1000,0,50,60,,,,,,adaptive,single_point,heuristic,FALSE,,,,,,,0.9,0.1,roulette,3,TRUE,FALSE,0.5,0.1,0.35,5,2,,,,,,,,,,,,,,
J30_1.RCP,1,90.98684211,0.193931103,GA_roulette_single_point_adaptive_heuristic_noLS_withNeighborhood,38,1000,1,50,60,,,,,,adaptive,single_point,heuristic,FALSE,,,,,,,0.9,0.1,roulette,3,TRUE,FALSE,0.5,0.1,0.35,5,2,,,,,,,,,,,,,,
J30_1.RCP,0,92.14473684,0.201032877,GA_roulette_single_point_adaptive_heuristic_noLS_noNeighborhood,38,1000,0,50,60,,,,,,adaptive,single_point,heuristic,FALSE,,,,,,,0.9,0.1,roulette,3,TRUE,FALSE,0.5,0.1,0.35,5,0,,,,,,,,,,,,,,
J30_1.RCP,1,90.98684211,0.198065042,GA_roulette_single_point_adaptive_heuristic_noLS_noNeighborhood,38,1000,1,50,60,,,,,,adaptive,single_point,heuristic,FALSE,,,,,,,0.9,0.1,roulette,3,TRUE,FALSE,0.5,0.1,0.35,5,0,,,,,,,,,,,,,,
J30_1.RCP,0,83.14473684,0.131393909,GA_roulette_two_point_random_random_withLS_withNeighborhood,38,1000,0,50,60,,,,,,random,two_point,random,TRUE,,,,,,,0.9,0.1,roulette,3,TRUE,FALSE,0.5,0.1,0.35,5,2,,,,,,,,,,,,,,
J30_1.RCP,1,92.09210526,0.294571161,GA_roulette_two_point_random_random_withLS_withNeighborhood,38,1000,1,50,60,,,,,,random,two_point,random,TRUE,,,,,,,0.9,0.1,roulette,3,TRUE,FALSE,0.5,0.1,0.35,5,2,,,,,,,,,,,,,,
J30_1.RCP,0,83.14473684,0.165830135,GA_roulette_two_point_random_random_withLS_noNeighborhood,38,1000,0,50,60,,,,,,random,two_point,random,TRUE,,,,,,,0.9,0.1,roulette,3,TRUE,FALSE,0.5,0.1,0.35,5,0,,,,,,,,,,,,,,
J30_1.RCP,1,92.09210526,0.129623175,GA_roulette_two_point_random_random_withLS_noNeighborhood,38,1000,1,50,60,,,,,,random,two_point,random,TRUE,,,,,,,0.9,0.1,roulette,3,TRUE,FALSE,0.5,0.1,0.35,5,0,,,,,,,,,,,,,,
J30_1.RCP,0,80.82894737,0.197129011,GA_roulette_two_point_random_random_noLS_withNeighborhood,38,1000,0,50,60,,,,,,random,two_point,random,FALSE,,,,,,,0.9,0.1,roulette,3,TRUE,FALSE,0.5,0.1,0.35,5,2,,,,,,,,,,,,,,
J30_1.RCP,1,92.09210526,0.204015017,GA_roulette_two_point_random_random_noLS_withNeighborhood,38,1000,1,50,60,,,,,,random,two_point,random,FALSE,,,,,,,0.9,0.1,roulette,3,TRUE,FALSE,0.5,0.1,0.35,5,2,,,,,,,,,,,,,,
J30_1.RCP,0,80.82894737,0.186949015,GA_roulette_two_point_random_random_noLS_noNeighborhood,38,1000,0,50,60,,,,,,random,two_point,random,FALSE,,,,,,,0.9,0.1,roulette,3,TRUE,FALSE,0.5,0.1,0.35,5,0,,,,,,,,,,,,,,
J30_1.RCP,1,92.09210526,0.185188055,GA_roulette_two_point_random_random_noLS_noNeighborhood,38,1000,1,50,60,,,,,,random,two_point,random,FALSE,,,,,,,0.9,0.1,roulette,3,TRUE,FALSE,0.5,0.1,0.35,5,0,,,,,,,,,,,,,,
J30_1.RCP,0,95.46052632,0.126924992,GA_roulette_two_point_random_heuristic_withLS_withNeighborhood,38,1000,0,50,60,,,,,,random,two_point,heuristic,TRUE,,,,,,,0.9,0.1,roulette,3,TRUE,FALSE,0.5,0.1,0.35,5,2,,,,,,,,,,,,,,
J30_1.RCP,1,86.72368421,0.126384974,GA_roulette_two_point_random_heuristic_withLS_withNeighborhood,38,1000,1,50,60,,,,,,random,two_point,heuristic,TRUE,,,,,,,0.9,0.1,roulette,3,TRUE,FALSE,0.5,0.1,0.35,5,2,,,,,,,,,,,,,,
J30_1.RCP,0,95.46052632,0.129560947,GA_roulette_two_point_random_heuristic_withLS_noNeighborhood,38,1000,0,50,60,,,,,,random,two_point,heuristic,TRUE,,,,,,,0.9,0.1,roulette,3,TRUE,FALSE,0.5,0.1,0.35,5,0,,,,,,,,,,,,,,
J30_1.RCP,1,86.72368421,0.126174927,GA_roulette_two_point_random_heuristic_withLS_noNeighborhood,38,1000,1,50,60,,,,,,random,two_point,heuristic,TRUE,,,,,,,0.9,0.1,roulette,3,TRUE,FALSE,0.5,0.1,0.35,5,0,,,,,,,,,,,,,,
J30_1.RCP,0,81.40789474,0.183789015,GA_roulette_two_point_random_heuristic_noLS_withNeighborhood,38,1000,0,50,60,,,,,,random,two_point,heuristic,FALSE,,,,,,,0.9,0.1,roulette,3,TRUE,FALSE,0.5,0.1,0.35,5,2,,,,,,,,,,,,,,
J30_1.RCP,1,84.82894737,0.186303139,GA_roulette_two_point_random_heuristic_noLS_withNeighborhood,38,1000,1,50,60,,,,,,random,two_point,heuristic,FALSE,,,,,,,0.9,0.1,roulette,3,TRUE,FALSE,0.5,0.1,0.35,5,2,,,,,,,,,,,,,,
J30_1.RCP,0,81.40789474,0.183050156,GA_roulette_two_point_random_heuristic_noLS_noNeighborhood,38,1000,0,50,60,,,,,,random,two_point,heuristic,FALSE,,,,,,,0.9,0.1,roulette,3,TRUE,FALSE,0.5,0.1,0.35,5,0,,,,,,,,,,,,,,
J30_1.RCP,1,84.82894737,0.188572884,GA_roulette_two_point_random_heuristic_noLS_noNeighborhood,38,1000,1,50,60,,,,,,random,two_point,heuristic,FALSE,,,,,,,0.9,0.1,roulette,3,TRUE,FALSE,0.5,0.1,0.35,5,0,,,,,,,,,,,,,,
J30_1.RCP,0,88.72368421,0.129012823,GA_roulette_two_point_adaptive_random_withLS_withNeighborhood,38,1000,0,50,60,,,,,,adaptive,two_point,random,TRUE,,,,,,,0.9,0.1,roulette,3,TRUE,FALSE,0.5,0.1,0.35,5,2,,,,,,,,,,,,,,
J30_1.RCP,1,87.72368421,0.129291058,GA_roulette_two_point_adaptive_random_withLS_withNeighborhood,38,1000,1,50,60,,,,,,adaptive,two_point,random,TRUE,,,,,,,0.9,0.1,roulette,3,TRUE,FALSE,0.5,0.1,0.35,5,2,,,,,,,,,,,,,,
J30_1.RCP,0,88.72368421,0.127989054,GA_roulette_two_point_adaptive_random_withLS_noNeighborhood,38,1000,0,50,60,,,,,,adaptive,two_point,random,TRUE,,,,,,,0.9,0.1,roulette,3,TRUE,FALSE,0.5,0.1,0.35,5,0,,,,,,,,,,,,,,
J30_1.RCP,1,87.72368421,0.128479004,GA_roulette_two_point_adaptive_random_withLS_noNeighborhood,38,1000,1,50,60,,,,,,adaptive,two_point,random,TRUE,,,,,,,0.9,0.1,roulette,3,TRUE,FALSE,0.5,0.1,0.35,5,0,,,,,,,,,,,,,,
J30_1.RCP,0,85.67105263,0.194710016,GA_roulette_two_point_adaptive_random_noLS_withNeighborhood,38,1000,0,50,60,,,,,,adaptive,two_point,random,FALSE,,,,,,,0.9,0.1,roulette,3,TRUE,FALSE,0.5,0.1,0.35,5,2,,,,,,,,,,,,,,
J30_1.RCP,1,83.35526316,0.202951193,GA_roulette_two_point_adaptive_random_noLS_withNeighborhood,38,1000,1,50,60,,,,,,adaptive,two_point,random,FALSE,,,,,,,0.9,0.1,roulette,3,TRUE,FALSE,0.5,0.1,0.35,5,2,,,,,,,,,,,,,,
J30_1.RCP,0,85.67105263,0.193380117,GA_roulette_two_point_adaptive_random_noLS_noNeighborhood,38,1000,0,50,60,,,,,,adaptive,two_point,random,FALSE,,,,,,,0.9,0.1,roulette,3,TRUE,FALSE,0.5,0.1,0.35,5,0,,,,,,,,,,,,,,
J30_1.RCP,1,83.35526316,0.195320129,GA_roulette_two_point_adaptive_random_noLS_noNeighborhood,38,1000,1,50,60,,,,,,adaptive,two_point,random,FALSE,,,,,,,0.9,0.1,roulette,3,TRUE,FALSE,0.5,0.1,0.35,5,0,,,,,,,,,,,,,,
J30_1.RCP,0,89.03947368,0.130673885,GA_roulette_two_point_adaptive_heuristic_withLS_withNeighborhood,38,1000,0,50,60,,,,,,adaptive,two_point,heuristic,TRUE,,,,,,,0.9,0.1,roulette,3,TRUE,FALSE,0.5,0.1,0.35,5,2,,,,,,,,,,,,,,
J30_1.RCP,1,93.67105263,0.282391071,GA_roulette_two_point_adaptive_heuristic_withLS_withNeighborhood,38,1000,1,50,60,,,,,,adaptive,two_point,heuristic,TRUE,,,,,,,0.9,0.1,roulette,3,TRUE,FALSE,0.5,0.1,0.35,5,2,,,,,,,,,,,,,,
J30_1.RCP,0,89.03947368,0.206038952,GA_roulette_two_point_adaptive_heuristic_withLS_noNeighborhood,38,1000,0,50,60,,,,,,adaptive,two_point,heuristic,TRUE,,,,,,,0.9,0.1,roulette,3,TRUE,FALSE,0.5,0.1,0.35,5,0,,,,,,,,,,,,,,
J30_1.RCP,1,93.67105263,0.140956879,GA_roulette_two_point_adaptive_heuristic_withLS_noNeighborhood,38,1000,1,50,60,,,,,,adaptive,two_point,heuristic,TRUE,,,,,,,0.9,0.1,roulette,3,TRUE,FALSE,0.5,0.1,0.35,5,0,,,,,,,,,,,,,,
J30_1.RCP,0,86.88157895,0.602769852,GA_roulette_two_point_adaptive_heuristic_noLS_withNeighborhood,38,1000,0,50,60,,,,,,adaptive,two_point,heuristic,FALSE,,,,,,,0.9,0.1,roulette,3,TRUE,FALSE,0.5,0.1,0.35,5,2,,,,,,,,,,,,,,
J30_1.RCP,1,91.35526316,0.202181101,GA_roulette_two_point_adaptive_heuristic_noLS_withNeighborhood,38,1000,1,50,60,,,,,,adaptive,two_point,heuristic,FALSE,,,,,,,0.9,0.1,roulette,3,TRUE,FALSE,0.5,0.1,0.35,5,2,,,,,,,,,,,,,,
J30_1.RCP,0,86.88157895,0.198230028,GA_roulette_two_point_adaptive_heuristic_noLS_noNeighborhood,38,1000,0,50,60,,,,,,adaptive,two_point,heuristic,FALSE,,,,,,,0.9,0.1,roulette,3,TRUE,FALSE,0.5,0.1,0.35,5,0,,,,,,,,,,,,,,
J30_1.RCP,1,91.35526316,0.204786062,GA_roulette_two_point_adaptive_heuristic_noLS_noNeighborhood,38,1000,1,50,60,,,,,,adaptive,two_point,heuristic,FALSE,,,,,,,0.9,0.1,roulette,3,TRUE,FALSE,0.5,0.1,0.35,5,0,,,,,,,,,,,,,,
J30_1.RCP,0,80.35526316,1.055346966,GA_roulette_rcx_random_random_withLS_withNeighborhood,38,1000,0,50,60,,,,,,random,rcx,random,TRUE,,,,,,,0.9,0.1,roulette,3,TRUE,FALSE,0.5,0.1,0.35,5,2,,,,,,,,,,,,,,
J30_1.RCP,1,86.19736842,1.068474054,GA_roulette_rcx_random_random_withLS_withNeighborhood,38,1000,1,50,60,,,,,,random,rcx,random,TRUE,,,,,,,0.9,0.1,roulette,3,TRUE,FALSE,0.5,0.1,0.35,5,2,,,,,,,,,,,,,,
J30_1.RCP,0,80.35526316,1.047465324,GA_roulette_rcx_random_random_withLS_noNeighborhood,38,1000,0,50,60,,,,,,random,rcx,random,TRUE,,,,,,,0.9,0.1,roulette,3,TRUE,FALSE,0.5,0.1,0.35,5,0,,,,,,,,,,,,,,
J30_1.RCP,1,86.19736842,1.066490889,GA_roulette_rcx_random_random_withLS_noNeighborhood,38,1000,1,50,60,,,,,,random,rcx,random,TRUE,,,,,,,0.9,0.1,roulette,3,TRUE,FALSE,0.5,0.1,0.35,5,0,,,,,,,,,,,,,,
J30_1.RCP,0,80.35526316,4.064433813,GA_roulette_rcx_random_random_noLS_withNeighborhood,38,1000,0,50,60,,,,,,random,rcx,random,FALSE,,,,,,,0.9,0.1,roulette,3,TRUE,FALSE,0.5,0.1,0.35,5,2,,,,,,,,,,,,,,
J30_1.RCP,1,84.61842105,3.949362278,GA_roulette_rcx_random_random_noLS_withNeighborhood,38,1000,1,50,60,,,,,,random,rcx,random,FALSE,,,,,,,0.9,0.1,roulette,3,TRUE,FALSE,0.5,0.1,0.35,5,2,,,,,,,,,,,,,,
J30_1.RCP,0,80.35526316,4.128472805,GA_roulette_rcx_random_random_noLS_noNeighborhood,38,1000,0,50,60,,,,,,random,rcx,random,FALSE,,,,,,,0.9,0.1,roulette,3,TRUE,FALSE,0.5,0.1,0.35,5,0,,,,,,,,,,,,,,
J30_1.RCP,1,84.61842105,3.953861713,GA_roulette_rcx_random_random_noLS_noNeighborhood,38,1000,1,50,60,,,,,,random,rcx,random,FALSE,,,,,,,0.9,0.1,roulette,3,TRUE,FALSE,0.5,0.1,0.35,5,0,,,,,,,,,,,,,,
J30_1.RCP,0,91.14473684,1.118084192,GA_roulette_rcx_random_heuristic_withLS_withNeighborhood,38,1000,0,50,60,,,,,,random,rcx,heuristic,TRUE,,,,,,,0.9,0.1,roulette,3,TRUE,FALSE,0.5,0.1,0.35,5,2,,,,,,,,,,,,,,
J30_1.RCP,1,95.77631579,1.075734138,GA_roulette_rcx_random_heuristic_withLS_withNeighborhood,38,1000,1,50,60,,,,,,random,rcx,heuristic,TRUE,,,,,,,0.9,0.1,roulette,3,TRUE,FALSE,0.5,0.1,0.35,5,2,,,,,,,,,,,,,,
J30_1.RCP,0,91.14473684,1.051447153,GA_roulette_rcx_random_heuristic_withLS_noNeighborhood,38,1000,0,50,60,,,,,,random,rcx,heuristic,TRUE,,,,,,,0.9,0.1,roulette,3,TRUE,FALSE,0.5,0.1,0.35,5,0,,,,,,,,,,,,,,
J30_1.RCP,1,95.77631579,1.070919037,GA_roulette_rcx_random_heuristic_withLS_noNeighborhood,38,1000,1,50,60,,,,,,random,rcx,heuristic,TRUE,,,,,,,0.9,0.1,roulette,3,TRUE,FALSE,0.5,0.1,0.35,5,0,,,,,,,,,,,,,,
J30_1.RCP,0,84.56578947,3.952232838,GA_roulette_rcx_random_heuristic_noLS_withNeighborhood,38,1000,0,50,60,,,,,,random,rcx,heuristic,FALSE,,,,,,,0.9,0.1,roulette,3,TRUE,FALSE,0.5,0.1,0.35,5,2,,,,,,,,,,,,,,
J30_1.RCP,1,93.67105263,3.907572031,GA_roulette_rcx_random_heuristic_noLS_withNeighborhood,38,1000,1,50,60,,,,,,random,rcx,heuristic,FALSE,,,,,,,0.9,0.1,roulette,3,TRUE,FALSE,0.5,0.1,0.35,5,2,,,,,,,,,,,,,,
J30_1.RCP,0,84.56578947,4.028282881,GA_roulette_rcx_random_heuristic_noLS_noNeighborhood,38,1000,0,50,60,,,,,,random,rcx,heuristic,FALSE,,,,,,,0.9,0.1,roulette,3,TRUE,FALSE,0.5,0.1,0.35,5,0,,,,,,,,,,,,,,
J30_1.RCP,1,93.67105263,3.909050941,GA_roulette_rcx_random_heuristic_noLS_noNeighborhood,38,1000,1,50,60,,,,,,random,rcx,heuristic,FALSE,,,,,,,0.9,0.1,roulette,3,TRUE,FALSE,0.5,0.1,0.35,5,0,,,,,,,,,,,,,,
J30_1.RCP,0,87.25,1.143868923,GA_roulette_rcx_adaptive_random_withLS_withNeighborhood,38,1000,0,50,60,,,,,,adaptive,rcx,random,TRUE,,,,,,,0.9,0.1,roulette,3,TRUE,FALSE,0.5,0.1,0.35,5,2,,,,,,,,,,,,,,
J30_1.RCP,1,88.19736842,1.100588083,GA_roulette_rcx_adaptive_random_withLS_withNeighborhood,38,1000,1,50,60,,,,,,adaptive,rcx,random,TRUE,,,,,,,0.9,0.1,roulette,3,TRUE,FALSE,0.5,0.1,0.35,5,2,,,,,,,,,,,,,,
J30_1.RCP,0,87.25,1.073898077,GA_roulette_rcx_adaptive_random_withLS_noNeighborhood,38,1000,0,50,60,,,,,,adaptive,rcx,random,TRUE,,,,,,,0.9,0.1,roulette,3,TRUE,FALSE,0.5,0.1,0.35,5,0,,,,,,,,,,,,,,
J30_1.RCP,1,88.19736842,1.092542887,GA_roulette_rcx_adaptive_random_withLS_noNeighborhood,38,1000,1,50,60,,,,,,adaptive,rcx,random,TRUE,,,,,,,0.9,0.1,roulette,3,TRUE,FALSE,0.5,0.1,0.35,5,0,,,,,,,,,,,,,,
J30_1.RCP,0,83.40789474,3.96018815,GA_roulette_rcx_adaptive_random_noLS_withNeighborhood,38,1000,0,50,60,,,,,,adaptive,rcx,random,FALSE,,,,,,,0.9,0.1,roulette,3,TRUE,FALSE,0.5,0.1,0.35,5,2,,,,,,,,,,,,,,
J30_1.RCP,1,88.19736842,4.012904882,GA_roulette_rcx_adaptive_random_noLS_withNeighborhood,38,1000,1,50,60,,,,,,adaptive,rcx,random,FALSE,,,,,,,0.9,0.1,roulette,3,TRUE,FALSE,0.5,0.1,0.35,5,2,,,,,,,,,,,,,,
J30_1.RCP,0,83.40789474,4.349900007,GA_roulette_rcx_adaptive_random_noLS_noNeighborhood,38,1000,0,50,60,,,,,,adaptive,rcx,random,FALSE,,,,,,,0.9,0.1,roulette,3,TRUE,FALSE,0.5,0.1,0.35,5,0,,,,,,,,,,,,,,
J30_1.RCP,1,88.19736842,4.336757183,GA_roulette_rcx_adaptive_random_noLS_noNeighborhood,38,1000,1,50,60,,,,,,adaptive,rcx,random,FALSE,,,,,,,0.9,0.1,roulette,3,TRUE,FALSE,0.5,0.1,0.35,5,0,,,,,,,,,,,,,,
J30_1.RCP,0,91.51315789,1.098979712,GA_roulette_rcx_adaptive_heuristic_withLS_withNeighborhood,38,1000,0,50,60,,,,,,adaptive,rcx,heuristic,TRUE,,,,,,,0.9,0.1,roulette,3,TRUE,FALSE,0.5,0.1,0.35,5,2,,,,,,,,,,,,,,
J30_1.RCP,1,83.93421053,1.092768908,GA_roulette_rcx_adaptive_heuristic_withLS_withNeighborhood,38,1000,1,50,60,,,,,,adaptive,rcx,heuristic,TRUE,,,,,,,0.9,0.1,roulette,3,TRUE,FALSE,0.5,0.1,0.35,5,2,,,,,,,,,,,,,,
J30_1.RCP,0,91.51315789,1.085381269,GA_roulette_rcx_adaptive_heuristic_withLS_noNeighborhood,38,1000,0,50,60,,,,,,adaptive,rcx,heuristic,TRUE,,,,,,,0.9,0.1,roulette,3,TRUE,FALSE,0.5,0.1,0.35,5,0,,,,,,,,,,,,,,
J30_1.RCP,1,83.93421053,1.034961939,GA_roulette_rcx_adaptive_heuristic_withLS_noNeighborhood,38,1000,1,50,60,,,,,,adaptive,rcx,heuristic,TRUE,,,,,,,0.9,0.1,roulette,3,TRUE,FALSE,0.5,0.1,0.35,5,0,,,,,,,,,,,,,,
J30_1.RCP,0,85.67105263,3.98813796,GA_roulette_rcx_adaptive_heuristic_noLS_withNeighborhood,38,1000,0,50,60,,,,,,adaptive,rcx,heuristic,FALSE,,,,,,,0.9,0.1,roulette,3,TRUE,FALSE,0.5,0.1,0.35,5,2,,,,,,,,,,,,,,
J30_1.RCP,1,76.67105263,3.979423046,GA_roulette_rcx_adaptive_heuristic_noLS_withNeighborhood,38,1000,1,50,60,,,,,,adaptive,rcx,heuristic,FALSE,,,,,,,0.9,0.1,roulette,3,TRUE,FALSE,0.5,0.1,0.35,5,2,,,,,,,,,,,,,,
J30_1.RCP,0,85.67105263,4.125731707,GA_roulette_rcx_adaptive_heuristic_noLS_noNeighborhood,38,1000,0,50,60,,,,,,adaptive,rcx,heuristic,FALSE,,,,,,,0.9,0.1,roulette,3,TRUE,FALSE,0.5,0.1,0.35,5,0,,,,,,,,,,,,,,
J30_1.RCP,1,76.67105263,3.973696947,GA_roulette_rcx_adaptive_heuristic_noLS_noNeighborhood,38,1000,1,50,60,,,,,,adaptive,rcx,heuristic,FALSE,,,,,,,0.9,0.1,roulette,3,TRUE,FALSE,0.5,0.1,0.35,5,0,,,,,,,,,,,,,,
J30_1.RCP,0,85.93421053,0.1268363,GA_roulette_hybrid_random_random_withLS_withNeighborhood,38,1000,0,50,60,,,,,,random,hybrid,random,TRUE,,,,,,,0.9,0.1,roulette,3,TRUE,FALSE,0.5,0.1,0.35,5,2,,,,,,,,,,,,,,
J30_1.RCP,1,95.30263158,0.126031876,GA_roulette_hybrid_random_random_withLS_withNeighborhood,38,1000,1,50,60,,,,,,random,hybrid,random,TRUE,,,,,,,0.9,0.1,roulette,3,TRUE,FALSE,0.5,0.1,0.35,5,2,,,,,,,,,,,,,,
J30_1.RCP,0,85.93421053,0.125069857,GA_roulette_hybrid_random_random_withLS_noNeighborhood,38,1000,0,50,60,,,,,,random,hybrid,random,TRUE,,,,,,,0.9,0.1,roulette,3,TRUE,FALSE,0.5,0.1,0.35,5,0,,,,,,,,,,,,,,
J30_1.RCP,1,95.30263158,0.127190828,GA_roulette_hybrid_random_random_withLS_noNeighborhood,38,1000,1,50,60,,,,,,random,hybrid,random,TRUE,,,,,,,0.9,0.1,roulette,3,TRUE,FALSE,0.5,0.1,0.35,5,0,,,,,,,,,,,,,,
J30_1.RCP,0,79.93421053,0.1981318,GA_roulette_hybrid_random_random_noLS_withNeighborhood,38,1000,0,50,60,,,,,,random,hybrid,random,FALSE,,,,,,,0.9,0.1,roulette,3,TRUE,FALSE,0.5,0.1,0.35,5,2,,,,,,,,,,,,,,
J30_1.RCP,1,93.51315789,0.181913137,GA_roulette_hybrid_random_random_noLS_withNeighborhood,38,1000,1,50,60,,,,,,random,hybrid,random,FALSE,,,,,,,0.9,0.1,roulette,3,TRUE,FALSE,0.5,0.1,0.35,5,2,,,,,,,,,,,,,,
J30_1.RCP,0,79.93421053,0.181081057,GA_roulette_hybrid_random_random_noLS_noNeighborhood,38,1000,0,50,60,,,,,,random,hybrid,random,FALSE,,,,,,,0.9,0.1,roulette,3,TRUE,FALSE,0.5,0.1,0.35,5,0,,,,,,,,,,,,,,
J30_1.RCP,1,93.51315789,0.177909851,GA_roulette_hybrid_random_random_noLS_noNeighborhood,38,1000,1,50,60,,,,,,random,hybrid,random,FALSE,,,,,,,0.9,0.1,roulette,3,TRUE,FALSE,0.5,0.1,0.35,5,0,,,,,,,,,,,,,,
J30_1.RCP,0,99.46052632,0.127055168,GA_roulette_hybrid_random_heuristic_withLS_withNeighborhood,38,1000,0,50,60,,,,,,random,hybrid,heuristic,TRUE,,,,,,,0.9,0.1,roulette,3,TRUE,FALSE,0.5,0.1,0.35,5,2,,,,,,,,,,,,,,
J30_1.RCP,1,93.61842105,0.12688303,GA_roulette_hybrid_random_heuristic_withLS_withNeighborhood,38,1000,1,50,60,,,,,,random,hybrid,heuristic,TRUE,,,,,,,0.9,0.1,roulette,3,TRUE,FALSE,0.5,0.1,0.35,5,2,,,,,,,,,,,,,,
J30_1.RCP,0,99.46052632,0.127168894,GA_roulette_hybrid_random_heuristic_withLS_noNeighborhood,38,1000,0,50,60,,,,,,random,hybrid,heuristic,TRUE,,,,,,,0.9,0.1,roulette,3,TRUE,FALSE,0.5,0.1,0.35,5,0,,,,,,,,,,,,,,
J30_1.RCP,1,93.61842105,0.130763054,GA_roulette_hybrid_random_heuristic_withLS_noNeighborhood,38,1000,1,50,60,,,,,,random,hybrid,heuristic,TRUE,,,,,,,0.9,0.1,roulette,3,TRUE,FALSE,0.5,0.1,0.35,5,0,,,,,,,,,,,,,,
J30_1.RCP,0,77.25,0.186866045,GA_roulette_hybrid_random_heuristic_noLS_withNeighborhood,38,1000,0,50,60,,,,,,random,hybrid,heuristic,FALSE,,,,,,,0.9,0.1,roulette,3,TRUE,FALSE,0.5,0.1,0.35,5,2,,,,,,,,,,,,,,
J30_1.RCP,1,84.88157895,0.212594986,GA_roulette_hybrid_random_heuristic_noLS_withNeighborhood,38,1000,1,50,60,,,,,,random,hybrid,heuristic,FALSE,,,,,,,0.9,0.1,roulette,3,TRUE,FALSE,0.5,0.1,0.35,5,2,,,,,,,,,,,,,,
J30_1.RCP,0,77.25,0.192825079,GA_roulette_hybrid_random_heuristic_noLS_noNeighborhood,38,1000,0,50,60,,,,,,random,hybrid,heuristic,FALSE,,,,,,,0.9,0.1,roulette,3,TRUE,FALSE,0.5,0.1,0.35,5,0,,,,,,,,,,,,,,
J30_1.RCP,1,84.88157895,0.182504892,GA_roulette_hybrid_random_heuristic_noLS_noNeighborhood,38,1000,1,50,60,,,,,,random,hybrid,heuristic,FALSE,,,,,,,0.9,0.1,roulette,3,TRUE,FALSE,0.5,0.1,0.35,5,0,,,,,,,,,,,,,,
J30_1.RCP,0,90.93421053,0.131847858,GA_roulette_hybrid_adaptive_random_withLS_withNeighborhood,38,1000,0,50,60,,,,,,adaptive,hybrid,random,TRUE,,,,,,,0.9,0.1,roulette,3,TRUE,FALSE,0.5,0.1,0.35,5,2,,,,,,,,,,,,,,
J30_1.RCP,1,91.67105263,0.13074398,GA_roulette_hybrid_adaptive_random_withLS_withNeighborhood,38,1000,1,50,60,,,,,,adaptive,hybrid,random,TRUE,,,,,,,0.9,0.1,roulette,3,TRUE,FALSE,0.5,0.1,0.35,5,2,,,,,,,,,,,,,,
J30_1.RCP,0,90.93421053,0.130655766,GA_roulette_hybrid_adaptive_random_withLS_noNeighborhood,38,1000,0,50,60,,,,,,adaptive,hybrid,random,TRUE,,,,,,,0.9,0.1,roulette,3,TRUE,FALSE,0.5,0.1,0.35,5,0,,,,,,,,,,,,,,
J30_1.RCP,1,91.67105263,0.131305933,GA_roulette_hybrid_adaptive_random_withLS_noNeighborhood,38,1000,1,50,60,,,,,,adaptive,hybrid,random,TRUE,,,,,,,0.9,0.1,roulette,3,TRUE,FALSE,0.5,0.1,0.35,5,0,,,,,,,,,,,,,,
J30_1.RCP,0,80.77631579,0.193500757,GA_roulette_hybrid_adaptive_random_noLS_withNeighborhood,38,1000,0,50,60,,,,,,adaptive,hybrid,random,FALSE,,,,,,,0.9,0.1,roulette,3,TRUE,FALSE,0.5,0.1,0.35,5,2,,,,,,,,,,,,,,
J30_1.RCP,1,71.14473684,0.190376043,GA_roulette_hybrid_adaptive_random_noLS_withNeighborhood,38,1000,1,50,60,,,,,,adaptive,hybrid,random,FALSE,,,,,,,0.9,0.1,roulette,3,TRUE,FALSE,0.5,0.1,0.35,5,2,,,,,,,,,,,,,,
J30_1.RCP,0,80.77631579,0.189453125,GA_roulette_hybrid_adaptive_random_noLS_noNeighborhood,38,1000,0,50,60,,,,,,adaptive,hybrid,random,FALSE,,,,,,,0.9,0.1,roulette,3,TRUE,FALSE,0.5,0.1,0.35,5,0,,,,,,,,,,,,,,
J30_1.RCP,1,71.14473684,0.189837217,GA_roulette_hybrid_adaptive_random_noLS_noNeighborhood,38,1000,1,50,60,,,,,,adaptive,hybrid,random,FALSE,,,,,,,0.9,0.1,roulette,3,TRUE,FALSE,0.5,0.1,0.35,5,0,,,,,,,,,,,,,,
J30_1.RCP,0,99.19736842,0.129856825,GA_roulette_hybrid_adaptive_heuristic_withLS_withNeighborhood,38,1000,0,50,60,,,,,,adaptive,hybrid,heuristic,TRUE,,,,,,,0.9,0.1,roulette,3,TRUE,FALSE,0.5,0.1,0.35,5,2,,,,,,,,,,,,,,
J30_1.RCP,1,95.25,0.128656149,GA_roulette_hybrid_adaptive_heuristic_withLS_withNeighborhood,38,1000,1,50,60,,,,,,adaptive,hybrid,heuristic,TRUE,,,,,,,0.9,0.1,roulette,3,TRUE,FALSE,0.5,0.1,0.35,5,2,,,,,,,,,,,,,,
J30_1.RCP,0,99.19736842,0.128184795,GA_roulette_hybrid_adaptive_heuristic_withLS_noNeighborhood,38,1000,0,50,60,,,,,,adaptive,hybrid,heuristic,TRUE,,,,,,,0.9,0.1,roulette,3,TRUE,FALSE,0.5,0.1,0.35,5,0,,,,,,,,,,,,,,
J30_1.RCP,1,95.25,0.127681017,GA_roulette_hybrid_adaptive_heuristic_withLS_noNeighborhood,38,1000,1,50,60,,,,,,adaptive,hybrid,heuristic,TRUE,,,,,,,0.9,0.1,roulette,3,TRUE,FALSE,0.5,0.1,0.35,5,0,,,,,,,,,,,,,,
J30_1.RCP,0,85.51315789,0.188050985,GA_roulette_hybrid_adaptive_heuristic_noLS_withNeighborhood,38,1000,0,50,60,,,,,,adaptive,hybrid,heuristic,FALSE,,,,,,,0.9,0.1,roulette,3,TRUE,FALSE,0.5,0.1,0.35,5,2,,,,,,,,,,,,,,
J30_1.RCP,1,75.88157895,0.189315081,GA_roulette_hybrid_adaptive_heuristic_noLS_withNeighborhood,38,1000,1,50,60,,,,,,adaptive,hybrid,heuristic,FALSE,,,,,,,0.9,0.1,roulette,3,TRUE,FALSE,0.5,0.1,0.35,5,2,,,,,,,,,,,,,,
J30_1.RCP,0,85.51315789,0.19073391,GA_roulette_hybrid_adaptive_heuristic_noLS_noNeighborhood,38,1000,0,50,60,,,,,,adaptive,hybrid,heuristic,FALSE,,,,,,,0.9,0.1,roulette,3,TRUE,FALSE,0.5,0.1,0.35,5,0,,,,,,,,,,,,,,
J30_1.RCP,1,75.88157895,0.189936161,GA_roulette_hybrid_adaptive_heuristic_noLS_noNeighborhood,38,1000,1,50,60,,,,,,adaptive,hybrid,heuristic,FALSE,,,,,,,0.9,0.1,roulette,3,TRUE,FALSE,0.5,0.1,0.35,5,0,,,,,,,,,,,,,,
J30_1.RCP,0,80.67105263,0.128231764,GA_tournament_single_point_random_random_withLS_withNeighborhood,38,1000,0,50,60,,,,,,random,single_point,random,TRUE,,,,,,,0.9,0.1,tournament,3,TRUE,FALSE,0.5,0.1,0.35,5,2,,,,,,,,,,,,,,
J30_1.RCP,1,77.40789474,0.12774682,GA_tournament_single_point_random_random_withLS_withNeighborhood,38,1000,1,50,60,,,,,,random,single_point,random,TRUE,,,,,,,0.9,0.1,tournament,3,TRUE,FALSE,0.5,0.1,0.35,5,2,,,,,,,,,,,,,,
J30_1.RCP,0,80.67105263,0.12690711,GA_tournament_single_point_random_random_withLS_noNeighborhood,38,1000,0,50,60,,,,,,random,single_point,random,TRUE,,,,,,,0.9,0.1,tournament,3,TRUE,FALSE,0.5,0.1,0.35,5,0,,,,,,,,,,,,,,
J30_1.RCP,1,77.40789474,0.126149178,GA_tournament_single_point_random_random_withLS_noNeighborhood,38,1000,1,50,60,,,,,,random,single_point,random,TRUE,,,,,,,0.9,0.1,tournament,3,TRUE,FALSE,0.5,0.1,0.35,5,0,,,,,,,,,,,,,,
J30_1.RCP,0,74.19736842,0.187585115,GA_tournament_single_point_random_random_noLS_withNeighborhood,38,1000,0,50,60,,,,,,random,single_point,random,FALSE,,,,,,,0.9,0.1,tournament,3,TRUE,FALSE,0.5,0.1,0.35,5,2,,,,,,,,,,,,,,
J30_1.RCP,1,68.72368421,0.188522816,GA_tournament_single_point_random_random_noLS_withNeighborhood,38,1000,1,50,60,,,,,,random,single_point,random,FALSE,,,,,,,0.9,0.1,tournament,3,TRUE,FALSE,0.5,0.1,0.35,5,2,,,,,,,,,,,,,,
J30_1.RCP,0,74.19736842,0.186900854,GA_tournament_single_point_random_random_noLS_noNeighborhood,38,1000,0,50,60,,,,,,random,single_point,random,FALSE,,,,,,,0.9,0.1,tournament,3,TRUE,FALSE,0.5,0.1,0.35,5,0,,,,,,,,,,,,,,
J30_1.RCP,1,68.72368421,0.185392141,GA_tournament_single_point_random_random_noLS_noNeighborhood,38,1000,1,50,60,,,,,,random,single_point,random,FALSE,,,,,,,0.9,0.1,tournament,3,TRUE,FALSE,0.5,0.1,0.35,5,0,,,,,,,,,,,,,,
J30_1.RCP,0,82.82894737,0.128240108,GA_tournament_single_point_random_heuristic_withLS_withNeighborhood,38,1000,0,50,60,,,,,,random,single_point,heuristic,TRUE,,,,,,,0.9,0.1,tournament,3,TRUE,FALSE,0.5,0.1,0.35,5,2,,,,,,,,,,,,,,
J30_1.RCP,1,77.72368421,0.12808609,GA_tournament_single_point_random_heuristic_withLS_withNeighborhood,38,1000,1,50,60,,,,,,random,single_point,heuristic,TRUE,,,,,,,0.9,0.1,tournament,3,TRUE,FALSE,0.5,0.1,0.35,5,2,,,,,,,,,,,,,,
J30_1.RCP,0,82.82894737,0.127194881,GA_tournament_single_point_random_heuristic_withLS_noNeighborhood,38,1000,0,50,60,,,,,,random,single_point,heuristic,TRUE,,,,,,,0.9,0.1,tournament,3,TRUE,FALSE,0.5,0.1,0.35,5,0,,,,,,,,,,,,,,
J30_1.RCP,1,77.72368421,0.132603884,GA_tournament_single_point_random_heuristic_withLS_noNeighborhood,38,1000,1,50,60,,,,,,random,single_point,heuristic,TRUE,,,,,,,0.9,0.1,tournament,3,TRUE,FALSE,0.5,0.1,0.35,5,0,,,,,,,,,,,,,,
J30_1.RCP,0,72.51315789,0.202899933,GA_tournament_single_point_random_heuristic_noLS_withNeighborhood,38,1000,0,50,60,,,,,,random,single_point,heuristic,FALSE,,,,,,,0.9,0.1,tournament,3,TRUE,FALSE,0.5,0.1,0.35,5,2,,,,,,,,,,,,,,
J30_1.RCP,1,68.77631579,0.188702106,GA_tournament_single_point_random_heuristic_noLS_withNeighborhood,38,1000,1,50,60,,,,,,random,single_point,heuristic,FALSE,,,,,,,0.9,0.1,tournament,3,TRUE,FALSE,0.5,0.1,0.35,5,2,,,,,,,,,,,,,,
J30_1.RCP,0,72.51315789,0.18495369,GA_tournament_single_point_random_heuristic_noLS_noNeighborhood,38,1000,0,50,60,,,,,,random,single_point,heuristic,FALSE,,,,,,,0.9,0.1,tournament,3,TRUE,FALSE,0.5,0.1,0.35,5,0,,,,,,,,,,,,,,
J30_1.RCP,1,68.77631579,0.184626102,GA_tournament_single_point_random_heuristic_noLS_noNeighborhood,38,1000,1,50,60,,,,,,random,single_point,heuristic,FALSE,,,,,,,0.9,0.1,tournament,3,TRUE,FALSE,0.5,0.1,0.35,5,0,,,,,,,,,,,,,,
J30_1.RCP,0,81.82894737,0.129651308,GA_tournament_single_point_adaptive_random_withLS_withNeighborhood,38,1000,0,50,60,,,,,,adaptive,single_point,random,TRUE,,,,,,,0.9,0.1,tournament,3,TRUE,FALSE,0.5,0.1,0.35,5,2,,,,,,,,,,,,,,
J30_1.RCP,1,92.67105263,0.129610062,GA_tournament_single_point_adaptive_random_withLS_withNeighborhood,38,1000,1,50,60,,,,,,adaptive,single_point,random,TRUE,,,,,,,0.9,0.1,tournament,3,TRUE,FALSE,0.5,0.1,0.35,5,2,,,,,,,,,,,,,,
J30_1.RCP,0,81.82894737,0.131103992,GA_tournament_single_point_adaptive_random_withLS_noNeighborhood,38,1000,0,50,60,,,,,,adaptive,single_point,random,TRUE,,,,,,,0.9,0.1,tournament,3,TRUE,FALSE,0.5,0.1,0.35,5,0,,,,,,,,,,,,,,
J30_1.RCP,1,92.67105263,0.129738808,GA_tournament_single_point_adaptive_random_withLS_noNeighborhood,38,1000,1,50,60,,,,,,adaptive,single_point,random,TRUE,,,,,,,0.9,0.1,tournament,3,TRUE,FALSE,0.5,0.1,0.35,5,0,,,,,,,,,,,,,,
J30_1.RCP,0,74.35526316,0.194959879,GA_tournament_single_point_adaptive_random_noLS_withNeighborhood,38,1000,0,50,60,,,,,,adaptive,single_point,random,FALSE,,,,,,,0.9,0.1,tournament,3,TRUE,FALSE,0.5,0.1,0.35,5,2,,,,,,,,,,,,,,
J30_1.RCP,1,72.30263158,0.195663214,GA_tournament_single_point_adaptive_random_noLS_withNeighborhood,38,1000,1,50,60,,,,,,adaptive,single_point,random,FALSE,,,,,,,0.9,0.1,tournament,3,TRUE,FALSE,0.5,0.1,0.35,5,2,,,,,,,,,,,,,,
J30_1.RCP,0,74.35526316,0.194557905,GA_tournament_single_point_adaptive_random_noLS_noNeighborhood,38,1000,0,50,60,,,,,,adaptive,single_point,random,FALSE,,,,,,,0.9,0.1,tournament,3,TRUE,FALSE,0.5,0.1,0.35,5,0,,,,,,,,,,,,,,
J30_1.RCP,1,72.30263158,0.193768978,GA_tournament_single_point_adaptive_random_noLS_noNeighborhood,38,1000,1,50,60,,,,,,adaptive,single_point,random,FALSE,,,,,,,0.9,0.1,tournament,3,TRUE,FALSE,0.5,0.1,0.35,5,0,,,,,,,,,,,,,,
J30_1.RCP,0,82.61842105,0.132051945,GA_tournament_single_point_adaptive_heuristic_withLS_withNeighborhood,38,1000,0,50,60,,,,,,adaptive,single_point,heuristic,TRUE,,,,,,,0.9,0.1,tournament,3,TRUE,FALSE,0.5,0.1,0.35,5,2,,,,,,,,,,,,,,
J30_1.RCP,1,78.03947368,0.131463289,GA_tournament_single_point_adaptive_heuristic_withLS_withNeighborhood,38,1000,1,50,60,,,,,,adaptive,single_point,heuristic,TRUE,,,,,,,0.9,0.1,tournament,3,TRUE,FALSE,0.5,0.1,0.35,5,2,,,,,,,,,,,,,,
J30_1.RCP,0,82.61842105,0.129868031,GA_tournament_single_point_adaptive_heuristic_withLS_noNeighborhood,38,1000,0,50,60,,,,,,adaptive,single_point,heuristic,TRUE,,,,,,,0.9,0.1,tournament,3,TRUE,FALSE,0.5,0.1,0.35,5,0,,,,,,,,,,,,,,
J30_1.RCP,1,78.03947368,0.130558252,GA_tournament_single_point_adaptive_heuristic_withLS_noNeighborhood,38,1000,1,50,60,,,,,,adaptive,single_point,heuristic,TRUE,,,,,,,0.9,0.1,tournament,3,TRUE,FALSE,0.5,0.1,0.35,5,0,,,,,,,,,,,,,,
J30_1.RCP,0,74.77631579,0.196057081,GA_tournament_single_point_adaptive_heuristic_noLS_withNeighborhood,38,1000,0,50,60,,,,,,adaptive,single_point,heuristic,FALSE,,,,,,,0.9,0.1,tournament,3,TRUE,FALSE,0.5,0.1,0.35,5,2,,,,,,,,,,,,,,
J30_1.RCP,1,69.61842105,0.19380188,GA_tournament_single_point_adaptive_heuristic_noLS_withNeighborhood,38,1000,1,50,60,,,,,,adaptive,single_point,heuristic,FALSE,,,,,,,0.9,0.1,tournament,3,TRUE,FALSE,0.5,0.1,0.35,5,2,,,,,,,,,,,,,,
J30_1.RCP,0,74.77631579,0.194203854,GA_tournament_single_point_adaptive_heuristic_noLS_noNeighborhood,38,1000,0,50,60,,,,,,adaptive,single_point,heuristic,FALSE,,,,,,,0.9,0.1,tournament,3,TRUE,FALSE,0.5,0.1,0.35,5,0,,,,,,,,,,,,,,
J30_1.RCP,1,69.61842105,0.196909189,GA_tournament_single_point_adaptive_heuristic_noLS_noNeighborhood,38,1000,1,50,60,,,,,,adaptive,single_point,heuristic,FALSE,,,,,,,0.9,0.1,tournament,3,TRUE,FALSE,0.5,0.1,0.35,5,0,,,,,,,,,,,,,,
J30_1.RCP,0,77.93421053,0.125202179,GA_tournament_two_point_random_random_withLS_withNeighborhood,38,1000,0,50,60,,,,,,random,two_point,random,TRUE,,,,,,,0.9,0.1,tournament,3,TRUE,FALSE,0.5,0.1,0.35,5,2,,,,,,,,,,,,,,
J30_1.RCP,1,82.19736842,0.125784874,GA_tournament_two_point_random_random_withLS_withNeighborhood,38,1000,1,50,60,,,,,,random,two_point,random,TRUE,,,,,,,0.9,0.1,tournament,3,TRUE,FALSE,0.5,0.1,0.35,5,2,,,,,,,,,,,,,,
J30_1.RCP,0,77.93421053,0.126300335,GA_tournament_two_point_random_random_withLS_noNeighborhood,38,1000,0,50,60,,,,,,random,two_point,random,TRUE,,,,,,,0.9,0.1,tournament,3,TRUE,FALSE,0.5,0.1,0.35,5,0,,,,,,,,,,,,,,
J30_1.RCP,1,82.19736842,0.130445719,GA_tournament_two_point_random_random_withLS_noNeighborhood,38,1000,1,50,60,,,,,,random,two_point,random,TRUE,,,,,,,0.9,0.1,tournament,3,TRUE,FALSE,0.5,0.1,0.35,5,0,,,,,,,,,,,,,,
J30_1.RCP,0,65.67105263,0.187011242,GA_tournament_two_point_random_random_noLS_withNeighborhood,38,1000,0,50,60,,,,,,random,two_point,random,FALSE,,,,,,,0.9,0.1,tournament,3,TRUE,FALSE,0.5,0.1,0.35,5,2,,,,,,,,,,,,,,
J30_1.RCP,1,71.98684211,0.188574076,GA_tournament_two_point_random_random_noLS_withNeighborhood,38,1000,1,50,60,,,,,,random,two_point,random,FALSE,,,,,,,0.9,0.1,tournament,3,TRUE,FALSE,0.5,0.1,0.35,5,2,,,,,,,,,,,,,,
J30_1.RCP,0,65.67105263,0.185820103,GA_tournament_two_point_random_random_noLS_noNeighborhood,38,1000,0,50,60,,,,,,random,two_point,random,FALSE,,,,,,,0.9,0.1,tournament,3,TRUE,FALSE,0.5,0.1,0.35,5,0,,,,,,,,,,,,,,
J30_1.RCP,1,71.98684211,0.186558008,GA_tournament_two_point_random_random_noLS_noNeighborhood,38,1000,1,50,60,,,,,,random,two_point,random,FALSE,,,,,,,0.9,0.1,tournament,3,TRUE,FALSE,0.5,0.1,0.35,5,0,,,,,,,,,,,,,,
J30_1.RCP,0,86.72368421,0.133756161,GA_tournament_two_point_random_heuristic_withLS_withNeighborhood,38,1000,0,50,60,,,,,,random,two_point,heuristic,TRUE,,,,,,,0.9,0.1,tournament,3,TRUE,FALSE,0.5,0.1,0.35,5,2,,,,,,,,,,,,,,
J30_1.RCP,1,83.19736842,0.265957117,GA_tournament_two_point_random_heuristic_withLS_withNeighborhood,38,1000,1,50,60,,,,,,random,two_point,heuristic,TRUE,,,,,,,0.9,0.1,tournament,3,TRUE,FALSE,0.5,0.1,0.35,5,2,,,,,,,,,,,,,,
J30_1.RCP,0,86.72368421,0.128857851,GA_tournament_two_point_random_heuristic_withLS_noNeighborhood,38,1000,0,50,60,,,,,,random,two_point,heuristic,TRUE,,,,,,,0.9,0.1,tournament,3,TRUE,FALSE,0.5,0.1,0.35,5,0,,,,,,,,,,,,,,
J30_1.RCP,1,83.19736842,0.132377863,GA_tournament_two_point_random_heuristic_withLS_noNeighborhood,38,1000,1,50,60,,,,,,random,two_point,heuristic,TRUE,,,,,,,0.9,0.1,tournament,3,TRUE,FALSE,0.5,0.1,0.35,5,0,,,,,,,,,,,,,,
J30_1.RCP,0,73.09210526,0.193557978,GA_tournament_two_point_random_heuristic_noLS_withNeighborhood,38,1000,0,50,60,,,,,,random,two_point,heuristic,FALSE,,,,,,,0.9,0.1,tournament,3,TRUE,FALSE,0.5,0.1,0.35,5,2,,,,,,,,,,,,,,
J30_1.RCP,1,68.40789474,0.188113928,GA_tournament_two_point_random_heuristic_noLS_withNeighborhood,38,1000,1,50,60,,,,,,random,two_point,heuristic,FALSE,,,,,,,0.9,0.1,tournament,3,TRUE,FALSE,0.5,0.1,0.35,5,2,,,,,,,,,,,,,,
J30_1.RCP,0,73.09210526,0.202769995,GA_tournament_two_point_random_heuristic_noLS_noNeighborhood,38,1000,0,50,60,,,,,,random,two_point,heuristic,FALSE,,,,,,,0.9,0.1,tournament,3,TRUE,FALSE,0.5,0.1,0.35,5,0,,,,,,,,,,,,,,
J30_1.RCP,1,68.40789474,0.187990189,GA_tournament_two_point_random_heuristic_noLS_noNeighborhood,38,1000,1,50,60,,,,,,random,two_point,heuristic,FALSE,,,,,,,0.9,0.1,tournament,3,TRUE,FALSE,0.5,0.1,0.35,5,0,,,,,,,,,,,,,,
J30_1.RCP,0,80.61842105,0.131191969,GA_tournament_two_point_adaptive_random_withLS_withNeighborhood,38,1000,0,50,60,,,,,,adaptive,two_point,random,TRUE,,,,,,,0.9,0.1,tournament,3,TRUE,FALSE,0.5,0.1,0.35,5,2,,,,,,,,,,,,,,
J30_1.RCP,1,79.72368421,0.133156061,GA_tournament_two_point_adaptive_random_withLS_withNeighborhood,38,1000,1,50,60,,,,,,adaptive,two_point,random,TRUE,,,,,,,0.9,0.1,tournament,3,TRUE,FALSE,0.5,0.1,0.35,5,2,,,,,,,,,,,,,,
J30_1.RCP,0,80.61842105,0.132058144,GA_tournament_two_point_adaptive_random_withLS_noNeighborhood,38,1000,0,50,60,,,,,,adaptive,two_point,random,TRUE,,,,,,,0.9,0.1,tournament,3,TRUE,FALSE,0.5,0.1,0.35,5,0,,,,,,,,,,,,,,
J30_1.RCP,1,79.72368421,0.13082099,GA_tournament_two_point_adaptive_random_withLS_noNeighborhood,38,1000,1,50,60,,,,,,adaptive,two_point,random,TRUE,,,,,,,0.9,0.1,tournament,3,TRUE,FALSE,0.5,0.1,0.35,5,0,,,,,,,,,,,,,,
J30_1.RCP,0,71.09210526,0.19965601,GA_tournament_two_point_adaptive_random_noLS_withNeighborhood,38,1000,0,50,60,,,,,,adaptive,two_point,random,FALSE,,,,,,,0.9,0.1,tournament,3,TRUE,FALSE,0.5,0.1,0.35,5,2,,,,,,,,,,,,,,
J30_1.RCP,1,71.77631579,0.201900005,GA_tournament_two_point_adaptive_random_noLS_withNeighborhood,38,1000,1,50,60,,,,,,adaptive,two_point,random,FALSE,,,,,,,0.9,0.1,tournament,3,TRUE,FALSE,0.5,0.1,0.35,5,2,,,,,,,,,,,,,,
J30_1.RCP,0,71.09210526,0.21639514,GA_tournament_two_point_adaptive_random_noLS_noNeighborhood,38,1000,0,50,60,,,,,,adaptive,two_point,random,FALSE,,,,,,,0.9,0.1,tournament,3,TRUE,FALSE,0.5,0.1,0.35,5,0,,,,,,,,,,,,,,
J30_1.RCP,1,71.77631579,0.208810091,GA_tournament_two_point_adaptive_random_noLS_noNeighborhood,38,1000,1,50,60,,,,,,adaptive,two_point,random,FALSE,,,,,,,0.9,0.1,tournament,3,TRUE,FALSE,0.5,0.1,0.35,5,0,,,,,,,,,,,,,,
J30_1.RCP,0,89.09210526,0.134889841,GA_tournament_two_point_adaptive_heuristic_withLS_withNeighborhood,38,1000,0,50,60,,,,,,adaptive,two_point,heuristic,TRUE,,,,,,,0.9,0.1,tournament,3,TRUE,FALSE,0.5,0.1,0.35,5,2,,,,,,,,,,,,,,
J30_1.RCP,1,83.25,0.129599094,GA_tournament_two_point_adaptive_heuristic_withLS_withNeighborhood,38,1000,1,50,60,,,,,,adaptive,two_point,heuristic,TRUE,,,,,,,0.9,0.1,tournament,3,TRUE,FALSE,0.5,0.1,0.35,5,2,,,,,,,,,,,,,,
J30_1.RCP,0,89.09210526,0.130681992,GA_tournament_two_point_adaptive_heuristic_withLS_noNeighborhood,38,1000,0,50,60,,,,,,adaptive,two_point,heuristic,TRUE,,,,,,,0.9,0.1,tournament,3,TRUE,FALSE,0.5,0.1,0.35,5,0,,,,,,,,,,,,,,
J30_1.RCP,1,83.25,0.133099079,GA_tournament_two_point_adaptive_heuristic_withLS_noNeighborhood,38,1000,1,50,60,,,,,,adaptive,two_point,heuristic,TRUE,,,,,,,0.9,0.1,tournament,3,TRUE,FALSE,0.5,0.1,0.35,5,0,,,,,,,,,,,,,,
J30_1.RCP,0,74.77631579,0.197402,GA_tournament_two_point_adaptive_heuristic_noLS_withNeighborhood,38,1000,0,50,60,,,,,,adaptive,two_point,heuristic,FALSE,,,,,,,0.9,0.1,tournament,3,TRUE,FALSE,0.5,0.1,0.35,5,2,,,,,,,,,,,,,,
J30_1.RCP,1,75.35526316,0.348167896,GA_tournament_two_point_adaptive_heuristic_noLS_withNeighborhood,38,1000,1,50,60,,,,,,adaptive,two_point,heuristic,FALSE,,,,,,,0.9,0.1,tournament,3,TRUE,FALSE,0.5,0.1,0.35,5,2,,,,,,,,,,,,,,
J30_1.RCP,0,74.77631579,0.20174408,GA_tournament_two_point_adaptive_heuristic_noLS_noNeighborhood,38,1000,0,50,60,,,,,,adaptive,two_point,heuristic,FALSE,,,,,,,0.9,0.1,tournament,3,TRUE,FALSE,0.5,0.1,0.35,5,0,,,,,,,,,,,,,,
J30_1.RCP,1,75.35526316,0.199158907,GA_tournament_two_point_adaptive_heuristic_noLS_noNeighborhood,38,1000,1,50,60,,,,,,adaptive,two_point,heuristic,FALSE,,,,,,,0.9,0.1,tournament,3,TRUE,FALSE,0.5,0.1,0.35,5,0,,,,,,,,,,,,,,
J30_1.RCP,0,91.77631579,0.589818239,GA_tournament_rcx_random_random_withLS_withNeighborhood,38,1000,0,50,60,,,,,,random,rcx,random,TRUE,,,,,,,0.9,0.1,tournament,3,TRUE,FALSE,0.5,0.1,0.35,5,2,,,,,,,,,,,,,,
J30_1.RCP,1,78.77631579,0.56644392,GA_tournament_rcx_random_random_withLS_withNeighborhood,38,1000,1,50,60,,,,,,random,rcx,random,TRUE,,,,,,,0.9,0.1,tournament,3,TRUE,FALSE,0.5,0.1,0.35,5,2,,,,,,,,,,,,,,
J30_1.RCP,0,91.77631579,0.580429077,GA_tournament_rcx_random_random_withLS_noNeighborhood,38,1000,0,50,60,,,,,,random,rcx,random,TRUE,,,,,,,0.9,0.1,tournament,3,TRUE,FALSE,0.5,0.1,0.35,5,0,,,,,,,,,,,,,,
J30_1.RCP,1,78.77631579,0.569059134,GA_tournament_rcx_random_random_withLS_noNeighborhood,38,1000,1,50,60,,,,,,random,rcx,random,TRUE,,,,,,,0.9,0.1,tournament,3,TRUE,FALSE,0.5,0.1,0.35,5,0,,,,,,,,,,,,,,
J30_1.RCP,0,65.72368421,1.996623039,GA_tournament_rcx_random_random_noLS_withNeighborhood,38,1000,0,50,60,,,,,,random,rcx,random,FALSE,,,,,,,0.9,0.1,tournament,3,TRUE,FALSE,0.5,0.1,0.35,5,2,,,,,,,,,,,,,,
J30_1.RCP,1,69.61842105,2.139486074,GA_tournament_rcx_random_random_noLS_withNeighborhood,38,1000,1,50,60,,,,,,random,rcx,random,FALSE,,,,,,,0.9,0.1,tournament,3,TRUE,FALSE,0.5,0.1,0.35,5,2,,,,,,,,,,,,,,
J30_1.RCP,0,65.72368421,2.032656193,GA_tournament_rcx_random_random_noLS_noNeighborhood,38,1000,0,50,60,,,,,,random,rcx,random,FALSE,,,,,,,0.9,0.1,tournament,3,TRUE,FALSE,0.5,0.1,0.35,5,0,,,,,,,,,,,,,,
J30_1.RCP,1,69.61842105,2.038670063,GA_tournament_rcx_random_random_noLS_noNeighborhood,38,1000,1,50,60,,,,,,random,rcx,random,FALSE,,,,,,,0.9,0.1,tournament,3,TRUE,FALSE,0.5,0.1,0.35,5,0,,,,,,,,,,,,,,
J30_1.RCP,0,89.82894737,0.594304085,GA_tournament_rcx_random_heuristic_withLS_withNeighborhood,38,1000,0,50,60,,,,,,random,rcx,heuristic,TRUE,,,,,,,0.9,0.1,tournament,3,TRUE,FALSE,0.5,0.1,0.35,5,2,,,,,,,,,,,,,,
J30_1.RCP,1,84.09210526,0.602473974,GA_tournament_rcx_random_heuristic_withLS_withNeighborhood,38,1000,1,50,60,,,,,,random,rcx,heuristic,TRUE,,,,,,,0.9,0.1,tournament,3,TRUE,FALSE,0.5,0.1,0.35,5,2,,,,,,,,,,,,,,
J30_1.RCP,0,89.82894737,0.598918915,GA_tournament_rcx_random_heuristic_withLS_noNeighborhood,38,1000,0,50,60,,,,,,random,rcx,heuristic,TRUE,,,,,,,0.9,0.1,tournament,3,TRUE,FALSE,0.5,0.1,0.35,5,0,,,,,,,,,,,,,,
J30_1.RCP,1,84.09210526,0.588729858,GA_tournament_rcx_random_heuristic_withLS_noNeighborhood,38,1000,1,50,60,,,,,,random,rcx,heuristic,TRUE,,,,,,,0.9,0.1,tournament,3,TRUE,FALSE,0.5,0.1,0.35,5,0,,,,,,,,,,,,,,
J30_1.RCP,0,82.30263158,2.510878086,GA_tournament_rcx_random_heuristic_noLS_withNeighborhood,38,1000,0,50,60,,,,,,random,rcx,heuristic,FALSE,,,,,,,0.9,0.1,tournament,3,TRUE,FALSE,0.5,0.1,0.35,5,2,,,,,,,,,,,,,,
J30_1.RCP,1,69.56578947,2.457346201,GA_tournament_rcx_random_heuristic_noLS_withNeighborhood,38,1000,1,50,60,,,,,,random,rcx,heuristic,FALSE,,,,,,,0.9,0.1,tournament,3,TRUE,FALSE,0.5,0.1,0.35,5,2,,,,,,,,,,,,,,
J30_1.RCP,0,82.30263158,2.049587011,GA_tournament_rcx_random_heuristic_noLS_noNeighborhood,38,1000,0,50,60,,,,,,random,rcx,heuristic,FALSE,,,,,,,0.9,0.1,tournament,3,TRUE,FALSE,0.5,0.1,0.35,5,0,,,,,,,,,,,,,,
J30_1.RCP,1,69.56578947,2.056112289,GA_tournament_rcx_random_heuristic_noLS_noNeighborhood,38,1000,1,50,60,,,,,,random,rcx,heuristic,FALSE,,,,,,,0.9,0.1,tournament,3,TRUE,FALSE,0.5,0.1,0.35,5,0,,,,,,,,,,,,,,
J30_1.RCP,0,82.46052632,0.608740091,GA_tournament_rcx_adaptive_random_withLS_withNeighborhood,38,1000,0,50,60,,,,,,adaptive,rcx,random,TRUE,,,,,,,0.9,0.1,tournament,3,TRUE,FALSE,0.5,0.1,0.35,5,2,,,,,,,,,,,,,,
J30_1.RCP,1,83.35526316,0.615509033,GA_tournament_rcx_adaptive_random_withLS_withNeighborhood,38,1000,1,50,60,,,,,,adaptive,rcx,random,TRUE,,,,,,,0.9,0.1,tournament,3,TRUE,FALSE,0.5,0.1,0.35,5,2,,,,,,,,,,,,,,
J30_1.RCP,0,82.46052632,0.59776783,GA_tournament_rcx_adaptive_random_withLS_noNeighborhood,38,1000,0,50,60,,,,,,adaptive,rcx,random,TRUE,,,,,,,0.9,0.1,tournament,3,TRUE,FALSE,0.5,0.1,0.35,5,0,,,,,,,,,,,,,,
J30_1.RCP,1,83.35526316,0.605926991,GA_tournament_rcx_adaptive_random_withLS_noNeighborhood,38,1000,1,50,60,,,,,,adaptive,rcx,random,TRUE,,,,,,,0.9,0.1,tournament,3,TRUE,FALSE,0.5,0.1,0.35,5,0,,,,,,,,,,,,,,
J30_1.RCP,0,71.72368421,2.018178225,GA_tournament_rcx_adaptive_random_noLS_withNeighborhood,38,1000,0,50,60,,,,,,adaptive,rcx,random,FALSE,,,,,,,0.9,0.1,tournament,3,TRUE,FALSE,0.5,0.1,0.35,5,2,,,,,,,,,,,,,,
J30_1.RCP,1,70.72368421,2.208172083,GA_tournament_rcx_adaptive_random_noLS_withNeighborhood,38,1000,1,50,60,,,,,,adaptive,rcx,random,FALSE,,,,,,,0.9,0.1,tournament,3,TRUE,FALSE,0.5,0.1,0.35,5,2,,,,,,,,,,,,,,
J30_1.RCP,0,71.72368421,2.024377823,GA_tournament_rcx_adaptive_random_noLS_noNeighborhood,38,1000,0,50,60,,,,,,adaptive,rcx,random,FALSE,,,,,,,0.9,0.1,tournament,3,TRUE,FALSE,0.5,0.1,0.35,5,0,,,,,,,,,,,,,,
J30_1.RCP,1,70.72368421,2.100848913,GA_tournament_rcx_adaptive_random_noLS_noNeighborhood,38,1000,1,50,60,,,,,,adaptive,rcx,random,FALSE,,,,,,,0.9,0.1,tournament,3,TRUE,FALSE,0.5,0.1,0.35,5,0,,,,,,,,,,,,,,
J30_1.RCP,0,91.14473684,0.599180698,GA_tournament_rcx_adaptive_heuristic_withLS_withNeighborhood,38,1000,0,50,60,,,,,,adaptive,rcx,heuristic,TRUE,,,,,,,0.9,0.1,tournament,3,TRUE,FALSE,0.5,0.1,0.35,5,2,,,,,,,,,,,,,,
J30_1.RCP,1,79.82894737,0.594500303,GA_tournament_rcx_adaptive_heuristic_withLS_withNeighborhood,38,1000,1,50,60,,,,,,adaptive,rcx,heuristic,TRUE,,,,,,,0.9,0.1,tournament,3,TRUE,FALSE,0.5,0.1,0.35,5,2,,,,,,,,,,,,,,
J30_1.RCP,0,91.14473684,0.58910203,GA_tournament_rcx_adaptive_heuristic_withLS_noNeighborhood,38,1000,0,50,60,,,,,,adaptive,rcx,heuristic,TRUE,,,,,,,0.9,0.1,tournament,3,TRUE,FALSE,0.5,0.1,0.35,5,0,,,,,,,,,,,,,,
J30_1.RCP,1,79.82894737,0.593627214,GA_tournament_rcx_adaptive_heuristic_withLS_noNeighborhood,38,1000,1,50,60,,,,,,adaptive,rcx,heuristic,TRUE,,,,,,,0.9,0.1,tournament,3,TRUE,FALSE,0.5,0.1,0.35,5,0,,,,,,,,,,,,,,
J30_1.RCP,0,72.61842105,2.082041025,GA_tournament_rcx_adaptive_heuristic_noLS_withNeighborhood,38,1000,0,50,60,,,,,,adaptive,rcx,heuristic,FALSE,,,,,,,0.9,0.1,tournament,3,TRUE,FALSE,0.5,0.1,0.35,5,2,,,,,,,,,,,,,,
J30_1.RCP,1,72.77631579,2.084669113,GA_tournament_rcx_adaptive_heuristic_noLS_withNeighborhood,38,1000,1,50,60,,,,,,adaptive,rcx,heuristic,FALSE,,,,,,,0.9,0.1,tournament,3,TRUE,FALSE,0.5,0.1,0.35,5,2,,,,,,,,,,,,,,
J30_1.RCP,0,72.61842105,2.174782991,GA_tournament_rcx_adaptive_heuristic_noLS_noNeighborhood,38,1000,0,50,60,,,,,,adaptive,rcx,heuristic,FALSE,,,,,,,0.9,0.1,tournament,3,TRUE,FALSE,0.5,0.1,0.35,5,0,,,,,,,,,,,,,,
J30_1.RCP,1,72.77631579,2.056637049,GA_tournament_rcx_adaptive_heuristic_noLS_noNeighborhood,38,1000,1,50,60,,,,,,adaptive,rcx,heuristic,FALSE,,,,,,,0.9,0.1,tournament,3,TRUE,FALSE,0.5,0.1,0.35,5,0,,,,,,,,,,,,,,
J30_1.RCP,0,81.98684211,0.359985828,GA_tournament_hybrid_random_random_withLS_withNeighborhood,38,1000,0,50,60,,,,,,random,hybrid,random,TRUE,,,,,,,0.9,0.1,tournament,3,TRUE,FALSE,0.5,0.1,0.35,5,2,,,,,,,,,,,,,,
J30_1.RCP,1,84.98684211,0.481368065,GA_tournament_hybrid_random_random_withLS_withNeighborhood,38,1000,1,50,60,,,,,,random,hybrid,random,TRUE,,,,,,,0.9,0.1,tournament,3,TRUE,FALSE,0.5,0.1,0.35,5,2,,,,,,,,,,,,,,
J30_1.RCP,0,81.98684211,0.371392012,GA_tournament_hybrid_random_random_withLS_noNeighborhood,38,1000,0,50,60,,,,,,random,hybrid,random,TRUE,,,,,,,0.9,0.1,tournament,3,TRUE,FALSE,0.5,0.1,0.35,5,0,,,,,,,,,,,,,,
J30_1.RCP,1,84.98684211,0.373235226,GA_tournament_hybrid_random_random_withLS_noNeighborhood,38,1000,1,50,60,,,,,,random,hybrid,random,TRUE,,,,,,,0.9,0.1,tournament,3,TRUE,FALSE,0.5,0.1,0.35,5,0,,,,,,,,,,,,,,
J30_1.RCP,0,66.51315789,1.158002138,GA_tournament_hybrid_random_random_noLS_withNeighborhood,38,1000,0,50,60,,,,,,random,hybrid,random,FALSE,,,,,,,0.9,0.1,tournament,3,TRUE,FALSE,0.5,0.1,0.35,5,2,,,,,,,,,,,,,,
J30_1.RCP,1,69.35526316,1.166265011,GA_tournament_hybrid_random_random_noLS_withNeighborhood,38,1000,1,50,60,,,,,,random,hybrid,random,FALSE,,,,,,,0.9,0.1,tournament,3,TRUE,FALSE,0.5,0.1,0.35,5,2,,,,,,,,,,,,,,
J30_1.RCP,0,66.51315789,1.155135155,GA_tournament_hybrid_random_random_noLS_noNeighborhood,38,1000,0,50,60,,,,,,random,hybrid,random,FALSE,,,,,,,0.9,0.1,tournament,3,TRUE,FALSE,0.5,0.1,0.35,5,0,,,,,,,,,,,,,,
J30_1.RCP,1,69.35526316,1.327144861,GA_tournament_hybrid_random_random_noLS_noNeighborhood,38,1000,1,50,60,,,,,,random,hybrid,random,FALSE,,,,,,,0.9,0.1,tournament,3,TRUE,FALSE,0.5,0.1,0.35,5,0,,,,,,,,,,,,,,
J30_1.RCP,0,88.56578947,0.363012075,GA_tournament_hybrid_random_heuristic_withLS_withNeighborhood,38,1000,0,50,60,,,,,,random,hybrid,heuristic,TRUE,,,,,,,0.9,0.1,tournament,3,TRUE,FALSE,0.5,0.1,0.35,5,2,,,,,,,,,,,,,,
J30_1.RCP,1,79.46052632,0.379240036,GA_tournament_hybrid_random_heuristic_withLS_withNeighborhood,38,1000,1,50,60,,,,,,random,hybrid,heuristic,TRUE,,,,,,,0.9,0.1,tournament,3,TRUE,FALSE,0.5,0.1,0.35,5,2,,,,,,,,,,,,,,
J30_1.RCP,0,88.56578947,0.382163048,GA_tournament_hybrid_random_heuristic_withLS_noNeighborhood,38,1000,0,50,60,,,,,,random,hybrid,heuristic,TRUE,,,,,,,0.9,0.1,tournament,3,TRUE,FALSE,0.5,0.1,0.35,5,0,,,,,,,,,,,,,,
J30_1.RCP,1,79.46052632,0.383804798,GA_tournament_hybrid_random_heuristic_withLS_noNeighborhood,38,1000,1,50,60,,,,,,random,hybrid,heuristic,TRUE,,,,,,,0.9,0.1,tournament,3,TRUE,FALSE,0.5,0.1,0.35,5,0,,,,,,,,,,,,,,
J30_1.RCP,0,72.09210526,1.104189873,GA_tournament_hybrid_random_heuristic_noLS_withNeighborhood,38,1000,0,50,60,,,,,,random,hybrid,heuristic,FALSE,,,,,,,0.9,0.1,tournament,3,TRUE,FALSE,0.5,0.1,0.35,5,2,,,,,,,,,,,,,,
J30_1.RCP,1,70.40789474,1.145637274,GA_tournament_hybrid_random_heuristic_noLS_withNeighborhood,38,1000,1,50,60,,,,,,random,hybrid,heuristic,FALSE,,,,,,,0.9,0.1,tournament,3,TRUE,FALSE,0.5,0.1,0.35,5,2,,,,,,,,,,,,,,
J30_1.RCP,0,72.09210526,1.130849838,GA_tournament_hybrid_random_heuristic_noLS_noNeighborhood,38,1000,0,50,60,,,,,,random,hybrid,heuristic,FALSE,,,,,,,0.9,0.1,tournament,3,TRUE,FALSE,0.5,0.1,0.35,5,0,,,,,,,,,,,,,,
J30_1.RCP,1,70.40789474,1.155857325,GA_tournament_hybrid_random_heuristic_noLS_noNeighborhood,38,1000,1,50,60,,,,,,random,hybrid,heuristic,FALSE,,,,,,,0.9,0.1,tournament,3,TRUE,FALSE,0.5,0.1,0.35,5,0,,,,,,,,,,,,,,
J30_1.RCP,0,84.98684211,0.358108282,GA_tournament_hybrid_adaptive_random_withLS_withNeighborhood,38,1000,0,50,60,,,,,,adaptive,hybrid,random,TRUE,,,,,,,0.9,0.1,tournament,3,TRUE,FALSE,0.5,0.1,0.35,5,2,,,,,,,,,,,,,,
J30_1.RCP,1,84.67105263,0.365895033,GA_tournament_hybrid_adaptive_random_withLS_withNeighborhood,38,1000,1,50,60,,,,,,adaptive,hybrid,random,TRUE,,,,,,,0.9,0.1,tournament,3,TRUE,FALSE,0.5,0.1,0.35,5,2,,,,,,,,,,,,,,
J30_1.RCP,0,84.98684211,0.35834384,GA_tournament_hybrid_adaptive_random_withLS_noNeighborhood,38,1000,0,50,60,,,,,,adaptive,hybrid,random,TRUE,,,,,,,0.9,0.1,tournament,3,TRUE,FALSE,0.5,0.1,0.35,5,0,,,,,,,,,,,,,,
J30_1.RCP,1,84.67105263,0.364891052,GA_tournament_hybrid_adaptive_random_withLS_noNeighborhood,38,1000,1,50,60,,,,,,adaptive,hybrid,random,TRUE,,,,,,,0.9,0.1,tournament,3,TRUE,FALSE,0.5,0.1,0.35,5,0,,,,,,,,,,,,,,
J30_1.RCP,0,71.82894737,1.131304264,GA_tournament_hybrid_adaptive_random_noLS_withNeighborhood,38,1000,0,50,60,,,,,,adaptive,hybrid,random,FALSE,,,,,,,0.9,0.1,tournament,3,TRUE,FALSE,0.5,0.1,0.35,5,2,,,,,,,,,,,,,,
J30_1.RCP,1,74.03947368,1.126484156,GA_tournament_hybrid_adaptive_random_noLS_withNeighborhood,38,1000,1,50,60,,,,,,adaptive,hybrid,random,FALSE,,,,,,,0.9,0.1,tournament,3,TRUE,FALSE,0.5,0.1,0.35,5,2,,,,,,,,,,,,,,
J30_1.RCP,0,71.82894737,1.127523661,GA_tournament_hybrid_adaptive_random_noLS_noNeighborhood,38,1000,0,50,60,,,,,,adaptive,hybrid,random,FALSE,,,,,,,0.9,0.1,tournament,3,TRUE,FALSE,0.5,0.1,0.35,5,0,,,,,,,,,,,,,,
J30_1.RCP,1,74.03947368,1.143799067,GA_tournament_hybrid_adaptive_random_noLS_noNeighborhood,38,1000,1,50,60,,,,,,adaptive,hybrid,random,FALSE,,,,,,,0.9,0.1,tournament,3,TRUE,FALSE,0.5,0.1,0.35,5,0,,,,,,,,,,,,,,
J30_1.RCP,0,82.09210526,0.35609293,GA_tournament_hybrid_adaptive_heuristic_withLS_withNeighborhood,38,1000,0,50,60,,,,,,adaptive,hybrid,heuristic,TRUE,,,,,,,0.9,0.1,tournament,3,TRUE,FALSE,0.5,0.1,0.35,5,2,,,,,,,,,,,,,,
J30_1.RCP,1,88.93421053,0.375381947,GA_tournament_hybrid_adaptive_heuristic_withLS_withNeighborhood,38,1000,1,50,60,,,,,,adaptive,hybrid,heuristic,TRUE,,,,,,,0.9,0.1,tournament,3,TRUE,FALSE,0.5,0.1,0.35,5,2,,,,,,,,,,,,,,
J30_1.RCP,0,82.09210526,0.359034777,GA_tournament_hybrid_adaptive_heuristic_withLS_noNeighborhood,38,1000,0,50,60,,,,,,adaptive,hybrid,heuristic,TRUE,,,,,,,0.9,0.1,tournament,3,TRUE,FALSE,0.5,0.1,0.35,5,0,,,,,,,,,,,,,,
J30_1.RCP,1,88.93421053,0.371104956,GA_tournament_hybrid_adaptive_heuristic_withLS_noNeighborhood,38,1000,1,50,60,,,,,,adaptive,hybrid,heuristic,TRUE,,,,,,,0.9,0.1,tournament,3,TRUE,FALSE,0.5,0.1,0.35,5,0,,,,,,,,,,,,,,
J30_1.RCP,0,71.35526316,1.139981031,GA_tournament_hybrid_adaptive_heuristic_noLS_withNeighborhood,38,1000,0,50,60,,,,,,adaptive,hybrid,heuristic,FALSE,,,,,,,0.9,0.1,tournament,3,TRUE,FALSE,0.5,0.1,0.35,5,2,,,,,,,,,,,,,,
J30_1.RCP,1,76.67105263,1.187217951,GA_tournament_hybrid_adaptive_heuristic_noLS_withNeighborhood,38,1000,1,50,60,,,,,,adaptive,hybrid,heuristic,FALSE,,,,,,,0.9,0.1,tournament,3,TRUE,FALSE,0.5,0.1,0.35,5,2,,,,,,,,,,,,,,
J30_1.RCP,0,71.35526316,1.151119947,GA_tournament_hybrid_adaptive_heuristic_noLS_noNeighborhood,38,1000,0,50,60,,,,,,adaptive,hybrid,heuristic,FALSE,,,,,,,0.9,0.1,tournament,3,TRUE,FALSE,0.5,0.1,0.35,5,0,,,,,,,,,,,,,,
J30_1.RCP,1,76.67105263,1.137377024,GA_tournament_hybrid_adaptive_heuristic_noLS_noNeighborhood,38,1000,1,50,60,,,,,,adaptive,hybrid,heuristic,FALSE,,,,,,,0.9,0.1,tournament,3,TRUE,FALSE,0.5,0.1,0.35,5,0,,,,,,,,,,,,,,
J30_1.RCP,0,86.56578947,0.10938406,SA_default,38,1000,0,,60,,,,,,,,,,,,,,,,,,,,,,,,,,,10000,0.995,10,,,,,,,,,,,
J30_1.RCP,1,87.03947368,0.108289003,SA_default,38,1000,1,,60,,,,,,,,,,,,,,,,,,,,,,,,,,,10000,0.995,10,,,,,,,,,,,
J30_1.RCP,0,104.4605263,0.100636005,ILS_strength3,38,1000,0,,60,100,,,,,,,,,,,,,,,,,,,,,,,,,,,,,3,,,,,,,,,,
J30_1.RCP,1,77.88157895,0.100803852,ILS_strength3,38,1000,1,,60,100,,,,,,,,,,,,,,,,,,,,,,,,,,,,,3,,,,,,,,,,
J30_1.RCP,0,104.4605263,0.102797985,ILS_strength5,38,1000,0,,60,100,,,,,,,,,,,,,,,,,,,,,,,,,,,,,5,,,,,,,,,,
J30_1.RCP,1,77.88157895,0.100713968,ILS_strength5,38,1000,1,,60,100,,,,,,,,,,,,,,,,,,,,,,,,,,,,,5,,,,,,,,,,
J30_1.RCP,0,104.4605263,0.100229025,ILS_strength7,38,1000,0,,60,100,,,,,,,,,,,,,,,,,,,,,,,,,,,,,7,,,,,,,,,,
J30_1.RCP,1,77.88157895,0.100469112,ILS_strength7,38,1000,1,,60,100,,,,,,,,,,,,,,,,,,,,,,,,,,,,,7,,,,,,,,,,
J30_1.RCP,0,104.4605263,0.100378275,ILS_strength10,38,1000,0,,60,100,,,,,,,,,,,,,,,,,,,,,,,,,,,,,10,,,,,,,,,,
J30_1.RCP,1,77.88157895,0.100621939,ILS_strength10,38,1000,1,,60,100,,,,,,,,,,,,,,,,,,,,,,,,,,,,,10,,,,,,,,,,
J30_1.RCP,0,104.4605263,0.101427078,ILS_strength15,38,1000,0,,60,100,,,,,,,,,,,,,,,,,,,,,,,,,,,,,15,,,,,,,,,,
J30_1.RCP,1,77.88157895,0.101616859,ILS_strength15,38,1000,1,,60,100,,,,,,,,,,,,,,,,,,,,,,,,,,,,,15,,,,,,,,,,
J30_1.RCP,0,63.46052632,0.114073038,TS_static,38,1000,0,,60,100,,,,,,,,,,,,,,,,,,,,,,,,,20,,,,,10,TRUE,static,1,4,10,,,,
J30_1.RCP,1,64.56578947,0.112412214,TS_static,38,1000,1,,60,100,,,,,,,,,,,,,,,,,,,,,,,,,20,,,,,10,TRUE,static,1,4,10,,,,
J30_1.RCP,0,63.46052632,0.116969824,TS_dynamic,38,1000,0,,60,100,,,,,,,,,,,,,,,,,,,,,,,,,20,,,,,10,TRUE,dynamic,1,4,10,,,,
J30_1.RCP,1,64.56578947,0.114361048,TS_dynamic,38,1000,1,,60,100,,,,,,,,,,,,,,,,,,,,,,,,,20,,,,,10,TRUE,dynamic,1,4,10,,,,
J30_1.RCP,0,118.4605263,0.127214909,PR_forward_best_withLS,38,1000,0,,60,100,,,,,,,,TRUE,,,,,,,,,best,,,,,,,,,,,,,,,,,,,10,forward,50,
J30_1.RCP,1,111.5131579,0.126974106,PR_forward_best_withLS,38,1000,1,,60,100,,,,,,,,TRUE,,,,,,,,,best,,,,,,,,,,,,,,,,,,,10,forward,50,
J30_1.RCP,0,100.8815789,0.045734882,PR_forward_best_noLS,38,1000,0,,60,100,,,,,,,,FALSE,,,,,,,,,best,,,,,,,,,,,,,,,,,,,10,forward,50,
J30_1.RCP,1,91.51315789,0.037670135,PR_forward_best_noLS,38,1000,1,,60,100,,,,,,,,FALSE,,,,,,,,,best,,,,,,,,,,,,,,,,,,,10,forward,50,
J30_1.RCP,0,100.6184211,0.126231909,PR_backward_best_withLS,38,1000,0,,60,100,,,,,,,,TRUE,,,,,,,,,best,,,,,,,,,,,,,,,,,,,10,backward,50,
J30_1.RCP,1,109.6710526,0.127979994,PR_backward_best_withLS,38,1000,1,,60,100,,,,,,,,TRUE,,,,,,,,,best,,,,,,,,,,,,,,,,,,,10,backward,50,
J30_1.RCP,0,115.8289474,0.044548273,PR_backward_best_noLS,38,1000,0,,60,100,,,,,,,,FALSE,,,,,,,,,best,,,,,,,,,,,,,,,,,,,10,backward,50,
J30_1.RCP,1,100.9868421,0.036746979,PR_backward_best_noLS,38,1000,1,,60,100,,,,,,,,FALSE,,,,,,,,,best,,,,,,,,,,,,,,,,,,,10,backward,50,
J30_1.RCP,0,91.77631579,0.847802162,GSA_default,38,1000,0,50,60,100,,,,,,,random,,,,,,,,,,,,TRUE,,20,,,,,,,,,,,,,,,,,,100
J30_1.RCP,1,92.46052632,0.840471983,GSA_default,38,1000,1,50,60,100,,,,,,,random,,,,,,,,,,,,TRUE,,20,,,,,,,,,,,,,,,,,,100
J30_2.RCP,0,98.50736961,0.139888048,DE_rand/1_adaptiveF_bin_adaptiveCR_withLS,42,1000,0,50,60,100,0.1,0.9,TRUE,TRUE,rand/1,bin,random,TRUE,5,0.3,1.5,0.3,1,1,,,,,,,,,,,,,,,,,,,,,,,,,
J30_2.RCP,1,96.98356009,0.138640881,DE_rand/1_adaptiveF_bin_adaptiveCR_withLS,42,1000,1,50,60,100,0.1,0.9,TRUE,TRUE,rand/1,bin,random,TRUE,5,0.3,1.5,0.3,1,1,,,,,,,,,,,,,,,,,,,,,,,,,
J30_2.RCP,0,96.45975057,0.138286829,DE_rand/1_adaptiveF_bin_adaptiveCR_noLS,42,1000,0,50,60,100,0.1,0.9,TRUE,TRUE,rand/1,bin,random,FALSE,5,0.3,1.5,0.3,1,1,,,,,,,,,,,,,,,,,,,,,,,,,
J30_2.RCP,1,99.84070295,0.138220072,DE_rand/1_adaptiveF_bin_adaptiveCR_noLS,42,1000,1,50,60,100,0.1,0.9,TRUE,TRUE,rand/1,bin,random,FALSE,5,0.3,1.5,0.3,1,1,,,,,,,,,,,,,,,,,,,,,,,,,
J30_2.RCP,0,91.07879819,0.140866041,DE_rand/1_adaptiveF_bin_fixedCR_withLS,42,1000,0,50,60,100,0.1,0.9,TRUE,FALSE,rand/1,bin,random,TRUE,5,0.3,1.5,0.3,1,1,,,,,,,,,,,,,,,,,,,,,,,,,
J30_2.RCP,1,91.12641723,0.138493776,DE_rand/1_adaptiveF_bin_fixedCR_withLS,42,1000,1,50,60,100,0.1,0.9,TRUE,FALSE,rand/1,bin,random,TRUE,5,0.3,1.5,0.3,1,1,,,,,,,,,,,,,,,,,,,,,,,,,
J30_2.RCP,0,96.07879819,0.137185097,DE_rand/1_adaptiveF_bin_fixedCR_noLS,42,1000,0,50,60,100,0.1,0.9,TRUE,FALSE,rand/1,bin,random,FALSE,5,0.3,1.5,0.3,1,1,,,,,,,,,,,,,,,,,,,,,,,,,
J30_2.RCP,1,91.07879819,0.136435986,DE_rand/1_adaptiveF_bin_fixedCR_noLS,42,1000,1,50,60,100,0.1,0.9,TRUE,FALSE,rand/1,bin,random,FALSE,5,0.3,1.5,0.3,1,1,,,,,,,,,,,,,,,,,,,,,,,,,
J30_2.RCP,0,96.03117914,0.142074823,DE_rand/1_adaptiveF_exp_adaptiveCR_withLS,42,1000,0,50,60,100,0.1,0.9,TRUE,TRUE,rand/1,exp,random,TRUE,5,0.3,1.5,0.3,1,1,,,,,,,,,,,,,,,,,,,,,,,,,
J30_2.RCP,1,96.50736961,0.140431881,DE_rand/1_adaptiveF_exp_adaptiveCR_withLS,42,1000,1,50,60,100,0.1,0.9,TRUE,TRUE,rand/1,exp,random,TRUE,5,0.3,1.5,0.3,1,1,,,,,,,,,,,,,,,,,,,,,,,,,
J30_2.RCP,0,93.93594104,0.140406132,DE_rand/1_adaptiveF_exp_adaptiveCR_noLS,42,1000,0,50,60,100,0.1,0.9,TRUE,TRUE,rand/1,exp,random,FALSE,5,0.3,1.5,0.3,1,1,,,,,,,,,,,,,,,,,,,,,,,,,
J30_2.RCP,1,95.74546485,0.140262127,DE_rand/1_adaptiveF_exp_adaptiveCR_noLS,42,1000,1,50,60,100,0.1,0.9,TRUE,TRUE,rand/1,exp,random,FALSE,5,0.3,1.5,0.3,1,1,,,,,,,,,,,,,,,,,,,,,,,,,
J30_2.RCP,0,95.60260771,0.140377998,DE_rand/1_adaptiveF_exp_fixedCR_withLS,42,1000,0,50,60,100,0.1,0.9,TRUE,FALSE,rand/1,exp,random,TRUE,5,0.3,1.5,0.3,1,1,,,,,,,,,,,,,,,,,,,,,,,,,
J30_2.RCP,1,95.65022676,0.142400026,DE_rand/1_adaptiveF_exp_fixedCR_withLS,42,1000,1,50,60,100,0.1,0.9,TRUE,FALSE,rand/1,exp,random,TRUE,5,0.3,1.5,0.3,1,1,,,,,,,,,,,,,,,,,,,,,,,,,
J30_2.RCP,0,92.60260771,0.13944006,DE_rand/1_adaptiveF_exp_fixedCR_noLS,42,1000,0,50,60,100,0.1,0.9,TRUE,FALSE,rand/1,exp,random,FALSE,5,0.3,1.5,0.3,1,1,,,,,,,,,,,,,,,,,,,,,,,,,
J30_2.RCP,1,91.93594104,0.140192032,DE_rand/1_adaptiveF_exp_fixedCR_noLS,42,1000,1,50,60,100,0.1,0.9,TRUE,FALSE,rand/1,exp,random,FALSE,5,0.3,1.5,0.3,1,1,,,,,,,,,,,,,,,,,,,,,,,,,
J30_2.RCP,0,95.55498866,0.144845009,DE_rand/1_fixedF_bin_adaptiveCR_withLS,42,1000,0,50,60,100,0.1,0.9,FALSE,TRUE,rand/1,bin,random,TRUE,5,0.3,1.5,0.3,1,1,,,,,,,,,,,,,,,,,,,,,,,,,
J30_2.RCP,1,89.84070295,0.142930984,DE_rand/1_fixedF_bin_adaptiveCR_withLS,42,1000,1,50,60,100,0.1,0.9,FALSE,TRUE,rand/1,bin,random,TRUE,5,0.3,1.5,0.3,1,1,,,,,,,,,,,,,,,,,,,,,,,,,
J30_2.RCP,0,96.93594104,0.144212961,DE_rand/1_fixedF_bin_adaptiveCR_noLS,42,1000,0,50,60,100,0.1,0.9,FALSE,TRUE,rand/1,bin,random,FALSE,5,0.3,1.5,0.3,1,1,,,,,,,,,,,,,,,,,,,,,,,,,
J30_2.RCP,1,95.84070295,0.143437147,DE_rand/1_fixedF_bin_adaptiveCR_noLS,42,1000,1,50,60,100,0.1,0.9,FALSE,TRUE,rand/1,bin,random,FALSE,5,0.3,1.5,0.3,1,1,,,,,,,,,,,,,,,,,,,,,,,,,
J30_2.RCP,0,92.26927438,0.141465902,DE_rand/1_fixedF_bin_fixedCR_withLS,42,1000,0,50,60,100,0.1,0.9,FALSE,FALSE,rand/1,bin,random,TRUE,5,0.3,1.5,0.3,1,1,,,,,,,,,,,,,,,,,,,,,,,,,
J30_2.RCP,1,96.98356009,0.142450094,DE_rand/1_fixedF_bin_fixedCR_withLS,42,1000,1,50,60,100,0.1,0.9,FALSE,FALSE,rand/1,bin,random,TRUE,5,0.3,1.5,0.3,1,1,,,,,,,,,,,,,,,,,,,,,,,,,
J30_2.RCP,0,94.84070295,0.139506817,DE_rand/1_fixedF_bin_fixedCR_noLS,42,1000,0,50,60,100,0.1,0.9,FALSE,FALSE,rand/1,bin,random,FALSE,5,0.3,1.5,0.3,1,1,,,,,,,,,,,,,,,,,,,,,,,,,
J30_2.RCP,1,93.50736961,0.137086868,DE_rand/1_fixedF_bin_fixedCR_noLS,42,1000,1,50,60,100,0.1,0.9,FALSE,FALSE,rand/1,bin,random,FALSE,5,0.3,1.5,0.3,1,1,,,,,,,,,,,,,,,,,,,,,,,,,
J30_2.RCP,0,98.50736961,0.146184206,DE_rand/1_fixedF_exp_adaptiveCR_withLS,42,1000,0,50,60,100,0.1,0.9,FALSE,TRUE,rand/1,exp,random,TRUE,5,0.3,1.5,0.3,1,1,,,,,,,,,,,,,,,,,,,,,,,,,
J30_2.RCP,1,98.84070295,0.146126032,DE_rand/1_fixedF_exp_adaptiveCR_withLS,42,1000,1,50,60,100,0.1,0.9,FALSE,TRUE,rand/1,exp,random,TRUE,5,0.3,1.5,0.3,1,1,,,,,,,,,,,,,,,,,,,,,,,,,
J30_2.RCP,0,96.41213152,0.144402027,DE_rand/1_fixedF_exp_adaptiveCR_noLS,42,1000,0,50,60,100,0.1,0.9,FALSE,TRUE,rand/1,exp,random,FALSE,5,0.3,1.5,0.3,1,1,,,,,,,,,,,,,,,,,,,,,,,,,
J30_2.RCP,1,99.84070295,0.14162302,DE_rand/1_fixedF_exp_adaptiveCR_noLS,42,1000,1,50,60,100,0.1,0.9,FALSE,TRUE,rand/1,exp,random,FALSE,5,0.3,1.5,0.3,1,1,,,,,,,,,,,,,,,,,,,,,,,,,
J30_2.RCP,0,96.93594104,0.143066883,DE_rand/1_fixedF_exp_fixedCR_withLS,42,1000,0,50,60,100,0.1,0.9,FALSE,FALSE,rand/1,exp,random,TRUE,5,0.3,1.5,0.3,1,1,,,,,,,,,,,,,,,,,,,,,,,,,
J30_2.RCP,1,100.4597506,0.144604921,DE_rand/1_fixedF_exp_fixedCR_withLS,42,1000,1,50,60,100,0.1,0.9,FALSE,FALSE,rand/1,exp,random,TRUE,5,0.3,1.5,0.3,1,1,,,,,,,,,,,,,,,,,,,,,,,,,
J30_2.RCP,0,94.17403628,0.14169693,DE_rand/1_fixedF_exp_fixedCR_noLS,42,1000,0,50,60,100,0.1,0.9,FALSE,FALSE,rand/1,exp,random,FALSE,5,0.3,1.5,0.3,1,1,,,,,,,,,,,,,,,,,,,,,,,,,
J30_2.RCP,1,95.36451247,0.141885042,DE_rand/1_fixedF_exp_fixedCR_noLS,42,1000,1,50,60,100,0.1,0.9,FALSE,FALSE,rand/1,exp,random,FALSE,5,0.3,1.5,0.3,1,1,,,,,,,,,,,,,,,,,,,,,,,,,
J30_2.RCP,0,96.84070295,0.145286083,DE_rand/2_adaptiveF_bin_adaptiveCR_withLS,42,1000,0,50,60,100,0.1,0.9,TRUE,TRUE,rand/2,bin,random,TRUE,5,0.3,1.5,0.3,1,1,,,,,,,,,,,,,,,,,,,,,,,,,
J30_2.RCP,1,93.03117914,0.152561903,DE_rand/2_adaptiveF_bin_adaptiveCR_withLS,42,1000,1,50,60,100,0.1,0.9,TRUE,TRUE,rand/2,bin,random,TRUE,5,0.3,1.5,0.3,1,1,,,,,,,,,,,,,,,,,,,,,,,,,
J30_2.RCP,0,95.93594104,0.1461761,DE_rand/2_adaptiveF_bin_adaptiveCR_noLS,42,1000,0,50,60,100,0.1,0.9,TRUE,TRUE,rand/2,bin,random,FALSE,5,0.3,1.5,0.3,1,1,,,,,,,,,,,,,,,,,,,,,,,,,
J30_2.RCP,1,94.36451247,0.141735792,DE_rand/2_adaptiveF_bin_adaptiveCR_noLS,42,1000,1,50,60,100,0.1,0.9,TRUE,TRUE,rand/2,bin,random,FALSE,5,0.3,1.5,0.3,1,1,,,,,,,,,,,,,,,,,,,,,,,,,
J30_2.RCP,0,96.55498866,0.140823841,DE_rand/2_adaptiveF_bin_fixedCR_withLS,42,1000,0,50,60,100,0.1,0.9,TRUE,FALSE,rand/2,bin,random,TRUE,5,0.3,1.5,0.3,1,1,,,,,,,,,,,,,,,,,,,,,,,,,
J30_2.RCP,1,91.74546485,0.140681982,DE_rand/2_adaptiveF_bin_fixedCR_withLS,42,1000,1,50,60,100,0.1,0.9,TRUE,FALSE,rand/2,bin,random,TRUE,5,0.3,1.5,0.3,1,1,,,,,,,,,,,,,,,,,,,,,,,,,
J30_2.RCP,0,86.50736961,0.138921976,DE_rand/2_adaptiveF_bin_fixedCR_noLS,42,1000,0,50,60,100,0.1,0.9,TRUE,FALSE,rand/2,bin,random,FALSE,5,0.3,1.5,0.3,1,1,,,,,,,,,,,,,,,,,,,,,,,,,
J30_2.RCP,1,90.98356009,0.138244152,DE_rand/2_adaptiveF_bin_fixedCR_noLS,42,1000,1,50,60,100,0.1,0.9,TRUE,FALSE,rand/2,bin,random,FALSE,5,0.3,1.5,0.3,1,1,,,,,,,,,,,,,,,,,,,,,,,,,
J30_2.RCP,0,96.84070295,0.146604776,DE_rand/2_adaptiveF_exp_adaptiveCR_withLS,42,1000,0,50,60,100,0.1,0.9,TRUE,TRUE,rand/2,exp,random,TRUE,5,0.3,1.5,0.3,1,1,,,,,,,,,,,,,,,,,,,,,,,,,
J30_2.RCP,1,96.50736961,0.143542051,DE_rand/2_adaptiveF_exp_adaptiveCR_withLS,42,1000,1,50,60,100,0.1,0.9,TRUE,TRUE,rand/2,exp,random,TRUE,5,0.3,1.5,0.3,1,1,,,,,,,,,,,,,,,,,,,,,,,,,
J30_2.RCP,0,93.65022676,0.142731905,DE_rand/2_adaptiveF_exp_adaptiveCR_noLS,42,1000,0,50,60,100,0.1,0.9,TRUE,TRUE,rand/2,exp,random,FALSE,5,0.3,1.5,0.3,1,1,,,,,,,,,,,,,,,,,,,,,,,,,
J30_2.RCP,1,94.07879819,0.141344786,DE_rand/2_adaptiveF_exp_adaptiveCR_noLS,42,1000,1,50,60,100,0.1,0.9,TRUE,TRUE,rand/2,exp,random,FALSE,5,0.3,1.5,0.3,1,1,,,,,,,,,,,,,,,,,,,,,,,,,
J30_2.RCP,0,93.17403628,0.143406868,DE_rand/2_adaptiveF_exp_fixedCR_withLS,42,1000,0,50,60,100,0.1,0.9,TRUE,FALSE,rand/2,exp,random,TRUE,5,0.3,1.5,0.3,1,1,,,,,,,,,,,,,,,,,,,,,,,,,
J30_2.RCP,1,94.41213152,0.143213749,DE_rand/2_adaptiveF_exp_fixedCR_withLS,42,1000,1,50,60,100,0.1,0.9,TRUE,FALSE,rand/2,exp,random,TRUE,5,0.3,1.5,0.3,1,1,,,,,,,,,,,,,,,,,,,,,,,,,
J30_2.RCP,0,92.55498866,0.142724037,DE_rand/2_adaptiveF_exp_fixedCR_noLS,42,1000,0,50,60,100,0.1,0.9,TRUE,FALSE,rand/2,exp,random,FALSE,5,0.3,1.5,0.3,1,1,,,,,,,,,,,,,,,,,,,,,,,,,
J30_2.RCP,1,92.03117914,0.141582966,DE_rand/2_adaptiveF_exp_fixedCR_noLS,42,1000,1,50,60,100,0.1,0.9,TRUE,FALSE,rand/2,exp,random,FALSE,5,0.3,1.5,0.3,1,1,,,,,,,,,,,,,,,,,,,,,,,,,
J30_2.RCP,0,100.7454649,0.152242899,DE_rand/2_fixedF_bin_adaptiveCR_withLS,42,1000,0,50,60,100,0.1,0.9,FALSE,TRUE,rand/2,bin,random,TRUE,5,0.3,1.5,0.3,1,1,,,,,,,,,,,,,,,,,,,,,,,,,
J30_2.RCP,1,94.45975057,0.149356127,DE_rand/2_fixedF_bin_adaptiveCR_withLS,42,1000,1,50,60,100,0.1,0.9,FALSE,TRUE,rand/2,bin,random,TRUE,5,0.3,1.5,0.3,1,1,,,,,,,,,,,,,,,,,,,,,,,,,
J30_2.RCP,0,95.55498866,0.145912886,DE_rand/2_fixedF_bin_adaptiveCR_noLS,42,1000,0,50,60,100,0.1,0.9,FALSE,TRUE,rand/2,bin,random,FALSE,5,0.3,1.5,0.3,1,1,,,,,,,,,,,,,,,,,,,,,,,,,
J30_2.RCP,1,94.74546485,0.147494078,DE_rand/2_fixedF_bin_adaptiveCR_noLS,42,1000,1,50,60,100,0.1,0.9,FALSE,TRUE,rand/2,bin,random,FALSE,5,0.3,1.5,0.3,1,1,,,,,,,,,,,,,,,,,,,,,,,,,
J30_2.RCP,0,96.93594104,0.148704052,DE_rand/2_fixedF_bin_fixedCR_withLS,42,1000,0,50,60,100,0.1,0.9,FALSE,FALSE,rand/2,bin,random,TRUE,5,0.3,1.5,0.3,1,1,,,,,,,,,,,,,,,,,,,,,,,,,
J30_2.RCP,1,99.65022676,0.148199081,DE_rand/2_fixedF_bin_fixedCR_withLS,42,1000,1,50,60,100,0.1,0.9,FALSE,FALSE,rand/2,bin,random,TRUE,5,0.3,1.5,0.3,1,1,,,,,,,,,,,,,,,,,,,,,,,,,
J30_2.RCP,0,92.6978458,0.143287659,DE_rand/2_fixedF_bin_fixedCR_noLS,42,1000,0,50,60,100,0.1,0.9,FALSE,FALSE,rand/2,bin,random,FALSE,5,0.3,1.5,0.3,1,1,,,,,,,,,,,,,,,,,,,,,,,,,
J30_2.RCP,1,96.45975057,0.145079851,DE_rand/2_fixedF_bin_fixedCR_noLS,42,1000,1,50,60,100,0.1,0.9,FALSE,FALSE,rand/2,bin,random,FALSE,5,0.3,1.5,0.3,1,1,,,,,,,,,,,,,,,,,,,,,,,,,
J30_2.RCP,0,99.93594104,0.157798767,DE_rand/2_fixedF_exp_adaptiveCR_withLS,42,1000,0,50,60,100,0.1,0.9,FALSE,TRUE,rand/2,exp,random,TRUE,5,0.3,1.5,0.3,1,1,,,,,,,,,,,,,,,,,,,,,,,,,
J30_2.RCP,1,102.9835601,0.153486967,DE_rand/2_fixedF_exp_adaptiveCR_withLS,42,1000,1,50,60,100,0.1,0.9,FALSE,TRUE,rand/2,exp,random,TRUE,5,0.3,1.5,0.3,1,1,,,,,,,,,,,,,,,,,,,,,,,,,
J30_2.RCP,0,93.93594104,0.147334099,DE_rand/2_fixedF_exp_adaptiveCR_noLS,42,1000,0,50,60,100,0.1,0.9,FALSE,TRUE,rand/2,exp,random,FALSE,5,0.3,1.5,0.3,1,1,,,,,,,,,,,,,,,,,,,,,,,,,
J30_2.RCP,1,98.26927438,0.149343014,DE_rand/2_fixedF_exp_adaptiveCR_noLS,42,1000,1,50,60,100,0.1,0.9,FALSE,TRUE,rand/2,exp,random,FALSE,5,0.3,1.5,0.3,1,1,,,,,,,,,,,,,,,,,,,,,,,,,
J30_2.RCP,0,98.36451247,0.152766943,DE_rand/2_fixedF_exp_fixedCR_withLS,42,1000,0,50,60,100,0.1,0.9,FALSE,FALSE,rand/2,exp,random,TRUE,5,0.3,1.5,0.3,1,1,,,,,,,,,,,,,,,,,,,,,,,,,
J30_2.RCP,1,98.41213152,0.153956175,DE_rand/2_fixedF_exp_fixedCR_withLS,42,1000,1,50,60,100,0.1,0.9,FALSE,FALSE,rand/2,exp,random,TRUE,5,0.3,1.5,0.3,1,1,,,,,,,,,,,,,,,,,,,,,,,,,
J30_2.RCP,0,95.98356009,0.150218964,DE_rand/2_fixedF_exp_fixedCR_noLS,42,1000,0,50,60,100,0.1,0.9,FALSE,FALSE,rand/2,exp,random,FALSE,5,0.3,1.5,0.3,1,1,,,,,,,,,,,,,,,,,,,,,,,,,
J30_2.RCP,1,98.6978458,0.147282124,DE_rand/2_fixedF_exp_fixedCR_noLS,42,1000,1,50,60,100,0.1,0.9,FALSE,FALSE,rand/2,exp,random,FALSE,5,0.3,1.5,0.3,1,1,,,,,,,,,,,,,,,,,,,,,,,,,
J30_2.RCP,0,93.93594104,0.142848015,DE_best/1_adaptiveF_bin_adaptiveCR_withLS,42,1000,0,50,60,100,0.1,0.9,TRUE,TRUE,best/1,bin,random,TRUE,5,0.3,1.5,0.3,1,1,,,,,,,,,,,,,,,,,,,,,,,,,
J30_2.RCP,1,98.17403628,0.14180088,DE_best/1_adaptiveF_bin_adaptiveCR_withLS,42,1000,1,50,60,100,0.1,0.9,TRUE,TRUE,best/1,bin,random,TRUE,5,0.3,1.5,0.3,1,1,,,,,,,,,,,,,,,,,,,,,,,,,
J30_2.RCP,0,98.26927438,0.140408039,DE_best/1_adaptiveF_bin_adaptiveCR_noLS,42,1000,0,50,60,100,0.1,0.9,TRUE,TRUE,best/1,bin,random,FALSE,5,0.3,1.5,0.3,1,1,,,,,,,,,,,,,,,,,,,,,,,,,
J30_2.RCP,1,91.41213152,0.13896203,DE_best/1_adaptiveF_bin_adaptiveCR_noLS,42,1000,1,50,60,100,0.1,0.9,TRUE,TRUE,best/1,bin,random,FALSE,5,0.3,1.5,0.3,1,1,,,,,,,,,,,,,,,,,,,,,,,,,
J30_2.RCP,0,90.60260771,0.14072299,DE_best/1_adaptiveF_bin_fixedCR_withLS,42,1000,0,50,60,100,0.1,0.9,TRUE,FALSE,best/1,bin,random,TRUE,5,0.3,1.5,0.3,1,1,,,,,,,,,,,,,,,,,,,,,,,,,
J30_2.RCP,1,87.7930839,0.14522624,DE_best/1_adaptiveF_bin_fixedCR_withLS,42,1000,1,50,60,100,0.1,0.9,TRUE,FALSE,best/1,bin,random,TRUE,5,0.3,1.5,0.3,1,1,,,,,,,,,,,,,,,,,,,,,,,,,
J30_2.RCP,0,85.7930839,0.144582987,DE_best/1_adaptiveF_bin_fixedCR_noLS,42,1000,0,50,60,100,0.1,0.9,TRUE,FALSE,best/1,bin,random,FALSE,5,0.3,1.5,0.3,1,1,,,,,,,,,,,,,,,,,,,,,,,,,
J30_2.RCP,1,91.45975057,0.144068003,DE_best/1_adaptiveF_bin_fixedCR_noLS,42,1000,1,50,60,100,0.1,0.9,TRUE,FALSE,best/1,bin,random,FALSE,5,0.3,1.5,0.3,1,1,,,,,,,,,,,,,,,,,,,,,,,,,
J30_2.RCP,0,96.60260771,0.144546032,DE_best/1_adaptiveF_exp_adaptiveCR_withLS,42,1000,0,50,60,100,0.1,0.9,TRUE,TRUE,best/1,exp,random,TRUE,5,0.3,1.5,0.3,1,1,,,,,,,,,,,,,,,,,,,,,,,,,
J30_2.RCP,1,98.74546485,0.144201994,DE_best/1_adaptiveF_exp_adaptiveCR_withLS,42,1000,1,50,60,100,0.1,0.9,TRUE,TRUE,best/1,exp,random,TRUE,5,0.3,1.5,0.3,1,1,,,,,,,,,,,,,,,,,,,,,,,,,
J30_2.RCP,0,93.26927438,0.143431902,DE_best/1_adaptiveF_exp_adaptiveCR_noLS,42,1000,0,50,60,100,0.1,0.9,TRUE,TRUE,best/1,exp,random,FALSE,5,0.3,1.5,0.3,1,1,,,,,,,,,,,,,,,,,,,,,,,,,
J30_2.RCP,1,93.84070295,0.142158747,DE_best/1_adaptiveF_exp_adaptiveCR_noLS,42,1000,1,50,60,100,0.1,0.9,TRUE,TRUE,best/1,exp,random,FALSE,5,0.3,1.5,0.3,1,1,,,,,,,,,,,,,,,,,,,,,,,,,
J30_2.RCP,0,91.98356009,0.144420862,DE_best/1_adaptiveF_exp_fixedCR_withLS,42,1000,0,50,60,100,0.1,0.9,TRUE,FALSE,best/1,exp,random,TRUE,5,0.3,1.5,0.3,1,1,,,,,,,,,,,,,,,,,,,,,,,,,
J30_2.RCP,1,91.36451247,0.143831968,DE_best/1_adaptiveF_exp_fixedCR_withLS,42,1000,1,50,60,100,0.1,0.9,TRUE,FALSE,best/1,exp,random,TRUE,5,0.3,1.5,0.3,1,1,,,,,,,,,,,,,,,,,,,,,,,,,
J30_2.RCP,0,92.7930839,0.14321208,DE_best/1_adaptiveF_exp_fixedCR_noLS,42,1000,0,50,60,100,0.1,0.9,TRUE,FALSE,best/1,exp,random,FALSE,5,0.3,1.5,0.3,1,1,,,,,,,,,,,,,,,,,,,,,,,,,
J30_2.RCP,1,94.17403628,0.142682076,DE_best/1_adaptiveF_exp_fixedCR_noLS,42,1000,1,50,60,100,0.1,0.9,TRUE,FALSE,best/1,exp,random,FALSE,5,0.3,1.5,0.3,1,1,,,,,,,,,,,,,,,,,,,,,,,,,
J30_2.RCP,0,96.84070295,0.146520138,DE_best/1_fixedF_bin_adaptiveCR_withLS,42,1000,0,50,60,100,0.1,0.9,FALSE,TRUE,best/1,bin,random,TRUE,5,0.3,1.5,0.3,1,1,,,,,,,,,,,,,,,,,,,,,,,,,
J30_2.RCP,1,92.03117914,0.14718914,DE_best/1_fixedF_bin_adaptiveCR_withLS,42,1000,1,50,60,100,0.1,0.9,FALSE,TRUE,best/1,bin,random,TRUE,5,0.3,1.5,0.3,1,1,,,,,,,,,,,,,,,,,,,,,,,,,
J30_2.RCP,0,90.84070295,0.143745899,DE_best/1_fixedF_bin_adaptiveCR_noLS,42,1000,0,50,60,100,0.1,0.9,FALSE,TRUE,best/1,bin,random,FALSE,5,0.3,1.5,0.3,1,1,,,,,,,,,,,,,,,,,,,,,,,,,
J30_2.RCP,1,93.98356009,0.144558907,DE_best/1_fixedF_bin_adaptiveCR_noLS,42,1000,1,50,60,100,0.1,0.9,FALSE,TRUE,best/1,bin,random,FALSE,5,0.3,1.5,0.3,1,1,,,,,,,,,,,,,,,,,,,,,,,,,
J30_2.RCP,0,91.41213152,0.141456842,DE_best/1_fixedF_bin_fixedCR_withLS,42,1000,0,50,60,100,0.1,0.9,FALSE,FALSE,best/1,bin,random,TRUE,5,0.3,1.5,0.3,1,1,,,,,,,,,,,,,,,,,,,,,,,,,
J30_2.RCP,1,96.7930839,0.14039135,DE_best/1_fixedF_bin_fixedCR_withLS,42,1000,1,50,60,100,0.1,0.9,FALSE,FALSE,best/1,bin,random,TRUE,5,0.3,1.5,0.3,1,1,,,,,,,,,,,,,,,,,,,,,,,,,
J30_2.RCP,0,94.98356009,0.138592005,DE_best/1_fixedF_bin_fixedCR_noLS,42,1000,0,50,60,100,0.1,0.9,FALSE,FALSE,best/1,bin,random,FALSE,5,0.3,1.5,0.3,1,1,,,,,,,,,,,,,,,,,,,,,,,,,
J30_2.RCP,1,96.26927438,0.137587309,DE_best/1_fixedF_bin_fixedCR_noLS,42,1000,1,50,60,100,0.1,0.9,FALSE,FALSE,best/1,bin,random,FALSE,5,0.3,1.5,0.3,1,1,,,,,,,,,,,,,,,,,,,,,,,,,
J30_2.RCP,0,92.22165533,0.148597717,DE_best/1_fixedF_exp_adaptiveCR_withLS,42,1000,0,50,60,100,0.1,0.9,FALSE,TRUE,best/1,exp,random,TRUE,5,0.3,1.5,0.3,1,1,,,,,,,,,,,,,,,,,,,,,,,,,
J30_2.RCP,1,91.07879819,0.147115946,DE_best/1_fixedF_exp_adaptiveCR_withLS,42,1000,1,50,60,100,0.1,0.9,FALSE,TRUE,best/1,exp,random,TRUE,5,0.3,1.5,0.3,1,1,,,,,,,,,,,,,,,,,,,,,,,,,
J30_2.RCP,0,93.45975057,0.146191835,DE_best/1_fixedF_exp_adaptiveCR_noLS,42,1000,0,50,60,100,0.1,0.9,FALSE,TRUE,best/1,exp,random,FALSE,5,0.3,1.5,0.3,1,1,,,,,,,,,,,,,,,,,,,,,,,,,
J30_2.RCP,1,90.55498866,0.145702124,DE_best/1_fixedF_exp_adaptiveCR_noLS,42,1000,1,50,60,100,0.1,0.9,FALSE,TRUE,best/1,exp,random,FALSE,5,0.3,1.5,0.3,1,1,,,,,,,,,,,,,,,,,,,,,,,,,
J30_2.RCP,0,89.7930839,0.144304037,DE_best/1_fixedF_exp_fixedCR_withLS,42,1000,0,50,60,100,0.1,0.9,FALSE,FALSE,best/1,exp,random,TRUE,5,0.3,1.5,0.3,1,1,,,,,,,,,,,,,,,,,,,,,,,,,
J30_2.RCP,1,92.26927438,0.142812967,DE_best/1_fixedF_exp_fixedCR_withLS,42,1000,1,50,60,100,0.1,0.9,FALSE,FALSE,best/1,exp,random,TRUE,5,0.3,1.5,0.3,1,1,,,,,,,,,,,,,,,,,,,,,,,,,
J30_2.RCP,0,91.65022676,0.140481234,DE_best/1_fixedF_exp_fixedCR_noLS,42,1000,0,50,60,100,0.1,0.9,FALSE,FALSE,best/1,exp,random,FALSE,5,0.3,1.5,0.3,1,1,,,,,,,,,,,,,,,,,,,,,,,,,
J30_2.RCP,1,95.12641723,0.138565063,DE_best/1_fixedF_exp_fixedCR_noLS,42,1000,1,50,60,100,0.1,0.9,FALSE,FALSE,best/1,exp,random,FALSE,5,0.3,1.5,0.3,1,1,,,,,,,,,,,,,,,,,,,,,,,,,
J30_2.RCP,0,98.98356009,0.144793749,DE_best/2_adaptiveF_bin_adaptiveCR_withLS,42,1000,0,50,60,100,0.1,0.9,TRUE,TRUE,best/2,bin,random,TRUE,5,0.3,1.5,0.3,1,1,,,,,,,,,,,,,,,,,,,,,,,,,
J30_2.RCP,1,97.31689342,0.145532131,DE_best/2_adaptiveF_bin_adaptiveCR_withLS,42,1000,1,50,60,100,0.1,0.9,TRUE,TRUE,best/2,bin,random,TRUE,5,0.3,1.5,0.3,1,1,,,,,,,,,,,,,,,,,,,,,,,,,
J30_2.RCP,0,97.31689342,0.143636227,DE_best/2_adaptiveF_bin_adaptiveCR_noLS,42,1000,0,50,60,100,0.1,0.9,TRUE,TRUE,best/2,bin,random,FALSE,5,0.3,1.5,0.3,1,1,,,,,,,,,,,,,,,,,,,,,,,,,
J30_2.RCP,1,94.22165533,0.143805027,DE_best/2_adaptiveF_bin_adaptiveCR_noLS,42,1000,1,50,60,100,0.1,0.9,TRUE,TRUE,best/2,bin,random,FALSE,5,0.3,1.5,0.3,1,1,,,,,,,,,,,,,,,,,,,,,,,,,
J30_2.RCP,0,91.26927438,0.143743992,DE_best/2_adaptiveF_bin_fixedCR_withLS,42,1000,0,50,60,100,0.1,0.9,TRUE,FALSE,best/2,bin,random,TRUE,5,0.3,1.5,0.3,1,1,,,,,,,,,,,,,,,,,,,,,,,,,
J30_2.RCP,1,90.12641723,0.143851995,DE_best/2_adaptiveF_bin_fixedCR_withLS,42,1000,1,50,60,100,0.1,0.9,TRUE,FALSE,best/2,bin,random,TRUE,5,0.3,1.5,0.3,1,1,,,,,,,,,,,,,,,,,,,,,,,,,
J30_2.RCP,0,89.65022676,0.141848087,DE_best/2_adaptiveF_bin_fixedCR_noLS,42,1000,0,50,60,100,0.1,0.9,TRUE,FALSE,best/2,bin,random,FALSE,5,0.3,1.5,0.3,1,1,,,,,,,,,,,,,,,,,,,,,,,,,
J30_2.RCP,1,89.74546485,0.142782927,DE_best/2_adaptiveF_bin_fixedCR_noLS,42,1000,1,50,60,100,0.1,0.9,TRUE,FALSE,best/2,bin,random,FALSE,5,0.3,1.5,0.3,1,1,,,,,,,,,,,,,,,,,,,,,,,,,
J30_2.RCP,0,95.55498866,0.14818716,DE_best/2_adaptiveF_exp_adaptiveCR_withLS,42,1000,0,50,60,100,0.1,0.9,TRUE,TRUE,best/2,exp,random,TRUE,5,0.3,1.5,0.3,1,1,,,,,,,,,,,,,,,,,,,,,,,,,
J30_2.RCP,1,94.84070295,0.149260998,DE_best/2_adaptiveF_exp_adaptiveCR_withLS,42,1000,1,50,60,100,0.1,0.9,TRUE,TRUE,best/2,exp,random,TRUE,5,0.3,1.5,0.3,1,1,,,,,,,,,,,,,,,,,,,,,,,,,
J30_2.RCP,0,93.7930839,0.145047903,DE_best/2_adaptiveF_exp_adaptiveCR_noLS,42,1000,0,50,60,100,0.1,0.9,TRUE,TRUE,best/2,exp,random,FALSE,5,0.3,1.5,0.3,1,1,,,,,,,,,,,,,,,,,,,,,,,,,
J30_2.RCP,1,96.26927438,0.143420219,DE_best/2_adaptiveF_exp_adaptiveCR_noLS,42,1000,1,50,60,100,0.1,0.9,TRUE,TRUE,best/2,exp,random,FALSE,5,0.3,1.5,0.3,1,1,,,,,,,,,,,,,,,,,,,,,,,,,
J30_2.RCP,0,83.888322,0.14607501,DE_best/2_adaptiveF_exp_fixedCR_withLS,42,1000,0,50,60,100,0.1,0.9,TRUE,FALSE,best/2,exp,random,TRUE,5,0.3,1.5,0.3,1,1,,,,,,,,,,,,,,,,,,,,,,,,,
J30_2.RCP,1,95.98356009,0.144248724,DE_best/2_adaptiveF_exp_fixedCR_withLS,42,1000,1,50,60,100,0.1,0.9,TRUE,FALSE,best/2,exp,random,TRUE,5,0.3,1.5,0.3,1,1,,,,,,,,,,,,,,,,,,,,,,,,,
J30_2.RCP,0,95.888322,0.143445015,DE_best/2_adaptiveF_exp_fixedCR_noLS,42,1000,0,50,60,100,0.1,0.9,TRUE,FALSE,best/2,exp,random,FALSE,5,0.3,1.5,0.3,1,1,,,,,,,,,,,,,,,,,,,,,,,,,
J30_2.RCP,1,91.31689342,0.144630194,DE_best/2_adaptiveF_exp_fixedCR_noLS,42,1000,1,50,60,100,0.1,0.9,TRUE,FALSE,best/2,exp,random,FALSE,5,0.3,1.5,0.3,1,1,,,,,,,,,,,,,,,,,,,,,,,,,
J30_2.RCP,0,93.45975057,0.155065298,DE_best/2_fixedF_bin_adaptiveCR_withLS,42,1000,0,50,60,100,0.1,0.9,FALSE,TRUE,best/2,bin,random,TRUE,5,0.3,1.5,0.3,1,1,,,,,,,,,,,,,,,,,,,,,,,,,
J30_2.RCP,1,94.31689342,0.15358901,DE_best/2_fixedF_bin_adaptiveCR_withLS,42,1000,1,50,60,100,0.1,0.9,FALSE,TRUE,best/2,bin,random,TRUE,5,0.3,1.5,0.3,1,1,,,,,,,,,,,,,,,,,,,,,,,,,
J30_2.RCP,0,92.17403628,0.148750067,DE_best/2_fixedF_bin_adaptiveCR_noLS,42,1000,0,50,60,100,0.1,0.9,FALSE,TRUE,best/2,bin,random,FALSE,5,0.3,1.5,0.3,1,1,,,,,,,,,,,,,,,,,,,,,,,,,
J30_2.RCP,1,93.31689342,0.146587849,DE_best/2_fixedF_bin_adaptiveCR_noLS,42,1000,1,50,60,100,0.1,0.9,FALSE,TRUE,best/2,bin,random,FALSE,5,0.3,1.5,0.3,1,1,,,,,,,,,,,,,,,,,,,,,,,,,
J30_2.RCP,0,88.26927438,0.147840977,DE_best/2_fixedF_bin_fixedCR_withLS,42,1000,0,50,60,100,0.1,0.9,FALSE,FALSE,best/2,bin,random,TRUE,5,0.3,1.5,0.3,1,1,,,,,,,,,,,,,,,,,,,,,,,,,
J30_2.RCP,1,91.22165533,0.145571232,DE_best/2_fixedF_bin_fixedCR_withLS,42,1000,1,50,60,100,0.1,0.9,FALSE,FALSE,best/2,bin,random,TRUE,5,0.3,1.5,0.3,1,1,,,,,,,,,,,,,,,,,,,,,,,,,
J30_2.RCP,0,92.41213152,0.142296076,DE_best/2_fixedF_bin_fixedCR_noLS,42,1000,0,50,60,100,0.1,0.9,FALSE,FALSE,best/2,bin,random,FALSE,5,0.3,1.5,0.3,1,1,,,,,,,,,,,,,,,,,,,,,,,,,
J30_2.RCP,1,94.26927438,0.141674995,DE_best/2_fixedF_bin_fixedCR_noLS,42,1000,1,50,60,100,0.1,0.9,FALSE,FALSE,best/2,bin,random,FALSE,5,0.3,1.5,0.3,1,1,,,,,,,,,,,,,,,,,,,,,,,,,
J30_2.RCP,0,93.84070295,0.153477907,DE_best/2_fixedF_exp_adaptiveCR_withLS,42,1000,0,50,60,100,0.1,0.9,FALSE,TRUE,best/2,exp,random,TRUE,5,0.3,1.5,0.3,1,1,,,,,,,,,,,,,,,,,,,,,,,,,
J30_2.RCP,1,93.41213152,0.154814959,DE_best/2_fixedF_exp_adaptiveCR_withLS,42,1000,1,50,60,100,0.1,0.9,FALSE,TRUE,best/2,exp,random,TRUE,5,0.3,1.5,0.3,1,1,,,,,,,,,,,,,,,,,,,,,,,,,
J30_2.RCP,0,91.31689342,0.151257038,DE_best/2_fixedF_exp_adaptiveCR_noLS,42,1000,0,50,60,100,0.1,0.9,FALSE,TRUE,best/2,exp,random,FALSE,5,0.3,1.5,0.3,1,1,,,,,,,,,,,,,,,,,,,,,,,,,
J30_2.RCP,1,96.12641723,0.14896822,DE_best/2_fixedF_exp_adaptiveCR_noLS,42,1000,1,50,60,100,0.1,0.9,FALSE,TRUE,best/2,exp,random,FALSE,5,0.3,1.5,0.3,1,1,,,,,,,,,,,,,,,,,,,,,,,,,
J30_2.RCP,0,90.17403628,0.147992134,DE_best/2_fixedF_exp_fixedCR_withLS,42,1000,0,50,60,100,0.1,0.9,FALSE,FALSE,best/2,exp,random,TRUE,5,0.3,1.5,0.3,1,1,,,,,,,,,,,,,,,,,,,,,,,,,
J30_2.RCP,1,93.93594104,0.149005175,DE_best/2_fixedF_exp_fixedCR_withLS,42,1000,1,50,60,100,0.1,0.9,FALSE,FALSE,best/2,exp,random,TRUE,5,0.3,1.5,0.3,1,1,,,,,,,,,,,,,,,,,,,,,,,,,
J30_2.RCP,0,94.36451247,0.146694899,DE_best/2_fixedF_exp_fixedCR_noLS,42,1000,0,50,60,100,0.1,0.9,FALSE,FALSE,best/2,exp,random,FALSE,5,0.3,1.5,0.3,1,1,,,,,,,,,,,,,,,,,,,,,,,,,
J30_2.RCP,1,93.36451247,0.143837929,DE_best/2_fixedF_exp_fixedCR_noLS,42,1000,1,50,60,100,0.1,0.9,FALSE,FALSE,best/2,exp,random,FALSE,5,0.3,1.5,0.3,1,1,,,,,,,,,,,,,,,,,,,,,,,,,
J30_2.RCP,0,95.12641723,0.142544985,DE_adaptive_bin_adaptiveCR_withLS,42,1000,0,50,60,100,0.1,0.9,TRUE,TRUE,adaptive,bin,random,TRUE,5,0.3,1.5,0.3,1,1,,,,,,,,,,,,,,,,,,,,,,,,,
J30_2.RCP,1,99.17403628,0.147115707,DE_adaptive_bin_adaptiveCR_withLS,42,1000,1,50,60,100,0.1,0.9,TRUE,TRUE,adaptive,bin,random,TRUE,5,0.3,1.5,0.3,1,1,,,,,,,,,,,,,,,,,,,,,,,,,
J30_2.RCP,0,87.45975057,0.138952971,DE_adaptive_bin_adaptiveCR_noLS,42,1000,0,50,60,100,0.1,0.9,TRUE,TRUE,adaptive,bin,random,FALSE,5,0.3,1.5,0.3,1,1,,,,,,,,,,,,,,,,,,,,,,,,,
J30_2.RCP,1,99.50736961,0.140632153,DE_adaptive_bin_adaptiveCR_noLS,42,1000,1,50,60,100,0.1,0.9,TRUE,TRUE,adaptive,bin,random,FALSE,5,0.3,1.5,0.3,1,1,,,,,,,,,,,,,,,,,,,,,,,,,
J30_2.RCP,0,98.55498866,0.141435146,DE_adaptive_bin_fixedCR_withLS,42,1000,0,50,60,100,0.1,0.9,TRUE,FALSE,adaptive,bin,random,TRUE,5,0.3,1.5,0.3,1,1,,,,,,,,,,,,,,,,,,,,,,,,,
J30_2.RCP,1,93.22165533,0.14074111,DE_adaptive_bin_fixedCR_withLS,42,1000,1,50,60,100,0.1,0.9,TRUE,FALSE,adaptive,bin,random,TRUE,5,0.3,1.5,0.3,1,1,,,,,,,,,,,,,,,,,,,,,,,,,
J30_2.RCP,0,91.36451247,0.139374018,DE_adaptive_bin_fixedCR_noLS,42,1000,0,50,60,100,0.1,0.9,TRUE,FALSE,adaptive,bin,random,FALSE,5,0.3,1.5,0.3,1,1,,,,,,,,,,,,,,,,,,,,,,,,,
J30_2.RCP,1,91.888322,0.15239501,DE_adaptive_bin_fixedCR_noLS,42,1000,1,50,60,100,0.1,0.9,TRUE,FALSE,adaptive,bin,random,FALSE,5,0.3,1.5,0.3,1,1,,,,,,,,,,,,,,,,,,,,,,,,,
J30_2.RCP,0,93.60260771,0.143904209,DE_adaptive_exp_adaptiveCR_withLS,42,1000,0,50,60,100,0.1,0.9,TRUE,TRUE,adaptive,exp,random,TRUE,5,0.3,1.5,0.3,1,1,,,,,,,,,,,,,,,,,,,,,,,,,
J30_2.RCP,1,99.12641723,0.142905712,DE_adaptive_exp_adaptiveCR_withLS,42,1000,1,50,60,100,0.1,0.9,TRUE,TRUE,adaptive,exp,random,TRUE,5,0.3,1.5,0.3,1,1,,,,,,,,,,,,,,,,,,,,,,,,,
J30_2.RCP,0,96.17403628,0.142974138,DE_adaptive_exp_adaptiveCR_noLS,42,1000,0,50,60,100,0.1,0.9,TRUE,TRUE,adaptive,exp,random,FALSE,5,0.3,1.5,0.3,1,1,,,,,,,,,,,,,,,,,,,,,,,,,
J30_2.RCP,1,99.36451247,0.142782927,DE_adaptive_exp_adaptiveCR_noLS,42,1000,1,50,60,100,0.1,0.9,TRUE,TRUE,adaptive,exp,random,FALSE,5,0.3,1.5,0.3,1,1,,,,,,,,,,,,,,,,,,,,,,,,,
J30_2.RCP,0,95.65022676,0.145045042,DE_adaptive_exp_fixedCR_withLS,42,1000,0,50,60,100,0.1,0.9,TRUE,FALSE,adaptive,exp,random,TRUE,5,0.3,1.5,0.3,1,1,,,,,,,,,,,,,,,,,,,,,,,,,
J30_2.RCP,1,93.50736961,0.142663956,DE_adaptive_exp_fixedCR_withLS,42,1000,1,50,60,100,0.1,0.9,TRUE,FALSE,adaptive,exp,random,TRUE,5,0.3,1.5,0.3,1,1,,,,,,,,,,,,,,,,,,,,,,,,,
J30_2.RCP,0,88.98356009,0.140564919,DE_adaptive_exp_fixedCR_noLS,42,1000,0,50,60,100,0.1,0.9,TRUE,FALSE,adaptive,exp,random,FALSE,5,0.3,1.5,0.3,1,1,,,,,,,,,,,,,,,,,,,,,,,,,
J30_2.RCP,1,91.65022676,0.139704227,DE_adaptive_exp_fixedCR_noLS,42,1000,1,50,60,100,0.1,0.9,TRUE,FALSE,adaptive,exp,random,FALSE,5,0.3,1.5,0.3,1,1,,,,,,,,,,,,,,,,,,,,,,,,,
J30_2.RCP,0,100.888322,0.140266895,DE_current-to-rand/2_bin_adaptiveCR_withLS,42,1000,0,50,60,100,0.1,0.9,FALSE,TRUE,current-to-rand/2,bin,random,TRUE,5,0.3,1.5,0.3,1,1,,,,,,,,,,,,,,,,,,,,,,,,,
J30_2.RCP,1,98.50736961,0.140376091,DE_current-to-rand/2_bin_adaptiveCR_withLS,42,1000,1,50,60,100,0.1,0.9,FALSE,TRUE,current-to-rand/2,bin,random,TRUE,5,0.3,1.5,0.3,1,1,,,,,,,,,,,,,,,,,,,,,,,,,
J30_2.RCP,0,91.74546485,0.139986038,DE_current-to-rand/2_bin_adaptiveCR_noLS,42,1000,0,50,60,100,0.1,0.9,FALSE,TRUE,current-to-rand/2,bin,random,FALSE,5,0.3,1.5,0.3,1,1,,,,,,,,,,,,,,,,,,,,,,,,,
J30_2.RCP,1,97.55498866,0.140561104,DE_current-to-rand/2_bin_adaptiveCR_noLS,42,1000,1,50,60,100,0.1,0.9,FALSE,TRUE,current-to-rand/2,bin,random,FALSE,5,0.3,1.5,0.3,1,1,,,,,,,,,,,,,,,,,,,,,,,,,
J30_2.RCP,0,93.26927438,0.141585112,DE_current-to-rand/2_bin_fixedCR_withLS,42,1000,0,50,60,100,0.1,0.9,FALSE,FALSE,current-to-rand/2,bin,random,TRUE,5,0.3,1.5,0.3,1,1,,,,,,,,,,,,,,,,,,,,,,,,,
J30_2.RCP,1,92.07879819,0.139307022,DE_current-to-rand/2_bin_fixedCR_withLS,42,1000,1,50,60,100,0.1,0.9,FALSE,FALSE,current-to-rand/2,bin,random,TRUE,5,0.3,1.5,0.3,1,1,,,,,,,,,,,,,,,,,,,,,,,,,
J30_2.RCP,0,92.45975057,0.138969183,DE_current-to-rand/2_bin_fixedCR_noLS,42,1000,0,50,60,100,0.1,0.9,FALSE,FALSE,current-to-rand/2,bin,random,FALSE,5,0.3,1.5,0.3,1,1,,,,,,,,,,,,,,,,,,,,,,,,,
J30_2.RCP,1,94.07879819,0.137047052,DE_current-to-rand/2_bin_fixedCR_noLS,42,1000,1,50,60,100,0.1,0.9,FALSE,FALSE,current-to-rand/2,bin,random,FALSE,5,0.3,1.5,0.3,1,1,,,,,,,,,,,,,,,,,,,,,,,,,
J30_2.RCP,0,94.17403628,0.143553972,DE_current-to-rand/2_exp_adaptiveCR_withLS,42,1000,0,50,60,100,0.1,0.9,FALSE,TRUE,current-to-rand/2,exp,random,TRUE,5,0.3,1.5,0.3,1,1,,,,,,,,,,,,,,,,,,,,,,,,,
J30_2.RCP,1,97.41213152,0.143886805,DE_current-to-rand/2_exp_adaptiveCR_withLS,42,1000,1,50,60,100,0.1,0.9,FALSE,TRUE,current-to-rand/2,exp,random,TRUE,5,0.3,1.5,0.3,1,1,,,,,,,,,,,,,,,,,,,,,,,,,
J30_2.RCP,0,98.31689342,0.140803099,DE_current-to-rand/2_exp_adaptiveCR_noLS,42,1000,0,50,60,100,0.1,0.9,FALSE,TRUE,current-to-rand/2,exp,random,FALSE,5,0.3,1.5,0.3,1,1,,,,,,,,,,,,,,,,,,,,,,,,,
J30_2.RCP,1,94.45975057,0.143248081,DE_current-to-rand/2_exp_adaptiveCR_noLS,42,1000,1,50,60,100,0.1,0.9,FALSE,TRUE,current-to-rand/2,exp,random,FALSE,5,0.3,1.5,0.3,1,1,,,,,,,,,,,,,,,,,,,,,,,,,
J30_2.RCP,0,94.50736961,0.142594099,DE_current-to-rand/2_exp_fixedCR_withLS,42,1000,0,50,60,100,0.1,0.9,FALSE,FALSE,current-to-rand/2,exp,random,TRUE,5,0.3,1.5,0.3,1,1,,,,,,,,,,,,,,,,,,,,,,,,,
J30_2.RCP,1,97.84070295,0.142535925,DE_current-to-rand/2_exp_fixedCR_withLS,42,1000,1,50,60,100,0.1,0.9,FALSE,FALSE,current-to-rand/2,exp,random,TRUE,5,0.3,1.5,0.3,1,1,,,,,,,,,,,,,,,,,,,,,,,,,
J30_2.RCP,0,95.74546485,0.141140223,DE_current-to-rand/2_exp_fixedCR_noLS,42,1000,0,50,60,100,0.1,0.9,FALSE,FALSE,current-to-rand/2,exp,random,FALSE,5,0.3,1.5,0.3,1,1,,,,,,,,,,,,,,,,,,,,,,,,,
J30_2.RCP,1,95.93594104,0.139365911,DE_current-to-rand/2_exp_fixedCR_noLS,42,1000,1,50,60,100,0.1,0.9,FALSE,FALSE,current-to-rand/2,exp,random,FALSE,5,0.3,1.5,0.3,1,1,,,,,,,,,,,,,,,,,,,,,,,,,
J30_2.RCP,0,97.65022676,0.125297785,GA_roulette_single_point_random_random_withLS_withNeighborhood,42,1000,0,50,60,,,,,,random,single_point,random,TRUE,,,,,,,0.9,0.1,roulette,3,TRUE,FALSE,0.5,0.1,0.35,5,2,,,,,,,,,,,,,,
J30_2.RCP,1,100.3645125,0.124740124,GA_roulette_single_point_random_random_withLS_withNeighborhood,42,1000,1,50,60,,,,,,random,single_point,random,TRUE,,,,,,,0.9,0.1,roulette,3,TRUE,FALSE,0.5,0.1,0.35,5,2,,,,,,,,,,,,,,
J30_2.RCP,0,97.65022676,0.125191927,GA_roulette_single_point_random_random_withLS_noNeighborhood,42,1000,0,50,60,,,,,,random,single_point,random,TRUE,,,,,,,0.9,0.1,roulette,3,TRUE,FALSE,0.5,0.1,0.35,5,0,,,,,,,,,,,,,,
J30_2.RCP,1,100.3645125,0.131798029,GA_roulette_single_point_random_random_withLS_noNeighborhood,42,1000,1,50,60,,,,,,random,single_point,random,TRUE,,,,,,,0.9,0.1,roulette,3,TRUE,FALSE,0.5,0.1,0.35,5,0,,,,,,,,,,,,,,
J30_2.RCP,0,97.65022676,0.181473017,GA_roulette_single_point_random_random_noLS_withNeighborhood,42,1000,0,50,60,,,,,,random,single_point,random,FALSE,,,,,,,0.9,0.1,roulette,3,TRUE,FALSE,0.5,0.1,0.35,5,2,,,,,,,,,,,,,,
J30_2.RCP,1,99.74546485,0.182204962,GA_roulette_single_point_random_random_noLS_withNeighborhood,42,1000,1,50,60,,,,,,random,single_point,random,FALSE,,,,,,,0.9,0.1,roulette,3,TRUE,FALSE,0.5,0.1,0.35,5,2,,,,,,,,,,,,,,
J30_2.RCP,0,97.65022676,0.180449009,GA_roulette_single_point_random_random_noLS_noNeighborhood,42,1000,0,50,60,,,,,,random,single_point,random,FALSE,,,,,,,0.9,0.1,roulette,3,TRUE,FALSE,0.5,0.1,0.35,5,0,,,,,,,,,,,,,,
J30_2.RCP,1,99.74546485,0.180500984,GA_roulette_single_point_random_random_noLS_noNeighborhood,42,1000,1,50,60,,,,,,random,single_point,random,FALSE,,,,,,,0.9,0.1,roulette,3,TRUE,FALSE,0.5,0.1,0.35,5,0,,,,,,,,,,,,,,
J30_2.RCP,0,104.8407029,0.126618862,GA_roulette_single_point_random_heuristic_withLS_withNeighborhood,42,1000,0,50,60,,,,,,random,single_point,heuristic,TRUE,,,,,,,0.9,0.1,roulette,3,TRUE,FALSE,0.5,0.1,0.35,5,2,,,,,,,,,,,,,,
J30_2.RCP,1,99.7930839,0.126749992,GA_roulette_single_point_random_heuristic_withLS_withNeighborhood,42,1000,1,50,60,,,,,,random,single_point,heuristic,TRUE,,,,,,,0.9,0.1,roulette,3,TRUE,FALSE,0.5,0.1,0.35,5,2,,,,,,,,,,,,,,
J30_2.RCP,0,104.8407029,0.127583981,GA_roulette_single_point_random_heuristic_withLS_noNeighborhood,42,1000,0,50,60,,,,,,random,single_point,heuristic,TRUE,,,,,,,0.9,0.1,roulette,3,TRUE,FALSE,0.5,0.1,0.35,5,0,,,,,,,,,,,,,,
J30_2.RCP,1,99.7930839,0.126837969,GA_roulette_single_point_random_heuristic_withLS_noNeighborhood,42,1000,1,50,60,,,,,,random,single_point,heuristic,TRUE,,,,,,,0.9,0.1,roulette,3,TRUE,FALSE,0.5,0.1,0.35,5,0,,,,,,,,,,,,,,
J30_2.RCP,0,99.36451247,0.18363595,GA_roulette_single_point_random_heuristic_noLS_withNeighborhood,42,1000,0,50,60,,,,,,random,single_point,heuristic,FALSE,,,,,,,0.9,0.1,roulette,3,TRUE,FALSE,0.5,0.1,0.35,5,2,,,,,,,,,,,,,,
J30_2.RCP,1,94.84070295,0.181559086,GA_roulette_single_point_random_heuristic_noLS_withNeighborhood,42,1000,1,50,60,,,,,,random,single_point,heuristic,FALSE,,,,,,,0.9,0.1,roulette,3,TRUE,FALSE,0.5,0.1,0.35,5,2,,,,,,,,,,,,,,
J30_2.RCP,0,99.36451247,0.182115078,GA_roulette_single_point_random_heuristic_noLS_noNeighborhood,42,1000,0,50,60,,,,,,random,single_point,heuristic,FALSE,,,,,,,0.9,0.1,roulette,3,TRUE,FALSE,0.5,0.1,0.35,5,0,,,,,,,,,,,,,,
J30_2.RCP,1,94.84070295,0.180745125,GA_roulette_single_point_random_heuristic_noLS_noNeighborhood,42,1000,1,50,60,,,,,,random,single_point,heuristic,FALSE,,,,,,,0.9,0.1,roulette,3,TRUE,FALSE,0.5,0.1,0.35,5,0,,,,,,,,,,,,,,
J30_2.RCP,0,98.26927438,0.130141973,GA_roulette_single_point_adaptive_random_withLS_withNeighborhood,42,1000,0,50,60,,,,,,adaptive,single_point,random,TRUE,,,,,,,0.9,0.1,roulette,3,TRUE,FALSE,0.5,0.1,0.35,5,2,,,,,,,,,,,,,,
J30_2.RCP,1,93.03117914,0.128723145,GA_roulette_single_point_adaptive_random_withLS_withNeighborhood,42,1000,1,50,60,,,,,,adaptive,single_point,random,TRUE,,,,,,,0.9,0.1,roulette,3,TRUE,FALSE,0.5,0.1,0.35,5,2,,,,,,,,,,,,,,
J30_2.RCP,0,98.26927438,0.128278971,GA_roulette_single_point_adaptive_random_withLS_noNeighborhood,42,1000,0,50,60,,,,,,adaptive,single_point,random,TRUE,,,,,,,0.9,0.1,roulette,3,TRUE,FALSE,0.5,0.1,0.35,5,0,,,,,,,,,,,,,,
J30_2.RCP,1,93.03117914,0.127399921,GA_roulette_single_point_adaptive_random_withLS_noNeighborhood,42,1000,1,50,60,,,,,,adaptive,single_point,random,TRUE,,,,,,,0.9,0.1,roulette,3,TRUE,FALSE,0.5,0.1,0.35,5,0,,,,,,,,,,,,,,
J30_2.RCP,0,93.60260771,0.191609144,GA_roulette_single_point_adaptive_random_noLS_withNeighborhood,42,1000,0,50,60,,,,,,adaptive,single_point,random,FALSE,,,,,,,0.9,0.1,roulette,3,TRUE,FALSE,0.5,0.1,0.35,5,2,,,,,,,,,,,,,,
J30_2.RCP,1,93.03117914,0.191950798,GA_roulette_single_point_adaptive_random_noLS_withNeighborhood,42,1000,1,50,60,,,,,,adaptive,single_point,random,FALSE,,,,,,,0.9,0.1,roulette,3,TRUE,FALSE,0.5,0.1,0.35,5,2,,,,,,,,,,,,,,
J30_2.RCP,0,93.60260771,0.192948103,GA_roulette_single_point_adaptive_random_noLS_noNeighborhood,42,1000,0,50,60,,,,,,adaptive,single_point,random,FALSE,,,,,,,0.9,0.1,roulette,3,TRUE,FALSE,0.5,0.1,0.35,5,0,,,,,,,,,,,,,,
J30_2.RCP,1,93.03117914,0.191889763,GA_roulette_single_point_adaptive_random_noLS_noNeighborhood,42,1000,1,50,60,,,,,,adaptive,single_point,random,FALSE,,,,,,,0.9,0.1,roulette,3,TRUE,FALSE,0.5,0.1,0.35,5,0,,,,,,,,,,,,,,
J30_2.RCP,0,99.74546485,0.129085064,GA_roulette_single_point_adaptive_heuristic_withLS_withNeighborhood,42,1000,0,50,60,,,,,,adaptive,single_point,heuristic,TRUE,,,,,,,0.9,0.1,roulette,3,TRUE,FALSE,0.5,0.1,0.35,5,2,,,,,,,,,,,,,,
J30_2.RCP,1,103.1264172,0.127700329,GA_roulette_single_point_adaptive_heuristic_withLS_withNeighborhood,42,1000,1,50,60,,,,,,adaptive,single_point,heuristic,TRUE,,,,,,,0.9,0.1,roulette,3,TRUE,FALSE,0.5,0.1,0.35,5,2,,,,,,,,,,,,,,
J30_2.RCP,0,99.74546485,0.128751993,GA_roulette_single_point_adaptive_heuristic_withLS_noNeighborhood,42,1000,0,50,60,,,,,,adaptive,single_point,heuristic,TRUE,,,,,,,0.9,0.1,roulette,3,TRUE,FALSE,0.5,0.1,0.35,5,0,,,,,,,,,,,,,,
J30_2.RCP,1,103.1264172,0.127541065,GA_roulette_single_point_adaptive_heuristic_withLS_noNeighborhood,42,1000,1,50,60,,,,,,adaptive,single_point,heuristic,TRUE,,,,,,,0.9,0.1,roulette,3,TRUE,FALSE,0.5,0.1,0.35,5,0,,,,,,,,,,,,,,
J30_2.RCP,0,95.26927438,0.190495968,GA_roulette_single_point_adaptive_heuristic_noLS_withNeighborhood,42,1000,0,50,60,,,,,,adaptive,single_point,heuristic,FALSE,,,,,,,0.9,0.1,roulette,3,TRUE,FALSE,0.5,0.1,0.35,5,2,,,,,,,,,,,,,,
J30_2.RCP,1,97.31689342,0.193804026,GA_roulette_single_point_adaptive_heuristic_noLS_withNeighborhood,42,1000,1,50,60,,,,,,adaptive,single_point,heuristic,FALSE,,,,,,,0.9,0.1,roulette,3,TRUE,FALSE,0.5,0.1,0.35,5,2,,,,,,,,,,,,,,
J30_2.RCP,0,95.26927438,0.191283941,GA_roulette_single_point_adaptive_heuristic_noLS_noNeighborhood,42,1000,0,50,60,,,,,,adaptive,single_point,heuristic,FALSE,,,,,,,0.9,0.1,roulette,3,TRUE,FALSE,0.5,0.1,0.35,5,0,,,,,,,,,,,,,,
J30_2.RCP,1,97.31689342,0.190574169,GA_roulette_single_point_adaptive_heuristic_noLS_noNeighborhood,42,1000,1,50,60,,,,,,adaptive,single_point,heuristic,FALSE,,,,,,,0.9,0.1,roulette,3,TRUE,FALSE,0.5,0.1,0.35,5,0,,,,,,,,,,,,,,
J30_2.RCP,0,101.4121315,0.127325058,GA_roulette_two_point_random_random_withLS_withNeighborhood,42,1000,0,50,60,,,,,,random,two_point,random,TRUE,,,,,,,0.9,0.1,roulette,3,TRUE,FALSE,0.5,0.1,0.35,5,2,,,,,,,,,,,,,,
J30_2.RCP,1,100.4121315,0.126717091,GA_roulette_two_point_random_random_withLS_withNeighborhood,42,1000,1,50,60,,,,,,random,two_point,random,TRUE,,,,,,,0.9,0.1,roulette,3,TRUE,FALSE,0.5,0.1,0.35,5,2,,,,,,,,,,,,,,
J30_2.RCP,0,101.4121315,0.127245188,GA_roulette_two_point_random_random_withLS_noNeighborhood,42,1000,0,50,60,,,,,,random,two_point,random,TRUE,,,,,,,0.9,0.1,roulette,3,TRUE,FALSE,0.5,0.1,0.35,5,0,,,,,,,,,,,,,,
J30_2.RCP,1,100.4121315,0.125329256,GA_roulette_two_point_random_random_withLS_noNeighborhood,42,1000,1,50,60,,,,,,random,two_point,random,TRUE,,,,,,,0.9,0.1,roulette,3,TRUE,FALSE,0.5,0.1,0.35,5,0,,,,,,,,,,,,,,
J30_2.RCP,0,94.84070295,0.288170099,GA_roulette_two_point_random_random_noLS_withNeighborhood,42,1000,0,50,60,,,,,,random,two_point,random,FALSE,,,,,,,0.9,0.1,roulette,3,TRUE,FALSE,0.5,0.1,0.35,5,2,,,,,,,,,,,,,,
J30_2.RCP,1,96.50736961,0.194022894,GA_roulette_two_point_random_random_noLS_withNeighborhood,42,1000,1,50,60,,,,,,random,two_point,random,FALSE,,,,,,,0.9,0.1,roulette,3,TRUE,FALSE,0.5,0.1,0.35,5,2,,,,,,,,,,,,,,
J30_2.RCP,0,94.84070295,0.18414402,GA_roulette_two_point_random_random_noLS_noNeighborhood,42,1000,0,50,60,,,,,,random,two_point,random,FALSE,,,,,,,0.9,0.1,roulette,3,TRUE,FALSE,0.5,0.1,0.35,5,0,,,,,,,,,,,,,,
J30_2.RCP,1,96.50736961,0.18095994,GA_roulette_two_point_random_random_noLS_noNeighborhood,42,1000,1,50,60,,,,,,random,two_point,random,FALSE,,,,,,,0.9,0.1,roulette,3,TRUE,FALSE,0.5,0.1,0.35,5,0,,,,,,,,,,,,,,
J30_2.RCP,0,102.4121315,0.127042055,GA_roulette_two_point_random_heuristic_withLS_withNeighborhood,42,1000,0,50,60,,,,,,random,two_point,heuristic,TRUE,,,,,,,0.9,0.1,roulette,3,TRUE,FALSE,0.5,0.1,0.35,5,2,,,,,,,,,,,,,,
J30_2.RCP,1,102.1264172,0.127433062,GA_roulette_two_point_random_heuristic_withLS_withNeighborhood,42,1000,1,50,60,,,,,,random,two_point,heuristic,TRUE,,,,,,,0.9,0.1,roulette,3,TRUE,FALSE,0.5,0.1,0.35,5,2,,,,,,,,,,,,,,
J30_2.RCP,0,102.4121315,0.134912968,GA_roulette_two_point_random_heuristic_withLS_noNeighborhood,42,1000,0,50,60,,,,,,random,two_point,heuristic,TRUE,,,,,,,0.9,0.1,roulette,3,TRUE,FALSE,0.5,0.1,0.35,5,0,,,,,,,,,,,,,,
J30_2.RCP,1,102.1264172,0.125962973,GA_roulette_two_point_random_heuristic_withLS_noNeighborhood,42,1000,1,50,60,,,,,,random,two_point,heuristic,TRUE,,,,,,,0.9,0.1,roulette,3,TRUE,FALSE,0.5,0.1,0.35,5,0,,,,,,,,,,,,,,
J30_2.RCP,0,96.12641723,0.183855057,GA_roulette_two_point_random_heuristic_noLS_withNeighborhood,42,1000,0,50,60,,,,,,random,two_point,heuristic,FALSE,,,,,,,0.9,0.1,roulette,3,TRUE,FALSE,0.5,0.1,0.35,5,2,,,,,,,,,,,,,,
J30_2.RCP,1,100.3645125,0.184938908,GA_roulette_two_point_random_heuristic_noLS_withNeighborhood,42,1000,1,50,60,,,,,,random,two_point,heuristic,FALSE,,,,,,,0.9,0.1,roulette,3,TRUE,FALSE,0.5,0.1,0.35,5,2,,,,,,,,,,,,,,
J30_2.RCP,0,96.12641723,0.190149069,GA_roulette_two_point_random_heuristic_noLS_noNeighborhood,42,1000,0,50,60,,,,,,random,two_point,heuristic,FALSE,,,,,,,0.9,0.1,roulette,3,TRUE,FALSE,0.5,0.1,0.35,5,0,,,,,,,,,,,,,,
J30_2.RCP,1,100.3645125,0.185295105,GA_roulette_two_point_random_heuristic_noLS_noNeighborhood,42,1000,1,50,60,,,,,,random,two_point,heuristic,FALSE,,,,,,,0.9,0.1,roulette,3,TRUE,FALSE,0.5,0.1,0.35,5,0,,,,,,,,,,,,,,
J30_2.RCP,0,103.1740363,0.130356073,GA_roulette_two_point_adaptive_random_withLS_withNeighborhood,42,1000,0,50,60,,,,,,adaptive,two_point,random,TRUE,,,,,,,0.9,0.1,roulette,3,TRUE,FALSE,0.5,0.1,0.35,5,2,,,,,,,,,,,,,,
J30_2.RCP,1,103.935941,0.129020929,GA_roulette_two_point_adaptive_random_withLS_withNeighborhood,42,1000,1,50,60,,,,,,adaptive,two_point,random,TRUE,,,,,,,0.9,0.1,roulette,3,TRUE,FALSE,0.5,0.1,0.35,5,2,,,,,,,,,,,,,,
J30_2.RCP,0,103.1740363,0.129581928,GA_roulette_two_point_adaptive_random_withLS_noNeighborhood,42,1000,0,50,60,,,,,,adaptive,two_point,random,TRUE,,,,,,,0.9,0.1,roulette,3,TRUE,FALSE,0.5,0.1,0.35,5,0,,,,,,,,,,,,,,
J30_2.RCP,1,103.935941,0.128659964,GA_roulette_two_point_adaptive_random_withLS_noNeighborhood,42,1000,1,50,60,,,,,,adaptive,two_point,random,TRUE,,,,,,,0.9,0.1,roulette,3,TRUE,FALSE,0.5,0.1,0.35,5,0,,,,,,,,,,,,,,
J30_2.RCP,0,94.45975057,0.192568064,GA_roulette_two_point_adaptive_random_noLS_withNeighborhood,42,1000,0,50,60,,,,,,adaptive,two_point,random,FALSE,,,,,,,0.9,0.1,roulette,3,TRUE,FALSE,0.5,0.1,0.35,5,2,,,,,,,,,,,,,,
J30_2.RCP,1,97.84070295,0.195698261,GA_roulette_two_point_adaptive_random_noLS_withNeighborhood,42,1000,1,50,60,,,,,,adaptive,two_point,random,FALSE,,,,,,,0.9,0.1,roulette,3,TRUE,FALSE,0.5,0.1,0.35,5,2,,,,,,,,,,,,,,
J30_2.RCP,0,94.45975057,0.196727037,GA_roulette_two_point_adaptive_random_noLS_noNeighborhood,42,1000,0,50,60,,,,,,adaptive,two_point,random,FALSE,,,,,,,0.9,0.1,roulette,3,TRUE,FALSE,0.5,0.1,0.35,5,0,,,,,,,,,,,,,,
J30_2.RCP,1,97.84070295,0.19519496,GA_roulette_two_point_adaptive_random_noLS_noNeighborhood,42,1000,1,50,60,,,,,,adaptive,two_point,random,FALSE,,,,,,,0.9,0.1,roulette,3,TRUE,FALSE,0.5,0.1,0.35,5,0,,,,,,,,,,,,,,
J30_2.RCP,0,104.8407029,0.131001711,GA_roulette_two_point_adaptive_heuristic_withLS_withNeighborhood,42,1000,0,50,60,,,,,,adaptive,two_point,heuristic,TRUE,,,,,,,0.9,0.1,roulette,3,TRUE,FALSE,0.5,0.1,0.35,5,2,,,,,,,,,,,,,,
J30_2.RCP,1,104.2216553,0.130393982,GA_roulette_two_point_adaptive_heuristic_withLS_withNeighborhood,42,1000,1,50,60,,,,,,adaptive,two_point,heuristic,TRUE,,,,,,,0.9,0.1,roulette,3,TRUE,FALSE,0.5,0.1,0.35,5,2,,,,,,,,,,,,,,
J30_2.RCP,0,104.8407029,0.131468058,GA_roulette_two_point_adaptive_heuristic_withLS_noNeighborhood,42,1000,0,50,60,,,,,,adaptive,two_point,heuristic,TRUE,,,,,,,0.9,0.1,roulette,3,TRUE,FALSE,0.5,0.1,0.35,5,0,,,,,,,,,,,,,,
J30_2.RCP,1,104.2216553,0.130979061,GA_roulette_two_point_adaptive_heuristic_withLS_noNeighborhood,42,1000,1,50,60,,,,,,adaptive,two_point,heuristic,TRUE,,,,,,,0.9,0.1,roulette,3,TRUE,FALSE,0.5,0.1,0.35,5,0,,,,,,,,,,,,,,
J30_2.RCP,0,101.4121315,0.201067209,GA_roulette_two_point_adaptive_heuristic_noLS_withNeighborhood,42,1000,0,50,60,,,,,,adaptive,two_point,heuristic,FALSE,,,,,,,0.9,0.1,roulette,3,TRUE,FALSE,0.5,0.1,0.35,5,2,,,,,,,,,,,,,,
J30_2.RCP,1,100.8407029,0.197538137,GA_roulette_two_point_adaptive_heuristic_noLS_withNeighborhood,42,1000,1,50,60,,,,,,adaptive,two_point,heuristic,FALSE,,,,,,,0.9,0.1,roulette,3,TRUE,FALSE,0.5,0.1,0.35,5,2,,,,,,,,,,,,,,
J30_2.RCP,0,101.4121315,0.194473028,GA_roulette_two_point_adaptive_heuristic_noLS_noNeighborhood,42,1000,0,50,60,,,,,,adaptive,two_point,heuristic,FALSE,,,,,,,0.9,0.1,roulette,3,TRUE,FALSE,0.5,0.1,0.35,5,0,,,,,,,,,,,,,,
J30_2.RCP,1,100.8407029,0.194608927,GA_roulette_two_point_adaptive_heuristic_noLS_noNeighborhood,42,1000,1,50,60,,,,,,adaptive,two_point,heuristic,FALSE,,,,,,,0.9,0.1,roulette,3,TRUE,FALSE,0.5,0.1,0.35,5,0,,,,,,,,,,,,,,
J30_2.RCP,0,102.0787982,1.198882103,GA_roulette_rcx_random_random_withLS_withNeighborhood,42,1000,0,50,60,,,,,,random,rcx,random,TRUE,,,,,,,0.9,0.1,roulette,3,TRUE,FALSE,0.5,0.1,0.35,5,2,,,,,,,,,,,,,,
J30_2.RCP,1,97.22165533,1.160446882,GA_roulette_rcx_random_random_withLS_withNeighborhood,42,1000,1,50,60,,,,,,random,rcx,random,TRUE,,,,,,,0.9,0.1,roulette,3,TRUE,FALSE,0.5,0.1,0.35,5,2,,,,,,,,,,,,,,
J30_2.RCP,0,102.0787982,1.20038414,GA_roulette_rcx_random_random_withLS_noNeighborhood,42,1000,0,50,60,,,,,,random,rcx,random,TRUE,,,,,,,0.9,0.1,roulette,3,TRUE,FALSE,0.5,0.1,0.35,5,0,,,,,,,,,,,,,,
J30_2.RCP,1,97.22165533,1.203917265,GA_roulette_rcx_random_random_withLS_noNeighborhood,42,1000,1,50,60,,,,,,random,rcx,random,TRUE,,,,,,,0.9,0.1,roulette,3,TRUE,FALSE,0.5,0.1,0.35,5,0,,,,,,,,,,,,,,
J30_2.RCP,0,96.888322,4.536533833,GA_roulette_rcx_random_random_noLS_withNeighborhood,42,1000,0,50,60,,,,,,random,rcx,random,FALSE,,,,,,,0.9,0.1,roulette,3,TRUE,FALSE,0.5,0.1,0.35,5,2,,,,,,,,,,,,,,
J30_2.RCP,1,91.26927438,4.885656118,GA_roulette_rcx_random_random_noLS_withNeighborhood,42,1000,1,50,60,,,,,,random,rcx,random,FALSE,,,,,,,0.9,0.1,roulette,3,TRUE,FALSE,0.5,0.1,0.35,5,2,,,,,,,,,,,,,,
J30_2.RCP,0,96.888322,4.625905991,GA_roulette_rcx_random_random_noLS_noNeighborhood,42,1000,0,50,60,,,,,,random,rcx,random,FALSE,,,,,,,0.9,0.1,roulette,3,TRUE,FALSE,0.5,0.1,0.35,5,0,,,,,,,,,,,,,,
J30_2.RCP,1,91.26927438,4.494305134,GA_roulette_rcx_random_random_noLS_noNeighborhood,42,1000,1,50,60,,,,,,random,rcx,random,FALSE,,,,,,,0.9,0.1,roulette,3,TRUE,FALSE,0.5,0.1,0.35,5,0,,,,,,,,,,,,,,
J30_2.RCP,0,99.93594104,1.187026262,GA_roulette_rcx_random_heuristic_withLS_withNeighborhood,42,1000,0,50,60,,,,,,random,rcx,heuristic,TRUE,,,,,,,0.9,0.1,roulette,3,TRUE,FALSE,0.5,0.1,0.35,5,2,,,,,,,,,,,,,,
J30_2.RCP,1,97.74546485,1.257143021,GA_roulette_rcx_random_heuristic_withLS_withNeighborhood,42,1000,1,50,60,,,,,,random,rcx,heuristic,TRUE,,,,,,,0.9,0.1,roulette,3,TRUE,FALSE,0.5,0.1,0.35,5,2,,,,,,,,,,,,,,
J30_2.RCP,0,99.93594104,1.192527056,GA_roulette_rcx_random_heuristic_withLS_noNeighborhood,42,1000,0,50,60,,,,,,random,rcx,heuristic,TRUE,,,,,,,0.9,0.1,roulette,3,TRUE,FALSE,0.5,0.1,0.35,5,0,,,,,,,,,,,,,,
J30_2.RCP,1,97.74546485,1.153962851,GA_roulette_rcx_random_heuristic_withLS_noNeighborhood,42,1000,1,50,60,,,,,,random,rcx,heuristic,TRUE,,,,,,,0.9,0.1,roulette,3,TRUE,FALSE,0.5,0.1,0.35,5,0,,,,,,,,,,,,,,
J30_2.RCP,0,98.55498866,4.503465891,GA_roulette_rcx_random_heuristic_noLS_withNeighborhood,42,1000,0,50,60,,,,,,random,rcx,heuristic,FALSE,,,,,,,0.9,0.1,roulette,3,TRUE,FALSE,0.5,0.1,0.35,5,2,,,,,,,,,,,,,,
J30_2.RCP,1,95.50736961,4.485488892,GA_roulette_rcx_random_heuristic_noLS_withNeighborhood,42,1000,1,50,60,,,,,,random,rcx,heuristic,FALSE,,,,,,,0.9,0.1,roulette,3,TRUE,FALSE,0.5,0.1,0.35,5,2,,,,,,,,,,,,,,
J30_2.RCP,0,98.55498866,4.440426111,GA_roulette_rcx_random_heuristic_noLS_noNeighborhood,42,1000,0,50,60,,,,,,random,rcx,heuristic,FALSE,,,,,,,0.9,0.1,roulette,3,TRUE,FALSE,0.5,0.1,0.35,5,0,,,,,,,,,,,,,,
J30_2.RCP,1,95.50736961,4.312011957,GA_roulette_rcx_random_heuristic_noLS_noNeighborhood,42,1000,1,50,60,,,,,,random,rcx,heuristic,FALSE,,,,,,,0.9,0.1,roulette,3,TRUE,FALSE,0.5,0.1,0.35,5,0,,,,,,,,,,,,,,
J30_2.RCP,0,100.0311791,1.241428137,GA_roulette_rcx_adaptive_random_withLS_withNeighborhood,42,1000,0,50,60,,,,,,adaptive,rcx,random,TRUE,,,,,,,0.9,0.1,roulette,3,TRUE,FALSE,0.5,0.1,0.35,5,2,,,,,,,,,,,,,,
J30_2.RCP,1,95.93594104,1.18800211,GA_roulette_rcx_adaptive_random_withLS_withNeighborhood,42,1000,1,50,60,,,,,,adaptive,rcx,random,TRUE,,,,,,,0.9,0.1,roulette,3,TRUE,FALSE,0.5,0.1,0.35,5,2,,,,,,,,,,,,,,
J30_2.RCP,0,100.0311791,1.229133129,GA_roulette_rcx_adaptive_random_withLS_noNeighborhood,42,1000,0,50,60,,,,,,adaptive,rcx,random,TRUE,,,,,,,0.9,0.1,roulette,3,TRUE,FALSE,0.5,0.1,0.35,5,0,,,,,,,,,,,,,,
J30_2.RCP,1,95.93594104,1.169445038,GA_roulette_rcx_adaptive_random_withLS_noNeighborhood,42,1000,1,50,60,,,,,,adaptive,rcx,random,TRUE,,,,,,,0.9,0.1,roulette,3,TRUE,FALSE,0.5,0.1,0.35,5,0,,,,,,,,,,,,,,
J30_2.RCP,0,98.17403628,4.399008036,GA_roulette_rcx_adaptive_random_noLS_withNeighborhood,42,1000,0,50,60,,,,,,adaptive,rcx,random,FALSE,,,,,,,0.9,0.1,roulette,3,TRUE,FALSE,0.5,0.1,0.35,5,2,,,,,,,,,,,,,,
J30_2.RCP,1,94.03117914,4.441343069,GA_roulette_rcx_adaptive_random_noLS_withNeighborhood,42,1000,1,50,60,,,,,,adaptive,rcx,random,FALSE,,,,,,,0.9,0.1,roulette,3,TRUE,FALSE,0.5,0.1,0.35,5,2,,,,,,,,,,,,,,
J30_2.RCP,0,98.17403628,4.449225903,GA_roulette_rcx_adaptive_random_noLS_noNeighborhood,42,1000,0,50,60,,,,,,adaptive,rcx,random,FALSE,,,,,,,0.9,0.1,roulette,3,TRUE,FALSE,0.5,0.1,0.35,5,0,,,,,,,,,,,,,,
J30_2.RCP,1,94.03117914,4.381546021,GA_roulette_rcx_adaptive_random_noLS_noNeighborhood,42,1000,1,50,60,,,,,,adaptive,rcx,random,FALSE,,,,,,,0.9,0.1,roulette,3,TRUE,FALSE,0.5,0.1,0.35,5,0,,,,,,,,,,,,,,
J30_2.RCP,0,101.2692744,1.184647083,GA_roulette_rcx_adaptive_heuristic_withLS_withNeighborhood,42,1000,0,50,60,,,,,,adaptive,rcx,heuristic,TRUE,,,,,,,0.9,0.1,roulette,3,TRUE,FALSE,0.5,0.1,0.35,5,2,,,,,,,,,,,,,,
J30_2.RCP,1,104.2692744,1.166261911,GA_roulette_rcx_adaptive_heuristic_withLS_withNeighborhood,42,1000,1,50,60,,,,,,adaptive,rcx,heuristic,TRUE,,,,,,,0.9,0.1,roulette,3,TRUE,FALSE,0.5,0.1,0.35,5,2,,,,,,,,,,,,,,
J30_2.RCP,0,101.2692744,1.184562922,GA_roulette_rcx_adaptive_heuristic_withLS_noNeighborhood,42,1000,0,50,60,,,,,,adaptive,rcx,heuristic,TRUE,,,,,,,0.9,0.1,roulette,3,TRUE,FALSE,0.5,0.1,0.35,5,0,,,,,,,,,,,,,,
J30_2.RCP,1,104.2692744,1.222779751,GA_roulette_rcx_adaptive_heuristic_withLS_noNeighborhood,42,1000,1,50,60,,,,,,adaptive,rcx,heuristic,TRUE,,,,,,,0.9,0.1,roulette,3,TRUE,FALSE,0.5,0.1,0.35,5,0,,,,,,,,,,,,,,
J30_2.RCP,0,99.17403628,4.448498249,GA_roulette_rcx_adaptive_heuristic_noLS_withNeighborhood,42,1000,0,50,60,,,,,,adaptive,rcx,heuristic,FALSE,,,,,,,0.9,0.1,roulette,3,TRUE,FALSE,0.5,0.1,0.35,5,2,,,,,,,,,,,,,,
J30_2.RCP,1,93.6978458,4.327805996,GA_roulette_rcx_adaptive_heuristic_noLS_withNeighborhood,42,1000,1,50,60,,,,,,adaptive,rcx,heuristic,FALSE,,,,,,,0.9,0.1,roulette,3,TRUE,FALSE,0.5,0.1,0.35,5,2,,,,,,,,,,,,,,
J30_2.RCP,0,99.17403628,4.459667921,GA_roulette_rcx_adaptive_heuristic_noLS_noNeighborhood,42,1000,0,50,60,,,,,,adaptive,rcx,heuristic,FALSE,,,,,,,0.9,0.1,roulette,3,TRUE,FALSE,0.5,0.1,0.35,5,0,,,,,,,,,,,,,,
J30_2.RCP,1,93.6978458,4.391469002,GA_roulette_rcx_adaptive_heuristic_noLS_noNeighborhood,42,1000,1,50,60,,,,,,adaptive,rcx,heuristic,FALSE,,,,,,,0.9,0.1,roulette,3,TRUE,FALSE,0.5,0.1,0.35,5,0,,,,,,,,,,,,,,
J30_2.RCP,0,102.2692744,0.130494833,GA_roulette_hybrid_random_random_withLS_withNeighborhood,42,1000,0,50,60,,,,,,random,hybrid,random,TRUE,,,,,,,0.9,0.1,roulette,3,TRUE,FALSE,0.5,0.1,0.35,5,2,,,,,,,,,,,,,,
J30_2.RCP,1,99.31689342,0.130032063,GA_roulette_hybrid_random_random_withLS_withNeighborhood,42,1000,1,50,60,,,,,,random,hybrid,random,TRUE,,,,,,,0.9,0.1,roulette,3,TRUE,FALSE,0.5,0.1,0.35,5,2,,,,,,,,,,,,,,
J30_2.RCP,0,102.2692744,0.149155855,GA_roulette_hybrid_random_random_withLS_noNeighborhood,42,1000,0,50,60,,,,,,random,hybrid,random,TRUE,,,,,,,0.9,0.1,roulette,3,TRUE,FALSE,0.5,0.1,0.35,5,0,,,,,,,,,,,,,,
J30_2.RCP,1,99.31689342,0.128450155,GA_roulette_hybrid_random_random_withLS_noNeighborhood,42,1000,1,50,60,,,,,,random,hybrid,random,TRUE,,,,,,,0.9,0.1,roulette,3,TRUE,FALSE,0.5,0.1,0.35,5,0,,,,,,,,,,,,,,
J30_2.RCP,0,98.07879819,0.189039707,GA_roulette_hybrid_random_random_noLS_withNeighborhood,42,1000,0,50,60,,,,,,random,hybrid,random,FALSE,,,,,,,0.9,0.1,roulette,3,TRUE,FALSE,0.5,0.1,0.35,5,2,,,,,,,,,,,,,,
J30_2.RCP,1,95.50736961,0.186955929,GA_roulette_hybrid_random_random_noLS_withNeighborhood,42,1000,1,50,60,,,,,,random,hybrid,random,FALSE,,,,,,,0.9,0.1,roulette,3,TRUE,FALSE,0.5,0.1,0.35,5,2,,,,,,,,,,,,,,
J30_2.RCP,0,98.07879819,0.181381226,GA_roulette_hybrid_random_random_noLS_noNeighborhood,42,1000,0,50,60,,,,,,random,hybrid,random,FALSE,,,,,,,0.9,0.1,roulette,3,TRUE,FALSE,0.5,0.1,0.35,5,0,,,,,,,,,,,,,,
J30_2.RCP,1,95.50736961,0.188894987,GA_roulette_hybrid_random_random_noLS_noNeighborhood,42,1000,1,50,60,,,,,,random,hybrid,random,FALSE,,,,,,,0.9,0.1,roulette,3,TRUE,FALSE,0.5,0.1,0.35,5,0,,,,,,,,,,,,,,
J30_2.RCP,0,98.50736961,0.126980782,GA_roulette_hybrid_random_heuristic_withLS_withNeighborhood,42,1000,0,50,60,,,,,,random,hybrid,heuristic,TRUE,,,,,,,0.9,0.1,roulette,3,TRUE,FALSE,0.5,0.1,0.35,5,2,,,,,,,,,,,,,,
J30_2.RCP,1,104.6502268,0.125786066,GA_roulette_hybrid_random_heuristic_withLS_withNeighborhood,42,1000,1,50,60,,,,,,random,hybrid,heuristic,TRUE,,,,,,,0.9,0.1,roulette,3,TRUE,FALSE,0.5,0.1,0.35,5,2,,,,,,,,,,,,,,
J30_2.RCP,0,98.50736961,0.125798941,GA_roulette_hybrid_random_heuristic_withLS_noNeighborhood,42,1000,0,50,60,,,,,,random,hybrid,heuristic,TRUE,,,,,,,0.9,0.1,roulette,3,TRUE,FALSE,0.5,0.1,0.35,5,0,,,,,,,,,,,,,,
J30_2.RCP,1,104.6502268,0.125760078,GA_roulette_hybrid_random_heuristic_withLS_noNeighborhood,42,1000,1,50,60,,,,,,random,hybrid,heuristic,TRUE,,,,,,,0.9,0.1,roulette,3,TRUE,FALSE,0.5,0.1,0.35,5,0,,,,,,,,,,,,,,
J30_2.RCP,0,96.17403628,0.180486917,GA_roulette_hybrid_random_heuristic_noLS_withNeighborhood,42,1000,0,50,60,,,,,,random,hybrid,heuristic,FALSE,,,,,,,0.9,0.1,roulette,3,TRUE,FALSE,0.5,0.1,0.35,5,2,,,,,,,,,,,,,,
J30_2.RCP,1,93.60260771,0.178425074,GA_roulette_hybrid_random_heuristic_noLS_withNeighborhood,42,1000,1,50,60,,,,,,random,hybrid,heuristic,FALSE,,,,,,,0.9,0.1,roulette,3,TRUE,FALSE,0.5,0.1,0.35,5,2,,,,,,,,,,,,,,
J30_2.RCP,0,96.17403628,0.177769899,GA_roulette_hybrid_random_heuristic_noLS_noNeighborhood,42,1000,0,50,60,,,,,,random,hybrid,heuristic,FALSE,,,,,,,0.9,0.1,roulette,3,TRUE,FALSE,0.5,0.1,0.35,5,0,,,,,,,,,,,,,,
J30_2.RCP,1,93.60260771,0.176387072,GA_roulette_hybrid_random_heuristic_noLS_noNeighborhood,42,1000,1,50,60,,,,,,random,hybrid,heuristic,FALSE,,,,,,,0.9,0.1,roulette,3,TRUE,FALSE,0.5,0.1,0.35,5,0,,,,,,,,,,,,,,
J30_2.RCP,0,102.0311791,0.12593627,GA_roulette_hybrid_adaptive_random_withLS_withNeighborhood,42,1000,0,50,60,,,,,,adaptive,hybrid,random,TRUE,,,,,,,0.9,0.1,roulette,3,TRUE,FALSE,0.5,0.1,0.35,5,2,,,,,,,,,,,,,,
J30_2.RCP,1,101.2216553,0.12678194,GA_roulette_hybrid_adaptive_random_withLS_withNeighborhood,42,1000,1,50,60,,,,,,adaptive,hybrid,random,TRUE,,,,,,,0.9,0.1,roulette,3,TRUE,FALSE,0.5,0.1,0.35,5,2,,,,,,,,,,,,,,
J30_2.RCP,0,102.0311791,0.128335238,GA_roulette_hybrid_adaptive_random_withLS_noNeighborhood,42,1000,0,50,60,,,,,,adaptive,hybrid,random,TRUE,,,,,,,0.9,0.1,roulette,3,TRUE,FALSE,0.5,0.1,0.35,5,0,,,,,,,,,,,,,,
J30_2.RCP,1,101.2216553,0.127303123,GA_roulette_hybrid_adaptive_random_withLS_noNeighborhood,42,1000,1,50,60,,,,,,adaptive,hybrid,random,TRUE,,,,,,,0.9,0.1,roulette,3,TRUE,FALSE,0.5,0.1,0.35,5,0,,,,,,,,,,,,,,
J30_2.RCP,0,96.84070295,0.189045906,GA_roulette_hybrid_adaptive_random_noLS_withNeighborhood,42,1000,0,50,60,,,,,,adaptive,hybrid,random,FALSE,,,,,,,0.9,0.1,roulette,3,TRUE,FALSE,0.5,0.1,0.35,5,2,,,,,,,,,,,,,,
J30_2.RCP,1,97.55498866,0.187558889,GA_roulette_hybrid_adaptive_random_noLS_withNeighborhood,42,1000,1,50,60,,,,,,adaptive,hybrid,random,FALSE,,,,,,,0.9,0.1,roulette,3,TRUE,FALSE,0.5,0.1,0.35,5,2,,,,,,,,,,,,,,
J30_2.RCP,0,96.84070295,0.186348915,GA_roulette_hybrid_adaptive_random_noLS_noNeighborhood,42,1000,0,50,60,,,,,,adaptive,hybrid,random,FALSE,,,,,,,0.9,0.1,roulette,3,TRUE,FALSE,0.5,0.1,0.35,5,0,,,,,,,,,,,,,,
J30_2.RCP,1,97.55498866,0.186808109,GA_roulette_hybrid_adaptive_random_noLS_noNeighborhood,42,1000,1,50,60,,,,,,adaptive,hybrid,random,FALSE,,,,,,,0.9,0.1,roulette,3,TRUE,FALSE,0.5,0.1,0.35,5,0,,,,,,,,,,,,,,
J30_2.RCP,0,101.8407029,0.13003397,GA_roulette_hybrid_adaptive_heuristic_withLS_withNeighborhood,42,1000,0,50,60,,,,,,adaptive,hybrid,heuristic,TRUE,,,,,,,0.9,0.1,roulette,3,TRUE,FALSE,0.5,0.1,0.35,5,2,,,,,,,,,,,,,,
J30_2.RCP,1,102.2216553,0.130474091,GA_roulette_hybrid_adaptive_heuristic_withLS_withNeighborhood,42,1000,1,50,60,,,,,,adaptive,hybrid,heuristic,TRUE,,,,,,,0.9,0.1,roulette,3,TRUE,FALSE,0.5,0.1,0.35,5,2,,,,,,,,,,,,,,
J30_2.RCP,0,101.8407029,0.134667873,GA_roulette_hybrid_adaptive_heuristic_withLS_noNeighborhood,42,1000,0,50,60,,,,,,adaptive,hybrid,heuristic,TRUE,,,,,,,0.9,0.1,roulette,3,TRUE,FALSE,0.5,0.1,0.35,5,0,,,,,,,,,,,,,,
J30_2.RCP,1,102.2216553,0.128933907,GA_roulette_hybrid_adaptive_heuristic_withLS_noNeighborhood,42,1000,1,50,60,,,,,,adaptive,hybrid,heuristic,TRUE,,,,,,,0.9,0.1,roulette,3,TRUE,FALSE,0.5,0.1,0.35,5,0,,,,,,,,,,,,,,
J30_2.RCP,0,97.41213152,0.186614037,GA_roulette_hybrid_adaptive_heuristic_noLS_withNeighborhood,42,1000,0,50,60,,,,,,adaptive,hybrid,heuristic,FALSE,,,,,,,0.9,0.1,roulette,3,TRUE,FALSE,0.5,0.1,0.35,5,2,,,,,,,,,,,,,,
J30_2.RCP,1,95.41213152,0.187352896,GA_roulette_hybrid_adaptive_heuristic_noLS_withNeighborhood,42,1000,1,50,60,,,,,,adaptive,hybrid,heuristic,FALSE,,,,,,,0.9,0.1,roulette,3,TRUE,FALSE,0.5,0.1,0.35,5,2,,,,,,,,,,,,,,
J30_2.RCP,0,97.41213152,0.192409039,GA_roulette_hybrid_adaptive_heuristic_noLS_noNeighborhood,42,1000,0,50,60,,,,,,adaptive,hybrid,heuristic,FALSE,,,,,,,0.9,0.1,roulette,3,TRUE,FALSE,0.5,0.1,0.35,5,0,,,,,,,,,,,,,,
J30_2.RCP,1,95.41213152,0.19607091,GA_roulette_hybrid_adaptive_heuristic_noLS_noNeighborhood,42,1000,1,50,60,,,,,,adaptive,hybrid,heuristic,FALSE,,,,,,,0.9,0.1,roulette,3,TRUE,FALSE,0.5,0.1,0.35,5,0,,,,,,,,,,,,,,
J30_2.RCP,0,93.12641723,0.137389898,GA_tournament_single_point_random_random_withLS_withNeighborhood,42,1000,0,50,60,,,,,,random,single_point,random,TRUE,,,,,,,0.9,0.1,tournament,3,TRUE,FALSE,0.5,0.1,0.35,5,2,,,,,,,,,,,,,,
J30_2.RCP,1,97.41213152,0.128477097,GA_tournament_single_point_random_random_withLS_withNeighborhood,42,1000,1,50,60,,,,,,random,single_point,random,TRUE,,,,,,,0.9,0.1,tournament,3,TRUE,FALSE,0.5,0.1,0.35,5,2,,,,,,,,,,,,,,
J30_2.RCP,0,93.12641723,0.128727198,GA_tournament_single_point_random_random_withLS_noNeighborhood,42,1000,0,50,60,,,,,,random,single_point,random,TRUE,,,,,,,0.9,0.1,tournament,3,TRUE,FALSE,0.5,0.1,0.35,5,0,,,,,,,,,,,,,,
J30_2.RCP,1,97.41213152,0.132258177,GA_tournament_single_point_random_random_withLS_noNeighborhood,42,1000,1,50,60,,,,,,random,single_point,random,TRUE,,,,,,,0.9,0.1,tournament,3,TRUE,FALSE,0.5,0.1,0.35,5,0,,,,,,,,,,,,,,
J30_2.RCP,0,88.36451247,0.18653512,GA_tournament_single_point_random_random_noLS_withNeighborhood,42,1000,0,50,60,,,,,,random,single_point,random,FALSE,,,,,,,0.9,0.1,tournament,3,TRUE,FALSE,0.5,0.1,0.35,5,2,,,,,,,,,,,,,,
J30_2.RCP,1,86.7930839,0.187078953,GA_tournament_single_point_random_random_noLS_withNeighborhood,42,1000,1,50,60,,,,,,random,single_point,random,FALSE,,,,,,,0.9,0.1,tournament,3,TRUE,FALSE,0.5,0.1,0.35,5,2,,,,,,,,,,,,,,
J30_2.RCP,0,88.36451247,0.186392069,GA_tournament_single_point_random_random_noLS_noNeighborhood,42,1000,0,50,60,,,,,,random,single_point,random,FALSE,,,,,,,0.9,0.1,tournament,3,TRUE,FALSE,0.5,0.1,0.35,5,0,,,,,,,,,,,,,,
J30_2.RCP,1,86.7930839,0.184246063,GA_tournament_single_point_random_random_noLS_noNeighborhood,42,1000,1,50,60,,,,,,random,single_point,random,FALSE,,,,,,,0.9,0.1,tournament,3,TRUE,FALSE,0.5,0.1,0.35,5,0,,,,,,,,,,,,,,
J30_2.RCP,0,94.84070295,0.126840115,GA_tournament_single_point_random_heuristic_withLS_withNeighborhood,42,1000,0,50,60,,,,,,random,single_point,heuristic,TRUE,,,,,,,0.9,0.1,tournament,3,TRUE,FALSE,0.5,0.1,0.35,5,2,,,,,,,,,,,,,,
J30_2.RCP,1,96.93594104,0.127030134,GA_tournament_single_point_random_heuristic_withLS_withNeighborhood,42,1000,1,50,60,,,,,,random,single_point,heuristic,TRUE,,,,,,,0.9,0.1,tournament,3,TRUE,FALSE,0.5,0.1,0.35,5,2,,,,,,,,,,,,,,
J30_2.RCP,0,94.84070295,0.127169132,GA_tournament_single_point_random_heuristic_withLS_noNeighborhood,42,1000,0,50,60,,,,,,random,single_point,heuristic,TRUE,,,,,,,0.9,0.1,tournament,3,TRUE,FALSE,0.5,0.1,0.35,5,0,,,,,,,,,,,,,,
J30_2.RCP,1,96.93594104,0.126609087,GA_tournament_single_point_random_heuristic_withLS_noNeighborhood,42,1000,1,50,60,,,,,,random,single_point,heuristic,TRUE,,,,,,,0.9,0.1,tournament,3,TRUE,FALSE,0.5,0.1,0.35,5,0,,,,,,,,,,,,,,
J30_2.RCP,0,87.60260771,0.186069965,GA_tournament_single_point_random_heuristic_noLS_withNeighborhood,42,1000,0,50,60,,,,,,random,single_point,heuristic,FALSE,,,,,,,0.9,0.1,tournament,3,TRUE,FALSE,0.5,0.1,0.35,5,2,,,,,,,,,,,,,,
J30_2.RCP,1,89.74546485,0.185186863,GA_tournament_single_point_random_heuristic_noLS_withNeighborhood,42,1000,1,50,60,,,,,,random,single_point,heuristic,FALSE,,,,,,,0.9,0.1,tournament,3,TRUE,FALSE,0.5,0.1,0.35,5,2,,,,,,,,,,,,,,
J30_2.RCP,0,87.60260771,0.183312893,GA_tournament_single_point_random_heuristic_noLS_noNeighborhood,42,1000,0,50,60,,,,,,random,single_point,heuristic,FALSE,,,,,,,0.9,0.1,tournament,3,TRUE,FALSE,0.5,0.1,0.35,5,0,,,,,,,,,,,,,,
J30_2.RCP,1,89.74546485,0.183120966,GA_tournament_single_point_random_heuristic_noLS_noNeighborhood,42,1000,1,50,60,,,,,,random,single_point,heuristic,FALSE,,,,,,,0.9,0.1,tournament,3,TRUE,FALSE,0.5,0.1,0.35,5,0,,,,,,,,,,,,,,
J30_2.RCP,0,95.6978458,0.134537935,GA_tournament_single_point_adaptive_random_withLS_withNeighborhood,42,1000,0,50,60,,,,,,adaptive,single_point,random,TRUE,,,,,,,0.9,0.1,tournament,3,TRUE,FALSE,0.5,0.1,0.35,5,2,,,,,,,,,,,,,,
J30_2.RCP,1,96.36451247,0.131413937,GA_tournament_single_point_adaptive_random_withLS_withNeighborhood,42,1000,1,50,60,,,,,,adaptive,single_point,random,TRUE,,,,,,,0.9,0.1,tournament,3,TRUE,FALSE,0.5,0.1,0.35,5,2,,,,,,,,,,,,,,
J30_2.RCP,0,95.6978458,0.128268957,GA_tournament_single_point_adaptive_random_withLS_noNeighborhood,42,1000,0,50,60,,,,,,adaptive,single_point,random,TRUE,,,,,,,0.9,0.1,tournament,3,TRUE,FALSE,0.5,0.1,0.35,5,0,,,,,,,,,,,,,,
J30_2.RCP,1,96.36451247,0.132761955,GA_tournament_single_point_adaptive_random_withLS_noNeighborhood,42,1000,1,50,60,,,,,,adaptive,single_point,random,TRUE,,,,,,,0.9,0.1,tournament,3,TRUE,FALSE,0.5,0.1,0.35,5,0,,,,,,,,,,,,,,
J30_2.RCP,0,93.60260771,0.194782972,GA_tournament_single_point_adaptive_random_noLS_withNeighborhood,42,1000,0,50,60,,,,,,adaptive,single_point,random,FALSE,,,,,,,0.9,0.1,tournament,3,TRUE,FALSE,0.5,0.1,0.35,5,2,,,,,,,,,,,,,,
J30_2.RCP,1,92.03117914,0.192781687,GA_tournament_single_point_adaptive_random_noLS_withNeighborhood,42,1000,1,50,60,,,,,,adaptive,single_point,random,FALSE,,,,,,,0.9,0.1,tournament,3,TRUE,FALSE,0.5,0.1,0.35,5,2,,,,,,,,,,,,,,
J30_2.RCP,0,93.60260771,0.192260027,GA_tournament_single_point_adaptive_random_noLS_noNeighborhood,42,1000,0,50,60,,,,,,adaptive,single_point,random,FALSE,,,,,,,0.9,0.1,tournament,3,TRUE,FALSE,0.5,0.1,0.35,5,0,,,,,,,,,,,,,,
J30_2.RCP,1,92.03117914,0.194835901,GA_tournament_single_point_adaptive_random_noLS_noNeighborhood,42,1000,1,50,60,,,,,,adaptive,single_point,random,FALSE,,,,,,,0.9,0.1,tournament,3,TRUE,FALSE,0.5,0.1,0.35,5,0,,,,,,,,,,,,,,
J30_2.RCP,0,95.45975057,0.128707886,GA_tournament_single_point_adaptive_heuristic_withLS_withNeighborhood,42,1000,0,50,60,,,,,,adaptive,single_point,heuristic,TRUE,,,,,,,0.9,0.1,tournament,3,TRUE,FALSE,0.5,0.1,0.35,5,2,,,,,,,,,,,,,,
J30_2.RCP,1,96.55498866,0.129900932,GA_tournament_single_point_adaptive_heuristic_withLS_withNeighborhood,42,1000,1,50,60,,,,,,adaptive,single_point,heuristic,TRUE,,,,,,,0.9,0.1,tournament,3,TRUE,FALSE,0.5,0.1,0.35,5,2,,,,,,,,,,,,,,
J30_2.RCP,0,95.45975057,0.129914999,GA_tournament_single_point_adaptive_heuristic_withLS_noNeighborhood,42,1000,0,50,60,,,,,,adaptive,single_point,heuristic,TRUE,,,,,,,0.9,0.1,tournament,3,TRUE,FALSE,0.5,0.1,0.35,5,0,,,,,,,,,,,,,,
J30_2.RCP,1,96.55498866,0.129130125,GA_tournament_single_point_adaptive_heuristic_withLS_noNeighborhood,42,1000,1,50,60,,,,,,adaptive,single_point,heuristic,TRUE,,,,,,,0.9,0.1,tournament,3,TRUE,FALSE,0.5,0.1,0.35,5,0,,,,,,,,,,,,,,
J30_2.RCP,0,90.17403628,0.195796013,GA_tournament_single_point_adaptive_heuristic_noLS_withNeighborhood,42,1000,0,50,60,,,,,,adaptive,single_point,heuristic,FALSE,,,,,,,0.9,0.1,tournament,3,TRUE,FALSE,0.5,0.1,0.35,5,2,,,,,,,,,,,,,,
J30_2.RCP,1,89.7930839,0.19520998,GA_tournament_single_point_adaptive_heuristic_noLS_withNeighborhood,42,1000,1,50,60,,,,,,adaptive,single_point,heuristic,FALSE,,,,,,,0.9,0.1,tournament,3,TRUE,FALSE,0.5,0.1,0.35,5,2,,,,,,,,,,,,,,
J30_2.RCP,0,90.17403628,0.194507837,GA_tournament_single_point_adaptive_heuristic_noLS_noNeighborhood,42,1000,0,50,60,,,,,,adaptive,single_point,heuristic,FALSE,,,,,,,0.9,0.1,tournament,3,TRUE,FALSE,0.5,0.1,0.35,5,0,,,,,,,,,,,,,,
J30_2.RCP,1,89.7930839,0.196254969,GA_tournament_single_point_adaptive_heuristic_noLS_noNeighborhood,42,1000,1,50,60,,,,,,adaptive,single_point,heuristic,FALSE,,,,,,,0.9,0.1,tournament,3,TRUE,FALSE,0.5,0.1,0.35,5,0,,,,,,,,,,,,,,
J30_2.RCP,0,96.84070295,0.127218008,GA_tournament_two_point_random_random_withLS_withNeighborhood,42,1000,0,50,60,,,,,,random,two_point,random,TRUE,,,,,,,0.9,0.1,tournament,3,TRUE,FALSE,0.5,0.1,0.35,5,2,,,,,,,,,,,,,,
J30_2.RCP,1,99.65022676,0.126717806,GA_tournament_two_point_random_random_withLS_withNeighborhood,42,1000,1,50,60,,,,,,random,two_point,random,TRUE,,,,,,,0.9,0.1,tournament,3,TRUE,FALSE,0.5,0.1,0.35,5,2,,,,,,,,,,,,,,
J30_2.RCP,0,96.84070295,0.125291824,GA_tournament_two_point_random_random_withLS_noNeighborhood,42,1000,0,50,60,,,,,,random,two_point,random,TRUE,,,,,,,0.9,0.1,tournament,3,TRUE,FALSE,0.5,0.1,0.35,5,0,,,,,,,,,,,,,,
J30_2.RCP,1,99.65022676,0.127419949,GA_tournament_two_point_random_random_withLS_noNeighborhood,42,1000,1,50,60,,,,,,random,two_point,random,TRUE,,,,,,,0.9,0.1,tournament,3,TRUE,FALSE,0.5,0.1,0.35,5,0,,,,,,,,,,,,,,
J30_2.RCP,0,92.26927438,0.18623209,GA_tournament_two_point_random_random_noLS_withNeighborhood,42,1000,0,50,60,,,,,,random,two_point,random,FALSE,,,,,,,0.9,0.1,tournament,3,TRUE,FALSE,0.5,0.1,0.35,5,2,,,,,,,,,,,,,,
J30_2.RCP,1,89.26927438,0.191810131,GA_tournament_two_point_random_random_noLS_withNeighborhood,42,1000,1,50,60,,,,,,random,two_point,random,FALSE,,,,,,,0.9,0.1,tournament,3,TRUE,FALSE,0.5,0.1,0.35,5,2,,,,,,,,,,,,,,
J30_2.RCP,0,92.26927438,0.190232277,GA_tournament_two_point_random_random_noLS_noNeighborhood,42,1000,0,50,60,,,,,,random,two_point,random,FALSE,,,,,,,0.9,0.1,tournament,3,TRUE,FALSE,0.5,0.1,0.35,5,0,,,,,,,,,,,,,,
J30_2.RCP,1,89.26927438,0.188718081,GA_tournament_two_point_random_random_noLS_noNeighborhood,42,1000,1,50,60,,,,,,random,two_point,random,FALSE,,,,,,,0.9,0.1,tournament,3,TRUE,FALSE,0.5,0.1,0.35,5,0,,,,,,,,,,,,,,
J30_2.RCP,0,96.31689342,0.127712011,GA_tournament_two_point_random_heuristic_withLS_withNeighborhood,42,1000,0,50,60,,,,,,random,two_point,heuristic,TRUE,,,,,,,0.9,0.1,tournament,3,TRUE,FALSE,0.5,0.1,0.35,5,2,,,,,,,,,,,,,,
J30_2.RCP,1,99.74546485,0.127796173,GA_tournament_two_point_random_heuristic_withLS_withNeighborhood,42,1000,1,50,60,,,,,,random,two_point,heuristic,TRUE,,,,,,,0.9,0.1,tournament,3,TRUE,FALSE,0.5,0.1,0.35,5,2,,,,,,,,,,,,,,
J30_2.RCP,0,96.31689342,0.12743783,GA_tournament_two_point_random_heuristic_withLS_noNeighborhood,42,1000,0,50,60,,,,,,random,two_point,heuristic,TRUE,,,,,,,0.9,0.1,tournament,3,TRUE,FALSE,0.5,0.1,0.35,5,0,,,,,,,,,,,,,,
J30_2.RCP,1,99.74546485,0.126616955,GA_tournament_two_point_random_heuristic_withLS_noNeighborhood,42,1000,1,50,60,,,,,,random,two_point,heuristic,TRUE,,,,,,,0.9,0.1,tournament,3,TRUE,FALSE,0.5,0.1,0.35,5,0,,,,,,,,,,,,,,
J30_2.RCP,0,88.07879819,0.186676979,GA_tournament_two_point_random_heuristic_noLS_withNeighborhood,42,1000,0,50,60,,,,,,random,two_point,heuristic,FALSE,,,,,,,0.9,0.1,tournament,3,TRUE,FALSE,0.5,0.1,0.35,5,2,,,,,,,,,,,,,,
J30_2.RCP,1,90.45975057,0.188415051,GA_tournament_two_point_random_heuristic_noLS_withNeighborhood,42,1000,1,50,60,,,,,,random,two_point,heuristic,FALSE,,,,,,,0.9,0.1,tournament,3,TRUE,FALSE,0.5,0.1,0.35,5,2,,,,,,,,,,,,,,
J30_2.RCP,0,88.07879819,0.187243223,GA_tournament_two_point_random_heuristic_noLS_noNeighborhood,42,1000,0,50,60,,,,,,random,two_point,heuristic,FALSE,,,,,,,0.9,0.1,tournament,3,TRUE,FALSE,0.5,0.1,0.35,5,0,,,,,,,,,,,,,,
J30_2.RCP,1,90.45975057,0.186126709,GA_tournament_two_point_random_heuristic_noLS_noNeighborhood,42,1000,1,50,60,,,,,,random,two_point,heuristic,FALSE,,,,,,,0.9,0.1,tournament,3,TRUE,FALSE,0.5,0.1,0.35,5,0,,,,,,,,,,,,,,
J30_2.RCP,0,95.17403628,0.130787849,GA_tournament_two_point_adaptive_random_withLS_withNeighborhood,42,1000,0,50,60,,,,,,adaptive,two_point,random,TRUE,,,,,,,0.9,0.1,tournament,3,TRUE,FALSE,0.5,0.1,0.35,5,2,,,,,,,,,,,,,,
J30_2.RCP,1,94.22165533,0.130358934,GA_tournament_two_point_adaptive_random_withLS_withNeighborhood,42,1000,1,50,60,,,,,,adaptive,two_point,random,TRUE,,,,,,,0.9,0.1,tournament,3,TRUE,FALSE,0.5,0.1,0.35,5,2,,,,,,,,,,,,,,
J30_2.RCP,0,95.17403628,0.128725052,GA_tournament_two_point_adaptive_random_withLS_noNeighborhood,42,1000,0,50,60,,,,,,adaptive,two_point,random,TRUE,,,,,,,0.9,0.1,tournament,3,TRUE,FALSE,0.5,0.1,0.35,5,0,,,,,,,,,,,,,,
J30_2.RCP,1,94.22165533,0.128989935,GA_tournament_two_point_adaptive_random_withLS_noNeighborhood,42,1000,1,50,60,,,,,,adaptive,two_point,random,TRUE,,,,,,,0.9,0.1,tournament,3,TRUE,FALSE,0.5,0.1,0.35,5,0,,,,,,,,,,,,,,
J30_2.RCP,0,91.50736961,0.197282076,GA_tournament_two_point_adaptive_random_noLS_withNeighborhood,42,1000,0,50,60,,,,,,adaptive,two_point,random,FALSE,,,,,,,0.9,0.1,tournament,3,TRUE,FALSE,0.5,0.1,0.35,5,2,,,,,,,,,,,,,,
J30_2.RCP,1,89.55498866,0.194349766,GA_tournament_two_point_adaptive_random_noLS_withNeighborhood,42,1000,1,50,60,,,,,,adaptive,two_point,random,FALSE,,,,,,,0.9,0.1,tournament,3,TRUE,FALSE,0.5,0.1,0.35,5,2,,,,,,,,,,,,,,
J30_2.RCP,0,91.50736961,0.193708897,GA_tournament_two_point_adaptive_random_noLS_noNeighborhood,42,1000,0,50,60,,,,,,adaptive,two_point,random,FALSE,,,,,,,0.9,0.1,tournament,3,TRUE,FALSE,0.5,0.1,0.35,5,0,,,,,,,,,,,,,,
J30_2.RCP,1,89.55498866,0.195743084,GA_tournament_two_point_adaptive_random_noLS_noNeighborhood,42,1000,1,50,60,,,,,,adaptive,two_point,random,FALSE,,,,,,,0.9,0.1,tournament,3,TRUE,FALSE,0.5,0.1,0.35,5,0,,,,,,,,,,,,,,
J30_2.RCP,0,99.98356009,0.130916119,GA_tournament_two_point_adaptive_heuristic_withLS_withNeighborhood,42,1000,0,50,60,,,,,,adaptive,two_point,heuristic,TRUE,,,,,,,0.9,0.1,tournament,3,TRUE,FALSE,0.5,0.1,0.35,5,2,,,,,,,,,,,,,,
J30_2.RCP,1,98.50736961,0.130741119,GA_tournament_two_point_adaptive_heuristic_withLS_withNeighborhood,42,1000,1,50,60,,,,,,adaptive,two_point,heuristic,TRUE,,,,,,,0.9,0.1,tournament,3,TRUE,FALSE,0.5,0.1,0.35,5,2,,,,,,,,,,,,,,
J30_2.RCP,0,99.98356009,0.237267256,GA_tournament_two_point_adaptive_heuristic_withLS_noNeighborhood,42,1000,0,50,60,,,,,,adaptive,two_point,heuristic,TRUE,,,,,,,0.9,0.1,tournament,3,TRUE,FALSE,0.5,0.1,0.35,5,0,,,,,,,,,,,,,,
J30_2.RCP,1,98.50736961,0.131899834,GA_tournament_two_point_adaptive_heuristic_withLS_noNeighborhood,42,1000,1,50,60,,,,,,adaptive,two_point,heuristic,TRUE,,,,,,,0.9,0.1,tournament,3,TRUE,FALSE,0.5,0.1,0.35,5,0,,,,,,,,,,,,,,
J30_2.RCP,0,91.60260771,0.201065063,GA_tournament_two_point_adaptive_heuristic_noLS_withNeighborhood,42,1000,0,50,60,,,,,,adaptive,two_point,heuristic,FALSE,,,,,,,0.9,0.1,tournament,3,TRUE,FALSE,0.5,0.1,0.35,5,2,,,,,,,,,,,,,,
J30_2.RCP,1,92.84070295,0.196142912,GA_tournament_two_point_adaptive_heuristic_noLS_withNeighborhood,42,1000,1,50,60,,,,,,adaptive,two_point,heuristic,FALSE,,,,,,,0.9,0.1,tournament,3,TRUE,FALSE,0.5,0.1,0.35,5,2,,,,,,,,,,,,,,
J30_2.RCP,0,91.60260771,0.201858997,GA_tournament_two_point_adaptive_heuristic_noLS_noNeighborhood,42,1000,0,50,60,,,,,,adaptive,two_point,heuristic,FALSE,,,,,,,0.9,0.1,tournament,3,TRUE,FALSE,0.5,0.1,0.35,5,0,,,,,,,,,,,,,,
J30_2.RCP,1,92.84070295,0.196369886,GA_tournament_two_point_adaptive_heuristic_noLS_noNeighborhood,42,1000,1,50,60,,,,,,adaptive,two_point,heuristic,FALSE,,,,,,,0.9,0.1,tournament,3,TRUE,FALSE,0.5,0.1,0.35,5,0,,,,,,,,,,,,,,
J30_2.RCP,0,94.12641723,0.651691914,GA_tournament_rcx_random_random_withLS_withNeighborhood,42,1000,0,50,60,,,,,,random,rcx,random,TRUE,,,,,,,0.9,0.1,tournament,3,TRUE,FALSE,0.5,0.1,0.35,5,2,,,,,,,,,,,,,,
J30_2.RCP,1,95.45975057,0.658749104,GA_tournament_rcx_random_random_withLS_withNeighborhood,42,1000,1,50,60,,,,,,random,rcx,random,TRUE,,,,,,,0.9,0.1,tournament,3,TRUE,FALSE,0.5,0.1,0.35,5,2,,,,,,,,,,,,,,
J30_2.RCP,0,94.12641723,0.662271976,GA_tournament_rcx_random_random_withLS_noNeighborhood,42,1000,0,50,60,,,,,,random,rcx,random,TRUE,,,,,,,0.9,0.1,tournament,3,TRUE,FALSE,0.5,0.1,0.35,5,0,,,,,,,,,,,,,,
J30_2.RCP,1,95.45975057,0.653541803,GA_tournament_rcx_random_random_withLS_noNeighborhood,42,1000,1,50,60,,,,,,random,rcx,random,TRUE,,,,,,,0.9,0.1,tournament,3,TRUE,FALSE,0.5,0.1,0.35,5,0,,,,,,,,,,,,,,
J30_2.RCP,0,84.07879819,2.289960861,GA_tournament_rcx_random_random_noLS_withNeighborhood,42,1000,0,50,60,,,,,,random,rcx,random,FALSE,,,,,,,0.9,0.1,tournament,3,TRUE,FALSE,0.5,0.1,0.35,5,2,,,,,,,,,,,,,,
J30_2.RCP,1,84.55498866,2.289069176,GA_tournament_rcx_random_random_noLS_withNeighborhood,42,1000,1,50,60,,,,,,random,rcx,random,FALSE,,,,,,,0.9,0.1,tournament,3,TRUE,FALSE,0.5,0.1,0.35,5,2,,,,,,,,,,,,,,
J30_2.RCP,0,84.07879819,2.259028912,GA_tournament_rcx_random_random_noLS_noNeighborhood,42,1000,0,50,60,,,,,,random,rcx,random,FALSE,,,,,,,0.9,0.1,tournament,3,TRUE,FALSE,0.5,0.1,0.35,5,0,,,,,,,,,,,,,,
J30_2.RCP,1,84.55498866,2.360957384,GA_tournament_rcx_random_random_noLS_noNeighborhood,42,1000,1,50,60,,,,,,random,rcx,random,FALSE,,,,,,,0.9,0.1,tournament,3,TRUE,FALSE,0.5,0.1,0.35,5,0,,,,,,,,,,,,,,
J30_2.RCP,0,98.17403628,0.683487892,GA_tournament_rcx_random_heuristic_withLS_withNeighborhood,42,1000,0,50,60,,,,,,random,rcx,heuristic,TRUE,,,,,,,0.9,0.1,tournament,3,TRUE,FALSE,0.5,0.1,0.35,5,2,,,,,,,,,,,,,,
J30_2.RCP,1,95.6978458,0.634340286,GA_tournament_rcx_random_heuristic_withLS_withNeighborhood,42,1000,1,50,60,,,,,,random,rcx,heuristic,TRUE,,,,,,,0.9,0.1,tournament,3,TRUE,FALSE,0.5,0.1,0.35,5,2,,,,,,,,,,,,,,
J30_2.RCP,0,98.17403628,0.669245958,GA_tournament_rcx_random_heuristic_withLS_noNeighborhood,42,1000,0,50,60,,,,,,random,rcx,heuristic,TRUE,,,,,,,0.9,0.1,tournament,3,TRUE,FALSE,0.5,0.1,0.35,5,0,,,,,,,,,,,,,,
J30_2.RCP,1,95.6978458,0.635232925,GA_tournament_rcx_random_heuristic_withLS_noNeighborhood,42,1000,1,50,60,,,,,,random,rcx,heuristic,TRUE,,,,,,,0.9,0.1,tournament,3,TRUE,FALSE,0.5,0.1,0.35,5,0,,,,,,,,,,,,,,
J30_2.RCP,0,89.65022676,2.351038933,GA_tournament_rcx_random_heuristic_noLS_withNeighborhood,42,1000,0,50,60,,,,,,random,rcx,heuristic,FALSE,,,,,,,0.9,0.1,tournament,3,TRUE,FALSE,0.5,0.1,0.35,5,2,,,,,,,,,,,,,,
J30_2.RCP,1,87.888322,2.241172075,GA_tournament_rcx_random_heuristic_noLS_withNeighborhood,42,1000,1,50,60,,,,,,random,rcx,heuristic,FALSE,,,,,,,0.9,0.1,tournament,3,TRUE,FALSE,0.5,0.1,0.35,5,2,,,,,,,,,,,,,,
J30_2.RCP,0,89.65022676,2.292780876,GA_tournament_rcx_random_heuristic_noLS_noNeighborhood,42,1000,0,50,60,,,,,,random,rcx,heuristic,FALSE,,,,,,,0.9,0.1,tournament,3,TRUE,FALSE,0.5,0.1,0.35,5,0,,,,,,,,,,,,,,
J30_2.RCP,1,87.888322,2.252165794,GA_tournament_rcx_random_heuristic_noLS_noNeighborhood,42,1000,1,50,60,,,,,,random,rcx,heuristic,FALSE,,,,,,,0.9,0.1,tournament,3,TRUE,FALSE,0.5,0.1,0.35,5,0,,,,,,,,,,,,,,
J30_2.RCP,0,96.7930839,0.666995049,GA_tournament_rcx_adaptive_random_withLS_withNeighborhood,42,1000,0,50,60,,,,,,adaptive,rcx,random,TRUE,,,,,,,0.9,0.1,tournament,3,TRUE,FALSE,0.5,0.1,0.35,5,2,,,,,,,,,,,,,,
J30_2.RCP,1,97.22165533,0.637360334,GA_tournament_rcx_adaptive_random_withLS_withNeighborhood,42,1000,1,50,60,,,,,,adaptive,rcx,random,TRUE,,,,,,,0.9,0.1,tournament,3,TRUE,FALSE,0.5,0.1,0.35,5,2,,,,,,,,,,,,,,
J30_2.RCP,0,96.7930839,0.673668861,GA_tournament_rcx_adaptive_random_withLS_noNeighborhood,42,1000,0,50,60,,,,,,adaptive,rcx,random,TRUE,,,,,,,0.9,0.1,tournament,3,TRUE,FALSE,0.5,0.1,0.35,5,0,,,,,,,,,,,,,,
J30_2.RCP,1,97.22165533,0.642751932,GA_tournament_rcx_adaptive_random_withLS_noNeighborhood,42,1000,1,50,60,,,,,,adaptive,rcx,random,TRUE,,,,,,,0.9,0.1,tournament,3,TRUE,FALSE,0.5,0.1,0.35,5,0,,,,,,,,,,,,,,
J30_2.RCP,0,92.12641723,2.331240177,GA_tournament_rcx_adaptive_random_noLS_withNeighborhood,42,1000,0,50,60,,,,,,adaptive,rcx,random,FALSE,,,,,,,0.9,0.1,tournament,3,TRUE,FALSE,0.5,0.1,0.35,5,2,,,,,,,,,,,,,,
J30_2.RCP,1,89.98356009,2.350446939,GA_tournament_rcx_adaptive_random_noLS_withNeighborhood,42,1000,1,50,60,,,,,,adaptive,rcx,random,FALSE,,,,,,,0.9,0.1,tournament,3,TRUE,FALSE,0.5,0.1,0.35,5,2,,,,,,,,,,,,,,
J30_2.RCP,0,92.12641723,2.291493177,GA_tournament_rcx_adaptive_random_noLS_noNeighborhood,42,1000,0,50,60,,,,,,adaptive,rcx,random,FALSE,,,,,,,0.9,0.1,tournament,3,TRUE,FALSE,0.5,0.1,0.35,5,0,,,,,,,,,,,,,,
J30_2.RCP,1,89.98356009,2.224323988,GA_tournament_rcx_adaptive_random_noLS_noNeighborhood,42,1000,1,50,60,,,,,,adaptive,rcx,random,FALSE,,,,,,,0.9,0.1,tournament,3,TRUE,FALSE,0.5,0.1,0.35,5,0,,,,,,,,,,,,,,
J30_2.RCP,0,98.6978458,0.665529251,GA_tournament_rcx_adaptive_heuristic_withLS_withNeighborhood,42,1000,0,50,60,,,,,,adaptive,rcx,heuristic,TRUE,,,,,,,0.9,0.1,tournament,3,TRUE,FALSE,0.5,0.1,0.35,5,2,,,,,,,,,,,,,,
J30_2.RCP,1,95.07879819,0.641795874,GA_tournament_rcx_adaptive_heuristic_withLS_withNeighborhood,42,1000,1,50,60,,,,,,adaptive,rcx,heuristic,TRUE,,,,,,,0.9,0.1,tournament,3,TRUE,FALSE,0.5,0.1,0.35,5,2,,,,,,,,,,,,,,
J30_2.RCP,0,98.6978458,0.658497095,GA_tournament_rcx_adaptive_heuristic_withLS_noNeighborhood,42,1000,0,50,60,,,,,,adaptive,rcx,heuristic,TRUE,,,,,,,0.9,0.1,tournament,3,TRUE,FALSE,0.5,0.1,0.35,5,0,,,,,,,,,,,,,,
J30_2.RCP,1,95.07879819,0.643129826,GA_tournament_rcx_adaptive_heuristic_withLS_noNeighborhood,42,1000,1,50,60,,,,,,adaptive,rcx,heuristic,TRUE,,,,,,,0.9,0.1,tournament,3,TRUE,FALSE,0.5,0.1,0.35,5,0,,,,,,,,,,,,,,
J30_2.RCP,0,92.12641723,2.412271023,GA_tournament_rcx_adaptive_heuristic_noLS_withNeighborhood,42,1000,0,50,60,,,,,,adaptive,rcx,heuristic,FALSE,,,,,,,0.9,0.1,tournament,3,TRUE,FALSE,0.5,0.1,0.35,5,2,,,,,,,,,,,,,,
J30_2.RCP,1,92.65022676,2.278822899,GA_tournament_rcx_adaptive_heuristic_noLS_withNeighborhood,42,1000,1,50,60,,,,,,adaptive,rcx,heuristic,FALSE,,,,,,,0.9,0.1,tournament,3,TRUE,FALSE,0.5,0.1,0.35,5,2,,,,,,,,,,,,,,
J30_2.RCP,0,92.12641723,2.504523039,GA_tournament_rcx_adaptive_heuristic_noLS_noNeighborhood,42,1000,0,50,60,,,,,,adaptive,rcx,heuristic,FALSE,,,,,,,0.9,0.1,tournament,3,TRUE,FALSE,0.5,0.1,0.35,5,0,,,,,,,,,,,,,,
J30_2.RCP,1,92.65022676,2.304801226,GA_tournament_rcx_adaptive_heuristic_noLS_noNeighborhood,42,1000,1,50,60,,,,,,adaptive,rcx,heuristic,FALSE,,,,,,,0.9,0.1,tournament,3,TRUE,FALSE,0.5,0.1,0.35,5,0,,,,,,,,,,,,,,
J30_2.RCP,0,91.12641723,0.406605959,GA_tournament_hybrid_random_random_withLS_withNeighborhood,42,1000,0,50,60,,,,,,random,hybrid,random,TRUE,,,,,,,0.9,0.1,tournament,3,TRUE,FALSE,0.5,0.1,0.35,5,2,,,,,,,,,,,,,,
J30_2.RCP,1,98.55498866,0.393480778,GA_tournament_hybrid_random_random_withLS_withNeighborhood,42,1000,1,50,60,,,,,,random,hybrid,random,TRUE,,,,,,,0.9,0.1,tournament,3,TRUE,FALSE,0.5,0.1,0.35,5,2,,,,,,,,,,,,,,
J30_2.RCP,0,91.12641723,0.405110121,GA_tournament_hybrid_random_random_withLS_noNeighborhood,42,1000,0,50,60,,,,,,random,hybrid,random,TRUE,,,,,,,0.9,0.1,tournament,3,TRUE,FALSE,0.5,0.1,0.35,5,0,,,,,,,,,,,,,,
J30_2.RCP,1,98.55498866,0.401015043,GA_tournament_hybrid_random_random_withLS_noNeighborhood,42,1000,1,50,60,,,,,,random,hybrid,random,TRUE,,,,,,,0.9,0.1,tournament,3,TRUE,FALSE,0.5,0.1,0.35,5,0,,,,,,,,,,,,,,
J30_2.RCP,0,89.26927438,1.375679255,GA_tournament_hybrid_random_random_noLS_withNeighborhood,42,1000,0,50,60,,,,,,random,hybrid,random,FALSE,,,,,,,0.9,0.1,tournament,3,TRUE,FALSE,0.5,0.1,0.35,5,2,,,,,,,,,,,,,,
J30_2.RCP,1,88.6978458,1.383663177,GA_tournament_hybrid_random_random_noLS_withNeighborhood,42,1000,1,50,60,,,,,,random,hybrid,random,FALSE,,,,,,,0.9,0.1,tournament,3,TRUE,FALSE,0.5,0.1,0.35,5,2,,,,,,,,,,,,,,
J30_2.RCP,0,89.26927438,1.448165178,GA_tournament_hybrid_random_random_noLS_noNeighborhood,42,1000,0,50,60,,,,,,random,hybrid,random,FALSE,,,,,,,0.9,0.1,tournament,3,TRUE,FALSE,0.5,0.1,0.35,5,0,,,,,,,,,,,,,,
J30_2.RCP,1,88.6978458,1.305794239,GA_tournament_hybrid_random_random_noLS_noNeighborhood,42,1000,1,50,60,,,,,,random,hybrid,random,FALSE,,,,,,,0.9,0.1,tournament,3,TRUE,FALSE,0.5,0.1,0.35,5,0,,,,,,,,,,,,,,
J30_2.RCP,0,92.12641723,0.382043839,GA_tournament_hybrid_random_heuristic_withLS_withNeighborhood,42,1000,0,50,60,,,,,,random,hybrid,heuristic,TRUE,,,,,,,0.9,0.1,tournament,3,TRUE,FALSE,0.5,0.1,0.35,5,2,,,,,,,,,,,,,,
J30_2.RCP,1,99.55498866,0.403201818,GA_tournament_hybrid_random_heuristic_withLS_withNeighborhood,42,1000,1,50,60,,,,,,random,hybrid,heuristic,TRUE,,,,,,,0.9,0.1,tournament,3,TRUE,FALSE,0.5,0.1,0.35,5,2,,,,,,,,,,,,,,
J30_2.RCP,0,92.12641723,0.387075186,GA_tournament_hybrid_random_heuristic_withLS_noNeighborhood,42,1000,0,50,60,,,,,,random,hybrid,heuristic,TRUE,,,,,,,0.9,0.1,tournament,3,TRUE,FALSE,0.5,0.1,0.35,5,0,,,,,,,,,,,,,,
J30_2.RCP,1,99.55498866,0.406960249,GA_tournament_hybrid_random_heuristic_withLS_noNeighborhood,42,1000,1,50,60,,,,,,random,hybrid,heuristic,TRUE,,,,,,,0.9,0.1,tournament,3,TRUE,FALSE,0.5,0.1,0.35,5,0,,,,,,,,,,,,,,
J30_2.RCP,0,90.45975057,1.301640272,GA_tournament_hybrid_random_heuristic_noLS_withNeighborhood,42,1000,0,50,60,,,,,,random,hybrid,heuristic,FALSE,,,,,,,0.9,0.1,tournament,3,TRUE,FALSE,0.5,0.1,0.35,5,2,,,,,,,,,,,,,,
J30_2.RCP,1,92.31689342,1.236454725,GA_tournament_hybrid_random_heuristic_noLS_withNeighborhood,42,1000,1,50,60,,,,,,random,hybrid,heuristic,FALSE,,,,,,,0.9,0.1,tournament,3,TRUE,FALSE,0.5,0.1,0.35,5,2,,,,,,,,,,,,,,
J30_2.RCP,0,90.45975057,1.282903671,GA_tournament_hybrid_random_heuristic_noLS_noNeighborhood,42,1000,0,50,60,,,,,,random,hybrid,heuristic,FALSE,,,,,,,0.9,0.1,tournament,3,TRUE,FALSE,0.5,0.1,0.35,5,0,,,,,,,,,,,,,,
J30_2.RCP,1,92.31689342,1.255428076,GA_tournament_hybrid_random_heuristic_noLS_noNeighborhood,42,1000,1,50,60,,,,,,random,hybrid,heuristic,FALSE,,,,,,,0.9,0.1,tournament,3,TRUE,FALSE,0.5,0.1,0.35,5,0,,,,,,,,,,,,,,
J30_2.RCP,0,96.60260771,0.401971817,GA_tournament_hybrid_adaptive_random_withLS_withNeighborhood,42,1000,0,50,60,,,,,,adaptive,hybrid,random,TRUE,,,,,,,0.9,0.1,tournament,3,TRUE,FALSE,0.5,0.1,0.35,5,2,,,,,,,,,,,,,,
J30_2.RCP,1,96.36451247,0.379009962,GA_tournament_hybrid_adaptive_random_withLS_withNeighborhood,42,1000,1,50,60,,,,,,adaptive,hybrid,random,TRUE,,,,,,,0.9,0.1,tournament,3,TRUE,FALSE,0.5,0.1,0.35,5,2,,,,,,,,,,,,,,
J30_2.RCP,0,96.60260771,0.393923998,GA_tournament_hybrid_adaptive_random_withLS_noNeighborhood,42,1000,0,50,60,,,,,,adaptive,hybrid,random,TRUE,,,,,,,0.9,0.1,tournament,3,TRUE,FALSE,0.5,0.1,0.35,5,0,,,,,,,,,,,,,,
J30_2.RCP,1,96.36451247,0.387187004,GA_tournament_hybrid_adaptive_random_withLS_noNeighborhood,42,1000,1,50,60,,,,,,adaptive,hybrid,random,TRUE,,,,,,,0.9,0.1,tournament,3,TRUE,FALSE,0.5,0.1,0.35,5,0,,,,,,,,,,,,,,
J30_2.RCP,0,86.36451247,1.383282185,GA_tournament_hybrid_adaptive_random_noLS_withNeighborhood,42,1000,0,50,60,,,,,,adaptive,hybrid,random,FALSE,,,,,,,0.9,0.1,tournament,3,TRUE,FALSE,0.5,0.1,0.35,5,2,,,,,,,,,,,,,,
J30_2.RCP,1,85.74546485,1.339509964,GA_tournament_hybrid_adaptive_random_noLS_withNeighborhood,42,1000,1,50,60,,,,,,adaptive,hybrid,random,FALSE,,,,,,,0.9,0.1,tournament,3,TRUE,FALSE,0.5,0.1,0.35,5,2,,,,,,,,,,,,,,
J30_2.RCP,0,86.36451247,1.305176973,GA_tournament_hybrid_adaptive_random_noLS_noNeighborhood,42,1000,0,50,60,,,,,,adaptive,hybrid,random,FALSE,,,,,,,0.9,0.1,tournament,3,TRUE,FALSE,0.5,0.1,0.35,5,0,,,,,,,,,,,,,,
J30_2.RCP,1,85.74546485,1.26560688,GA_tournament_hybrid_adaptive_random_noLS_noNeighborhood,42,1000,1,50,60,,,,,,adaptive,hybrid,random,FALSE,,,,,,,0.9,0.1,tournament,3,TRUE,FALSE,0.5,0.1,0.35,5,0,,,,,,,,,,,,,,
J30_2.RCP,0,96.84070295,0.402992725,GA_tournament_hybrid_adaptive_heuristic_withLS_withNeighborhood,42,1000,0,50,60,,,,,,adaptive,hybrid,heuristic,TRUE,,,,,,,0.9,0.1,tournament,3,TRUE,FALSE,0.5,0.1,0.35,5,2,,,,,,,,,,,,,,
J30_2.RCP,1,97.03117914,0.396055937,GA_tournament_hybrid_adaptive_heuristic_withLS_withNeighborhood,42,1000,1,50,60,,,,,,adaptive,hybrid,heuristic,TRUE,,,,,,,0.9,0.1,tournament,3,TRUE,FALSE,0.5,0.1,0.35,5,2,,,,,,,,,,,,,,
J30_2.RCP,0,96.84070295,0.406663895,GA_tournament_hybrid_adaptive_heuristic_withLS_noNeighborhood,42,1000,0,50,60,,,,,,adaptive,hybrid,heuristic,TRUE,,,,,,,0.9,0.1,tournament,3,TRUE,FALSE,0.5,0.1,0.35,5,0,,,,,,,,,,,,,,
J30_2.RCP,1,97.03117914,0.395817995,GA_tournament_hybrid_adaptive_heuristic_withLS_noNeighborhood,42,1000,1,50,60,,,,,,adaptive,hybrid,heuristic,TRUE,,,,,,,0.9,0.1,tournament,3,TRUE,FALSE,0.5,0.1,0.35,5,0,,,,,,,,,,,,,,
J30_2.RCP,0,88.93594104,1.244539976,GA_tournament_hybrid_adaptive_heuristic_noLS_withNeighborhood,42,1000,0,50,60,,,,,,adaptive,hybrid,heuristic,FALSE,,,,,,,0.9,0.1,tournament,3,TRUE,FALSE,0.5,0.1,0.35,5,2,,,,,,,,,,,,,,
J30_2.RCP,1,89.31689342,1.306357145,GA_tournament_hybrid_adaptive_heuristic_noLS_withNeighborhood,42,1000,1,50,60,,,,,,adaptive,hybrid,heuristic,FALSE,,,,,,,0.9,0.1,tournament,3,TRUE,FALSE,0.5,0.1,0.35,5,2,,,,,,,,,,,,,,
J30_2.RCP,0,88.93594104,1.293302059,GA_tournament_hybrid_adaptive_heuristic_noLS_noNeighborhood,42,1000,0,50,60,,,,,,adaptive,hybrid,heuristic,FALSE,,,,,,,0.9,0.1,tournament,3,TRUE,FALSE,0.5,0.1,0.35,5,0,,,,,,,,,,,,,,
J30_2.RCP,1,89.31689342,1.328453064,GA_tournament_hybrid_adaptive_heuristic_noLS_noNeighborhood,42,1000,1,50,60,,,,,,adaptive,hybrid,heuristic,FALSE,,,,,,,0.9,0.1,tournament,3,TRUE,FALSE,0.5,0.1,0.35,5,0,,,,,,,,,,,,,,
J30_2.RCP,0,99.03117914,0.111665964,SA_default,42,1000,0,,60,,,,,,,,,,,,,,,,,,,,,,,,,,,10000,0.995,10,,,,,,,,,,,
J30_2.RCP,1,103.3645125,0.114598989,SA_default,42,1000,1,,60,,,,,,,,,,,,,,,,,,,,,,,,,,,10000,0.995,10,,,,,,,,,,,
J30_2.RCP,0,94.22165533,0.101575851,ILS_strength3,42,1000,0,,60,100,,,,,,,,,,,,,,,,,,,,,,,,,,,,,3,,,,,,,,,,
J30_2.RCP,1,100.6026077,0.101766825,ILS_strength3,42,1000,1,,60,100,,,,,,,,,,,,,,,,,,,,,,,,,,,,,3,,,,,,,,,,
J30_2.RCP,0,94.22165533,0.103644133,ILS_strength5,42,1000,0,,60,100,,,,,,,,,,,,,,,,,,,,,,,,,,,,,5,,,,,,,,,,
J30_2.RCP,1,100.6026077,0.101884127,ILS_strength5,42,1000,1,,60,100,,,,,,,,,,,,,,,,,,,,,,,,,,,,,5,,,,,,,,,,
J30_2.RCP,0,94.22165533,0.101952076,ILS_strength7,42,1000,0,,60,100,,,,,,,,,,,,,,,,,,,,,,,,,,,,,7,,,,,,,,,,
J30_2.RCP,1,100.6026077,0.103296041,ILS_strength7,42,1000,1,,60,100,,,,,,,,,,,,,,,,,,,,,,,,,,,,,7,,,,,,,,,,
J30_2.RCP,0,94.22165533,0.102882624,ILS_strength10,42,1000,0,,60,100,,,,,,,,,,,,,,,,,,,,,,,,,,,,,10,,,,,,,,,,
J30_2.RCP,1,100.6026077,0.1030581,ILS_strength10,42,1000,1,,60,100,,,,,,,,,,,,,,,,,,,,,,,,,,,,,10,,,,,,,,,,
J30_2.RCP,0,94.22165533,0.101378918,ILS_strength15,42,1000,0,,60,100,,,,,,,,,,,,,,,,,,,,,,,,,,,,,15,,,,,,,,,,
J30_2.RCP,1,100.6026077,0.103440762,ILS_strength15,42,1000,1,,60,100,,,,,,,,,,,,,,,,,,,,,,,,,,,,,15,,,,,,,,,,
J30_2.RCP,0,79.22165533,0.113212109,TS_static,42,1000,0,,60,100,,,,,,,,,,,,,,,,,,,,,,,,,20,,,,,10,TRUE,static,1,4,10,,,,
J30_2.RCP,1,76.84070295,0.114467144,TS_static,42,1000,1,,60,100,,,,,,,,,,,,,,,,,,,,,,,,,20,,,,,10,TRUE,static,1,4,10,,,,
J30_2.RCP,0,79.22165533,0.11819911,TS_dynamic,42,1000,0,,60,100,,,,,,,,,,,,,,,,,,,,,,,,,20,,,,,10,TRUE,dynamic,1,4,10,,,,
J30_2.RCP,1,79.50736961,0.113488674,TS_dynamic,42,1000,1,,60,100,,,,,,,,,,,,,,,,,,,,,,,,,20,,,,,10,TRUE,dynamic,1,4,10,,,,
J30_2.RCP,0,108.5549887,0.128648996,PR_forward_best_withLS,42,1000,0,,60,100,,,,,,,,TRUE,,,,,,,,,best,,,,,,,,,,,,,,,,,,,10,forward,50,
J30_2.RCP,1,117.0311791,0.131287098,PR_forward_best_withLS,42,1000,1,,60,100,,,,,,,,TRUE,,,,,,,,,best,,,,,,,,,,,,,,,,,,,10,forward,50,
J30_2.RCP,0,100.1740363,0.046380758,PR_forward_best_noLS,42,1000,0,,60,100,,,,,,,,FALSE,,,,,,,,,best,,,,,,,,,,,,,,,,,,,10,forward,50,
J30_2.RCP,1,108.5549887,0.039613962,PR_forward_best_noLS,42,1000,1,,60,100,,,,,,,,FALSE,,,,,,,,,best,,,,,,,,,,,,,,,,,,,10,forward,50,
J30_2.RCP,0,101.7930839,0.127996206,PR_backward_best_withLS,42,1000,0,,60,100,,,,,,,,TRUE,,,,,,,,,best,,,,,,,,,,,,,,,,,,,10,backward,50,
J30_2.RCP,1,115.6502268,0.127139091,PR_backward_best_withLS,42,1000,1,,60,100,,,,,,,,TRUE,,,,,,,,,best,,,,,,,,,,,,,,,,,,,10,backward,50,
J30_2.RCP,0,102.3645125,0.055539846,PR_backward_best_noLS,42,1000,0,,60,100,,,,,,,,FALSE,,,,,,,,,best,,,,,,,,,,,,,,,,,,,10,backward,50,
J30_2.RCP,1,96.888322,0.044961929,PR_backward_best_noLS,42,1000,1,,60,100,,,,,,,,FALSE,,,,,,,,,best,,,,,,,,,,,,,,,,,,,10,backward,50,
J30_2.RCP,0,105.3645125,0.855826139,GSA_default,42,1000,0,50,60,100,,,,,,,random,,,,,,,,,,,,TRUE,,20,,,,,,,,,,,,,,,,,,100
J30_2.RCP,1,105.7930839,0.848512888,GSA_default,42,1000,1,50,60,100,,,,,,,random,,,,,,,,,,,,TRUE,,20,,,,,,,,,,,,,,,,,,100
J30_3.RCP,0,77.10870741,0.143877983,DE_rand/1_adaptiveF_bin_adaptiveCR_withLS,43,1000,0,50,60,100,0.1,0.9,TRUE,TRUE,rand/1,bin,random,TRUE,5,0.3,1.5,0.3,1,1,,,,,,,,,,,,,,,,,,,,,,,,,
J30_3.RCP,1,76.64359113,0.144184113,DE_rand/1_adaptiveF_bin_adaptiveCR_withLS,43,1000,1,50,60,100,0.1,0.9,TRUE,TRUE,rand/1,bin,random,TRUE,5,0.3,1.5,0.3,1,1,,,,,,,,,,,,,,,,,,,,,,,,,
J30_3.RCP,0,78.82963764,0.143750191,DE_rand/1_adaptiveF_bin_adaptiveCR_noLS,43,1000,0,50,60,100,0.1,0.9,TRUE,TRUE,rand/1,bin,random,FALSE,5,0.3,1.5,0.3,1,1,,,,,,,,,,,,,,,,,,,,,,,,,
J30_3.RCP,1,76.78312601,0.146085024,DE_rand/1_adaptiveF_bin_adaptiveCR_noLS,43,1000,1,50,60,100,0.1,0.9,TRUE,TRUE,rand/1,bin,random,FALSE,5,0.3,1.5,0.3,1,1,,,,,,,,,,,,,,,,,,,,,,,,,
J30_3.RCP,0,77.52731206,0.145697832,DE_rand/1_adaptiveF_bin_fixedCR_withLS,43,1000,0,50,60,100,0.1,0.9,TRUE,FALSE,rand/1,bin,random,TRUE,5,0.3,1.5,0.3,1,1,,,,,,,,,,,,,,,,,,,,,,,,,
J30_3.RCP,1,75.66684694,0.143343925,DE_rand/1_adaptiveF_bin_fixedCR_withLS,43,1000,1,50,60,100,0.1,0.9,TRUE,FALSE,rand/1,bin,random,TRUE,5,0.3,1.5,0.3,1,1,,,,,,,,,,,,,,,,,,,,,,,,,
J30_3.RCP,0,72.41103299,0.144886971,DE_rand/1_adaptiveF_bin_fixedCR_noLS,43,1000,0,50,60,100,0.1,0.9,TRUE,FALSE,rand/1,bin,random,FALSE,5,0.3,1.5,0.3,1,1,,,,,,,,,,,,,,,,,,,,,,,,,
J30_3.RCP,1,75.24824229,0.140609026,DE_rand/1_adaptiveF_bin_fixedCR_noLS,43,1000,1,50,60,100,0.1,0.9,TRUE,FALSE,rand/1,bin,random,FALSE,5,0.3,1.5,0.3,1,1,,,,,,,,,,,,,,,,,,,,,,,,,
J30_3.RCP,0,76.87614927,0.142578125,DE_rand/1_adaptiveF_exp_adaptiveCR_withLS,43,1000,0,50,60,100,0.1,0.9,TRUE,TRUE,rand/1,exp,random,TRUE,5,0.3,1.5,0.3,1,1,,,,,,,,,,,,,,,,,,,,,,,,,
J30_3.RCP,1,79.01568415,0.144257069,DE_rand/1_adaptiveF_exp_adaptiveCR_withLS,43,1000,1,50,60,100,0.1,0.9,TRUE,TRUE,rand/1,exp,random,TRUE,5,0.3,1.5,0.3,1,1,,,,,,,,,,,,,,,,,,,,,,,,,
J30_3.RCP,0,77.10870741,0.146118879,DE_rand/1_adaptiveF_exp_adaptiveCR_noLS,43,1000,0,50,60,100,0.1,0.9,TRUE,TRUE,rand/1,exp,random,FALSE,5,0.3,1.5,0.3,1,1,,,,,,,,,,,,,,,,,,,,,,,,,
J30_3.RCP,1,78.41103299,0.144578934,DE_rand/1_adaptiveF_exp_adaptiveCR_noLS,43,1000,1,50,60,100,0.1,0.9,TRUE,TRUE,rand/1,exp,random,FALSE,5,0.3,1.5,0.3,1,1,,,,,,,,,,,,,,,,,,,,,,,,,
J30_3.RCP,0,76.36452136,0.270077229,DE_rand/1_adaptiveF_exp_fixedCR_withLS,43,1000,0,50,60,100,0.1,0.9,TRUE,FALSE,rand/1,exp,random,TRUE,5,0.3,1.5,0.3,1,1,,,,,,,,,,,,,,,,,,,,,,,,,
J30_3.RCP,1,78.45754462,0.160748005,DE_rand/1_adaptiveF_exp_fixedCR_withLS,43,1000,1,50,60,100,0.1,0.9,TRUE,FALSE,rand/1,exp,random,TRUE,5,0.3,1.5,0.3,1,1,,,,,,,,,,,,,,,,,,,,,,,,,
J30_3.RCP,0,73.52731206,0.147997856,DE_rand/1_adaptiveF_exp_fixedCR_noLS,43,1000,0,50,60,100,0.1,0.9,TRUE,FALSE,rand/1,exp,random,FALSE,5,0.3,1.5,0.3,1,1,,,,,,,,,,,,,,,,,,,,,,,,,
J30_3.RCP,1,74.55056787,0.141509056,DE_rand/1_adaptiveF_exp_fixedCR_noLS,43,1000,1,50,60,100,0.1,0.9,TRUE,FALSE,rand/1,exp,random,FALSE,5,0.3,1.5,0.3,1,1,,,,,,,,,,,,,,,,,,,,,,,,,
J30_3.RCP,0,81.80638183,0.147294044,DE_rand/1_fixedF_bin_adaptiveCR_withLS,43,1000,0,50,60,100,0.1,0.9,FALSE,TRUE,rand/1,bin,random,TRUE,5,0.3,1.5,0.3,1,1,,,,,,,,,,,,,,,,,,,,,,,,,
J30_3.RCP,1,79.62033532,0.146211147,DE_rand/1_fixedF_bin_adaptiveCR_withLS,43,1000,1,50,60,100,0.1,0.9,FALSE,TRUE,rand/1,bin,random,TRUE,5,0.3,1.5,0.3,1,1,,,,,,,,,,,,,,,,,,,,,,,,,
J30_3.RCP,0,74.55056787,0.147161961,DE_rand/1_fixedF_bin_adaptiveCR_noLS,43,1000,0,50,60,100,0.1,0.9,FALSE,TRUE,rand/1,bin,random,FALSE,5,0.3,1.5,0.3,1,1,,,,,,,,,,,,,,,,,,,,,,,,,
J30_3.RCP,1,78.50405625,0.142632961,DE_rand/1_fixedF_bin_adaptiveCR_noLS,43,1000,1,50,60,100,0.1,0.9,FALSE,TRUE,rand/1,bin,random,FALSE,5,0.3,1.5,0.3,1,1,,,,,,,,,,,,,,,,,,,,,,,,,
J30_3.RCP,0,75.01568415,0.144987822,DE_rand/1_fixedF_bin_fixedCR_withLS,43,1000,0,50,60,100,0.1,0.9,FALSE,FALSE,rand/1,bin,random,TRUE,5,0.3,1.5,0.3,1,1,,,,,,,,,,,,,,,,,,,,,,,,,
J30_3.RCP,1,79.62033532,0.143094063,DE_rand/1_fixedF_bin_fixedCR_withLS,43,1000,1,50,60,100,0.1,0.9,FALSE,FALSE,rand/1,bin,random,TRUE,5,0.3,1.5,0.3,1,1,,,,,,,,,,,,,,,,,,,,,,,,,
J30_3.RCP,0,74.45754462,0.142696857,DE_rand/1_fixedF_bin_fixedCR_noLS,43,1000,0,50,60,100,0.1,0.9,FALSE,FALSE,rand/1,bin,random,FALSE,5,0.3,1.5,0.3,1,1,,,,,,,,,,,,,,,,,,,,,,,,,
J30_3.RCP,1,78.13196322,0.139820099,DE_rand/1_fixedF_bin_fixedCR_noLS,43,1000,1,50,60,100,0.1,0.9,FALSE,FALSE,rand/1,bin,random,FALSE,5,0.3,1.5,0.3,1,1,,,,,,,,,,,,,,,,,,,,,,,,,
J30_3.RCP,0,79.01568415,0.149398088,DE_rand/1_fixedF_exp_adaptiveCR_withLS,43,1000,0,50,60,100,0.1,0.9,FALSE,TRUE,rand/1,exp,random,TRUE,5,0.3,1.5,0.3,1,1,,,,,,,,,,,,,,,,,,,,,,,,,
J30_3.RCP,1,79.4342888,0.150402069,DE_rand/1_fixedF_exp_adaptiveCR_withLS,43,1000,1,50,60,100,0.1,0.9,FALSE,TRUE,rand/1,exp,random,TRUE,5,0.3,1.5,0.3,1,1,,,,,,,,,,,,,,,,,,,,,,,,,
J30_3.RCP,0,77.80638183,0.145219803,DE_rand/1_fixedF_exp_adaptiveCR_noLS,43,1000,0,50,60,100,0.1,0.9,FALSE,TRUE,rand/1,exp,random,FALSE,5,0.3,1.5,0.3,1,1,,,,,,,,,,,,,,,,,,,,,,,,,
J30_3.RCP,1,77.06219578,0.145336151,DE_rand/1_fixedF_exp_adaptiveCR_noLS,43,1000,1,50,60,100,0.1,0.9,FALSE,TRUE,rand/1,exp,random,FALSE,5,0.3,1.5,0.3,1,1,,,,,,,,,,,,,,,,,,,,,,,,,
J30_3.RCP,0,79.89940508,0.145473003,DE_rand/1_fixedF_exp_fixedCR_withLS,43,1000,0,50,60,100,0.1,0.9,FALSE,FALSE,rand/1,exp,random,TRUE,5,0.3,1.5,0.3,1,1,,,,,,,,,,,,,,,,,,,,,,,,,
J30_3.RCP,1,75.80638183,0.145300865,DE_rand/1_fixedF_exp_fixedCR_withLS,43,1000,1,50,60,100,0.1,0.9,FALSE,FALSE,rand/1,exp,random,TRUE,5,0.3,1.5,0.3,1,1,,,,,,,,,,,,,,,,,,,,,,,,,
J30_3.RCP,0,73.29475392,0.143671989,DE_rand/1_fixedF_exp_fixedCR_noLS,43,1000,0,50,60,100,0.1,0.9,FALSE,FALSE,rand/1,exp,random,FALSE,5,0.3,1.5,0.3,1,1,,,,,,,,,,,,,,,,,,,,,,,,,
J30_3.RCP,1,78.31800973,0.141415834,DE_rand/1_fixedF_exp_fixedCR_noLS,43,1000,1,50,60,100,0.1,0.9,FALSE,FALSE,rand/1,exp,random,FALSE,5,0.3,1.5,0.3,1,1,,,,,,,,,,,,,,,,,,,,,,,,,
J30_3.RCP,0,77.99242834,0.143231153,DE_rand/2_adaptiveF_bin_adaptiveCR_withLS,43,1000,0,50,60,100,0.1,0.9,TRUE,TRUE,rand/2,bin,random,TRUE,5,0.3,1.5,0.3,1,1,,,,,,,,,,,,,,,,,,,,,,,,,
J30_3.RCP,1,79.57382369,0.143584013,DE_rand/2_adaptiveF_bin_adaptiveCR_withLS,43,1000,1,50,60,100,0.1,0.9,TRUE,TRUE,rand/2,bin,random,TRUE,5,0.3,1.5,0.3,1,1,,,,,,,,,,,,,,,,,,,,,,,,,
J30_3.RCP,0,78.0854516,0.140332222,DE_rand/2_adaptiveF_bin_adaptiveCR_noLS,43,1000,0,50,60,100,0.1,0.9,TRUE,TRUE,rand/2,bin,random,FALSE,5,0.3,1.5,0.3,1,1,,,,,,,,,,,,,,,,,,,,,,,,,
J30_3.RCP,1,76.0854516,0.148575068,DE_rand/2_adaptiveF_bin_adaptiveCR_noLS,43,1000,1,50,60,100,0.1,0.9,TRUE,TRUE,rand/2,bin,random,FALSE,5,0.3,1.5,0.3,1,1,,,,,,,,,,,,,,,,,,,,,,,,,
J30_3.RCP,0,76.41103299,0.142984867,DE_rand/2_adaptiveF_bin_fixedCR_withLS,43,1000,0,50,60,100,0.1,0.9,TRUE,FALSE,rand/2,bin,random,TRUE,5,0.3,1.5,0.3,1,1,,,,,,,,,,,,,,,,,,,,,,,,,
J30_3.RCP,1,73.34126555,0.143131256,DE_rand/2_adaptiveF_bin_fixedCR_withLS,43,1000,1,50,60,100,0.1,0.9,TRUE,FALSE,rand/2,bin,random,TRUE,5,0.3,1.5,0.3,1,1,,,,,,,,,,,,,,,,,,,,,,,,,
J30_3.RCP,0,75.89940508,0.142072916,DE_rand/2_adaptiveF_bin_fixedCR_noLS,43,1000,0,50,60,100,0.1,0.9,TRUE,FALSE,rand/2,bin,random,FALSE,5,0.3,1.5,0.3,1,1,,,,,,,,,,,,,,,,,,,,,,,,,
J30_3.RCP,1,76.96917253,0.14050293,DE_rand/2_adaptiveF_bin_fixedCR_noLS,43,1000,1,50,60,100,0.1,0.9,TRUE,FALSE,rand/2,bin,random,FALSE,5,0.3,1.5,0.3,1,1,,,,,,,,,,,,,,,,,,,,,,,,,
J30_3.RCP,0,77.71335857,0.145609856,DE_rand/2_adaptiveF_exp_adaptiveCR_withLS,43,1000,0,50,60,100,0.1,0.9,TRUE,TRUE,rand/2,exp,random,TRUE,5,0.3,1.5,0.3,1,1,,,,,,,,,,,,,,,,,,,,,,,,,
J30_3.RCP,1,80.0854516,0.316242933,DE_rand/2_adaptiveF_exp_adaptiveCR_withLS,43,1000,1,50,60,100,0.1,0.9,TRUE,TRUE,rand/2,exp,random,TRUE,5,0.3,1.5,0.3,1,1,,,,,,,,,,,,,,,,,,,,,,,,,
J30_3.RCP,0,73.15521904,0.339623213,DE_rand/2_adaptiveF_exp_adaptiveCR_noLS,43,1000,0,50,60,100,0.1,0.9,TRUE,TRUE,rand/2,exp,random,FALSE,5,0.3,1.5,0.3,1,1,,,,,,,,,,,,,,,,,,,,,,,,,
J30_3.RCP,1,76.31800973,0.144944191,DE_rand/2_adaptiveF_exp_adaptiveCR_noLS,43,1000,1,50,60,100,0.1,0.9,TRUE,TRUE,rand/2,exp,random,FALSE,5,0.3,1.5,0.3,1,1,,,,,,,,,,,,,,,,,,,,,,,,,
J30_3.RCP,0,73.7598702,0.145410061,DE_rand/2_adaptiveF_exp_fixedCR_withLS,43,1000,0,50,60,100,0.1,0.9,TRUE,FALSE,rand/2,exp,random,TRUE,5,0.3,1.5,0.3,1,1,,,,,,,,,,,,,,,,,,,,,,,,,
J30_3.RCP,1,75.24824229,0.143891811,DE_rand/2_adaptiveF_exp_fixedCR_withLS,43,1000,1,50,60,100,0.1,0.9,TRUE,FALSE,rand/2,exp,random,TRUE,5,0.3,1.5,0.3,1,1,,,,,,,,,,,,,,,,,,,,,,,,,
J30_3.RCP,0,73.99242834,0.156715155,DE_rand/2_adaptiveF_exp_fixedCR_noLS,43,1000,0,50,60,100,0.1,0.9,TRUE,FALSE,rand/2,exp,random,FALSE,5,0.3,1.5,0.3,1,1,,,,,,,,,,,,,,,,,,,,,,,,,
J30_3.RCP,1,77.34126555,0.145144939,DE_rand/2_adaptiveF_exp_fixedCR_noLS,43,1000,1,50,60,100,0.1,0.9,TRUE,FALSE,rand/2,exp,random,FALSE,5,0.3,1.5,0.3,1,1,,,,,,,,,,,,,,,,,,,,,,,,,
J30_3.RCP,0,78.03893997,0.154490232,DE_rand/2_fixedF_bin_adaptiveCR_withLS,43,1000,0,50,60,100,0.1,0.9,FALSE,TRUE,rand/2,bin,random,TRUE,5,0.3,1.5,0.3,1,1,,,,,,,,,,,,,,,,,,,,,,,,,
J30_3.RCP,1,78.64359113,0.154196024,DE_rand/2_fixedF_bin_adaptiveCR_withLS,43,1000,1,50,60,100,0.1,0.9,FALSE,TRUE,rand/2,bin,random,TRUE,5,0.3,1.5,0.3,1,1,,,,,,,,,,,,,,,,,,,,,,,,,
J30_3.RCP,0,76.82963764,0.149468184,DE_rand/2_fixedF_bin_adaptiveCR_noLS,43,1000,0,50,60,100,0.1,0.9,FALSE,TRUE,rand/2,bin,random,FALSE,5,0.3,1.5,0.3,1,1,,,,,,,,,,,,,,,,,,,,,,,,,
J30_3.RCP,1,76.82963764,0.149175882,DE_rand/2_fixedF_bin_adaptiveCR_noLS,43,1000,1,50,60,100,0.1,0.9,FALSE,TRUE,rand/2,bin,random,FALSE,5,0.3,1.5,0.3,1,1,,,,,,,,,,,,,,,,,,,,,,,,,
J30_3.RCP,0,77.06219578,0.151213169,DE_rand/2_fixedF_bin_fixedCR_withLS,43,1000,0,50,60,100,0.1,0.9,FALSE,FALSE,rand/2,bin,random,TRUE,5,0.3,1.5,0.3,1,1,,,,,,,,,,,,,,,,,,,,,,,,,
J30_3.RCP,1,84.22498648,0.14969492,DE_rand/2_fixedF_bin_fixedCR_withLS,43,1000,1,50,60,100,0.1,0.9,FALSE,FALSE,rand/2,bin,random,TRUE,5,0.3,1.5,0.3,1,1,,,,,,,,,,,,,,,,,,,,,,,,,
J30_3.RCP,0,76.50405625,0.146149158,DE_rand/2_fixedF_bin_fixedCR_noLS,43,1000,0,50,60,100,0.1,0.9,FALSE,FALSE,rand/2,bin,random,FALSE,5,0.3,1.5,0.3,1,1,,,,,,,,,,,,,,,,,,,,,,,,,
J30_3.RCP,1,75.34126555,0.144735813,DE_rand/2_fixedF_bin_fixedCR_noLS,43,1000,1,50,60,100,0.1,0.9,FALSE,FALSE,rand/2,bin,random,FALSE,5,0.3,1.5,0.3,1,1,,,,,,,,,,,,,,,,,,,,,,,,,
J30_3.RCP,0,79.20173067,0.155632973,DE_rand/2_fixedF_exp_adaptiveCR_withLS,43,1000,0,50,60,100,0.1,0.9,FALSE,TRUE,rand/2,exp,random,TRUE,5,0.3,1.5,0.3,1,1,,,,,,,,,,,,,,,,,,,,,,,,,
J30_3.RCP,1,78.69010276,0.153168201,DE_rand/2_fixedF_exp_adaptiveCR_withLS,43,1000,1,50,60,100,0.1,0.9,FALSE,TRUE,rand/2,exp,random,TRUE,5,0.3,1.5,0.3,1,1,,,,,,,,,,,,,,,,,,,,,,,,,
J30_3.RCP,0,79.20173067,0.153394938,DE_rand/2_fixedF_exp_adaptiveCR_noLS,43,1000,0,50,60,100,0.1,0.9,FALSE,TRUE,rand/2,exp,random,FALSE,5,0.3,1.5,0.3,1,1,,,,,,,,,,,,,,,,,,,,,,,,,
J30_3.RCP,1,79.71335857,0.150479078,DE_rand/2_fixedF_exp_adaptiveCR_noLS,43,1000,1,50,60,100,0.1,0.9,FALSE,TRUE,rand/2,exp,random,FALSE,5,0.3,1.5,0.3,1,1,,,,,,,,,,,,,,,,,,,,,,,,,
J30_3.RCP,0,79.7598702,0.154837847,DE_rand/2_fixedF_exp_fixedCR_withLS,43,1000,0,50,60,100,0.1,0.9,FALSE,FALSE,rand/2,exp,random,TRUE,5,0.3,1.5,0.3,1,1,,,,,,,,,,,,,,,,,,,,,,,,,
J30_3.RCP,1,76.45754462,0.152194977,DE_rand/2_fixedF_exp_fixedCR_withLS,43,1000,1,50,60,100,0.1,0.9,FALSE,FALSE,rand/2,exp,random,TRUE,5,0.3,1.5,0.3,1,1,,,,,,,,,,,,,,,,,,,,,,,,,
J30_3.RCP,0,73.62033532,0.149397135,DE_rand/2_fixedF_exp_fixedCR_noLS,43,1000,0,50,60,100,0.1,0.9,FALSE,FALSE,rand/2,exp,random,FALSE,5,0.3,1.5,0.3,1,1,,,,,,,,,,,,,,,,,,,,,,,,,
J30_3.RCP,1,77.71335857,0.148568153,DE_rand/2_fixedF_exp_fixedCR_noLS,43,1000,1,50,60,100,0.1,0.9,FALSE,FALSE,rand/2,exp,random,FALSE,5,0.3,1.5,0.3,1,1,,,,,,,,,,,,,,,,,,,,,,,,,
J30_3.RCP,0,74.27149811,0.143483162,DE_best/1_adaptiveF_bin_adaptiveCR_withLS,43,1000,0,50,60,100,0.1,0.9,TRUE,TRUE,best/1,bin,random,TRUE,5,0.3,1.5,0.3,1,1,,,,,,,,,,,,,,,,,,,,,,,,,
J30_3.RCP,1,77.57382369,0.144438982,DE_best/1_adaptiveF_bin_adaptiveCR_withLS,43,1000,1,50,60,100,0.1,0.9,TRUE,TRUE,best/1,bin,random,TRUE,5,0.3,1.5,0.3,1,1,,,,,,,,,,,,,,,,,,,,,,,,,
J30_3.RCP,0,72.96917253,0.142066956,DE_best/1_adaptiveF_bin_adaptiveCR_noLS,43,1000,0,50,60,100,0.1,0.9,TRUE,TRUE,best/1,bin,random,FALSE,5,0.3,1.5,0.3,1,1,,,,,,,,,,,,,,,,,,,,,,,,,
J30_3.RCP,1,75.99242834,0.141742945,DE_best/1_adaptiveF_bin_adaptiveCR_noLS,43,1000,1,50,60,100,0.1,0.9,TRUE,TRUE,best/1,bin,random,FALSE,5,0.3,1.5,0.3,1,1,,,,,,,,,,,,,,,,,,,,,,,,,
J30_3.RCP,0,71.57382369,0.142125845,DE_best/1_adaptiveF_bin_fixedCR_withLS,43,1000,0,50,60,100,0.1,0.9,TRUE,FALSE,best/1,bin,random,TRUE,5,0.3,1.5,0.3,1,1,,,,,,,,,,,,,,,,,,,,,,,,,
J30_3.RCP,1,75.10870741,0.141989231,DE_best/1_adaptiveF_bin_fixedCR_withLS,43,1000,1,50,60,100,0.1,0.9,TRUE,FALSE,best/1,bin,random,TRUE,5,0.3,1.5,0.3,1,1,,,,,,,,,,,,,,,,,,,,,,,,,
J30_3.RCP,0,71.10870741,0.140522957,DE_best/1_adaptiveF_bin_fixedCR_noLS,43,1000,0,50,60,100,0.1,0.9,TRUE,FALSE,best/1,bin,random,FALSE,5,0.3,1.5,0.3,1,1,,,,,,,,,,,,,,,,,,,,,,,,,
J30_3.RCP,1,73.71335857,0.145563841,DE_best/1_adaptiveF_bin_fixedCR_noLS,43,1000,1,50,60,100,0.1,0.9,TRUE,FALSE,best/1,bin,random,FALSE,5,0.3,1.5,0.3,1,1,,,,,,,,,,,,,,,,,,,,,,,,,
J30_3.RCP,0,73.10870741,0.153038979,DE_best/1_adaptiveF_exp_adaptiveCR_withLS,43,1000,0,50,60,100,0.1,0.9,TRUE,TRUE,best/1,exp,random,TRUE,5,0.3,1.5,0.3,1,1,,,,,,,,,,,,,,,,,,,,,,,,,
J30_3.RCP,1,76.27149811,0.146619081,DE_best/1_adaptiveF_exp_adaptiveCR_withLS,43,1000,1,50,60,100,0.1,0.9,TRUE,TRUE,best/1,exp,random,TRUE,5,0.3,1.5,0.3,1,1,,,,,,,,,,,,,,,,,,,,,,,,,
J30_3.RCP,0,71.94591671,0.147808075,DE_best/1_adaptiveF_exp_adaptiveCR_noLS,43,1000,0,50,60,100,0.1,0.9,TRUE,TRUE,best/1,exp,random,FALSE,5,0.3,1.5,0.3,1,1,,,,,,,,,,,,,,,,,,,,,,,,,
J30_3.RCP,1,75.94591671,0.146985769,DE_best/1_adaptiveF_exp_adaptiveCR_noLS,43,1000,1,50,60,100,0.1,0.9,TRUE,TRUE,best/1,exp,random,FALSE,5,0.3,1.5,0.3,1,1,,,,,,,,,,,,,,,,,,,,,,,,,
J30_3.RCP,0,74.82963764,0.152991772,DE_best/1_adaptiveF_exp_fixedCR_withLS,43,1000,0,50,60,100,0.1,0.9,TRUE,FALSE,best/1,exp,random,TRUE,5,0.3,1.5,0.3,1,1,,,,,,,,,,,,,,,,,,,,,,,,,
J30_3.RCP,1,71.85289346,0.147418976,DE_best/1_adaptiveF_exp_fixedCR_withLS,43,1000,1,50,60,100,0.1,0.9,TRUE,FALSE,best/1,exp,random,TRUE,5,0.3,1.5,0.3,1,1,,,,,,,,,,,,,,,,,,,,,,,,,
J30_3.RCP,0,70.31800973,0.143821955,DE_best/1_adaptiveF_exp_fixedCR_noLS,43,1000,0,50,60,100,0.1,0.9,TRUE,FALSE,best/1,exp,random,FALSE,5,0.3,1.5,0.3,1,1,,,,,,,,,,,,,,,,,,,,,,,,,
J30_3.RCP,1,73.89940508,0.141560078,DE_best/1_adaptiveF_exp_fixedCR_noLS,43,1000,1,50,60,100,0.1,0.9,TRUE,FALSE,best/1,exp,random,FALSE,5,0.3,1.5,0.3,1,1,,,,,,,,,,,,,,,,,,,,,,,,,
J30_3.RCP,0,72.9226609,0.149008036,DE_best/1_fixedF_bin_adaptiveCR_withLS,43,1000,0,50,60,100,0.1,0.9,FALSE,TRUE,best/1,bin,random,TRUE,5,0.3,1.5,0.3,1,1,,,,,,,,,,,,,,,,,,,,,,,,,
J30_3.RCP,1,75.20173067,0.147138119,DE_best/1_fixedF_bin_adaptiveCR_withLS,43,1000,1,50,60,100,0.1,0.9,FALSE,TRUE,best/1,bin,random,TRUE,5,0.3,1.5,0.3,1,1,,,,,,,,,,,,,,,,,,,,,,,,,
J30_3.RCP,0,70.73661439,0.144349813,DE_best/1_fixedF_bin_adaptiveCR_noLS,43,1000,0,50,60,100,0.1,0.9,FALSE,TRUE,best/1,bin,random,FALSE,5,0.3,1.5,0.3,1,1,,,,,,,,,,,,,,,,,,,,,,,,,
J30_3.RCP,1,74.73661439,0.147596836,DE_best/1_fixedF_bin_adaptiveCR_noLS,43,1000,1,50,60,100,0.1,0.9,FALSE,TRUE,best/1,bin,random,FALSE,5,0.3,1.5,0.3,1,1,,,,,,,,,,,,,,,,,,,,,,,,,
J30_3.RCP,0,70.03893997,0.143038988,DE_best/1_fixedF_bin_fixedCR_withLS,43,1000,0,50,60,100,0.1,0.9,FALSE,FALSE,best/1,bin,random,TRUE,5,0.3,1.5,0.3,1,1,,,,,,,,,,,,,,,,,,,,,,,,,
J30_3.RCP,1,84.64359113,0.150229931,DE_best/1_fixedF_bin_fixedCR_withLS,43,1000,1,50,60,100,0.1,0.9,FALSE,FALSE,best/1,bin,random,TRUE,5,0.3,1.5,0.3,1,1,,,,,,,,,,,,,,,,,,,,,,,,,
J30_3.RCP,0,71.15521904,0.140935183,DE_best/1_fixedF_bin_fixedCR_noLS,43,1000,0,50,60,100,0.1,0.9,FALSE,FALSE,best/1,bin,random,FALSE,5,0.3,1.5,0.3,1,1,,,,,,,,,,,,,,,,,,,,,,,,,
J30_3.RCP,1,80.87614927,0.140380859,DE_best/1_fixedF_bin_fixedCR_noLS,43,1000,1,50,60,100,0.1,0.9,FALSE,FALSE,best/1,bin,random,FALSE,5,0.3,1.5,0.3,1,1,,,,,,,,,,,,,,,,,,,,,,,,,
J30_3.RCP,0,71.38777718,0.152249098,DE_best/1_fixedF_exp_adaptiveCR_withLS,43,1000,0,50,60,100,0.1,0.9,FALSE,TRUE,best/1,exp,random,TRUE,5,0.3,1.5,0.3,1,1,,,,,,,,,,,,,,,,,,,,,,,,,
J30_3.RCP,1,76.50405625,0.263166904,DE_best/1_fixedF_exp_adaptiveCR_withLS,43,1000,1,50,60,100,0.1,0.9,FALSE,TRUE,best/1,exp,random,TRUE,5,0.3,1.5,0.3,1,1,,,,,,,,,,,,,,,,,,,,,,,,,
J30_3.RCP,0,71.57382369,0.156961918,DE_best/1_fixedF_exp_adaptiveCR_noLS,43,1000,0,50,60,100,0.1,0.9,FALSE,TRUE,best/1,exp,random,FALSE,5,0.3,1.5,0.3,1,1,,,,,,,,,,,,,,,,,,,,,,,,,
J30_3.RCP,1,81.29475392,0.146854877,DE_best/1_fixedF_exp_adaptiveCR_noLS,43,1000,1,50,60,100,0.1,0.9,FALSE,TRUE,best/1,exp,random,FALSE,5,0.3,1.5,0.3,1,1,,,,,,,,,,,,,,,,,,,,,,,,,
J30_3.RCP,0,68.78312601,0.146903038,DE_best/1_fixedF_exp_fixedCR_withLS,43,1000,0,50,60,100,0.1,0.9,FALSE,FALSE,best/1,exp,random,TRUE,5,0.3,1.5,0.3,1,1,,,,,,,,,,,,,,,,,,,,,,,,,
J30_3.RCP,1,80.50405625,0.146550179,DE_best/1_fixedF_exp_fixedCR_withLS,43,1000,1,50,60,100,0.1,0.9,FALSE,FALSE,best/1,exp,random,TRUE,5,0.3,1.5,0.3,1,1,,,,,,,,,,,,,,,,,,,,,,,,,
J30_3.RCP,0,70.03893997,0.142635822,DE_best/1_fixedF_exp_fixedCR_noLS,43,1000,0,50,60,100,0.1,0.9,FALSE,FALSE,best/1,exp,random,FALSE,5,0.3,1.5,0.3,1,1,,,,,,,,,,,,,,,,,,,,,,,,,
J30_3.RCP,1,80.45754462,0.143452883,DE_best/1_fixedF_exp_fixedCR_noLS,43,1000,1,50,60,100,0.1,0.9,FALSE,FALSE,best/1,exp,random,FALSE,5,0.3,1.5,0.3,1,1,,,,,,,,,,,,,,,,,,,,,,,,,
J30_3.RCP,0,73.85289346,0.14710474,DE_best/2_adaptiveF_bin_adaptiveCR_withLS,43,1000,0,50,60,100,0.1,0.9,TRUE,TRUE,best/2,bin,random,TRUE,5,0.3,1.5,0.3,1,1,,,,,,,,,,,,,,,,,,,,,,,,,
J30_3.RCP,1,75.38777718,0.14641571,DE_best/2_adaptiveF_bin_adaptiveCR_withLS,43,1000,1,50,60,100,0.1,0.9,TRUE,TRUE,best/2,bin,random,TRUE,5,0.3,1.5,0.3,1,1,,,,,,,,,,,,,,,,,,,,,,,,,
J30_3.RCP,0,73.38777718,0.146632195,DE_best/2_adaptiveF_bin_adaptiveCR_noLS,43,1000,0,50,60,100,0.1,0.9,TRUE,TRUE,best/2,bin,random,FALSE,5,0.3,1.5,0.3,1,1,,,,,,,,,,,,,,,,,,,,,,,,,
J30_3.RCP,1,74.87614927,0.144238949,DE_best/2_adaptiveF_bin_adaptiveCR_noLS,43,1000,1,50,60,100,0.1,0.9,TRUE,TRUE,best/2,bin,random,FALSE,5,0.3,1.5,0.3,1,1,,,,,,,,,,,,,,,,,,,,,,,,,
J30_3.RCP,0,73.94591671,0.145401001,DE_best/2_adaptiveF_bin_fixedCR_withLS,43,1000,0,50,60,100,0.1,0.9,TRUE,FALSE,best/2,bin,random,TRUE,5,0.3,1.5,0.3,1,1,,,,,,,,,,,,,,,,,,,,,,,,,
J30_3.RCP,1,73.4342888,0.147482872,DE_best/2_adaptiveF_bin_fixedCR_withLS,43,1000,1,50,60,100,0.1,0.9,TRUE,FALSE,best/2,bin,random,TRUE,5,0.3,1.5,0.3,1,1,,,,,,,,,,,,,,,,,,,,,,,,,
J30_3.RCP,0,73.15521904,0.144064188,DE_best/2_adaptiveF_bin_fixedCR_noLS,43,1000,0,50,60,100,0.1,0.9,TRUE,FALSE,best/2,bin,random,FALSE,5,0.3,1.5,0.3,1,1,,,,,,,,,,,,,,,,,,,,,,,,,
J30_3.RCP,1,73.66684694,0.145161867,DE_best/2_adaptiveF_bin_fixedCR_noLS,43,1000,1,50,60,100,0.1,0.9,TRUE,FALSE,best/2,bin,random,FALSE,5,0.3,1.5,0.3,1,1,,,,,,,,,,,,,,,,,,,,,,,,,
J30_3.RCP,0,77.15521904,0.148742914,DE_best/2_adaptiveF_exp_adaptiveCR_withLS,43,1000,0,50,60,100,0.1,0.9,TRUE,TRUE,best/2,exp,random,TRUE,5,0.3,1.5,0.3,1,1,,,,,,,,,,,,,,,,,,,,,,,,,
J30_3.RCP,1,75.4342888,0.149852276,DE_best/2_adaptiveF_exp_adaptiveCR_withLS,43,1000,1,50,60,100,0.1,0.9,TRUE,TRUE,best/2,exp,random,TRUE,5,0.3,1.5,0.3,1,1,,,,,,,,,,,,,,,,,,,,,,,,,
J30_3.RCP,0,75.15521904,0.146854877,DE_best/2_adaptiveF_exp_adaptiveCR_noLS,43,1000,0,50,60,100,0.1,0.9,TRUE,TRUE,best/2,exp,random,FALSE,5,0.3,1.5,0.3,1,1,,,,,,,,,,,,,,,,,,,,,,,,,
J30_3.RCP,1,75.80638183,0.146340847,DE_best/2_adaptiveF_exp_adaptiveCR_noLS,43,1000,1,50,60,100,0.1,0.9,TRUE,TRUE,best/2,exp,random,FALSE,5,0.3,1.5,0.3,1,1,,,,,,,,,,,,,,,,,,,,,,,,,
J30_3.RCP,0,75.94591671,0.145958185,DE_best/2_adaptiveF_exp_fixedCR_withLS,43,1000,0,50,60,100,0.1,0.9,TRUE,FALSE,best/2,exp,random,TRUE,5,0.3,1.5,0.3,1,1,,,,,,,,,,,,,,,,,,,,,,,,,
J30_3.RCP,1,73.71335857,0.148273945,DE_best/2_adaptiveF_exp_fixedCR_withLS,43,1000,1,50,60,100,0.1,0.9,TRUE,FALSE,best/2,exp,random,TRUE,5,0.3,1.5,0.3,1,1,,,,,,,,,,,,,,,,,,,,,,,,,
J30_3.RCP,0,72.96917253,0.145651817,DE_best/2_adaptiveF_exp_fixedCR_noLS,43,1000,0,50,60,100,0.1,0.9,TRUE,FALSE,best/2,exp,random,FALSE,5,0.3,1.5,0.3,1,1,,,,,,,,,,,,,,,,,,,,,,,,,
J30_3.RCP,1,77.38777718,0.150027037,DE_best/2_adaptiveF_exp_fixedCR_noLS,43,1000,1,50,60,100,0.1,0.9,TRUE,FALSE,best/2,exp,random,FALSE,5,0.3,1.5,0.3,1,1,,,,,,,,,,,,,,,,,,,,,,,,,
J30_3.RCP,0,73.7598702,0.15810585,DE_best/2_fixedF_bin_adaptiveCR_withLS,43,1000,0,50,60,100,0.1,0.9,FALSE,TRUE,best/2,bin,random,TRUE,5,0.3,1.5,0.3,1,1,,,,,,,,,,,,,,,,,,,,,,,,,
J30_3.RCP,1,74.82963764,0.160509825,DE_best/2_fixedF_bin_adaptiveCR_withLS,43,1000,1,50,60,100,0.1,0.9,FALSE,TRUE,best/2,bin,random,TRUE,5,0.3,1.5,0.3,1,1,,,,,,,,,,,,,,,,,,,,,,,,,
J30_3.RCP,0,73.24824229,0.155043125,DE_best/2_fixedF_bin_adaptiveCR_noLS,43,1000,0,50,60,100,0.1,0.9,FALSE,TRUE,best/2,bin,random,FALSE,5,0.3,1.5,0.3,1,1,,,,,,,,,,,,,,,,,,,,,,,,,
J30_3.RCP,1,72.78312601,0.154889107,DE_best/2_fixedF_bin_adaptiveCR_noLS,43,1000,1,50,60,100,0.1,0.9,FALSE,TRUE,best/2,bin,random,FALSE,5,0.3,1.5,0.3,1,1,,,,,,,,,,,,,,,,,,,,,,,,,
J30_3.RCP,0,69.89940508,0.147864103,DE_best/2_fixedF_bin_fixedCR_withLS,43,1000,0,50,60,100,0.1,0.9,FALSE,FALSE,best/2,bin,random,TRUE,5,0.3,1.5,0.3,1,1,,,,,,,,,,,,,,,,,,,,,,,,,
J30_3.RCP,1,78.78312601,0.154659748,DE_best/2_fixedF_bin_fixedCR_withLS,43,1000,1,50,60,100,0.1,0.9,FALSE,FALSE,best/2,bin,random,TRUE,5,0.3,1.5,0.3,1,1,,,,,,,,,,,,,,,,,,,,,,,,,
J30_3.RCP,0,72.9226609,0.142889023,DE_best/2_fixedF_bin_fixedCR_noLS,43,1000,0,50,60,100,0.1,0.9,FALSE,FALSE,best/2,bin,random,FALSE,5,0.3,1.5,0.3,1,1,,,,,,,,,,,,,,,,,,,,,,,,,
J30_3.RCP,1,79.57382369,0.148932934,DE_best/2_fixedF_bin_fixedCR_noLS,43,1000,1,50,60,100,0.1,0.9,FALSE,FALSE,best/2,bin,random,FALSE,5,0.3,1.5,0.3,1,1,,,,,,,,,,,,,,,,,,,,,,,,,
J30_3.RCP,0,72.27149811,0.159226894,DE_best/2_fixedF_exp_adaptiveCR_withLS,43,1000,0,50,60,100,0.1,0.9,FALSE,TRUE,best/2,exp,random,TRUE,5,0.3,1.5,0.3,1,1,,,,,,,,,,,,,,,,,,,,,,,,,
J30_3.RCP,1,73.89940508,0.161198139,DE_best/2_fixedF_exp_adaptiveCR_withLS,43,1000,1,50,60,100,0.1,0.9,FALSE,TRUE,best/2,exp,random,TRUE,5,0.3,1.5,0.3,1,1,,,,,,,,,,,,,,,,,,,,,,,,,
J30_3.RCP,0,70.27149811,0.152693987,DE_best/2_fixedF_exp_adaptiveCR_noLS,43,1000,0,50,60,100,0.1,0.9,FALSE,TRUE,best/2,exp,random,FALSE,5,0.3,1.5,0.3,1,1,,,,,,,,,,,,,,,,,,,,,,,,,
J30_3.RCP,1,75.29475392,0.153839827,DE_best/2_fixedF_exp_adaptiveCR_noLS,43,1000,1,50,60,100,0.1,0.9,FALSE,TRUE,best/2,exp,random,FALSE,5,0.3,1.5,0.3,1,1,,,,,,,,,,,,,,,,,,,,,,,,,
J30_3.RCP,0,71.01568415,0.149424076,DE_best/2_fixedF_exp_fixedCR_withLS,43,1000,0,50,60,100,0.1,0.9,FALSE,FALSE,best/2,exp,random,TRUE,5,0.3,1.5,0.3,1,1,,,,,,,,,,,,,,,,,,,,,,,,,
J30_3.RCP,1,70.27149811,0.150981188,DE_best/2_fixedF_exp_fixedCR_withLS,43,1000,1,50,60,100,0.1,0.9,FALSE,FALSE,best/2,exp,random,TRUE,5,0.3,1.5,0.3,1,1,,,,,,,,,,,,,,,,,,,,,,,,,
J30_3.RCP,0,68.78312601,0.145745993,DE_best/2_fixedF_exp_fixedCR_noLS,43,1000,0,50,60,100,0.1,0.9,FALSE,FALSE,best/2,exp,random,FALSE,5,0.3,1.5,0.3,1,1,,,,,,,,,,,,,,,,,,,,,,,,,
J30_3.RCP,1,81.06219578,0.145932674,DE_best/2_fixedF_exp_fixedCR_noLS,43,1000,1,50,60,100,0.1,0.9,FALSE,FALSE,best/2,exp,random,FALSE,5,0.3,1.5,0.3,1,1,,,,,,,,,,,,,,,,,,,,,,,,,
J30_3.RCP,0,77.20173067,0.141927004,DE_adaptive_bin_adaptiveCR_withLS,43,1000,0,50,60,100,0.1,0.9,TRUE,TRUE,adaptive,bin,random,TRUE,5,0.3,1.5,0.3,1,1,,,,,,,,,,,,,,,,,,,,,,,,,
J30_3.RCP,1,77.62033532,0.142557859,DE_adaptive_bin_adaptiveCR_withLS,43,1000,1,50,60,100,0.1,0.9,TRUE,TRUE,adaptive,bin,random,TRUE,5,0.3,1.5,0.3,1,1,,,,,,,,,,,,,,,,,,,,,,,,,
J30_3.RCP,0,76.50405625,0.144151688,DE_adaptive_bin_adaptiveCR_noLS,43,1000,0,50,60,100,0.1,0.9,TRUE,TRUE,adaptive,bin,random,FALSE,5,0.3,1.5,0.3,1,1,,,,,,,,,,,,,,,,,,,,,,,,,
J30_3.RCP,1,78.45754462,0.140528917,DE_adaptive_bin_adaptiveCR_noLS,43,1000,1,50,60,100,0.1,0.9,TRUE,TRUE,adaptive,bin,random,FALSE,5,0.3,1.5,0.3,1,1,,,,,,,,,,,,,,,,,,,,,,,,,
J30_3.RCP,0,76.69010276,0.143330812,DE_adaptive_bin_fixedCR_withLS,43,1000,0,50,60,100,0.1,0.9,TRUE,FALSE,adaptive,bin,random,TRUE,5,0.3,1.5,0.3,1,1,,,,,,,,,,,,,,,,,,,,,,,,,
J30_3.RCP,1,75.80638183,0.142109871,DE_adaptive_bin_fixedCR_withLS,43,1000,1,50,60,100,0.1,0.9,TRUE,FALSE,adaptive,bin,random,TRUE,5,0.3,1.5,0.3,1,1,,,,,,,,,,,,,,,,,,,,,,,,,
J30_3.RCP,0,72.64359113,0.140774012,DE_adaptive_bin_fixedCR_noLS,43,1000,0,50,60,100,0.1,0.9,TRUE,FALSE,adaptive,bin,random,FALSE,5,0.3,1.5,0.3,1,1,,,,,,,,,,,,,,,,,,,,,,,,,
J30_3.RCP,1,73.57382369,0.140323877,DE_adaptive_bin_fixedCR_noLS,43,1000,1,50,60,100,0.1,0.9,TRUE,FALSE,adaptive,bin,random,FALSE,5,0.3,1.5,0.3,1,1,,,,,,,,,,,,,,,,,,,,,,,,,
J30_3.RCP,0,81.06219578,0.145567179,DE_adaptive_exp_adaptiveCR_withLS,43,1000,0,50,60,100,0.1,0.9,TRUE,TRUE,adaptive,exp,random,TRUE,5,0.3,1.5,0.3,1,1,,,,,,,,,,,,,,,,,,,,,,,,,
J30_3.RCP,1,78.17847485,0.144941092,DE_adaptive_exp_adaptiveCR_withLS,43,1000,1,50,60,100,0.1,0.9,TRUE,TRUE,adaptive,exp,random,TRUE,5,0.3,1.5,0.3,1,1,,,,,,,,,,,,,,,,,,,,,,,,,
J30_3.RCP,0,76.82963764,0.142940998,DE_adaptive_exp_adaptiveCR_noLS,43,1000,0,50,60,100,0.1,0.9,TRUE,TRUE,adaptive,exp,random,FALSE,5,0.3,1.5,0.3,1,1,,,,,,,,,,,,,,,,,,,,,,,,,
J30_3.RCP,1,75.66684694,0.275846958,DE_adaptive_exp_adaptiveCR_noLS,43,1000,1,50,60,100,0.1,0.9,TRUE,TRUE,adaptive,exp,random,FALSE,5,0.3,1.5,0.3,1,1,,,,,,,,,,,,,,,,,,,,,,,,,
J30_3.RCP,0,76.17847485,0.14700985,DE_adaptive_exp_fixedCR_withLS,43,1000,0,50,60,100,0.1,0.9,TRUE,FALSE,adaptive,exp,random,TRUE,5,0.3,1.5,0.3,1,1,,,,,,,,,,,,,,,,,,,,,,,,,
J30_3.RCP,1,77.34126555,0.143460035,DE_adaptive_exp_fixedCR_withLS,43,1000,1,50,60,100,0.1,0.9,TRUE,FALSE,adaptive,exp,random,TRUE,5,0.3,1.5,0.3,1,1,,,,,,,,,,,,,,,,,,,,,,,,,
J30_3.RCP,0,77.06219578,0.142449141,DE_adaptive_exp_fixedCR_noLS,43,1000,0,50,60,100,0.1,0.9,TRUE,FALSE,adaptive,exp,random,FALSE,5,0.3,1.5,0.3,1,1,,,,,,,,,,,,,,,,,,,,,,,,,
J30_3.RCP,1,73.94591671,0.143851995,DE_adaptive_exp_fixedCR_noLS,43,1000,1,50,60,100,0.1,0.9,TRUE,FALSE,adaptive,exp,random,FALSE,5,0.3,1.5,0.3,1,1,,,,,,,,,,,,,,,,,,,,,,,,,
J30_3.RCP,0,76.45754462,0.142385244,DE_current-to-rand/2_bin_adaptiveCR_withLS,43,1000,0,50,60,100,0.1,0.9,FALSE,TRUE,current-to-rand/2,bin,random,TRUE,5,0.3,1.5,0.3,1,1,,,,,,,,,,,,,,,,,,,,,,,,,
J30_3.RCP,1,75.80638183,0.142659664,DE_current-to-rand/2_bin_adaptiveCR_withLS,43,1000,1,50,60,100,0.1,0.9,FALSE,TRUE,current-to-rand/2,bin,random,TRUE,5,0.3,1.5,0.3,1,1,,,,,,,,,,,,,,,,,,,,,,,,,
J30_3.RCP,0,75.71335857,0.140324116,DE_current-to-rand/2_bin_adaptiveCR_noLS,43,1000,0,50,60,100,0.1,0.9,FALSE,TRUE,current-to-rand/2,bin,random,FALSE,5,0.3,1.5,0.3,1,1,,,,,,,,,,,,,,,,,,,,,,,,,
J30_3.RCP,1,76.45754462,0.140746117,DE_current-to-rand/2_bin_adaptiveCR_noLS,43,1000,1,50,60,100,0.1,0.9,FALSE,TRUE,current-to-rand/2,bin,random,FALSE,5,0.3,1.5,0.3,1,1,,,,,,,,,,,,,,,,,,,,,,,,,
J30_3.RCP,0,75.10870741,0.141141891,DE_current-to-rand/2_bin_fixedCR_withLS,43,1000,0,50,60,100,0.1,0.9,FALSE,FALSE,current-to-rand/2,bin,random,TRUE,5,0.3,1.5,0.3,1,1,,,,,,,,,,,,,,,,,,,,,,,,,
J30_3.RCP,1,74.5970795,0.140856028,DE_current-to-rand/2_bin_fixedCR_withLS,43,1000,1,50,60,100,0.1,0.9,FALSE,FALSE,current-to-rand/2,bin,random,TRUE,5,0.3,1.5,0.3,1,1,,,,,,,,,,,,,,,,,,,,,,,,,
J30_3.RCP,0,76.50405625,0.138412952,DE_current-to-rand/2_bin_fixedCR_noLS,43,1000,0,50,60,100,0.1,0.9,FALSE,FALSE,current-to-rand/2,bin,random,FALSE,5,0.3,1.5,0.3,1,1,,,,,,,,,,,,,,,,,,,,,,,,,
J30_3.RCP,1,75.71335857,0.140655994,DE_current-to-rand/2_bin_fixedCR_noLS,43,1000,1,50,60,100,0.1,0.9,FALSE,FALSE,current-to-rand/2,bin,random,FALSE,5,0.3,1.5,0.3,1,1,,,,,,,,,,,,,,,,,,,,,,,,,
J30_3.RCP,0,79.29475392,0.144979954,DE_current-to-rand/2_exp_adaptiveCR_withLS,43,1000,0,50,60,100,0.1,0.9,FALSE,TRUE,current-to-rand/2,exp,random,TRUE,5,0.3,1.5,0.3,1,1,,,,,,,,,,,,,,,,,,,,,,,,,
J30_3.RCP,1,79.80638183,0.145816088,DE_current-to-rand/2_exp_adaptiveCR_withLS,43,1000,1,50,60,100,0.1,0.9,FALSE,TRUE,current-to-rand/2,exp,random,TRUE,5,0.3,1.5,0.3,1,1,,,,,,,,,,,,,,,,,,,,,,,,,
J30_3.RCP,0,74.82963764,0.144528151,DE_current-to-rand/2_exp_adaptiveCR_noLS,43,1000,0,50,60,100,0.1,0.9,FALSE,TRUE,current-to-rand/2,exp,random,FALSE,5,0.3,1.5,0.3,1,1,,,,,,,,,,,,,,,,,,,,,,,,,
J30_3.RCP,1,75.62033532,0.143610954,DE_current-to-rand/2_exp_adaptiveCR_noLS,43,1000,1,50,60,100,0.1,0.9,FALSE,TRUE,current-to-rand/2,exp,random,FALSE,5,0.3,1.5,0.3,1,1,,,,,,,,,,,,,,,,,,,,,,,,,
J30_3.RCP,0,77.52731206,0.143987894,DE_current-to-rand/2_exp_fixedCR_withLS,43,1000,0,50,60,100,0.1,0.9,FALSE,FALSE,current-to-rand/2,exp,random,TRUE,5,0.3,1.5,0.3,1,1,,,,,,,,,,,,,,,,,,,,,,,,,
J30_3.RCP,1,76.64359113,0.143386841,DE_current-to-rand/2_exp_fixedCR_withLS,43,1000,1,50,60,100,0.1,0.9,FALSE,FALSE,current-to-rand/2,exp,random,TRUE,5,0.3,1.5,0.3,1,1,,,,,,,,,,,,,,,,,,,,,,,,,
J30_3.RCP,0,75.10870741,0.144690037,DE_current-to-rand/2_exp_fixedCR_noLS,43,1000,0,50,60,100,0.1,0.9,FALSE,FALSE,current-to-rand/2,exp,random,FALSE,5,0.3,1.5,0.3,1,1,,,,,,,,,,,,,,,,,,,,,,,,,
J30_3.RCP,1,75.4342888,0.141480923,DE_current-to-rand/2_exp_fixedCR_noLS,43,1000,1,50,60,100,0.1,0.9,FALSE,FALSE,current-to-rand/2,exp,random,FALSE,5,0.3,1.5,0.3,1,1,,,,,,,,,,,,,,,,,,,,,,,,,
J30_3.RCP,0,79.34126555,0.127041101,GA_roulette_single_point_random_random_withLS_withNeighborhood,43,1000,0,50,60,,,,,,random,single_point,random,TRUE,,,,,,,0.9,0.1,roulette,3,TRUE,FALSE,0.5,0.1,0.35,5,2,,,,,,,,,,,,,,
J30_3.RCP,1,80.78312601,0.131676912,GA_roulette_single_point_random_random_withLS_withNeighborhood,43,1000,1,50,60,,,,,,random,single_point,random,TRUE,,,,,,,0.9,0.1,roulette,3,TRUE,FALSE,0.5,0.1,0.35,5,2,,,,,,,,,,,,,,
J30_3.RCP,0,79.34126555,0.126841784,GA_roulette_single_point_random_random_withLS_noNeighborhood,43,1000,0,50,60,,,,,,random,single_point,random,TRUE,,,,,,,0.9,0.1,roulette,3,TRUE,FALSE,0.5,0.1,0.35,5,0,,,,,,,,,,,,,,
J30_3.RCP,1,80.78312601,0.127490044,GA_roulette_single_point_random_random_withLS_noNeighborhood,43,1000,1,50,60,,,,,,random,single_point,random,TRUE,,,,,,,0.9,0.1,roulette,3,TRUE,FALSE,0.5,0.1,0.35,5,0,,,,,,,,,,,,,,
J30_3.RCP,0,78.78312601,0.182680845,GA_roulette_single_point_random_random_noLS_withNeighborhood,43,1000,0,50,60,,,,,,random,single_point,random,FALSE,,,,,,,0.9,0.1,roulette,3,TRUE,FALSE,0.5,0.1,0.35,5,2,,,,,,,,,,,,,,
J30_3.RCP,1,78.41103299,0.253965855,GA_roulette_single_point_random_random_noLS_withNeighborhood,43,1000,1,50,60,,,,,,random,single_point,random,FALSE,,,,,,,0.9,0.1,roulette,3,TRUE,FALSE,0.5,0.1,0.35,5,2,,,,,,,,,,,,,,
J30_3.RCP,0,78.78312601,0.245837927,GA_roulette_single_point_random_random_noLS_noNeighborhood,43,1000,0,50,60,,,,,,random,single_point,random,FALSE,,,,,,,0.9,0.1,roulette,3,TRUE,FALSE,0.5,0.1,0.35,5,0,,,,,,,,,,,,,,
J30_3.RCP,1,78.41103299,0.183990002,GA_roulette_single_point_random_random_noLS_noNeighborhood,43,1000,1,50,60,,,,,,random,single_point,random,FALSE,,,,,,,0.9,0.1,roulette,3,TRUE,FALSE,0.5,0.1,0.35,5,0,,,,,,,,,,,,,,
J30_3.RCP,0,79.24824229,0.129010916,GA_roulette_single_point_random_heuristic_withLS_withNeighborhood,43,1000,0,50,60,,,,,,random,single_point,heuristic,TRUE,,,,,,,0.9,0.1,roulette,3,TRUE,FALSE,0.5,0.1,0.35,5,2,,,,,,,,,,,,,,
J30_3.RCP,1,80.45754462,0.126493931,GA_roulette_single_point_random_heuristic_withLS_withNeighborhood,43,1000,1,50,60,,,,,,random,single_point,heuristic,TRUE,,,,,,,0.9,0.1,roulette,3,TRUE,FALSE,0.5,0.1,0.35,5,2,,,,,,,,,,,,,,
J30_3.RCP,0,79.24824229,0.129203081,GA_roulette_single_point_random_heuristic_withLS_noNeighborhood,43,1000,0,50,60,,,,,,random,single_point,heuristic,TRUE,,,,,,,0.9,0.1,roulette,3,TRUE,FALSE,0.5,0.1,0.35,5,0,,,,,,,,,,,,,,
J30_3.RCP,1,80.45754462,0.13338089,GA_roulette_single_point_random_heuristic_withLS_noNeighborhood,43,1000,1,50,60,,,,,,random,single_point,heuristic,TRUE,,,,,,,0.9,0.1,roulette,3,TRUE,FALSE,0.5,0.1,0.35,5,0,,,,,,,,,,,,,,
J30_3.RCP,0,76.27149811,0.190173149,GA_roulette_single_point_random_heuristic_noLS_withNeighborhood,43,1000,0,50,60,,,,,,random,single_point,heuristic,FALSE,,,,,,,0.9,0.1,roulette,3,TRUE,FALSE,0.5,0.1,0.35,5,2,,,,,,,,,,,,,,
J30_3.RCP,1,77.20173067,0.184731245,GA_roulette_single_point_random_heuristic_noLS_withNeighborhood,43,1000,1,50,60,,,,,,random,single_point,heuristic,FALSE,,,,,,,0.9,0.1,roulette,3,TRUE,FALSE,0.5,0.1,0.35,5,2,,,,,,,,,,,,,,
J30_3.RCP,0,76.27149811,0.185188055,GA_roulette_single_point_random_heuristic_noLS_noNeighborhood,43,1000,0,50,60,,,,,,random,single_point,heuristic,FALSE,,,,,,,0.9,0.1,roulette,3,TRUE,FALSE,0.5,0.1,0.35,5,0,,,,,,,,,,,,,,
J30_3.RCP,1,77.20173067,0.201062918,GA_roulette_single_point_random_heuristic_noLS_noNeighborhood,43,1000,1,50,60,,,,,,random,single_point,heuristic,FALSE,,,,,,,0.9,0.1,roulette,3,TRUE,FALSE,0.5,0.1,0.35,5,0,,,,,,,,,,,,,,
J30_3.RCP,0,80.96917253,0.142306089,GA_roulette_single_point_adaptive_random_withLS_withNeighborhood,43,1000,0,50,60,,,,,,adaptive,single_point,random,TRUE,,,,,,,0.9,0.1,roulette,3,TRUE,FALSE,0.5,0.1,0.35,5,2,,,,,,,,,,,,,,
J30_3.RCP,1,82.69010276,0.136751175,GA_roulette_single_point_adaptive_random_withLS_withNeighborhood,43,1000,1,50,60,,,,,,adaptive,single_point,random,TRUE,,,,,,,0.9,0.1,roulette,3,TRUE,FALSE,0.5,0.1,0.35,5,2,,,,,,,,,,,,,,
J30_3.RCP,0,80.96917253,0.131244183,GA_roulette_single_point_adaptive_random_withLS_noNeighborhood,43,1000,0,50,60,,,,,,adaptive,single_point,random,TRUE,,,,,,,0.9,0.1,roulette,3,TRUE,FALSE,0.5,0.1,0.35,5,0,,,,,,,,,,,,,,
J30_3.RCP,1,82.69010276,0.130685091,GA_roulette_single_point_adaptive_random_withLS_noNeighborhood,43,1000,1,50,60,,,,,,adaptive,single_point,random,TRUE,,,,,,,0.9,0.1,roulette,3,TRUE,FALSE,0.5,0.1,0.35,5,0,,,,,,,,,,,,,,
J30_3.RCP,0,79.24824229,0.198334932,GA_roulette_single_point_adaptive_random_noLS_withNeighborhood,43,1000,0,50,60,,,,,,adaptive,single_point,random,FALSE,,,,,,,0.9,0.1,roulette,3,TRUE,FALSE,0.5,0.1,0.35,5,2,,,,,,,,,,,,,,
J30_3.RCP,1,79.24824229,0.197270155,GA_roulette_single_point_adaptive_random_noLS_withNeighborhood,43,1000,1,50,60,,,,,,adaptive,single_point,random,FALSE,,,,,,,0.9,0.1,roulette,3,TRUE,FALSE,0.5,0.1,0.35,5,2,,,,,,,,,,,,,,
J30_3.RCP,0,79.24824229,0.275117159,GA_roulette_single_point_adaptive_random_noLS_noNeighborhood,43,1000,0,50,60,,,,,,adaptive,single_point,random,FALSE,,,,,,,0.9,0.1,roulette,3,TRUE,FALSE,0.5,0.1,0.35,5,0,,,,,,,,,,,,,,
J30_3.RCP,1,79.24824229,0.195973873,GA_roulette_single_point_adaptive_random_noLS_noNeighborhood,43,1000,1,50,60,,,,,,adaptive,single_point,random,FALSE,,,,,,,0.9,0.1,roulette,3,TRUE,FALSE,0.5,0.1,0.35,5,0,,,,,,,,,,,,,,
J30_3.RCP,0,84.45754462,0.130051851,GA_roulette_single_point_adaptive_heuristic_withLS_withNeighborhood,43,1000,0,50,60,,,,,,adaptive,single_point,heuristic,TRUE,,,,,,,0.9,0.1,roulette,3,TRUE,FALSE,0.5,0.1,0.35,5,2,,,,,,,,,,,,,,
J30_3.RCP,1,80.45754462,0.134874821,GA_roulette_single_point_adaptive_heuristic_withLS_withNeighborhood,43,1000,1,50,60,,,,,,adaptive,single_point,heuristic,TRUE,,,,,,,0.9,0.1,roulette,3,TRUE,FALSE,0.5,0.1,0.35,5,2,,,,,,,,,,,,,,
J30_3.RCP,0,84.45754462,0.133605957,GA_roulette_single_point_adaptive_heuristic_withLS_noNeighborhood,43,1000,0,50,60,,,,,,adaptive,single_point,heuristic,TRUE,,,,,,,0.9,0.1,roulette,3,TRUE,FALSE,0.5,0.1,0.35,5,0,,,,,,,,,,,,,,
J30_3.RCP,1,80.45754462,0.130270958,GA_roulette_single_point_adaptive_heuristic_withLS_noNeighborhood,43,1000,1,50,60,,,,,,adaptive,single_point,heuristic,TRUE,,,,,,,0.9,0.1,roulette,3,TRUE,FALSE,0.5,0.1,0.35,5,0,,,,,,,,,,,,,,
J30_3.RCP,0,79.06219578,0.193417072,GA_roulette_single_point_adaptive_heuristic_noLS_withNeighborhood,43,1000,0,50,60,,,,,,adaptive,single_point,heuristic,FALSE,,,,,,,0.9,0.1,roulette,3,TRUE,FALSE,0.5,0.1,0.35,5,2,,,,,,,,,,,,,,
J30_3.RCP,1,73.57382369,0.193579912,GA_roulette_single_point_adaptive_heuristic_noLS_withNeighborhood,43,1000,1,50,60,,,,,,adaptive,single_point,heuristic,FALSE,,,,,,,0.9,0.1,roulette,3,TRUE,FALSE,0.5,0.1,0.35,5,2,,,,,,,,,,,,,,
J30_3.RCP,0,79.06219578,0.194395781,GA_roulette_single_point_adaptive_heuristic_noLS_noNeighborhood,43,1000,0,50,60,,,,,,adaptive,single_point,heuristic,FALSE,,,,,,,0.9,0.1,roulette,3,TRUE,FALSE,0.5,0.1,0.35,5,0,,,,,,,,,,,,,,
J30_3.RCP,1,73.57382369,0.194367886,GA_roulette_single_point_adaptive_heuristic_noLS_noNeighborhood,43,1000,1,50,60,,,,,,adaptive,single_point,heuristic,FALSE,,,,,,,0.9,0.1,roulette,3,TRUE,FALSE,0.5,0.1,0.35,5,0,,,,,,,,,,,,,,
J30_3.RCP,0,81.48080043,0.127823114,GA_roulette_two_point_random_random_withLS_withNeighborhood,43,1000,0,50,60,,,,,,random,two_point,random,TRUE,,,,,,,0.9,0.1,roulette,3,TRUE,FALSE,0.5,0.1,0.35,5,2,,,,,,,,,,,,,,
J30_3.RCP,1,84.45754462,0.132205963,GA_roulette_two_point_random_random_withLS_withNeighborhood,43,1000,1,50,60,,,,,,random,two_point,random,TRUE,,,,,,,0.9,0.1,roulette,3,TRUE,FALSE,0.5,0.1,0.35,5,2,,,,,,,,,,,,,,
J30_3.RCP,0,81.48080043,0.127254963,GA_roulette_two_point_random_random_withLS_noNeighborhood,43,1000,0,50,60,,,,,,random,two_point,random,TRUE,,,,,,,0.9,0.1,roulette,3,TRUE,FALSE,0.5,0.1,0.35,5,0,,,,,,,,,,,,,,
J30_3.RCP,1,84.45754462,0.128711939,GA_roulette_two_point_random_random_withLS_noNeighborhood,43,1000,1,50,60,,,,,,random,two_point,random,TRUE,,,,,,,0.9,0.1,roulette,3,TRUE,FALSE,0.5,0.1,0.35,5,0,,,,,,,,,,,,,,
J30_3.RCP,0,77.06219578,0.188997269,GA_roulette_two_point_random_random_noLS_withNeighborhood,43,1000,0,50,60,,,,,,random,two_point,random,FALSE,,,,,,,0.9,0.1,roulette,3,TRUE,FALSE,0.5,0.1,0.35,5,2,,,,,,,,,,,,,,
J30_3.RCP,1,77.89940508,0.189229012,GA_roulette_two_point_random_random_noLS_withNeighborhood,43,1000,1,50,60,,,,,,random,two_point,random,FALSE,,,,,,,0.9,0.1,roulette,3,TRUE,FALSE,0.5,0.1,0.35,5,2,,,,,,,,,,,,,,
J30_3.RCP,0,77.06219578,0.187958956,GA_roulette_two_point_random_random_noLS_noNeighborhood,43,1000,0,50,60,,,,,,random,two_point,random,FALSE,,,,,,,0.9,0.1,roulette,3,TRUE,FALSE,0.5,0.1,0.35,5,0,,,,,,,,,,,,,,
J30_3.RCP,1,77.89940508,0.185467005,GA_roulette_two_point_random_random_noLS_noNeighborhood,43,1000,1,50,60,,,,,,random,two_point,random,FALSE,,,,,,,0.9,0.1,roulette,3,TRUE,FALSE,0.5,0.1,0.35,5,0,,,,,,,,,,,,,,
J30_3.RCP,0,84.13196322,0.127779961,GA_roulette_two_point_random_heuristic_withLS_withNeighborhood,43,1000,0,50,60,,,,,,random,two_point,heuristic,TRUE,,,,,,,0.9,0.1,roulette,3,TRUE,FALSE,0.5,0.1,0.35,5,2,,,,,,,,,,,,,,
J30_3.RCP,1,82.64359113,0.130417824,GA_roulette_two_point_random_heuristic_withLS_withNeighborhood,43,1000,1,50,60,,,,,,random,two_point,heuristic,TRUE,,,,,,,0.9,0.1,roulette,3,TRUE,FALSE,0.5,0.1,0.35,5,2,,,,,,,,,,,,,,
J30_3.RCP,0,84.13196322,0.132150888,GA_roulette_two_point_random_heuristic_withLS_noNeighborhood,43,1000,0,50,60,,,,,,random,two_point,heuristic,TRUE,,,,,,,0.9,0.1,roulette,3,TRUE,FALSE,0.5,0.1,0.35,5,0,,,,,,,,,,,,,,
J30_3.RCP,1,82.64359113,0.128370285,GA_roulette_two_point_random_heuristic_withLS_noNeighborhood,43,1000,1,50,60,,,,,,random,two_point,heuristic,TRUE,,,,,,,0.9,0.1,roulette,3,TRUE,FALSE,0.5,0.1,0.35,5,0,,,,,,,,,,,,,,
J30_3.RCP,0,78.82963764,0.186539173,GA_roulette_two_point_random_heuristic_noLS_withNeighborhood,43,1000,0,50,60,,,,,,random,two_point,heuristic,FALSE,,,,,,,0.9,0.1,roulette,3,TRUE,FALSE,0.5,0.1,0.35,5,2,,,,,,,,,,,,,,
J30_3.RCP,1,79.57382369,0.185217142,GA_roulette_two_point_random_heuristic_noLS_withNeighborhood,43,1000,1,50,60,,,,,,random,two_point,heuristic,FALSE,,,,,,,0.9,0.1,roulette,3,TRUE,FALSE,0.5,0.1,0.35,5,2,,,,,,,,,,,,,,
J30_3.RCP,0,78.82963764,0.186456919,GA_roulette_two_point_random_heuristic_noLS_noNeighborhood,43,1000,0,50,60,,,,,,random,two_point,heuristic,FALSE,,,,,,,0.9,0.1,roulette,3,TRUE,FALSE,0.5,0.1,0.35,5,0,,,,,,,,,,,,,,
J30_3.RCP,1,79.57382369,0.185351133,GA_roulette_two_point_random_heuristic_noLS_noNeighborhood,43,1000,1,50,60,,,,,,random,two_point,heuristic,FALSE,,,,,,,0.9,0.1,roulette,3,TRUE,FALSE,0.5,0.1,0.35,5,0,,,,,,,,,,,,,,
J30_3.RCP,0,76.27149811,0.131341696,GA_roulette_two_point_adaptive_random_withLS_withNeighborhood,43,1000,0,50,60,,,,,,adaptive,two_point,random,TRUE,,,,,,,0.9,0.1,roulette,3,TRUE,FALSE,0.5,0.1,0.35,5,2,,,,,,,,,,,,,,
J30_3.RCP,1,82.55056787,0.128249884,GA_roulette_two_point_adaptive_random_withLS_withNeighborhood,43,1000,1,50,60,,,,,,adaptive,two_point,random,TRUE,,,,,,,0.9,0.1,roulette,3,TRUE,FALSE,0.5,0.1,0.35,5,2,,,,,,,,,,,,,,
J30_3.RCP,0,76.27149811,0.130170822,GA_roulette_two_point_adaptive_random_withLS_noNeighborhood,43,1000,0,50,60,,,,,,adaptive,two_point,random,TRUE,,,,,,,0.9,0.1,roulette,3,TRUE,FALSE,0.5,0.1,0.35,5,0,,,,,,,,,,,,,,
J30_3.RCP,1,82.55056787,0.128342152,GA_roulette_two_point_adaptive_random_withLS_noNeighborhood,43,1000,1,50,60,,,,,,adaptive,two_point,random,TRUE,,,,,,,0.9,0.1,roulette,3,TRUE,FALSE,0.5,0.1,0.35,5,0,,,,,,,,,,,,,,
J30_3.RCP,0,76.27149811,0.194439888,GA_roulette_two_point_adaptive_random_noLS_withNeighborhood,43,1000,0,50,60,,,,,,adaptive,two_point,random,FALSE,,,,,,,0.9,0.1,roulette,3,TRUE,FALSE,0.5,0.1,0.35,5,2,,,,,,,,,,,,,,
J30_3.RCP,1,76.55056787,0.193170071,GA_roulette_two_point_adaptive_random_noLS_withNeighborhood,43,1000,1,50,60,,,,,,adaptive,two_point,random,FALSE,,,,,,,0.9,0.1,roulette,3,TRUE,FALSE,0.5,0.1,0.35,5,2,,,,,,,,,,,,,,
J30_3.RCP,0,76.27149811,0.194765091,GA_roulette_two_point_adaptive_random_noLS_noNeighborhood,43,1000,0,50,60,,,,,,adaptive,two_point,random,FALSE,,,,,,,0.9,0.1,roulette,3,TRUE,FALSE,0.5,0.1,0.35,5,0,,,,,,,,,,,,,,
J30_3.RCP,1,76.55056787,0.193714142,GA_roulette_two_point_adaptive_random_noLS_noNeighborhood,43,1000,1,50,60,,,,,,adaptive,two_point,random,FALSE,,,,,,,0.9,0.1,roulette,3,TRUE,FALSE,0.5,0.1,0.35,5,0,,,,,,,,,,,,,,
J30_3.RCP,0,76.78312601,0.130987167,GA_roulette_two_point_adaptive_heuristic_withLS_withNeighborhood,43,1000,0,50,60,,,,,,adaptive,two_point,heuristic,TRUE,,,,,,,0.9,0.1,roulette,3,TRUE,FALSE,0.5,0.1,0.35,5,2,,,,,,,,,,,,,,
J30_3.RCP,1,76.41103299,0.128709078,GA_roulette_two_point_adaptive_heuristic_withLS_withNeighborhood,43,1000,1,50,60,,,,,,adaptive,two_point,heuristic,TRUE,,,,,,,0.9,0.1,roulette,3,TRUE,FALSE,0.5,0.1,0.35,5,2,,,,,,,,,,,,,,
J30_3.RCP,0,76.78312601,0.130384922,GA_roulette_two_point_adaptive_heuristic_withLS_noNeighborhood,43,1000,0,50,60,,,,,,adaptive,two_point,heuristic,TRUE,,,,,,,0.9,0.1,roulette,3,TRUE,FALSE,0.5,0.1,0.35,5,0,,,,,,,,,,,,,,
J30_3.RCP,1,76.41103299,0.130102873,GA_roulette_two_point_adaptive_heuristic_withLS_noNeighborhood,43,1000,1,50,60,,,,,,adaptive,two_point,heuristic,TRUE,,,,,,,0.9,0.1,roulette,3,TRUE,FALSE,0.5,0.1,0.35,5,0,,,,,,,,,,,,,,
J30_3.RCP,0,76.78312601,0.195322752,GA_roulette_two_point_adaptive_heuristic_noLS_withNeighborhood,43,1000,0,50,60,,,,,,adaptive,two_point,heuristic,FALSE,,,,,,,0.9,0.1,roulette,3,TRUE,FALSE,0.5,0.1,0.35,5,2,,,,,,,,,,,,,,
J30_3.RCP,1,76.41103299,0.193821907,GA_roulette_two_point_adaptive_heuristic_noLS_withNeighborhood,43,1000,1,50,60,,,,,,adaptive,two_point,heuristic,FALSE,,,,,,,0.9,0.1,roulette,3,TRUE,FALSE,0.5,0.1,0.35,5,2,,,,,,,,,,,,,,
J30_3.RCP,0,76.78312601,0.195154905,GA_roulette_two_point_adaptive_heuristic_noLS_noNeighborhood,43,1000,0,50,60,,,,,,adaptive,two_point,heuristic,FALSE,,,,,,,0.9,0.1,roulette,3,TRUE,FALSE,0.5,0.1,0.35,5,0,,,,,,,,,,,,,,
J30_3.RCP,1,76.41103299,0.193871021,GA_roulette_two_point_adaptive_heuristic_noLS_noNeighborhood,43,1000,1,50,60,,,,,,adaptive,two_point,heuristic,FALSE,,,,,,,0.9,0.1,roulette,3,TRUE,FALSE,0.5,0.1,0.35,5,0,,,,,,,,,,,,,,
J30_3.RCP,0,80.27149811,1.045027018,GA_roulette_rcx_random_random_withLS_withNeighborhood,43,1000,0,50,60,,,,,,random,rcx,random,TRUE,,,,,,,0.9,0.1,roulette,3,TRUE,FALSE,0.5,0.1,0.35,5,2,,,,,,,,,,,,,,
J30_3.RCP,1,84.03893997,1.058432102,GA_roulette_rcx_random_random_withLS_withNeighborhood,43,1000,1,50,60,,,,,,random,rcx,random,TRUE,,,,,,,0.9,0.1,roulette,3,TRUE,FALSE,0.5,0.1,0.35,5,2,,,,,,,,,,,,,,
J30_3.RCP,0,80.27149811,1.048676968,GA_roulette_rcx_random_random_withLS_noNeighborhood,43,1000,0,50,60,,,,,,random,rcx,random,TRUE,,,,,,,0.9,0.1,roulette,3,TRUE,FALSE,0.5,0.1,0.35,5,0,,,,,,,,,,,,,,
J30_3.RCP,1,84.03893997,1.052491903,GA_roulette_rcx_random_random_withLS_noNeighborhood,43,1000,1,50,60,,,,,,random,rcx,random,TRUE,,,,,,,0.9,0.1,roulette,3,TRUE,FALSE,0.5,0.1,0.35,5,0,,,,,,,,,,,,,,
J30_3.RCP,0,77.80638183,3.877472878,GA_roulette_rcx_random_random_noLS_withNeighborhood,43,1000,0,50,60,,,,,,random,rcx,random,FALSE,,,,,,,0.9,0.1,roulette,3,TRUE,FALSE,0.5,0.1,0.35,5,2,,,,,,,,,,,,,,
J30_3.RCP,1,77.66684694,3.950860977,GA_roulette_rcx_random_random_noLS_withNeighborhood,43,1000,1,50,60,,,,,,random,rcx,random,FALSE,,,,,,,0.9,0.1,roulette,3,TRUE,FALSE,0.5,0.1,0.35,5,2,,,,,,,,,,,,,,
J30_3.RCP,0,77.80638183,3.861809015,GA_roulette_rcx_random_random_noLS_noNeighborhood,43,1000,0,50,60,,,,,,random,rcx,random,FALSE,,,,,,,0.9,0.1,roulette,3,TRUE,FALSE,0.5,0.1,0.35,5,0,,,,,,,,,,,,,,
J30_3.RCP,1,77.66684694,3.9517591,GA_roulette_rcx_random_random_noLS_noNeighborhood,43,1000,1,50,60,,,,,,random,rcx,random,FALSE,,,,,,,0.9,0.1,roulette,3,TRUE,FALSE,0.5,0.1,0.35,5,0,,,,,,,,,,,,,,
J30_3.RCP,0,83.66684694,1.032253981,GA_roulette_rcx_random_heuristic_withLS_withNeighborhood,43,1000,0,50,60,,,,,,random,rcx,heuristic,TRUE,,,,,,,0.9,0.1,roulette,3,TRUE,FALSE,0.5,0.1,0.35,5,2,,,,,,,,,,,,,,
J30_3.RCP,1,79.34126555,1.01753974,GA_roulette_rcx_random_heuristic_withLS_withNeighborhood,43,1000,1,50,60,,,,,,random,rcx,heuristic,TRUE,,,,,,,0.9,0.1,roulette,3,TRUE,FALSE,0.5,0.1,0.35,5,2,,,,,,,,,,,,,,
J30_3.RCP,0,83.66684694,1.015345812,GA_roulette_rcx_random_heuristic_withLS_noNeighborhood,43,1000,0,50,60,,,,,,random,rcx,heuristic,TRUE,,,,,,,0.9,0.1,roulette,3,TRUE,FALSE,0.5,0.1,0.35,5,0,,,,,,,,,,,,,,
J30_3.RCP,1,79.34126555,1.06121397,GA_roulette_rcx_random_heuristic_withLS_noNeighborhood,43,1000,1,50,60,,,,,,random,rcx,heuristic,TRUE,,,,,,,0.9,0.1,roulette,3,TRUE,FALSE,0.5,0.1,0.35,5,0,,,,,,,,,,,,,,
J30_3.RCP,0,80.27149811,3.970417261,GA_roulette_rcx_random_heuristic_noLS_withNeighborhood,43,1000,0,50,60,,,,,,random,rcx,heuristic,FALSE,,,,,,,0.9,0.1,roulette,3,TRUE,FALSE,0.5,0.1,0.35,5,2,,,,,,,,,,,,,,
J30_3.RCP,1,77.99242834,3.886207104,GA_roulette_rcx_random_heuristic_noLS_withNeighborhood,43,1000,1,50,60,,,,,,random,rcx,heuristic,FALSE,,,,,,,0.9,0.1,roulette,3,TRUE,FALSE,0.5,0.1,0.35,5,2,,,,,,,,,,,,,,
J30_3.RCP,0,80.27149811,3.852850914,GA_roulette_rcx_random_heuristic_noLS_noNeighborhood,43,1000,0,50,60,,,,,,random,rcx,heuristic,FALSE,,,,,,,0.9,0.1,roulette,3,TRUE,FALSE,0.5,0.1,0.35,5,0,,,,,,,,,,,,,,
J30_3.RCP,1,77.99242834,3.975854158,GA_roulette_rcx_random_heuristic_noLS_noNeighborhood,43,1000,1,50,60,,,,,,random,rcx,heuristic,FALSE,,,,,,,0.9,0.1,roulette,3,TRUE,FALSE,0.5,0.1,0.35,5,0,,,,,,,,,,,,,,
J30_3.RCP,0,81.38777718,1.071544886,GA_roulette_rcx_adaptive_random_withLS_withNeighborhood,43,1000,0,50,60,,,,,,adaptive,rcx,random,TRUE,,,,,,,0.9,0.1,roulette,3,TRUE,FALSE,0.5,0.1,0.35,5,2,,,,,,,,,,,,,,
J30_3.RCP,1,80.82963764,1.03411603,GA_roulette_rcx_adaptive_random_withLS_withNeighborhood,43,1000,1,50,60,,,,,,adaptive,rcx,random,TRUE,,,,,,,0.9,0.1,roulette,3,TRUE,FALSE,0.5,0.1,0.35,5,2,,,,,,,,,,,,,,
J30_3.RCP,0,81.38777718,1.063762903,GA_roulette_rcx_adaptive_random_withLS_noNeighborhood,43,1000,0,50,60,,,,,,adaptive,rcx,random,TRUE,,,,,,,0.9,0.1,roulette,3,TRUE,FALSE,0.5,0.1,0.35,5,0,,,,,,,,,,,,,,
J30_3.RCP,1,80.82963764,1.030045986,GA_roulette_rcx_adaptive_random_withLS_noNeighborhood,43,1000,1,50,60,,,,,,adaptive,rcx,random,TRUE,,,,,,,0.9,0.1,roulette,3,TRUE,FALSE,0.5,0.1,0.35,5,0,,,,,,,,,,,,,,
J30_3.RCP,0,79.06219578,3.893465996,GA_roulette_rcx_adaptive_random_noLS_withNeighborhood,43,1000,0,50,60,,,,,,adaptive,rcx,random,FALSE,,,,,,,0.9,0.1,roulette,3,TRUE,FALSE,0.5,0.1,0.35,5,2,,,,,,,,,,,,,,
J30_3.RCP,1,78.55056787,3.862823963,GA_roulette_rcx_adaptive_random_noLS_withNeighborhood,43,1000,1,50,60,,,,,,adaptive,rcx,random,FALSE,,,,,,,0.9,0.1,roulette,3,TRUE,FALSE,0.5,0.1,0.35,5,2,,,,,,,,,,,,,,
J30_3.RCP,0,79.06219578,3.888105869,GA_roulette_rcx_adaptive_random_noLS_noNeighborhood,43,1000,0,50,60,,,,,,adaptive,rcx,random,FALSE,,,,,,,0.9,0.1,roulette,3,TRUE,FALSE,0.5,0.1,0.35,5,0,,,,,,,,,,,,,,
J30_3.RCP,1,78.55056787,4.010210037,GA_roulette_rcx_adaptive_random_noLS_noNeighborhood,43,1000,1,50,60,,,,,,adaptive,rcx,random,FALSE,,,,,,,0.9,0.1,roulette,3,TRUE,FALSE,0.5,0.1,0.35,5,0,,,,,,,,,,,,,,
J30_3.RCP,0,83.52731206,1.04215765,GA_roulette_rcx_adaptive_heuristic_withLS_withNeighborhood,43,1000,0,50,60,,,,,,adaptive,rcx,heuristic,TRUE,,,,,,,0.9,0.1,roulette,3,TRUE,FALSE,0.5,0.1,0.35,5,2,,,,,,,,,,,,,,
J30_3.RCP,1,81.62033532,1.391454935,GA_roulette_rcx_adaptive_heuristic_withLS_withNeighborhood,43,1000,1,50,60,,,,,,adaptive,rcx,heuristic,TRUE,,,,,,,0.9,0.1,roulette,3,TRUE,FALSE,0.5,0.1,0.35,5,2,,,,,,,,,,,,,,
J30_3.RCP,0,83.52731206,1.079642773,GA_roulette_rcx_adaptive_heuristic_withLS_noNeighborhood,43,1000,0,50,60,,,,,,adaptive,rcx,heuristic,TRUE,,,,,,,0.9,0.1,roulette,3,TRUE,FALSE,0.5,0.1,0.35,5,0,,,,,,,,,,,,,,
J30_3.RCP,1,81.62033532,1.101309061,GA_roulette_rcx_adaptive_heuristic_withLS_noNeighborhood,43,1000,1,50,60,,,,,,adaptive,rcx,heuristic,TRUE,,,,,,,0.9,0.1,roulette,3,TRUE,FALSE,0.5,0.1,0.35,5,0,,,,,,,,,,,,,,
J30_3.RCP,0,77.94591671,3.963260174,GA_roulette_rcx_adaptive_heuristic_noLS_withNeighborhood,43,1000,0,50,60,,,,,,adaptive,rcx,heuristic,FALSE,,,,,,,0.9,0.1,roulette,3,TRUE,FALSE,0.5,0.1,0.35,5,2,,,,,,,,,,,,,,
J30_3.RCP,1,77.01568415,4.078264713,GA_roulette_rcx_adaptive_heuristic_noLS_withNeighborhood,43,1000,1,50,60,,,,,,adaptive,rcx,heuristic,FALSE,,,,,,,0.9,0.1,roulette,3,TRUE,FALSE,0.5,0.1,0.35,5,2,,,,,,,,,,,,,,
J30_3.RCP,0,77.94591671,3.95894289,GA_roulette_rcx_adaptive_heuristic_noLS_noNeighborhood,43,1000,0,50,60,,,,,,adaptive,rcx,heuristic,FALSE,,,,,,,0.9,0.1,roulette,3,TRUE,FALSE,0.5,0.1,0.35,5,0,,,,,,,,,,,,,,
J30_3.RCP,1,77.01568415,3.963689804,GA_roulette_rcx_adaptive_heuristic_noLS_noNeighborhood,43,1000,1,50,60,,,,,,adaptive,rcx,heuristic,FALSE,,,,,,,0.9,0.1,roulette,3,TRUE,FALSE,0.5,0.1,0.35,5,0,,,,,,,,,,,,,,
J30_3.RCP,0,82.73661439,0.126424789,GA_roulette_hybrid_random_random_withLS_withNeighborhood,43,1000,0,50,60,,,,,,random,hybrid,random,TRUE,,,,,,,0.9,0.1,roulette,3,TRUE,FALSE,0.5,0.1,0.35,5,2,,,,,,,,,,,,,,
J30_3.RCP,1,82.03893997,0.127590895,GA_roulette_hybrid_random_random_withLS_withNeighborhood,43,1000,1,50,60,,,,,,random,hybrid,random,TRUE,,,,,,,0.9,0.1,roulette,3,TRUE,FALSE,0.5,0.1,0.35,5,2,,,,,,,,,,,,,,
J30_3.RCP,0,82.73661439,0.12540102,GA_roulette_hybrid_random_random_withLS_noNeighborhood,43,1000,0,50,60,,,,,,random,hybrid,random,TRUE,,,,,,,0.9,0.1,roulette,3,TRUE,FALSE,0.5,0.1,0.35,5,0,,,,,,,,,,,,,,
J30_3.RCP,1,82.03893997,0.12682128,GA_roulette_hybrid_random_random_withLS_noNeighborhood,43,1000,1,50,60,,,,,,random,hybrid,random,TRUE,,,,,,,0.9,0.1,roulette,3,TRUE,FALSE,0.5,0.1,0.35,5,0,,,,,,,,,,,,,,
J30_3.RCP,0,81.4342888,0.177164078,GA_roulette_hybrid_random_random_noLS_withNeighborhood,43,1000,0,50,60,,,,,,random,hybrid,random,FALSE,,,,,,,0.9,0.1,roulette,3,TRUE,FALSE,0.5,0.1,0.35,5,2,,,,,,,,,,,,,,
J30_3.RCP,1,79.24824229,0.177680969,GA_roulette_hybrid_random_random_noLS_withNeighborhood,43,1000,1,50,60,,,,,,random,hybrid,random,FALSE,,,,,,,0.9,0.1,roulette,3,TRUE,FALSE,0.5,0.1,0.35,5,2,,,,,,,,,,,,,,
J30_3.RCP,0,81.4342888,0.17829299,GA_roulette_hybrid_random_random_noLS_noNeighborhood,43,1000,0,50,60,,,,,,random,hybrid,random,FALSE,,,,,,,0.9,0.1,roulette,3,TRUE,FALSE,0.5,0.1,0.35,5,0,,,,,,,,,,,,,,
J30_3.RCP,1,79.24824229,0.177009106,GA_roulette_hybrid_random_random_noLS_noNeighborhood,43,1000,1,50,60,,,,,,random,hybrid,random,FALSE,,,,,,,0.9,0.1,roulette,3,TRUE,FALSE,0.5,0.1,0.35,5,0,,,,,,,,,,,,,,
J30_3.RCP,0,85.99242834,0.125745058,GA_roulette_hybrid_random_heuristic_withLS_withNeighborhood,43,1000,0,50,60,,,,,,random,hybrid,heuristic,TRUE,,,,,,,0.9,0.1,roulette,3,TRUE,FALSE,0.5,0.1,0.35,5,2,,,,,,,,,,,,,,
J30_3.RCP,1,85.48080043,0.127177,GA_roulette_hybrid_random_heuristic_withLS_withNeighborhood,43,1000,1,50,60,,,,,,random,hybrid,heuristic,TRUE,,,,,,,0.9,0.1,roulette,3,TRUE,FALSE,0.5,0.1,0.35,5,2,,,,,,,,,,,,,,
J30_3.RCP,0,85.99242834,0.127992153,GA_roulette_hybrid_random_heuristic_withLS_noNeighborhood,43,1000,0,50,60,,,,,,random,hybrid,heuristic,TRUE,,,,,,,0.9,0.1,roulette,3,TRUE,FALSE,0.5,0.1,0.35,5,0,,,,,,,,,,,,,,
J30_3.RCP,1,85.48080043,0.128835201,GA_roulette_hybrid_random_heuristic_withLS_noNeighborhood,43,1000,1,50,60,,,,,,random,hybrid,heuristic,TRUE,,,,,,,0.9,0.1,roulette,3,TRUE,FALSE,0.5,0.1,0.35,5,0,,,,,,,,,,,,,,
J30_3.RCP,0,81.57382369,0.179986954,GA_roulette_hybrid_random_heuristic_noLS_withNeighborhood,43,1000,0,50,60,,,,,,random,hybrid,heuristic,FALSE,,,,,,,0.9,0.1,roulette,3,TRUE,FALSE,0.5,0.1,0.35,5,2,,,,,,,,,,,,,,
J30_3.RCP,1,81.66684694,0.184568882,GA_roulette_hybrid_random_heuristic_noLS_withNeighborhood,43,1000,1,50,60,,,,,,random,hybrid,heuristic,FALSE,,,,,,,0.9,0.1,roulette,3,TRUE,FALSE,0.5,0.1,0.35,5,2,,,,,,,,,,,,,,
J30_3.RCP,0,81.57382369,0.180099249,GA_roulette_hybrid_random_heuristic_noLS_noNeighborhood,43,1000,0,50,60,,,,,,random,hybrid,heuristic,FALSE,,,,,,,0.9,0.1,roulette,3,TRUE,FALSE,0.5,0.1,0.35,5,0,,,,,,,,,,,,,,
J30_3.RCP,1,81.66684694,0.293147802,GA_roulette_hybrid_random_heuristic_noLS_noNeighborhood,43,1000,1,50,60,,,,,,random,hybrid,heuristic,FALSE,,,,,,,0.9,0.1,roulette,3,TRUE,FALSE,0.5,0.1,0.35,5,0,,,,,,,,,,,,,,
J30_3.RCP,0,77.85289346,0.129776239,GA_roulette_hybrid_adaptive_random_withLS_withNeighborhood,43,1000,0,50,60,,,,,,adaptive,hybrid,random,TRUE,,,,,,,0.9,0.1,roulette,3,TRUE,FALSE,0.5,0.1,0.35,5,2,,,,,,,,,,,,,,
J30_3.RCP,1,79.99242834,0.131355047,GA_roulette_hybrid_adaptive_random_withLS_withNeighborhood,43,1000,1,50,60,,,,,,adaptive,hybrid,random,TRUE,,,,,,,0.9,0.1,roulette,3,TRUE,FALSE,0.5,0.1,0.35,5,2,,,,,,,,,,,,,,
J30_3.RCP,0,77.85289346,0.128678083,GA_roulette_hybrid_adaptive_random_withLS_noNeighborhood,43,1000,0,50,60,,,,,,adaptive,hybrid,random,TRUE,,,,,,,0.9,0.1,roulette,3,TRUE,FALSE,0.5,0.1,0.35,5,0,,,,,,,,,,,,,,
J30_3.RCP,1,79.99242834,0.129732847,GA_roulette_hybrid_adaptive_random_withLS_noNeighborhood,43,1000,1,50,60,,,,,,adaptive,hybrid,random,TRUE,,,,,,,0.9,0.1,roulette,3,TRUE,FALSE,0.5,0.1,0.35,5,0,,,,,,,,,,,,,,
J30_3.RCP,0,77.85289346,0.192789078,GA_roulette_hybrid_adaptive_random_noLS_withNeighborhood,43,1000,0,50,60,,,,,,adaptive,hybrid,random,FALSE,,,,,,,0.9,0.1,roulette,3,TRUE,FALSE,0.5,0.1,0.35,5,2,,,,,,,,,,,,,,
J30_3.RCP,1,79.99242834,0.193356037,GA_roulette_hybrid_adaptive_random_noLS_withNeighborhood,43,1000,1,50,60,,,,,,adaptive,hybrid,random,FALSE,,,,,,,0.9,0.1,roulette,3,TRUE,FALSE,0.5,0.1,0.35,5,2,,,,,,,,,,,,,,
J30_3.RCP,0,77.85289346,0.189402819,GA_roulette_hybrid_adaptive_random_noLS_noNeighborhood,43,1000,0,50,60,,,,,,adaptive,hybrid,random,FALSE,,,,,,,0.9,0.1,roulette,3,TRUE,FALSE,0.5,0.1,0.35,5,0,,,,,,,,,,,,,,
J30_3.RCP,1,79.99242834,0.190581083,GA_roulette_hybrid_adaptive_random_noLS_noNeighborhood,43,1000,1,50,60,,,,,,adaptive,hybrid,random,FALSE,,,,,,,0.9,0.1,roulette,3,TRUE,FALSE,0.5,0.1,0.35,5,0,,,,,,,,,,,,,,
J30_3.RCP,0,81.06219578,0.128520012,GA_roulette_hybrid_adaptive_heuristic_withLS_withNeighborhood,43,1000,0,50,60,,,,,,adaptive,hybrid,heuristic,TRUE,,,,,,,0.9,0.1,roulette,3,TRUE,FALSE,0.5,0.1,0.35,5,2,,,,,,,,,,,,,,
J30_3.RCP,1,80.82963764,0.128929138,GA_roulette_hybrid_adaptive_heuristic_withLS_withNeighborhood,43,1000,1,50,60,,,,,,adaptive,hybrid,heuristic,TRUE,,,,,,,0.9,0.1,roulette,3,TRUE,FALSE,0.5,0.1,0.35,5,2,,,,,,,,,,,,,,
J30_3.RCP,0,81.06219578,0.134906054,GA_roulette_hybrid_adaptive_heuristic_withLS_noNeighborhood,43,1000,0,50,60,,,,,,adaptive,hybrid,heuristic,TRUE,,,,,,,0.9,0.1,roulette,3,TRUE,FALSE,0.5,0.1,0.35,5,0,,,,,,,,,,,,,,
J30_3.RCP,1,80.82963764,0.134327173,GA_roulette_hybrid_adaptive_heuristic_withLS_noNeighborhood,43,1000,1,50,60,,,,,,adaptive,hybrid,heuristic,TRUE,,,,,,,0.9,0.1,roulette,3,TRUE,FALSE,0.5,0.1,0.35,5,0,,,,,,,,,,,,,,
J30_3.RCP,0,79.80638183,0.195590973,GA_roulette_hybrid_adaptive_heuristic_noLS_withNeighborhood,43,1000,0,50,60,,,,,,adaptive,hybrid,heuristic,FALSE,,,,,,,0.9,0.1,roulette,3,TRUE,FALSE,0.5,0.1,0.35,5,2,,,,,,,,,,,,,,
J30_3.RCP,1,79.48080043,0.189791918,GA_roulette_hybrid_adaptive_heuristic_noLS_withNeighborhood,43,1000,1,50,60,,,,,,adaptive,hybrid,heuristic,FALSE,,,,,,,0.9,0.1,roulette,3,TRUE,FALSE,0.5,0.1,0.35,5,2,,,,,,,,,,,,,,
J30_3.RCP,0,79.80638183,0.189015865,GA_roulette_hybrid_adaptive_heuristic_noLS_noNeighborhood,43,1000,0,50,60,,,,,,adaptive,hybrid,heuristic,FALSE,,,,,,,0.9,0.1,roulette,3,TRUE,FALSE,0.5,0.1,0.35,5,0,,,,,,,,,,,,,,
J30_3.RCP,1,79.48080043,0.188874245,GA_roulette_hybrid_adaptive_heuristic_noLS_noNeighborhood,43,1000,1,50,60,,,,,,adaptive,hybrid,heuristic,FALSE,,,,,,,0.9,0.1,roulette,3,TRUE,FALSE,0.5,0.1,0.35,5,0,,,,,,,,,,,,,,
J30_3.RCP,0,78.27149811,0.128891945,GA_tournament_single_point_random_random_withLS_withNeighborhood,43,1000,0,50,60,,,,,,random,single_point,random,TRUE,,,,,,,0.9,0.1,tournament,3,TRUE,FALSE,0.5,0.1,0.35,5,2,,,,,,,,,,,,,,
J30_3.RCP,1,78.87614927,0.131101131,GA_tournament_single_point_random_random_withLS_withNeighborhood,43,1000,1,50,60,,,,,,random,single_point,random,TRUE,,,,,,,0.9,0.1,tournament,3,TRUE,FALSE,0.5,0.1,0.35,5,2,,,,,,,,,,,,,,
J30_3.RCP,0,78.27149811,0.130999088,GA_tournament_single_point_random_random_withLS_noNeighborhood,43,1000,0,50,60,,,,,,random,single_point,random,TRUE,,,,,,,0.9,0.1,tournament,3,TRUE,FALSE,0.5,0.1,0.35,5,0,,,,,,,,,,,,,,
J30_3.RCP,1,78.87614927,0.130232811,GA_tournament_single_point_random_random_withLS_noNeighborhood,43,1000,1,50,60,,,,,,random,single_point,random,TRUE,,,,,,,0.9,0.1,tournament,3,TRUE,FALSE,0.5,0.1,0.35,5,0,,,,,,,,,,,,,,
J30_3.RCP,0,73.15521904,0.19026804,GA_tournament_single_point_random_random_noLS_withNeighborhood,43,1000,0,50,60,,,,,,random,single_point,random,FALSE,,,,,,,0.9,0.1,tournament,3,TRUE,FALSE,0.5,0.1,0.35,5,2,,,,,,,,,,,,,,
J30_3.RCP,1,73.85289346,0.187396288,GA_tournament_single_point_random_random_noLS_withNeighborhood,43,1000,1,50,60,,,,,,random,single_point,random,FALSE,,,,,,,0.9,0.1,tournament,3,TRUE,FALSE,0.5,0.1,0.35,5,2,,,,,,,,,,,,,,
J30_3.RCP,0,73.15521904,0.187205076,GA_tournament_single_point_random_random_noLS_noNeighborhood,43,1000,0,50,60,,,,,,random,single_point,random,FALSE,,,,,,,0.9,0.1,tournament,3,TRUE,FALSE,0.5,0.1,0.35,5,0,,,,,,,,,,,,,,
J30_3.RCP,1,73.85289346,0.187526703,GA_tournament_single_point_random_random_noLS_noNeighborhood,43,1000,1,50,60,,,,,,random,single_point,random,FALSE,,,,,,,0.9,0.1,tournament,3,TRUE,FALSE,0.5,0.1,0.35,5,0,,,,,,,,,,,,,,
J30_3.RCP,0,80.78312601,0.12871623,GA_tournament_single_point_random_heuristic_withLS_withNeighborhood,43,1000,0,50,60,,,,,,random,single_point,heuristic,TRUE,,,,,,,0.9,0.1,tournament,3,TRUE,FALSE,0.5,0.1,0.35,5,2,,,,,,,,,,,,,,
J30_3.RCP,1,77.20173067,0.139197826,GA_tournament_single_point_random_heuristic_withLS_withNeighborhood,43,1000,1,50,60,,,,,,random,single_point,heuristic,TRUE,,,,,,,0.9,0.1,tournament,3,TRUE,FALSE,0.5,0.1,0.35,5,2,,,,,,,,,,,,,,
J30_3.RCP,0,80.78312601,0.129145861,GA_tournament_single_point_random_heuristic_withLS_noNeighborhood,43,1000,0,50,60,,,,,,random,single_point,heuristic,TRUE,,,,,,,0.9,0.1,tournament,3,TRUE,FALSE,0.5,0.1,0.35,5,0,,,,,,,,,,,,,,
J30_3.RCP,1,77.20173067,0.128594875,GA_tournament_single_point_random_heuristic_withLS_noNeighborhood,43,1000,1,50,60,,,,,,random,single_point,heuristic,TRUE,,,,,,,0.9,0.1,tournament,3,TRUE,FALSE,0.5,0.1,0.35,5,0,,,,,,,,,,,,,,
J30_3.RCP,0,73.66684694,0.186254978,GA_tournament_single_point_random_heuristic_noLS_withNeighborhood,43,1000,0,50,60,,,,,,random,single_point,heuristic,FALSE,,,,,,,0.9,0.1,tournament,3,TRUE,FALSE,0.5,0.1,0.35,5,2,,,,,,,,,,,,,,
J30_3.RCP,1,71.66684694,0.189278841,GA_tournament_single_point_random_heuristic_noLS_withNeighborhood,43,1000,1,50,60,,,,,,random,single_point,heuristic,FALSE,,,,,,,0.9,0.1,tournament,3,TRUE,FALSE,0.5,0.1,0.35,5,2,,,,,,,,,,,,,,
J30_3.RCP,0,73.66684694,0.186909199,GA_tournament_single_point_random_heuristic_noLS_noNeighborhood,43,1000,0,50,60,,,,,,random,single_point,heuristic,FALSE,,,,,,,0.9,0.1,tournament,3,TRUE,FALSE,0.5,0.1,0.35,5,0,,,,,,,,,,,,,,
J30_3.RCP,1,71.66684694,0.190069199,GA_tournament_single_point_random_heuristic_noLS_noNeighborhood,43,1000,1,50,60,,,,,,random,single_point,heuristic,FALSE,,,,,,,0.9,0.1,tournament,3,TRUE,FALSE,0.5,0.1,0.35,5,0,,,,,,,,,,,,,,
J30_3.RCP,0,79.06219578,0.134163857,GA_tournament_single_point_adaptive_random_withLS_withNeighborhood,43,1000,0,50,60,,,,,,adaptive,single_point,random,TRUE,,,,,,,0.9,0.1,tournament,3,TRUE,FALSE,0.5,0.1,0.35,5,2,,,,,,,,,,,,,,
J30_3.RCP,1,84.73661439,0.128711939,GA_tournament_single_point_adaptive_random_withLS_withNeighborhood,43,1000,1,50,60,,,,,,adaptive,single_point,random,TRUE,,,,,,,0.9,0.1,tournament,3,TRUE,FALSE,0.5,0.1,0.35,5,2,,,,,,,,,,,,,,
J30_3.RCP,0,79.06219578,0.130148888,GA_tournament_single_point_adaptive_random_withLS_noNeighborhood,43,1000,0,50,60,,,,,,adaptive,single_point,random,TRUE,,,,,,,0.9,0.1,tournament,3,TRUE,FALSE,0.5,0.1,0.35,5,0,,,,,,,,,,,,,,
J30_3.RCP,1,84.73661439,0.129509211,GA_tournament_single_point_adaptive_random_withLS_noNeighborhood,43,1000,1,50,60,,,,,,adaptive,single_point,random,TRUE,,,,,,,0.9,0.1,tournament,3,TRUE,FALSE,0.5,0.1,0.35,5,0,,,,,,,,,,,,,,
J30_3.RCP,0,73.85289346,0.200191021,GA_tournament_single_point_adaptive_random_noLS_withNeighborhood,43,1000,0,50,60,,,,,,adaptive,single_point,random,FALSE,,,,,,,0.9,0.1,tournament,3,TRUE,FALSE,0.5,0.1,0.35,5,2,,,,,,,,,,,,,,
J30_3.RCP,1,74.41103299,0.198927164,GA_tournament_single_point_adaptive_random_noLS_withNeighborhood,43,1000,1,50,60,,,,,,adaptive,single_point,random,FALSE,,,,,,,0.9,0.1,tournament,3,TRUE,FALSE,0.5,0.1,0.35,5,2,,,,,,,,,,,,,,
J30_3.RCP,0,73.85289346,0.195565224,GA_tournament_single_point_adaptive_random_noLS_noNeighborhood,43,1000,0,50,60,,,,,,adaptive,single_point,random,FALSE,,,,,,,0.9,0.1,tournament,3,TRUE,FALSE,0.5,0.1,0.35,5,0,,,,,,,,,,,,,,
J30_3.RCP,1,74.41103299,0.200198889,GA_tournament_single_point_adaptive_random_noLS_noNeighborhood,43,1000,1,50,60,,,,,,adaptive,single_point,random,FALSE,,,,,,,0.9,0.1,tournament,3,TRUE,FALSE,0.5,0.1,0.35,5,0,,,,,,,,,,,,,,
J30_3.RCP,0,80.50405625,0.131061077,GA_tournament_single_point_adaptive_heuristic_withLS_withNeighborhood,43,1000,0,50,60,,,,,,adaptive,single_point,heuristic,TRUE,,,,,,,0.9,0.1,tournament,3,TRUE,FALSE,0.5,0.1,0.35,5,2,,,,,,,,,,,,,,
J30_3.RCP,1,76.17847485,0.130328894,GA_tournament_single_point_adaptive_heuristic_withLS_withNeighborhood,43,1000,1,50,60,,,,,,adaptive,single_point,heuristic,TRUE,,,,,,,0.9,0.1,tournament,3,TRUE,FALSE,0.5,0.1,0.35,5,2,,,,,,,,,,,,,,
J30_3.RCP,0,80.50405625,0.134091139,GA_tournament_single_point_adaptive_heuristic_withLS_noNeighborhood,43,1000,0,50,60,,,,,,adaptive,single_point,heuristic,TRUE,,,,,,,0.9,0.1,tournament,3,TRUE,FALSE,0.5,0.1,0.35,5,0,,,,,,,,,,,,,,
J30_3.RCP,1,76.17847485,0.130648136,GA_tournament_single_point_adaptive_heuristic_withLS_noNeighborhood,43,1000,1,50,60,,,,,,adaptive,single_point,heuristic,TRUE,,,,,,,0.9,0.1,tournament,3,TRUE,FALSE,0.5,0.1,0.35,5,0,,,,,,,,,,,,,,
J30_3.RCP,0,72.27149811,0.196387053,GA_tournament_single_point_adaptive_heuristic_noLS_withNeighborhood,43,1000,0,50,60,,,,,,adaptive,single_point,heuristic,FALSE,,,,,,,0.9,0.1,tournament,3,TRUE,FALSE,0.5,0.1,0.35,5,2,,,,,,,,,,,,,,
J30_3.RCP,1,70.55056787,0.195652962,GA_tournament_single_point_adaptive_heuristic_noLS_withNeighborhood,43,1000,1,50,60,,,,,,adaptive,single_point,heuristic,FALSE,,,,,,,0.9,0.1,tournament,3,TRUE,FALSE,0.5,0.1,0.35,5,2,,,,,,,,,,,,,,
J30_3.RCP,0,72.27149811,0.194652796,GA_tournament_single_point_adaptive_heuristic_noLS_noNeighborhood,43,1000,0,50,60,,,,,,adaptive,single_point,heuristic,FALSE,,,,,,,0.9,0.1,tournament,3,TRUE,FALSE,0.5,0.1,0.35,5,0,,,,,,,,,,,,,,
J30_3.RCP,1,70.55056787,0.193715096,GA_tournament_single_point_adaptive_heuristic_noLS_noNeighborhood,43,1000,1,50,60,,,,,,adaptive,single_point,heuristic,FALSE,,,,,,,0.9,0.1,tournament,3,TRUE,FALSE,0.5,0.1,0.35,5,0,,,,,,,,,,,,,,
J30_3.RCP,0,78.55056787,0.127782106,GA_tournament_two_point_random_random_withLS_withNeighborhood,43,1000,0,50,60,,,,,,random,two_point,random,TRUE,,,,,,,0.9,0.1,tournament,3,TRUE,FALSE,0.5,0.1,0.35,5,2,,,,,,,,,,,,,,
J30_3.RCP,1,77.57382369,0.126808167,GA_tournament_two_point_random_random_withLS_withNeighborhood,43,1000,1,50,60,,,,,,random,two_point,random,TRUE,,,,,,,0.9,0.1,tournament,3,TRUE,FALSE,0.5,0.1,0.35,5,2,,,,,,,,,,,,,,
J30_3.RCP,0,78.55056787,0.128666878,GA_tournament_two_point_random_random_withLS_noNeighborhood,43,1000,0,50,60,,,,,,random,two_point,random,TRUE,,,,,,,0.9,0.1,tournament,3,TRUE,FALSE,0.5,0.1,0.35,5,0,,,,,,,,,,,,,,
J30_3.RCP,1,77.57382369,0.127867222,GA_tournament_two_point_random_random_withLS_noNeighborhood,43,1000,1,50,60,,,,,,random,two_point,random,TRUE,,,,,,,0.9,0.1,tournament,3,TRUE,FALSE,0.5,0.1,0.35,5,0,,,,,,,,,,,,,,
J30_3.RCP,0,71.94591671,0.188720942,GA_tournament_two_point_random_random_noLS_withNeighborhood,43,1000,0,50,60,,,,,,random,two_point,random,FALSE,,,,,,,0.9,0.1,tournament,3,TRUE,FALSE,0.5,0.1,0.35,5,2,,,,,,,,,,,,,,
J30_3.RCP,1,72.36452136,0.189419985,GA_tournament_two_point_random_random_noLS_withNeighborhood,43,1000,1,50,60,,,,,,random,two_point,random,FALSE,,,,,,,0.9,0.1,tournament,3,TRUE,FALSE,0.5,0.1,0.35,5,2,,,,,,,,,,,,,,
J30_3.RCP,0,71.94591671,0.184910059,GA_tournament_two_point_random_random_noLS_noNeighborhood,43,1000,0,50,60,,,,,,random,two_point,random,FALSE,,,,,,,0.9,0.1,tournament,3,TRUE,FALSE,0.5,0.1,0.35,5,0,,,,,,,,,,,,,,
J30_3.RCP,1,72.36452136,0.188943148,GA_tournament_two_point_random_random_noLS_noNeighborhood,43,1000,1,50,60,,,,,,random,two_point,random,FALSE,,,,,,,0.9,0.1,tournament,3,TRUE,FALSE,0.5,0.1,0.35,5,0,,,,,,,,,,,,,,
J30_3.RCP,0,75.34126555,0.129033089,GA_tournament_two_point_random_heuristic_withLS_withNeighborhood,43,1000,0,50,60,,,,,,random,two_point,heuristic,TRUE,,,,,,,0.9,0.1,tournament,3,TRUE,FALSE,0.5,0.1,0.35,5,2,,,,,,,,,,,,,,
J30_3.RCP,1,77.29475392,0.127040863,GA_tournament_two_point_random_heuristic_withLS_withNeighborhood,43,1000,1,50,60,,,,,,random,two_point,heuristic,TRUE,,,,,,,0.9,0.1,tournament,3,TRUE,FALSE,0.5,0.1,0.35,5,2,,,,,,,,,,,,,,
J30_3.RCP,0,75.34126555,0.128278971,GA_tournament_two_point_random_heuristic_withLS_noNeighborhood,43,1000,0,50,60,,,,,,random,two_point,heuristic,TRUE,,,,,,,0.9,0.1,tournament,3,TRUE,FALSE,0.5,0.1,0.35,5,0,,,,,,,,,,,,,,
J30_3.RCP,1,77.29475392,0.129293919,GA_tournament_two_point_random_heuristic_withLS_noNeighborhood,43,1000,1,50,60,,,,,,random,two_point,heuristic,TRUE,,,,,,,0.9,0.1,tournament,3,TRUE,FALSE,0.5,0.1,0.35,5,0,,,,,,,,,,,,,,
J30_3.RCP,0,71.10870741,0.189372301,GA_tournament_two_point_random_heuristic_noLS_withNeighborhood,43,1000,0,50,60,,,,,,random,two_point,heuristic,FALSE,,,,,,,0.9,0.1,tournament,3,TRUE,FALSE,0.5,0.1,0.35,5,2,,,,,,,,,,,,,,
J30_3.RCP,1,71.4342888,0.186651945,GA_tournament_two_point_random_heuristic_noLS_withNeighborhood,43,1000,1,50,60,,,,,,random,two_point,heuristic,FALSE,,,,,,,0.9,0.1,tournament,3,TRUE,FALSE,0.5,0.1,0.35,5,2,,,,,,,,,,,,,,
J30_3.RCP,0,71.10870741,0.188450098,GA_tournament_two_point_random_heuristic_noLS_noNeighborhood,43,1000,0,50,60,,,,,,random,two_point,heuristic,FALSE,,,,,,,0.9,0.1,tournament,3,TRUE,FALSE,0.5,0.1,0.35,5,0,,,,,,,,,,,,,,
J30_3.RCP,1,71.4342888,0.18581295,GA_tournament_two_point_random_heuristic_noLS_noNeighborhood,43,1000,1,50,60,,,,,,random,two_point,heuristic,FALSE,,,,,,,0.9,0.1,tournament,3,TRUE,FALSE,0.5,0.1,0.35,5,0,,,,,,,,,,,,,,
J30_3.RCP,0,78.13196322,0.12943387,GA_tournament_two_point_adaptive_random_withLS_withNeighborhood,43,1000,0,50,60,,,,,,adaptive,two_point,random,TRUE,,,,,,,0.9,0.1,tournament,3,TRUE,FALSE,0.5,0.1,0.35,5,2,,,,,,,,,,,,,,
J30_3.RCP,1,80.9226609,0.12950182,GA_tournament_two_point_adaptive_random_withLS_withNeighborhood,43,1000,1,50,60,,,,,,adaptive,two_point,random,TRUE,,,,,,,0.9,0.1,tournament,3,TRUE,FALSE,0.5,0.1,0.35,5,2,,,,,,,,,,,,,,
J30_3.RCP,0,78.13196322,0.12823987,GA_tournament_two_point_adaptive_random_withLS_noNeighborhood,43,1000,0,50,60,,,,,,adaptive,two_point,random,TRUE,,,,,,,0.9,0.1,tournament,3,TRUE,FALSE,0.5,0.1,0.35,5,0,,,,,,,,,,,,,,
J30_3.RCP,1,80.9226609,0.129180908,GA_tournament_two_point_adaptive_random_withLS_noNeighborhood,43,1000,1,50,60,,,,,,adaptive,two_point,random,TRUE,,,,,,,0.9,0.1,tournament,3,TRUE,FALSE,0.5,0.1,0.35,5,0,,,,,,,,,,,,,,
J30_3.RCP,0,73.52731206,0.196714878,GA_tournament_two_point_adaptive_random_noLS_withNeighborhood,43,1000,0,50,60,,,,,,adaptive,two_point,random,FALSE,,,,,,,0.9,0.1,tournament,3,TRUE,FALSE,0.5,0.1,0.35,5,2,,,,,,,,,,,,,,
J30_3.RCP,1,73.52731206,0.195386887,GA_tournament_two_point_adaptive_random_noLS_withNeighborhood,43,1000,1,50,60,,,,,,adaptive,two_point,random,FALSE,,,,,,,0.9,0.1,tournament,3,TRUE,FALSE,0.5,0.1,0.35,5,2,,,,,,,,,,,,,,
J30_3.RCP,0,73.52731206,0.200900078,GA_tournament_two_point_adaptive_random_noLS_noNeighborhood,43,1000,0,50,60,,,,,,adaptive,two_point,random,FALSE,,,,,,,0.9,0.1,tournament,3,TRUE,FALSE,0.5,0.1,0.35,5,0,,,,,,,,,,,,,,
J30_3.RCP,1,73.52731206,0.277159929,GA_tournament_two_point_adaptive_random_noLS_noNeighborhood,43,1000,1,50,60,,,,,,adaptive,two_point,random,FALSE,,,,,,,0.9,0.1,tournament,3,TRUE,FALSE,0.5,0.1,0.35,5,0,,,,,,,,,,,,,,
J30_3.RCP,0,79.71335857,0.133042812,GA_tournament_two_point_adaptive_heuristic_withLS_withNeighborhood,43,1000,0,50,60,,,,,,adaptive,two_point,heuristic,TRUE,,,,,,,0.9,0.1,tournament,3,TRUE,FALSE,0.5,0.1,0.35,5,2,,,,,,,,,,,,,,
J30_3.RCP,1,79.48080043,0.133176088,GA_tournament_two_point_adaptive_heuristic_withLS_withNeighborhood,43,1000,1,50,60,,,,,,adaptive,two_point,heuristic,TRUE,,,,,,,0.9,0.1,tournament,3,TRUE,FALSE,0.5,0.1,0.35,5,2,,,,,,,,,,,,,,
J30_3.RCP,0,79.71335857,0.13480711,GA_tournament_two_point_adaptive_heuristic_withLS_noNeighborhood,43,1000,0,50,60,,,,,,adaptive,two_point,heuristic,TRUE,,,,,,,0.9,0.1,tournament,3,TRUE,FALSE,0.5,0.1,0.35,5,0,,,,,,,,,,,,,,
J30_3.RCP,1,79.48080043,0.130940914,GA_tournament_two_point_adaptive_heuristic_withLS_noNeighborhood,43,1000,1,50,60,,,,,,adaptive,two_point,heuristic,TRUE,,,,,,,0.9,0.1,tournament,3,TRUE,FALSE,0.5,0.1,0.35,5,0,,,,,,,,,,,,,,
J30_3.RCP,0,74.73661439,0.197905064,GA_tournament_two_point_adaptive_heuristic_noLS_withNeighborhood,43,1000,0,50,60,,,,,,adaptive,two_point,heuristic,FALSE,,,,,,,0.9,0.1,tournament,3,TRUE,FALSE,0.5,0.1,0.35,5,2,,,,,,,,,,,,,,
J30_3.RCP,1,73.99242834,0.197419167,GA_tournament_two_point_adaptive_heuristic_noLS_withNeighborhood,43,1000,1,50,60,,,,,,adaptive,two_point,heuristic,FALSE,,,,,,,0.9,0.1,tournament,3,TRUE,FALSE,0.5,0.1,0.35,5,2,,,,,,,,,,,,,,
J30_3.RCP,0,74.73661439,0.196125031,GA_tournament_two_point_adaptive_heuristic_noLS_noNeighborhood,43,1000,0,50,60,,,,,,adaptive,two_point,heuristic,FALSE,,,,,,,0.9,0.1,tournament,3,TRUE,FALSE,0.5,0.1,0.35,5,0,,,,,,,,,,,,,,
J30_3.RCP,1,73.99242834,0.199410915,GA_tournament_two_point_adaptive_heuristic_noLS_noNeighborhood,43,1000,1,50,60,,,,,,adaptive,two_point,heuristic,FALSE,,,,,,,0.9,0.1,tournament,3,TRUE,FALSE,0.5,0.1,0.35,5,0,,,,,,,,,,,,,,
J30_3.RCP,0,80.03893997,0.643841982,GA_tournament_rcx_random_random_withLS_withNeighborhood,43,1000,0,50,60,,,,,,random,rcx,random,TRUE,,,,,,,0.9,0.1,tournament,3,TRUE,FALSE,0.5,0.1,0.35,5,2,,,,,,,,,,,,,,
J30_3.RCP,1,80.96917253,0.591667175,GA_tournament_rcx_random_random_withLS_withNeighborhood,43,1000,1,50,60,,,,,,random,rcx,random,TRUE,,,,,,,0.9,0.1,tournament,3,TRUE,FALSE,0.5,0.1,0.35,5,2,,,,,,,,,,,,,,
J30_3.RCP,0,80.03893997,0.583273888,GA_tournament_rcx_random_random_withLS_noNeighborhood,43,1000,0,50,60,,,,,,random,rcx,random,TRUE,,,,,,,0.9,0.1,tournament,3,TRUE,FALSE,0.5,0.1,0.35,5,0,,,,,,,,,,,,,,
J30_3.RCP,1,80.96917253,0.582130909,GA_tournament_rcx_random_random_withLS_noNeighborhood,43,1000,1,50,60,,,,,,random,rcx,random,TRUE,,,,,,,0.9,0.1,tournament,3,TRUE,FALSE,0.5,0.1,0.35,5,0,,,,,,,,,,,,,,
J30_3.RCP,0,70.64359113,2.004430056,GA_tournament_rcx_random_random_noLS_withNeighborhood,43,1000,0,50,60,,,,,,random,rcx,random,FALSE,,,,,,,0.9,0.1,tournament,3,TRUE,FALSE,0.5,0.1,0.35,5,2,,,,,,,,,,,,,,
J30_3.RCP,1,74.13196322,2.08585906,GA_tournament_rcx_random_random_noLS_withNeighborhood,43,1000,1,50,60,,,,,,random,rcx,random,FALSE,,,,,,,0.9,0.1,tournament,3,TRUE,FALSE,0.5,0.1,0.35,5,2,,,,,,,,,,,,,,
J30_3.RCP,0,70.64359113,1.990831137,GA_tournament_rcx_random_random_noLS_noNeighborhood,43,1000,0,50,60,,,,,,random,rcx,random,FALSE,,,,,,,0.9,0.1,tournament,3,TRUE,FALSE,0.5,0.1,0.35,5,0,,,,,,,,,,,,,,
J30_3.RCP,1,74.13196322,2.120619059,GA_tournament_rcx_random_random_noLS_noNeighborhood,43,1000,1,50,60,,,,,,random,rcx,random,FALSE,,,,,,,0.9,0.1,tournament,3,TRUE,FALSE,0.5,0.1,0.35,5,0,,,,,,,,,,,,,,
J30_3.RCP,0,75.29475392,0.599642992,GA_tournament_rcx_random_heuristic_withLS_withNeighborhood,43,1000,0,50,60,,,,,,random,rcx,heuristic,TRUE,,,,,,,0.9,0.1,tournament,3,TRUE,FALSE,0.5,0.1,0.35,5,2,,,,,,,,,,,,,,
J30_3.RCP,1,76.27149811,0.595496893,GA_tournament_rcx_random_heuristic_withLS_withNeighborhood,43,1000,1,50,60,,,,,,random,rcx,heuristic,TRUE,,,,,,,0.9,0.1,tournament,3,TRUE,FALSE,0.5,0.1,0.35,5,2,,,,,,,,,,,,,,
J30_3.RCP,0,75.29475392,0.582947016,GA_tournament_rcx_random_heuristic_withLS_noNeighborhood,43,1000,0,50,60,,,,,,random,rcx,heuristic,TRUE,,,,,,,0.9,0.1,tournament,3,TRUE,FALSE,0.5,0.1,0.35,5,0,,,,,,,,,,,,,,
J30_3.RCP,1,76.27149811,0.588908911,GA_tournament_rcx_random_heuristic_withLS_noNeighborhood,43,1000,1,50,60,,,,,,random,rcx,heuristic,TRUE,,,,,,,0.9,0.1,tournament,3,TRUE,FALSE,0.5,0.1,0.35,5,0,,,,,,,,,,,,,,
J30_3.RCP,0,71.24824229,1.990903854,GA_tournament_rcx_random_heuristic_noLS_withNeighborhood,43,1000,0,50,60,,,,,,random,rcx,heuristic,FALSE,,,,,,,0.9,0.1,tournament,3,TRUE,FALSE,0.5,0.1,0.35,5,2,,,,,,,,,,,,,,
J30_3.RCP,1,72.31800973,2.031101227,GA_tournament_rcx_random_heuristic_noLS_withNeighborhood,43,1000,1,50,60,,,,,,random,rcx,heuristic,FALSE,,,,,,,0.9,0.1,tournament,3,TRUE,FALSE,0.5,0.1,0.35,5,2,,,,,,,,,,,,,,
J30_3.RCP,0,71.24824229,2.316478968,GA_tournament_rcx_random_heuristic_noLS_noNeighborhood,43,1000,0,50,60,,,,,,random,rcx,heuristic,FALSE,,,,,,,0.9,0.1,tournament,3,TRUE,FALSE,0.5,0.1,0.35,5,0,,,,,,,,,,,,,,
J30_3.RCP,1,72.31800973,2.058501244,GA_tournament_rcx_random_heuristic_noLS_noNeighborhood,43,1000,1,50,60,,,,,,random,rcx,heuristic,FALSE,,,,,,,0.9,0.1,tournament,3,TRUE,FALSE,0.5,0.1,0.35,5,0,,,,,,,,,,,,,,
J30_3.RCP,0,81.20173067,0.605983257,GA_tournament_rcx_adaptive_random_withLS_withNeighborhood,43,1000,0,50,60,,,,,,adaptive,rcx,random,TRUE,,,,,,,0.9,0.1,tournament,3,TRUE,FALSE,0.5,0.1,0.35,5,2,,,,,,,,,,,,,,
J30_3.RCP,1,76.64359113,0.59639287,GA_tournament_rcx_adaptive_random_withLS_withNeighborhood,43,1000,1,50,60,,,,,,adaptive,rcx,random,TRUE,,,,,,,0.9,0.1,tournament,3,TRUE,FALSE,0.5,0.1,0.35,5,2,,,,,,,,,,,,,,
J30_3.RCP,0,81.20173067,0.603744984,GA_tournament_rcx_adaptive_random_withLS_noNeighborhood,43,1000,0,50,60,,,,,,adaptive,rcx,random,TRUE,,,,,,,0.9,0.1,tournament,3,TRUE,FALSE,0.5,0.1,0.35,5,0,,,,,,,,,,,,,,
J30_3.RCP,1,76.64359113,0.604018211,GA_tournament_rcx_adaptive_random_withLS_noNeighborhood,43,1000,1,50,60,,,,,,adaptive,rcx,random,TRUE,,,,,,,0.9,0.1,tournament,3,TRUE,FALSE,0.5,0.1,0.35,5,0,,,,,,,,,,,,,,
J30_3.RCP,0,74.64359113,2.338168859,GA_tournament_rcx_adaptive_random_noLS_withNeighborhood,43,1000,0,50,60,,,,,,adaptive,rcx,random,FALSE,,,,,,,0.9,0.1,tournament,3,TRUE,FALSE,0.5,0.1,0.35,5,2,,,,,,,,,,,,,,
J30_3.RCP,1,74.64359113,2.019420862,GA_tournament_rcx_adaptive_random_noLS_withNeighborhood,43,1000,1,50,60,,,,,,adaptive,rcx,random,FALSE,,,,,,,0.9,0.1,tournament,3,TRUE,FALSE,0.5,0.1,0.35,5,2,,,,,,,,,,,,,,
J30_3.RCP,0,74.64359113,2.07189703,GA_tournament_rcx_adaptive_random_noLS_noNeighborhood,43,1000,0,50,60,,,,,,adaptive,rcx,random,FALSE,,,,,,,0.9,0.1,tournament,3,TRUE,FALSE,0.5,0.1,0.35,5,0,,,,,,,,,,,,,,
J30_3.RCP,1,74.64359113,2.022901058,GA_tournament_rcx_adaptive_random_noLS_noNeighborhood,43,1000,1,50,60,,,,,,adaptive,rcx,random,FALSE,,,,,,,0.9,0.1,tournament,3,TRUE,FALSE,0.5,0.1,0.35,5,0,,,,,,,,,,,,,,
J30_3.RCP,0,77.89940508,0.598810196,GA_tournament_rcx_adaptive_heuristic_withLS_withNeighborhood,43,1000,0,50,60,,,,,,adaptive,rcx,heuristic,TRUE,,,,,,,0.9,0.1,tournament,3,TRUE,FALSE,0.5,0.1,0.35,5,2,,,,,,,,,,,,,,
J30_3.RCP,1,75.01568415,0.65223217,GA_tournament_rcx_adaptive_heuristic_withLS_withNeighborhood,43,1000,1,50,60,,,,,,adaptive,rcx,heuristic,TRUE,,,,,,,0.9,0.1,tournament,3,TRUE,FALSE,0.5,0.1,0.35,5,2,,,,,,,,,,,,,,
J30_3.RCP,0,77.89940508,0.60045886,GA_tournament_rcx_adaptive_heuristic_withLS_noNeighborhood,43,1000,0,50,60,,,,,,adaptive,rcx,heuristic,TRUE,,,,,,,0.9,0.1,tournament,3,TRUE,FALSE,0.5,0.1,0.35,5,0,,,,,,,,,,,,,,
J30_3.RCP,1,75.01568415,0.582981825,GA_tournament_rcx_adaptive_heuristic_withLS_noNeighborhood,43,1000,1,50,60,,,,,,adaptive,rcx,heuristic,TRUE,,,,,,,0.9,0.1,tournament,3,TRUE,FALSE,0.5,0.1,0.35,5,0,,,,,,,,,,,,,,
J30_3.RCP,0,75.66684694,2.029216051,GA_tournament_rcx_adaptive_heuristic_noLS_withNeighborhood,43,1000,0,50,60,,,,,,adaptive,rcx,heuristic,FALSE,,,,,,,0.9,0.1,tournament,3,TRUE,FALSE,0.5,0.1,0.35,5,2,,,,,,,,,,,,,,
J30_3.RCP,1,73.10870741,2.017632008,GA_tournament_rcx_adaptive_heuristic_noLS_withNeighborhood,43,1000,1,50,60,,,,,,adaptive,rcx,heuristic,FALSE,,,,,,,0.9,0.1,tournament,3,TRUE,FALSE,0.5,0.1,0.35,5,2,,,,,,,,,,,,,,
J30_3.RCP,0,75.66684694,2.059397221,GA_tournament_rcx_adaptive_heuristic_noLS_noNeighborhood,43,1000,0,50,60,,,,,,adaptive,rcx,heuristic,FALSE,,,,,,,0.9,0.1,tournament,3,TRUE,FALSE,0.5,0.1,0.35,5,0,,,,,,,,,,,,,,
J30_3.RCP,1,73.10870741,2.061950922,GA_tournament_rcx_adaptive_heuristic_noLS_noNeighborhood,43,1000,1,50,60,,,,,,adaptive,rcx,heuristic,FALSE,,,,,,,0.9,0.1,tournament,3,TRUE,FALSE,0.5,0.1,0.35,5,0,,,,,,,,,,,,,,
J30_3.RCP,0,75.66684694,0.366914988,GA_tournament_hybrid_random_random_withLS_withNeighborhood,43,1000,0,50,60,,,,,,random,hybrid,random,TRUE,,,,,,,0.9,0.1,tournament,3,TRUE,FALSE,0.5,0.1,0.35,5,2,,,,,,,,,,,,,,
J30_3.RCP,1,76.50405625,0.378298998,GA_tournament_hybrid_random_random_withLS_withNeighborhood,43,1000,1,50,60,,,,,,random,hybrid,random,TRUE,,,,,,,0.9,0.1,tournament,3,TRUE,FALSE,0.5,0.1,0.35,5,2,,,,,,,,,,,,,,
J30_3.RCP,0,75.66684694,0.3673141,GA_tournament_hybrid_random_random_withLS_noNeighborhood,43,1000,0,50,60,,,,,,random,hybrid,random,TRUE,,,,,,,0.9,0.1,tournament,3,TRUE,FALSE,0.5,0.1,0.35,5,0,,,,,,,,,,,,,,
J30_3.RCP,1,76.50405625,0.374536991,GA_tournament_hybrid_random_random_withLS_noNeighborhood,43,1000,1,50,60,,,,,,random,hybrid,random,TRUE,,,,,,,0.9,0.1,tournament,3,TRUE,FALSE,0.5,0.1,0.35,5,0,,,,,,,,,,,,,,
J30_3.RCP,0,70.17847485,1.110049963,GA_tournament_hybrid_random_random_noLS_withNeighborhood,43,1000,0,50,60,,,,,,random,hybrid,random,FALSE,,,,,,,0.9,0.1,tournament,3,TRUE,FALSE,0.5,0.1,0.35,5,2,,,,,,,,,,,,,,
J30_3.RCP,1,71.57382369,1.12340188,GA_tournament_hybrid_random_random_noLS_withNeighborhood,43,1000,1,50,60,,,,,,random,hybrid,random,FALSE,,,,,,,0.9,0.1,tournament,3,TRUE,FALSE,0.5,0.1,0.35,5,2,,,,,,,,,,,,,,
J30_3.RCP,0,70.17847485,1.102103233,GA_tournament_hybrid_random_random_noLS_noNeighborhood,43,1000,0,50,60,,,,,,random,hybrid,random,FALSE,,,,,,,0.9,0.1,tournament,3,TRUE,FALSE,0.5,0.1,0.35,5,0,,,,,,,,,,,,,,
J30_3.RCP,1,71.57382369,1.1277771,GA_tournament_hybrid_random_random_noLS_noNeighborhood,43,1000,1,50,60,,,,,,random,hybrid,random,FALSE,,,,,,,0.9,0.1,tournament,3,TRUE,FALSE,0.5,0.1,0.35,5,0,,,,,,,,,,,,,,
J30_3.RCP,0,78.27149811,0.370754957,GA_tournament_hybrid_random_heuristic_withLS_withNeighborhood,43,1000,0,50,60,,,,,,random,hybrid,heuristic,TRUE,,,,,,,0.9,0.1,tournament,3,TRUE,FALSE,0.5,0.1,0.35,5,2,,,,,,,,,,,,,,
J30_3.RCP,1,76.55056787,0.369277954,GA_tournament_hybrid_random_heuristic_withLS_withNeighborhood,43,1000,1,50,60,,,,,,random,hybrid,heuristic,TRUE,,,,,,,0.9,0.1,tournament,3,TRUE,FALSE,0.5,0.1,0.35,5,2,,,,,,,,,,,,,,
J30_3.RCP,0,78.27149811,0.374093771,GA_tournament_hybrid_random_heuristic_withLS_noNeighborhood,43,1000,0,50,60,,,,,,random,hybrid,heuristic,TRUE,,,,,,,0.9,0.1,tournament,3,TRUE,FALSE,0.5,0.1,0.35,5,0,,,,,,,,,,,,,,
J30_3.RCP,1,76.55056787,0.378195047,GA_tournament_hybrid_random_heuristic_withLS_noNeighborhood,43,1000,1,50,60,,,,,,random,hybrid,heuristic,TRUE,,,,,,,0.9,0.1,tournament,3,TRUE,FALSE,0.5,0.1,0.35,5,0,,,,,,,,,,,,,,
J30_3.RCP,0,71.99242834,1.133431911,GA_tournament_hybrid_random_heuristic_noLS_withNeighborhood,43,1000,0,50,60,,,,,,random,hybrid,heuristic,FALSE,,,,,,,0.9,0.1,tournament,3,TRUE,FALSE,0.5,0.1,0.35,5,2,,,,,,,,,,,,,,
J30_3.RCP,1,71.85289346,1.126486063,GA_tournament_hybrid_random_heuristic_noLS_withNeighborhood,43,1000,1,50,60,,,,,,random,hybrid,heuristic,FALSE,,,,,,,0.9,0.1,tournament,3,TRUE,FALSE,0.5,0.1,0.35,5,2,,,,,,,,,,,,,,
J30_3.RCP,0,71.99242834,1.134558916,GA_tournament_hybrid_random_heuristic_noLS_noNeighborhood,43,1000,0,50,60,,,,,,random,hybrid,heuristic,FALSE,,,,,,,0.9,0.1,tournament,3,TRUE,FALSE,0.5,0.1,0.35,5,0,,,,,,,,,,,,,,
J30_3.RCP,1,71.85289346,1.122964859,GA_tournament_hybrid_random_heuristic_noLS_noNeighborhood,43,1000,1,50,60,,,,,,random,hybrid,heuristic,FALSE,,,,,,,0.9,0.1,tournament,3,TRUE,FALSE,0.5,0.1,0.35,5,0,,,,,,,,,,,,,,
J30_3.RCP,0,79.99242834,0.367927074,GA_tournament_hybrid_adaptive_random_withLS_withNeighborhood,43,1000,0,50,60,,,,,,adaptive,hybrid,random,TRUE,,,,,,,0.9,0.1,tournament,3,TRUE,FALSE,0.5,0.1,0.35,5,2,,,,,,,,,,,,,,
J30_3.RCP,1,76.69010276,0.35296011,GA_tournament_hybrid_adaptive_random_withLS_withNeighborhood,43,1000,1,50,60,,,,,,adaptive,hybrid,random,TRUE,,,,,,,0.9,0.1,tournament,3,TRUE,FALSE,0.5,0.1,0.35,5,2,,,,,,,,,,,,,,
J30_3.RCP,0,79.99242834,0.36578393,GA_tournament_hybrid_adaptive_random_withLS_noNeighborhood,43,1000,0,50,60,,,,,,adaptive,hybrid,random,TRUE,,,,,,,0.9,0.1,tournament,3,TRUE,FALSE,0.5,0.1,0.35,5,0,,,,,,,,,,,,,,
J30_3.RCP,1,76.69010276,0.352969885,GA_tournament_hybrid_adaptive_random_withLS_noNeighborhood,43,1000,1,50,60,,,,,,adaptive,hybrid,random,TRUE,,,,,,,0.9,0.1,tournament,3,TRUE,FALSE,0.5,0.1,0.35,5,0,,,,,,,,,,,,,,
J30_3.RCP,0,73.38777718,1.160685062,GA_tournament_hybrid_adaptive_random_noLS_withNeighborhood,43,1000,0,50,60,,,,,,adaptive,hybrid,random,FALSE,,,,,,,0.9,0.1,tournament,3,TRUE,FALSE,0.5,0.1,0.35,5,2,,,,,,,,,,,,,,
J30_3.RCP,1,72.45754462,1.163591862,GA_tournament_hybrid_adaptive_random_noLS_withNeighborhood,43,1000,1,50,60,,,,,,adaptive,hybrid,random,FALSE,,,,,,,0.9,0.1,tournament,3,TRUE,FALSE,0.5,0.1,0.35,5,2,,,,,,,,,,,,,,
J30_3.RCP,0,73.38777718,1.158543825,GA_tournament_hybrid_adaptive_random_noLS_noNeighborhood,43,1000,0,50,60,,,,,,adaptive,hybrid,random,FALSE,,,,,,,0.9,0.1,tournament,3,TRUE,FALSE,0.5,0.1,0.35,5,0,,,,,,,,,,,,,,
J30_3.RCP,1,72.45754462,1.132983923,GA_tournament_hybrid_adaptive_random_noLS_noNeighborhood,43,1000,1,50,60,,,,,,adaptive,hybrid,random,FALSE,,,,,,,0.9,0.1,tournament,3,TRUE,FALSE,0.5,0.1,0.35,5,0,,,,,,,,,,,,,,
J30_3.RCP,0,79.71335857,0.366503,GA_tournament_hybrid_adaptive_heuristic_withLS_withNeighborhood,43,1000,0,50,60,,,,,,adaptive,hybrid,heuristic,TRUE,,,,,,,0.9,0.1,tournament,3,TRUE,FALSE,0.5,0.1,0.35,5,2,,,,,,,,,,,,,,
J30_3.RCP,1,75.71335857,0.373728037,GA_tournament_hybrid_adaptive_heuristic_withLS_withNeighborhood,43,1000,1,50,60,,,,,,adaptive,hybrid,heuristic,TRUE,,,,,,,0.9,0.1,tournament,3,TRUE,FALSE,0.5,0.1,0.35,5,2,,,,,,,,,,,,,,
J30_3.RCP,0,79.71335857,0.365014076,GA_tournament_hybrid_adaptive_heuristic_withLS_noNeighborhood,43,1000,0,50,60,,,,,,adaptive,hybrid,heuristic,TRUE,,,,,,,0.9,0.1,tournament,3,TRUE,FALSE,0.5,0.1,0.35,5,0,,,,,,,,,,,,,,
J30_3.RCP,1,75.71335857,0.369177103,GA_tournament_hybrid_adaptive_heuristic_withLS_noNeighborhood,43,1000,1,50,60,,,,,,adaptive,hybrid,heuristic,TRUE,,,,,,,0.9,0.1,tournament,3,TRUE,FALSE,0.5,0.1,0.35,5,0,,,,,,,,,,,,,,
J30_3.RCP,0,74.96917253,1.179008961,GA_tournament_hybrid_adaptive_heuristic_noLS_withNeighborhood,43,1000,0,50,60,,,,,,adaptive,hybrid,heuristic,FALSE,,,,,,,0.9,0.1,tournament,3,TRUE,FALSE,0.5,0.1,0.35,5,2,,,,,,,,,,,,,,
J30_3.RCP,1,73.71335857,1.171331167,GA_tournament_hybrid_adaptive_heuristic_noLS_withNeighborhood,43,1000,1,50,60,,,,,,adaptive,hybrid,heuristic,FALSE,,,,,,,0.9,0.1,tournament,3,TRUE,FALSE,0.5,0.1,0.35,5,2,,,,,,,,,,,,,,
J30_3.RCP,0,74.96917253,1.183076859,GA_tournament_hybrid_adaptive_heuristic_noLS_noNeighborhood,43,1000,0,50,60,,,,,,adaptive,hybrid,heuristic,FALSE,,,,,,,0.9,0.1,tournament,3,TRUE,FALSE,0.5,0.1,0.35,5,0,,,,,,,,,,,,,,
J30_3.RCP,1,73.71335857,1.173067093,GA_tournament_hybrid_adaptive_heuristic_noLS_noNeighborhood,43,1000,1,50,60,,,,,,adaptive,hybrid,heuristic,FALSE,,,,,,,0.9,0.1,tournament,3,TRUE,FALSE,0.5,0.1,0.35,5,0,,,,,,,,,,,,,,
J30_3.RCP,0,82.87614927,0.108517885,SA_default,43,1000,0,,60,,,,,,,,,,,,,,,,,,,,,,,,,,,10000,0.995,10,,,,,,,,,,,
J30_3.RCP,1,83.29475392,0.109493971,SA_default,43,1000,1,,60,,,,,,,,,,,,,,,,,,,,,,,,,,,10000,0.995,10,,,,,,,,,,,
J30_3.RCP,0,72.69010276,0.101550817,ILS_strength3,43,1000,0,,60,100,,,,,,,,,,,,,,,,,,,,,,,,,,,,,3,,,,,,,,,,
J30_3.RCP,1,76.9226609,0.101511955,ILS_strength3,43,1000,1,,60,100,,,,,,,,,,,,,,,,,,,,,,,,,,,,,3,,,,,,,,,,
J30_3.RCP,0,72.69010276,0.101889133,ILS_strength5,43,1000,0,,60,100,,,,,,,,,,,,,,,,,,,,,,,,,,,,,5,,,,,,,,,,
J30_3.RCP,1,76.9226609,0.10196209,ILS_strength5,43,1000,1,,60,100,,,,,,,,,,,,,,,,,,,,,,,,,,,,,5,,,,,,,,,,
J30_3.RCP,0,72.69010276,0.101384163,ILS_strength7,43,1000,0,,60,100,,,,,,,,,,,,,,,,,,,,,,,,,,,,,7,,,,,,,,,,
J30_3.RCP,1,76.9226609,0.101579905,ILS_strength7,43,1000,1,,60,100,,,,,,,,,,,,,,,,,,,,,,,,,,,,,7,,,,,,,,,,
J30_3.RCP,0,72.69010276,0.102540731,ILS_strength10,43,1000,0,,60,100,,,,,,,,,,,,,,,,,,,,,,,,,,,,,10,,,,,,,,,,
J30_3.RCP,1,76.9226609,0.102025986,ILS_strength10,43,1000,1,,60,100,,,,,,,,,,,,,,,,,,,,,,,,,,,,,10,,,,,,,,,,
J30_3.RCP,0,72.69010276,0.101849079,ILS_strength15,43,1000,0,,60,100,,,,,,,,,,,,,,,,,,,,,,,,,,,,,15,,,,,,,,,,
J30_3.RCP,1,76.9226609,0.101948023,ILS_strength15,43,1000,1,,60,100,,,,,,,,,,,,,,,,,,,,,,,,,,,,,15,,,,,,,,,,
J30_3.RCP,0,69.34126555,0.110925198,TS_static,43,1000,0,,60,100,,,,,,,,,,,,,,,,,,,,,,,,,20,,,,,10,TRUE,static,1,4,10,,,,
J30_3.RCP,1,73.4342888,0.112831831,TS_static,43,1000,1,,60,100,,,,,,,,,,,,,,,,,,,,,,,,,20,,,,,10,TRUE,static,1,4,10,,,,
J30_3.RCP,0,69.34126555,0.112066984,TS_dynamic,43,1000,0,,60,100,,,,,,,,,,,,,,,,,,,,,,,,,20,,,,,10,TRUE,dynamic,1,4,10,,,,
J30_3.RCP,1,73.4342888,0.113155127,TS_dynamic,43,1000,1,,60,100,,,,,,,,,,,,,,,,,,,,,,,,,20,,,,,10,TRUE,dynamic,1,4,10,,,,
J30_3.RCP,0,80.5970795,0.126078844,PR_forward_best_withLS,43,1000,0,,60,100,,,,,,,,TRUE,,,,,,,,,best,,,,,,,,,,,,,,,,,,,10,forward,50,
J30_3.RCP,1,97.01568415,0.126747131,PR_forward_best_withLS,43,1000,1,,60,100,,,,,,,,TRUE,,,,,,,,,best,,,,,,,,,,,,,,,,,,,10,forward,50,
J30_3.RCP,0,79.94591671,0.035759211,PR_forward_best_noLS,43,1000,0,,60,100,,,,,,,,FALSE,,,,,,,,,best,,,,,,,,,,,,,,,,,,,10,forward,50,
J30_3.RCP,1,81.99242834,0.038011074,PR_forward_best_noLS,43,1000,1,,60,100,,,,,,,,FALSE,,,,,,,,,best,,,,,,,,,,,,,,,,,,,10,forward,50,
J30_3.RCP,0,79.4342888,0.126351118,PR_backward_best_withLS,43,1000,0,,60,100,,,,,,,,TRUE,,,,,,,,,best,,,,,,,,,,,,,,,,,,,10,backward,50,
J30_3.RCP,1,89.24824229,0.125602245,PR_backward_best_withLS,43,1000,1,,60,100,,,,,,,,TRUE,,,,,,,,,best,,,,,,,,,,,,,,,,,,,10,backward,50,
J30_3.RCP,0,72.22498648,0.059056997,PR_backward_best_noLS,43,1000,0,,60,100,,,,,,,,FALSE,,,,,,,,,best,,,,,,,,,,,,,,,,,,,10,backward,50,
J30_3.RCP,1,90.50405625,0.049705982,PR_backward_best_noLS,43,1000,1,,60,100,,,,,,,,FALSE,,,,,,,,,best,,,,,,,,,,,,,,,,,,,10,backward,50,
J30_3.RCP,0,82.73661439,0.848238945,GSA_default,43,1000,0,50,60,100,,,,,,,random,,,,,,,,,,,,TRUE,,20,,,,,,,,,,,,,,,,,,100
J30_3.RCP,1,88.73661439,0.845567942,GSA_default,43,1000,1,50,60,100,,,,,,,random,,,,,,,,,,,,TRUE,,20,,,,,,,,,,,,,,,,,,100
J30_4.RCP,0,75.2231405,0.141331911,DE_rand/1_adaptiveF_bin_adaptiveCR_withLS,55,1000,0,50,60,100,0.1,0.9,TRUE,TRUE,rand/1,bin,random,TRUE,5,0.3,1.5,0.3,1,1,,,,,,,,,,,,,,,,,,,,,,,,,
J30_4.RCP,1,78.8231405,0.144528151,DE_rand/1_adaptiveF_bin_adaptiveCR_withLS,55,1000,1,50,60,100,0.1,0.9,TRUE,TRUE,rand/1,bin,random,TRUE,5,0.3,1.5,0.3,1,1,,,,,,,,,,,,,,,,,,,,,,,,,
J30_4.RCP,0,80.49586777,0.139693022,DE_rand/1_adaptiveF_bin_adaptiveCR_noLS,55,1000,0,50,60,100,0.1,0.9,TRUE,TRUE,rand/1,bin,random,FALSE,5,0.3,1.5,0.3,1,1,,,,,,,,,,,,,,,,,,,,,,,,,
J30_4.RCP,1,71.95041322,0.137713909,DE_rand/1_adaptiveF_bin_adaptiveCR_noLS,55,1000,1,50,60,100,0.1,0.9,TRUE,TRUE,rand/1,bin,random,FALSE,5,0.3,1.5,0.3,1,1,,,,,,,,,,,,,,,,,,,,,,,,,
J30_4.RCP,0,79.11404959,0.14070487,DE_rand/1_adaptiveF_bin_fixedCR_withLS,55,1000,0,50,60,100,0.1,0.9,TRUE,FALSE,rand/1,bin,random,TRUE,5,0.3,1.5,0.3,1,1,,,,,,,,,,,,,,,,,,,,,,,,,
J30_4.RCP,1,68.75041322,0.139581919,DE_rand/1_adaptiveF_bin_fixedCR_withLS,55,1000,1,50,60,100,0.1,0.9,TRUE,FALSE,rand/1,bin,random,TRUE,5,0.3,1.5,0.3,1,1,,,,,,,,,,,,,,,,,,,,,,,,,
J30_4.RCP,0,76.0231405,0.13832283,DE_rand/1_adaptiveF_bin_fixedCR_noLS,55,1000,0,50,60,100,0.1,0.9,TRUE,FALSE,rand/1,bin,random,FALSE,5,0.3,1.5,0.3,1,1,,,,,,,,,,,,,,,,,,,,,,,,,
J30_4.RCP,1,63.40495868,0.142207146,DE_rand/1_adaptiveF_bin_fixedCR_noLS,55,1000,1,50,60,100,0.1,0.9,TRUE,FALSE,rand/1,bin,random,FALSE,5,0.3,1.5,0.3,1,1,,,,,,,,,,,,,,,,,,,,,,,,,
J30_4.RCP,0,70.64132231,0.144719839,DE_rand/1_adaptiveF_exp_adaptiveCR_withLS,55,1000,0,50,60,100,0.1,0.9,TRUE,TRUE,rand/1,exp,random,TRUE,5,0.3,1.5,0.3,1,1,,,,,,,,,,,,,,,,,,,,,,,,,
J30_4.RCP,1,78.78677686,0.142663002,DE_rand/1_adaptiveF_exp_adaptiveCR_withLS,55,1000,1,50,60,100,0.1,0.9,TRUE,TRUE,rand/1,exp,random,TRUE,5,0.3,1.5,0.3,1,1,,,,,,,,,,,,,,,,,,,,,,,,,
J30_4.RCP,0,70.1322314,0.140880823,DE_rand/1_adaptiveF_exp_adaptiveCR_noLS,55,1000,0,50,60,100,0.1,0.9,TRUE,TRUE,rand/1,exp,random,FALSE,5,0.3,1.5,0.3,1,1,,,,,,,,,,,,,,,,,,,,,,,,,
J30_4.RCP,1,71.87768595,0.140409708,DE_rand/1_adaptiveF_exp_adaptiveCR_noLS,55,1000,1,50,60,100,0.1,0.9,TRUE,TRUE,rand/1,exp,random,FALSE,5,0.3,1.5,0.3,1,1,,,,,,,,,,,,,,,,,,,,,,,,,
J30_4.RCP,0,78.05950413,0.142382145,DE_rand/1_adaptiveF_exp_fixedCR_withLS,55,1000,0,50,60,100,0.1,0.9,TRUE,FALSE,rand/1,exp,random,TRUE,5,0.3,1.5,0.3,1,1,,,,,,,,,,,,,,,,,,,,,,,,,
J30_4.RCP,1,78.5322314,0.142450333,DE_rand/1_adaptiveF_exp_fixedCR_withLS,55,1000,1,50,60,100,0.1,0.9,TRUE,FALSE,rand/1,exp,random,TRUE,5,0.3,1.5,0.3,1,1,,,,,,,,,,,,,,,,,,,,,,,,,
J30_4.RCP,0,74.45950413,0.140486717,DE_rand/1_adaptiveF_exp_fixedCR_noLS,55,1000,0,50,60,100,0.1,0.9,TRUE,FALSE,rand/1,exp,random,FALSE,5,0.3,1.5,0.3,1,1,,,,,,,,,,,,,,,,,,,,,,,,,
J30_4.RCP,1,69.2231405,0.140446901,DE_rand/1_adaptiveF_exp_fixedCR_noLS,55,1000,1,50,60,100,0.1,0.9,TRUE,FALSE,rand/1,exp,random,FALSE,5,0.3,1.5,0.3,1,1,,,,,,,,,,,,,,,,,,,,,,,,,
J30_4.RCP,0,79.47768595,0.148960114,DE_rand/1_fixedF_bin_adaptiveCR_withLS,55,1000,0,50,60,100,0.1,0.9,FALSE,TRUE,rand/1,bin,random,TRUE,5,0.3,1.5,0.3,1,1,,,,,,,,,,,,,,,,,,,,,,,,,
J30_4.RCP,1,77.2231405,0.150164127,DE_rand/1_fixedF_bin_adaptiveCR_withLS,55,1000,1,50,60,100,0.1,0.9,FALSE,TRUE,rand/1,bin,random,TRUE,5,0.3,1.5,0.3,1,1,,,,,,,,,,,,,,,,,,,,,,,,,
J30_4.RCP,0,75.44132231,0.143514872,DE_rand/1_fixedF_bin_adaptiveCR_noLS,55,1000,0,50,60,100,0.1,0.9,FALSE,TRUE,rand/1,bin,random,FALSE,5,0.3,1.5,0.3,1,1,,,,,,,,,,,,,,,,,,,,,,,,,
J30_4.RCP,1,70.45950413,0.142434835,DE_rand/1_fixedF_bin_adaptiveCR_noLS,55,1000,1,50,60,100,0.1,0.9,FALSE,TRUE,rand/1,bin,random,FALSE,5,0.3,1.5,0.3,1,1,,,,,,,,,,,,,,,,,,,,,,,,,
J30_4.RCP,0,83.84132231,0.143752098,DE_rand/1_fixedF_bin_fixedCR_withLS,55,1000,0,50,60,100,0.1,0.9,FALSE,FALSE,rand/1,bin,random,TRUE,5,0.3,1.5,0.3,1,1,,,,,,,,,,,,,,,,,,,,,,,,,
J30_4.RCP,1,76.5322314,0.143538237,DE_rand/1_fixedF_bin_fixedCR_withLS,55,1000,1,50,60,100,0.1,0.9,FALSE,FALSE,rand/1,bin,random,TRUE,5,0.3,1.5,0.3,1,1,,,,,,,,,,,,,,,,,,,,,,,,,
J30_4.RCP,0,65.95041322,0.138588905,DE_rand/1_fixedF_bin_fixedCR_noLS,55,1000,0,50,60,100,0.1,0.9,FALSE,FALSE,rand/1,bin,random,FALSE,5,0.3,1.5,0.3,1,1,,,,,,,,,,,,,,,,,,,,,,,,,
J30_4.RCP,1,72.60495868,0.139907837,DE_rand/1_fixedF_bin_fixedCR_noLS,55,1000,1,50,60,100,0.1,0.9,FALSE,FALSE,rand/1,bin,random,FALSE,5,0.3,1.5,0.3,1,1,,,,,,,,,,,,,,,,,,,,,,,,,
J30_4.RCP,0,76.1322314,0.14821291,DE_rand/1_fixedF_exp_adaptiveCR_withLS,55,1000,0,50,60,100,0.1,0.9,FALSE,TRUE,rand/1,exp,random,TRUE,5,0.3,1.5,0.3,1,1,,,,,,,,,,,,,,,,,,,,,,,,,
J30_4.RCP,1,71.36859504,0.14818573,DE_rand/1_fixedF_exp_adaptiveCR_withLS,55,1000,1,50,60,100,0.1,0.9,FALSE,TRUE,rand/1,exp,random,TRUE,5,0.3,1.5,0.3,1,1,,,,,,,,,,,,,,,,,,,,,,,,,
J30_4.RCP,0,69.25950413,0.144279003,DE_rand/1_fixedF_exp_adaptiveCR_noLS,55,1000,0,50,60,100,0.1,0.9,FALSE,TRUE,rand/1,exp,random,FALSE,5,0.3,1.5,0.3,1,1,,,,,,,,,,,,,,,,,,,,,,,,,
J30_4.RCP,1,76.05950413,0.147546053,DE_rand/1_fixedF_exp_adaptiveCR_noLS,55,1000,1,50,60,100,0.1,0.9,FALSE,TRUE,rand/1,exp,random,FALSE,5,0.3,1.5,0.3,1,1,,,,,,,,,,,,,,,,,,,,,,,,,
J30_4.RCP,0,80.20495868,0.26904583,DE_rand/1_fixedF_exp_fixedCR_withLS,55,1000,0,50,60,100,0.1,0.9,FALSE,FALSE,rand/1,exp,random,TRUE,5,0.3,1.5,0.3,1,1,,,,,,,,,,,,,,,,,,,,,,,,,
J30_4.RCP,1,75.91404959,0.146254063,DE_rand/1_fixedF_exp_fixedCR_withLS,55,1000,1,50,60,100,0.1,0.9,FALSE,FALSE,rand/1,exp,random,TRUE,5,0.3,1.5,0.3,1,1,,,,,,,,,,,,,,,,,,,,,,,,,
J30_4.RCP,0,73.07768595,0.141589165,DE_rand/1_fixedF_exp_fixedCR_noLS,55,1000,0,50,60,100,0.1,0.9,FALSE,FALSE,rand/1,exp,random,FALSE,5,0.3,1.5,0.3,1,1,,,,,,,,,,,,,,,,,,,,,,,,,
J30_4.RCP,1,68.85950413,0.141771078,DE_rand/1_fixedF_exp_fixedCR_noLS,55,1000,1,50,60,100,0.1,0.9,FALSE,FALSE,rand/1,exp,random,FALSE,5,0.3,1.5,0.3,1,1,,,,,,,,,,,,,,,,,,,,,,,,,
J30_4.RCP,0,83.95041322,0.143770218,DE_rand/2_adaptiveF_bin_adaptiveCR_withLS,55,1000,0,50,60,100,0.1,0.9,TRUE,TRUE,rand/2,bin,random,TRUE,5,0.3,1.5,0.3,1,1,,,,,,,,,,,,,,,,,,,,,,,,,
J30_4.RCP,1,74.64132231,0.141580105,DE_rand/2_adaptiveF_bin_adaptiveCR_withLS,55,1000,1,50,60,100,0.1,0.9,TRUE,TRUE,rand/2,bin,random,TRUE,5,0.3,1.5,0.3,1,1,,,,,,,,,,,,,,,,,,,,,,,,,
J30_4.RCP,0,75.51404959,0.142068863,DE_rand/2_adaptiveF_bin_adaptiveCR_noLS,55,1000,0,50,60,100,0.1,0.9,TRUE,TRUE,rand/2,bin,random,FALSE,5,0.3,1.5,0.3,1,1,,,,,,,,,,,,,,,,,,,,,,,,,
J30_4.RCP,1,73.7322314,0.141228199,DE_rand/2_adaptiveF_bin_adaptiveCR_noLS,55,1000,1,50,60,100,0.1,0.9,TRUE,TRUE,rand/2,bin,random,FALSE,5,0.3,1.5,0.3,1,1,,,,,,,,,,,,,,,,,,,,,,,,,
J30_4.RCP,0,83.04132231,0.143024921,DE_rand/2_adaptiveF_bin_fixedCR_withLS,55,1000,0,50,60,100,0.1,0.9,TRUE,FALSE,rand/2,bin,random,TRUE,5,0.3,1.5,0.3,1,1,,,,,,,,,,,,,,,,,,,,,,,,,
J30_4.RCP,1,78.0231405,0.14271307,DE_rand/2_adaptiveF_bin_fixedCR_withLS,55,1000,1,50,60,100,0.1,0.9,TRUE,FALSE,rand/2,bin,random,TRUE,5,0.3,1.5,0.3,1,1,,,,,,,,,,,,,,,,,,,,,,,,,
J30_4.RCP,0,74.64132231,0.140038013,DE_rand/2_adaptiveF_bin_fixedCR_noLS,55,1000,0,50,60,100,0.1,0.9,TRUE,FALSE,rand/2,bin,random,FALSE,5,0.3,1.5,0.3,1,1,,,,,,,,,,,,,,,,,,,,,,,,,
J30_4.RCP,1,78.85950413,0.140411854,DE_rand/2_adaptiveF_bin_fixedCR_noLS,55,1000,1,50,60,100,0.1,0.9,TRUE,FALSE,rand/2,bin,random,FALSE,5,0.3,1.5,0.3,1,1,,,,,,,,,,,,,,,,,,,,,,,,,
J30_4.RCP,0,75.18677686,0.145828724,DE_rand/2_adaptiveF_exp_adaptiveCR_withLS,55,1000,0,50,60,100,0.1,0.9,TRUE,TRUE,rand/2,exp,random,TRUE,5,0.3,1.5,0.3,1,1,,,,,,,,,,,,,,,,,,,,,,,,,
J30_4.RCP,1,87.36859504,0.1463871,DE_rand/2_adaptiveF_exp_adaptiveCR_withLS,55,1000,1,50,60,100,0.1,0.9,TRUE,TRUE,rand/2,exp,random,TRUE,5,0.3,1.5,0.3,1,1,,,,,,,,,,,,,,,,,,,,,,,,,
J30_4.RCP,0,74.60495868,0.143857241,DE_rand/2_adaptiveF_exp_adaptiveCR_noLS,55,1000,0,50,60,100,0.1,0.9,TRUE,TRUE,rand/2,exp,random,FALSE,5,0.3,1.5,0.3,1,1,,,,,,,,,,,,,,,,,,,,,,,,,
J30_4.RCP,1,75.36859504,0.144322634,DE_rand/2_adaptiveF_exp_adaptiveCR_noLS,55,1000,1,50,60,100,0.1,0.9,TRUE,TRUE,rand/2,exp,random,FALSE,5,0.3,1.5,0.3,1,1,,,,,,,,,,,,,,,,,,,,,,,,,
J30_4.RCP,0,80.60495868,0.143715858,DE_rand/2_adaptiveF_exp_fixedCR_withLS,55,1000,0,50,60,100,0.1,0.9,TRUE,FALSE,rand/2,exp,random,TRUE,5,0.3,1.5,0.3,1,1,,,,,,,,,,,,,,,,,,,,,,,,,
J30_4.RCP,1,78.85950413,0.143284082,DE_rand/2_adaptiveF_exp_fixedCR_withLS,55,1000,1,50,60,100,0.1,0.9,TRUE,FALSE,rand/2,exp,random,TRUE,5,0.3,1.5,0.3,1,1,,,,,,,,,,,,,,,,,,,,,,,,,
J30_4.RCP,0,73.84132231,0.142605066,DE_rand/2_adaptiveF_exp_fixedCR_noLS,55,1000,0,50,60,100,0.1,0.9,TRUE,FALSE,rand/2,exp,random,FALSE,5,0.3,1.5,0.3,1,1,,,,,,,,,,,,,,,,,,,,,,,,,
J30_4.RCP,1,69.11404959,0.142287016,DE_rand/2_adaptiveF_exp_fixedCR_noLS,55,1000,1,50,60,100,0.1,0.9,TRUE,FALSE,rand/2,exp,random,FALSE,5,0.3,1.5,0.3,1,1,,,,,,,,,,,,,,,,,,,,,,,,,
J30_4.RCP,0,80.35041322,0.154685974,DE_rand/2_fixedF_bin_adaptiveCR_withLS,55,1000,0,50,60,100,0.1,0.9,FALSE,TRUE,rand/2,bin,random,TRUE,5,0.3,1.5,0.3,1,1,,,,,,,,,,,,,,,,,,,,,,,,,
J30_4.RCP,1,69.47768595,0.152467251,DE_rand/2_fixedF_bin_adaptiveCR_withLS,55,1000,1,50,60,100,0.1,0.9,FALSE,TRUE,rand/2,bin,random,TRUE,5,0.3,1.5,0.3,1,1,,,,,,,,,,,,,,,,,,,,,,,,,
J30_4.RCP,0,73.29586777,0.148913145,DE_rand/2_fixedF_bin_adaptiveCR_noLS,55,1000,0,50,60,100,0.1,0.9,FALSE,TRUE,rand/2,bin,random,FALSE,5,0.3,1.5,0.3,1,1,,,,,,,,,,,,,,,,,,,,,,,,,
J30_4.RCP,1,68.1322314,0.149392843,DE_rand/2_fixedF_bin_adaptiveCR_noLS,55,1000,1,50,60,100,0.1,0.9,FALSE,TRUE,rand/2,bin,random,FALSE,5,0.3,1.5,0.3,1,1,,,,,,,,,,,,,,,,,,,,,,,,,
J30_4.RCP,0,77.87768595,0.148989201,DE_rand/2_fixedF_bin_fixedCR_withLS,55,1000,0,50,60,100,0.1,0.9,FALSE,FALSE,rand/2,bin,random,TRUE,5,0.3,1.5,0.3,1,1,,,,,,,,,,,,,,,,,,,,,,,,,
J30_4.RCP,1,68.05950413,0.149633884,DE_rand/2_fixedF_bin_fixedCR_withLS,55,1000,1,50,60,100,0.1,0.9,FALSE,FALSE,rand/2,bin,random,TRUE,5,0.3,1.5,0.3,1,1,,,,,,,,,,,,,,,,,,,,,,,,,
J30_4.RCP,0,71.7322314,0.145369053,DE_rand/2_fixedF_bin_fixedCR_noLS,55,1000,0,50,60,100,0.1,0.9,FALSE,FALSE,rand/2,bin,random,FALSE,5,0.3,1.5,0.3,1,1,,,,,,,,,,,,,,,,,,,,,,,,,
J30_4.RCP,1,69.6231405,0.14538908,DE_rand/2_fixedF_bin_fixedCR_noLS,55,1000,1,50,60,100,0.1,0.9,FALSE,FALSE,rand/2,bin,random,FALSE,5,0.3,1.5,0.3,1,1,,,,,,,,,,,,,,,,,,,,,,,,,
J30_4.RCP,0,72.75041322,0.156048775,DE_rand/2_fixedF_exp_adaptiveCR_withLS,55,1000,0,50,60,100,0.1,0.9,FALSE,TRUE,rand/2,exp,random,TRUE,5,0.3,1.5,0.3,1,1,,,,,,,,,,,,,,,,,,,,,,,,,
J30_4.RCP,1,82.0231405,0.161802053,DE_rand/2_fixedF_exp_adaptiveCR_withLS,55,1000,1,50,60,100,0.1,0.9,FALSE,TRUE,rand/2,exp,random,TRUE,5,0.3,1.5,0.3,1,1,,,,,,,,,,,,,,,,,,,,,,,,,
J30_4.RCP,0,71.6231405,0.154855013,DE_rand/2_fixedF_exp_adaptiveCR_noLS,55,1000,0,50,60,100,0.1,0.9,FALSE,TRUE,rand/2,exp,random,FALSE,5,0.3,1.5,0.3,1,1,,,,,,,,,,,,,,,,,,,,,,,,,
J30_4.RCP,1,72.4231405,0.156652927,DE_rand/2_fixedF_exp_adaptiveCR_noLS,55,1000,1,50,60,100,0.1,0.9,FALSE,TRUE,rand/2,exp,random,FALSE,5,0.3,1.5,0.3,1,1,,,,,,,,,,,,,,,,,,,,,,,,,
J30_4.RCP,0,73.15041322,0.154929876,DE_rand/2_fixedF_exp_fixedCR_withLS,55,1000,0,50,60,100,0.1,0.9,FALSE,FALSE,rand/2,exp,random,TRUE,5,0.3,1.5,0.3,1,1,,,,,,,,,,,,,,,,,,,,,,,,,
J30_4.RCP,1,71.55041322,0.15174222,DE_rand/2_fixedF_exp_fixedCR_withLS,55,1000,1,50,60,100,0.1,0.9,FALSE,FALSE,rand/2,exp,random,TRUE,5,0.3,1.5,0.3,1,1,,,,,,,,,,,,,,,,,,,,,,,,,
J30_4.RCP,0,71.47768595,0.147390842,DE_rand/2_fixedF_exp_fixedCR_noLS,55,1000,0,50,60,100,0.1,0.9,FALSE,FALSE,rand/2,exp,random,FALSE,5,0.3,1.5,0.3,1,1,,,,,,,,,,,,,,,,,,,,,,,,,
J30_4.RCP,1,78.35041322,0.147000074,DE_rand/2_fixedF_exp_fixedCR_noLS,55,1000,1,50,60,100,0.1,0.9,FALSE,FALSE,rand/2,exp,random,FALSE,5,0.3,1.5,0.3,1,1,,,,,,,,,,,,,,,,,,,,,,,,,
J30_4.RCP,0,73.40495868,0.143601894,DE_best/1_adaptiveF_bin_adaptiveCR_withLS,55,1000,0,50,60,100,0.1,0.9,TRUE,TRUE,best/1,bin,random,TRUE,5,0.3,1.5,0.3,1,1,,,,,,,,,,,,,,,,,,,,,,,,,
J30_4.RCP,1,76.24132231,0.143621922,DE_best/1_adaptiveF_bin_adaptiveCR_withLS,55,1000,1,50,60,100,0.1,0.9,TRUE,TRUE,best/1,bin,random,TRUE,5,0.3,1.5,0.3,1,1,,,,,,,,,,,,,,,,,,,,,,,,,
J30_4.RCP,0,67.95041322,0.141164064,DE_best/1_adaptiveF_bin_adaptiveCR_noLS,55,1000,0,50,60,100,0.1,0.9,TRUE,TRUE,best/1,bin,random,FALSE,5,0.3,1.5,0.3,1,1,,,,,,,,,,,,,,,,,,,,,,,,,
J30_4.RCP,1,70.35041322,0.141685009,DE_best/1_adaptiveF_bin_adaptiveCR_noLS,55,1000,1,50,60,100,0.1,0.9,TRUE,TRUE,best/1,bin,random,FALSE,5,0.3,1.5,0.3,1,1,,,,,,,,,,,,,,,,,,,,,,,,,
J30_4.RCP,0,71.69586777,0.143646955,DE_best/1_adaptiveF_bin_fixedCR_withLS,55,1000,0,50,60,100,0.1,0.9,TRUE,FALSE,best/1,bin,random,TRUE,5,0.3,1.5,0.3,1,1,,,,,,,,,,,,,,,,,,,,,,,,,
J30_4.RCP,1,77.11404959,0.148579121,DE_best/1_adaptiveF_bin_fixedCR_withLS,55,1000,1,50,60,100,0.1,0.9,TRUE,FALSE,best/1,bin,random,TRUE,5,0.3,1.5,0.3,1,1,,,,,,,,,,,,,,,,,,,,,,,,,
J30_4.RCP,0,67.51404959,0.140949011,DE_best/1_adaptiveF_bin_fixedCR_noLS,55,1000,0,50,60,100,0.1,0.9,TRUE,FALSE,best/1,bin,random,FALSE,5,0.3,1.5,0.3,1,1,,,,,,,,,,,,,,,,,,,,,,,,,
J30_4.RCP,1,70.0231405,0.139927149,DE_best/1_adaptiveF_bin_fixedCR_noLS,55,1000,1,50,60,100,0.1,0.9,TRUE,FALSE,best/1,bin,random,FALSE,5,0.3,1.5,0.3,1,1,,,,,,,,,,,,,,,,,,,,,,,,,
J30_4.RCP,0,79.65950413,0.145091057,DE_best/1_adaptiveF_exp_adaptiveCR_withLS,55,1000,0,50,60,100,0.1,0.9,TRUE,TRUE,best/1,exp,random,TRUE,5,0.3,1.5,0.3,1,1,,,,,,,,,,,,,,,,,,,,,,,,,
J30_4.RCP,1,69.00495868,0.143094778,DE_best/1_adaptiveF_exp_adaptiveCR_withLS,55,1000,1,50,60,100,0.1,0.9,TRUE,TRUE,best/1,exp,random,TRUE,5,0.3,1.5,0.3,1,1,,,,,,,,,,,,,,,,,,,,,,,,,
J30_4.RCP,0,69.69586777,0.14372611,DE_best/1_adaptiveF_exp_adaptiveCR_noLS,55,1000,0,50,60,100,0.1,0.9,TRUE,TRUE,best/1,exp,random,FALSE,5,0.3,1.5,0.3,1,1,,,,,,,,,,,,,,,,,,,,,,,,,
J30_4.RCP,1,68.56859504,0.144340992,DE_best/1_adaptiveF_exp_adaptiveCR_noLS,55,1000,1,50,60,100,0.1,0.9,TRUE,TRUE,best/1,exp,random,FALSE,5,0.3,1.5,0.3,1,1,,,,,,,,,,,,,,,,,,,,,,,,,
J30_4.RCP,0,71.87768595,0.150240898,DE_best/1_adaptiveF_exp_fixedCR_withLS,55,1000,0,50,60,100,0.1,0.9,TRUE,FALSE,best/1,exp,random,TRUE,5,0.3,1.5,0.3,1,1,,,,,,,,,,,,,,,,,,,,,,,,,
J30_4.RCP,1,60.75041322,0.143821955,DE_best/1_adaptiveF_exp_fixedCR_withLS,55,1000,1,50,60,100,0.1,0.9,TRUE,FALSE,best/1,exp,random,TRUE,5,0.3,1.5,0.3,1,1,,,,,,,,,,,,,,,,,,,,,,,,,
J30_4.RCP,0,70.0231405,0.14310503,DE_best/1_adaptiveF_exp_fixedCR_noLS,55,1000,0,50,60,100,0.1,0.9,TRUE,FALSE,best/1,exp,random,FALSE,5,0.3,1.5,0.3,1,1,,,,,,,,,,,,,,,,,,,,,,,,,
J30_4.RCP,1,74.16859504,0.142438173,DE_best/1_adaptiveF_exp_fixedCR_noLS,55,1000,1,50,60,100,0.1,0.9,TRUE,FALSE,best/1,exp,random,FALSE,5,0.3,1.5,0.3,1,1,,,,,,,,,,,,,,,,,,,,,,,,,
J30_4.RCP,0,71.40495868,0.147315979,DE_best/1_fixedF_bin_adaptiveCR_withLS,55,1000,0,50,60,100,0.1,0.9,FALSE,TRUE,best/1,bin,random,TRUE,5,0.3,1.5,0.3,1,1,,,,,,,,,,,,,,,,,,,,,,,,,
J30_4.RCP,1,64.16859504,0.147547007,DE_best/1_fixedF_bin_adaptiveCR_withLS,55,1000,1,50,60,100,0.1,0.9,FALSE,TRUE,best/1,bin,random,TRUE,5,0.3,1.5,0.3,1,1,,,,,,,,,,,,,,,,,,,,,,,,,
J30_4.RCP,0,64.71404959,0.145273924,DE_best/1_fixedF_bin_adaptiveCR_noLS,55,1000,0,50,60,100,0.1,0.9,FALSE,TRUE,best/1,bin,random,FALSE,5,0.3,1.5,0.3,1,1,,,,,,,,,,,,,,,,,,,,,,,,,
J30_4.RCP,1,64.27768595,0.144498825,DE_best/1_fixedF_bin_adaptiveCR_noLS,55,1000,1,50,60,100,0.1,0.9,FALSE,TRUE,best/1,bin,random,FALSE,5,0.3,1.5,0.3,1,1,,,,,,,,,,,,,,,,,,,,,,,,,
J30_4.RCP,0,78.78677686,0.142872095,DE_best/1_fixedF_bin_fixedCR_withLS,55,1000,0,50,60,100,0.1,0.9,FALSE,FALSE,best/1,bin,random,TRUE,5,0.3,1.5,0.3,1,1,,,,,,,,,,,,,,,,,,,,,,,,,
J30_4.RCP,1,61.6231405,0.144064903,DE_best/1_fixedF_bin_fixedCR_withLS,55,1000,1,50,60,100,0.1,0.9,FALSE,FALSE,best/1,bin,random,TRUE,5,0.3,1.5,0.3,1,1,,,,,,,,,,,,,,,,,,,,,,,,,
J30_4.RCP,0,72.96859504,0.139387846,DE_best/1_fixedF_bin_fixedCR_noLS,55,1000,0,50,60,100,0.1,0.9,FALSE,FALSE,best/1,bin,random,FALSE,5,0.3,1.5,0.3,1,1,,,,,,,,,,,,,,,,,,,,,,,,,
J30_4.RCP,1,66.35041322,0.137791872,DE_best/1_fixedF_bin_fixedCR_noLS,55,1000,1,50,60,100,0.1,0.9,FALSE,FALSE,best/1,bin,random,FALSE,5,0.3,1.5,0.3,1,1,,,,,,,,,,,,,,,,,,,,,,,,,
J30_4.RCP,0,78.75041322,0.150171041,DE_best/1_fixedF_exp_adaptiveCR_withLS,55,1000,0,50,60,100,0.1,0.9,FALSE,TRUE,best/1,exp,random,TRUE,5,0.3,1.5,0.3,1,1,,,,,,,,,,,,,,,,,,,,,,,,,
J30_4.RCP,1,61.18677686,0.149420023,DE_best/1_fixedF_exp_adaptiveCR_withLS,55,1000,1,50,60,100,0.1,0.9,FALSE,TRUE,best/1,exp,random,TRUE,5,0.3,1.5,0.3,1,1,,,,,,,,,,,,,,,,,,,,,,,,,
J30_4.RCP,0,70.1322314,0.146080017,DE_best/1_fixedF_exp_adaptiveCR_noLS,55,1000,0,50,60,100,0.1,0.9,FALSE,TRUE,best/1,exp,random,FALSE,5,0.3,1.5,0.3,1,1,,,,,,,,,,,,,,,,,,,,,,,,,
J30_4.RCP,1,70.78677686,0.146049023,DE_best/1_fixedF_exp_adaptiveCR_noLS,55,1000,1,50,60,100,0.1,0.9,FALSE,TRUE,best/1,exp,random,FALSE,5,0.3,1.5,0.3,1,1,,,,,,,,,,,,,,,,,,,,,,,,,
J30_4.RCP,0,82.20495868,0.143877745,DE_best/1_fixedF_exp_fixedCR_withLS,55,1000,0,50,60,100,0.1,0.9,FALSE,FALSE,best/1,exp,random,TRUE,5,0.3,1.5,0.3,1,1,,,,,,,,,,,,,,,,,,,,,,,,,
J30_4.RCP,1,66.05950413,0.145460129,DE_best/1_fixedF_exp_fixedCR_withLS,55,1000,1,50,60,100,0.1,0.9,FALSE,FALSE,best/1,exp,random,TRUE,5,0.3,1.5,0.3,1,1,,,,,,,,,,,,,,,,,,,,,,,,,
J30_4.RCP,0,75.55041322,0.141798019,DE_best/1_fixedF_exp_fixedCR_noLS,55,1000,0,50,60,100,0.1,0.9,FALSE,FALSE,best/1,exp,random,FALSE,5,0.3,1.5,0.3,1,1,,,,,,,,,,,,,,,,,,,,,,,,,
J30_4.RCP,1,60.35041322,0.141894817,DE_best/1_fixedF_exp_fixedCR_noLS,55,1000,1,50,60,100,0.1,0.9,FALSE,FALSE,best/1,exp,random,FALSE,5,0.3,1.5,0.3,1,1,,,,,,,,,,,,,,,,,,,,,,,,,
J30_4.RCP,0,82.16859504,0.145853996,DE_best/2_adaptiveF_bin_adaptiveCR_withLS,55,1000,0,50,60,100,0.1,0.9,TRUE,TRUE,best/2,bin,random,TRUE,5,0.3,1.5,0.3,1,1,,,,,,,,,,,,,,,,,,,,,,,,,
J30_4.RCP,1,68.75041322,0.14510107,DE_best/2_adaptiveF_bin_adaptiveCR_withLS,55,1000,1,50,60,100,0.1,0.9,TRUE,TRUE,best/2,bin,random,TRUE,5,0.3,1.5,0.3,1,1,,,,,,,,,,,,,,,,,,,,,,,,,
J30_4.RCP,0,74.64132231,0.142574787,DE_best/2_adaptiveF_bin_adaptiveCR_noLS,55,1000,0,50,60,100,0.1,0.9,TRUE,TRUE,best/2,bin,random,FALSE,5,0.3,1.5,0.3,1,1,,,,,,,,,,,,,,,,,,,,,,,,,
J30_4.RCP,1,73.6231405,0.144151688,DE_best/2_adaptiveF_bin_adaptiveCR_noLS,55,1000,1,50,60,100,0.1,0.9,TRUE,TRUE,best/2,bin,random,FALSE,5,0.3,1.5,0.3,1,1,,,,,,,,,,,,,,,,,,,,,,,,,
J30_4.RCP,0,85.51404959,0.144918919,DE_best/2_adaptiveF_bin_fixedCR_withLS,55,1000,0,50,60,100,0.1,0.9,TRUE,FALSE,best/2,bin,random,TRUE,5,0.3,1.5,0.3,1,1,,,,,,,,,,,,,,,,,,,,,,,,,
J30_4.RCP,1,66.45950413,0.144207716,DE_best/2_adaptiveF_bin_fixedCR_withLS,55,1000,1,50,60,100,0.1,0.9,TRUE,FALSE,best/2,bin,random,TRUE,5,0.3,1.5,0.3,1,1,,,,,,,,,,,,,,,,,,,,,,,,,
J30_4.RCP,0,66.27768595,0.142282009,DE_best/2_adaptiveF_bin_fixedCR_noLS,55,1000,0,50,60,100,0.1,0.9,TRUE,FALSE,best/2,bin,random,FALSE,5,0.3,1.5,0.3,1,1,,,,,,,,,,,,,,,,,,,,,,,,,
J30_4.RCP,1,79.95041322,0.141581059,DE_best/2_adaptiveF_bin_fixedCR_noLS,55,1000,1,50,60,100,0.1,0.9,TRUE,FALSE,best/2,bin,random,FALSE,5,0.3,1.5,0.3,1,1,,,,,,,,,,,,,,,,,,,,,,,,,
J30_4.RCP,0,72.8231405,0.147309065,DE_best/2_adaptiveF_exp_adaptiveCR_withLS,55,1000,0,50,60,100,0.1,0.9,TRUE,TRUE,best/2,exp,random,TRUE,5,0.3,1.5,0.3,1,1,,,,,,,,,,,,,,,,,,,,,,,,,
J30_4.RCP,1,80.75041322,0.146781206,DE_best/2_adaptiveF_exp_adaptiveCR_withLS,55,1000,1,50,60,100,0.1,0.9,TRUE,TRUE,best/2,exp,random,TRUE,5,0.3,1.5,0.3,1,1,,,,,,,,,,,,,,,,,,,,,,,,,
J30_4.RCP,0,67.51404959,0.147477865,DE_best/2_adaptiveF_exp_adaptiveCR_noLS,55,1000,0,50,60,100,0.1,0.9,TRUE,TRUE,best/2,exp,random,FALSE,5,0.3,1.5,0.3,1,1,,,,,,,,,,,,,,,,,,,,,,,,,
J30_4.RCP,1,69.80495868,0.14644289,DE_best/2_adaptiveF_exp_adaptiveCR_noLS,55,1000,1,50,60,100,0.1,0.9,TRUE,TRUE,best/2,exp,random,FALSE,5,0.3,1.5,0.3,1,1,,,,,,,,,,,,,,,,,,,,,,,,,
J30_4.RCP,0,71.44132231,0.147384167,DE_best/2_adaptiveF_exp_fixedCR_withLS,55,1000,0,50,60,100,0.1,0.9,TRUE,FALSE,best/2,exp,random,TRUE,5,0.3,1.5,0.3,1,1,,,,,,,,,,,,,,,,,,,,,,,,,
J30_4.RCP,1,74.56859504,0.147012949,DE_best/2_adaptiveF_exp_fixedCR_withLS,55,1000,1,50,60,100,0.1,0.9,TRUE,FALSE,best/2,exp,random,TRUE,5,0.3,1.5,0.3,1,1,,,,,,,,,,,,,,,,,,,,,,,,,
J30_4.RCP,0,68.0231405,0.145503998,DE_best/2_adaptiveF_exp_fixedCR_noLS,55,1000,0,50,60,100,0.1,0.9,TRUE,FALSE,best/2,exp,random,FALSE,5,0.3,1.5,0.3,1,1,,,,,,,,,,,,,,,,,,,,,,,,,
J30_4.RCP,1,81.69586777,0.144477129,DE_best/2_adaptiveF_exp_fixedCR_noLS,55,1000,1,50,60,100,0.1,0.9,TRUE,FALSE,best/2,exp,random,FALSE,5,0.3,1.5,0.3,1,1,,,,,,,,,,,,,,,,,,,,,,,,,
J30_4.RCP,0,71.55041322,0.154863834,DE_best/2_fixedF_bin_adaptiveCR_withLS,55,1000,0,50,60,100,0.1,0.9,FALSE,TRUE,best/2,bin,random,TRUE,5,0.3,1.5,0.3,1,1,,,,,,,,,,,,,,,,,,,,,,,,,
J30_4.RCP,1,72.5322314,0.155588865,DE_best/2_fixedF_bin_adaptiveCR_withLS,55,1000,1,50,60,100,0.1,0.9,FALSE,TRUE,best/2,bin,random,TRUE,5,0.3,1.5,0.3,1,1,,,,,,,,,,,,,,,,,,,,,,,,,
J30_4.RCP,0,72.1322314,0.150782108,DE_best/2_fixedF_bin_adaptiveCR_noLS,55,1000,0,50,60,100,0.1,0.9,FALSE,TRUE,best/2,bin,random,FALSE,5,0.3,1.5,0.3,1,1,,,,,,,,,,,,,,,,,,,,,,,,,
J30_4.RCP,1,67.65950413,0.148296833,DE_best/2_fixedF_bin_adaptiveCR_noLS,55,1000,1,50,60,100,0.1,0.9,FALSE,TRUE,best/2,bin,random,FALSE,5,0.3,1.5,0.3,1,1,,,,,,,,,,,,,,,,,,,,,,,,,
J30_4.RCP,0,75.18677686,0.148478985,DE_best/2_fixedF_bin_fixedCR_withLS,55,1000,0,50,60,100,0.1,0.9,FALSE,FALSE,best/2,bin,random,TRUE,5,0.3,1.5,0.3,1,1,,,,,,,,,,,,,,,,,,,,,,,,,
J30_4.RCP,1,58.09586777,0.148063898,DE_best/2_fixedF_bin_fixedCR_withLS,55,1000,1,50,60,100,0.1,0.9,FALSE,FALSE,best/2,bin,random,TRUE,5,0.3,1.5,0.3,1,1,,,,,,,,,,,,,,,,,,,,,,,,,
J30_4.RCP,0,71.7322314,0.143427134,DE_best/2_fixedF_bin_fixedCR_noLS,55,1000,0,50,60,100,0.1,0.9,FALSE,FALSE,best/2,bin,random,FALSE,5,0.3,1.5,0.3,1,1,,,,,,,,,,,,,,,,,,,,,,,,,
J30_4.RCP,1,60.60495868,0.143052101,DE_best/2_fixedF_bin_fixedCR_noLS,55,1000,1,50,60,100,0.1,0.9,FALSE,FALSE,best/2,bin,random,FALSE,5,0.3,1.5,0.3,1,1,,,,,,,,,,,,,,,,,,,,,,,,,
J30_4.RCP,0,77.2231405,0.157073259,DE_best/2_fixedF_exp_adaptiveCR_withLS,55,1000,0,50,60,100,0.1,0.9,FALSE,TRUE,best/2,exp,random,TRUE,5,0.3,1.5,0.3,1,1,,,,,,,,,,,,,,,,,,,,,,,,,
J30_4.RCP,1,63.91404959,0.157145977,DE_best/2_fixedF_exp_adaptiveCR_withLS,55,1000,1,50,60,100,0.1,0.9,FALSE,TRUE,best/2,exp,random,TRUE,5,0.3,1.5,0.3,1,1,,,,,,,,,,,,,,,,,,,,,,,,,
J30_4.RCP,0,58.56859504,0.152459145,DE_best/2_fixedF_exp_adaptiveCR_noLS,55,1000,0,50,60,100,0.1,0.9,FALSE,TRUE,best/2,exp,random,FALSE,5,0.3,1.5,0.3,1,1,,,,,,,,,,,,,,,,,,,,,,,,,
J30_4.RCP,1,57.40495868,0.153308868,DE_best/2_fixedF_exp_adaptiveCR_noLS,55,1000,1,50,60,100,0.1,0.9,FALSE,TRUE,best/2,exp,random,FALSE,5,0.3,1.5,0.3,1,1,,,,,,,,,,,,,,,,,,,,,,,,,
J30_4.RCP,0,77.00495868,0.150648117,DE_best/2_fixedF_exp_fixedCR_withLS,55,1000,0,50,60,100,0.1,0.9,FALSE,FALSE,best/2,exp,random,TRUE,5,0.3,1.5,0.3,1,1,,,,,,,,,,,,,,,,,,,,,,,,,
J30_4.RCP,1,65.58677686,0.148930073,DE_best/2_fixedF_exp_fixedCR_withLS,55,1000,1,50,60,100,0.1,0.9,FALSE,FALSE,best/2,exp,random,TRUE,5,0.3,1.5,0.3,1,1,,,,,,,,,,,,,,,,,,,,,,,,,
J30_4.RCP,0,68.09586777,0.149481297,DE_best/2_fixedF_exp_fixedCR_noLS,55,1000,0,50,60,100,0.1,0.9,FALSE,FALSE,best/2,exp,random,FALSE,5,0.3,1.5,0.3,1,1,,,,,,,,,,,,,,,,,,,,,,,,,
J30_4.RCP,1,63.76859504,0.144527912,DE_best/2_fixedF_exp_fixedCR_noLS,55,1000,1,50,60,100,0.1,0.9,FALSE,FALSE,best/2,exp,random,FALSE,5,0.3,1.5,0.3,1,1,,,,,,,,,,,,,,,,,,,,,,,,,
J30_4.RCP,0,70.31404959,0.142359018,DE_adaptive_bin_adaptiveCR_withLS,55,1000,0,50,60,100,0.1,0.9,TRUE,TRUE,adaptive,bin,random,TRUE,5,0.3,1.5,0.3,1,1,,,,,,,,,,,,,,,,,,,,,,,,,
J30_4.RCP,1,85.55041322,0.140363932,DE_adaptive_bin_adaptiveCR_withLS,55,1000,1,50,60,100,0.1,0.9,TRUE,TRUE,adaptive,bin,random,TRUE,5,0.3,1.5,0.3,1,1,,,,,,,,,,,,,,,,,,,,,,,,,
J30_4.RCP,0,75.40495868,0.141210079,DE_adaptive_bin_adaptiveCR_noLS,55,1000,0,50,60,100,0.1,0.9,TRUE,TRUE,adaptive,bin,random,FALSE,5,0.3,1.5,0.3,1,1,,,,,,,,,,,,,,,,,,,,,,,,,
J30_4.RCP,1,71.87768595,0.140823603,DE_adaptive_bin_adaptiveCR_noLS,55,1000,1,50,60,100,0.1,0.9,TRUE,TRUE,adaptive,bin,random,FALSE,5,0.3,1.5,0.3,1,1,,,,,,,,,,,,,,,,,,,,,,,,,
J30_4.RCP,0,70.27768595,0.142553806,DE_adaptive_bin_fixedCR_withLS,55,1000,0,50,60,100,0.1,0.9,TRUE,FALSE,adaptive,bin,random,TRUE,5,0.3,1.5,0.3,1,1,,,,,,,,,,,,,,,,,,,,,,,,,
J30_4.RCP,1,77.7322314,0.141401768,DE_adaptive_bin_fixedCR_withLS,55,1000,1,50,60,100,0.1,0.9,TRUE,FALSE,adaptive,bin,random,TRUE,5,0.3,1.5,0.3,1,1,,,,,,,,,,,,,,,,,,,,,,,,,
J30_4.RCP,0,72.35041322,0.139784098,DE_adaptive_bin_fixedCR_noLS,55,1000,0,50,60,100,0.1,0.9,TRUE,FALSE,adaptive,bin,random,FALSE,5,0.3,1.5,0.3,1,1,,,,,,,,,,,,,,,,,,,,,,,,,
J30_4.RCP,1,77.80495868,0.139136076,DE_adaptive_bin_fixedCR_noLS,55,1000,1,50,60,100,0.1,0.9,TRUE,FALSE,adaptive,bin,random,FALSE,5,0.3,1.5,0.3,1,1,,,,,,,,,,,,,,,,,,,,,,,,,
J30_4.RCP,0,75.58677686,0.145127058,DE_adaptive_exp_adaptiveCR_withLS,55,1000,0,50,60,100,0.1,0.9,TRUE,TRUE,adaptive,exp,random,TRUE,5,0.3,1.5,0.3,1,1,,,,,,,,,,,,,,,,,,,,,,,,,
J30_4.RCP,1,76.71404959,0.144434929,DE_adaptive_exp_adaptiveCR_withLS,55,1000,1,50,60,100,0.1,0.9,TRUE,TRUE,adaptive,exp,random,TRUE,5,0.3,1.5,0.3,1,1,,,,,,,,,,,,,,,,,,,,,,,,,
J30_4.RCP,0,68.8231405,0.15040493,DE_adaptive_exp_adaptiveCR_noLS,55,1000,0,50,60,100,0.1,0.9,TRUE,TRUE,adaptive,exp,random,FALSE,5,0.3,1.5,0.3,1,1,,,,,,,,,,,,,,,,,,,,,,,,,
J30_4.RCP,1,68.67768595,0.143205881,DE_adaptive_exp_adaptiveCR_noLS,55,1000,1,50,60,100,0.1,0.9,TRUE,TRUE,adaptive,exp,random,FALSE,5,0.3,1.5,0.3,1,1,,,,,,,,,,,,,,,,,,,,,,,,,
J30_4.RCP,0,65.04132231,0.143977165,DE_adaptive_exp_fixedCR_withLS,55,1000,0,50,60,100,0.1,0.9,TRUE,FALSE,adaptive,exp,random,TRUE,5,0.3,1.5,0.3,1,1,,,,,,,,,,,,,,,,,,,,,,,,,
J30_4.RCP,1,83.65950413,0.142750978,DE_adaptive_exp_fixedCR_withLS,55,1000,1,50,60,100,0.1,0.9,TRUE,FALSE,adaptive,exp,random,TRUE,5,0.3,1.5,0.3,1,1,,,,,,,,,,,,,,,,,,,,,,,,,
J30_4.RCP,0,74.64132231,0.142434835,DE_adaptive_exp_fixedCR_noLS,55,1000,0,50,60,100,0.1,0.9,TRUE,FALSE,adaptive,exp,random,FALSE,5,0.3,1.5,0.3,1,1,,,,,,,,,,,,,,,,,,,,,,,,,
J30_4.RCP,1,76.0231405,0.142507076,DE_adaptive_exp_fixedCR_noLS,55,1000,1,50,60,100,0.1,0.9,TRUE,FALSE,adaptive,exp,random,FALSE,5,0.3,1.5,0.3,1,1,,,,,,,,,,,,,,,,,,,,,,,,,
J30_4.RCP,0,86.5322314,0.142114162,DE_current-to-rand/2_bin_adaptiveCR_withLS,55,1000,0,50,60,100,0.1,0.9,FALSE,TRUE,current-to-rand/2,bin,random,TRUE,5,0.3,1.5,0.3,1,1,,,,,,,,,,,,,,,,,,,,,,,,,
J30_4.RCP,1,73.84132231,0.144160986,DE_current-to-rand/2_bin_adaptiveCR_withLS,55,1000,1,50,60,100,0.1,0.9,FALSE,TRUE,current-to-rand/2,bin,random,TRUE,5,0.3,1.5,0.3,1,1,,,,,,,,,,,,,,,,,,,,,,,,,
J30_4.RCP,0,77.55041322,0.145573854,DE_current-to-rand/2_bin_adaptiveCR_noLS,55,1000,0,50,60,100,0.1,0.9,FALSE,TRUE,current-to-rand/2,bin,random,FALSE,5,0.3,1.5,0.3,1,1,,,,,,,,,,,,,,,,,,,,,,,,,
J30_4.RCP,1,77.87768595,0.14501214,DE_current-to-rand/2_bin_adaptiveCR_noLS,55,1000,1,50,60,100,0.1,0.9,FALSE,TRUE,current-to-rand/2,bin,random,FALSE,5,0.3,1.5,0.3,1,1,,,,,,,,,,,,,,,,,,,,,,,,,
J30_4.RCP,0,86.56859504,0.140763044,DE_current-to-rand/2_bin_fixedCR_withLS,55,1000,0,50,60,100,0.1,0.9,FALSE,FALSE,current-to-rand/2,bin,random,TRUE,5,0.3,1.5,0.3,1,1,,,,,,,,,,,,,,,,,,,,,,,,,
J30_4.RCP,1,82.8231405,0.142444849,DE_current-to-rand/2_bin_fixedCR_withLS,55,1000,1,50,60,100,0.1,0.9,FALSE,FALSE,current-to-rand/2,bin,random,TRUE,5,0.3,1.5,0.3,1,1,,,,,,,,,,,,,,,,,,,,,,,,,
J30_4.RCP,0,75.3322314,0.14147377,DE_current-to-rand/2_bin_fixedCR_noLS,55,1000,0,50,60,100,0.1,0.9,FALSE,FALSE,current-to-rand/2,bin,random,FALSE,5,0.3,1.5,0.3,1,1,,,,,,,,,,,,,,,,,,,,,,,,,
J30_4.RCP,1,78.05950413,0.140236139,DE_current-to-rand/2_bin_fixedCR_noLS,55,1000,1,50,60,100,0.1,0.9,FALSE,FALSE,current-to-rand/2,bin,random,FALSE,5,0.3,1.5,0.3,1,1,,,,,,,,,,,,,,,,,,,,,,,,,
J30_4.RCP,0,83.29586777,0.144771814,DE_current-to-rand/2_exp_adaptiveCR_withLS,55,1000,0,50,60,100,0.1,0.9,FALSE,TRUE,current-to-rand/2,exp,random,TRUE,5,0.3,1.5,0.3,1,1,,,,,,,,,,,,,,,,,,,,,,,,,
J30_4.RCP,1,79.98677686,0.145051956,DE_current-to-rand/2_exp_adaptiveCR_withLS,55,1000,1,50,60,100,0.1,0.9,FALSE,TRUE,current-to-rand/2,exp,random,TRUE,5,0.3,1.5,0.3,1,1,,,,,,,,,,,,,,,,,,,,,,,,,
J30_4.RCP,0,69.25950413,0.142476797,DE_current-to-rand/2_exp_adaptiveCR_noLS,55,1000,0,50,60,100,0.1,0.9,FALSE,TRUE,current-to-rand/2,exp,random,FALSE,5,0.3,1.5,0.3,1,1,,,,,,,,,,,,,,,,,,,,,,,,,
J30_4.RCP,1,73.00495868,0.142956257,DE_current-to-rand/2_exp_adaptiveCR_noLS,55,1000,1,50,60,100,0.1,0.9,FALSE,TRUE,current-to-rand/2,exp,random,FALSE,5,0.3,1.5,0.3,1,1,,,,,,,,,,,,,,,,,,,,,,,,,
J30_4.RCP,0,87.07768595,0.143733978,DE_current-to-rand/2_exp_fixedCR_withLS,55,1000,0,50,60,100,0.1,0.9,FALSE,FALSE,current-to-rand/2,exp,random,TRUE,5,0.3,1.5,0.3,1,1,,,,,,,,,,,,,,,,,,,,,,,,,
J30_4.RCP,1,80.31404959,0.141400099,DE_current-to-rand/2_exp_fixedCR_withLS,55,1000,1,50,60,100,0.1,0.9,FALSE,FALSE,current-to-rand/2,exp,random,TRUE,5,0.3,1.5,0.3,1,1,,,,,,,,,,,,,,,,,,,,,,,,,
J30_4.RCP,0,81.6231405,0.140733957,DE_current-to-rand/2_exp_fixedCR_noLS,55,1000,0,50,60,100,0.1,0.9,FALSE,FALSE,current-to-rand/2,exp,random,FALSE,5,0.3,1.5,0.3,1,1,,,,,,,,,,,,,,,,,,,,,,,,,
J30_4.RCP,1,77.04132231,0.140001059,DE_current-to-rand/2_exp_fixedCR_noLS,55,1000,1,50,60,100,0.1,0.9,FALSE,FALSE,current-to-rand/2,exp,random,FALSE,5,0.3,1.5,0.3,1,1,,,,,,,,,,,,,,,,,,,,,,,,,
J30_4.RCP,0,81.18677686,0.12531209,GA_roulette_single_point_random_random_withLS_withNeighborhood,55,1000,0,50,60,,,,,,random,single_point,random,TRUE,,,,,,,0.9,0.1,roulette,3,TRUE,FALSE,0.5,0.1,0.35,5,2,,,,,,,,,,,,,,
J30_4.RCP,1,77.98677686,0.125977993,GA_roulette_single_point_random_random_withLS_withNeighborhood,55,1000,1,50,60,,,,,,random,single_point,random,TRUE,,,,,,,0.9,0.1,roulette,3,TRUE,FALSE,0.5,0.1,0.35,5,2,,,,,,,,,,,,,,
J30_4.RCP,0,81.18677686,0.126442432,GA_roulette_single_point_random_random_withLS_noNeighborhood,55,1000,0,50,60,,,,,,random,single_point,random,TRUE,,,,,,,0.9,0.1,roulette,3,TRUE,FALSE,0.5,0.1,0.35,5,0,,,,,,,,,,,,,,
J30_4.RCP,1,77.98677686,0.127269983,GA_roulette_single_point_random_random_withLS_noNeighborhood,55,1000,1,50,60,,,,,,random,single_point,random,TRUE,,,,,,,0.9,0.1,roulette,3,TRUE,FALSE,0.5,0.1,0.35,5,0,,,,,,,,,,,,,,
J30_4.RCP,0,72.45950413,0.18260622,GA_roulette_single_point_random_random_noLS_withNeighborhood,55,1000,0,50,60,,,,,,random,single_point,random,FALSE,,,,,,,0.9,0.1,roulette,3,TRUE,FALSE,0.5,0.1,0.35,5,2,,,,,,,,,,,,,,
J30_4.RCP,1,75.6231405,0.182363749,GA_roulette_single_point_random_random_noLS_withNeighborhood,55,1000,1,50,60,,,,,,random,single_point,random,FALSE,,,,,,,0.9,0.1,roulette,3,TRUE,FALSE,0.5,0.1,0.35,5,2,,,,,,,,,,,,,,
J30_4.RCP,0,72.45950413,0.182564974,GA_roulette_single_point_random_random_noLS_noNeighborhood,55,1000,0,50,60,,,,,,random,single_point,random,FALSE,,,,,,,0.9,0.1,roulette,3,TRUE,FALSE,0.5,0.1,0.35,5,0,,,,,,,,,,,,,,
J30_4.RCP,1,75.6231405,0.18203187,GA_roulette_single_point_random_random_noLS_noNeighborhood,55,1000,1,50,60,,,,,,random,single_point,random,FALSE,,,,,,,0.9,0.1,roulette,3,TRUE,FALSE,0.5,0.1,0.35,5,0,,,,,,,,,,,,,,
J30_4.RCP,0,86.71404959,0.127402306,GA_roulette_single_point_random_heuristic_withLS_withNeighborhood,55,1000,0,50,60,,,,,,random,single_point,heuristic,TRUE,,,,,,,0.9,0.1,roulette,3,TRUE,FALSE,0.5,0.1,0.35,5,2,,,,,,,,,,,,,,
J30_4.RCP,1,81.76859504,0.127266169,GA_roulette_single_point_random_heuristic_withLS_withNeighborhood,55,1000,1,50,60,,,,,,random,single_point,heuristic,TRUE,,,,,,,0.9,0.1,roulette,3,TRUE,FALSE,0.5,0.1,0.35,5,2,,,,,,,,,,,,,,
J30_4.RCP,0,86.71404959,0.127640963,GA_roulette_single_point_random_heuristic_withLS_noNeighborhood,55,1000,0,50,60,,,,,,random,single_point,heuristic,TRUE,,,,,,,0.9,0.1,roulette,3,TRUE,FALSE,0.5,0.1,0.35,5,0,,,,,,,,,,,,,,
J30_4.RCP,1,81.76859504,0.125941038,GA_roulette_single_point_random_heuristic_withLS_noNeighborhood,55,1000,1,50,60,,,,,,random,single_point,heuristic,TRUE,,,,,,,0.9,0.1,roulette,3,TRUE,FALSE,0.5,0.1,0.35,5,0,,,,,,,,,,,,,,
J30_4.RCP,0,68.71404959,0.18276906,GA_roulette_single_point_random_heuristic_noLS_withNeighborhood,55,1000,0,50,60,,,,,,random,single_point,heuristic,FALSE,,,,,,,0.9,0.1,roulette,3,TRUE,FALSE,0.5,0.1,0.35,5,2,,,,,,,,,,,,,,
J30_4.RCP,1,68.89586777,0.183100939,GA_roulette_single_point_random_heuristic_noLS_withNeighborhood,55,1000,1,50,60,,,,,,random,single_point,heuristic,FALSE,,,,,,,0.9,0.1,roulette,3,TRUE,FALSE,0.5,0.1,0.35,5,2,,,,,,,,,,,,,,
J30_4.RCP,0,68.71404959,0.181699038,GA_roulette_single_point_random_heuristic_noLS_noNeighborhood,55,1000,0,50,60,,,,,,random,single_point,heuristic,FALSE,,,,,,,0.9,0.1,roulette,3,TRUE,FALSE,0.5,0.1,0.35,5,0,,,,,,,,,,,,,,
J30_4.RCP,1,68.89586777,0.18042016,GA_roulette_single_point_random_heuristic_noLS_noNeighborhood,55,1000,1,50,60,,,,,,random,single_point,heuristic,FALSE,,,,,,,0.9,0.1,roulette,3,TRUE,FALSE,0.5,0.1,0.35,5,0,,,,,,,,,,,,,,
J30_4.RCP,0,83.18677686,0.129373074,GA_roulette_single_point_adaptive_random_withLS_withNeighborhood,55,1000,0,50,60,,,,,,adaptive,single_point,random,TRUE,,,,,,,0.9,0.1,roulette,3,TRUE,FALSE,0.5,0.1,0.35,5,2,,,,,,,,,,,,,,
J30_4.RCP,1,86.31404959,0.128791094,GA_roulette_single_point_adaptive_random_withLS_withNeighborhood,55,1000,1,50,60,,,,,,adaptive,single_point,random,TRUE,,,,,,,0.9,0.1,roulette,3,TRUE,FALSE,0.5,0.1,0.35,5,2,,,,,,,,,,,,,,
J30_4.RCP,0,83.18677686,0.127903938,GA_roulette_single_point_adaptive_random_withLS_noNeighborhood,55,1000,0,50,60,,,,,,adaptive,single_point,random,TRUE,,,,,,,0.9,0.1,roulette,3,TRUE,FALSE,0.5,0.1,0.35,5,0,,,,,,,,,,,,,,
J30_4.RCP,1,86.31404959,0.127595901,GA_roulette_single_point_adaptive_random_withLS_noNeighborhood,55,1000,1,50,60,,,,,,adaptive,single_point,random,TRUE,,,,,,,0.9,0.1,roulette,3,TRUE,FALSE,0.5,0.1,0.35,5,0,,,,,,,,,,,,,,
J30_4.RCP,0,70.60495868,0.191225052,GA_roulette_single_point_adaptive_random_noLS_withNeighborhood,55,1000,0,50,60,,,,,,adaptive,single_point,random,FALSE,,,,,,,0.9,0.1,roulette,3,TRUE,FALSE,0.5,0.1,0.35,5,2,,,,,,,,,,,,,,
J30_4.RCP,1,76.78677686,0.191983938,GA_roulette_single_point_adaptive_random_noLS_withNeighborhood,55,1000,1,50,60,,,,,,adaptive,single_point,random,FALSE,,,,,,,0.9,0.1,roulette,3,TRUE,FALSE,0.5,0.1,0.35,5,2,,,,,,,,,,,,,,
J30_4.RCP,0,70.60495868,0.191880941,GA_roulette_single_point_adaptive_random_noLS_noNeighborhood,55,1000,0,50,60,,,,,,adaptive,single_point,random,FALSE,,,,,,,0.9,0.1,roulette,3,TRUE,FALSE,0.5,0.1,0.35,5,0,,,,,,,,,,,,,,
J30_4.RCP,1,76.78677686,0.192641973,GA_roulette_single_point_adaptive_random_noLS_noNeighborhood,55,1000,1,50,60,,,,,,adaptive,single_point,random,FALSE,,,,,,,0.9,0.1,roulette,3,TRUE,FALSE,0.5,0.1,0.35,5,0,,,,,,,,,,,,,,
J30_4.RCP,0,87.69586777,0.129348755,GA_roulette_single_point_adaptive_heuristic_withLS_withNeighborhood,55,1000,0,50,60,,,,,,adaptive,single_point,heuristic,TRUE,,,,,,,0.9,0.1,roulette,3,TRUE,FALSE,0.5,0.1,0.35,5,2,,,,,,,,,,,,,,
J30_4.RCP,1,76.67768595,0.13037324,GA_roulette_single_point_adaptive_heuristic_withLS_withNeighborhood,55,1000,1,50,60,,,,,,adaptive,single_point,heuristic,TRUE,,,,,,,0.9,0.1,roulette,3,TRUE,FALSE,0.5,0.1,0.35,5,2,,,,,,,,,,,,,,
J30_4.RCP,0,87.69586777,0.129517078,GA_roulette_single_point_adaptive_heuristic_withLS_noNeighborhood,55,1000,0,50,60,,,,,,adaptive,single_point,heuristic,TRUE,,,,,,,0.9,0.1,roulette,3,TRUE,FALSE,0.5,0.1,0.35,5,0,,,,,,,,,,,,,,
J30_4.RCP,1,76.67768595,0.128497124,GA_roulette_single_point_adaptive_heuristic_withLS_noNeighborhood,55,1000,1,50,60,,,,,,adaptive,single_point,heuristic,TRUE,,,,,,,0.9,0.1,roulette,3,TRUE,FALSE,0.5,0.1,0.35,5,0,,,,,,,,,,,,,,
J30_4.RCP,0,77.69586777,0.192635059,GA_roulette_single_point_adaptive_heuristic_noLS_withNeighborhood,55,1000,0,50,60,,,,,,adaptive,single_point,heuristic,FALSE,,,,,,,0.9,0.1,roulette,3,TRUE,FALSE,0.5,0.1,0.35,5,2,,,,,,,,,,,,,,
J30_4.RCP,1,74.09586777,0.192061901,GA_roulette_single_point_adaptive_heuristic_noLS_withNeighborhood,55,1000,1,50,60,,,,,,adaptive,single_point,heuristic,FALSE,,,,,,,0.9,0.1,roulette,3,TRUE,FALSE,0.5,0.1,0.35,5,2,,,,,,,,,,,,,,
J30_4.RCP,0,77.69586777,0.193806887,GA_roulette_single_point_adaptive_heuristic_noLS_noNeighborhood,55,1000,0,50,60,,,,,,adaptive,single_point,heuristic,FALSE,,,,,,,0.9,0.1,roulette,3,TRUE,FALSE,0.5,0.1,0.35,5,0,,,,,,,,,,,,,,
J30_4.RCP,1,74.09586777,0.193021059,GA_roulette_single_point_adaptive_heuristic_noLS_noNeighborhood,55,1000,1,50,60,,,,,,adaptive,single_point,heuristic,FALSE,,,,,,,0.9,0.1,roulette,3,TRUE,FALSE,0.5,0.1,0.35,5,0,,,,,,,,,,,,,,
J30_4.RCP,0,89.18677686,0.127586126,GA_roulette_two_point_random_random_withLS_withNeighborhood,55,1000,0,50,60,,,,,,random,two_point,random,TRUE,,,,,,,0.9,0.1,roulette,3,TRUE,FALSE,0.5,0.1,0.35,5,2,,,,,,,,,,,,,,
J30_4.RCP,1,76.60495868,0.126179218,GA_roulette_two_point_random_random_withLS_withNeighborhood,55,1000,1,50,60,,,,,,random,two_point,random,TRUE,,,,,,,0.9,0.1,roulette,3,TRUE,FALSE,0.5,0.1,0.35,5,2,,,,,,,,,,,,,,
J30_4.RCP,0,89.18677686,0.126123905,GA_roulette_two_point_random_random_withLS_noNeighborhood,55,1000,0,50,60,,,,,,random,two_point,random,TRUE,,,,,,,0.9,0.1,roulette,3,TRUE,FALSE,0.5,0.1,0.35,5,0,,,,,,,,,,,,,,
J30_4.RCP,1,76.60495868,0.125923872,GA_roulette_two_point_random_random_withLS_noNeighborhood,55,1000,1,50,60,,,,,,random,two_point,random,TRUE,,,,,,,0.9,0.1,roulette,3,TRUE,FALSE,0.5,0.1,0.35,5,0,,,,,,,,,,,,,,
J30_4.RCP,0,80.5322314,0.183762312,GA_roulette_two_point_random_random_noLS_withNeighborhood,55,1000,0,50,60,,,,,,random,two_point,random,FALSE,,,,,,,0.9,0.1,roulette,3,TRUE,FALSE,0.5,0.1,0.35,5,2,,,,,,,,,,,,,,
J30_4.RCP,1,71.51404959,0.183275938,GA_roulette_two_point_random_random_noLS_withNeighborhood,55,1000,1,50,60,,,,,,random,two_point,random,FALSE,,,,,,,0.9,0.1,roulette,3,TRUE,FALSE,0.5,0.1,0.35,5,2,,,,,,,,,,,,,,
J30_4.RCP,0,80.5322314,0.184082031,GA_roulette_two_point_random_random_noLS_noNeighborhood,55,1000,0,50,60,,,,,,random,two_point,random,FALSE,,,,,,,0.9,0.1,roulette,3,TRUE,FALSE,0.5,0.1,0.35,5,0,,,,,,,,,,,,,,
J30_4.RCP,1,71.51404959,0.184617996,GA_roulette_two_point_random_random_noLS_noNeighborhood,55,1000,1,50,60,,,,,,random,two_point,random,FALSE,,,,,,,0.9,0.1,roulette,3,TRUE,FALSE,0.5,0.1,0.35,5,0,,,,,,,,,,,,,,
J30_4.RCP,0,78.4231405,0.128451109,GA_roulette_two_point_random_heuristic_withLS_withNeighborhood,55,1000,0,50,60,,,,,,random,two_point,heuristic,TRUE,,,,,,,0.9,0.1,roulette,3,TRUE,FALSE,0.5,0.1,0.35,5,2,,,,,,,,,,,,,,
J30_4.RCP,1,78.5322314,0.128519297,GA_roulette_two_point_random_heuristic_withLS_withNeighborhood,55,1000,1,50,60,,,,,,random,two_point,heuristic,TRUE,,,,,,,0.9,0.1,roulette,3,TRUE,FALSE,0.5,0.1,0.35,5,2,,,,,,,,,,,,,,
J30_4.RCP,0,78.4231405,0.127977848,GA_roulette_two_point_random_heuristic_withLS_noNeighborhood,55,1000,0,50,60,,,,,,random,two_point,heuristic,TRUE,,,,,,,0.9,0.1,roulette,3,TRUE,FALSE,0.5,0.1,0.35,5,0,,,,,,,,,,,,,,
J30_4.RCP,1,78.5322314,0.127949238,GA_roulette_two_point_random_heuristic_withLS_noNeighborhood,55,1000,1,50,60,,,,,,random,two_point,heuristic,TRUE,,,,,,,0.9,0.1,roulette,3,TRUE,FALSE,0.5,0.1,0.35,5,0,,,,,,,,,,,,,,
J30_4.RCP,0,75.87768595,0.188930988,GA_roulette_two_point_random_heuristic_noLS_withNeighborhood,55,1000,0,50,60,,,,,,random,two_point,heuristic,FALSE,,,,,,,0.9,0.1,roulette,3,TRUE,FALSE,0.5,0.1,0.35,5,2,,,,,,,,,,,,,,
J30_4.RCP,1,77.91404959,0.18543601,GA_roulette_two_point_random_heuristic_noLS_withNeighborhood,55,1000,1,50,60,,,,,,random,two_point,heuristic,FALSE,,,,,,,0.9,0.1,roulette,3,TRUE,FALSE,0.5,0.1,0.35,5,2,,,,,,,,,,,,,,
J30_4.RCP,0,75.87768595,0.184640884,GA_roulette_two_point_random_heuristic_noLS_noNeighborhood,55,1000,0,50,60,,,,,,random,two_point,heuristic,FALSE,,,,,,,0.9,0.1,roulette,3,TRUE,FALSE,0.5,0.1,0.35,5,0,,,,,,,,,,,,,,
J30_4.RCP,1,77.91404959,0.184870005,GA_roulette_two_point_random_heuristic_noLS_noNeighborhood,55,1000,1,50,60,,,,,,random,two_point,heuristic,FALSE,,,,,,,0.9,0.1,roulette,3,TRUE,FALSE,0.5,0.1,0.35,5,0,,,,,,,,,,,,,,
J30_4.RCP,0,76.96859504,0.129962921,GA_roulette_two_point_adaptive_random_withLS_withNeighborhood,55,1000,0,50,60,,,,,,adaptive,two_point,random,TRUE,,,,,,,0.9,0.1,roulette,3,TRUE,FALSE,0.5,0.1,0.35,5,2,,,,,,,,,,,,,,
J30_4.RCP,1,88.09586777,0.129143,GA_roulette_two_point_adaptive_random_withLS_withNeighborhood,55,1000,1,50,60,,,,,,adaptive,two_point,random,TRUE,,,,,,,0.9,0.1,roulette,3,TRUE,FALSE,0.5,0.1,0.35,5,2,,,,,,,,,,,,,,
J30_4.RCP,0,76.96859504,0.130634069,GA_roulette_two_point_adaptive_random_withLS_noNeighborhood,55,1000,0,50,60,,,,,,adaptive,two_point,random,TRUE,,,,,,,0.9,0.1,roulette,3,TRUE,FALSE,0.5,0.1,0.35,5,0,,,,,,,,,,,,,,
J30_4.RCP,1,88.09586777,0.129343033,GA_roulette_two_point_adaptive_random_withLS_noNeighborhood,55,1000,1,50,60,,,,,,adaptive,two_point,random,TRUE,,,,,,,0.9,0.1,roulette,3,TRUE,FALSE,0.5,0.1,0.35,5,0,,,,,,,,,,,,,,
J30_4.RCP,0,74.31404959,0.195205688,GA_roulette_two_point_adaptive_random_noLS_withNeighborhood,55,1000,0,50,60,,,,,,adaptive,two_point,random,FALSE,,,,,,,0.9,0.1,roulette,3,TRUE,FALSE,0.5,0.1,0.35,5,2,,,,,,,,,,,,,,
J30_4.RCP,1,77.69586777,0.202150822,GA_roulette_two_point_adaptive_random_noLS_withNeighborhood,55,1000,1,50,60,,,,,,adaptive,two_point,random,FALSE,,,,,,,0.9,0.1,roulette,3,TRUE,FALSE,0.5,0.1,0.35,5,2,,,,,,,,,,,,,,
J30_4.RCP,0,74.31404959,0.197731018,GA_roulette_two_point_adaptive_random_noLS_noNeighborhood,55,1000,0,50,60,,,,,,adaptive,two_point,random,FALSE,,,,,,,0.9,0.1,roulette,3,TRUE,FALSE,0.5,0.1,0.35,5,0,,,,,,,,,,,,,,
J30_4.RCP,1,77.69586777,0.19474411,GA_roulette_two_point_adaptive_random_noLS_noNeighborhood,55,1000,1,50,60,,,,,,adaptive,two_point,random,FALSE,,,,,,,0.9,0.1,roulette,3,TRUE,FALSE,0.5,0.1,0.35,5,0,,,,,,,,,,,,,,
J30_4.RCP,0,72.75041322,0.128936052,GA_roulette_two_point_adaptive_heuristic_withLS_withNeighborhood,55,1000,0,50,60,,,,,,adaptive,two_point,heuristic,TRUE,,,,,,,0.9,0.1,roulette,3,TRUE,FALSE,0.5,0.1,0.35,5,2,,,,,,,,,,,,,,
J30_4.RCP,1,81.69586777,0.134299994,GA_roulette_two_point_adaptive_heuristic_withLS_withNeighborhood,55,1000,1,50,60,,,,,,adaptive,two_point,heuristic,TRUE,,,,,,,0.9,0.1,roulette,3,TRUE,FALSE,0.5,0.1,0.35,5,2,,,,,,,,,,,,,,
J30_4.RCP,0,72.75041322,0.130184889,GA_roulette_two_point_adaptive_heuristic_withLS_noNeighborhood,55,1000,0,50,60,,,,,,adaptive,two_point,heuristic,TRUE,,,,,,,0.9,0.1,roulette,3,TRUE,FALSE,0.5,0.1,0.35,5,0,,,,,,,,,,,,,,
J30_4.RCP,1,81.69586777,0.130286932,GA_roulette_two_point_adaptive_heuristic_withLS_noNeighborhood,55,1000,1,50,60,,,,,,adaptive,two_point,heuristic,TRUE,,,,,,,0.9,0.1,roulette,3,TRUE,FALSE,0.5,0.1,0.35,5,0,,,,,,,,,,,,,,
J30_4.RCP,0,72.75041322,0.194705963,GA_roulette_two_point_adaptive_heuristic_noLS_withNeighborhood,55,1000,0,50,60,,,,,,adaptive,two_point,heuristic,FALSE,,,,,,,0.9,0.1,roulette,3,TRUE,FALSE,0.5,0.1,0.35,5,2,,,,,,,,,,,,,,
J30_4.RCP,1,73.6231405,0.196485043,GA_roulette_two_point_adaptive_heuristic_noLS_withNeighborhood,55,1000,1,50,60,,,,,,adaptive,two_point,heuristic,FALSE,,,,,,,0.9,0.1,roulette,3,TRUE,FALSE,0.5,0.1,0.35,5,2,,,,,,,,,,,,,,
J30_4.RCP,0,72.75041322,0.195006132,GA_roulette_two_point_adaptive_heuristic_noLS_noNeighborhood,55,1000,0,50,60,,,,,,adaptive,two_point,heuristic,FALSE,,,,,,,0.9,0.1,roulette,3,TRUE,FALSE,0.5,0.1,0.35,5,0,,,,,,,,,,,,,,
J30_4.RCP,1,73.6231405,0.195657015,GA_roulette_two_point_adaptive_heuristic_noLS_noNeighborhood,55,1000,1,50,60,,,,,,adaptive,two_point,heuristic,FALSE,,,,,,,0.9,0.1,roulette,3,TRUE,FALSE,0.5,0.1,0.35,5,0,,,,,,,,,,,,,,
J30_4.RCP,0,77.2231405,1.669336796,GA_roulette_rcx_random_random_withLS_withNeighborhood,55,1000,0,50,60,,,,,,random,rcx,random,TRUE,,,,,,,0.9,0.1,roulette,3,TRUE,FALSE,0.5,0.1,0.35,5,2,,,,,,,,,,,,,,
J30_4.RCP,1,80.96859504,1.659361124,GA_roulette_rcx_random_random_withLS_withNeighborhood,55,1000,1,50,60,,,,,,random,rcx,random,TRUE,,,,,,,0.9,0.1,roulette,3,TRUE,FALSE,0.5,0.1,0.35,5,2,,,,,,,,,,,,,,
J30_4.RCP,0,77.2231405,1.932261944,GA_roulette_rcx_random_random_withLS_noNeighborhood,55,1000,0,50,60,,,,,,random,rcx,random,TRUE,,,,,,,0.9,0.1,roulette,3,TRUE,FALSE,0.5,0.1,0.35,5,0,,,,,,,,,,,,,,
J30_4.RCP,1,80.96859504,1.707579136,GA_roulette_rcx_random_random_withLS_noNeighborhood,55,1000,1,50,60,,,,,,random,rcx,random,TRUE,,,,,,,0.9,0.1,roulette,3,TRUE,FALSE,0.5,0.1,0.35,5,0,,,,,,,,,,,,,,
J30_4.RCP,0,73.00495868,6.447913885,GA_roulette_rcx_random_random_noLS_withNeighborhood,55,1000,0,50,60,,,,,,random,rcx,random,FALSE,,,,,,,0.9,0.1,roulette,3,TRUE,FALSE,0.5,0.1,0.35,5,2,,,,,,,,,,,,,,
J30_4.RCP,1,70.64132231,6.344438791,GA_roulette_rcx_random_random_noLS_withNeighborhood,55,1000,1,50,60,,,,,,random,rcx,random,FALSE,,,,,,,0.9,0.1,roulette,3,TRUE,FALSE,0.5,0.1,0.35,5,2,,,,,,,,,,,,,,
J30_4.RCP,0,73.00495868,6.23044014,GA_roulette_rcx_random_random_noLS_noNeighborhood,55,1000,0,50,60,,,,,,random,rcx,random,FALSE,,,,,,,0.9,0.1,roulette,3,TRUE,FALSE,0.5,0.1,0.35,5,0,,,,,,,,,,,,,,
J30_4.RCP,1,70.64132231,6.299264908,GA_roulette_rcx_random_random_noLS_noNeighborhood,55,1000,1,50,60,,,,,,random,rcx,random,FALSE,,,,,,,0.9,0.1,roulette,3,TRUE,FALSE,0.5,0.1,0.35,5,0,,,,,,,,,,,,,,
J30_4.RCP,0,75.18677686,1.648361206,GA_roulette_rcx_random_heuristic_withLS_withNeighborhood,55,1000,0,50,60,,,,,,random,rcx,heuristic,TRUE,,,,,,,0.9,0.1,roulette,3,TRUE,FALSE,0.5,0.1,0.35,5,2,,,,,,,,,,,,,,
J30_4.RCP,1,76.24132231,1.667379856,GA_roulette_rcx_random_heuristic_withLS_withNeighborhood,55,1000,1,50,60,,,,,,random,rcx,heuristic,TRUE,,,,,,,0.9,0.1,roulette,3,TRUE,FALSE,0.5,0.1,0.35,5,2,,,,,,,,,,,,,,
J30_4.RCP,0,75.18677686,1.655482769,GA_roulette_rcx_random_heuristic_withLS_noNeighborhood,55,1000,0,50,60,,,,,,random,rcx,heuristic,TRUE,,,,,,,0.9,0.1,roulette,3,TRUE,FALSE,0.5,0.1,0.35,5,0,,,,,,,,,,,,,,
J30_4.RCP,1,76.24132231,1.739266872,GA_roulette_rcx_random_heuristic_withLS_noNeighborhood,55,1000,1,50,60,,,,,,random,rcx,heuristic,TRUE,,,,,,,0.9,0.1,roulette,3,TRUE,FALSE,0.5,0.1,0.35,5,0,,,,,,,,,,,,,,
J30_4.RCP,0,70.9322314,6.269456863,GA_roulette_rcx_random_heuristic_noLS_withNeighborhood,55,1000,0,50,60,,,,,,random,rcx,heuristic,FALSE,,,,,,,0.9,0.1,roulette,3,TRUE,FALSE,0.5,0.1,0.35,5,2,,,,,,,,,,,,,,
J30_4.RCP,1,76.24132231,6.345185041,GA_roulette_rcx_random_heuristic_noLS_withNeighborhood,55,1000,1,50,60,,,,,,random,rcx,heuristic,FALSE,,,,,,,0.9,0.1,roulette,3,TRUE,FALSE,0.5,0.1,0.35,5,2,,,,,,,,,,,,,,
J30_4.RCP,0,70.9322314,6.339873075,GA_roulette_rcx_random_heuristic_noLS_noNeighborhood,55,1000,0,50,60,,,,,,random,rcx,heuristic,FALSE,,,,,,,0.9,0.1,roulette,3,TRUE,FALSE,0.5,0.1,0.35,5,0,,,,,,,,,,,,,,
J30_4.RCP,1,76.24132231,6.768941879,GA_roulette_rcx_random_heuristic_noLS_noNeighborhood,55,1000,1,50,60,,,,,,random,rcx,heuristic,FALSE,,,,,,,0.9,0.1,roulette,3,TRUE,FALSE,0.5,0.1,0.35,5,0,,,,,,,,,,,,,,
J30_4.RCP,0,75.7322314,1.663425207,GA_roulette_rcx_adaptive_random_withLS_withNeighborhood,55,1000,0,50,60,,,,,,adaptive,rcx,random,TRUE,,,,,,,0.9,0.1,roulette,3,TRUE,FALSE,0.5,0.1,0.35,5,2,,,,,,,,,,,,,,
J30_4.RCP,1,78.49586777,1.706116915,GA_roulette_rcx_adaptive_random_withLS_withNeighborhood,55,1000,1,50,60,,,,,,adaptive,rcx,random,TRUE,,,,,,,0.9,0.1,roulette,3,TRUE,FALSE,0.5,0.1,0.35,5,2,,,,,,,,,,,,,,
J30_4.RCP,0,75.7322314,1.647696018,GA_roulette_rcx_adaptive_random_withLS_noNeighborhood,55,1000,0,50,60,,,,,,adaptive,rcx,random,TRUE,,,,,,,0.9,0.1,roulette,3,TRUE,FALSE,0.5,0.1,0.35,5,0,,,,,,,,,,,,,,
J30_4.RCP,1,78.49586777,1.649419069,GA_roulette_rcx_adaptive_random_withLS_noNeighborhood,55,1000,1,50,60,,,,,,adaptive,rcx,random,TRUE,,,,,,,0.9,0.1,roulette,3,TRUE,FALSE,0.5,0.1,0.35,5,0,,,,,,,,,,,,,,
J30_4.RCP,0,75.7322314,6.08595705,GA_roulette_rcx_adaptive_random_noLS_withNeighborhood,55,1000,0,50,60,,,,,,adaptive,rcx,random,FALSE,,,,,,,0.9,0.1,roulette,3,TRUE,FALSE,0.5,0.1,0.35,5,2,,,,,,,,,,,,,,
J30_4.RCP,1,78.49586777,6.428907156,GA_roulette_rcx_adaptive_random_noLS_withNeighborhood,55,1000,1,50,60,,,,,,adaptive,rcx,random,FALSE,,,,,,,0.9,0.1,roulette,3,TRUE,FALSE,0.5,0.1,0.35,5,2,,,,,,,,,,,,,,
J30_4.RCP,0,75.7322314,6.08417201,GA_roulette_rcx_adaptive_random_noLS_noNeighborhood,55,1000,0,50,60,,,,,,adaptive,rcx,random,FALSE,,,,,,,0.9,0.1,roulette,3,TRUE,FALSE,0.5,0.1,0.35,5,0,,,,,,,,,,,,,,
J30_4.RCP,1,78.49586777,6.33424902,GA_roulette_rcx_adaptive_random_noLS_noNeighborhood,55,1000,1,50,60,,,,,,adaptive,rcx,random,FALSE,,,,,,,0.9,0.1,roulette,3,TRUE,FALSE,0.5,0.1,0.35,5,0,,,,,,,,,,,,,,
J30_4.RCP,0,80.75041322,1.65171814,GA_roulette_rcx_adaptive_heuristic_withLS_withNeighborhood,55,1000,0,50,60,,,,,,adaptive,rcx,heuristic,TRUE,,,,,,,0.9,0.1,roulette,3,TRUE,FALSE,0.5,0.1,0.35,5,2,,,,,,,,,,,,,,
J30_4.RCP,1,81.3322314,1.648947001,GA_roulette_rcx_adaptive_heuristic_withLS_withNeighborhood,55,1000,1,50,60,,,,,,adaptive,rcx,heuristic,TRUE,,,,,,,0.9,0.1,roulette,3,TRUE,FALSE,0.5,0.1,0.35,5,2,,,,,,,,,,,,,,
J30_4.RCP,0,80.75041322,1.647051811,GA_roulette_rcx_adaptive_heuristic_withLS_noNeighborhood,55,1000,0,50,60,,,,,,adaptive,rcx,heuristic,TRUE,,,,,,,0.9,0.1,roulette,3,TRUE,FALSE,0.5,0.1,0.35,5,0,,,,,,,,,,,,,,
J30_4.RCP,1,81.3322314,1.638974905,GA_roulette_rcx_adaptive_heuristic_withLS_noNeighborhood,55,1000,1,50,60,,,,,,adaptive,rcx,heuristic,TRUE,,,,,,,0.9,0.1,roulette,3,TRUE,FALSE,0.5,0.1,0.35,5,0,,,,,,,,,,,,,,
J30_4.RCP,0,66.56859504,6.243206978,GA_roulette_rcx_adaptive_heuristic_noLS_withNeighborhood,55,1000,0,50,60,,,,,,adaptive,rcx,heuristic,FALSE,,,,,,,0.9,0.1,roulette,3,TRUE,FALSE,0.5,0.1,0.35,5,2,,,,,,,,,,,,,,
J30_4.RCP,1,75.07768595,6.457991838,GA_roulette_rcx_adaptive_heuristic_noLS_withNeighborhood,55,1000,1,50,60,,,,,,adaptive,rcx,heuristic,FALSE,,,,,,,0.9,0.1,roulette,3,TRUE,FALSE,0.5,0.1,0.35,5,2,,,,,,,,,,,,,,
J30_4.RCP,0,66.56859504,6.241376162,GA_roulette_rcx_adaptive_heuristic_noLS_noNeighborhood,55,1000,0,50,60,,,,,,adaptive,rcx,heuristic,FALSE,,,,,,,0.9,0.1,roulette,3,TRUE,FALSE,0.5,0.1,0.35,5,0,,,,,,,,,,,,,,
J30_4.RCP,1,75.07768595,6.357029915,GA_roulette_rcx_adaptive_heuristic_noLS_noNeighborhood,55,1000,1,50,60,,,,,,adaptive,rcx,heuristic,FALSE,,,,,,,0.9,0.1,roulette,3,TRUE,FALSE,0.5,0.1,0.35,5,0,,,,,,,,,,,,,,
J30_4.RCP,0,80.05950413,0.126339912,GA_roulette_hybrid_random_random_withLS_withNeighborhood,55,1000,0,50,60,,,,,,random,hybrid,random,TRUE,,,,,,,0.9,0.1,roulette,3,TRUE,FALSE,0.5,0.1,0.35,5,2,,,,,,,,,,,,,,
J30_4.RCP,1,87.80495868,0.13173604,GA_roulette_hybrid_random_random_withLS_withNeighborhood,55,1000,1,50,60,,,,,,random,hybrid,random,TRUE,,,,,,,0.9,0.1,roulette,3,TRUE,FALSE,0.5,0.1,0.35,5,2,,,,,,,,,,,,,,
J30_4.RCP,0,80.05950413,0.128647804,GA_roulette_hybrid_random_random_withLS_noNeighborhood,55,1000,0,50,60,,,,,,random,hybrid,random,TRUE,,,,,,,0.9,0.1,roulette,3,TRUE,FALSE,0.5,0.1,0.35,5,0,,,,,,,,,,,,,,
J30_4.RCP,1,87.80495868,0.131692171,GA_roulette_hybrid_random_random_withLS_noNeighborhood,55,1000,1,50,60,,,,,,random,hybrid,random,TRUE,,,,,,,0.9,0.1,roulette,3,TRUE,FALSE,0.5,0.1,0.35,5,0,,,,,,,,,,,,,,
J30_4.RCP,0,75.95041322,0.181401014,GA_roulette_hybrid_random_random_noLS_withNeighborhood,55,1000,0,50,60,,,,,,random,hybrid,random,FALSE,,,,,,,0.9,0.1,roulette,3,TRUE,FALSE,0.5,0.1,0.35,5,2,,,,,,,,,,,,,,
J30_4.RCP,1,74.27768595,0.17800808,GA_roulette_hybrid_random_random_noLS_withNeighborhood,55,1000,1,50,60,,,,,,random,hybrid,random,FALSE,,,,,,,0.9,0.1,roulette,3,TRUE,FALSE,0.5,0.1,0.35,5,2,,,,,,,,,,,,,,
J30_4.RCP,0,75.95041322,0.186277866,GA_roulette_hybrid_random_random_noLS_noNeighborhood,55,1000,0,50,60,,,,,,random,hybrid,random,FALSE,,,,,,,0.9,0.1,roulette,3,TRUE,FALSE,0.5,0.1,0.35,5,0,,,,,,,,,,,,,,
J30_4.RCP,1,74.27768595,0.179364681,GA_roulette_hybrid_random_random_noLS_noNeighborhood,55,1000,1,50,60,,,,,,random,hybrid,random,FALSE,,,,,,,0.9,0.1,roulette,3,TRUE,FALSE,0.5,0.1,0.35,5,0,,,,,,,,,,,,,,
J30_4.RCP,0,84.45950413,0.126894712,GA_roulette_hybrid_random_heuristic_withLS_withNeighborhood,55,1000,0,50,60,,,,,,random,hybrid,heuristic,TRUE,,,,,,,0.9,0.1,roulette,3,TRUE,FALSE,0.5,0.1,0.35,5,2,,,,,,,,,,,,,,
J30_4.RCP,1,84.64132231,0.126708031,GA_roulette_hybrid_random_heuristic_withLS_withNeighborhood,55,1000,1,50,60,,,,,,random,hybrid,heuristic,TRUE,,,,,,,0.9,0.1,roulette,3,TRUE,FALSE,0.5,0.1,0.35,5,2,,,,,,,,,,,,,,
J30_4.RCP,0,84.45950413,0.188744068,GA_roulette_hybrid_random_heuristic_withLS_noNeighborhood,55,1000,0,50,60,,,,,,random,hybrid,heuristic,TRUE,,,,,,,0.9,0.1,roulette,3,TRUE,FALSE,0.5,0.1,0.35,5,0,,,,,,,,,,,,,,
J30_4.RCP,1,84.64132231,0.125831127,GA_roulette_hybrid_random_heuristic_withLS_noNeighborhood,55,1000,1,50,60,,,,,,random,hybrid,heuristic,TRUE,,,,,,,0.9,0.1,roulette,3,TRUE,FALSE,0.5,0.1,0.35,5,0,,,,,,,,,,,,,,
J30_4.RCP,0,76.0231405,0.183701038,GA_roulette_hybrid_random_heuristic_noLS_withNeighborhood,55,1000,0,50,60,,,,,,random,hybrid,heuristic,FALSE,,,,,,,0.9,0.1,roulette,3,TRUE,FALSE,0.5,0.1,0.35,5,2,,,,,,,,,,,,,,
J30_4.RCP,1,80.16859504,0.179998875,GA_roulette_hybrid_random_heuristic_noLS_withNeighborhood,55,1000,1,50,60,,,,,,random,hybrid,heuristic,FALSE,,,,,,,0.9,0.1,roulette,3,TRUE,FALSE,0.5,0.1,0.35,5,2,,,,,,,,,,,,,,
J30_4.RCP,0,76.0231405,0.180911064,GA_roulette_hybrid_random_heuristic_noLS_noNeighborhood,55,1000,0,50,60,,,,,,random,hybrid,heuristic,FALSE,,,,,,,0.9,0.1,roulette,3,TRUE,FALSE,0.5,0.1,0.35,5,0,,,,,,,,,,,,,,
J30_4.RCP,1,80.16859504,0.181612015,GA_roulette_hybrid_random_heuristic_noLS_noNeighborhood,55,1000,1,50,60,,,,,,random,hybrid,heuristic,FALSE,,,,,,,0.9,0.1,roulette,3,TRUE,FALSE,0.5,0.1,0.35,5,0,,,,,,,,,,,,,,
J30_4.RCP,0,75.95041322,0.128539085,GA_roulette_hybrid_adaptive_random_withLS_withNeighborhood,55,1000,0,50,60,,,,,,adaptive,hybrid,random,TRUE,,,,,,,0.9,0.1,roulette,3,TRUE,FALSE,0.5,0.1,0.35,5,2,,,,,,,,,,,,,,
J30_4.RCP,1,76.49586777,0.129267931,GA_roulette_hybrid_adaptive_random_withLS_withNeighborhood,55,1000,1,50,60,,,,,,adaptive,hybrid,random,TRUE,,,,,,,0.9,0.1,roulette,3,TRUE,FALSE,0.5,0.1,0.35,5,2,,,,,,,,,,,,,,
J30_4.RCP,0,75.95041322,0.1598382,GA_roulette_hybrid_adaptive_random_withLS_noNeighborhood,55,1000,0,50,60,,,,,,adaptive,hybrid,random,TRUE,,,,,,,0.9,0.1,roulette,3,TRUE,FALSE,0.5,0.1,0.35,5,0,,,,,,,,,,,,,,
J30_4.RCP,1,76.49586777,0.147240877,GA_roulette_hybrid_adaptive_random_withLS_noNeighborhood,55,1000,1,50,60,,,,,,adaptive,hybrid,random,TRUE,,,,,,,0.9,0.1,roulette,3,TRUE,FALSE,0.5,0.1,0.35,5,0,,,,,,,,,,,,,,
J30_4.RCP,0,73.76859504,0.193248987,GA_roulette_hybrid_adaptive_random_noLS_withNeighborhood,55,1000,0,50,60,,,,,,adaptive,hybrid,random,FALSE,,,,,,,0.9,0.1,roulette,3,TRUE,FALSE,0.5,0.1,0.35,5,2,,,,,,,,,,,,,,
J30_4.RCP,1,76.49586777,0.739947081,GA_roulette_hybrid_adaptive_random_noLS_withNeighborhood,55,1000,1,50,60,,,,,,adaptive,hybrid,random,FALSE,,,,,,,0.9,0.1,roulette,3,TRUE,FALSE,0.5,0.1,0.35,5,2,,,,,,,,,,,,,,
J30_4.RCP,0,73.76859504,0.553385019,GA_roulette_hybrid_adaptive_random_noLS_noNeighborhood,55,1000,0,50,60,,,,,,adaptive,hybrid,random,FALSE,,,,,,,0.9,0.1,roulette,3,TRUE,FALSE,0.5,0.1,0.35,5,0,,,,,,,,,,,,,,
J30_4.RCP,1,76.49586777,0.201105833,GA_roulette_hybrid_adaptive_random_noLS_noNeighborhood,55,1000,1,50,60,,,,,,adaptive,hybrid,random,FALSE,,,,,,,0.9,0.1,roulette,3,TRUE,FALSE,0.5,0.1,0.35,5,0,,,,,,,,,,,,,,
J30_4.RCP,0,80.67768595,0.133122921,GA_roulette_hybrid_adaptive_heuristic_withLS_withNeighborhood,55,1000,0,50,60,,,,,,adaptive,hybrid,heuristic,TRUE,,,,,,,0.9,0.1,roulette,3,TRUE,FALSE,0.5,0.1,0.35,5,2,,,,,,,,,,,,,,
J30_4.RCP,1,73.65950413,0.138478041,GA_roulette_hybrid_adaptive_heuristic_withLS_withNeighborhood,55,1000,1,50,60,,,,,,adaptive,hybrid,heuristic,TRUE,,,,,,,0.9,0.1,roulette,3,TRUE,FALSE,0.5,0.1,0.35,5,2,,,,,,,,,,,,,,
J30_4.RCP,0,80.67768595,0.130877018,GA_roulette_hybrid_adaptive_heuristic_withLS_noNeighborhood,55,1000,0,50,60,,,,,,adaptive,hybrid,heuristic,TRUE,,,,,,,0.9,0.1,roulette,3,TRUE,FALSE,0.5,0.1,0.35,5,0,,,,,,,,,,,,,,
J30_4.RCP,1,73.65950413,0.129163027,GA_roulette_hybrid_adaptive_heuristic_withLS_noNeighborhood,55,1000,1,50,60,,,,,,adaptive,hybrid,heuristic,TRUE,,,,,,,0.9,0.1,roulette,3,TRUE,FALSE,0.5,0.1,0.35,5,0,,,,,,,,,,,,,,
J30_4.RCP,0,78.4231405,0.191468954,GA_roulette_hybrid_adaptive_heuristic_noLS_withNeighborhood,55,1000,0,50,60,,,,,,adaptive,hybrid,heuristic,FALSE,,,,,,,0.9,0.1,roulette,3,TRUE,FALSE,0.5,0.1,0.35,5,2,,,,,,,,,,,,,,
J30_4.RCP,1,73.65950413,0.189691067,GA_roulette_hybrid_adaptive_heuristic_noLS_withNeighborhood,55,1000,1,50,60,,,,,,adaptive,hybrid,heuristic,FALSE,,,,,,,0.9,0.1,roulette,3,TRUE,FALSE,0.5,0.1,0.35,5,2,,,,,,,,,,,,,,
J30_4.RCP,0,78.4231405,0.190190077,GA_roulette_hybrid_adaptive_heuristic_noLS_noNeighborhood,55,1000,0,50,60,,,,,,adaptive,hybrid,heuristic,FALSE,,,,,,,0.9,0.1,roulette,3,TRUE,FALSE,0.5,0.1,0.35,5,0,,,,,,,,,,,,,,
J30_4.RCP,1,73.65950413,0.188410044,GA_roulette_hybrid_adaptive_heuristic_noLS_noNeighborhood,55,1000,1,50,60,,,,,,adaptive,hybrid,heuristic,FALSE,,,,,,,0.9,0.1,roulette,3,TRUE,FALSE,0.5,0.1,0.35,5,0,,,,,,,,,,,,,,
J30_4.RCP,0,76.78677686,0.127391815,GA_tournament_single_point_random_random_withLS_withNeighborhood,55,1000,0,50,60,,,,,,random,single_point,random,TRUE,,,,,,,0.9,0.1,tournament,3,TRUE,FALSE,0.5,0.1,0.35,5,2,,,,,,,,,,,,,,
J30_4.RCP,1,73.15041322,0.126352072,GA_tournament_single_point_random_random_withLS_withNeighborhood,55,1000,1,50,60,,,,,,random,single_point,random,TRUE,,,,,,,0.9,0.1,tournament,3,TRUE,FALSE,0.5,0.1,0.35,5,2,,,,,,,,,,,,,,
J30_4.RCP,0,76.78677686,0.12789917,GA_tournament_single_point_random_random_withLS_noNeighborhood,55,1000,0,50,60,,,,,,random,single_point,random,TRUE,,,,,,,0.9,0.1,tournament,3,TRUE,FALSE,0.5,0.1,0.35,5,0,,,,,,,,,,,,,,
J30_4.RCP,1,73.15041322,0.127087116,GA_tournament_single_point_random_random_withLS_noNeighborhood,55,1000,1,50,60,,,,,,random,single_point,random,TRUE,,,,,,,0.9,0.1,tournament,3,TRUE,FALSE,0.5,0.1,0.35,5,0,,,,,,,,,,,,,,
J30_4.RCP,0,66.45950413,0.184677839,GA_tournament_single_point_random_random_noLS_withNeighborhood,55,1000,0,50,60,,,,,,random,single_point,random,FALSE,,,,,,,0.9,0.1,tournament,3,TRUE,FALSE,0.5,0.1,0.35,5,2,,,,,,,,,,,,,,
J30_4.RCP,1,61.29586777,0.182926178,GA_tournament_single_point_random_random_noLS_withNeighborhood,55,1000,1,50,60,,,,,,random,single_point,random,FALSE,,,,,,,0.9,0.1,tournament,3,TRUE,FALSE,0.5,0.1,0.35,5,2,,,,,,,,,,,,,,
J30_4.RCP,0,66.45950413,0.18492794,GA_tournament_single_point_random_random_noLS_noNeighborhood,55,1000,0,50,60,,,,,,random,single_point,random,FALSE,,,,,,,0.9,0.1,tournament,3,TRUE,FALSE,0.5,0.1,0.35,5,0,,,,,,,,,,,,,,
J30_4.RCP,1,61.29586777,0.184122086,GA_tournament_single_point_random_random_noLS_noNeighborhood,55,1000,1,50,60,,,,,,random,single_point,random,FALSE,,,,,,,0.9,0.1,tournament,3,TRUE,FALSE,0.5,0.1,0.35,5,0,,,,,,,,,,,,,,
J30_4.RCP,0,74.89586777,0.127965927,GA_tournament_single_point_random_heuristic_withLS_withNeighborhood,55,1000,0,50,60,,,,,,random,single_point,heuristic,TRUE,,,,,,,0.9,0.1,tournament,3,TRUE,FALSE,0.5,0.1,0.35,5,2,,,,,,,,,,,,,,
J30_4.RCP,1,71.44132231,0.126934052,GA_tournament_single_point_random_heuristic_withLS_withNeighborhood,55,1000,1,50,60,,,,,,random,single_point,heuristic,TRUE,,,,,,,0.9,0.1,tournament,3,TRUE,FALSE,0.5,0.1,0.35,5,2,,,,,,,,,,,,,,
J30_4.RCP,0,74.89586777,0.128289938,GA_tournament_single_point_random_heuristic_withLS_noNeighborhood,55,1000,0,50,60,,,,,,random,single_point,heuristic,TRUE,,,,,,,0.9,0.1,tournament,3,TRUE,FALSE,0.5,0.1,0.35,5,0,,,,,,,,,,,,,,
J30_4.RCP,1,71.44132231,0.12876296,GA_tournament_single_point_random_heuristic_withLS_noNeighborhood,55,1000,1,50,60,,,,,,random,single_point,heuristic,TRUE,,,,,,,0.9,0.1,tournament,3,TRUE,FALSE,0.5,0.1,0.35,5,0,,,,,,,,,,,,,,
J30_4.RCP,0,61.47768595,0.186166048,GA_tournament_single_point_random_heuristic_noLS_withNeighborhood,55,1000,0,50,60,,,,,,random,single_point,heuristic,FALSE,,,,,,,0.9,0.1,tournament,3,TRUE,FALSE,0.5,0.1,0.35,5,2,,,,,,,,,,,,,,
J30_4.RCP,1,59.51404959,0.186160326,GA_tournament_single_point_random_heuristic_noLS_withNeighborhood,55,1000,1,50,60,,,,,,random,single_point,heuristic,FALSE,,,,,,,0.9,0.1,tournament,3,TRUE,FALSE,0.5,0.1,0.35,5,2,,,,,,,,,,,,,,
J30_4.RCP,0,61.47768595,0.187248945,GA_tournament_single_point_random_heuristic_noLS_noNeighborhood,55,1000,0,50,60,,,,,,random,single_point,heuristic,FALSE,,,,,,,0.9,0.1,tournament,3,TRUE,FALSE,0.5,0.1,0.35,5,0,,,,,,,,,,,,,,
J30_4.RCP,1,59.51404959,0.186689138,GA_tournament_single_point_random_heuristic_noLS_noNeighborhood,55,1000,1,50,60,,,,,,random,single_point,heuristic,FALSE,,,,,,,0.9,0.1,tournament,3,TRUE,FALSE,0.5,0.1,0.35,5,0,,,,,,,,,,,,,,
J30_4.RCP,0,71.69586777,0.131804705,GA_tournament_single_point_adaptive_random_withLS_withNeighborhood,55,1000,0,50,60,,,,,,adaptive,single_point,random,TRUE,,,,,,,0.9,0.1,tournament,3,TRUE,FALSE,0.5,0.1,0.35,5,2,,,,,,,,,,,,,,
J30_4.RCP,1,77.47768595,0.130896091,GA_tournament_single_point_adaptive_random_withLS_withNeighborhood,55,1000,1,50,60,,,,,,adaptive,single_point,random,TRUE,,,,,,,0.9,0.1,tournament,3,TRUE,FALSE,0.5,0.1,0.35,5,2,,,,,,,,,,,,,,
J30_4.RCP,0,71.69586777,0.130996227,GA_tournament_single_point_adaptive_random_withLS_noNeighborhood,55,1000,0,50,60,,,,,,adaptive,single_point,random,TRUE,,,,,,,0.9,0.1,tournament,3,TRUE,FALSE,0.5,0.1,0.35,5,0,,,,,,,,,,,,,,
J30_4.RCP,1,77.47768595,0.128750086,GA_tournament_single_point_adaptive_random_withLS_noNeighborhood,55,1000,1,50,60,,,,,,adaptive,single_point,random,TRUE,,,,,,,0.9,0.1,tournament,3,TRUE,FALSE,0.5,0.1,0.35,5,0,,,,,,,,,,,,,,
J30_4.RCP,0,66.5322314,0.205818892,GA_tournament_single_point_adaptive_random_noLS_withNeighborhood,55,1000,0,50,60,,,,,,adaptive,single_point,random,FALSE,,,,,,,0.9,0.1,tournament,3,TRUE,FALSE,0.5,0.1,0.35,5,2,,,,,,,,,,,,,,
J30_4.RCP,1,62.60495868,0.195446014,GA_tournament_single_point_adaptive_random_noLS_withNeighborhood,55,1000,1,50,60,,,,,,adaptive,single_point,random,FALSE,,,,,,,0.9,0.1,tournament,3,TRUE,FALSE,0.5,0.1,0.35,5,2,,,,,,,,,,,,,,
J30_4.RCP,0,66.5322314,0.195522785,GA_tournament_single_point_adaptive_random_noLS_noNeighborhood,55,1000,0,50,60,,,,,,adaptive,single_point,random,FALSE,,,,,,,0.9,0.1,tournament,3,TRUE,FALSE,0.5,0.1,0.35,5,0,,,,,,,,,,,,,,
J30_4.RCP,1,62.60495868,0.194971323,GA_tournament_single_point_adaptive_random_noLS_noNeighborhood,55,1000,1,50,60,,,,,,adaptive,single_point,random,FALSE,,,,,,,0.9,0.1,tournament,3,TRUE,FALSE,0.5,0.1,0.35,5,0,,,,,,,,,,,,,,
J30_4.RCP,0,70.89586777,0.131629944,GA_tournament_single_point_adaptive_heuristic_withLS_withNeighborhood,55,1000,0,50,60,,,,,,adaptive,single_point,heuristic,TRUE,,,,,,,0.9,0.1,tournament,3,TRUE,FALSE,0.5,0.1,0.35,5,2,,,,,,,,,,,,,,
J30_4.RCP,1,77.11404959,0.129937887,GA_tournament_single_point_adaptive_heuristic_withLS_withNeighborhood,55,1000,1,50,60,,,,,,adaptive,single_point,heuristic,TRUE,,,,,,,0.9,0.1,tournament,3,TRUE,FALSE,0.5,0.1,0.35,5,2,,,,,,,,,,,,,,
J30_4.RCP,0,70.89586777,0.131967068,GA_tournament_single_point_adaptive_heuristic_withLS_noNeighborhood,55,1000,0,50,60,,,,,,adaptive,single_point,heuristic,TRUE,,,,,,,0.9,0.1,tournament,3,TRUE,FALSE,0.5,0.1,0.35,5,0,,,,,,,,,,,,,,
J30_4.RCP,1,77.11404959,0.129546165,GA_tournament_single_point_adaptive_heuristic_withLS_noNeighborhood,55,1000,1,50,60,,,,,,adaptive,single_point,heuristic,TRUE,,,,,,,0.9,0.1,tournament,3,TRUE,FALSE,0.5,0.1,0.35,5,0,,,,,,,,,,,,,,
J30_4.RCP,0,61.07768595,0.199494839,GA_tournament_single_point_adaptive_heuristic_noLS_withNeighborhood,55,1000,0,50,60,,,,,,adaptive,single_point,heuristic,FALSE,,,,,,,0.9,0.1,tournament,3,TRUE,FALSE,0.5,0.1,0.35,5,2,,,,,,,,,,,,,,
J30_4.RCP,1,66.60495868,0.194286108,GA_tournament_single_point_adaptive_heuristic_noLS_withNeighborhood,55,1000,1,50,60,,,,,,adaptive,single_point,heuristic,FALSE,,,,,,,0.9,0.1,tournament,3,TRUE,FALSE,0.5,0.1,0.35,5,2,,,,,,,,,,,,,,
J30_4.RCP,0,61.07768595,0.201735258,GA_tournament_single_point_adaptive_heuristic_noLS_noNeighborhood,55,1000,0,50,60,,,,,,adaptive,single_point,heuristic,FALSE,,,,,,,0.9,0.1,tournament,3,TRUE,FALSE,0.5,0.1,0.35,5,0,,,,,,,,,,,,,,
J30_4.RCP,1,66.60495868,0.196547985,GA_tournament_single_point_adaptive_heuristic_noLS_noNeighborhood,55,1000,1,50,60,,,,,,adaptive,single_point,heuristic,FALSE,,,,,,,0.9,0.1,tournament,3,TRUE,FALSE,0.5,0.1,0.35,5,0,,,,,,,,,,,,,,
J30_4.RCP,0,76.78677686,0.128084898,GA_tournament_two_point_random_random_withLS_withNeighborhood,55,1000,0,50,60,,,,,,random,two_point,random,TRUE,,,,,,,0.9,0.1,tournament,3,TRUE,FALSE,0.5,0.1,0.35,5,2,,,,,,,,,,,,,,
J30_4.RCP,1,74.89586777,0.128048897,GA_tournament_two_point_random_random_withLS_withNeighborhood,55,1000,1,50,60,,,,,,random,two_point,random,TRUE,,,,,,,0.9,0.1,tournament,3,TRUE,FALSE,0.5,0.1,0.35,5,2,,,,,,,,,,,,,,
J30_4.RCP,0,76.78677686,0.127810001,GA_tournament_two_point_random_random_withLS_noNeighborhood,55,1000,0,50,60,,,,,,random,two_point,random,TRUE,,,,,,,0.9,0.1,tournament,3,TRUE,FALSE,0.5,0.1,0.35,5,0,,,,,,,,,,,,,,
J30_4.RCP,1,74.89586777,0.133088112,GA_tournament_two_point_random_random_withLS_noNeighborhood,55,1000,1,50,60,,,,,,random,two_point,random,TRUE,,,,,,,0.9,0.1,tournament,3,TRUE,FALSE,0.5,0.1,0.35,5,0,,,,,,,,,,,,,,
J30_4.RCP,0,68.27768595,0.186607838,GA_tournament_two_point_random_random_noLS_withNeighborhood,55,1000,0,50,60,,,,,,random,two_point,random,FALSE,,,,,,,0.9,0.1,tournament,3,TRUE,FALSE,0.5,0.1,0.35,5,2,,,,,,,,,,,,,,
J30_4.RCP,1,59.98677686,0.282838106,GA_tournament_two_point_random_random_noLS_withNeighborhood,55,1000,1,50,60,,,,,,random,two_point,random,FALSE,,,,,,,0.9,0.1,tournament,3,TRUE,FALSE,0.5,0.1,0.35,5,2,,,,,,,,,,,,,,
J30_4.RCP,0,68.27768595,0.191800117,GA_tournament_two_point_random_random_noLS_noNeighborhood,55,1000,0,50,60,,,,,,random,two_point,random,FALSE,,,,,,,0.9,0.1,tournament,3,TRUE,FALSE,0.5,0.1,0.35,5,0,,,,,,,,,,,,,,
J30_4.RCP,1,59.98677686,0.196406126,GA_tournament_two_point_random_random_noLS_noNeighborhood,55,1000,1,50,60,,,,,,random,two_point,random,FALSE,,,,,,,0.9,0.1,tournament,3,TRUE,FALSE,0.5,0.1,0.35,5,0,,,,,,,,,,,,,,
J30_4.RCP,0,67.98677686,0.140380144,GA_tournament_two_point_random_heuristic_withLS_withNeighborhood,55,1000,0,50,60,,,,,,random,two_point,heuristic,TRUE,,,,,,,0.9,0.1,tournament,3,TRUE,FALSE,0.5,0.1,0.35,5,2,,,,,,,,,,,,,,
J30_4.RCP,1,72.38677686,0.130343199,GA_tournament_two_point_random_heuristic_withLS_withNeighborhood,55,1000,1,50,60,,,,,,random,two_point,heuristic,TRUE,,,,,,,0.9,0.1,tournament,3,TRUE,FALSE,0.5,0.1,0.35,5,2,,,,,,,,,,,,,,
J30_4.RCP,0,67.98677686,0.130126238,GA_tournament_two_point_random_heuristic_withLS_noNeighborhood,55,1000,0,50,60,,,,,,random,two_point,heuristic,TRUE,,,,,,,0.9,0.1,tournament,3,TRUE,FALSE,0.5,0.1,0.35,5,0,,,,,,,,,,,,,,
J30_4.RCP,1,72.38677686,0.131069183,GA_tournament_two_point_random_heuristic_withLS_noNeighborhood,55,1000,1,50,60,,,,,,random,two_point,heuristic,TRUE,,,,,,,0.9,0.1,tournament,3,TRUE,FALSE,0.5,0.1,0.35,5,0,,,,,,,,,,,,,,
J30_4.RCP,0,60.67768595,0.186527014,GA_tournament_two_point_random_heuristic_noLS_withNeighborhood,55,1000,0,50,60,,,,,,random,two_point,heuristic,FALSE,,,,,,,0.9,0.1,tournament,3,TRUE,FALSE,0.5,0.1,0.35,5,2,,,,,,,,,,,,,,
J30_4.RCP,1,57.95041322,0.187026024,GA_tournament_two_point_random_heuristic_noLS_withNeighborhood,55,1000,1,50,60,,,,,,random,two_point,heuristic,FALSE,,,,,,,0.9,0.1,tournament,3,TRUE,FALSE,0.5,0.1,0.35,5,2,,,,,,,,,,,,,,
J30_4.RCP,0,60.67768595,0.189881086,GA_tournament_two_point_random_heuristic_noLS_noNeighborhood,55,1000,0,50,60,,,,,,random,two_point,heuristic,FALSE,,,,,,,0.9,0.1,tournament,3,TRUE,FALSE,0.5,0.1,0.35,5,0,,,,,,,,,,,,,,
J30_4.RCP,1,57.95041322,0.187151194,GA_tournament_two_point_random_heuristic_noLS_noNeighborhood,55,1000,1,50,60,,,,,,random,two_point,heuristic,FALSE,,,,,,,0.9,0.1,tournament,3,TRUE,FALSE,0.5,0.1,0.35,5,0,,,,,,,,,,,,,,
J30_4.RCP,0,78.89586777,0.130708933,GA_tournament_two_point_adaptive_random_withLS_withNeighborhood,55,1000,0,50,60,,,,,,adaptive,two_point,random,TRUE,,,,,,,0.9,0.1,tournament,3,TRUE,FALSE,0.5,0.1,0.35,5,2,,,,,,,,,,,,,,
J30_4.RCP,1,72.85950413,0.130610943,GA_tournament_two_point_adaptive_random_withLS_withNeighborhood,55,1000,1,50,60,,,,,,adaptive,two_point,random,TRUE,,,,,,,0.9,0.1,tournament,3,TRUE,FALSE,0.5,0.1,0.35,5,2,,,,,,,,,,,,,,
J30_4.RCP,0,78.89586777,0.131603003,GA_tournament_two_point_adaptive_random_withLS_noNeighborhood,55,1000,0,50,60,,,,,,adaptive,two_point,random,TRUE,,,,,,,0.9,0.1,tournament,3,TRUE,FALSE,0.5,0.1,0.35,5,0,,,,,,,,,,,,,,
J30_4.RCP,1,72.85950413,0.130243063,GA_tournament_two_point_adaptive_random_withLS_noNeighborhood,55,1000,1,50,60,,,,,,adaptive,two_point,random,TRUE,,,,,,,0.9,0.1,tournament,3,TRUE,FALSE,0.5,0.1,0.35,5,0,,,,,,,,,,,,,,
J30_4.RCP,0,62.09586777,0.196747065,GA_tournament_two_point_adaptive_random_noLS_withNeighborhood,55,1000,0,50,60,,,,,,adaptive,two_point,random,FALSE,,,,,,,0.9,0.1,tournament,3,TRUE,FALSE,0.5,0.1,0.35,5,2,,,,,,,,,,,,,,
J30_4.RCP,1,65.51404959,0.200241089,GA_tournament_two_point_adaptive_random_noLS_withNeighborhood,55,1000,1,50,60,,,,,,adaptive,two_point,random,FALSE,,,,,,,0.9,0.1,tournament,3,TRUE,FALSE,0.5,0.1,0.35,5,2,,,,,,,,,,,,,,
J30_4.RCP,0,62.09586777,0.199333191,GA_tournament_two_point_adaptive_random_noLS_noNeighborhood,55,1000,0,50,60,,,,,,adaptive,two_point,random,FALSE,,,,,,,0.9,0.1,tournament,3,TRUE,FALSE,0.5,0.1,0.35,5,0,,,,,,,,,,,,,,
J30_4.RCP,1,65.51404959,0.196931124,GA_tournament_two_point_adaptive_random_noLS_noNeighborhood,55,1000,1,50,60,,,,,,adaptive,two_point,random,FALSE,,,,,,,0.9,0.1,tournament,3,TRUE,FALSE,0.5,0.1,0.35,5,0,,,,,,,,,,,,,,
J30_4.RCP,0,76.35041322,0.131084204,GA_tournament_two_point_adaptive_heuristic_withLS_withNeighborhood,55,1000,0,50,60,,,,,,adaptive,two_point,heuristic,TRUE,,,,,,,0.9,0.1,tournament,3,TRUE,FALSE,0.5,0.1,0.35,5,2,,,,,,,,,,,,,,
J30_4.RCP,1,72.5322314,0.129835129,GA_tournament_two_point_adaptive_heuristic_withLS_withNeighborhood,55,1000,1,50,60,,,,,,adaptive,two_point,heuristic,TRUE,,,,,,,0.9,0.1,tournament,3,TRUE,FALSE,0.5,0.1,0.35,5,2,,,,,,,,,,,,,,
J30_4.RCP,0,76.35041322,0.130777836,GA_tournament_two_point_adaptive_heuristic_withLS_noNeighborhood,55,1000,0,50,60,,,,,,adaptive,two_point,heuristic,TRUE,,,,,,,0.9,0.1,tournament,3,TRUE,FALSE,0.5,0.1,0.35,5,0,,,,,,,,,,,,,,
J30_4.RCP,1,72.5322314,0.132488012,GA_tournament_two_point_adaptive_heuristic_withLS_noNeighborhood,55,1000,1,50,60,,,,,,adaptive,two_point,heuristic,TRUE,,,,,,,0.9,0.1,tournament,3,TRUE,FALSE,0.5,0.1,0.35,5,0,,,,,,,,,,,,,,
J30_4.RCP,0,63.29586777,0.199172974,GA_tournament_two_point_adaptive_heuristic_noLS_withNeighborhood,55,1000,0,50,60,,,,,,adaptive,two_point,heuristic,FALSE,,,,,,,0.9,0.1,tournament,3,TRUE,FALSE,0.5,0.1,0.35,5,2,,,,,,,,,,,,,,
J30_4.RCP,1,66.85950413,0.200073957,GA_tournament_two_point_adaptive_heuristic_noLS_withNeighborhood,55,1000,1,50,60,,,,,,adaptive,two_point,heuristic,FALSE,,,,,,,0.9,0.1,tournament,3,TRUE,FALSE,0.5,0.1,0.35,5,2,,,,,,,,,,,,,,
J30_4.RCP,0,63.29586777,0.198019981,GA_tournament_two_point_adaptive_heuristic_noLS_noNeighborhood,55,1000,0,50,60,,,,,,adaptive,two_point,heuristic,FALSE,,,,,,,0.9,0.1,tournament,3,TRUE,FALSE,0.5,0.1,0.35,5,0,,,,,,,,,,,,,,
J30_4.RCP,1,66.85950413,0.196646929,GA_tournament_two_point_adaptive_heuristic_noLS_noNeighborhood,55,1000,1,50,60,,,,,,adaptive,two_point,heuristic,FALSE,,,,,,,0.9,0.1,tournament,3,TRUE,FALSE,0.5,0.1,0.35,5,0,,,,,,,,,,,,,,
J30_4.RCP,0,65.91404959,0.911299706,GA_tournament_rcx_random_random_withLS_withNeighborhood,55,1000,0,50,60,,,,,,random,rcx,random,TRUE,,,,,,,0.9,0.1,tournament,3,TRUE,FALSE,0.5,0.1,0.35,5,2,,,,,,,,,,,,,,
J30_4.RCP,1,74.64132231,0.880074978,GA_tournament_rcx_random_random_withLS_withNeighborhood,55,1000,1,50,60,,,,,,random,rcx,random,TRUE,,,,,,,0.9,0.1,tournament,3,TRUE,FALSE,0.5,0.1,0.35,5,2,,,,,,,,,,,,,,
J30_4.RCP,0,65.91404959,0.971264839,GA_tournament_rcx_random_random_withLS_noNeighborhood,55,1000,0,50,60,,,,,,random,rcx,random,TRUE,,,,,,,0.9,0.1,tournament,3,TRUE,FALSE,0.5,0.1,0.35,5,0,,,,,,,,,,,,,,
J30_4.RCP,1,74.64132231,0.882022858,GA_tournament_rcx_random_random_withLS_noNeighborhood,55,1000,1,50,60,,,,,,random,rcx,random,TRUE,,,,,,,0.9,0.1,tournament,3,TRUE,FALSE,0.5,0.1,0.35,5,0,,,,,,,,,,,,,,
J30_4.RCP,0,57.95041322,3.176943064,GA_tournament_rcx_random_random_noLS_withNeighborhood,55,1000,0,50,60,,,,,,random,rcx,random,FALSE,,,,,,,0.9,0.1,tournament,3,TRUE,FALSE,0.5,0.1,0.35,5,2,,,,,,,,,,,,,,
J30_4.RCP,1,60.8231405,3.181427956,GA_tournament_rcx_random_random_noLS_withNeighborhood,55,1000,1,50,60,,,,,,random,rcx,random,FALSE,,,,,,,0.9,0.1,tournament,3,TRUE,FALSE,0.5,0.1,0.35,5,2,,,,,,,,,,,,,,
J30_4.RCP,0,57.95041322,3.20068574,GA_tournament_rcx_random_random_noLS_noNeighborhood,55,1000,0,50,60,,,,,,random,rcx,random,FALSE,,,,,,,0.9,0.1,tournament,3,TRUE,FALSE,0.5,0.1,0.35,5,0,,,,,,,,,,,,,,
J30_4.RCP,1,60.8231405,3.124054193,GA_tournament_rcx_random_random_noLS_noNeighborhood,55,1000,1,50,60,,,,,,random,rcx,random,FALSE,,,,,,,0.9,0.1,tournament,3,TRUE,FALSE,0.5,0.1,0.35,5,0,,,,,,,,,,,,,,
J30_4.RCP,0,75.29586777,0.858784914,GA_tournament_rcx_random_heuristic_withLS_withNeighborhood,55,1000,0,50,60,,,,,,random,rcx,heuristic,TRUE,,,,,,,0.9,0.1,tournament,3,TRUE,FALSE,0.5,0.1,0.35,5,2,,,,,,,,,,,,,,
J30_4.RCP,1,67.7322314,0.945134163,GA_tournament_rcx_random_heuristic_withLS_withNeighborhood,55,1000,1,50,60,,,,,,random,rcx,heuristic,TRUE,,,,,,,0.9,0.1,tournament,3,TRUE,FALSE,0.5,0.1,0.35,5,2,,,,,,,,,,,,,,
J30_4.RCP,0,75.29586777,0.852500916,GA_tournament_rcx_random_heuristic_withLS_noNeighborhood,55,1000,0,50,60,,,,,,random,rcx,heuristic,TRUE,,,,,,,0.9,0.1,tournament,3,TRUE,FALSE,0.5,0.1,0.35,5,0,,,,,,,,,,,,,,
J30_4.RCP,1,67.7322314,0.906811953,GA_tournament_rcx_random_heuristic_withLS_noNeighborhood,55,1000,1,50,60,,,,,,random,rcx,heuristic,TRUE,,,,,,,0.9,0.1,tournament,3,TRUE,FALSE,0.5,0.1,0.35,5,0,,,,,,,,,,,,,,
J30_4.RCP,0,62.31404959,3.181488991,GA_tournament_rcx_random_heuristic_noLS_withNeighborhood,55,1000,0,50,60,,,,,,random,rcx,heuristic,FALSE,,,,,,,0.9,0.1,tournament,3,TRUE,FALSE,0.5,0.1,0.35,5,2,,,,,,,,,,,,,,
J30_4.RCP,1,57.2231405,3.095163107,GA_tournament_rcx_random_heuristic_noLS_withNeighborhood,55,1000,1,50,60,,,,,,random,rcx,heuristic,FALSE,,,,,,,0.9,0.1,tournament,3,TRUE,FALSE,0.5,0.1,0.35,5,2,,,,,,,,,,,,,,
J30_4.RCP,0,62.31404959,3.162181854,GA_tournament_rcx_random_heuristic_noLS_noNeighborhood,55,1000,0,50,60,,,,,,random,rcx,heuristic,FALSE,,,,,,,0.9,0.1,tournament,3,TRUE,FALSE,0.5,0.1,0.35,5,0,,,,,,,,,,,,,,
J30_4.RCP,1,57.2231405,3.159637928,GA_tournament_rcx_random_heuristic_noLS_noNeighborhood,55,1000,1,50,60,,,,,,random,rcx,heuristic,FALSE,,,,,,,0.9,0.1,tournament,3,TRUE,FALSE,0.5,0.1,0.35,5,0,,,,,,,,,,,,,,
J30_4.RCP,0,77.18677686,0.902556181,GA_tournament_rcx_adaptive_random_withLS_withNeighborhood,55,1000,0,50,60,,,,,,adaptive,rcx,random,TRUE,,,,,,,0.9,0.1,tournament,3,TRUE,FALSE,0.5,0.1,0.35,5,2,,,,,,,,,,,,,,
J30_4.RCP,1,74.78677686,0.896625757,GA_tournament_rcx_adaptive_random_withLS_withNeighborhood,55,1000,1,50,60,,,,,,adaptive,rcx,random,TRUE,,,,,,,0.9,0.1,tournament,3,TRUE,FALSE,0.5,0.1,0.35,5,2,,,,,,,,,,,,,,
J30_4.RCP,0,77.18677686,0.898827076,GA_tournament_rcx_adaptive_random_withLS_noNeighborhood,55,1000,0,50,60,,,,,,adaptive,rcx,random,TRUE,,,,,,,0.9,0.1,tournament,3,TRUE,FALSE,0.5,0.1,0.35,5,0,,,,,,,,,,,,,,
J30_4.RCP,1,74.78677686,0.888550282,GA_tournament_rcx_adaptive_random_withLS_noNeighborhood,55,1000,1,50,60,,,,,,adaptive,rcx,random,TRUE,,,,,,,0.9,0.1,tournament,3,TRUE,FALSE,0.5,0.1,0.35,5,0,,,,,,,,,,,,,,
J30_4.RCP,0,62.78677686,3.183394194,GA_tournament_rcx_adaptive_random_noLS_withNeighborhood,55,1000,0,50,60,,,,,,adaptive,rcx,random,FALSE,,,,,,,0.9,0.1,tournament,3,TRUE,FALSE,0.5,0.1,0.35,5,2,,,,,,,,,,,,,,
J30_4.RCP,1,64.16859504,3.155329227,GA_tournament_rcx_adaptive_random_noLS_withNeighborhood,55,1000,1,50,60,,,,,,adaptive,rcx,random,FALSE,,,,,,,0.9,0.1,tournament,3,TRUE,FALSE,0.5,0.1,0.35,5,2,,,,,,,,,,,,,,
J30_4.RCP,0,62.78677686,3.179453373,GA_tournament_rcx_adaptive_random_noLS_noNeighborhood,55,1000,0,50,60,,,,,,adaptive,rcx,random,FALSE,,,,,,,0.9,0.1,tournament,3,TRUE,FALSE,0.5,0.1,0.35,5,0,,,,,,,,,,,,,,
J30_4.RCP,1,64.16859504,3.134105682,GA_tournament_rcx_adaptive_random_noLS_noNeighborhood,55,1000,1,50,60,,,,,,adaptive,rcx,random,FALSE,,,,,,,0.9,0.1,tournament,3,TRUE,FALSE,0.5,0.1,0.35,5,0,,,,,,,,,,,,,,
J30_4.RCP,0,66.96859504,0.900052071,GA_tournament_rcx_adaptive_heuristic_withLS_withNeighborhood,55,1000,0,50,60,,,,,,adaptive,rcx,heuristic,TRUE,,,,,,,0.9,0.1,tournament,3,TRUE,FALSE,0.5,0.1,0.35,5,2,,,,,,,,,,,,,,
J30_4.RCP,1,78.71404959,0.835556984,GA_tournament_rcx_adaptive_heuristic_withLS_withNeighborhood,55,1000,1,50,60,,,,,,adaptive,rcx,heuristic,TRUE,,,,,,,0.9,0.1,tournament,3,TRUE,FALSE,0.5,0.1,0.35,5,2,,,,,,,,,,,,,,
J30_4.RCP,0,66.96859504,0.904917955,GA_tournament_rcx_adaptive_heuristic_withLS_noNeighborhood,55,1000,0,50,60,,,,,,adaptive,rcx,heuristic,TRUE,,,,,,,0.9,0.1,tournament,3,TRUE,FALSE,0.5,0.1,0.35,5,0,,,,,,,,,,,,,,
J30_4.RCP,1,78.71404959,0.839816332,GA_tournament_rcx_adaptive_heuristic_withLS_noNeighborhood,55,1000,1,50,60,,,,,,adaptive,rcx,heuristic,TRUE,,,,,,,0.9,0.1,tournament,3,TRUE,FALSE,0.5,0.1,0.35,5,0,,,,,,,,,,,,,,
J30_4.RCP,0,63.80495868,3.120908737,GA_tournament_rcx_adaptive_heuristic_noLS_withNeighborhood,55,1000,0,50,60,,,,,,adaptive,rcx,heuristic,FALSE,,,,,,,0.9,0.1,tournament,3,TRUE,FALSE,0.5,0.1,0.35,5,2,,,,,,,,,,,,,,
J30_4.RCP,1,62.56859504,3.070554018,GA_tournament_rcx_adaptive_heuristic_noLS_withNeighborhood,55,1000,1,50,60,,,,,,adaptive,rcx,heuristic,FALSE,,,,,,,0.9,0.1,tournament,3,TRUE,FALSE,0.5,0.1,0.35,5,2,,,,,,,,,,,,,,
J30_4.RCP,0,63.80495868,3.125613213,GA_tournament_rcx_adaptive_heuristic_noLS_noNeighborhood,55,1000,0,50,60,,,,,,adaptive,rcx,heuristic,FALSE,,,,,,,0.9,0.1,tournament,3,TRUE,FALSE,0.5,0.1,0.35,5,0,,,,,,,,,,,,,,
J30_4.RCP,1,62.56859504,3.08247304,GA_tournament_rcx_adaptive_heuristic_noLS_noNeighborhood,55,1000,1,50,60,,,,,,adaptive,rcx,heuristic,FALSE,,,,,,,0.9,0.1,tournament,3,TRUE,FALSE,0.5,0.1,0.35,5,0,,,,,,,,,,,,,,
J30_4.RCP,0,72.0231405,0.51450491,GA_tournament_hybrid_random_random_withLS_withNeighborhood,55,1000,0,50,60,,,,,,random,hybrid,random,TRUE,,,,,,,0.9,0.1,tournament,3,TRUE,FALSE,0.5,0.1,0.35,5,2,,,,,,,,,,,,,,
J30_4.RCP,1,67.00495868,0.516307831,GA_tournament_hybrid_random_random_withLS_withNeighborhood,55,1000,1,50,60,,,,,,random,hybrid,random,TRUE,,,,,,,0.9,0.1,tournament,3,TRUE,FALSE,0.5,0.1,0.35,5,2,,,,,,,,,,,,,,
J30_4.RCP,0,72.0231405,0.514134884,GA_tournament_hybrid_random_random_withLS_noNeighborhood,55,1000,0,50,60,,,,,,random,hybrid,random,TRUE,,,,,,,0.9,0.1,tournament,3,TRUE,FALSE,0.5,0.1,0.35,5,0,,,,,,,,,,,,,,
J30_4.RCP,1,67.00495868,0.515341043,GA_tournament_hybrid_random_random_withLS_noNeighborhood,55,1000,1,50,60,,,,,,random,hybrid,random,TRUE,,,,,,,0.9,0.1,tournament,3,TRUE,FALSE,0.5,0.1,0.35,5,0,,,,,,,,,,,,,,
J30_4.RCP,0,57.04132231,1.670791864,GA_tournament_hybrid_random_random_noLS_withNeighborhood,55,1000,0,50,60,,,,,,random,hybrid,random,FALSE,,,,,,,0.9,0.1,tournament,3,TRUE,FALSE,0.5,0.1,0.35,5,2,,,,,,,,,,,,,,
J30_4.RCP,1,60.5322314,1.664881229,GA_tournament_hybrid_random_random_noLS_withNeighborhood,55,1000,1,50,60,,,,,,random,hybrid,random,FALSE,,,,,,,0.9,0.1,tournament,3,TRUE,FALSE,0.5,0.1,0.35,5,2,,,,,,,,,,,,,,
J30_4.RCP,0,57.04132231,1.715055943,GA_tournament_hybrid_random_random_noLS_noNeighborhood,55,1000,0,50,60,,,,,,random,hybrid,random,FALSE,,,,,,,0.9,0.1,tournament,3,TRUE,FALSE,0.5,0.1,0.35,5,0,,,,,,,,,,,,,,
J30_4.RCP,1,60.5322314,1.659476995,GA_tournament_hybrid_random_random_noLS_noNeighborhood,55,1000,1,50,60,,,,,,random,hybrid,random,FALSE,,,,,,,0.9,0.1,tournament,3,TRUE,FALSE,0.5,0.1,0.35,5,0,,,,,,,,,,,,,,
J30_4.RCP,0,70.96859504,0.501593828,GA_tournament_hybrid_random_heuristic_withLS_withNeighborhood,55,1000,0,50,60,,,,,,random,hybrid,heuristic,TRUE,,,,,,,0.9,0.1,tournament,3,TRUE,FALSE,0.5,0.1,0.35,5,2,,,,,,,,,,,,,,
J30_4.RCP,1,69.87768595,0.497316122,GA_tournament_hybrid_random_heuristic_withLS_withNeighborhood,55,1000,1,50,60,,,,,,random,hybrid,heuristic,TRUE,,,,,,,0.9,0.1,tournament,3,TRUE,FALSE,0.5,0.1,0.35,5,2,,,,,,,,,,,,,,
J30_4.RCP,0,70.96859504,0.510107994,GA_tournament_hybrid_random_heuristic_withLS_noNeighborhood,55,1000,0,50,60,,,,,,random,hybrid,heuristic,TRUE,,,,,,,0.9,0.1,tournament,3,TRUE,FALSE,0.5,0.1,0.35,5,0,,,,,,,,,,,,,,
J30_4.RCP,1,69.87768595,0.495536804,GA_tournament_hybrid_random_heuristic_withLS_noNeighborhood,55,1000,1,50,60,,,,,,random,hybrid,heuristic,TRUE,,,,,,,0.9,0.1,tournament,3,TRUE,FALSE,0.5,0.1,0.35,5,0,,,,,,,,,,,,,,
J30_4.RCP,0,60.67768595,1.687300205,GA_tournament_hybrid_random_heuristic_noLS_withNeighborhood,55,1000,0,50,60,,,,,,random,hybrid,heuristic,FALSE,,,,,,,0.9,0.1,tournament,3,TRUE,FALSE,0.5,0.1,0.35,5,2,,,,,,,,,,,,,,
J30_4.RCP,1,58.5322314,1.684614182,GA_tournament_hybrid_random_heuristic_noLS_withNeighborhood,55,1000,1,50,60,,,,,,random,hybrid,heuristic,FALSE,,,,,,,0.9,0.1,tournament,3,TRUE,FALSE,0.5,0.1,0.35,5,2,,,,,,,,,,,,,,
J30_4.RCP,0,60.67768595,1.688252926,GA_tournament_hybrid_random_heuristic_noLS_noNeighborhood,55,1000,0,50,60,,,,,,random,hybrid,heuristic,FALSE,,,,,,,0.9,0.1,tournament,3,TRUE,FALSE,0.5,0.1,0.35,5,0,,,,,,,,,,,,,,
J30_4.RCP,1,58.5322314,1.679823875,GA_tournament_hybrid_random_heuristic_noLS_noNeighborhood,55,1000,1,50,60,,,,,,random,hybrid,heuristic,FALSE,,,,,,,0.9,0.1,tournament,3,TRUE,FALSE,0.5,0.1,0.35,5,0,,,,,,,,,,,,,,
J30_4.RCP,0,73.00495868,0.520874023,GA_tournament_hybrid_adaptive_random_withLS_withNeighborhood,55,1000,0,50,60,,,,,,adaptive,hybrid,random,TRUE,,,,,,,0.9,0.1,tournament,3,TRUE,FALSE,0.5,0.1,0.35,5,2,,,,,,,,,,,,,,
J30_4.RCP,1,72.96859504,0.494371891,GA_tournament_hybrid_adaptive_random_withLS_withNeighborhood,55,1000,1,50,60,,,,,,adaptive,hybrid,random,TRUE,,,,,,,0.9,0.1,tournament,3,TRUE,FALSE,0.5,0.1,0.35,5,2,,,,,,,,,,,,,,
J30_4.RCP,0,73.00495868,0.520509958,GA_tournament_hybrid_adaptive_random_withLS_noNeighborhood,55,1000,0,50,60,,,,,,adaptive,hybrid,random,TRUE,,,,,,,0.9,0.1,tournament,3,TRUE,FALSE,0.5,0.1,0.35,5,0,,,,,,,,,,,,,,
J30_4.RCP,1,72.96859504,0.491377831,GA_tournament_hybrid_adaptive_random_withLS_noNeighborhood,55,1000,1,50,60,,,,,,adaptive,hybrid,random,TRUE,,,,,,,0.9,0.1,tournament,3,TRUE,FALSE,0.5,0.1,0.35,5,0,,,,,,,,,,,,,,
J30_4.RCP,0,63.95041322,1.716830969,GA_tournament_hybrid_adaptive_random_noLS_withNeighborhood,55,1000,0,50,60,,,,,,adaptive,hybrid,random,FALSE,,,,,,,0.9,0.1,tournament,3,TRUE,FALSE,0.5,0.1,0.35,5,2,,,,,,,,,,,,,,
J30_4.RCP,1,65.98677686,1.696319818,GA_tournament_hybrid_adaptive_random_noLS_withNeighborhood,55,1000,1,50,60,,,,,,adaptive,hybrid,random,FALSE,,,,,,,0.9,0.1,tournament,3,TRUE,FALSE,0.5,0.1,0.35,5,2,,,,,,,,,,,,,,
J30_4.RCP,0,63.95041322,1.716402054,GA_tournament_hybrid_adaptive_random_noLS_noNeighborhood,55,1000,0,50,60,,,,,,adaptive,hybrid,random,FALSE,,,,,,,0.9,0.1,tournament,3,TRUE,FALSE,0.5,0.1,0.35,5,0,,,,,,,,,,,,,,
J30_4.RCP,1,65.98677686,1.701107025,GA_tournament_hybrid_adaptive_random_noLS_noNeighborhood,55,1000,1,50,60,,,,,,adaptive,hybrid,random,FALSE,,,,,,,0.9,0.1,tournament,3,TRUE,FALSE,0.5,0.1,0.35,5,0,,,,,,,,,,,,,,
J30_4.RCP,0,77.58677686,0.483913183,GA_tournament_hybrid_adaptive_heuristic_withLS_withNeighborhood,55,1000,0,50,60,,,,,,adaptive,hybrid,heuristic,TRUE,,,,,,,0.9,0.1,tournament,3,TRUE,FALSE,0.5,0.1,0.35,5,2,,,,,,,,,,,,,,
J30_4.RCP,1,75.18677686,0.504786968,GA_tournament_hybrid_adaptive_heuristic_withLS_withNeighborhood,55,1000,1,50,60,,,,,,adaptive,hybrid,heuristic,TRUE,,,,,,,0.9,0.1,tournament,3,TRUE,FALSE,0.5,0.1,0.35,5,2,,,,,,,,,,,,,,
J30_4.RCP,0,77.58677686,0.479151964,GA_tournament_hybrid_adaptive_heuristic_withLS_noNeighborhood,55,1000,0,50,60,,,,,,adaptive,hybrid,heuristic,TRUE,,,,,,,0.9,0.1,tournament,3,TRUE,FALSE,0.5,0.1,0.35,5,0,,,,,,,,,,,,,,
J30_4.RCP,1,75.18677686,0.509830236,GA_tournament_hybrid_adaptive_heuristic_withLS_noNeighborhood,55,1000,1,50,60,,,,,,adaptive,hybrid,heuristic,TRUE,,,,,,,0.9,0.1,tournament,3,TRUE,FALSE,0.5,0.1,0.35,5,0,,,,,,,,,,,,,,
J30_4.RCP,0,64.27768595,1.716278076,GA_tournament_hybrid_adaptive_heuristic_noLS_withNeighborhood,55,1000,0,50,60,,,,,,adaptive,hybrid,heuristic,FALSE,,,,,,,0.9,0.1,tournament,3,TRUE,FALSE,0.5,0.1,0.35,5,2,,,,,,,,,,,,,,
J30_4.RCP,1,63.00495868,1.659204006,GA_tournament_hybrid_adaptive_heuristic_noLS_withNeighborhood,55,1000,1,50,60,,,,,,adaptive,hybrid,heuristic,FALSE,,,,,,,0.9,0.1,tournament,3,TRUE,FALSE,0.5,0.1,0.35,5,2,,,,,,,,,,,,,,
J30_4.RCP,0,64.27768595,1.716567039,GA_tournament_hybrid_adaptive_heuristic_noLS_noNeighborhood,55,1000,0,50,60,,,,,,adaptive,hybrid,heuristic,FALSE,,,,,,,0.9,0.1,tournament,3,TRUE,FALSE,0.5,0.1,0.35,5,0,,,,,,,,,,,,,,
J30_4.RCP,1,63.00495868,1.668553829,GA_tournament_hybrid_adaptive_heuristic_noLS_noNeighborhood,55,1000,1,50,60,,,,,,adaptive,hybrid,heuristic,FALSE,,,,,,,0.9,0.1,tournament,3,TRUE,FALSE,0.5,0.1,0.35,5,0,,,,,,,,,,,,,,
J30_4.RCP,0,76.20495868,0.108928204,SA_default,55,1000,0,,60,,,,,,,,,,,,,,,,,,,,,,,,,,,10000,0.995,10,,,,,,,,,,,
J30_4.RCP,1,76.8231405,0.110209942,SA_default,55,1000,1,,60,,,,,,,,,,,,,,,,,,,,,,,,,,,10000,0.995,10,,,,,,,,,,,
J30_4.RCP,0,69.2231405,0.102340221,ILS_strength3,55,1000,0,,60,100,,,,,,,,,,,,,,,,,,,,,,,,,,,,,3,,,,,,,,,,
J30_4.RCP,1,73.3322314,0.102310896,ILS_strength3,55,1000,1,,60,100,,,,,,,,,,,,,,,,,,,,,,,,,,,,,3,,,,,,,,,,
J30_4.RCP,0,69.2231405,0.10340023,ILS_strength5,55,1000,0,,60,100,,,,,,,,,,,,,,,,,,,,,,,,,,,,,5,,,,,,,,,,
J30_4.RCP,1,73.3322314,0.105212927,ILS_strength5,55,1000,1,,60,100,,,,,,,,,,,,,,,,,,,,,,,,,,,,,5,,,,,,,,,,
J30_4.RCP,0,69.2231405,0.10495615,ILS_strength7,55,1000,0,,60,100,,,,,,,,,,,,,,,,,,,,,,,,,,,,,7,,,,,,,,,,
J30_4.RCP,1,73.3322314,0.104593039,ILS_strength7,55,1000,1,,60,100,,,,,,,,,,,,,,,,,,,,,,,,,,,,,7,,,,,,,,,,
J30_4.RCP,0,69.2231405,0.102510214,ILS_strength10,55,1000,0,,60,100,,,,,,,,,,,,,,,,,,,,,,,,,,,,,10,,,,,,,,,,
J30_4.RCP,1,73.3322314,0.102184772,ILS_strength10,55,1000,1,,60,100,,,,,,,,,,,,,,,,,,,,,,,,,,,,,10,,,,,,,,,,
J30_4.RCP,0,69.2231405,0.101016283,ILS_strength15,55,1000,0,,60,100,,,,,,,,,,,,,,,,,,,,,,,,,,,,,15,,,,,,,,,,
J30_4.RCP,1,73.3322314,0.100368738,ILS_strength15,55,1000,1,,60,100,,,,,,,,,,,,,,,,,,,,,,,,,,,,,15,,,,,,,,,,
J30_4.RCP,0,58.09586777,0.116280079,TS_static,55,1000,0,,60,100,,,,,,,,,,,,,,,,,,,,,,,,,20,,,,,10,TRUE,static,1,4,10,,,,
J30_4.RCP,1,54.45950413,0.113298178,TS_static,55,1000,1,,60,100,,,,,,,,,,,,,,,,,,,,,,,,,20,,,,,10,TRUE,static,1,4,10,,,,
J30_4.RCP,0,58.09586777,0.112963915,TS_dynamic,55,1000,0,,60,100,,,,,,,,,,,,,,,,,,,,,,,,,20,,,,,10,TRUE,dynamic,1,4,10,,,,
J30_4.RCP,1,54.45950413,0.130795956,TS_dynamic,55,1000,1,,60,100,,,,,,,,,,,,,,,,,,,,,,,,,20,,,,,10,TRUE,dynamic,1,4,10,,,,
J30_4.RCP,0,94.60495868,0.124743223,PR_forward_best_withLS,55,1000,0,,60,100,,,,,,,,TRUE,,,,,,,,,best,,,,,,,,,,,,,,,,,,,10,forward,50,
J30_4.RCP,1,109.5867769,0.125982046,PR_forward_best_withLS,55,1000,1,,60,100,,,,,,,,TRUE,,,,,,,,,best,,,,,,,,,,,,,,,,,,,10,forward,50,
J30_4.RCP,0,81.69586777,0.047173977,PR_forward_best_noLS,55,1000,0,,60,100,,,,,,,,FALSE,,,,,,,,,best,,,,,,,,,,,,,,,,,,,10,forward,50,
J30_4.RCP,1,84.8231405,0.044548988,PR_forward_best_noLS,55,1000,1,,60,100,,,,,,,,FALSE,,,,,,,,,best,,,,,,,,,,,,,,,,,,,10,forward,50,
J30_4.RCP,0,103.5140496,0.125252247,PR_backward_best_withLS,55,1000,0,,60,100,,,,,,,,TRUE,,,,,,,,,best,,,,,,,,,,,,,,,,,,,10,backward,50,
J30_4.RCP,1,116.8595041,0.125618935,PR_backward_best_withLS,55,1000,1,,60,100,,,,,,,,TRUE,,,,,,,,,best,,,,,,,,,,,,,,,,,,,10,backward,50,
J30_4.RCP,0,85.36859504,0.043686152,PR_backward_best_noLS,55,1000,0,,60,100,,,,,,,,FALSE,,,,,,,,,best,,,,,,,,,,,,,,,,,,,10,backward,50,
J30_4.RCP,1,92.56859504,0.037608862,PR_backward_best_noLS,55,1000,1,,60,100,,,,,,,,FALSE,,,,,,,,,best,,,,,,,,,,,,,,,,,,,10,backward,50,
J30_4.RCP,0,94.16859504,0.837043047,GSA_default,55,1000,0,50,60,100,,,,,,,random,,,,,,,,,,,,TRUE,,20,,,,,,,,,,,,,,,,,,100
J30_4.RCP,1,92.89586777,0.840166092,GSA_default,55,1000,1,50,60,100,,,,,,,random,,,,,,,,,,,,TRUE,,20,,,,,,,,,,,,,,,,,,100
J60_1.RCP,0,111.5382021,0.256226063,DE_rand/1_adaptiveF_bin_adaptiveCR_withLS,77,1000,0,50,60,100,0.1,0.9,TRUE,TRUE,rand/1,bin,random,TRUE,5,0.3,1.5,0.3,1,1,,,,,,,,,,,,,,,,,,,,,,,,,
J60_1.RCP,1,111.1745657,0.257822037,DE_rand/1_adaptiveF_bin_adaptiveCR_withLS,77,1000,1,50,60,100,0.1,0.9,TRUE,TRUE,rand/1,bin,random,TRUE,5,0.3,1.5,0.3,1,1,,,,,,,,,,,,,,,,,,,,,,,,,
J60_1.RCP,0,109.0187215,0.253579855,DE_rand/1_adaptiveF_bin_adaptiveCR_noLS,77,1000,0,50,60,100,0.1,0.9,TRUE,TRUE,rand/1,bin,random,FALSE,5,0.3,1.5,0.3,1,1,,,,,,,,,,,,,,,,,,,,,,,,,
J60_1.RCP,1,112.8628774,0.25473094,DE_rand/1_adaptiveF_bin_adaptiveCR_noLS,77,1000,1,50,60,100,0.1,0.9,TRUE,TRUE,rand/1,bin,random,FALSE,5,0.3,1.5,0.3,1,1,,,,,,,,,,,,,,,,,,,,,,,,,
J60_1.RCP,0,106.7589813,0.25366807,DE_rand/1_adaptiveF_bin_fixedCR_withLS,77,1000,0,50,60,100,0.1,0.9,TRUE,FALSE,rand/1,bin,random,TRUE,5,0.3,1.5,0.3,1,1,,,,,,,,,,,,,,,,,,,,,,,,,
J60_1.RCP,1,104.7589813,0.256114244,DE_rand/1_adaptiveF_bin_fixedCR_withLS,77,1000,1,50,60,100,0.1,0.9,TRUE,FALSE,rand/1,bin,random,TRUE,5,0.3,1.5,0.3,1,1,,,,,,,,,,,,,,,,,,,,,,,,,
J60_1.RCP,0,107.7200202,0.250926018,DE_rand/1_adaptiveF_bin_fixedCR_noLS,77,1000,0,50,60,100,0.1,0.9,TRUE,FALSE,rand/1,bin,random,FALSE,5,0.3,1.5,0.3,1,1,,,,,,,,,,,,,,,,,,,,,,,,,
J60_1.RCP,1,99.74599427,0.250231266,DE_rand/1_adaptiveF_bin_fixedCR_noLS,77,1000,1,50,60,100,0.1,0.9,TRUE,FALSE,rand/1,bin,random,FALSE,5,0.3,1.5,0.3,1,1,,,,,,,,,,,,,,,,,,,,,,,,,
J60_1.RCP,0,110.8628774,0.258126736,DE_rand/1_adaptiveF_exp_adaptiveCR_withLS,77,1000,0,50,60,100,0.1,0.9,TRUE,TRUE,rand/1,exp,random,TRUE,5,0.3,1.5,0.3,1,1,,,,,,,,,,,,,,,,,,,,,,,,,
J60_1.RCP,1,109.9537865,0.259386063,DE_rand/1_adaptiveF_exp_adaptiveCR_withLS,77,1000,1,50,60,100,0.1,0.9,TRUE,TRUE,rand/1,exp,random,TRUE,5,0.3,1.5,0.3,1,1,,,,,,,,,,,,,,,,,,,,,,,,,
J60_1.RCP,0,108.525215,0.255066156,DE_rand/1_adaptiveF_exp_adaptiveCR_noLS,77,1000,0,50,60,100,0.1,0.9,TRUE,TRUE,rand/1,exp,random,FALSE,5,0.3,1.5,0.3,1,1,,,,,,,,,,,,,,,,,,,,,,,,,
J60_1.RCP,1,111.7200202,0.256160975,DE_rand/1_adaptiveF_exp_adaptiveCR_noLS,77,1000,1,50,60,100,0.1,0.9,TRUE,TRUE,rand/1,exp,random,FALSE,5,0.3,1.5,0.3,1,1,,,,,,,,,,,,,,,,,,,,,,,,,
J60_1.RCP,0,104.8369034,0.258248329,DE_rand/1_adaptiveF_exp_fixedCR_withLS,77,1000,0,50,60,100,0.1,0.9,TRUE,FALSE,rand/1,exp,random,TRUE,5,0.3,1.5,0.3,1,1,,,,,,,,,,,,,,,,,,,,,,,,,
J60_1.RCP,1,107.1226176,0.256553173,DE_rand/1_adaptiveF_exp_fixedCR_withLS,77,1000,1,50,60,100,0.1,0.9,TRUE,FALSE,rand/1,exp,random,TRUE,5,0.3,1.5,0.3,1,1,,,,,,,,,,,,,,,,,,,,,,,,,
J60_1.RCP,0,88.81092933,0.25318718,DE_rand/1_adaptiveF_exp_fixedCR_noLS,77,1000,0,50,60,100,0.1,0.9,TRUE,FALSE,rand/1,exp,random,FALSE,5,0.3,1.5,0.3,1,1,,,,,,,,,,,,,,,,,,,,,,,,,
J60_1.RCP,1,102.0317086,0.253102064,DE_rand/1_adaptiveF_exp_fixedCR_noLS,77,1000,1,50,60,100,0.1,0.9,TRUE,FALSE,rand/1,exp,random,FALSE,5,0.3,1.5,0.3,1,1,,,,,,,,,,,,,,,,,,,,,,,,,
J60_1.RCP,0,120.1096306,0.268709183,DE_rand/1_fixedF_bin_adaptiveCR_withLS,77,1000,0,50,60,100,0.1,0.9,FALSE,TRUE,rand/1,bin,random,TRUE,5,0.3,1.5,0.3,1,1,,,,,,,,,,,,,,,,,,,,,,,,,
J60_1.RCP,1,113.6940462,0.265994072,DE_rand/1_fixedF_bin_adaptiveCR_withLS,77,1000,1,50,60,100,0.1,0.9,FALSE,TRUE,rand/1,bin,random,TRUE,5,0.3,1.5,0.3,1,1,,,,,,,,,,,,,,,,,,,,,,,,,
J60_1.RCP,0,117.8239163,0.261710882,DE_rand/1_fixedF_bin_adaptiveCR_noLS,77,1000,0,50,60,100,0.1,0.9,FALSE,TRUE,rand/1,bin,random,FALSE,5,0.3,1.5,0.3,1,1,,,,,,,,,,,,,,,,,,,,,,,,,
J60_1.RCP,1,107.8758644,0.263761997,DE_rand/1_fixedF_bin_adaptiveCR_noLS,77,1000,1,50,60,100,0.1,0.9,FALSE,TRUE,rand/1,bin,random,FALSE,5,0.3,1.5,0.3,1,1,,,,,,,,,,,,,,,,,,,,,,,,,
J60_1.RCP,0,112.9407995,0.262840748,DE_rand/1_fixedF_bin_fixedCR_withLS,77,1000,0,50,60,100,0.1,0.9,FALSE,FALSE,rand/1,bin,random,TRUE,5,0.3,1.5,0.3,1,1,,,,,,,,,,,,,,,,,,,,,,,,,
J60_1.RCP,1,107.1745657,0.261555195,DE_rand/1_fixedF_bin_fixedCR_withLS,77,1000,1,50,60,100,0.1,0.9,FALSE,FALSE,rand/1,bin,random,TRUE,5,0.3,1.5,0.3,1,1,,,,,,,,,,,,,,,,,,,,,,,,,
J60_1.RCP,0,108.7070332,0.258093119,DE_rand/1_fixedF_bin_fixedCR_noLS,77,1000,0,50,60,100,0.1,0.9,FALSE,FALSE,rand/1,bin,random,FALSE,5,0.3,1.5,0.3,1,1,,,,,,,,,,,,,,,,,,,,,,,,,
J60_1.RCP,1,102.1096306,0.257145166,DE_rand/1_fixedF_bin_fixedCR_noLS,77,1000,1,50,60,100,0.1,0.9,FALSE,FALSE,rand/1,bin,random,FALSE,5,0.3,1.5,0.3,1,1,,,,,,,,,,,,,,,,,,,,,,,,,
J60_1.RCP,0,114.3953449,0.268101215,DE_rand/1_fixedF_exp_adaptiveCR_withLS,77,1000,0,50,60,100,0.1,0.9,FALSE,TRUE,rand/1,exp,random,TRUE,5,0.3,1.5,0.3,1,1,,,,,,,,,,,,,,,,,,,,,,,,,
J60_1.RCP,1,107.3044358,0.268539906,DE_rand/1_fixedF_exp_adaptiveCR_withLS,77,1000,1,50,60,100,0.1,0.9,FALSE,TRUE,rand/1,exp,random,TRUE,5,0.3,1.5,0.3,1,1,,,,,,,,,,,,,,,,,,,,,,,,,
J60_1.RCP,0,117.0446956,0.266484976,DE_rand/1_fixedF_exp_adaptiveCR_noLS,77,1000,0,50,60,100,0.1,0.9,FALSE,TRUE,rand/1,exp,random,FALSE,5,0.3,1.5,0.3,1,1,,,,,,,,,,,,,,,,,,,,,,,,,
J60_1.RCP,1,113.46028,0.385380745,DE_rand/1_fixedF_exp_adaptiveCR_noLS,77,1000,1,50,60,100,0.1,0.9,FALSE,TRUE,rand/1,exp,random,FALSE,5,0.3,1.5,0.3,1,1,,,,,,,,,,,,,,,,,,,,,,,,,
J60_1.RCP,0,112.0057345,0.265607119,DE_rand/1_fixedF_exp_fixedCR_withLS,77,1000,0,50,60,100,0.1,0.9,FALSE,FALSE,rand/1,exp,random,TRUE,5,0.3,1.5,0.3,1,1,,,,,,,,,,,,,,,,,,,,,,,,,
J60_1.RCP,1,104.3433969,0.26267314,DE_rand/1_fixedF_exp_fixedCR_withLS,77,1000,1,50,60,100,0.1,0.9,FALSE,FALSE,rand/1,exp,random,TRUE,5,0.3,1.5,0.3,1,1,,,,,,,,,,,,,,,,,,,,,,,,,
J60_1.RCP,0,105.0446956,0.2588799,DE_rand/1_fixedF_exp_fixedCR_noLS,77,1000,0,50,60,100,0.1,0.9,FALSE,FALSE,rand/1,exp,random,FALSE,5,0.3,1.5,0.3,1,1,,,,,,,,,,,,,,,,,,,,,,,,,
J60_1.RCP,1,106.9927475,0.26033783,DE_rand/1_fixedF_exp_fixedCR_noLS,77,1000,1,50,60,100,0.1,0.9,FALSE,FALSE,rand/1,exp,random,FALSE,5,0.3,1.5,0.3,1,1,,,,,,,,,,,,,,,,,,,,,,,,,
J60_1.RCP,0,108.1356047,0.263528109,DE_rand/2_adaptiveF_bin_adaptiveCR_withLS,77,1000,0,50,60,100,0.1,0.9,TRUE,TRUE,rand/2,bin,random,TRUE,5,0.3,1.5,0.3,1,1,,,,,,,,,,,,,,,,,,,,,,,,,
J60_1.RCP,1,106.7330073,0.260719299,DE_rand/2_adaptiveF_bin_adaptiveCR_withLS,77,1000,1,50,60,100,0.1,0.9,TRUE,TRUE,rand/2,bin,random,TRUE,5,0.3,1.5,0.3,1,1,,,,,,,,,,,,,,,,,,,,,,,,,
J60_1.RCP,0,112.0317086,0.255632162,DE_rand/2_adaptiveF_bin_adaptiveCR_noLS,77,1000,0,50,60,100,0.1,0.9,TRUE,TRUE,rand/2,bin,random,FALSE,5,0.3,1.5,0.3,1,1,,,,,,,,,,,,,,,,,,,,,,,,,
J60_1.RCP,1,111.434306,0.258332014,DE_rand/2_adaptiveF_bin_adaptiveCR_noLS,77,1000,1,50,60,100,0.1,0.9,TRUE,TRUE,rand/2,bin,random,FALSE,5,0.3,1.5,0.3,1,1,,,,,,,,,,,,,,,,,,,,,,,,,
J60_1.RCP,0,105.1745657,0.258436918,DE_rand/2_adaptiveF_bin_fixedCR_withLS,77,1000,0,50,60,100,0.1,0.9,TRUE,FALSE,rand/2,bin,random,TRUE,5,0.3,1.5,0.3,1,1,,,,,,,,,,,,,,,,,,,,,,,,,
J60_1.RCP,1,108.0317086,0.258632898,DE_rand/2_adaptiveF_bin_fixedCR_withLS,77,1000,1,50,60,100,0.1,0.9,TRUE,FALSE,rand/2,bin,random,TRUE,5,0.3,1.5,0.3,1,1,,,,,,,,,,,,,,,,,,,,,,,,,
J60_1.RCP,0,104.9667735,0.25741291,DE_rand/2_adaptiveF_bin_fixedCR_noLS,77,1000,0,50,60,100,0.1,0.9,TRUE,FALSE,rand/2,bin,random,FALSE,5,0.3,1.5,0.3,1,1,,,,,,,,,,,,,,,,,,,,,,,,,
J60_1.RCP,1,108.1615787,0.255608797,DE_rand/2_adaptiveF_bin_fixedCR_noLS,77,1000,1,50,60,100,0.1,0.9,TRUE,FALSE,rand/2,bin,random,FALSE,5,0.3,1.5,0.3,1,1,,,,,,,,,,,,,,,,,,,,,,,,,
J60_1.RCP,0,111.5641761,0.268655062,DE_rand/2_adaptiveF_exp_adaptiveCR_withLS,77,1000,0,50,60,100,0.1,0.9,TRUE,TRUE,rand/2,exp,random,TRUE,5,0.3,1.5,0.3,1,1,,,,,,,,,,,,,,,,,,,,,,,,,
J60_1.RCP,1,110.5511891,0.270875931,DE_rand/2_adaptiveF_exp_adaptiveCR_withLS,77,1000,1,50,60,100,0.1,0.9,TRUE,TRUE,rand/2,exp,random,TRUE,5,0.3,1.5,0.3,1,1,,,,,,,,,,,,,,,,,,,,,,,,,
J60_1.RCP,0,110.0057345,0.265968084,DE_rand/2_adaptiveF_exp_adaptiveCR_noLS,77,1000,0,50,60,100,0.1,0.9,TRUE,TRUE,rand/2,exp,random,FALSE,5,0.3,1.5,0.3,1,1,,,,,,,,,,,,,,,,,,,,,,,,,
J60_1.RCP,1,109.6680722,0.258057117,DE_rand/2_adaptiveF_exp_adaptiveCR_noLS,77,1000,1,50,60,100,0.1,0.9,TRUE,TRUE,rand/2,exp,random,FALSE,5,0.3,1.5,0.3,1,1,,,,,,,,,,,,,,,,,,,,,,,,,
J60_1.RCP,0,111.7979423,0.259627104,DE_rand/2_adaptiveF_exp_fixedCR_withLS,77,1000,0,50,60,100,0.1,0.9,TRUE,FALSE,rand/2,exp,random,TRUE,5,0.3,1.5,0.3,1,1,,,,,,,,,,,,,,,,,,,,,,,,,
J60_1.RCP,1,100.0317086,0.259935856,DE_rand/2_adaptiveF_exp_fixedCR_withLS,77,1000,1,50,60,100,0.1,0.9,TRUE,FALSE,rand/2,exp,random,TRUE,5,0.3,1.5,0.3,1,1,,,,,,,,,,,,,,,,,,,,,,,,,
J60_1.RCP,0,105.0706696,0.25844717,DE_rand/2_adaptiveF_exp_fixedCR_noLS,77,1000,0,50,60,100,0.1,0.9,TRUE,FALSE,rand/2,exp,random,FALSE,5,0.3,1.5,0.3,1,1,,,,,,,,,,,,,,,,,,,,,,,,,
J60_1.RCP,1,99.84989037,0.257115126,DE_rand/2_adaptiveF_exp_fixedCR_noLS,77,1000,1,50,60,100,0.1,0.9,TRUE,FALSE,rand/2,exp,random,FALSE,5,0.3,1.5,0.3,1,1,,,,,,,,,,,,,,,,,,,,,,,,,
J60_1.RCP,0,113.1226176,0.284143925,DE_rand/2_fixedF_bin_adaptiveCR_withLS,77,1000,0,50,60,100,0.1,0.9,FALSE,TRUE,rand/2,bin,random,TRUE,5,0.3,1.5,0.3,1,1,,,,,,,,,,,,,,,,,,,,,,,,,
J60_1.RCP,1,114.7849553,0.283946991,DE_rand/2_fixedF_bin_adaptiveCR_withLS,77,1000,1,50,60,100,0.1,0.9,FALSE,TRUE,rand/2,bin,random,TRUE,5,0.3,1.5,0.3,1,1,,,,,,,,,,,,,,,,,,,,,,,,,
J60_1.RCP,0,112.9667735,0.277710199,DE_rand/2_fixedF_bin_adaptiveCR_noLS,77,1000,0,50,60,100,0.1,0.9,FALSE,TRUE,rand/2,bin,random,FALSE,5,0.3,1.5,0.3,1,1,,,,,,,,,,,,,,,,,,,,,,,,,
J60_1.RCP,1,106.2395008,0.276976824,DE_rand/2_fixedF_bin_adaptiveCR_noLS,77,1000,1,50,60,100,0.1,0.9,FALSE,TRUE,rand/2,bin,random,FALSE,5,0.3,1.5,0.3,1,1,,,,,,,,,,,,,,,,,,,,,,,,,
J60_1.RCP,0,106.9148254,0.276870966,DE_rand/2_fixedF_bin_fixedCR_withLS,77,1000,0,50,60,100,0.1,0.9,FALSE,FALSE,rand/2,bin,random,TRUE,5,0.3,1.5,0.3,1,1,,,,,,,,,,,,,,,,,,,,,,,,,
J60_1.RCP,1,103.3044358,0.272146225,DE_rand/2_fixedF_bin_fixedCR_withLS,77,1000,1,50,60,100,0.1,0.9,FALSE,FALSE,rand/2,bin,random,TRUE,5,0.3,1.5,0.3,1,1,,,,,,,,,,,,,,,,,,,,,,,,,
J60_1.RCP,0,104.7589813,0.267323256,DE_rand/2_fixedF_bin_fixedCR_noLS,77,1000,0,50,60,100,0.1,0.9,FALSE,FALSE,rand/2,bin,random,FALSE,5,0.3,1.5,0.3,1,1,,,,,,,,,,,,,,,,,,,,,,,,,
J60_1.RCP,1,103.512228,0.268502951,DE_rand/2_fixedF_bin_fixedCR_noLS,77,1000,1,50,60,100,0.1,0.9,FALSE,FALSE,rand/2,bin,random,FALSE,5,0.3,1.5,0.3,1,1,,,,,,,,,,,,,,,,,,,,,,,,,
J60_1.RCP,0,107.6420982,0.284756899,DE_rand/2_fixedF_exp_adaptiveCR_withLS,77,1000,0,50,60,100,0.1,0.9,FALSE,TRUE,rand/2,exp,random,TRUE,5,0.3,1.5,0.3,1,1,,,,,,,,,,,,,,,,,,,,,,,,,
J60_1.RCP,1,115.3563839,0.282845974,DE_rand/2_fixedF_exp_adaptiveCR_withLS,77,1000,1,50,60,100,0.1,0.9,FALSE,TRUE,rand/2,exp,random,TRUE,5,0.3,1.5,0.3,1,1,,,,,,,,,,,,,,,,,,,,,,,,,
J60_1.RCP,0,107.6420982,0.27998805,DE_rand/2_fixedF_exp_adaptiveCR_noLS,77,1000,0,50,60,100,0.1,0.9,FALSE,TRUE,rand/2,exp,random,FALSE,5,0.3,1.5,0.3,1,1,,,,,,,,,,,,,,,,,,,,,,,,,
J60_1.RCP,1,113.6161241,0.280860901,DE_rand/2_fixedF_exp_adaptiveCR_noLS,77,1000,1,50,60,100,0.1,0.9,FALSE,TRUE,rand/2,exp,random,FALSE,5,0.3,1.5,0.3,1,1,,,,,,,,,,,,,,,,,,,,,,,,,
J60_1.RCP,0,107.9278124,0.276883841,DE_rand/2_fixedF_exp_fixedCR_withLS,77,1000,0,50,60,100,0.1,0.9,FALSE,FALSE,rand/2,exp,random,TRUE,5,0.3,1.5,0.3,1,1,,,,,,,,,,,,,,,,,,,,,,,,,
J60_1.RCP,1,110.3693709,0.277451992,DE_rand/2_fixedF_exp_fixedCR_withLS,77,1000,1,50,60,100,0.1,0.9,FALSE,FALSE,rand/2,exp,random,TRUE,5,0.3,1.5,0.3,1,1,,,,,,,,,,,,,,,,,,,,,,,,,
J60_1.RCP,0,112.6291111,0.272102118,DE_rand/2_fixedF_exp_fixedCR_noLS,77,1000,0,50,60,100,0.1,0.9,FALSE,FALSE,rand/2,exp,random,FALSE,5,0.3,1.5,0.3,1,1,,,,,,,,,,,,,,,,,,,,,,,,,
J60_1.RCP,1,103.9278124,0.270488977,DE_rand/2_fixedF_exp_fixedCR_noLS,77,1000,1,50,60,100,0.1,0.9,FALSE,FALSE,rand/2,exp,random,FALSE,5,0.3,1.5,0.3,1,1,,,,,,,,,,,,,,,,,,,,,,,,,
J60_1.RCP,0,107.9018384,0.261556864,DE_best/1_adaptiveF_bin_adaptiveCR_withLS,77,1000,0,50,60,100,0.1,0.9,TRUE,TRUE,best/1,bin,random,TRUE,5,0.3,1.5,0.3,1,1,,,,,,,,,,,,,,,,,,,,,,,,,
J60_1.RCP,1,120.2135267,0.255614042,DE_best/1_adaptiveF_bin_adaptiveCR_withLS,77,1000,1,50,60,100,0.1,0.9,TRUE,TRUE,best/1,bin,random,TRUE,5,0.3,1.5,0.3,1,1,,,,,,,,,,,,,,,,,,,,,,,,,
J60_1.RCP,0,116.7070332,0.254392624,DE_best/1_adaptiveF_bin_adaptiveCR_noLS,77,1000,0,50,60,100,0.1,0.9,TRUE,TRUE,best/1,bin,random,FALSE,5,0.3,1.5,0.3,1,1,,,,,,,,,,,,,,,,,,,,,,,,,
J60_1.RCP,1,105.486254,0.254704952,DE_best/1_adaptiveF_bin_adaptiveCR_noLS,77,1000,1,50,60,100,0.1,0.9,TRUE,TRUE,best/1,bin,random,FALSE,5,0.3,1.5,0.3,1,1,,,,,,,,,,,,,,,,,,,,,,,,,
J60_1.RCP,0,98.99274751,0.255925179,DE_best/1_adaptiveF_bin_fixedCR_withLS,77,1000,0,50,60,100,0.1,0.9,TRUE,FALSE,best/1,bin,random,TRUE,5,0.3,1.5,0.3,1,1,,,,,,,,,,,,,,,,,,,,,,,,,
J60_1.RCP,1,98.99274751,0.255171061,DE_best/1_adaptiveF_bin_fixedCR_withLS,77,1000,1,50,60,100,0.1,0.9,TRUE,FALSE,best/1,bin,random,TRUE,5,0.3,1.5,0.3,1,1,,,,,,,,,,,,,,,,,,,,,,,,,
J60_1.RCP,0,98.73300725,0.255739927,DE_best/1_adaptiveF_bin_fixedCR_noLS,77,1000,0,50,60,100,0.1,0.9,TRUE,FALSE,best/1,bin,random,FALSE,5,0.3,1.5,0.3,1,1,,,,,,,,,,,,,,,,,,,,,,,,,
J60_1.RCP,1,95.33040985,0.255041122,DE_best/1_adaptiveF_bin_fixedCR_noLS,77,1000,1,50,60,100,0.1,0.9,TRUE,FALSE,best/1,bin,random,FALSE,5,0.3,1.5,0.3,1,1,,,,,,,,,,,,,,,,,,,,,,,,,
J60_1.RCP,0,108.9667735,0.260225058,DE_best/1_adaptiveF_exp_adaptiveCR_withLS,77,1000,0,50,60,100,0.1,0.9,TRUE,TRUE,best/1,exp,random,TRUE,5,0.3,1.5,0.3,1,1,,,,,,,,,,,,,,,,,,,,,,,,,
J60_1.RCP,1,110.9407995,0.258620977,DE_best/1_adaptiveF_exp_adaptiveCR_withLS,77,1000,1,50,60,100,0.1,0.9,TRUE,TRUE,best/1,exp,random,TRUE,5,0.3,1.5,0.3,1,1,,,,,,,,,,,,,,,,,,,,,,,,,
J60_1.RCP,0,102.9927475,0.254564762,DE_best/1_adaptiveF_exp_adaptiveCR_noLS,77,1000,0,50,60,100,0.1,0.9,TRUE,TRUE,best/1,exp,random,FALSE,5,0.3,1.5,0.3,1,1,,,,,,,,,,,,,,,,,,,,,,,,,
J60_1.RCP,1,111.5382021,0.257016897,DE_best/1_adaptiveF_exp_adaptiveCR_noLS,77,1000,1,50,60,100,0.1,0.9,TRUE,TRUE,best/1,exp,random,FALSE,5,0.3,1.5,0.3,1,1,,,,,,,,,,,,,,,,,,,,,,,,,
J60_1.RCP,0,100.7330073,0.265264034,DE_best/1_adaptiveF_exp_fixedCR_withLS,77,1000,0,50,60,100,0.1,0.9,TRUE,FALSE,best/1,exp,random,TRUE,5,0.3,1.5,0.3,1,1,,,,,,,,,,,,,,,,,,,,,,,,,
J60_1.RCP,1,98.44729297,0.260085821,DE_best/1_adaptiveF_exp_fixedCR_withLS,77,1000,1,50,60,100,0.1,0.9,TRUE,FALSE,best/1,exp,random,TRUE,5,0.3,1.5,0.3,1,1,,,,,,,,,,,,,,,,,,,,,,,,,
J60_1.RCP,0,86.88885141,0.254698992,DE_best/1_adaptiveF_exp_fixedCR_noLS,77,1000,0,50,60,100,0.1,0.9,TRUE,FALSE,best/1,exp,random,FALSE,5,0.3,1.5,0.3,1,1,,,,,,,,,,,,,,,,,,,,,,,,,
J60_1.RCP,1,99.53820206,0.256485939,DE_best/1_adaptiveF_exp_fixedCR_noLS,77,1000,1,50,60,100,0.1,0.9,TRUE,FALSE,best/1,exp,random,FALSE,5,0.3,1.5,0.3,1,1,,,,,,,,,,,,,,,,,,,,,,,,,
J60_1.RCP,0,97.12261764,0.271439075,DE_best/1_fixedF_bin_adaptiveCR_withLS,77,1000,0,50,60,100,0.1,0.9,FALSE,TRUE,best/1,bin,random,TRUE,5,0.3,1.5,0.3,1,1,,,,,,,,,,,,,,,,,,,,,,,,,
J60_1.RCP,1,110.0317086,0.269383907,DE_best/1_fixedF_bin_adaptiveCR_withLS,77,1000,1,50,60,100,0.1,0.9,FALSE,TRUE,best/1,bin,random,TRUE,5,0.3,1.5,0.3,1,1,,,,,,,,,,,,,,,,,,,,,,,,,
J60_1.RCP,0,97.92781245,0.275838852,DE_best/1_fixedF_bin_adaptiveCR_noLS,77,1000,0,50,60,100,0.1,0.9,FALSE,TRUE,best/1,bin,random,FALSE,5,0.3,1.5,0.3,1,1,,,,,,,,,,,,,,,,,,,,,,,,,
J60_1.RCP,1,94.81092933,0.265574932,DE_best/1_fixedF_bin_adaptiveCR_noLS,77,1000,1,50,60,100,0.1,0.9,FALSE,TRUE,best/1,bin,random,FALSE,5,0.3,1.5,0.3,1,1,,,,,,,,,,,,,,,,,,,,,,,,,
J60_1.RCP,0,91.09664362,0.25848484,DE_best/1_fixedF_bin_fixedCR_withLS,77,1000,0,50,60,100,0.1,0.9,FALSE,FALSE,best/1,bin,random,TRUE,5,0.3,1.5,0.3,1,1,,,,,,,,,,,,,,,,,,,,,,,,,
J60_1.RCP,1,94.75898128,0.260732174,DE_best/1_fixedF_bin_fixedCR_withLS,77,1000,1,50,60,100,0.1,0.9,FALSE,FALSE,best/1,bin,random,TRUE,5,0.3,1.5,0.3,1,1,,,,,,,,,,,,,,,,,,,,,,,,,
J60_1.RCP,0,93.59015011,0.253369808,DE_best/1_fixedF_bin_fixedCR_noLS,77,1000,0,50,60,100,0.1,0.9,FALSE,FALSE,best/1,bin,random,FALSE,5,0.3,1.5,0.3,1,1,,,,,,,,,,,,,,,,,,,,,,,,,
J60_1.RCP,1,96.47326699,0.253892899,DE_best/1_fixedF_bin_fixedCR_noLS,77,1000,1,50,60,100,0.1,0.9,FALSE,FALSE,best/1,bin,random,FALSE,5,0.3,1.5,0.3,1,1,,,,,,,,,,,,,,,,,,,,,,,,,
J60_1.RCP,0,94.86287738,0.274357319,DE_best/1_fixedF_exp_adaptiveCR_withLS,77,1000,0,50,60,100,0.1,0.9,FALSE,TRUE,best/1,exp,random,TRUE,5,0.3,1.5,0.3,1,1,,,,,,,,,,,,,,,,,,,,,,,,,
J60_1.RCP,1,107.5641761,0.269305706,DE_best/1_fixedF_exp_adaptiveCR_withLS,77,1000,1,50,60,100,0.1,0.9,FALSE,TRUE,best/1,exp,random,TRUE,5,0.3,1.5,0.3,1,1,,,,,,,,,,,,,,,,,,,,,,,,,
J60_1.RCP,0,93.53820206,0.26501298,DE_best/1_fixedF_exp_adaptiveCR_noLS,77,1000,0,50,60,100,0.1,0.9,FALSE,TRUE,best/1,exp,random,FALSE,5,0.3,1.5,0.3,1,1,,,,,,,,,,,,,,,,,,,,,,,,,
J60_1.RCP,1,99.12261764,0.265779018,DE_best/1_fixedF_exp_adaptiveCR_noLS,77,1000,1,50,60,100,0.1,0.9,FALSE,TRUE,best/1,exp,random,FALSE,5,0.3,1.5,0.3,1,1,,,,,,,,,,,,,,,,,,,,,,,,,
J60_1.RCP,0,83.59015011,0.261239052,DE_best/1_fixedF_exp_fixedCR_withLS,77,1000,0,50,60,100,0.1,0.9,FALSE,FALSE,best/1,exp,random,TRUE,5,0.3,1.5,0.3,1,1,,,,,,,,,,,,,,,,,,,,,,,,,
J60_1.RCP,1,92.73300725,0.261311293,DE_best/1_fixedF_exp_fixedCR_withLS,77,1000,1,50,60,100,0.1,0.9,FALSE,FALSE,best/1,exp,random,TRUE,5,0.3,1.5,0.3,1,1,,,,,,,,,,,,,,,,,,,,,,,,,
J60_1.RCP,0,86.65508517,0.253811836,DE_best/1_fixedF_exp_fixedCR_noLS,77,1000,0,50,60,100,0.1,0.9,FALSE,FALSE,best/1,exp,random,FALSE,5,0.3,1.5,0.3,1,1,,,,,,,,,,,,,,,,,,,,,,,,,
J60_1.RCP,1,94.88885141,0.257091284,DE_best/1_fixedF_exp_fixedCR_noLS,77,1000,1,50,60,100,0.1,0.9,FALSE,FALSE,best/1,exp,random,FALSE,5,0.3,1.5,0.3,1,1,,,,,,,,,,,,,,,,,,,,,,,,,
J60_1.RCP,0,117.9018384,0.262031794,DE_best/2_adaptiveF_bin_adaptiveCR_withLS,77,1000,0,50,60,100,0.1,0.9,TRUE,TRUE,best/2,bin,random,TRUE,5,0.3,1.5,0.3,1,1,,,,,,,,,,,,,,,,,,,,,,,,,
J60_1.RCP,1,103.7459943,0.263559341,DE_best/2_adaptiveF_bin_adaptiveCR_withLS,77,1000,1,50,60,100,0.1,0.9,TRUE,TRUE,best/2,bin,random,TRUE,5,0.3,1.5,0.3,1,1,,,,,,,,,,,,,,,,,,,,,,,,,
J60_1.RCP,0,113.3044358,0.260802984,DE_best/2_adaptiveF_bin_adaptiveCR_noLS,77,1000,0,50,60,100,0.1,0.9,TRUE,TRUE,best/2,bin,random,FALSE,5,0.3,1.5,0.3,1,1,,,,,,,,,,,,,,,,,,,,,,,,,
J60_1.RCP,1,110.9927475,0.262812853,DE_best/2_adaptiveF_bin_adaptiveCR_noLS,77,1000,1,50,60,100,0.1,0.9,TRUE,TRUE,best/2,bin,random,FALSE,5,0.3,1.5,0.3,1,1,,,,,,,,,,,,,,,,,,,,,,,,,
J60_1.RCP,0,103.0187215,0.30741787,DE_best/2_adaptiveF_bin_fixedCR_withLS,77,1000,0,50,60,100,0.1,0.9,TRUE,FALSE,best/2,bin,random,TRUE,5,0.3,1.5,0.3,1,1,,,,,,,,,,,,,,,,,,,,,,,,,
J60_1.RCP,1,103.9278124,0.27183485,DE_best/2_adaptiveF_bin_fixedCR_withLS,77,1000,1,50,60,100,0.1,0.9,TRUE,FALSE,best/2,bin,random,TRUE,5,0.3,1.5,0.3,1,1,,,,,,,,,,,,,,,,,,,,,,,,,
J60_1.RCP,0,95.72002024,0.265686035,DE_best/2_adaptiveF_bin_fixedCR_noLS,77,1000,0,50,60,100,0.1,0.9,TRUE,FALSE,best/2,bin,random,FALSE,5,0.3,1.5,0.3,1,1,,,,,,,,,,,,,,,,,,,,,,,,,
J60_1.RCP,1,102.0317086,0.263001204,DE_best/2_adaptiveF_bin_fixedCR_noLS,77,1000,1,50,60,100,0.1,0.9,TRUE,FALSE,best/2,bin,random,FALSE,5,0.3,1.5,0.3,1,1,,,,,,,,,,,,,,,,,,,,,,,,,
J60_1.RCP,0,112.7849553,0.269741058,DE_best/2_adaptiveF_exp_adaptiveCR_withLS,77,1000,0,50,60,100,0.1,0.9,TRUE,TRUE,best/2,exp,random,TRUE,5,0.3,1.5,0.3,1,1,,,,,,,,,,,,,,,,,,,,,,,,,
J60_1.RCP,1,106.2654748,0.268361807,DE_best/2_adaptiveF_exp_adaptiveCR_withLS,77,1000,1,50,60,100,0.1,0.9,TRUE,TRUE,best/2,exp,random,TRUE,5,0.3,1.5,0.3,1,1,,,,,,,,,,,,,,,,,,,,,,,,,
J60_1.RCP,0,99.64209816,0.262908936,DE_best/2_adaptiveF_exp_adaptiveCR_noLS,77,1000,0,50,60,100,0.1,0.9,TRUE,TRUE,best/2,exp,random,FALSE,5,0.3,1.5,0.3,1,1,,,,,,,,,,,,,,,,,,,,,,,,,
J60_1.RCP,1,102.0576826,0.268539906,DE_best/2_adaptiveF_exp_adaptiveCR_noLS,77,1000,1,50,60,100,0.1,0.9,TRUE,TRUE,best/2,exp,random,FALSE,5,0.3,1.5,0.3,1,1,,,,,,,,,,,,,,,,,,,,,,,,,
J60_1.RCP,0,92.60313712,0.284255981,DE_best/2_adaptiveF_exp_fixedCR_withLS,77,1000,0,50,60,100,0.1,0.9,TRUE,FALSE,best/2,exp,random,TRUE,5,0.3,1.5,0.3,1,1,,,,,,,,,,,,,,,,,,,,,,,,,
J60_1.RCP,1,102.6031371,0.270982981,DE_best/2_adaptiveF_exp_fixedCR_withLS,77,1000,1,50,60,100,0.1,0.9,TRUE,FALSE,best/2,exp,random,TRUE,5,0.3,1.5,0.3,1,1,,,,,,,,,,,,,,,,,,,,,,,,,
J60_1.RCP,0,95.25248777,0.26258111,DE_best/2_adaptiveF_exp_fixedCR_noLS,77,1000,0,50,60,100,0.1,0.9,TRUE,FALSE,best/2,exp,random,FALSE,5,0.3,1.5,0.3,1,1,,,,,,,,,,,,,,,,,,,,,,,,,
J60_1.RCP,1,97.04469556,0.260908127,DE_best/2_adaptiveF_exp_fixedCR_noLS,77,1000,1,50,60,100,0.1,0.9,TRUE,FALSE,best/2,exp,random,FALSE,5,0.3,1.5,0.3,1,1,,,,,,,,,,,,,,,,,,,,,,,,,
J60_1.RCP,0,97.66807219,0.287505865,DE_best/2_fixedF_bin_adaptiveCR_withLS,77,1000,0,50,60,100,0.1,0.9,FALSE,TRUE,best/2,bin,random,TRUE,5,0.3,1.5,0.3,1,1,,,,,,,,,,,,,,,,,,,,,,,,,
J60_1.RCP,1,104.8888514,0.300898075,DE_best/2_fixedF_bin_adaptiveCR_withLS,77,1000,1,50,60,100,0.1,0.9,FALSE,TRUE,best/2,bin,random,TRUE,5,0.3,1.5,0.3,1,1,,,,,,,,,,,,,,,,,,,,,,,,,
J60_1.RCP,0,96.29144881,0.308839083,DE_best/2_fixedF_bin_adaptiveCR_noLS,77,1000,0,50,60,100,0.1,0.9,FALSE,TRUE,best/2,bin,random,FALSE,5,0.3,1.5,0.3,1,1,,,,,,,,,,,,,,,,,,,,,,,,,
J60_1.RCP,1,100.3174228,1.021515846,DE_best/2_fixedF_bin_adaptiveCR_noLS,77,1000,1,50,60,100,0.1,0.9,FALSE,TRUE,best/2,bin,random,FALSE,5,0.3,1.5,0.3,1,1,,,,,,,,,,,,,,,,,,,,,,,,,
J60_1.RCP,0,85.3823579,0.404975891,DE_best/2_fixedF_bin_fixedCR_withLS,77,1000,0,50,60,100,0.1,0.9,FALSE,FALSE,best/2,bin,random,TRUE,5,0.3,1.5,0.3,1,1,,,,,,,,,,,,,,,,,,,,,,,,,
J60_1.RCP,1,101.3563839,0.292398214,DE_best/2_fixedF_bin_fixedCR_withLS,77,1000,1,50,60,100,0.1,0.9,FALSE,FALSE,best/2,bin,random,TRUE,5,0.3,1.5,0.3,1,1,,,,,,,,,,,,,,,,,,,,,,,,,
J60_1.RCP,0,82.6810592,0.264385223,DE_best/2_fixedF_bin_fixedCR_noLS,77,1000,0,50,60,100,0.1,0.9,FALSE,FALSE,best/2,bin,random,FALSE,5,0.3,1.5,0.3,1,1,,,,,,,,,,,,,,,,,,,,,,,,,
J60_1.RCP,1,98.44729297,0.267820597,DE_best/2_fixedF_bin_fixedCR_noLS,77,1000,1,50,60,100,0.1,0.9,FALSE,FALSE,best/2,bin,random,FALSE,5,0.3,1.5,0.3,1,1,,,,,,,,,,,,,,,,,,,,,,,,,
J60_1.RCP,0,103.6940462,0.291569233,DE_best/2_fixedF_exp_adaptiveCR_withLS,77,1000,0,50,60,100,0.1,0.9,FALSE,TRUE,best/2,exp,random,TRUE,5,0.3,1.5,0.3,1,1,,,,,,,,,,,,,,,,,,,,,,,,,
J60_1.RCP,1,105.3823579,0.300438643,DE_best/2_fixedF_exp_adaptiveCR_withLS,77,1000,1,50,60,100,0.1,0.9,FALSE,TRUE,best/2,exp,random,TRUE,5,0.3,1.5,0.3,1,1,,,,,,,,,,,,,,,,,,,,,,,,,
J60_1.RCP,0,107.8239163,0.288231134,DE_best/2_fixedF_exp_adaptiveCR_noLS,77,1000,0,50,60,100,0.1,0.9,FALSE,TRUE,best/2,exp,random,FALSE,5,0.3,1.5,0.3,1,1,,,,,,,,,,,,,,,,,,,,,,,,,
J60_1.RCP,1,99.2784618,0.285660028,DE_best/2_fixedF_exp_adaptiveCR_noLS,77,1000,1,50,60,100,0.1,0.9,FALSE,TRUE,best/2,exp,random,FALSE,5,0.3,1.5,0.3,1,1,,,,,,,,,,,,,,,,,,,,,,,,,
J60_1.RCP,0,85.33040985,0.27347517,DE_best/2_fixedF_exp_fixedCR_withLS,77,1000,0,50,60,100,0.1,0.9,FALSE,FALSE,best/2,exp,random,TRUE,5,0.3,1.5,0.3,1,1,,,,,,,,,,,,,,,,,,,,,,,,,
J60_1.RCP,1,94.75898128,0.272144318,DE_best/2_fixedF_exp_fixedCR_withLS,77,1000,1,50,60,100,0.1,0.9,FALSE,FALSE,best/2,exp,random,TRUE,5,0.3,1.5,0.3,1,1,,,,,,,,,,,,,,,,,,,,,,,,,
J60_1.RCP,0,84.62911115,0.405562162,DE_best/2_fixedF_exp_fixedCR_noLS,77,1000,0,50,60,100,0.1,0.9,FALSE,FALSE,best/2,exp,random,FALSE,5,0.3,1.5,0.3,1,1,,,,,,,,,,,,,,,,,,,,,,,,,
J60_1.RCP,1,89.3823579,0.269564867,DE_best/2_fixedF_exp_fixedCR_noLS,77,1000,1,50,60,100,0.1,0.9,FALSE,FALSE,best/2,exp,random,FALSE,5,0.3,1.5,0.3,1,1,,,,,,,,,,,,,,,,,,,,,,,,,
J60_1.RCP,0,117.2784618,0.260345221,DE_adaptive_bin_adaptiveCR_withLS,77,1000,0,50,60,100,0.1,0.9,TRUE,TRUE,adaptive,bin,random,TRUE,5,0.3,1.5,0.3,1,1,,,,,,,,,,,,,,,,,,,,,,,,,
J60_1.RCP,1,112.9927475,0.258253098,DE_adaptive_bin_adaptiveCR_withLS,77,1000,1,50,60,100,0.1,0.9,TRUE,TRUE,adaptive,bin,random,TRUE,5,0.3,1.5,0.3,1,1,,,,,,,,,,,,,,,,,,,,,,,,,
J60_1.RCP,0,107.1226176,0.25906682,DE_adaptive_bin_adaptiveCR_noLS,77,1000,0,50,60,100,0.1,0.9,TRUE,TRUE,adaptive,bin,random,FALSE,5,0.3,1.5,0.3,1,1,,,,,,,,,,,,,,,,,,,,,,,,,
J60_1.RCP,1,112.2654748,0.255313158,DE_adaptive_bin_adaptiveCR_noLS,77,1000,1,50,60,100,0.1,0.9,TRUE,TRUE,adaptive,bin,random,FALSE,5,0.3,1.5,0.3,1,1,,,,,,,,,,,,,,,,,,,,,,,,,
J60_1.RCP,0,106.5771631,0.26163125,DE_adaptive_bin_fixedCR_withLS,77,1000,0,50,60,100,0.1,0.9,TRUE,FALSE,adaptive,bin,random,TRUE,5,0.3,1.5,0.3,1,1,,,,,,,,,,,,,,,,,,,,,,,,,
J60_1.RCP,1,100.473267,0.27425313,DE_adaptive_bin_fixedCR_withLS,77,1000,1,50,60,100,0.1,0.9,TRUE,FALSE,adaptive,bin,random,TRUE,5,0.3,1.5,0.3,1,1,,,,,,,,,,,,,,,,,,,,,,,,,
J60_1.RCP,0,98.00573453,0.257750034,DE_adaptive_bin_fixedCR_noLS,77,1000,0,50,60,100,0.1,0.9,TRUE,FALSE,adaptive,bin,random,FALSE,5,0.3,1.5,0.3,1,1,,,,,,,,,,,,,,,,,,,,,,,,,
J60_1.RCP,1,105.512228,0.383598089,DE_adaptive_bin_fixedCR_noLS,77,1000,1,50,60,100,0.1,0.9,TRUE,FALSE,adaptive,bin,random,FALSE,5,0.3,1.5,0.3,1,1,,,,,,,,,,,,,,,,,,,,,,,,,
J60_1.RCP,0,113.7979423,0.266954184,DE_adaptive_exp_adaptiveCR_withLS,77,1000,0,50,60,100,0.1,0.9,TRUE,TRUE,adaptive,exp,random,TRUE,5,0.3,1.5,0.3,1,1,,,,,,,,,,,,,,,,,,,,,,,,,
J60_1.RCP,1,116.7330073,0.271955252,DE_adaptive_exp_adaptiveCR_withLS,77,1000,1,50,60,100,0.1,0.9,TRUE,TRUE,adaptive,exp,random,TRUE,5,0.3,1.5,0.3,1,1,,,,,,,,,,,,,,,,,,,,,,,,,
J60_1.RCP,0,107.2265137,0.350720167,DE_adaptive_exp_adaptiveCR_noLS,77,1000,0,50,60,100,0.1,0.9,TRUE,TRUE,adaptive,exp,random,FALSE,5,0.3,1.5,0.3,1,1,,,,,,,,,,,,,,,,,,,,,,,,,
J60_1.RCP,1,106.2654748,0.263526917,DE_adaptive_exp_adaptiveCR_noLS,77,1000,1,50,60,100,0.1,0.9,TRUE,TRUE,adaptive,exp,random,FALSE,5,0.3,1.5,0.3,1,1,,,,,,,,,,,,,,,,,,,,,,,,,
J60_1.RCP,0,101.3563839,0.267064095,DE_adaptive_exp_fixedCR_withLS,77,1000,0,50,60,100,0.1,0.9,TRUE,FALSE,adaptive,exp,random,TRUE,5,0.3,1.5,0.3,1,1,,,,,,,,,,,,,,,,,,,,,,,,,
J60_1.RCP,1,104.3953449,0.26150775,DE_adaptive_exp_fixedCR_withLS,77,1000,1,50,60,100,0.1,0.9,TRUE,FALSE,adaptive,exp,random,TRUE,5,0.3,1.5,0.3,1,1,,,,,,,,,,,,,,,,,,,,,,,,,
J60_1.RCP,0,105.486254,0.259121895,DE_adaptive_exp_fixedCR_noLS,77,1000,0,50,60,100,0.1,0.9,TRUE,FALSE,adaptive,exp,random,FALSE,5,0.3,1.5,0.3,1,1,,,,,,,,,,,,,,,,,,,,,,,,,
J60_1.RCP,1,113.3563839,0.263319016,DE_adaptive_exp_fixedCR_noLS,77,1000,1,50,60,100,0.1,0.9,TRUE,FALSE,adaptive,exp,random,FALSE,5,0.3,1.5,0.3,1,1,,,,,,,,,,,,,,,,,,,,,,,,,
J60_1.RCP,0,122.0057345,0.264977217,DE_current-to-rand/2_bin_adaptiveCR_withLS,77,1000,0,50,60,100,0.1,0.9,FALSE,TRUE,current-to-rand/2,bin,random,TRUE,5,0.3,1.5,0.3,1,1,,,,,,,,,,,,,,,,,,,,,,,,,
J60_1.RCP,1,109.6420982,0.288199902,DE_current-to-rand/2_bin_adaptiveCR_withLS,77,1000,1,50,60,100,0.1,0.9,FALSE,TRUE,current-to-rand/2,bin,random,TRUE,5,0.3,1.5,0.3,1,1,,,,,,,,,,,,,,,,,,,,,,,,,
J60_1.RCP,0,112.5511891,0.42215395,DE_current-to-rand/2_bin_adaptiveCR_noLS,77,1000,0,50,60,100,0.1,0.9,FALSE,TRUE,current-to-rand/2,bin,random,FALSE,5,0.3,1.5,0.3,1,1,,,,,,,,,,,,,,,,,,,,,,,,,
J60_1.RCP,1,112.6550852,0.258945942,DE_current-to-rand/2_bin_adaptiveCR_noLS,77,1000,1,50,60,100,0.1,0.9,FALSE,TRUE,current-to-rand/2,bin,random,FALSE,5,0.3,1.5,0.3,1,1,,,,,,,,,,,,,,,,,,,,,,,,,
J60_1.RCP,0,96.7849553,0.261452198,DE_current-to-rand/2_bin_fixedCR_withLS,77,1000,0,50,60,100,0.1,0.9,FALSE,FALSE,current-to-rand/2,bin,random,TRUE,5,0.3,1.5,0.3,1,1,,,,,,,,,,,,,,,,,,,,,,,,,
J60_1.RCP,1,106.2654748,0.259267807,DE_current-to-rand/2_bin_fixedCR_withLS,77,1000,1,50,60,100,0.1,0.9,FALSE,FALSE,current-to-rand/2,bin,random,TRUE,5,0.3,1.5,0.3,1,1,,,,,,,,,,,,,,,,,,,,,,,,,
J60_1.RCP,0,109.5901501,0.260083914,DE_current-to-rand/2_bin_fixedCR_noLS,77,1000,0,50,60,100,0.1,0.9,FALSE,FALSE,current-to-rand/2,bin,random,FALSE,5,0.3,1.5,0.3,1,1,,,,,,,,,,,,,,,,,,,,,,,,,
J60_1.RCP,1,108.1615787,0.257179976,DE_current-to-rand/2_bin_fixedCR_noLS,77,1000,1,50,60,100,0.1,0.9,FALSE,FALSE,current-to-rand/2,bin,random,FALSE,5,0.3,1.5,0.3,1,1,,,,,,,,,,,,,,,,,,,,,,,,,
J60_1.RCP,0,117.7979423,0.263347149,DE_current-to-rand/2_exp_adaptiveCR_withLS,77,1000,0,50,60,100,0.1,0.9,FALSE,TRUE,current-to-rand/2,exp,random,TRUE,5,0.3,1.5,0.3,1,1,,,,,,,,,,,,,,,,,,,,,,,,,
J60_1.RCP,1,109.3823579,0.263059139,DE_current-to-rand/2_exp_adaptiveCR_withLS,77,1000,1,50,60,100,0.1,0.9,FALSE,TRUE,current-to-rand/2,exp,random,TRUE,5,0.3,1.5,0.3,1,1,,,,,,,,,,,,,,,,,,,,,,,,,
J60_1.RCP,0,112.5771631,0.261292696,DE_current-to-rand/2_exp_adaptiveCR_noLS,77,1000,0,50,60,100,0.1,0.9,FALSE,TRUE,current-to-rand/2,exp,random,FALSE,5,0.3,1.5,0.3,1,1,,,,,,,,,,,,,,,,,,,,,,,,,
J60_1.RCP,1,111.6420982,0.260526896,DE_current-to-rand/2_exp_adaptiveCR_noLS,77,1000,1,50,60,100,0.1,0.9,FALSE,TRUE,current-to-rand/2,exp,random,FALSE,5,0.3,1.5,0.3,1,1,,,,,,,,,,,,,,,,,,,,,,,,,
J60_1.RCP,0,103.3563839,0.260784864,DE_current-to-rand/2_exp_fixedCR_withLS,77,1000,0,50,60,100,0.1,0.9,FALSE,FALSE,current-to-rand/2,exp,random,TRUE,5,0.3,1.5,0.3,1,1,,,,,,,,,,,,,,,,,,,,,,,,,
J60_1.RCP,1,108.9667735,0.261119843,DE_current-to-rand/2_exp_fixedCR_withLS,77,1000,1,50,60,100,0.1,0.9,FALSE,FALSE,current-to-rand/2,exp,random,TRUE,5,0.3,1.5,0.3,1,1,,,,,,,,,,,,,,,,,,,,,,,,,
J60_1.RCP,0,97.35638388,0.261510134,DE_current-to-rand/2_exp_fixedCR_noLS,77,1000,0,50,60,100,0.1,0.9,FALSE,FALSE,current-to-rand/2,exp,random,FALSE,5,0.3,1.5,0.3,1,1,,,,,,,,,,,,,,,,,,,,,,,,,
J60_1.RCP,1,102.447293,0.260950089,DE_current-to-rand/2_exp_fixedCR_noLS,77,1000,1,50,60,100,0.1,0.9,FALSE,FALSE,current-to-rand/2,exp,random,FALSE,5,0.3,1.5,0.3,1,1,,,,,,,,,,,,,,,,,,,,,,,,,
J60_1.RCP,0,127.1485917,0.233519077,GA_roulette_single_point_random_random_withLS_withNeighborhood,77,1000,0,50,60,,,,,,random,single_point,random,TRUE,,,,,,,0.9,0.1,roulette,3,TRUE,FALSE,0.5,0.1,0.35,5,2,,,,,,,,,,,,,,
J60_1.RCP,1,126.1356047,0.232958078,GA_roulette_single_point_random_random_withLS_withNeighborhood,77,1000,1,50,60,,,,,,random,single_point,random,TRUE,,,,,,,0.9,0.1,roulette,3,TRUE,FALSE,0.5,0.1,0.35,5,2,,,,,,,,,,,,,,
J60_1.RCP,0,127.1485917,0.235218048,GA_roulette_single_point_random_random_withLS_noNeighborhood,77,1000,0,50,60,,,,,,random,single_point,random,TRUE,,,,,,,0.9,0.1,roulette,3,TRUE,FALSE,0.5,0.1,0.35,5,0,,,,,,,,,,,,,,
J60_1.RCP,1,126.1356047,0.235977888,GA_roulette_single_point_random_random_withLS_noNeighborhood,77,1000,1,50,60,,,,,,random,single_point,random,TRUE,,,,,,,0.9,0.1,roulette,3,TRUE,FALSE,0.5,0.1,0.35,5,0,,,,,,,,,,,,,,
J60_1.RCP,0,114.6031371,0.3387959,GA_roulette_single_point_random_random_noLS_withNeighborhood,77,1000,0,50,60,,,,,,random,single_point,random,FALSE,,,,,,,0.9,0.1,roulette,3,TRUE,FALSE,0.5,0.1,0.35,5,2,,,,,,,,,,,,,,
J60_1.RCP,1,111.7459943,0.340911865,GA_roulette_single_point_random_random_noLS_withNeighborhood,77,1000,1,50,60,,,,,,random,single_point,random,FALSE,,,,,,,0.9,0.1,roulette,3,TRUE,FALSE,0.5,0.1,0.35,5,2,,,,,,,,,,,,,,
J60_1.RCP,0,114.6031371,0.338582993,GA_roulette_single_point_random_random_noLS_noNeighborhood,77,1000,0,50,60,,,,,,random,single_point,random,FALSE,,,,,,,0.9,0.1,roulette,3,TRUE,FALSE,0.5,0.1,0.35,5,0,,,,,,,,,,,,,,
J60_1.RCP,1,111.7459943,0.336843014,GA_roulette_single_point_random_random_noLS_noNeighborhood,77,1000,1,50,60,,,,,,random,single_point,random,FALSE,,,,,,,0.9,0.1,roulette,3,TRUE,FALSE,0.5,0.1,0.35,5,0,,,,,,,,,,,,,,
J60_1.RCP,0,124.0836566,0.238959789,GA_roulette_single_point_random_heuristic_withLS_withNeighborhood,77,1000,0,50,60,,,,,,random,single_point,heuristic,TRUE,,,,,,,0.9,0.1,roulette,3,TRUE,FALSE,0.5,0.1,0.35,5,2,,,,,,,,,,,,,,
J60_1.RCP,1,118.2395008,0.23584199,GA_roulette_single_point_random_heuristic_withLS_withNeighborhood,77,1000,1,50,60,,,,,,random,single_point,heuristic,TRUE,,,,,,,0.9,0.1,roulette,3,TRUE,FALSE,0.5,0.1,0.35,5,2,,,,,,,,,,,,,,
J60_1.RCP,0,124.0836566,0.237077236,GA_roulette_single_point_random_heuristic_withLS_noNeighborhood,77,1000,0,50,60,,,,,,random,single_point,heuristic,TRUE,,,,,,,0.9,0.1,roulette,3,TRUE,FALSE,0.5,0.1,0.35,5,0,,,,,,,,,,,,,,
J60_1.RCP,1,118.2395008,0.239627838,GA_roulette_single_point_random_heuristic_withLS_noNeighborhood,77,1000,1,50,60,,,,,,random,single_point,heuristic,TRUE,,,,,,,0.9,0.1,roulette,3,TRUE,FALSE,0.5,0.1,0.35,5,0,,,,,,,,,,,,,,
J60_1.RCP,0,117.5382021,0.410130739,GA_roulette_single_point_random_heuristic_noLS_withNeighborhood,77,1000,0,50,60,,,,,,random,single_point,heuristic,FALSE,,,,,,,0.9,0.1,roulette,3,TRUE,FALSE,0.5,0.1,0.35,5,2,,,,,,,,,,,,,,
J60_1.RCP,1,113.7719683,0.33689189,GA_roulette_single_point_random_heuristic_noLS_withNeighborhood,77,1000,1,50,60,,,,,,random,single_point,heuristic,FALSE,,,,,,,0.9,0.1,roulette,3,TRUE,FALSE,0.5,0.1,0.35,5,2,,,,,,,,,,,,,,
J60_1.RCP,0,117.5382021,0.339528799,GA_roulette_single_point_random_heuristic_noLS_noNeighborhood,77,1000,0,50,60,,,,,,random,single_point,heuristic,FALSE,,,,,,,0.9,0.1,roulette,3,TRUE,FALSE,0.5,0.1,0.35,5,0,,,,,,,,,,,,,,
J60_1.RCP,1,113.7719683,0.337347269,GA_roulette_single_point_random_heuristic_noLS_noNeighborhood,77,1000,1,50,60,,,,,,random,single_point,heuristic,FALSE,,,,,,,0.9,0.1,roulette,3,TRUE,FALSE,0.5,0.1,0.35,5,0,,,,,,,,,,,,,,
J60_1.RCP,0,120.0836566,0.238265753,GA_roulette_single_point_adaptive_random_withLS_withNeighborhood,77,1000,0,50,60,,,,,,adaptive,single_point,random,TRUE,,,,,,,0.9,0.1,roulette,3,TRUE,FALSE,0.5,0.1,0.35,5,2,,,,,,,,,,,,,,
J60_1.RCP,1,119.9278124,0.240506887,GA_roulette_single_point_adaptive_random_withLS_withNeighborhood,77,1000,1,50,60,,,,,,adaptive,single_point,random,TRUE,,,,,,,0.9,0.1,roulette,3,TRUE,FALSE,0.5,0.1,0.35,5,2,,,,,,,,,,,,,,
J60_1.RCP,0,120.0836566,0.246436119,GA_roulette_single_point_adaptive_random_withLS_noNeighborhood,77,1000,0,50,60,,,,,,adaptive,single_point,random,TRUE,,,,,,,0.9,0.1,roulette,3,TRUE,FALSE,0.5,0.1,0.35,5,0,,,,,,,,,,,,,,
J60_1.RCP,1,119.9278124,0.239289284,GA_roulette_single_point_adaptive_random_withLS_noNeighborhood,77,1000,1,50,60,,,,,,adaptive,single_point,random,TRUE,,,,,,,0.9,0.1,roulette,3,TRUE,FALSE,0.5,0.1,0.35,5,0,,,,,,,,,,,,,,
J60_1.RCP,0,112.9148254,0.418563128,GA_roulette_single_point_adaptive_random_noLS_withNeighborhood,77,1000,0,50,60,,,,,,adaptive,single_point,random,FALSE,,,,,,,0.9,0.1,roulette,3,TRUE,FALSE,0.5,0.1,0.35,5,2,,,,,,,,,,,,,,
J60_1.RCP,1,117.8758644,0.383255005,GA_roulette_single_point_adaptive_random_noLS_withNeighborhood,77,1000,1,50,60,,,,,,adaptive,single_point,random,FALSE,,,,,,,0.9,0.1,roulette,3,TRUE,FALSE,0.5,0.1,0.35,5,2,,,,,,,,,,,,,,
J60_1.RCP,0,112.9148254,0.361513138,GA_roulette_single_point_adaptive_random_noLS_noNeighborhood,77,1000,0,50,60,,,,,,adaptive,single_point,random,FALSE,,,,,,,0.9,0.1,roulette,3,TRUE,FALSE,0.5,0.1,0.35,5,0,,,,,,,,,,,,,,
J60_1.RCP,1,117.8758644,0.356058836,GA_roulette_single_point_adaptive_random_noLS_noNeighborhood,77,1000,1,50,60,,,,,,adaptive,single_point,random,FALSE,,,,,,,0.9,0.1,roulette,3,TRUE,FALSE,0.5,0.1,0.35,5,0,,,,,,,,,,,,,,
J60_1.RCP,0,122.8369034,0.241523981,GA_roulette_single_point_adaptive_heuristic_withLS_withNeighborhood,77,1000,0,50,60,,,,,,adaptive,single_point,heuristic,TRUE,,,,,,,0.9,0.1,roulette,3,TRUE,FALSE,0.5,0.1,0.35,5,2,,,,,,,,,,,,,,
J60_1.RCP,1,118.2395008,0.242181778,GA_roulette_single_point_adaptive_heuristic_withLS_withNeighborhood,77,1000,1,50,60,,,,,,adaptive,single_point,heuristic,TRUE,,,,,,,0.9,0.1,roulette,3,TRUE,FALSE,0.5,0.1,0.35,5,2,,,,,,,,,,,,,,
J60_1.RCP,0,122.8369034,0.243772984,GA_roulette_single_point_adaptive_heuristic_withLS_noNeighborhood,77,1000,0,50,60,,,,,,adaptive,single_point,heuristic,TRUE,,,,,,,0.9,0.1,roulette,3,TRUE,FALSE,0.5,0.1,0.35,5,0,,,,,,,,,,,,,,
J60_1.RCP,1,118.2395008,0.241629839,GA_roulette_single_point_adaptive_heuristic_withLS_noNeighborhood,77,1000,1,50,60,,,,,,adaptive,single_point,heuristic,TRUE,,,,,,,0.9,0.1,roulette,3,TRUE,FALSE,0.5,0.1,0.35,5,0,,,,,,,,,,,,,,
J60_1.RCP,0,112.9407995,0.358537912,GA_roulette_single_point_adaptive_heuristic_noLS_withNeighborhood,77,1000,0,50,60,,,,,,adaptive,single_point,heuristic,FALSE,,,,,,,0.9,0.1,roulette,3,TRUE,FALSE,0.5,0.1,0.35,5,2,,,,,,,,,,,,,,
J60_1.RCP,1,116.6031371,0.357291937,GA_roulette_single_point_adaptive_heuristic_noLS_withNeighborhood,77,1000,1,50,60,,,,,,adaptive,single_point,heuristic,FALSE,,,,,,,0.9,0.1,roulette,3,TRUE,FALSE,0.5,0.1,0.35,5,2,,,,,,,,,,,,,,
J60_1.RCP,0,112.9407995,0.357048988,GA_roulette_single_point_adaptive_heuristic_noLS_noNeighborhood,77,1000,0,50,60,,,,,,adaptive,single_point,heuristic,FALSE,,,,,,,0.9,0.1,roulette,3,TRUE,FALSE,0.5,0.1,0.35,5,0,,,,,,,,,,,,,,
J60_1.RCP,1,116.6031371,0.35790801,GA_roulette_single_point_adaptive_heuristic_noLS_noNeighborhood,77,1000,1,50,60,,,,,,adaptive,single_point,heuristic,FALSE,,,,,,,0.9,0.1,roulette,3,TRUE,FALSE,0.5,0.1,0.35,5,0,,,,,,,,,,,,,,
J60_1.RCP,0,108.525215,0.234758139,GA_roulette_two_point_random_random_withLS_withNeighborhood,77,1000,0,50,60,,,,,,random,two_point,random,TRUE,,,,,,,0.9,0.1,roulette,3,TRUE,FALSE,0.5,0.1,0.35,5,2,,,,,,,,,,,,,,
J60_1.RCP,1,114.9148254,0.273386002,GA_roulette_two_point_random_random_withLS_withNeighborhood,77,1000,1,50,60,,,,,,random,two_point,random,TRUE,,,,,,,0.9,0.1,roulette,3,TRUE,FALSE,0.5,0.1,0.35,5,2,,,,,,,,,,,,,,
J60_1.RCP,0,108.525215,0.304078102,GA_roulette_two_point_random_random_withLS_noNeighborhood,77,1000,0,50,60,,,,,,random,two_point,random,TRUE,,,,,,,0.9,0.1,roulette,3,TRUE,FALSE,0.5,0.1,0.35,5,0,,,,,,,,,,,,,,
J60_1.RCP,1,114.9148254,0.339319944,GA_roulette_two_point_random_random_withLS_noNeighborhood,77,1000,1,50,60,,,,,,random,two_point,random,TRUE,,,,,,,0.9,0.1,roulette,3,TRUE,FALSE,0.5,0.1,0.35,5,0,,,,,,,,,,,,,,
J60_1.RCP,0,108.525215,0.456211805,GA_roulette_two_point_random_random_noLS_withNeighborhood,77,1000,0,50,60,,,,,,random,two_point,random,FALSE,,,,,,,0.9,0.1,roulette,3,TRUE,FALSE,0.5,0.1,0.35,5,2,,,,,,,,,,,,,,
J60_1.RCP,1,114.9148254,0.428176165,GA_roulette_two_point_random_random_noLS_withNeighborhood,77,1000,1,50,60,,,,,,random,two_point,random,FALSE,,,,,,,0.9,0.1,roulette,3,TRUE,FALSE,0.5,0.1,0.35,5,2,,,,,,,,,,,,,,
J60_1.RCP,0,108.525215,0.343175888,GA_roulette_two_point_random_random_noLS_noNeighborhood,77,1000,0,50,60,,,,,,random,two_point,random,FALSE,,,,,,,0.9,0.1,roulette,3,TRUE,FALSE,0.5,0.1,0.35,5,0,,,,,,,,,,,,,,
J60_1.RCP,1,114.9148254,0.341602802,GA_roulette_two_point_random_random_noLS_noNeighborhood,77,1000,1,50,60,,,,,,random,two_point,random,FALSE,,,,,,,0.9,0.1,roulette,3,TRUE,FALSE,0.5,0.1,0.35,5,0,,,,,,,,,,,,,,
J60_1.RCP,0,120.7330073,0.409837008,GA_roulette_two_point_random_heuristic_withLS_withNeighborhood,77,1000,0,50,60,,,,,,random,two_point,heuristic,TRUE,,,,,,,0.9,0.1,roulette,3,TRUE,FALSE,0.5,0.1,0.35,5,2,,,,,,,,,,,,,,
J60_1.RCP,1,117.9018384,0.245393991,GA_roulette_two_point_random_heuristic_withLS_withNeighborhood,77,1000,1,50,60,,,,,,random,two_point,heuristic,TRUE,,,,,,,0.9,0.1,roulette,3,TRUE,FALSE,0.5,0.1,0.35,5,2,,,,,,,,,,,,,,
J60_1.RCP,0,120.7330073,0.245660782,GA_roulette_two_point_random_heuristic_withLS_noNeighborhood,77,1000,0,50,60,,,,,,random,two_point,heuristic,TRUE,,,,,,,0.9,0.1,roulette,3,TRUE,FALSE,0.5,0.1,0.35,5,0,,,,,,,,,,,,,,
J60_1.RCP,1,117.9018384,0.321939945,GA_roulette_two_point_random_heuristic_withLS_noNeighborhood,77,1000,1,50,60,,,,,,random,two_point,heuristic,TRUE,,,,,,,0.9,0.1,roulette,3,TRUE,FALSE,0.5,0.1,0.35,5,0,,,,,,,,,,,,,,
J60_1.RCP,0,120.7330073,0.344511986,GA_roulette_two_point_random_heuristic_noLS_withNeighborhood,77,1000,0,50,60,,,,,,random,two_point,heuristic,FALSE,,,,,,,0.9,0.1,roulette,3,TRUE,FALSE,0.5,0.1,0.35,5,2,,,,,,,,,,,,,,
J60_1.RCP,1,116.2914488,0.359610796,GA_roulette_two_point_random_heuristic_noLS_withNeighborhood,77,1000,1,50,60,,,,,,random,two_point,heuristic,FALSE,,,,,,,0.9,0.1,roulette,3,TRUE,FALSE,0.5,0.1,0.35,5,2,,,,,,,,,,,,,,
J60_1.RCP,0,120.7330073,0.359274864,GA_roulette_two_point_random_heuristic_noLS_noNeighborhood,77,1000,0,50,60,,,,,,random,two_point,heuristic,FALSE,,,,,,,0.9,0.1,roulette,3,TRUE,FALSE,0.5,0.1,0.35,5,0,,,,,,,,,,,,,,
J60_1.RCP,1,116.2914488,0.349558115,GA_roulette_two_point_random_heuristic_noLS_noNeighborhood,77,1000,1,50,60,,,,,,random,two_point,heuristic,FALSE,,,,,,,0.9,0.1,roulette,3,TRUE,FALSE,0.5,0.1,0.35,5,0,,,,,,,,,,,,,,
J60_1.RCP,0,127.6420982,0.24834609,GA_roulette_two_point_adaptive_random_withLS_withNeighborhood,77,1000,0,50,60,,,,,,adaptive,two_point,random,TRUE,,,,,,,0.9,0.1,roulette,3,TRUE,FALSE,0.5,0.1,0.35,5,2,,,,,,,,,,,,,,
J60_1.RCP,1,121.6420982,0.248367786,GA_roulette_two_point_adaptive_random_withLS_withNeighborhood,77,1000,1,50,60,,,,,,adaptive,two_point,random,TRUE,,,,,,,0.9,0.1,roulette,3,TRUE,FALSE,0.5,0.1,0.35,5,2,,,,,,,,,,,,,,
J60_1.RCP,0,127.6420982,0.248028278,GA_roulette_two_point_adaptive_random_withLS_noNeighborhood,77,1000,0,50,60,,,,,,adaptive,two_point,random,TRUE,,,,,,,0.9,0.1,roulette,3,TRUE,FALSE,0.5,0.1,0.35,5,0,,,,,,,,,,,,,,
J60_1.RCP,1,121.6420982,0.248636961,GA_roulette_two_point_adaptive_random_withLS_noNeighborhood,77,1000,1,50,60,,,,,,adaptive,two_point,random,TRUE,,,,,,,0.9,0.1,roulette,3,TRUE,FALSE,0.5,0.1,0.35,5,0,,,,,,,,,,,,,,
J60_1.RCP,0,115.3044358,0.363337994,GA_roulette_two_point_adaptive_random_noLS_withNeighborhood,77,1000,0,50,60,,,,,,adaptive,two_point,random,FALSE,,,,,,,0.9,0.1,roulette,3,TRUE,FALSE,0.5,0.1,0.35,5,2,,,,,,,,,,,,,,
J60_1.RCP,1,110.8369034,0.363417864,GA_roulette_two_point_adaptive_random_noLS_withNeighborhood,77,1000,1,50,60,,,,,,adaptive,two_point,random,FALSE,,,,,,,0.9,0.1,roulette,3,TRUE,FALSE,0.5,0.1,0.35,5,2,,,,,,,,,,,,,,
J60_1.RCP,0,115.3044358,0.36343503,GA_roulette_two_point_adaptive_random_noLS_noNeighborhood,77,1000,0,50,60,,,,,,adaptive,two_point,random,FALSE,,,,,,,0.9,0.1,roulette,3,TRUE,FALSE,0.5,0.1,0.35,5,0,,,,,,,,,,,,,,
J60_1.RCP,1,110.8369034,0.368451118,GA_roulette_two_point_adaptive_random_noLS_noNeighborhood,77,1000,1,50,60,,,,,,adaptive,two_point,random,FALSE,,,,,,,0.9,0.1,roulette,3,TRUE,FALSE,0.5,0.1,0.35,5,0,,,,,,,,,,,,,,
J60_1.RCP,0,126.8369034,0.243831873,GA_roulette_two_point_adaptive_heuristic_withLS_withNeighborhood,77,1000,0,50,60,,,,,,adaptive,two_point,heuristic,TRUE,,,,,,,0.9,0.1,roulette,3,TRUE,FALSE,0.5,0.1,0.35,5,2,,,,,,,,,,,,,,
J60_1.RCP,1,118.2395008,0.24145484,GA_roulette_two_point_adaptive_heuristic_withLS_withNeighborhood,77,1000,1,50,60,,,,,,adaptive,two_point,heuristic,TRUE,,,,,,,0.9,0.1,roulette,3,TRUE,FALSE,0.5,0.1,0.35,5,2,,,,,,,,,,,,,,
J60_1.RCP,0,126.8369034,0.244119883,GA_roulette_two_point_adaptive_heuristic_withLS_noNeighborhood,77,1000,0,50,60,,,,,,adaptive,two_point,heuristic,TRUE,,,,,,,0.9,0.1,roulette,3,TRUE,FALSE,0.5,0.1,0.35,5,0,,,,,,,,,,,,,,
J60_1.RCP,1,118.2395008,0.241571903,GA_roulette_two_point_adaptive_heuristic_withLS_noNeighborhood,77,1000,1,50,60,,,,,,adaptive,two_point,heuristic,TRUE,,,,,,,0.9,0.1,roulette,3,TRUE,FALSE,0.5,0.1,0.35,5,0,,,,,,,,,,,,,,
J60_1.RCP,0,121.0966436,0.361294031,GA_roulette_two_point_adaptive_heuristic_noLS_withNeighborhood,77,1000,0,50,60,,,,,,adaptive,two_point,heuristic,FALSE,,,,,,,0.9,0.1,roulette,3,TRUE,FALSE,0.5,0.1,0.35,5,2,,,,,,,,,,,,,,
J60_1.RCP,1,112.2135267,0.357566833,GA_roulette_two_point_adaptive_heuristic_noLS_withNeighborhood,77,1000,1,50,60,,,,,,adaptive,two_point,heuristic,FALSE,,,,,,,0.9,0.1,roulette,3,TRUE,FALSE,0.5,0.1,0.35,5,2,,,,,,,,,,,,,,
J60_1.RCP,0,121.0966436,0.36032176,GA_roulette_two_point_adaptive_heuristic_noLS_noNeighborhood,77,1000,0,50,60,,,,,,adaptive,two_point,heuristic,FALSE,,,,,,,0.9,0.1,roulette,3,TRUE,FALSE,0.5,0.1,0.35,5,0,,,,,,,,,,,,,,
J60_1.RCP,1,112.2135267,0.36122179,GA_roulette_two_point_adaptive_heuristic_noLS_noNeighborhood,77,1000,1,50,60,,,,,,adaptive,two_point,heuristic,FALSE,,,,,,,0.9,0.1,roulette,3,TRUE,FALSE,0.5,0.1,0.35,5,0,,,,,,,,,,,,,,
J60_1.RCP,0,124.447293,4.76532793,GA_roulette_rcx_random_random_withLS_withNeighborhood,77,1000,0,50,60,,,,,,random,rcx,random,TRUE,,,,,,,0.9,0.1,roulette,3,TRUE,FALSE,0.5,0.1,0.35,5,2,,,,,,,,,,,,,,
J60_1.RCP,1,118.6031371,4.044984818,GA_roulette_rcx_random_random_withLS_withNeighborhood,77,1000,1,50,60,,,,,,random,rcx,random,TRUE,,,,,,,0.9,0.1,roulette,3,TRUE,FALSE,0.5,0.1,0.35,5,2,,,,,,,,,,,,,,
J60_1.RCP,0,124.447293,4.183818102,GA_roulette_rcx_random_random_withLS_noNeighborhood,77,1000,0,50,60,,,,,,random,rcx,random,TRUE,,,,,,,0.9,0.1,roulette,3,TRUE,FALSE,0.5,0.1,0.35,5,0,,,,,,,,,,,,,,
J60_1.RCP,1,118.6031371,4.085350752,GA_roulette_rcx_random_random_withLS_noNeighborhood,77,1000,1,50,60,,,,,,random,rcx,random,TRUE,,,,,,,0.9,0.1,roulette,3,TRUE,FALSE,0.5,0.1,0.35,5,0,,,,,,,,,,,,,,
J60_1.RCP,0,122.0057345,16.92483711,GA_roulette_rcx_random_random_noLS_withNeighborhood,77,1000,0,50,60,,,,,,random,rcx,random,FALSE,,,,,,,0.9,0.1,roulette,3,TRUE,FALSE,0.5,0.1,0.35,5,2,,,,,,,,,,,,,,
J60_1.RCP,1,113.0706696,15.81758714,GA_roulette_rcx_random_random_noLS_withNeighborhood,77,1000,1,50,60,,,,,,random,rcx,random,FALSE,,,,,,,0.9,0.1,roulette,3,TRUE,FALSE,0.5,0.1,0.35,5,2,,,,,,,,,,,,,,
J60_1.RCP,0,122.0057345,16.94398284,GA_roulette_rcx_random_random_noLS_noNeighborhood,77,1000,0,50,60,,,,,,random,rcx,random,FALSE,,,,,,,0.9,0.1,roulette,3,TRUE,FALSE,0.5,0.1,0.35,5,0,,,,,,,,,,,,,,
J60_1.RCP,1,113.0706696,15.44653606,GA_roulette_rcx_random_random_noLS_noNeighborhood,77,1000,1,50,60,,,,,,random,rcx,random,FALSE,,,,,,,0.9,0.1,roulette,3,TRUE,FALSE,0.5,0.1,0.35,5,0,,,,,,,,,,,,,,
J60_1.RCP,0,132.3693709,3.986613035,GA_roulette_rcx_random_heuristic_withLS_withNeighborhood,77,1000,0,50,60,,,,,,random,rcx,heuristic,TRUE,,,,,,,0.9,0.1,roulette,3,TRUE,FALSE,0.5,0.1,0.35,5,2,,,,,,,,,,,,,,
J60_1.RCP,1,118.2395008,3.780489206,GA_roulette_rcx_random_heuristic_withLS_withNeighborhood,77,1000,1,50,60,,,,,,random,rcx,heuristic,TRUE,,,,,,,0.9,0.1,roulette,3,TRUE,FALSE,0.5,0.1,0.35,5,2,,,,,,,,,,,,,,
J60_1.RCP,0,132.3693709,3.986396074,GA_roulette_rcx_random_heuristic_withLS_noNeighborhood,77,1000,0,50,60,,,,,,random,rcx,heuristic,TRUE,,,,,,,0.9,0.1,roulette,3,TRUE,FALSE,0.5,0.1,0.35,5,0,,,,,,,,,,,,,,
J60_1.RCP,1,118.2395008,3.755870819,GA_roulette_rcx_random_heuristic_withLS_noNeighborhood,77,1000,1,50,60,,,,,,random,rcx,heuristic,TRUE,,,,,,,0.9,0.1,roulette,3,TRUE,FALSE,0.5,0.1,0.35,5,0,,,,,,,,,,,,,,
J60_1.RCP,0,121.9018384,15.78236794,GA_roulette_rcx_random_heuristic_noLS_withNeighborhood,77,1000,0,50,60,,,,,,random,rcx,heuristic,FALSE,,,,,,,0.9,0.1,roulette,3,TRUE,FALSE,0.5,0.1,0.35,5,2,,,,,,,,,,,,,,
J60_1.RCP,1,118.2395008,15.20574212,GA_roulette_rcx_random_heuristic_noLS_withNeighborhood,77,1000,1,50,60,,,,,,random,rcx,heuristic,FALSE,,,,,,,0.9,0.1,roulette,3,TRUE,FALSE,0.5,0.1,0.35,5,2,,,,,,,,,,,,,,
J60_1.RCP,0,121.9018384,15.73728991,GA_roulette_rcx_random_heuristic_noLS_noNeighborhood,77,1000,0,50,60,,,,,,random,rcx,heuristic,FALSE,,,,,,,0.9,0.1,roulette,3,TRUE,FALSE,0.5,0.1,0.35,5,0,,,,,,,,,,,,,,
J60_1.RCP,1,118.2395008,15.45173001,GA_roulette_rcx_random_heuristic_noLS_noNeighborhood,77,1000,1,50,60,,,,,,random,rcx,heuristic,FALSE,,,,,,,0.9,0.1,roulette,3,TRUE,FALSE,0.5,0.1,0.35,5,0,,,,,,,,,,,,,,
J60_1.RCP,0,126.3693709,4.184694052,GA_roulette_rcx_adaptive_random_withLS_withNeighborhood,77,1000,0,50,60,,,,,,adaptive,rcx,random,TRUE,,,,,,,0.9,0.1,roulette,3,TRUE,FALSE,0.5,0.1,0.35,5,2,,,,,,,,,,,,,,
J60_1.RCP,1,117.8498904,4.093357801,GA_roulette_rcx_adaptive_random_withLS_withNeighborhood,77,1000,1,50,60,,,,,,adaptive,rcx,random,TRUE,,,,,,,0.9,0.1,roulette,3,TRUE,FALSE,0.5,0.1,0.35,5,2,,,,,,,,,,,,,,
J60_1.RCP,0,126.3693709,4.09617734,GA_roulette_rcx_adaptive_random_withLS_noNeighborhood,77,1000,0,50,60,,,,,,adaptive,rcx,random,TRUE,,,,,,,0.9,0.1,roulette,3,TRUE,FALSE,0.5,0.1,0.35,5,0,,,,,,,,,,,,,,
J60_1.RCP,1,117.8498904,4.130671024,GA_roulette_rcx_adaptive_random_withLS_noNeighborhood,77,1000,1,50,60,,,,,,adaptive,rcx,random,TRUE,,,,,,,0.9,0.1,roulette,3,TRUE,FALSE,0.5,0.1,0.35,5,0,,,,,,,,,,,,,,
J60_1.RCP,0,116.7849553,15.91295314,GA_roulette_rcx_adaptive_random_noLS_withNeighborhood,77,1000,0,50,60,,,,,,adaptive,rcx,random,FALSE,,,,,,,0.9,0.1,roulette,3,TRUE,FALSE,0.5,0.1,0.35,5,2,,,,,,,,,,,,,,
J60_1.RCP,1,110.6550852,15.74240494,GA_roulette_rcx_adaptive_random_noLS_withNeighborhood,77,1000,1,50,60,,,,,,adaptive,rcx,random,FALSE,,,,,,,0.9,0.1,roulette,3,TRUE,FALSE,0.5,0.1,0.35,5,2,,,,,,,,,,,,,,
J60_1.RCP,0,116.7849553,16.59454107,GA_roulette_rcx_adaptive_random_noLS_noNeighborhood,77,1000,0,50,60,,,,,,adaptive,rcx,random,FALSE,,,,,,,0.9,0.1,roulette,3,TRUE,FALSE,0.5,0.1,0.35,5,0,,,,,,,,,,,,,,
J60_1.RCP,1,110.6550852,16.30296803,GA_roulette_rcx_adaptive_random_noLS_noNeighborhood,77,1000,1,50,60,,,,,,adaptive,rcx,random,FALSE,,,,,,,0.9,0.1,roulette,3,TRUE,FALSE,0.5,0.1,0.35,5,0,,,,,,,,,,,,,,
J60_1.RCP,0,108.6550852,4.099637985,GA_roulette_rcx_adaptive_heuristic_withLS_withNeighborhood,77,1000,0,50,60,,,,,,adaptive,rcx,heuristic,TRUE,,,,,,,0.9,0.1,roulette,3,TRUE,FALSE,0.5,0.1,0.35,5,2,,,,,,,,,,,,,,
J60_1.RCP,1,118.2395008,4.0251441,GA_roulette_rcx_adaptive_heuristic_withLS_withNeighborhood,77,1000,1,50,60,,,,,,adaptive,rcx,heuristic,TRUE,,,,,,,0.9,0.1,roulette,3,TRUE,FALSE,0.5,0.1,0.35,5,2,,,,,,,,,,,,,,
J60_1.RCP,0,108.6550852,4.1095469,GA_roulette_rcx_adaptive_heuristic_withLS_noNeighborhood,77,1000,0,50,60,,,,,,adaptive,rcx,heuristic,TRUE,,,,,,,0.9,0.1,roulette,3,TRUE,FALSE,0.5,0.1,0.35,5,0,,,,,,,,,,,,,,
J60_1.RCP,1,118.2395008,3.985674143,GA_roulette_rcx_adaptive_heuristic_withLS_noNeighborhood,77,1000,1,50,60,,,,,,adaptive,rcx,heuristic,TRUE,,,,,,,0.9,0.1,roulette,3,TRUE,FALSE,0.5,0.1,0.35,5,0,,,,,,,,,,,,,,
J60_1.RCP,0,108.6550852,15.99848294,GA_roulette_rcx_adaptive_heuristic_noLS_withNeighborhood,77,1000,0,50,60,,,,,,adaptive,rcx,heuristic,FALSE,,,,,,,0.9,0.1,roulette,3,TRUE,FALSE,0.5,0.1,0.35,5,2,,,,,,,,,,,,,,
J60_1.RCP,1,118.2395008,15.54243279,GA_roulette_rcx_adaptive_heuristic_noLS_withNeighborhood,77,1000,1,50,60,,,,,,adaptive,rcx,heuristic,FALSE,,,,,,,0.9,0.1,roulette,3,TRUE,FALSE,0.5,0.1,0.35,5,2,,,,,,,,,,,,,,
J60_1.RCP,0,108.6550852,15.72711301,GA_roulette_rcx_adaptive_heuristic_noLS_noNeighborhood,77,1000,0,50,60,,,,,,adaptive,rcx,heuristic,FALSE,,,,,,,0.9,0.1,roulette,3,TRUE,FALSE,0.5,0.1,0.35,5,0,,,,,,,,,,,,,,
J60_1.RCP,1,118.2395008,15.48706794,GA_roulette_rcx_adaptive_heuristic_noLS_noNeighborhood,77,1000,1,50,60,,,,,,adaptive,rcx,heuristic,FALSE,,,,,,,0.9,0.1,roulette,3,TRUE,FALSE,0.5,0.1,0.35,5,0,,,,,,,,,,,,,,
J60_1.RCP,0,118.1356047,0.249975204,GA_roulette_hybrid_random_random_withLS_withNeighborhood,77,1000,0,50,60,,,,,,random,hybrid,random,TRUE,,,,,,,0.9,0.1,roulette,3,TRUE,FALSE,0.5,0.1,0.35,5,2,,,,,,,,,,,,,,
J60_1.RCP,1,122.0317086,0.240580082,GA_roulette_hybrid_random_random_withLS_withNeighborhood,77,1000,1,50,60,,,,,,random,hybrid,random,TRUE,,,,,,,0.9,0.1,roulette,3,TRUE,FALSE,0.5,0.1,0.35,5,2,,,,,,,,,,,,,,
J60_1.RCP,0,118.1356047,0.241065979,GA_roulette_hybrid_random_random_withLS_noNeighborhood,77,1000,0,50,60,,,,,,random,hybrid,random,TRUE,,,,,,,0.9,0.1,roulette,3,TRUE,FALSE,0.5,0.1,0.35,5,0,,,,,,,,,,,,,,
J60_1.RCP,1,122.0317086,0.238969088,GA_roulette_hybrid_random_random_withLS_noNeighborhood,77,1000,1,50,60,,,,,,random,hybrid,random,TRUE,,,,,,,0.9,0.1,roulette,3,TRUE,FALSE,0.5,0.1,0.35,5,0,,,,,,,,,,,,,,
J60_1.RCP,0,110.7330073,0.33976078,GA_roulette_hybrid_random_random_noLS_withNeighborhood,77,1000,0,50,60,,,,,,random,hybrid,random,FALSE,,,,,,,0.9,0.1,roulette,3,TRUE,FALSE,0.5,0.1,0.35,5,2,,,,,,,,,,,,,,
J60_1.RCP,1,114.3174228,0.332551003,GA_roulette_hybrid_random_random_noLS_withNeighborhood,77,1000,1,50,60,,,,,,random,hybrid,random,FALSE,,,,,,,0.9,0.1,roulette,3,TRUE,FALSE,0.5,0.1,0.35,5,2,,,,,,,,,,,,,,
J60_1.RCP,0,110.7330073,0.334052086,GA_roulette_hybrid_random_random_noLS_noNeighborhood,77,1000,0,50,60,,,,,,random,hybrid,random,FALSE,,,,,,,0.9,0.1,roulette,3,TRUE,FALSE,0.5,0.1,0.35,5,0,,,,,,,,,,,,,,
J60_1.RCP,1,114.3174228,0.33127594,GA_roulette_hybrid_random_random_noLS_noNeighborhood,77,1000,1,50,60,,,,,,random,hybrid,random,FALSE,,,,,,,0.9,0.1,roulette,3,TRUE,FALSE,0.5,0.1,0.35,5,0,,,,,,,,,,,,,,
J60_1.RCP,0,115.6680722,0.236776829,GA_roulette_hybrid_random_heuristic_withLS_withNeighborhood,77,1000,0,50,60,,,,,,random,hybrid,heuristic,TRUE,,,,,,,0.9,0.1,roulette,3,TRUE,FALSE,0.5,0.1,0.35,5,2,,,,,,,,,,,,,,
J60_1.RCP,1,118.2395008,0.241520166,GA_roulette_hybrid_random_heuristic_withLS_withNeighborhood,77,1000,1,50,60,,,,,,random,hybrid,heuristic,TRUE,,,,,,,0.9,0.1,roulette,3,TRUE,FALSE,0.5,0.1,0.35,5,2,,,,,,,,,,,,,,
J60_1.RCP,0,115.6680722,0.236903906,GA_roulette_hybrid_random_heuristic_withLS_noNeighborhood,77,1000,0,50,60,,,,,,random,hybrid,heuristic,TRUE,,,,,,,0.9,0.1,roulette,3,TRUE,FALSE,0.5,0.1,0.35,5,0,,,,,,,,,,,,,,
J60_1.RCP,1,118.2395008,0.23583889,GA_roulette_hybrid_random_heuristic_withLS_noNeighborhood,77,1000,1,50,60,,,,,,random,hybrid,heuristic,TRUE,,,,,,,0.9,0.1,roulette,3,TRUE,FALSE,0.5,0.1,0.35,5,0,,,,,,,,,,,,,,
J60_1.RCP,0,103.3044358,0.336051941,GA_roulette_hybrid_random_heuristic_noLS_withNeighborhood,77,1000,0,50,60,,,,,,random,hybrid,heuristic,FALSE,,,,,,,0.9,0.1,roulette,3,TRUE,FALSE,0.5,0.1,0.35,5,2,,,,,,,,,,,,,,
J60_1.RCP,1,118.2395008,0.341702223,GA_roulette_hybrid_random_heuristic_noLS_withNeighborhood,77,1000,1,50,60,,,,,,random,hybrid,heuristic,FALSE,,,,,,,0.9,0.1,roulette,3,TRUE,FALSE,0.5,0.1,0.35,5,2,,,,,,,,,,,,,,
J60_1.RCP,0,103.3044358,0.349499226,GA_roulette_hybrid_random_heuristic_noLS_noNeighborhood,77,1000,0,50,60,,,,,,random,hybrid,heuristic,FALSE,,,,,,,0.9,0.1,roulette,3,TRUE,FALSE,0.5,0.1,0.35,5,0,,,,,,,,,,,,,,
J60_1.RCP,1,118.2395008,0.334745884,GA_roulette_hybrid_random_heuristic_noLS_noNeighborhood,77,1000,1,50,60,,,,,,random,hybrid,heuristic,FALSE,,,,,,,0.9,0.1,roulette,3,TRUE,FALSE,0.5,0.1,0.35,5,0,,,,,,,,,,,,,,
J60_1.RCP,0,113.5382021,0.239916086,GA_roulette_hybrid_adaptive_random_withLS_withNeighborhood,77,1000,0,50,60,,,,,,adaptive,hybrid,random,TRUE,,,,,,,0.9,0.1,roulette,3,TRUE,FALSE,0.5,0.1,0.35,5,2,,,,,,,,,,,,,,
J60_1.RCP,1,113.9797605,0.239224911,GA_roulette_hybrid_adaptive_random_withLS_withNeighborhood,77,1000,1,50,60,,,,,,adaptive,hybrid,random,TRUE,,,,,,,0.9,0.1,roulette,3,TRUE,FALSE,0.5,0.1,0.35,5,2,,,,,,,,,,,,,,
J60_1.RCP,0,113.5382021,0.241957903,GA_roulette_hybrid_adaptive_random_withLS_noNeighborhood,77,1000,0,50,60,,,,,,adaptive,hybrid,random,TRUE,,,,,,,0.9,0.1,roulette,3,TRUE,FALSE,0.5,0.1,0.35,5,0,,,,,,,,,,,,,,
J60_1.RCP,1,113.9797605,0.249801874,GA_roulette_hybrid_adaptive_random_withLS_noNeighborhood,77,1000,1,50,60,,,,,,adaptive,hybrid,random,TRUE,,,,,,,0.9,0.1,roulette,3,TRUE,FALSE,0.5,0.1,0.35,5,0,,,,,,,,,,,,,,
J60_1.RCP,0,113.5382021,0.354507923,GA_roulette_hybrid_adaptive_random_noLS_withNeighborhood,77,1000,0,50,60,,,,,,adaptive,hybrid,random,FALSE,,,,,,,0.9,0.1,roulette,3,TRUE,FALSE,0.5,0.1,0.35,5,2,,,,,,,,,,,,,,
J60_1.RCP,1,105.9018384,0.352249146,GA_roulette_hybrid_adaptive_random_noLS_withNeighborhood,77,1000,1,50,60,,,,,,adaptive,hybrid,random,FALSE,,,,,,,0.9,0.1,roulette,3,TRUE,FALSE,0.5,0.1,0.35,5,2,,,,,,,,,,,,,,
J60_1.RCP,0,113.5382021,0.358824253,GA_roulette_hybrid_adaptive_random_noLS_noNeighborhood,77,1000,0,50,60,,,,,,adaptive,hybrid,random,FALSE,,,,,,,0.9,0.1,roulette,3,TRUE,FALSE,0.5,0.1,0.35,5,0,,,,,,,,,,,,,,
J60_1.RCP,1,105.9018384,0.354029894,GA_roulette_hybrid_adaptive_random_noLS_noNeighborhood,77,1000,1,50,60,,,,,,adaptive,hybrid,random,FALSE,,,,,,,0.9,0.1,roulette,3,TRUE,FALSE,0.5,0.1,0.35,5,0,,,,,,,,,,,,,,
J60_1.RCP,0,127.1745657,0.240785837,GA_roulette_hybrid_adaptive_heuristic_withLS_withNeighborhood,77,1000,0,50,60,,,,,,adaptive,hybrid,heuristic,TRUE,,,,,,,0.9,0.1,roulette,3,TRUE,FALSE,0.5,0.1,0.35,5,2,,,,,,,,,,,,,,
J60_1.RCP,1,105.8239163,0.23969388,GA_roulette_hybrid_adaptive_heuristic_withLS_withNeighborhood,77,1000,1,50,60,,,,,,adaptive,hybrid,heuristic,TRUE,,,,,,,0.9,0.1,roulette,3,TRUE,FALSE,0.5,0.1,0.35,5,2,,,,,,,,,,,,,,
J60_1.RCP,0,127.1745657,0.23987627,GA_roulette_hybrid_adaptive_heuristic_withLS_noNeighborhood,77,1000,0,50,60,,,,,,adaptive,hybrid,heuristic,TRUE,,,,,,,0.9,0.1,roulette,3,TRUE,FALSE,0.5,0.1,0.35,5,0,,,,,,,,,,,,,,
J60_1.RCP,1,105.8239163,0.24139905,GA_roulette_hybrid_adaptive_heuristic_withLS_noNeighborhood,77,1000,1,50,60,,,,,,adaptive,hybrid,heuristic,TRUE,,,,,,,0.9,0.1,roulette,3,TRUE,FALSE,0.5,0.1,0.35,5,0,,,,,,,,,,,,,,
J60_1.RCP,0,118.9667735,0.355144978,GA_roulette_hybrid_adaptive_heuristic_noLS_withNeighborhood,77,1000,0,50,60,,,,,,adaptive,hybrid,heuristic,FALSE,,,,,,,0.9,0.1,roulette,3,TRUE,FALSE,0.5,0.1,0.35,5,2,,,,,,,,,,,,,,
J60_1.RCP,1,98.36937089,0.357800007,GA_roulette_hybrid_adaptive_heuristic_noLS_withNeighborhood,77,1000,1,50,60,,,,,,adaptive,hybrid,heuristic,FALSE,,,,,,,0.9,0.1,roulette,3,TRUE,FALSE,0.5,0.1,0.35,5,2,,,,,,,,,,,,,,
J60_1.RCP,0,118.9667735,0.353422165,GA_roulette_hybrid_adaptive_heuristic_noLS_noNeighborhood,77,1000,0,50,60,,,,,,adaptive,hybrid,heuristic,FALSE,,,,,,,0.9,0.1,roulette,3,TRUE,FALSE,0.5,0.1,0.35,5,0,,,,,,,,,,,,,,
J60_1.RCP,1,98.36937089,0.355616808,GA_roulette_hybrid_adaptive_heuristic_noLS_noNeighborhood,77,1000,1,50,60,,,,,,adaptive,hybrid,heuristic,FALSE,,,,,,,0.9,0.1,roulette,3,TRUE,FALSE,0.5,0.1,0.35,5,0,,,,,,,,,,,,,,
J60_1.RCP,0,125.6680722,0.240741014,GA_tournament_single_point_random_random_withLS_withNeighborhood,77,1000,0,50,60,,,,,,random,single_point,random,TRUE,,,,,,,0.9,0.1,tournament,3,TRUE,FALSE,0.5,0.1,0.35,5,2,,,,,,,,,,,,,,
J60_1.RCP,1,104.8369034,0.235996246,GA_tournament_single_point_random_random_withLS_withNeighborhood,77,1000,1,50,60,,,,,,random,single_point,random,TRUE,,,,,,,0.9,0.1,tournament,3,TRUE,FALSE,0.5,0.1,0.35,5,2,,,,,,,,,,,,,,
J60_1.RCP,0,125.6680722,0.234457254,GA_tournament_single_point_random_random_withLS_noNeighborhood,77,1000,0,50,60,,,,,,random,single_point,random,TRUE,,,,,,,0.9,0.1,tournament,3,TRUE,FALSE,0.5,0.1,0.35,5,0,,,,,,,,,,,,,,
J60_1.RCP,1,104.8369034,0.236377954,GA_tournament_single_point_random_random_withLS_noNeighborhood,77,1000,1,50,60,,,,,,random,single_point,random,TRUE,,,,,,,0.9,0.1,tournament,3,TRUE,FALSE,0.5,0.1,0.35,5,0,,,,,,,,,,,,,,
J60_1.RCP,0,99.69404621,0.340367794,GA_tournament_single_point_random_random_noLS_withNeighborhood,77,1000,0,50,60,,,,,,random,single_point,random,FALSE,,,,,,,0.9,0.1,tournament,3,TRUE,FALSE,0.5,0.1,0.35,5,2,,,,,,,,,,,,,,
J60_1.RCP,1,94.42131894,0.339323997,GA_tournament_single_point_random_random_noLS_withNeighborhood,77,1000,1,50,60,,,,,,random,single_point,random,FALSE,,,,,,,0.9,0.1,tournament,3,TRUE,FALSE,0.5,0.1,0.35,5,2,,,,,,,,,,,,,,
J60_1.RCP,0,99.69404621,0.33906889,GA_tournament_single_point_random_random_noLS_noNeighborhood,77,1000,0,50,60,,,,,,random,single_point,random,FALSE,,,,,,,0.9,0.1,tournament,3,TRUE,FALSE,0.5,0.1,0.35,5,0,,,,,,,,,,,,,,
J60_1.RCP,1,94.42131894,0.345747948,GA_tournament_single_point_random_random_noLS_noNeighborhood,77,1000,1,50,60,,,,,,random,single_point,random,FALSE,,,,,,,0.9,0.1,tournament,3,TRUE,FALSE,0.5,0.1,0.35,5,0,,,,,,,,,,,,,,
J60_1.RCP,0,121.1745657,0.235714674,GA_tournament_single_point_random_heuristic_withLS_withNeighborhood,77,1000,0,50,60,,,,,,random,single_point,heuristic,TRUE,,,,,,,0.9,0.1,tournament,3,TRUE,FALSE,0.5,0.1,0.35,5,2,,,,,,,,,,,,,,
J60_1.RCP,1,108.9667735,0.236773014,GA_tournament_single_point_random_heuristic_withLS_withNeighborhood,77,1000,1,50,60,,,,,,random,single_point,heuristic,TRUE,,,,,,,0.9,0.1,tournament,3,TRUE,FALSE,0.5,0.1,0.35,5,2,,,,,,,,,,,,,,
J60_1.RCP,0,121.1745657,0.238961935,GA_tournament_single_point_random_heuristic_withLS_noNeighborhood,77,1000,0,50,60,,,,,,random,single_point,heuristic,TRUE,,,,,,,0.9,0.1,tournament,3,TRUE,FALSE,0.5,0.1,0.35,5,0,,,,,,,,,,,,,,
J60_1.RCP,1,108.9667735,0.23691988,GA_tournament_single_point_random_heuristic_withLS_noNeighborhood,77,1000,1,50,60,,,,,,random,single_point,heuristic,TRUE,,,,,,,0.9,0.1,tournament,3,TRUE,FALSE,0.5,0.1,0.35,5,0,,,,,,,,,,,,,,
J60_1.RCP,0,88.91482543,0.341106176,GA_tournament_single_point_random_heuristic_noLS_withNeighborhood,77,1000,0,50,60,,,,,,random,single_point,heuristic,FALSE,,,,,,,0.9,0.1,tournament,3,TRUE,FALSE,0.5,0.1,0.35,5,2,,,,,,,,,,,,,,
J60_1.RCP,1,101.9278124,0.355071068,GA_tournament_single_point_random_heuristic_noLS_withNeighborhood,77,1000,1,50,60,,,,,,random,single_point,heuristic,FALSE,,,,,,,0.9,0.1,tournament,3,TRUE,FALSE,0.5,0.1,0.35,5,2,,,,,,,,,,,,,,
J60_1.RCP,0,88.91482543,0.346968651,GA_tournament_single_point_random_heuristic_noLS_noNeighborhood,77,1000,0,50,60,,,,,,random,single_point,heuristic,FALSE,,,,,,,0.9,0.1,tournament,3,TRUE,FALSE,0.5,0.1,0.35,5,0,,,,,,,,,,,,,,
J60_1.RCP,1,101.9278124,0.362210035,GA_tournament_single_point_random_heuristic_noLS_noNeighborhood,77,1000,1,50,60,,,,,,random,single_point,heuristic,FALSE,,,,,,,0.9,0.1,tournament,3,TRUE,FALSE,0.5,0.1,0.35,5,0,,,,,,,,,,,,,,
J60_1.RCP,0,114.447293,0.263467073,GA_tournament_single_point_adaptive_random_withLS_withNeighborhood,77,1000,0,50,60,,,,,,adaptive,single_point,random,TRUE,,,,,,,0.9,0.1,tournament,3,TRUE,FALSE,0.5,0.1,0.35,5,2,,,,,,,,,,,,,,
J60_1.RCP,1,104.6810592,0.240543842,GA_tournament_single_point_adaptive_random_withLS_withNeighborhood,77,1000,1,50,60,,,,,,adaptive,single_point,random,TRUE,,,,,,,0.9,0.1,tournament,3,TRUE,FALSE,0.5,0.1,0.35,5,2,,,,,,,,,,,,,,
J60_1.RCP,0,114.447293,0.25219202,GA_tournament_single_point_adaptive_random_withLS_noNeighborhood,77,1000,0,50,60,,,,,,adaptive,single_point,random,TRUE,,,,,,,0.9,0.1,tournament,3,TRUE,FALSE,0.5,0.1,0.35,5,0,,,,,,,,,,,,,,
J60_1.RCP,1,104.6810592,0.244891882,GA_tournament_single_point_adaptive_random_withLS_noNeighborhood,77,1000,1,50,60,,,,,,adaptive,single_point,random,TRUE,,,,,,,0.9,0.1,tournament,3,TRUE,FALSE,0.5,0.1,0.35,5,0,,,,,,,,,,,,,,
J60_1.RCP,0,100.7849553,0.365533829,GA_tournament_single_point_adaptive_random_noLS_withNeighborhood,77,1000,0,50,60,,,,,,adaptive,single_point,random,FALSE,,,,,,,0.9,0.1,tournament,3,TRUE,FALSE,0.5,0.1,0.35,5,2,,,,,,,,,,,,,,
J60_1.RCP,1,104.3693709,0.359549999,GA_tournament_single_point_adaptive_random_noLS_withNeighborhood,77,1000,1,50,60,,,,,,adaptive,single_point,random,FALSE,,,,,,,0.9,0.1,tournament,3,TRUE,FALSE,0.5,0.1,0.35,5,2,,,,,,,,,,,,,,
J60_1.RCP,0,100.7849553,0.360474825,GA_tournament_single_point_adaptive_random_noLS_noNeighborhood,77,1000,0,50,60,,,,,,adaptive,single_point,random,FALSE,,,,,,,0.9,0.1,tournament,3,TRUE,FALSE,0.5,0.1,0.35,5,0,,,,,,,,,,,,,,
J60_1.RCP,1,104.3693709,0.358803034,GA_tournament_single_point_adaptive_random_noLS_noNeighborhood,77,1000,1,50,60,,,,,,adaptive,single_point,random,FALSE,,,,,,,0.9,0.1,tournament,3,TRUE,FALSE,0.5,0.1,0.35,5,0,,,,,,,,,,,,,,
J60_1.RCP,0,114.9667735,0.242448092,GA_tournament_single_point_adaptive_heuristic_withLS_withNeighborhood,77,1000,0,50,60,,,,,,adaptive,single_point,heuristic,TRUE,,,,,,,0.9,0.1,tournament,3,TRUE,FALSE,0.5,0.1,0.35,5,2,,,,,,,,,,,,,,
J60_1.RCP,1,118.2395008,0.242143869,GA_tournament_single_point_adaptive_heuristic_withLS_withNeighborhood,77,1000,1,50,60,,,,,,adaptive,single_point,heuristic,TRUE,,,,,,,0.9,0.1,tournament,3,TRUE,FALSE,0.5,0.1,0.35,5,2,,,,,,,,,,,,,,
J60_1.RCP,0,114.9667735,0.241635799,GA_tournament_single_point_adaptive_heuristic_withLS_noNeighborhood,77,1000,0,50,60,,,,,,adaptive,single_point,heuristic,TRUE,,,,,,,0.9,0.1,tournament,3,TRUE,FALSE,0.5,0.1,0.35,5,0,,,,,,,,,,,,,,
J60_1.RCP,1,118.2395008,0.242175817,GA_tournament_single_point_adaptive_heuristic_withLS_noNeighborhood,77,1000,1,50,60,,,,,,adaptive,single_point,heuristic,TRUE,,,,,,,0.9,0.1,tournament,3,TRUE,FALSE,0.5,0.1,0.35,5,0,,,,,,,,,,,,,,
J60_1.RCP,0,102.9407995,0.36037302,GA_tournament_single_point_adaptive_heuristic_noLS_withNeighborhood,77,1000,0,50,60,,,,,,adaptive,single_point,heuristic,FALSE,,,,,,,0.9,0.1,tournament,3,TRUE,FALSE,0.5,0.1,0.35,5,2,,,,,,,,,,,,,,
J60_1.RCP,1,104.3693709,0.36072588,GA_tournament_single_point_adaptive_heuristic_noLS_withNeighborhood,77,1000,1,50,60,,,,,,adaptive,single_point,heuristic,FALSE,,,,,,,0.9,0.1,tournament,3,TRUE,FALSE,0.5,0.1,0.35,5,2,,,,,,,,,,,,,,
J60_1.RCP,0,102.9407995,0.361438036,GA_tournament_single_point_adaptive_heuristic_noLS_noNeighborhood,77,1000,0,50,60,,,,,,adaptive,single_point,heuristic,FALSE,,,,,,,0.9,0.1,tournament,3,TRUE,FALSE,0.5,0.1,0.35,5,0,,,,,,,,,,,,,,
J60_1.RCP,1,104.3693709,0.360924244,GA_tournament_single_point_adaptive_heuristic_noLS_noNeighborhood,77,1000,1,50,60,,,,,,adaptive,single_point,heuristic,FALSE,,,,,,,0.9,0.1,tournament,3,TRUE,FALSE,0.5,0.1,0.35,5,0,,,,,,,,,,,,,,
J60_1.RCP,0,120.1875527,0.235509872,GA_tournament_two_point_random_random_withLS_withNeighborhood,77,1000,0,50,60,,,,,,random,two_point,random,TRUE,,,,,,,0.9,0.1,tournament,3,TRUE,FALSE,0.5,0.1,0.35,5,2,,,,,,,,,,,,,,
J60_1.RCP,1,111.5382021,0.235775232,GA_tournament_two_point_random_random_withLS_withNeighborhood,77,1000,1,50,60,,,,,,random,two_point,random,TRUE,,,,,,,0.9,0.1,tournament,3,TRUE,FALSE,0.5,0.1,0.35,5,2,,,,,,,,,,,,,,
J60_1.RCP,0,120.1875527,0.236064196,GA_tournament_two_point_random_random_withLS_noNeighborhood,77,1000,0,50,60,,,,,,random,two_point,random,TRUE,,,,,,,0.9,0.1,tournament,3,TRUE,FALSE,0.5,0.1,0.35,5,0,,,,,,,,,,,,,,
J60_1.RCP,1,111.5382021,0.235775948,GA_tournament_two_point_random_random_withLS_noNeighborhood,77,1000,1,50,60,,,,,,random,two_point,random,TRUE,,,,,,,0.9,0.1,tournament,3,TRUE,FALSE,0.5,0.1,0.35,5,0,,,,,,,,,,,,,,
J60_1.RCP,0,106.3433969,0.341866016,GA_tournament_two_point_random_random_noLS_withNeighborhood,77,1000,0,50,60,,,,,,random,two_point,random,FALSE,,,,,,,0.9,0.1,tournament,3,TRUE,FALSE,0.5,0.1,0.35,5,2,,,,,,,,,,,,,,
J60_1.RCP,1,96.96677349,0.340415955,GA_tournament_two_point_random_random_noLS_withNeighborhood,77,1000,1,50,60,,,,,,random,two_point,random,FALSE,,,,,,,0.9,0.1,tournament,3,TRUE,FALSE,0.5,0.1,0.35,5,2,,,,,,,,,,,,,,
J60_1.RCP,0,106.3433969,0.342709064,GA_tournament_two_point_random_random_noLS_noNeighborhood,77,1000,0,50,60,,,,,,random,two_point,random,FALSE,,,,,,,0.9,0.1,tournament,3,TRUE,FALSE,0.5,0.1,0.35,5,0,,,,,,,,,,,,,,
J60_1.RCP,1,96.96677349,0.340827942,GA_tournament_two_point_random_random_noLS_noNeighborhood,77,1000,1,50,60,,,,,,random,two_point,random,FALSE,,,,,,,0.9,0.1,tournament,3,TRUE,FALSE,0.5,0.1,0.35,5,0,,,,,,,,,,,,,,
J60_1.RCP,0,113.2265137,0.236713886,GA_tournament_two_point_random_heuristic_withLS_withNeighborhood,77,1000,0,50,60,,,,,,random,two_point,heuristic,TRUE,,,,,,,0.9,0.1,tournament,3,TRUE,FALSE,0.5,0.1,0.35,5,2,,,,,,,,,,,,,,
J60_1.RCP,1,116.3433969,0.237739086,GA_tournament_two_point_random_heuristic_withLS_withNeighborhood,77,1000,1,50,60,,,,,,random,two_point,heuristic,TRUE,,,,,,,0.9,0.1,tournament,3,TRUE,FALSE,0.5,0.1,0.35,5,2,,,,,,,,,,,,,,
J60_1.RCP,0,113.2265137,0.237517834,GA_tournament_two_point_random_heuristic_withLS_noNeighborhood,77,1000,0,50,60,,,,,,random,two_point,heuristic,TRUE,,,,,,,0.9,0.1,tournament,3,TRUE,FALSE,0.5,0.1,0.35,5,0,,,,,,,,,,,,,,
J60_1.RCP,1,116.3433969,0.240533829,GA_tournament_two_point_random_heuristic_withLS_noNeighborhood,77,1000,1,50,60,,,,,,random,two_point,heuristic,TRUE,,,,,,,0.9,0.1,tournament,3,TRUE,FALSE,0.5,0.1,0.35,5,0,,,,,,,,,,,,,,
J60_1.RCP,0,81.90183842,0.350216866,GA_tournament_two_point_random_heuristic_noLS_withNeighborhood,77,1000,0,50,60,,,,,,random,two_point,heuristic,FALSE,,,,,,,0.9,0.1,tournament,3,TRUE,FALSE,0.5,0.1,0.35,5,2,,,,,,,,,,,,,,
J60_1.RCP,1,92.86287738,0.347995996,GA_tournament_two_point_random_heuristic_noLS_withNeighborhood,77,1000,1,50,60,,,,,,random,two_point,heuristic,FALSE,,,,,,,0.9,0.1,tournament,3,TRUE,FALSE,0.5,0.1,0.35,5,2,,,,,,,,,,,,,,
J60_1.RCP,0,81.90183842,0.3431108,GA_tournament_two_point_random_heuristic_noLS_noNeighborhood,77,1000,0,50,60,,,,,,random,two_point,heuristic,FALSE,,,,,,,0.9,0.1,tournament,3,TRUE,FALSE,0.5,0.1,0.35,5,0,,,,,,,,,,,,,,
J60_1.RCP,1,92.86287738,0.341943026,GA_tournament_two_point_random_heuristic_noLS_noNeighborhood,77,1000,1,50,60,,,,,,random,two_point,heuristic,FALSE,,,,,,,0.9,0.1,tournament,3,TRUE,FALSE,0.5,0.1,0.35,5,0,,,,,,,,,,,,,,
J60_1.RCP,0,112.2135267,0.240225077,GA_tournament_two_point_adaptive_random_withLS_withNeighborhood,77,1000,0,50,60,,,,,,adaptive,two_point,random,TRUE,,,,,,,0.9,0.1,tournament,3,TRUE,FALSE,0.5,0.1,0.35,5,2,,,,,,,,,,,,,,
J60_1.RCP,1,113.5382021,0.240876913,GA_tournament_two_point_adaptive_random_withLS_withNeighborhood,77,1000,1,50,60,,,,,,adaptive,two_point,random,TRUE,,,,,,,0.9,0.1,tournament,3,TRUE,FALSE,0.5,0.1,0.35,5,2,,,,,,,,,,,,,,
J60_1.RCP,0,112.2135267,0.238924026,GA_tournament_two_point_adaptive_random_withLS_noNeighborhood,77,1000,0,50,60,,,,,,adaptive,two_point,random,TRUE,,,,,,,0.9,0.1,tournament,3,TRUE,FALSE,0.5,0.1,0.35,5,0,,,,,,,,,,,,,,
J60_1.RCP,1,113.5382021,0.241073847,GA_tournament_two_point_adaptive_random_withLS_noNeighborhood,77,1000,1,50,60,,,,,,adaptive,two_point,random,TRUE,,,,,,,0.9,0.1,tournament,3,TRUE,FALSE,0.5,0.1,0.35,5,0,,,,,,,,,,,,,,
J60_1.RCP,0,103.9537865,0.361063004,GA_tournament_two_point_adaptive_random_noLS_withNeighborhood,77,1000,0,50,60,,,,,,adaptive,two_point,random,FALSE,,,,,,,0.9,0.1,tournament,3,TRUE,FALSE,0.5,0.1,0.35,5,2,,,,,,,,,,,,,,
J60_1.RCP,1,97.2784618,0.365849972,GA_tournament_two_point_adaptive_random_noLS_withNeighborhood,77,1000,1,50,60,,,,,,adaptive,two_point,random,FALSE,,,,,,,0.9,0.1,tournament,3,TRUE,FALSE,0.5,0.1,0.35,5,2,,,,,,,,,,,,,,
J60_1.RCP,0,103.9537865,0.36186409,GA_tournament_two_point_adaptive_random_noLS_noNeighborhood,77,1000,0,50,60,,,,,,adaptive,two_point,random,FALSE,,,,,,,0.9,0.1,tournament,3,TRUE,FALSE,0.5,0.1,0.35,5,0,,,,,,,,,,,,,,
J60_1.RCP,1,97.2784618,0.361421108,GA_tournament_two_point_adaptive_random_noLS_noNeighborhood,77,1000,1,50,60,,,,,,adaptive,two_point,random,FALSE,,,,,,,0.9,0.1,tournament,3,TRUE,FALSE,0.5,0.1,0.35,5,0,,,,,,,,,,,,,,
J60_1.RCP,0,124.4213189,0.24435997,GA_tournament_two_point_adaptive_heuristic_withLS_withNeighborhood,77,1000,0,50,60,,,,,,adaptive,two_point,heuristic,TRUE,,,,,,,0.9,0.1,tournament,3,TRUE,FALSE,0.5,0.1,0.35,5,2,,,,,,,,,,,,,,
J60_1.RCP,1,117.9537865,0.245266914,GA_tournament_two_point_adaptive_heuristic_withLS_withNeighborhood,77,1000,1,50,60,,,,,,adaptive,two_point,heuristic,TRUE,,,,,,,0.9,0.1,tournament,3,TRUE,FALSE,0.5,0.1,0.35,5,2,,,,,,,,,,,,,,
J60_1.RCP,0,124.4213189,0.24216795,GA_tournament_two_point_adaptive_heuristic_withLS_noNeighborhood,77,1000,0,50,60,,,,,,adaptive,two_point,heuristic,TRUE,,,,,,,0.9,0.1,tournament,3,TRUE,FALSE,0.5,0.1,0.35,5,0,,,,,,,,,,,,,,
J60_1.RCP,1,117.9537865,0.242481232,GA_tournament_two_point_adaptive_heuristic_withLS_noNeighborhood,77,1000,1,50,60,,,,,,adaptive,two_point,heuristic,TRUE,,,,,,,0.9,0.1,tournament,3,TRUE,FALSE,0.5,0.1,0.35,5,0,,,,,,,,,,,,,,
J60_1.RCP,0,108.2395008,0.361922979,GA_tournament_two_point_adaptive_heuristic_noLS_withNeighborhood,77,1000,0,50,60,,,,,,adaptive,two_point,heuristic,FALSE,,,,,,,0.9,0.1,tournament,3,TRUE,FALSE,0.5,0.1,0.35,5,2,,,,,,,,,,,,,,
J60_1.RCP,1,101.6420982,0.361991882,GA_tournament_two_point_adaptive_heuristic_noLS_withNeighborhood,77,1000,1,50,60,,,,,,adaptive,two_point,heuristic,FALSE,,,,,,,0.9,0.1,tournament,3,TRUE,FALSE,0.5,0.1,0.35,5,2,,,,,,,,,,,,,,
J60_1.RCP,0,108.2395008,0.362152815,GA_tournament_two_point_adaptive_heuristic_noLS_noNeighborhood,77,1000,0,50,60,,,,,,adaptive,two_point,heuristic,FALSE,,,,,,,0.9,0.1,tournament,3,TRUE,FALSE,0.5,0.1,0.35,5,0,,,,,,,,,,,,,,
J60_1.RCP,1,101.6420982,0.365710735,GA_tournament_two_point_adaptive_heuristic_noLS_noNeighborhood,77,1000,1,50,60,,,,,,adaptive,two_point,heuristic,FALSE,,,,,,,0.9,0.1,tournament,3,TRUE,FALSE,0.5,0.1,0.35,5,0,,,,,,,,,,,,,,
J60_1.RCP,0,109.2265137,2.221852779,GA_tournament_rcx_random_random_withLS_withNeighborhood,77,1000,0,50,60,,,,,,random,rcx,random,TRUE,,,,,,,0.9,0.1,tournament,3,TRUE,FALSE,0.5,0.1,0.35,5,2,,,,,,,,,,,,,,
J60_1.RCP,1,120.0317086,2.296550035,GA_tournament_rcx_random_random_withLS_withNeighborhood,77,1000,1,50,60,,,,,,random,rcx,random,TRUE,,,,,,,0.9,0.1,tournament,3,TRUE,FALSE,0.5,0.1,0.35,5,2,,,,,,,,,,,,,,
J60_1.RCP,0,109.2265137,2.203230143,GA_tournament_rcx_random_random_withLS_noNeighborhood,77,1000,0,50,60,,,,,,random,rcx,random,TRUE,,,,,,,0.9,0.1,tournament,3,TRUE,FALSE,0.5,0.1,0.35,5,0,,,,,,,,,,,,,,
J60_1.RCP,1,120.0317086,2.291481018,GA_tournament_rcx_random_random_withLS_noNeighborhood,77,1000,1,50,60,,,,,,random,rcx,random,TRUE,,,,,,,0.9,0.1,tournament,3,TRUE,FALSE,0.5,0.1,0.35,5,0,,,,,,,,,,,,,,
J60_1.RCP,0,94.03170855,7.759107828,GA_tournament_rcx_random_random_noLS_withNeighborhood,77,1000,0,50,60,,,,,,random,rcx,random,FALSE,,,,,,,0.9,0.1,tournament,3,TRUE,FALSE,0.5,0.1,0.35,5,2,,,,,,,,,,,,,,
J60_1.RCP,1,89.30443582,7.876039267,GA_tournament_rcx_random_random_noLS_withNeighborhood,77,1000,1,50,60,,,,,,random,rcx,random,FALSE,,,,,,,0.9,0.1,tournament,3,TRUE,FALSE,0.5,0.1,0.35,5,2,,,,,,,,,,,,,,
J60_1.RCP,0,94.03170855,7.805705786,GA_tournament_rcx_random_random_noLS_noNeighborhood,77,1000,0,50,60,,,,,,random,rcx,random,FALSE,,,,,,,0.9,0.1,tournament,3,TRUE,FALSE,0.5,0.1,0.35,5,0,,,,,,,,,,,,,,
J60_1.RCP,1,89.30443582,7.846118927,GA_tournament_rcx_random_random_noLS_noNeighborhood,77,1000,1,50,60,,,,,,random,rcx,random,FALSE,,,,,,,0.9,0.1,tournament,3,TRUE,FALSE,0.5,0.1,0.35,5,0,,,,,,,,,,,,,,
J60_1.RCP,0,122.1875527,2.108819962,GA_tournament_rcx_random_heuristic_withLS_withNeighborhood,77,1000,0,50,60,,,,,,random,rcx,heuristic,TRUE,,,,,,,0.9,0.1,tournament,3,TRUE,FALSE,0.5,0.1,0.35,5,2,,,,,,,,,,,,,,
J60_1.RCP,1,104.6550852,2.159031153,GA_tournament_rcx_random_heuristic_withLS_withNeighborhood,77,1000,1,50,60,,,,,,random,rcx,heuristic,TRUE,,,,,,,0.9,0.1,tournament,3,TRUE,FALSE,0.5,0.1,0.35,5,2,,,,,,,,,,,,,,
J60_1.RCP,0,122.1875527,2.112377644,GA_tournament_rcx_random_heuristic_withLS_noNeighborhood,77,1000,0,50,60,,,,,,random,rcx,heuristic,TRUE,,,,,,,0.9,0.1,tournament,3,TRUE,FALSE,0.5,0.1,0.35,5,0,,,,,,,,,,,,,,
J60_1.RCP,1,104.6550852,2.295820951,GA_tournament_rcx_random_heuristic_withLS_noNeighborhood,77,1000,1,50,60,,,,,,random,rcx,heuristic,TRUE,,,,,,,0.9,0.1,tournament,3,TRUE,FALSE,0.5,0.1,0.35,5,0,,,,,,,,,,,,,,
J60_1.RCP,0,90.73300725,7.896340132,GA_tournament_rcx_random_heuristic_noLS_withNeighborhood,77,1000,0,50,60,,,,,,random,rcx,heuristic,FALSE,,,,,,,0.9,0.1,tournament,3,TRUE,FALSE,0.5,0.1,0.35,5,2,,,,,,,,,,,,,,
J60_1.RCP,1,89.69404621,8.040446997,GA_tournament_rcx_random_heuristic_noLS_withNeighborhood,77,1000,1,50,60,,,,,,random,rcx,heuristic,FALSE,,,,,,,0.9,0.1,tournament,3,TRUE,FALSE,0.5,0.1,0.35,5,2,,,,,,,,,,,,,,
J60_1.RCP,0,90.73300725,8.13258481,GA_tournament_rcx_random_heuristic_noLS_noNeighborhood,77,1000,0,50,60,,,,,,random,rcx,heuristic,FALSE,,,,,,,0.9,0.1,tournament,3,TRUE,FALSE,0.5,0.1,0.35,5,0,,,,,,,,,,,,,,
J60_1.RCP,1,89.69404621,8.174085855,GA_tournament_rcx_random_heuristic_noLS_noNeighborhood,77,1000,1,50,60,,,,,,random,rcx,heuristic,FALSE,,,,,,,0.9,0.1,tournament,3,TRUE,FALSE,0.5,0.1,0.35,5,0,,,,,,,,,,,,,,
J60_1.RCP,0,118.6550852,2.308488846,GA_tournament_rcx_adaptive_random_withLS_withNeighborhood,77,1000,0,50,60,,,,,,adaptive,rcx,random,TRUE,,,,,,,0.9,0.1,tournament,3,TRUE,FALSE,0.5,0.1,0.35,5,2,,,,,,,,,,,,,,
J60_1.RCP,1,108.447293,2.210211992,GA_tournament_rcx_adaptive_random_withLS_withNeighborhood,77,1000,1,50,60,,,,,,adaptive,rcx,random,TRUE,,,,,,,0.9,0.1,tournament,3,TRUE,FALSE,0.5,0.1,0.35,5,2,,,,,,,,,,,,,,
J60_1.RCP,0,118.6550852,2.229622126,GA_tournament_rcx_adaptive_random_withLS_noNeighborhood,77,1000,0,50,60,,,,,,adaptive,rcx,random,TRUE,,,,,,,0.9,0.1,tournament,3,TRUE,FALSE,0.5,0.1,0.35,5,0,,,,,,,,,,,,,,
J60_1.RCP,1,108.447293,2.184713125,GA_tournament_rcx_adaptive_random_withLS_noNeighborhood,77,1000,1,50,60,,,,,,adaptive,rcx,random,TRUE,,,,,,,0.9,0.1,tournament,3,TRUE,FALSE,0.5,0.1,0.35,5,0,,,,,,,,,,,,,,
J60_1.RCP,0,103.3304098,8.089389086,GA_tournament_rcx_adaptive_random_noLS_withNeighborhood,77,1000,0,50,60,,,,,,adaptive,rcx,random,FALSE,,,,,,,0.9,0.1,tournament,3,TRUE,FALSE,0.5,0.1,0.35,5,2,,,,,,,,,,,,,,
J60_1.RCP,1,96.70703323,7.96021986,GA_tournament_rcx_adaptive_random_noLS_withNeighborhood,77,1000,1,50,60,,,,,,adaptive,rcx,random,FALSE,,,,,,,0.9,0.1,tournament,3,TRUE,FALSE,0.5,0.1,0.35,5,2,,,,,,,,,,,,,,
J60_1.RCP,0,103.3304098,8.058325052,GA_tournament_rcx_adaptive_random_noLS_noNeighborhood,77,1000,0,50,60,,,,,,adaptive,rcx,random,FALSE,,,,,,,0.9,0.1,tournament,3,TRUE,FALSE,0.5,0.1,0.35,5,0,,,,,,,,,,,,,,
J60_1.RCP,1,96.70703323,7.927783966,GA_tournament_rcx_adaptive_random_noLS_noNeighborhood,77,1000,1,50,60,,,,,,adaptive,rcx,random,FALSE,,,,,,,0.9,0.1,tournament,3,TRUE,FALSE,0.5,0.1,0.35,5,0,,,,,,,,,,,,,,
J60_1.RCP,0,117.6161241,2.097295046,GA_tournament_rcx_adaptive_heuristic_withLS_withNeighborhood,77,1000,0,50,60,,,,,,adaptive,rcx,heuristic,TRUE,,,,,,,0.9,0.1,tournament,3,TRUE,FALSE,0.5,0.1,0.35,5,2,,,,,,,,,,,,,,
J60_1.RCP,1,116.7849553,2.074709892,GA_tournament_rcx_adaptive_heuristic_withLS_withNeighborhood,77,1000,1,50,60,,,,,,adaptive,rcx,heuristic,TRUE,,,,,,,0.9,0.1,tournament,3,TRUE,FALSE,0.5,0.1,0.35,5,2,,,,,,,,,,,,,,
J60_1.RCP,0,117.6161241,2.087543011,GA_tournament_rcx_adaptive_heuristic_withLS_noNeighborhood,77,1000,0,50,60,,,,,,adaptive,rcx,heuristic,TRUE,,,,,,,0.9,0.1,tournament,3,TRUE,FALSE,0.5,0.1,0.35,5,0,,,,,,,,,,,,,,
J60_1.RCP,1,116.7849553,2.06502676,GA_tournament_rcx_adaptive_heuristic_withLS_noNeighborhood,77,1000,1,50,60,,,,,,adaptive,rcx,heuristic,TRUE,,,,,,,0.9,0.1,tournament,3,TRUE,FALSE,0.5,0.1,0.35,5,0,,,,,,,,,,,,,,
J60_1.RCP,0,100.5771631,7.960444927,GA_tournament_rcx_adaptive_heuristic_noLS_withNeighborhood,77,1000,0,50,60,,,,,,adaptive,rcx,heuristic,FALSE,,,,,,,0.9,0.1,tournament,3,TRUE,FALSE,0.5,0.1,0.35,5,2,,,,,,,,,,,,,,
J60_1.RCP,1,99.48625401,7.915709972,GA_tournament_rcx_adaptive_heuristic_noLS_withNeighborhood,77,1000,1,50,60,,,,,,adaptive,rcx,heuristic,FALSE,,,,,,,0.9,0.1,tournament,3,TRUE,FALSE,0.5,0.1,0.35,5,2,,,,,,,,,,,,,,
J60_1.RCP,0,100.5771631,7.942507029,GA_tournament_rcx_adaptive_heuristic_noLS_noNeighborhood,77,1000,0,50,60,,,,,,adaptive,rcx,heuristic,FALSE,,,,,,,0.9,0.1,tournament,3,TRUE,FALSE,0.5,0.1,0.35,5,0,,,,,,,,,,,,,,
J60_1.RCP,1,99.48625401,7.921374083,GA_tournament_rcx_adaptive_heuristic_noLS_noNeighborhood,77,1000,1,50,60,,,,,,adaptive,rcx,heuristic,FALSE,,,,,,,0.9,0.1,tournament,3,TRUE,FALSE,0.5,0.1,0.35,5,0,,,,,,,,,,,,,,
J60_1.RCP,0,106.7070332,1.235397816,GA_tournament_hybrid_random_random_withLS_withNeighborhood,77,1000,0,50,60,,,,,,random,hybrid,random,TRUE,,,,,,,0.9,0.1,tournament,3,TRUE,FALSE,0.5,0.1,0.35,5,2,,,,,,,,,,,,,,
J60_1.RCP,1,108.3174228,1.187976837,GA_tournament_hybrid_random_random_withLS_withNeighborhood,77,1000,1,50,60,,,,,,random,hybrid,random,TRUE,,,,,,,0.9,0.1,tournament,3,TRUE,FALSE,0.5,0.1,0.35,5,2,,,,,,,,,,,,,,
J60_1.RCP,0,106.7070332,1.235660076,GA_tournament_hybrid_random_random_withLS_noNeighborhood,77,1000,0,50,60,,,,,,random,hybrid,random,TRUE,,,,,,,0.9,0.1,tournament,3,TRUE,FALSE,0.5,0.1,0.35,5,0,,,,,,,,,,,,,,
J60_1.RCP,1,108.3174228,1.191514969,GA_tournament_hybrid_random_random_withLS_noNeighborhood,77,1000,1,50,60,,,,,,random,hybrid,random,TRUE,,,,,,,0.9,0.1,tournament,3,TRUE,FALSE,0.5,0.1,0.35,5,0,,,,,,,,,,,,,,
J60_1.RCP,0,97.64209816,4.1894238,GA_tournament_hybrid_random_random_noLS_withNeighborhood,77,1000,0,50,60,,,,,,random,hybrid,random,FALSE,,,,,,,0.9,0.1,tournament,3,TRUE,FALSE,0.5,0.1,0.35,5,2,,,,,,,,,,,,,,
J60_1.RCP,1,88.70703323,4.166661978,GA_tournament_hybrid_random_random_noLS_withNeighborhood,77,1000,1,50,60,,,,,,random,hybrid,random,FALSE,,,,,,,0.9,0.1,tournament,3,TRUE,FALSE,0.5,0.1,0.35,5,2,,,,,,,,,,,,,,
J60_1.RCP,0,97.64209816,4.181372166,GA_tournament_hybrid_random_random_noLS_noNeighborhood,77,1000,0,50,60,,,,,,random,hybrid,random,FALSE,,,,,,,0.9,0.1,tournament,3,TRUE,FALSE,0.5,0.1,0.35,5,0,,,,,,,,,,,,,,
J60_1.RCP,1,88.70703323,4.176476955,GA_tournament_hybrid_random_random_noLS_noNeighborhood,77,1000,1,50,60,,,,,,random,hybrid,random,FALSE,,,,,,,0.9,0.1,tournament,3,TRUE,FALSE,0.5,0.1,0.35,5,0,,,,,,,,,,,,,,
J60_1.RCP,0,120.7070332,1.135853052,GA_tournament_hybrid_random_heuristic_withLS_withNeighborhood,77,1000,0,50,60,,,,,,random,hybrid,heuristic,TRUE,,,,,,,0.9,0.1,tournament,3,TRUE,FALSE,0.5,0.1,0.35,5,2,,,,,,,,,,,,,,
J60_1.RCP,1,114.9407995,1.163269281,GA_tournament_hybrid_random_heuristic_withLS_withNeighborhood,77,1000,1,50,60,,,,,,random,hybrid,heuristic,TRUE,,,,,,,0.9,0.1,tournament,3,TRUE,FALSE,0.5,0.1,0.35,5,2,,,,,,,,,,,,,,
J60_1.RCP,0,120.7070332,1.130255699,GA_tournament_hybrid_random_heuristic_withLS_noNeighborhood,77,1000,0,50,60,,,,,,random,hybrid,heuristic,TRUE,,,,,,,0.9,0.1,tournament,3,TRUE,FALSE,0.5,0.1,0.35,5,0,,,,,,,,,,,,,,
J60_1.RCP,1,114.9407995,1.172223091,GA_tournament_hybrid_random_heuristic_withLS_noNeighborhood,77,1000,1,50,60,,,,,,random,hybrid,heuristic,TRUE,,,,,,,0.9,0.1,tournament,3,TRUE,FALSE,0.5,0.1,0.35,5,0,,,,,,,,,,,,,,
J60_1.RCP,0,100.2135267,4.154263973,GA_tournament_hybrid_random_heuristic_noLS_withNeighborhood,77,1000,0,50,60,,,,,,random,hybrid,heuristic,FALSE,,,,,,,0.9,0.1,tournament,3,TRUE,FALSE,0.5,0.1,0.35,5,2,,,,,,,,,,,,,,
J60_1.RCP,1,93.95378647,4.207590342,GA_tournament_hybrid_random_heuristic_noLS_withNeighborhood,77,1000,1,50,60,,,,,,random,hybrid,heuristic,FALSE,,,,,,,0.9,0.1,tournament,3,TRUE,FALSE,0.5,0.1,0.35,5,2,,,,,,,,,,,,,,
J60_1.RCP,0,100.2135267,4.149378061,GA_tournament_hybrid_random_heuristic_noLS_noNeighborhood,77,1000,0,50,60,,,,,,random,hybrid,heuristic,FALSE,,,,,,,0.9,0.1,tournament,3,TRUE,FALSE,0.5,0.1,0.35,5,0,,,,,,,,,,,,,,
J60_1.RCP,1,93.95378647,4.208336115,GA_tournament_hybrid_random_heuristic_noLS_noNeighborhood,77,1000,1,50,60,,,,,,random,hybrid,heuristic,FALSE,,,,,,,0.9,0.1,tournament,3,TRUE,FALSE,0.5,0.1,0.35,5,0,,,,,,,,,,,,,,
J60_1.RCP,0,111.2005397,1.219797134,GA_tournament_hybrid_adaptive_random_withLS_withNeighborhood,77,1000,0,50,60,,,,,,adaptive,hybrid,random,TRUE,,,,,,,0.9,0.1,tournament,3,TRUE,FALSE,0.5,0.1,0.35,5,2,,,,,,,,,,,,,,
J60_1.RCP,1,118.3433969,1.303976059,GA_tournament_hybrid_adaptive_random_withLS_withNeighborhood,77,1000,1,50,60,,,,,,adaptive,hybrid,random,TRUE,,,,,,,0.9,0.1,tournament,3,TRUE,FALSE,0.5,0.1,0.35,5,2,,,,,,,,,,,,,,
J60_1.RCP,0,111.2005397,1.225591898,GA_tournament_hybrid_adaptive_random_withLS_noNeighborhood,77,1000,0,50,60,,,,,,adaptive,hybrid,random,TRUE,,,,,,,0.9,0.1,tournament,3,TRUE,FALSE,0.5,0.1,0.35,5,0,,,,,,,,,,,,,,
J60_1.RCP,1,118.3433969,1.314394951,GA_tournament_hybrid_adaptive_random_withLS_noNeighborhood,77,1000,1,50,60,,,,,,adaptive,hybrid,random,TRUE,,,,,,,0.9,0.1,tournament,3,TRUE,FALSE,0.5,0.1,0.35,5,0,,,,,,,,,,,,,,
J60_1.RCP,0,101.5382021,4.192276955,GA_tournament_hybrid_adaptive_random_noLS_withNeighborhood,77,1000,0,50,60,,,,,,adaptive,hybrid,random,FALSE,,,,,,,0.9,0.1,tournament,3,TRUE,FALSE,0.5,0.1,0.35,5,2,,,,,,,,,,,,,,
J60_1.RCP,1,106.499241,4.377303839,GA_tournament_hybrid_adaptive_random_noLS_withNeighborhood,77,1000,1,50,60,,,,,,adaptive,hybrid,random,FALSE,,,,,,,0.9,0.1,tournament,3,TRUE,FALSE,0.5,0.1,0.35,5,2,,,,,,,,,,,,,,
J60_1.RCP,0,101.5382021,4.18439889,GA_tournament_hybrid_adaptive_random_noLS_noNeighborhood,77,1000,0,50,60,,,,,,adaptive,hybrid,random,FALSE,,,,,,,0.9,0.1,tournament,3,TRUE,FALSE,0.5,0.1,0.35,5,0,,,,,,,,,,,,,,
J60_1.RCP,1,106.499241,4.401177883,GA_tournament_hybrid_adaptive_random_noLS_noNeighborhood,77,1000,1,50,60,,,,,,adaptive,hybrid,random,FALSE,,,,,,,0.9,0.1,tournament,3,TRUE,FALSE,0.5,0.1,0.35,5,0,,,,,,,,,,,,,,
J60_1.RCP,0,112.9927475,1.158446789,GA_tournament_hybrid_adaptive_heuristic_withLS_withNeighborhood,77,1000,0,50,60,,,,,,adaptive,hybrid,heuristic,TRUE,,,,,,,0.9,0.1,tournament,3,TRUE,FALSE,0.5,0.1,0.35,5,2,,,,,,,,,,,,,,
J60_1.RCP,1,114.8109293,1.266261816,GA_tournament_hybrid_adaptive_heuristic_withLS_withNeighborhood,77,1000,1,50,60,,,,,,adaptive,hybrid,heuristic,TRUE,,,,,,,0.9,0.1,tournament,3,TRUE,FALSE,0.5,0.1,0.35,5,2,,,,,,,,,,,,,,
J60_1.RCP,0,112.9927475,1.156411886,GA_tournament_hybrid_adaptive_heuristic_withLS_noNeighborhood,77,1000,0,50,60,,,,,,adaptive,hybrid,heuristic,TRUE,,,,,,,0.9,0.1,tournament,3,TRUE,FALSE,0.5,0.1,0.35,5,0,,,,,,,,,,,,,,
J60_1.RCP,1,114.8109293,1.269515038,GA_tournament_hybrid_adaptive_heuristic_withLS_noNeighborhood,77,1000,1,50,60,,,,,,adaptive,hybrid,heuristic,TRUE,,,,,,,0.9,0.1,tournament,3,TRUE,FALSE,0.5,0.1,0.35,5,0,,,,,,,,,,,,,,
J60_1.RCP,0,100.0576826,4.181589127,GA_tournament_hybrid_adaptive_heuristic_noLS_withNeighborhood,77,1000,0,50,60,,,,,,adaptive,hybrid,heuristic,FALSE,,,,,,,0.9,0.1,tournament,3,TRUE,FALSE,0.5,0.1,0.35,5,2,,,,,,,,,,,,,,
J60_1.RCP,1,96.0836566,4.383569241,GA_tournament_hybrid_adaptive_heuristic_noLS_withNeighborhood,77,1000,1,50,60,,,,,,adaptive,hybrid,heuristic,FALSE,,,,,,,0.9,0.1,tournament,3,TRUE,FALSE,0.5,0.1,0.35,5,2,,,,,,,,,,,,,,
J60_1.RCP,0,100.0576826,4.176959991,GA_tournament_hybrid_adaptive_heuristic_noLS_noNeighborhood,77,1000,0,50,60,,,,,,adaptive,hybrid,heuristic,FALSE,,,,,,,0.9,0.1,tournament,3,TRUE,FALSE,0.5,0.1,0.35,5,0,,,,,,,,,,,,,,
J60_1.RCP,1,96.0836566,4.38975811,GA_tournament_hybrid_adaptive_heuristic_noLS_noNeighborhood,77,1000,1,50,60,,,,,,adaptive,hybrid,heuristic,FALSE,,,,,,,0.9,0.1,tournament,3,TRUE,FALSE,0.5,0.1,0.35,5,0,,,,,,,,,,,,,,
J60_1.RCP,0,116.9667735,0.200325966,SA_default,77,1000,0,,60,,,,,,,,,,,,,,,,,,,,,,,,,,,10000,0.995,10,,,,,,,,,,,
J60_1.RCP,1,100.1356047,0.197396994,SA_default,77,1000,1,,60,,,,,,,,,,,,,,,,,,,,,,,,,,,10000,0.995,10,,,,,,,,,,,
J60_1.RCP,0,120.2914488,0.192089796,ILS_strength3,77,1000,0,,60,100,,,,,,,,,,,,,,,,,,,,,,,,,,,,,3,,,,,,,,,,
J60_1.RCP,1,109.512228,0.191346884,ILS_strength3,77,1000,1,,60,100,,,,,,,,,,,,,,,,,,,,,,,,,,,,,3,,,,,,,,,,
J60_1.RCP,0,120.2914488,0.190704107,ILS_strength5,77,1000,0,,60,100,,,,,,,,,,,,,,,,,,,,,,,,,,,,,5,,,,,,,,,,
J60_1.RCP,1,109.512228,0.193978071,ILS_strength5,77,1000,1,,60,100,,,,,,,,,,,,,,,,,,,,,,,,,,,,,5,,,,,,,,,,
J60_1.RCP,0,120.2914488,0.192668915,ILS_strength7,77,1000,0,,60,100,,,,,,,,,,,,,,,,,,,,,,,,,,,,,7,,,,,,,,,,
J60_1.RCP,1,109.512228,0.19421196,ILS_strength7,77,1000,1,,60,100,,,,,,,,,,,,,,,,,,,,,,,,,,,,,7,,,,,,,,,,
J60_1.RCP,0,120.2914488,0.194425106,ILS_strength10,77,1000,0,,60,100,,,,,,,,,,,,,,,,,,,,,,,,,,,,,10,,,,,,,,,,
J60_1.RCP,1,109.512228,0.194028854,ILS_strength10,77,1000,1,,60,100,,,,,,,,,,,,,,,,,,,,,,,,,,,,,10,,,,,,,,,,
J60_1.RCP,0,120.2914488,0.192971945,ILS_strength15,77,1000,0,,60,100,,,,,,,,,,,,,,,,,,,,,,,,,,,,,15,,,,,,,,,,
J60_1.RCP,1,109.512228,0.193331957,ILS_strength15,77,1000,1,,60,100,,,,,,,,,,,,,,,,,,,,,,,,,,,,,15,,,,,,,,,,
J60_1.RCP,0,80.96677349,0.202549934,TS_static,77,1000,0,,60,100,,,,,,,,,,,,,,,,,,,,,,,,,20,,,,,10,TRUE,static,1,4,10,,,,
J60_1.RCP,1,80.36937089,0.202920198,TS_static,77,1000,1,,60,100,,,,,,,,,,,,,,,,,,,,,,,,,20,,,,,10,TRUE,static,1,4,10,,,,
J60_1.RCP,0,80.96677349,0.205597162,TS_dynamic,77,1000,0,,60,100,,,,,,,,,,,,,,,,,,,,,,,,,20,,,,,10,TRUE,dynamic,1,4,10,,,,
J60_1.RCP,1,80.36937089,0.202084064,TS_dynamic,77,1000,1,,60,100,,,,,,,,,,,,,,,,,,,,,,,,,20,,,,,10,TRUE,dynamic,1,4,10,,,,
J60_1.RCP,0,169.3823579,0.236503124,PR_forward_best_withLS,77,1000,0,,60,100,,,,,,,,TRUE,,,,,,,,,best,,,,,,,,,,,,,,,,,,,10,forward,50,
J60_1.RCP,1,126.8109293,0.23742485,PR_forward_best_withLS,77,1000,1,,60,100,,,,,,,,TRUE,,,,,,,,,best,,,,,,,,,,,,,,,,,,,10,forward,50,
J60_1.RCP,0,134.7849553,0.076105118,PR_forward_best_noLS,77,1000,0,,60,100,,,,,,,,FALSE,,,,,,,,,best,,,,,,,,,,,,,,,,,,,10,forward,50,
J60_1.RCP,1,118.2395008,0.096774101,PR_forward_best_noLS,77,1000,1,,60,100,,,,,,,,FALSE,,,,,,,,,best,,,,,,,,,,,,,,,,,,,10,forward,50,
J60_1.RCP,0,159.6680722,0.233424187,PR_backward_best_withLS,77,1000,0,,60,100,,,,,,,,TRUE,,,,,,,,,best,,,,,,,,,,,,,,,,,,,10,backward,50,
J60_1.RCP,1,126.8109293,0.233570099,PR_backward_best_withLS,77,1000,1,,60,100,,,,,,,,TRUE,,,,,,,,,best,,,,,,,,,,,,,,,,,,,10,backward,50,
J60_1.RCP,0,138.5511891,0.113982916,PR_backward_best_noLS,77,1000,0,,60,100,,,,,,,,FALSE,,,,,,,,,best,,,,,,,,,,,,,,,,,,,10,backward,50,
J60_1.RCP,1,135.9537865,0.077749968,PR_backward_best_noLS,77,1000,1,,60,100,,,,,,,,FALSE,,,,,,,,,best,,,,,,,,,,,,,,,,,,,10,backward,50,
J60_1.RCP,0,126.1096306,1.565554142,GSA_default,77,1000,0,50,60,100,,,,,,,random,,,,,,,,,,,,TRUE,,20,,,,,,,,,,,,,,,,,,100
J60_1.RCP,1,124.1615787,1.566044092,GSA_default,77,1000,1,50,60,100,,,,,,,random,,,,,,,,,,,,TRUE,,20,,,,,,,,,,,,,,,,,,100
J60_2.RCP,0,120.6063905,0.256335974,DE_rand/1_adaptiveF_bin_adaptiveCR_withLS,65,1000,0,50,60,100,0.1,0.9,TRUE,TRUE,rand/1,bin,random,TRUE,5,0.3,1.5,0.3,1,1,,,,,,,,,,,,,,,,,,,,,,,,,
J60_2.RCP,1,121.067929,0.254341841,DE_rand/1_adaptiveF_bin_adaptiveCR_withLS,65,1000,1,50,60,100,0.1,0.9,TRUE,TRUE,rand/1,bin,random,TRUE,5,0.3,1.5,0.3,1,1,,,,,,,,,,,,,,,,,,,,,,,,,
J60_2.RCP,0,120.7294675,0.253214836,DE_rand/1_adaptiveF_bin_adaptiveCR_noLS,65,1000,0,50,60,100,0.1,0.9,TRUE,TRUE,rand/1,bin,random,FALSE,5,0.3,1.5,0.3,1,1,,,,,,,,,,,,,,,,,,,,,,,,,
J60_2.RCP,1,119.3140828,0.251835823,DE_rand/1_adaptiveF_bin_adaptiveCR_noLS,65,1000,1,50,60,100,0.1,0.9,TRUE,TRUE,rand/1,bin,random,FALSE,5,0.3,1.5,0.3,1,1,,,,,,,,,,,,,,,,,,,,,,,,,
J60_2.RCP,0,116.9756213,0.254763842,DE_rand/1_adaptiveF_bin_fixedCR_withLS,65,1000,0,50,60,100,0.1,0.9,TRUE,FALSE,rand/1,bin,random,TRUE,5,0.3,1.5,0.3,1,1,,,,,,,,,,,,,,,,,,,,,,,,,
J60_2.RCP,1,122.6986982,0.254923105,DE_rand/1_adaptiveF_bin_fixedCR_withLS,65,1000,1,50,60,100,0.1,0.9,TRUE,FALSE,rand/1,bin,random,TRUE,5,0.3,1.5,0.3,1,1,,,,,,,,,,,,,,,,,,,,,,,,,
J60_2.RCP,0,129.0371598,0.257588863,DE_rand/1_adaptiveF_bin_fixedCR_noLS,65,1000,0,50,60,100,0.1,0.9,TRUE,FALSE,rand/1,bin,random,FALSE,5,0.3,1.5,0.3,1,1,,,,,,,,,,,,,,,,,,,,,,,,,
J60_2.RCP,1,124.0525444,0.252608061,DE_rand/1_adaptiveF_bin_fixedCR_noLS,65,1000,1,50,60,100,0.1,0.9,TRUE,FALSE,rand/1,bin,random,FALSE,5,0.3,1.5,0.3,1,1,,,,,,,,,,,,,,,,,,,,,,,,,
J60_2.RCP,0,129.0063905,0.257783175,DE_rand/1_adaptiveF_exp_adaptiveCR_withLS,65,1000,0,50,60,100,0.1,0.9,TRUE,TRUE,rand/1,exp,random,TRUE,5,0.3,1.5,0.3,1,1,,,,,,,,,,,,,,,,,,,,,,,,,
J60_2.RCP,1,121.9294675,0.257960081,DE_rand/1_adaptiveF_exp_adaptiveCR_withLS,65,1000,1,50,60,100,0.1,0.9,TRUE,TRUE,rand/1,exp,random,TRUE,5,0.3,1.5,0.3,1,1,,,,,,,,,,,,,,,,,,,,,,,,,
J60_2.RCP,0,121.2833136,0.255968094,DE_rand/1_adaptiveF_exp_adaptiveCR_noLS,65,1000,0,50,60,100,0.1,0.9,TRUE,TRUE,rand/1,exp,random,FALSE,5,0.3,1.5,0.3,1,1,,,,,,,,,,,,,,,,,,,,,,,,,
J60_2.RCP,1,118.2986982,0.256830931,DE_rand/1_adaptiveF_exp_adaptiveCR_noLS,65,1000,1,50,60,100,0.1,0.9,TRUE,TRUE,rand/1,exp,random,FALSE,5,0.3,1.5,0.3,1,1,,,,,,,,,,,,,,,,,,,,,,,,,
J60_2.RCP,0,121.2525444,0.257309914,DE_rand/1_adaptiveF_exp_fixedCR_withLS,65,1000,0,50,60,100,0.1,0.9,TRUE,FALSE,rand/1,exp,random,TRUE,5,0.3,1.5,0.3,1,1,,,,,,,,,,,,,,,,,,,,,,,,,
J60_2.RCP,1,109.4063905,0.257908344,DE_rand/1_adaptiveF_exp_fixedCR_withLS,65,1000,1,50,60,100,0.1,0.9,TRUE,FALSE,rand/1,exp,random,TRUE,5,0.3,1.5,0.3,1,1,,,,,,,,,,,,,,,,,,,,,,,,,
J60_2.RCP,0,124.4833136,0.253324986,DE_rand/1_adaptiveF_exp_fixedCR_noLS,65,1000,0,50,60,100,0.1,0.9,TRUE,FALSE,rand/1,exp,random,FALSE,5,0.3,1.5,0.3,1,1,,,,,,,,,,,,,,,,,,,,,,,,,
J60_2.RCP,1,125.2217751,0.253336191,DE_rand/1_adaptiveF_exp_fixedCR_noLS,65,1000,1,50,60,100,0.1,0.9,TRUE,FALSE,rand/1,exp,random,FALSE,5,0.3,1.5,0.3,1,1,,,,,,,,,,,,,,,,,,,,,,,,,
J60_2.RCP,0,123.7756213,0.265929937,DE_rand/1_fixedF_bin_adaptiveCR_withLS,65,1000,0,50,60,100,0.1,0.9,FALSE,TRUE,rand/1,bin,random,TRUE,5,0.3,1.5,0.3,1,1,,,,,,,,,,,,,,,,,,,,,,,,,
J60_2.RCP,1,111.7140828,0.264025211,DE_rand/1_fixedF_bin_adaptiveCR_withLS,65,1000,1,50,60,100,0.1,0.9,FALSE,TRUE,rand/1,bin,random,TRUE,5,0.3,1.5,0.3,1,1,,,,,,,,,,,,,,,,,,,,,,,,,
J60_2.RCP,0,117.7448521,0.261052847,DE_rand/1_fixedF_bin_adaptiveCR_noLS,65,1000,0,50,60,100,0.1,0.9,FALSE,TRUE,rand/1,bin,random,FALSE,5,0.3,1.5,0.3,1,1,,,,,,,,,,,,,,,,,,,,,,,,,
J60_2.RCP,1,122.8833136,0.258956194,DE_rand/1_fixedF_bin_adaptiveCR_noLS,65,1000,1,50,60,100,0.1,0.9,FALSE,TRUE,rand/1,bin,random,FALSE,5,0.3,1.5,0.3,1,1,,,,,,,,,,,,,,,,,,,,,,,,,
J60_2.RCP,0,114.3294675,0.259404659,DE_rand/1_fixedF_bin_fixedCR_withLS,65,1000,0,50,60,100,0.1,0.9,FALSE,FALSE,rand/1,bin,random,TRUE,5,0.3,1.5,0.3,1,1,,,,,,,,,,,,,,,,,,,,,,,,,
J60_2.RCP,1,106.0525444,0.259671926,DE_rand/1_fixedF_bin_fixedCR_withLS,65,1000,1,50,60,100,0.1,0.9,FALSE,FALSE,rand/1,bin,random,TRUE,5,0.3,1.5,0.3,1,1,,,,,,,,,,,,,,,,,,,,,,,,,
J60_2.RCP,0,129.9294675,0.255678415,DE_rand/1_fixedF_bin_fixedCR_noLS,65,1000,0,50,60,100,0.1,0.9,FALSE,FALSE,rand/1,bin,random,FALSE,5,0.3,1.5,0.3,1,1,,,,,,,,,,,,,,,,,,,,,,,,,
J60_2.RCP,1,120.267929,0.258532763,DE_rand/1_fixedF_bin_fixedCR_noLS,65,1000,1,50,60,100,0.1,0.9,FALSE,FALSE,rand/1,bin,random,FALSE,5,0.3,1.5,0.3,1,1,,,,,,,,,,,,,,,,,,,,,,,,,
J60_2.RCP,0,121.7756213,0.26820302,DE_rand/1_fixedF_exp_adaptiveCR_withLS,65,1000,0,50,60,100,0.1,0.9,FALSE,TRUE,rand/1,exp,random,TRUE,5,0.3,1.5,0.3,1,1,,,,,,,,,,,,,,,,,,,,,,,,,
J60_2.RCP,1,119.3448521,0.266496897,DE_rand/1_fixedF_exp_adaptiveCR_withLS,65,1000,1,50,60,100,0.1,0.9,FALSE,TRUE,rand/1,exp,random,TRUE,5,0.3,1.5,0.3,1,1,,,,,,,,,,,,,,,,,,,,,,,,,
J60_2.RCP,0,120.1756213,0.261807919,DE_rand/1_fixedF_exp_adaptiveCR_noLS,65,1000,0,50,60,100,0.1,0.9,FALSE,TRUE,rand/1,exp,random,FALSE,5,0.3,1.5,0.3,1,1,,,,,,,,,,,,,,,,,,,,,,,,,
J60_2.RCP,1,114.9140828,0.260800123,DE_rand/1_fixedF_exp_adaptiveCR_noLS,65,1000,1,50,60,100,0.1,0.9,FALSE,TRUE,rand/1,exp,random,FALSE,5,0.3,1.5,0.3,1,1,,,,,,,,,,,,,,,,,,,,,,,,,
J60_2.RCP,0,124.9756213,0.262123823,DE_rand/1_fixedF_exp_fixedCR_withLS,65,1000,0,50,60,100,0.1,0.9,FALSE,FALSE,rand/1,exp,random,TRUE,5,0.3,1.5,0.3,1,1,,,,,,,,,,,,,,,,,,,,,,,,,
J60_2.RCP,1,112.7294675,0.263025045,DE_rand/1_fixedF_exp_fixedCR_withLS,65,1000,1,50,60,100,0.1,0.9,FALSE,FALSE,rand/1,exp,random,TRUE,5,0.3,1.5,0.3,1,1,,,,,,,,,,,,,,,,,,,,,,,,,
J60_2.RCP,0,119.6833136,0.256469011,DE_rand/1_fixedF_exp_fixedCR_noLS,65,1000,0,50,60,100,0.1,0.9,FALSE,FALSE,rand/1,exp,random,FALSE,5,0.3,1.5,0.3,1,1,,,,,,,,,,,,,,,,,,,,,,,,,
J60_2.RCP,1,112.6063905,0.258225203,DE_rand/1_fixedF_exp_fixedCR_noLS,65,1000,1,50,60,100,0.1,0.9,FALSE,FALSE,rand/1,exp,random,FALSE,5,0.3,1.5,0.3,1,1,,,,,,,,,,,,,,,,,,,,,,,,,
J60_2.RCP,0,116.2063905,0.26216507,DE_rand/2_adaptiveF_bin_adaptiveCR_withLS,65,1000,0,50,60,100,0.1,0.9,TRUE,TRUE,rand/2,bin,random,TRUE,5,0.3,1.5,0.3,1,1,,,,,,,,,,,,,,,,,,,,,,,,,
J60_2.RCP,1,117.0371598,0.261395931,DE_rand/2_adaptiveF_bin_adaptiveCR_withLS,65,1000,1,50,60,100,0.1,0.9,TRUE,TRUE,rand/2,bin,random,TRUE,5,0.3,1.5,0.3,1,1,,,,,,,,,,,,,,,,,,,,,,,,,
J60_2.RCP,0,130.6063905,0.259502888,DE_rand/2_adaptiveF_bin_adaptiveCR_noLS,65,1000,0,50,60,100,0.1,0.9,TRUE,TRUE,rand/2,bin,random,FALSE,5,0.3,1.5,0.3,1,1,,,,,,,,,,,,,,,,,,,,,,,,,
J60_2.RCP,1,116.267929,0.258707047,DE_rand/2_adaptiveF_bin_adaptiveCR_noLS,65,1000,1,50,60,100,0.1,0.9,TRUE,TRUE,rand/2,bin,random,FALSE,5,0.3,1.5,0.3,1,1,,,,,,,,,,,,,,,,,,,,,,,,,
J60_2.RCP,0,120.1756213,0.259763956,DE_rand/2_adaptiveF_bin_fixedCR_withLS,65,1000,0,50,60,100,0.1,0.9,TRUE,FALSE,rand/2,bin,random,TRUE,5,0.3,1.5,0.3,1,1,,,,,,,,,,,,,,,,,,,,,,,,,
J60_2.RCP,1,131.0986982,0.259808064,DE_rand/2_adaptiveF_bin_fixedCR_withLS,65,1000,1,50,60,100,0.1,0.9,TRUE,FALSE,rand/2,bin,random,TRUE,5,0.3,1.5,0.3,1,1,,,,,,,,,,,,,,,,,,,,,,,,,
J60_2.RCP,0,108.4833136,0.256870031,DE_rand/2_adaptiveF_bin_fixedCR_noLS,65,1000,0,50,60,100,0.1,0.9,TRUE,FALSE,rand/2,bin,random,FALSE,5,0.3,1.5,0.3,1,1,,,,,,,,,,,,,,,,,,,,,,,,,
J60_2.RCP,1,122.1448521,0.256883144,DE_rand/2_adaptiveF_bin_fixedCR_noLS,65,1000,1,50,60,100,0.1,0.9,TRUE,FALSE,rand/2,bin,random,FALSE,5,0.3,1.5,0.3,1,1,,,,,,,,,,,,,,,,,,,,,,,,,
J60_2.RCP,0,124.6063905,0.263016939,DE_rand/2_adaptiveF_exp_adaptiveCR_withLS,65,1000,0,50,60,100,0.1,0.9,TRUE,TRUE,rand/2,exp,random,TRUE,5,0.3,1.5,0.3,1,1,,,,,,,,,,,,,,,,,,,,,,,,,
J60_2.RCP,1,113.8371598,0.266649246,DE_rand/2_adaptiveF_exp_adaptiveCR_withLS,65,1000,1,50,60,100,0.1,0.9,TRUE,TRUE,rand/2,exp,random,TRUE,5,0.3,1.5,0.3,1,1,,,,,,,,,,,,,,,,,,,,,,,,,
J60_2.RCP,0,109.0986982,0.261877298,DE_rand/2_adaptiveF_exp_adaptiveCR_noLS,65,1000,0,50,60,100,0.1,0.9,TRUE,TRUE,rand/2,exp,random,FALSE,5,0.3,1.5,0.3,1,1,,,,,,,,,,,,,,,,,,,,,,,,,
J60_2.RCP,1,122.8833136,0.259057999,DE_rand/2_adaptiveF_exp_adaptiveCR_noLS,65,1000,1,50,60,100,0.1,0.9,TRUE,TRUE,rand/2,exp,random,FALSE,5,0.3,1.5,0.3,1,1,,,,,,,,,,,,,,,,,,,,,,,,,
J60_2.RCP,0,109.7756213,0.2626791,DE_rand/2_adaptiveF_exp_fixedCR_withLS,65,1000,0,50,60,100,0.1,0.9,TRUE,FALSE,rand/2,exp,random,TRUE,5,0.3,1.5,0.3,1,1,,,,,,,,,,,,,,,,,,,,,,,,,
J60_2.RCP,1,121.0371598,0.261749029,DE_rand/2_adaptiveF_exp_fixedCR_withLS,65,1000,1,50,60,100,0.1,0.9,TRUE,FALSE,rand/2,exp,random,TRUE,5,0.3,1.5,0.3,1,1,,,,,,,,,,,,,,,,,,,,,,,,,
J60_2.RCP,0,120.9448521,0.25960207,DE_rand/2_adaptiveF_exp_fixedCR_noLS,65,1000,0,50,60,100,0.1,0.9,TRUE,FALSE,rand/2,exp,random,FALSE,5,0.3,1.5,0.3,1,1,,,,,,,,,,,,,,,,,,,,,,,,,
J60_2.RCP,1,123.3448521,0.258935213,DE_rand/2_adaptiveF_exp_fixedCR_noLS,65,1000,1,50,60,100,0.1,0.9,TRUE,FALSE,rand/2,exp,random,FALSE,5,0.3,1.5,0.3,1,1,,,,,,,,,,,,,,,,,,,,,,,,,
J60_2.RCP,0,131.4371598,0.283620834,DE_rand/2_fixedF_bin_adaptiveCR_withLS,65,1000,0,50,60,100,0.1,0.9,FALSE,TRUE,rand/2,bin,random,TRUE,5,0.3,1.5,0.3,1,1,,,,,,,,,,,,,,,,,,,,,,,,,
J60_2.RCP,1,125.8986982,0.278321028,DE_rand/2_fixedF_bin_adaptiveCR_withLS,65,1000,1,50,60,100,0.1,0.9,FALSE,TRUE,rand/2,bin,random,TRUE,5,0.3,1.5,0.3,1,1,,,,,,,,,,,,,,,,,,,,,,,,,
J60_2.RCP,0,121.1602367,0.271524906,DE_rand/2_fixedF_bin_adaptiveCR_noLS,65,1000,0,50,60,100,0.1,0.9,FALSE,TRUE,rand/2,bin,random,FALSE,5,0.3,1.5,0.3,1,1,,,,,,,,,,,,,,,,,,,,,,,,,
J60_2.RCP,1,120.4833136,0.272581816,DE_rand/2_fixedF_bin_adaptiveCR_noLS,65,1000,1,50,60,100,0.1,0.9,FALSE,TRUE,rand/2,bin,random,FALSE,5,0.3,1.5,0.3,1,1,,,,,,,,,,,,,,,,,,,,,,,,,
J60_2.RCP,0,119.7448521,0.275329113,DE_rand/2_fixedF_bin_fixedCR_withLS,65,1000,0,50,60,100,0.1,0.9,FALSE,FALSE,rand/2,bin,random,TRUE,5,0.3,1.5,0.3,1,1,,,,,,,,,,,,,,,,,,,,,,,,,
J60_2.RCP,1,117.3756213,0.2733922,DE_rand/2_fixedF_bin_fixedCR_withLS,65,1000,1,50,60,100,0.1,0.9,FALSE,FALSE,rand/2,bin,random,TRUE,5,0.3,1.5,0.3,1,1,,,,,,,,,,,,,,,,,,,,,,,,,
J60_2.RCP,0,118.9448521,0.265655041,DE_rand/2_fixedF_bin_fixedCR_noLS,65,1000,0,50,60,100,0.1,0.9,FALSE,FALSE,rand/2,bin,random,FALSE,5,0.3,1.5,0.3,1,1,,,,,,,,,,,,,,,,,,,,,,,,,
J60_2.RCP,1,117.8063905,0.263860941,DE_rand/2_fixedF_bin_fixedCR_noLS,65,1000,1,50,60,100,0.1,0.9,FALSE,FALSE,rand/2,bin,random,FALSE,5,0.3,1.5,0.3,1,1,,,,,,,,,,,,,,,,,,,,,,,,,
J60_2.RCP,0,133.0371598,0.28154397,DE_rand/2_fixedF_exp_adaptiveCR_withLS,65,1000,0,50,60,100,0.1,0.9,FALSE,TRUE,rand/2,exp,random,TRUE,5,0.3,1.5,0.3,1,1,,,,,,,,,,,,,,,,,,,,,,,,,
J60_2.RCP,1,118.0217751,0.280258894,DE_rand/2_fixedF_exp_adaptiveCR_withLS,65,1000,1,50,60,100,0.1,0.9,FALSE,TRUE,rand/2,exp,random,TRUE,5,0.3,1.5,0.3,1,1,,,,,,,,,,,,,,,,,,,,,,,,,
J60_2.RCP,0,116.7910059,0.274691105,DE_rand/2_fixedF_exp_adaptiveCR_noLS,65,1000,0,50,60,100,0.1,0.9,FALSE,TRUE,rand/2,exp,random,FALSE,5,0.3,1.5,0.3,1,1,,,,,,,,,,,,,,,,,,,,,,,,,
J60_2.RCP,1,113.5910059,0.27344203,DE_rand/2_fixedF_exp_adaptiveCR_noLS,65,1000,1,50,60,100,0.1,0.9,FALSE,TRUE,rand/2,exp,random,FALSE,5,0.3,1.5,0.3,1,1,,,,,,,,,,,,,,,,,,,,,,,,,
J60_2.RCP,0,118.8217751,0.273449898,DE_rand/2_fixedF_exp_fixedCR_withLS,65,1000,0,50,60,100,0.1,0.9,FALSE,FALSE,rand/2,exp,random,TRUE,5,0.3,1.5,0.3,1,1,,,,,,,,,,,,,,,,,,,,,,,,,
J60_2.RCP,1,119.2833136,0.277171135,DE_rand/2_fixedF_exp_fixedCR_withLS,65,1000,1,50,60,100,0.1,0.9,FALSE,FALSE,rand/2,exp,random,TRUE,5,0.3,1.5,0.3,1,1,,,,,,,,,,,,,,,,,,,,,,,,,
J60_2.RCP,0,129.1602367,0.273823977,DE_rand/2_fixedF_exp_fixedCR_noLS,65,1000,0,50,60,100,0.1,0.9,FALSE,FALSE,rand/2,exp,random,FALSE,5,0.3,1.5,0.3,1,1,,,,,,,,,,,,,,,,,,,,,,,,,
J60_2.RCP,1,111.5602367,0.267158985,DE_rand/2_fixedF_exp_fixedCR_noLS,65,1000,1,50,60,100,0.1,0.9,FALSE,FALSE,rand/2,exp,random,FALSE,5,0.3,1.5,0.3,1,1,,,,,,,,,,,,,,,,,,,,,,,,,
J60_2.RCP,0,117.2217751,0.258598804,DE_best/1_adaptiveF_bin_adaptiveCR_withLS,65,1000,0,50,60,100,0.1,0.9,TRUE,TRUE,best/1,bin,random,TRUE,5,0.3,1.5,0.3,1,1,,,,,,,,,,,,,,,,,,,,,,,,,
J60_2.RCP,1,123.4063905,0.258629799,DE_best/1_adaptiveF_bin_adaptiveCR_withLS,65,1000,1,50,60,100,0.1,0.9,TRUE,TRUE,best/1,bin,random,TRUE,5,0.3,1.5,0.3,1,1,,,,,,,,,,,,,,,,,,,,,,,,,
J60_2.RCP,0,124.2371598,0.255495071,DE_best/1_adaptiveF_bin_adaptiveCR_noLS,65,1000,0,50,60,100,0.1,0.9,TRUE,TRUE,best/1,bin,random,FALSE,5,0.3,1.5,0.3,1,1,,,,,,,,,,,,,,,,,,,,,,,,,
J60_2.RCP,1,111.9294675,0.255858898,DE_best/1_adaptiveF_bin_adaptiveCR_noLS,65,1000,1,50,60,100,0.1,0.9,TRUE,TRUE,best/1,bin,random,FALSE,5,0.3,1.5,0.3,1,1,,,,,,,,,,,,,,,,,,,,,,,,,
J60_2.RCP,0,115.4063905,0.25707221,DE_best/1_adaptiveF_bin_fixedCR_withLS,65,1000,0,50,60,100,0.1,0.9,TRUE,FALSE,best/1,bin,random,TRUE,5,0.3,1.5,0.3,1,1,,,,,,,,,,,,,,,,,,,,,,,,,
J60_2.RCP,1,119.6217751,0.256418943,DE_best/1_adaptiveF_bin_fixedCR_withLS,65,1000,1,50,60,100,0.1,0.9,TRUE,FALSE,best/1,bin,random,TRUE,5,0.3,1.5,0.3,1,1,,,,,,,,,,,,,,,,,,,,,,,,,
J60_2.RCP,0,110.4217751,0.254404783,DE_best/1_adaptiveF_bin_fixedCR_noLS,65,1000,0,50,60,100,0.1,0.9,TRUE,FALSE,best/1,bin,random,FALSE,5,0.3,1.5,0.3,1,1,,,,,,,,,,,,,,,,,,,,,,,,,
J60_2.RCP,1,106.1448521,0.256592274,DE_best/1_adaptiveF_bin_fixedCR_noLS,65,1000,1,50,60,100,0.1,0.9,TRUE,FALSE,best/1,bin,random,FALSE,5,0.3,1.5,0.3,1,1,,,,,,,,,,,,,,,,,,,,,,,,,
J60_2.RCP,0,111.467929,0.265451193,DE_best/1_adaptiveF_exp_adaptiveCR_withLS,65,1000,0,50,60,100,0.1,0.9,TRUE,TRUE,best/1,exp,random,TRUE,5,0.3,1.5,0.3,1,1,,,,,,,,,,,,,,,,,,,,,,,,,
J60_2.RCP,1,115.9602367,0.261214972,DE_best/1_adaptiveF_exp_adaptiveCR_withLS,65,1000,1,50,60,100,0.1,0.9,TRUE,TRUE,best/1,exp,random,TRUE,5,0.3,1.5,0.3,1,1,,,,,,,,,,,,,,,,,,,,,,,,,
J60_2.RCP,0,112.2986982,0.257916212,DE_best/1_adaptiveF_exp_adaptiveCR_noLS,65,1000,0,50,60,100,0.1,0.9,TRUE,TRUE,best/1,exp,random,FALSE,5,0.3,1.5,0.3,1,1,,,,,,,,,,,,,,,,,,,,,,,,,
J60_2.RCP,1,112.9448521,0.259366989,DE_best/1_adaptiveF_exp_adaptiveCR_noLS,65,1000,1,50,60,100,0.1,0.9,TRUE,TRUE,best/1,exp,random,FALSE,5,0.3,1.5,0.3,1,1,,,,,,,,,,,,,,,,,,,,,,,,,
J60_2.RCP,0,114.0217751,0.2592628,DE_best/1_adaptiveF_exp_fixedCR_withLS,65,1000,0,50,60,100,0.1,0.9,TRUE,FALSE,best/1,exp,random,TRUE,5,0.3,1.5,0.3,1,1,,,,,,,,,,,,,,,,,,,,,,,,,
J60_2.RCP,1,106.7910059,0.259650707,DE_best/1_adaptiveF_exp_fixedCR_withLS,65,1000,1,50,60,100,0.1,0.9,TRUE,FALSE,best/1,exp,random,TRUE,5,0.3,1.5,0.3,1,1,,,,,,,,,,,,,,,,,,,,,,,,,
J60_2.RCP,0,111.2833136,0.257152081,DE_best/1_adaptiveF_exp_fixedCR_noLS,65,1000,0,50,60,100,0.1,0.9,TRUE,FALSE,best/1,exp,random,FALSE,5,0.3,1.5,0.3,1,1,,,,,,,,,,,,,,,,,,,,,,,,,
J60_2.RCP,1,107.2833136,0.256258965,DE_best/1_adaptiveF_exp_fixedCR_noLS,65,1000,1,50,60,100,0.1,0.9,TRUE,FALSE,best/1,exp,random,FALSE,5,0.3,1.5,0.3,1,1,,,,,,,,,,,,,,,,,,,,,,,,,
J60_2.RCP,0,120.0525444,0.267718792,DE_best/1_fixedF_bin_adaptiveCR_withLS,65,1000,0,50,60,100,0.1,0.9,FALSE,TRUE,best/1,bin,random,TRUE,5,0.3,1.5,0.3,1,1,,,,,,,,,,,,,,,,,,,,,,,,,
J60_2.RCP,1,102.1756213,0.26871419,DE_best/1_fixedF_bin_adaptiveCR_withLS,65,1000,1,50,60,100,0.1,0.9,FALSE,TRUE,best/1,bin,random,TRUE,5,0.3,1.5,0.3,1,1,,,,,,,,,,,,,,,,,,,,,,,,,
J60_2.RCP,0,117.3140828,0.262177229,DE_best/1_fixedF_bin_adaptiveCR_noLS,65,1000,0,50,60,100,0.1,0.9,FALSE,TRUE,best/1,bin,random,FALSE,5,0.3,1.5,0.3,1,1,,,,,,,,,,,,,,,,,,,,,,,,,
J60_2.RCP,1,99.43715976,0.261634111,DE_best/1_fixedF_bin_adaptiveCR_noLS,65,1000,1,50,60,100,0.1,0.9,FALSE,TRUE,best/1,bin,random,FALSE,5,0.3,1.5,0.3,1,1,,,,,,,,,,,,,,,,,,,,,,,,,
J60_2.RCP,0,118.9756213,0.25908494,DE_best/1_fixedF_bin_fixedCR_withLS,65,1000,0,50,60,100,0.1,0.9,FALSE,FALSE,best/1,bin,random,TRUE,5,0.3,1.5,0.3,1,1,,,,,,,,,,,,,,,,,,,,,,,,,
J60_2.RCP,1,97.00639053,0.258589029,DE_best/1_fixedF_bin_fixedCR_withLS,65,1000,1,50,60,100,0.1,0.9,FALSE,FALSE,best/1,bin,random,TRUE,5,0.3,1.5,0.3,1,1,,,,,,,,,,,,,,,,,,,,,,,,,
J60_2.RCP,0,130.1756213,0.253350735,DE_best/1_fixedF_bin_fixedCR_noLS,65,1000,0,50,60,100,0.1,0.9,FALSE,FALSE,best/1,bin,random,FALSE,5,0.3,1.5,0.3,1,1,,,,,,,,,,,,,,,,,,,,,,,,,
J60_2.RCP,1,104.667929,0.252327919,DE_best/1_fixedF_bin_fixedCR_noLS,65,1000,1,50,60,100,0.1,0.9,FALSE,FALSE,best/1,bin,random,FALSE,5,0.3,1.5,0.3,1,1,,,,,,,,,,,,,,,,,,,,,,,,,
J60_2.RCP,0,119.4986982,0.272233963,DE_best/1_fixedF_exp_adaptiveCR_withLS,65,1000,0,50,60,100,0.1,0.9,FALSE,TRUE,best/1,exp,random,TRUE,5,0.3,1.5,0.3,1,1,,,,,,,,,,,,,,,,,,,,,,,,,
J60_2.RCP,1,105.467929,0.272100925,DE_best/1_fixedF_exp_adaptiveCR_withLS,65,1000,1,50,60,100,0.1,0.9,FALSE,TRUE,best/1,exp,random,TRUE,5,0.3,1.5,0.3,1,1,,,,,,,,,,,,,,,,,,,,,,,,,
J60_2.RCP,0,125.4063905,0.262861013,DE_best/1_fixedF_exp_adaptiveCR_noLS,65,1000,0,50,60,100,0.1,0.9,FALSE,TRUE,best/1,exp,random,FALSE,5,0.3,1.5,0.3,1,1,,,,,,,,,,,,,,,,,,,,,,,,,
J60_2.RCP,1,100.4525444,0.261090755,DE_best/1_fixedF_exp_adaptiveCR_noLS,65,1000,1,50,60,100,0.1,0.9,FALSE,TRUE,best/1,exp,random,FALSE,5,0.3,1.5,0.3,1,1,,,,,,,,,,,,,,,,,,,,,,,,,
J60_2.RCP,0,124.5448521,0.26594615,DE_best/1_fixedF_exp_fixedCR_withLS,65,1000,0,50,60,100,0.1,0.9,FALSE,FALSE,best/1,exp,random,TRUE,5,0.3,1.5,0.3,1,1,,,,,,,,,,,,,,,,,,,,,,,,,
J60_2.RCP,1,101.6217751,0.263386965,DE_best/1_fixedF_exp_fixedCR_withLS,65,1000,1,50,60,100,0.1,0.9,FALSE,FALSE,best/1,exp,random,TRUE,5,0.3,1.5,0.3,1,1,,,,,,,,,,,,,,,,,,,,,,,,,
J60_2.RCP,0,121.9910059,0.254981041,DE_best/1_fixedF_exp_fixedCR_noLS,65,1000,0,50,60,100,0.1,0.9,FALSE,FALSE,best/1,exp,random,FALSE,5,0.3,1.5,0.3,1,1,,,,,,,,,,,,,,,,,,,,,,,,,
J60_2.RCP,1,108.9756213,0.254620314,DE_best/1_fixedF_exp_fixedCR_noLS,65,1000,1,50,60,100,0.1,0.9,FALSE,FALSE,best/1,exp,random,FALSE,5,0.3,1.5,0.3,1,1,,,,,,,,,,,,,,,,,,,,,,,,,
J60_2.RCP,0,129.7448521,0.265724897,DE_best/2_adaptiveF_bin_adaptiveCR_withLS,65,1000,0,50,60,100,0.1,0.9,TRUE,TRUE,best/2,bin,random,TRUE,5,0.3,1.5,0.3,1,1,,,,,,,,,,,,,,,,,,,,,,,,,
J60_2.RCP,1,114.3910059,0.264272928,DE_best/2_adaptiveF_bin_adaptiveCR_withLS,65,1000,1,50,60,100,0.1,0.9,TRUE,TRUE,best/2,bin,random,TRUE,5,0.3,1.5,0.3,1,1,,,,,,,,,,,,,,,,,,,,,,,,,
J60_2.RCP,0,126.4833136,0.261085987,DE_best/2_adaptiveF_bin_adaptiveCR_noLS,65,1000,0,50,60,100,0.1,0.9,TRUE,TRUE,best/2,bin,random,FALSE,5,0.3,1.5,0.3,1,1,,,,,,,,,,,,,,,,,,,,,,,,,
J60_2.RCP,1,124.8525444,0.260140181,DE_best/2_adaptiveF_bin_adaptiveCR_noLS,65,1000,1,50,60,100,0.1,0.9,TRUE,TRUE,best/2,bin,random,FALSE,5,0.3,1.5,0.3,1,1,,,,,,,,,,,,,,,,,,,,,,,,,
J60_2.RCP,0,111.4063905,0.262944937,DE_best/2_adaptiveF_bin_fixedCR_withLS,65,1000,0,50,60,100,0.1,0.9,TRUE,FALSE,best/2,bin,random,TRUE,5,0.3,1.5,0.3,1,1,,,,,,,,,,,,,,,,,,,,,,,,,
J60_2.RCP,1,122.3910059,0.267411232,DE_best/2_adaptiveF_bin_fixedCR_withLS,65,1000,1,50,60,100,0.1,0.9,TRUE,FALSE,best/2,bin,random,TRUE,5,0.3,1.5,0.3,1,1,,,,,,,,,,,,,,,,,,,,,,,,,
J60_2.RCP,0,114.0833136,0.265671968,DE_best/2_adaptiveF_bin_fixedCR_noLS,65,1000,0,50,60,100,0.1,0.9,TRUE,FALSE,best/2,bin,random,FALSE,5,0.3,1.5,0.3,1,1,,,,,,,,,,,,,,,,,,,,,,,,,
J60_2.RCP,1,121.5294675,0.259734154,DE_best/2_adaptiveF_bin_fixedCR_noLS,65,1000,1,50,60,100,0.1,0.9,TRUE,FALSE,best/2,bin,random,FALSE,5,0.3,1.5,0.3,1,1,,,,,,,,,,,,,,,,,,,,,,,,,
J60_2.RCP,0,129.8063905,0.265104055,DE_best/2_adaptiveF_exp_adaptiveCR_withLS,65,1000,0,50,60,100,0.1,0.9,TRUE,TRUE,best/2,exp,random,TRUE,5,0.3,1.5,0.3,1,1,,,,,,,,,,,,,,,,,,,,,,,,,
J60_2.RCP,1,126.667929,0.265711069,DE_best/2_adaptiveF_exp_adaptiveCR_withLS,65,1000,1,50,60,100,0.1,0.9,TRUE,TRUE,best/2,exp,random,TRUE,5,0.3,1.5,0.3,1,1,,,,,,,,,,,,,,,,,,,,,,,,,
J60_2.RCP,0,119.4063905,0.263561964,DE_best/2_adaptiveF_exp_adaptiveCR_noLS,65,1000,0,50,60,100,0.1,0.9,TRUE,TRUE,best/2,exp,random,FALSE,5,0.3,1.5,0.3,1,1,,,,,,,,,,,,,,,,,,,,,,,,,
J60_2.RCP,1,115.0371598,0.263293982,DE_best/2_adaptiveF_exp_adaptiveCR_noLS,65,1000,1,50,60,100,0.1,0.9,TRUE,TRUE,best/2,exp,random,FALSE,5,0.3,1.5,0.3,1,1,,,,,,,,,,,,,,,,,,,,,,,,,
J60_2.RCP,0,119.3756213,0.264883757,DE_best/2_adaptiveF_exp_fixedCR_withLS,65,1000,0,50,60,100,0.1,0.9,TRUE,FALSE,best/2,exp,random,TRUE,5,0.3,1.5,0.3,1,1,,,,,,,,,,,,,,,,,,,,,,,,,
J60_2.RCP,1,121.067929,0.263353109,DE_best/2_adaptiveF_exp_fixedCR_withLS,65,1000,1,50,60,100,0.1,0.9,TRUE,FALSE,best/2,exp,random,TRUE,5,0.3,1.5,0.3,1,1,,,,,,,,,,,,,,,,,,,,,,,,,
J60_2.RCP,0,120.4525444,0.261133194,DE_best/2_adaptiveF_exp_fixedCR_noLS,65,1000,0,50,60,100,0.1,0.9,TRUE,FALSE,best/2,exp,random,FALSE,5,0.3,1.5,0.3,1,1,,,,,,,,,,,,,,,,,,,,,,,,,
J60_2.RCP,1,118.2063905,0.26112318,DE_best/2_adaptiveF_exp_fixedCR_noLS,65,1000,1,50,60,100,0.1,0.9,TRUE,FALSE,best/2,exp,random,FALSE,5,0.3,1.5,0.3,1,1,,,,,,,,,,,,,,,,,,,,,,,,,
J60_2.RCP,0,115.2217751,0.281040907,DE_best/2_fixedF_bin_adaptiveCR_withLS,65,1000,0,50,60,100,0.1,0.9,FALSE,TRUE,best/2,bin,random,TRUE,5,0.3,1.5,0.3,1,1,,,,,,,,,,,,,,,,,,,,,,,,,
J60_2.RCP,1,104.8217751,0.278763056,DE_best/2_fixedF_bin_adaptiveCR_withLS,65,1000,1,50,60,100,0.1,0.9,FALSE,TRUE,best/2,bin,random,TRUE,5,0.3,1.5,0.3,1,1,,,,,,,,,,,,,,,,,,,,,,,,,
J60_2.RCP,0,112.4833136,0.270462036,DE_best/2_fixedF_bin_adaptiveCR_noLS,65,1000,0,50,60,100,0.1,0.9,FALSE,TRUE,best/2,bin,random,FALSE,5,0.3,1.5,0.3,1,1,,,,,,,,,,,,,,,,,,,,,,,,,
J60_2.RCP,1,106.7602367,0.27011919,DE_best/2_fixedF_bin_adaptiveCR_noLS,65,1000,1,50,60,100,0.1,0.9,FALSE,TRUE,best/2,bin,random,FALSE,5,0.3,1.5,0.3,1,1,,,,,,,,,,,,,,,,,,,,,,,,,
J60_2.RCP,0,118.0833136,0.265597343,DE_best/2_fixedF_bin_fixedCR_withLS,65,1000,0,50,60,100,0.1,0.9,FALSE,FALSE,best/2,bin,random,TRUE,5,0.3,1.5,0.3,1,1,,,,,,,,,,,,,,,,,,,,,,,,,
J60_2.RCP,1,91.83715976,0.270473957,DE_best/2_fixedF_bin_fixedCR_withLS,65,1000,1,50,60,100,0.1,0.9,FALSE,FALSE,best/2,bin,random,TRUE,5,0.3,1.5,0.3,1,1,,,,,,,,,,,,,,,,,,,,,,,,,
J60_2.RCP,0,114.3294675,0.260014772,DE_best/2_fixedF_bin_fixedCR_noLS,65,1000,0,50,60,100,0.1,0.9,FALSE,FALSE,best/2,bin,random,FALSE,5,0.3,1.5,0.3,1,1,,,,,,,,,,,,,,,,,,,,,,,,,
J60_2.RCP,1,102.667929,0.260962009,DE_best/2_fixedF_bin_fixedCR_noLS,65,1000,1,50,60,100,0.1,0.9,FALSE,FALSE,best/2,bin,random,FALSE,5,0.3,1.5,0.3,1,1,,,,,,,,,,,,,,,,,,,,,,,,,
J60_2.RCP,0,117.8371598,0.284555912,DE_best/2_fixedF_exp_adaptiveCR_withLS,65,1000,0,50,60,100,0.1,0.9,FALSE,TRUE,best/2,exp,random,TRUE,5,0.3,1.5,0.3,1,1,,,,,,,,,,,,,,,,,,,,,,,,,
J60_2.RCP,1,108.7910059,0.283725977,DE_best/2_fixedF_exp_adaptiveCR_withLS,65,1000,1,50,60,100,0.1,0.9,FALSE,TRUE,best/2,exp,random,TRUE,5,0.3,1.5,0.3,1,1,,,,,,,,,,,,,,,,,,,,,,,,,
J60_2.RCP,0,116.3294675,0.27415204,DE_best/2_fixedF_exp_adaptiveCR_noLS,65,1000,0,50,60,100,0.1,0.9,FALSE,TRUE,best/2,exp,random,FALSE,5,0.3,1.5,0.3,1,1,,,,,,,,,,,,,,,,,,,,,,,,,
J60_2.RCP,1,101.5294675,0.273474932,DE_best/2_fixedF_exp_adaptiveCR_noLS,65,1000,1,50,60,100,0.1,0.9,FALSE,TRUE,best/2,exp,random,FALSE,5,0.3,1.5,0.3,1,1,,,,,,,,,,,,,,,,,,,,,,,,,
J60_2.RCP,0,116.3602367,0.27069211,DE_best/2_fixedF_exp_fixedCR_withLS,65,1000,0,50,60,100,0.1,0.9,FALSE,FALSE,best/2,exp,random,TRUE,5,0.3,1.5,0.3,1,1,,,,,,,,,,,,,,,,,,,,,,,,,
J60_2.RCP,1,92.48331361,0.268217802,DE_best/2_fixedF_exp_fixedCR_withLS,65,1000,1,50,60,100,0.1,0.9,FALSE,FALSE,best/2,exp,random,TRUE,5,0.3,1.5,0.3,1,1,,,,,,,,,,,,,,,,,,,,,,,,,
J60_2.RCP,0,126.6371598,0.262700081,DE_best/2_fixedF_exp_fixedCR_noLS,65,1000,0,50,60,100,0.1,0.9,FALSE,FALSE,best/2,exp,random,FALSE,5,0.3,1.5,0.3,1,1,,,,,,,,,,,,,,,,,,,,,,,,,
J60_2.RCP,1,95.59100592,0.260360956,DE_best/2_fixedF_exp_fixedCR_noLS,65,1000,1,50,60,100,0.1,0.9,FALSE,FALSE,best/2,exp,random,FALSE,5,0.3,1.5,0.3,1,1,,,,,,,,,,,,,,,,,,,,,,,,,
J60_2.RCP,0,117.9602367,0.256779909,DE_adaptive_bin_adaptiveCR_withLS,65,1000,0,50,60,100,0.1,0.9,TRUE,TRUE,adaptive,bin,random,TRUE,5,0.3,1.5,0.3,1,1,,,,,,,,,,,,,,,,,,,,,,,,,
J60_2.RCP,1,114.267929,0.25758791,DE_adaptive_bin_adaptiveCR_withLS,65,1000,1,50,60,100,0.1,0.9,TRUE,TRUE,adaptive,bin,random,TRUE,5,0.3,1.5,0.3,1,1,,,,,,,,,,,,,,,,,,,,,,,,,
J60_2.RCP,0,117.2525444,0.257222891,DE_adaptive_bin_adaptiveCR_noLS,65,1000,0,50,60,100,0.1,0.9,TRUE,TRUE,adaptive,bin,random,FALSE,5,0.3,1.5,0.3,1,1,,,,,,,,,,,,,,,,,,,,,,,,,
J60_2.RCP,1,118.3294675,0.255624056,DE_adaptive_bin_adaptiveCR_noLS,65,1000,1,50,60,100,0.1,0.9,TRUE,TRUE,adaptive,bin,random,FALSE,5,0.3,1.5,0.3,1,1,,,,,,,,,,,,,,,,,,,,,,,,,
J60_2.RCP,0,112.5140828,0.258021832,DE_adaptive_bin_fixedCR_withLS,65,1000,0,50,60,100,0.1,0.9,TRUE,FALSE,adaptive,bin,random,TRUE,5,0.3,1.5,0.3,1,1,,,,,,,,,,,,,,,,,,,,,,,,,
J60_2.RCP,1,126.1448521,0.272934198,DE_adaptive_bin_fixedCR_withLS,65,1000,1,50,60,100,0.1,0.9,TRUE,FALSE,adaptive,bin,random,TRUE,5,0.3,1.5,0.3,1,1,,,,,,,,,,,,,,,,,,,,,,,,,
J60_2.RCP,0,127.5602367,0.269309044,DE_adaptive_bin_fixedCR_noLS,65,1000,0,50,60,100,0.1,0.9,TRUE,FALSE,adaptive,bin,random,FALSE,5,0.3,1.5,0.3,1,1,,,,,,,,,,,,,,,,,,,,,,,,,
J60_2.RCP,1,115.6217751,0.266282797,DE_adaptive_bin_fixedCR_noLS,65,1000,1,50,60,100,0.1,0.9,TRUE,FALSE,adaptive,bin,random,FALSE,5,0.3,1.5,0.3,1,1,,,,,,,,,,,,,,,,,,,,,,,,,
J60_2.RCP,0,122.8833136,0.268244267,DE_adaptive_exp_adaptiveCR_withLS,65,1000,0,50,60,100,0.1,0.9,TRUE,TRUE,adaptive,exp,random,TRUE,5,0.3,1.5,0.3,1,1,,,,,,,,,,,,,,,,,,,,,,,,,
J60_2.RCP,1,118.6986982,0.268835783,DE_adaptive_exp_adaptiveCR_withLS,65,1000,1,50,60,100,0.1,0.9,TRUE,TRUE,adaptive,exp,random,TRUE,5,0.3,1.5,0.3,1,1,,,,,,,,,,,,,,,,,,,,,,,,,
J60_2.RCP,0,130.7294675,0.258731842,DE_adaptive_exp_adaptiveCR_noLS,65,1000,0,50,60,100,0.1,0.9,TRUE,TRUE,adaptive,exp,random,FALSE,5,0.3,1.5,0.3,1,1,,,,,,,,,,,,,,,,,,,,,,,,,
J60_2.RCP,1,104.5448521,0.258239269,DE_adaptive_exp_adaptiveCR_noLS,65,1000,1,50,60,100,0.1,0.9,TRUE,TRUE,adaptive,exp,random,FALSE,5,0.3,1.5,0.3,1,1,,,,,,,,,,,,,,,,,,,,,,,,,
J60_2.RCP,0,123.4371598,0.26035881,DE_adaptive_exp_fixedCR_withLS,65,1000,0,50,60,100,0.1,0.9,TRUE,FALSE,adaptive,exp,random,TRUE,5,0.3,1.5,0.3,1,1,,,,,,,,,,,,,,,,,,,,,,,,,
J60_2.RCP,1,125.0371598,0.258388996,DE_adaptive_exp_fixedCR_withLS,65,1000,1,50,60,100,0.1,0.9,TRUE,FALSE,adaptive,exp,random,TRUE,5,0.3,1.5,0.3,1,1,,,,,,,,,,,,,,,,,,,,,,,,,
J60_2.RCP,0,118.5756213,0.256491184,DE_adaptive_exp_fixedCR_noLS,65,1000,0,50,60,100,0.1,0.9,TRUE,FALSE,adaptive,exp,random,FALSE,5,0.3,1.5,0.3,1,1,,,,,,,,,,,,,,,,,,,,,,,,,
J60_2.RCP,1,115.5910059,0.257663965,DE_adaptive_exp_fixedCR_noLS,65,1000,1,50,60,100,0.1,0.9,TRUE,FALSE,adaptive,exp,random,FALSE,5,0.3,1.5,0.3,1,1,,,,,,,,,,,,,,,,,,,,,,,,,
J60_2.RCP,0,130.0525444,0.260221004,DE_current-to-rand/2_bin_adaptiveCR_withLS,65,1000,0,50,60,100,0.1,0.9,FALSE,TRUE,current-to-rand/2,bin,random,TRUE,5,0.3,1.5,0.3,1,1,,,,,,,,,,,,,,,,,,,,,,,,,
J60_2.RCP,1,123.9602367,0.258578062,DE_current-to-rand/2_bin_adaptiveCR_withLS,65,1000,1,50,60,100,0.1,0.9,FALSE,TRUE,current-to-rand/2,bin,random,TRUE,5,0.3,1.5,0.3,1,1,,,,,,,,,,,,,,,,,,,,,,,,,
J60_2.RCP,0,109.6833136,0.256901741,DE_current-to-rand/2_bin_adaptiveCR_noLS,65,1000,0,50,60,100,0.1,0.9,FALSE,TRUE,current-to-rand/2,bin,random,FALSE,5,0.3,1.5,0.3,1,1,,,,,,,,,,,,,,,,,,,,,,,,,
J60_2.RCP,1,113.3756213,0.256732225,DE_current-to-rand/2_bin_adaptiveCR_noLS,65,1000,1,50,60,100,0.1,0.9,FALSE,TRUE,current-to-rand/2,bin,random,FALSE,5,0.3,1.5,0.3,1,1,,,,,,,,,,,,,,,,,,,,,,,,,
J60_2.RCP,0,116.7294675,0.258532763,DE_current-to-rand/2_bin_fixedCR_withLS,65,1000,0,50,60,100,0.1,0.9,FALSE,FALSE,current-to-rand/2,bin,random,TRUE,5,0.3,1.5,0.3,1,1,,,,,,,,,,,,,,,,,,,,,,,,,
J60_2.RCP,1,119.4986982,0.258083105,DE_current-to-rand/2_bin_fixedCR_withLS,65,1000,1,50,60,100,0.1,0.9,FALSE,FALSE,current-to-rand/2,bin,random,TRUE,5,0.3,1.5,0.3,1,1,,,,,,,,,,,,,,,,,,,,,,,,,
J60_2.RCP,0,124.9756213,0.254236937,DE_current-to-rand/2_bin_fixedCR_noLS,65,1000,0,50,60,100,0.1,0.9,FALSE,FALSE,current-to-rand/2,bin,random,FALSE,5,0.3,1.5,0.3,1,1,,,,,,,,,,,,,,,,,,,,,,,,,
J60_2.RCP,1,117.5602367,0.256944895,DE_current-to-rand/2_bin_fixedCR_noLS,65,1000,1,50,60,100,0.1,0.9,FALSE,FALSE,current-to-rand/2,bin,random,FALSE,5,0.3,1.5,0.3,1,1,,,,,,,,,,,,,,,,,,,,,,,,,
J60_2.RCP,0,122.5448521,0.262394667,DE_current-to-rand/2_exp_adaptiveCR_withLS,65,1000,0,50,60,100,0.1,0.9,FALSE,TRUE,current-to-rand/2,exp,random,TRUE,5,0.3,1.5,0.3,1,1,,,,,,,,,,,,,,,,,,,,,,,,,
J60_2.RCP,1,124.6063905,0.261308908,DE_current-to-rand/2_exp_adaptiveCR_withLS,65,1000,1,50,60,100,0.1,0.9,FALSE,TRUE,current-to-rand/2,exp,random,TRUE,5,0.3,1.5,0.3,1,1,,,,,,,,,,,,,,,,,,,,,,,,,
J60_2.RCP,0,125.8371598,0.261734009,DE_current-to-rand/2_exp_adaptiveCR_noLS,65,1000,0,50,60,100,0.1,0.9,FALSE,TRUE,current-to-rand/2,exp,random,FALSE,5,0.3,1.5,0.3,1,1,,,,,,,,,,,,,,,,,,,,,,,,,
J60_2.RCP,1,124.3910059,0.259754181,DE_current-to-rand/2_exp_adaptiveCR_noLS,65,1000,1,50,60,100,0.1,0.9,FALSE,TRUE,current-to-rand/2,exp,random,FALSE,5,0.3,1.5,0.3,1,1,,,,,,,,,,,,,,,,,,,,,,,,,
J60_2.RCP,0,127.3756213,0.260076046,DE_current-to-rand/2_exp_fixedCR_withLS,65,1000,0,50,60,100,0.1,0.9,FALSE,FALSE,current-to-rand/2,exp,random,TRUE,5,0.3,1.5,0.3,1,1,,,,,,,,,,,,,,,,,,,,,,,,,
J60_2.RCP,1,127.3756213,0.260439873,DE_current-to-rand/2_exp_fixedCR_withLS,65,1000,1,50,60,100,0.1,0.9,FALSE,FALSE,current-to-rand/2,exp,random,TRUE,5,0.3,1.5,0.3,1,1,,,,,,,,,,,,,,,,,,,,,,,,,
J60_2.RCP,0,115.8986982,0.25552392,DE_current-to-rand/2_exp_fixedCR_noLS,65,1000,0,50,60,100,0.1,0.9,FALSE,FALSE,current-to-rand/2,exp,random,FALSE,5,0.3,1.5,0.3,1,1,,,,,,,,,,,,,,,,,,,,,,,,,
J60_2.RCP,1,126.4217751,0.257860899,DE_current-to-rand/2_exp_fixedCR_noLS,65,1000,1,50,60,100,0.1,0.9,FALSE,FALSE,current-to-rand/2,exp,random,FALSE,5,0.3,1.5,0.3,1,1,,,,,,,,,,,,,,,,,,,,,,,,,
J60_2.RCP,0,140.0217751,0.233916998,GA_roulette_single_point_random_random_withLS_withNeighborhood,65,1000,0,50,60,,,,,,random,single_point,random,TRUE,,,,,,,0.9,0.1,roulette,3,TRUE,FALSE,0.5,0.1,0.35,5,2,,,,,,,,,,,,,,
J60_2.RCP,1,135.6833136,0.232460976,GA_roulette_single_point_random_random_withLS_withNeighborhood,65,1000,1,50,60,,,,,,random,single_point,random,TRUE,,,,,,,0.9,0.1,roulette,3,TRUE,FALSE,0.5,0.1,0.35,5,2,,,,,,,,,,,,,,
J60_2.RCP,0,140.0217751,0.235168695,GA_roulette_single_point_random_random_withLS_noNeighborhood,65,1000,0,50,60,,,,,,random,single_point,random,TRUE,,,,,,,0.9,0.1,roulette,3,TRUE,FALSE,0.5,0.1,0.35,5,0,,,,,,,,,,,,,,
J60_2.RCP,1,135.6833136,0.235075951,GA_roulette_single_point_random_random_withLS_noNeighborhood,65,1000,1,50,60,,,,,,random,single_point,random,TRUE,,,,,,,0.9,0.1,roulette,3,TRUE,FALSE,0.5,0.1,0.35,5,0,,,,,,,,,,,,,,
J60_2.RCP,0,121.2525444,0.335496187,GA_roulette_single_point_random_random_noLS_withNeighborhood,65,1000,0,50,60,,,,,,random,single_point,random,FALSE,,,,,,,0.9,0.1,roulette,3,TRUE,FALSE,0.5,0.1,0.35,5,2,,,,,,,,,,,,,,
J60_2.RCP,1,132.9140828,0.332790852,GA_roulette_single_point_random_random_noLS_withNeighborhood,65,1000,1,50,60,,,,,,random,single_point,random,FALSE,,,,,,,0.9,0.1,roulette,3,TRUE,FALSE,0.5,0.1,0.35,5,2,,,,,,,,,,,,,,
J60_2.RCP,0,121.2525444,0.33457613,GA_roulette_single_point_random_random_noLS_noNeighborhood,65,1000,0,50,60,,,,,,random,single_point,random,FALSE,,,,,,,0.9,0.1,roulette,3,TRUE,FALSE,0.5,0.1,0.35,5,0,,,,,,,,,,,,,,
J60_2.RCP,1,132.9140828,0.334882975,GA_roulette_single_point_random_random_noLS_noNeighborhood,65,1000,1,50,60,,,,,,random,single_point,random,FALSE,,,,,,,0.9,0.1,roulette,3,TRUE,FALSE,0.5,0.1,0.35,5,0,,,,,,,,,,,,,,
J60_2.RCP,0,139.3140828,0.233167887,GA_roulette_single_point_random_heuristic_withLS_withNeighborhood,65,1000,0,50,60,,,,,,random,single_point,heuristic,TRUE,,,,,,,0.9,0.1,roulette,3,TRUE,FALSE,0.5,0.1,0.35,5,2,,,,,,,,,,,,,,
J60_2.RCP,1,142.8525444,0.234956026,GA_roulette_single_point_random_heuristic_withLS_withNeighborhood,65,1000,1,50,60,,,,,,random,single_point,heuristic,TRUE,,,,,,,0.9,0.1,roulette,3,TRUE,FALSE,0.5,0.1,0.35,5,2,,,,,,,,,,,,,,
J60_2.RCP,0,139.3140828,0.235822678,GA_roulette_single_point_random_heuristic_withLS_noNeighborhood,65,1000,0,50,60,,,,,,random,single_point,heuristic,TRUE,,,,,,,0.9,0.1,roulette,3,TRUE,FALSE,0.5,0.1,0.35,5,0,,,,,,,,,,,,,,
J60_2.RCP,1,142.8525444,0.23554492,GA_roulette_single_point_random_heuristic_withLS_noNeighborhood,65,1000,1,50,60,,,,,,random,single_point,heuristic,TRUE,,,,,,,0.9,0.1,roulette,3,TRUE,FALSE,0.5,0.1,0.35,5,0,,,,,,,,,,,,,,
J60_2.RCP,0,139.3140828,0.339720011,GA_roulette_single_point_random_heuristic_noLS_withNeighborhood,65,1000,0,50,60,,,,,,random,single_point,heuristic,FALSE,,,,,,,0.9,0.1,roulette,3,TRUE,FALSE,0.5,0.1,0.35,5,2,,,,,,,,,,,,,,
J60_2.RCP,1,132.4217751,0.336596966,GA_roulette_single_point_random_heuristic_noLS_withNeighborhood,65,1000,1,50,60,,,,,,random,single_point,heuristic,FALSE,,,,,,,0.9,0.1,roulette,3,TRUE,FALSE,0.5,0.1,0.35,5,2,,,,,,,,,,,,,,
J60_2.RCP,0,139.3140828,0.336534977,GA_roulette_single_point_random_heuristic_noLS_noNeighborhood,65,1000,0,50,60,,,,,,random,single_point,heuristic,FALSE,,,,,,,0.9,0.1,roulette,3,TRUE,FALSE,0.5,0.1,0.35,5,0,,,,,,,,,,,,,,
J60_2.RCP,1,132.4217751,0.337329149,GA_roulette_single_point_random_heuristic_noLS_noNeighborhood,65,1000,1,50,60,,,,,,random,single_point,heuristic,FALSE,,,,,,,0.9,0.1,roulette,3,TRUE,FALSE,0.5,0.1,0.35,5,0,,,,,,,,,,,,,,
J60_2.RCP,0,139.9602367,0.239856958,GA_roulette_single_point_adaptive_random_withLS_withNeighborhood,65,1000,0,50,60,,,,,,adaptive,single_point,random,TRUE,,,,,,,0.9,0.1,roulette,3,TRUE,FALSE,0.5,0.1,0.35,5,2,,,,,,,,,,,,,,
J60_2.RCP,1,135.6833136,0.240966082,GA_roulette_single_point_adaptive_random_withLS_withNeighborhood,65,1000,1,50,60,,,,,,adaptive,single_point,random,TRUE,,,,,,,0.9,0.1,roulette,3,TRUE,FALSE,0.5,0.1,0.35,5,2,,,,,,,,,,,,,,
J60_2.RCP,0,139.9602367,0.241073847,GA_roulette_single_point_adaptive_random_withLS_noNeighborhood,65,1000,0,50,60,,,,,,adaptive,single_point,random,TRUE,,,,,,,0.9,0.1,roulette,3,TRUE,FALSE,0.5,0.1,0.35,5,0,,,,,,,,,,,,,,
J60_2.RCP,1,135.6833136,0.238763809,GA_roulette_single_point_adaptive_random_withLS_noNeighborhood,65,1000,1,50,60,,,,,,adaptive,single_point,random,TRUE,,,,,,,0.9,0.1,roulette,3,TRUE,FALSE,0.5,0.1,0.35,5,0,,,,,,,,,,,,,,
J60_2.RCP,0,126.3294675,0.355677843,GA_roulette_single_point_adaptive_random_noLS_withNeighborhood,65,1000,0,50,60,,,,,,adaptive,single_point,random,FALSE,,,,,,,0.9,0.1,roulette,3,TRUE,FALSE,0.5,0.1,0.35,5,2,,,,,,,,,,,,,,
J60_2.RCP,1,131.867929,0.354514122,GA_roulette_single_point_adaptive_random_noLS_withNeighborhood,65,1000,1,50,60,,,,,,adaptive,single_point,random,FALSE,,,,,,,0.9,0.1,roulette,3,TRUE,FALSE,0.5,0.1,0.35,5,2,,,,,,,,,,,,,,
J60_2.RCP,0,126.3294675,0.353250027,GA_roulette_single_point_adaptive_random_noLS_noNeighborhood,65,1000,0,50,60,,,,,,adaptive,single_point,random,FALSE,,,,,,,0.9,0.1,roulette,3,TRUE,FALSE,0.5,0.1,0.35,5,0,,,,,,,,,,,,,,
J60_2.RCP,1,131.867929,0.355180025,GA_roulette_single_point_adaptive_random_noLS_noNeighborhood,65,1000,1,50,60,,,,,,adaptive,single_point,random,FALSE,,,,,,,0.9,0.1,roulette,3,TRUE,FALSE,0.5,0.1,0.35,5,0,,,,,,,,,,,,,,
J60_2.RCP,0,138.3910059,0.237819195,GA_roulette_single_point_adaptive_heuristic_withLS_withNeighborhood,65,1000,0,50,60,,,,,,adaptive,single_point,heuristic,TRUE,,,,,,,0.9,0.1,roulette,3,TRUE,FALSE,0.5,0.1,0.35,5,2,,,,,,,,,,,,,,
J60_2.RCP,1,143.9294675,0.239321947,GA_roulette_single_point_adaptive_heuristic_withLS_withNeighborhood,65,1000,1,50,60,,,,,,adaptive,single_point,heuristic,TRUE,,,,,,,0.9,0.1,roulette,3,TRUE,FALSE,0.5,0.1,0.35,5,2,,,,,,,,,,,,,,
J60_2.RCP,0,138.3910059,0.240435839,GA_roulette_single_point_adaptive_heuristic_withLS_noNeighborhood,65,1000,0,50,60,,,,,,adaptive,single_point,heuristic,TRUE,,,,,,,0.9,0.1,roulette,3,TRUE,FALSE,0.5,0.1,0.35,5,0,,,,,,,,,,,,,,
J60_2.RCP,1,143.9294675,0.239901066,GA_roulette_single_point_adaptive_heuristic_withLS_noNeighborhood,65,1000,1,50,60,,,,,,adaptive,single_point,heuristic,TRUE,,,,,,,0.9,0.1,roulette,3,TRUE,FALSE,0.5,0.1,0.35,5,0,,,,,,,,,,,,,,
J60_2.RCP,0,124.2371598,0.355165958,GA_roulette_single_point_adaptive_heuristic_noLS_withNeighborhood,65,1000,0,50,60,,,,,,adaptive,single_point,heuristic,FALSE,,,,,,,0.9,0.1,roulette,3,TRUE,FALSE,0.5,0.1,0.35,5,2,,,,,,,,,,,,,,
J60_2.RCP,1,133.4063905,0.355368853,GA_roulette_single_point_adaptive_heuristic_noLS_withNeighborhood,65,1000,1,50,60,,,,,,adaptive,single_point,heuristic,FALSE,,,,,,,0.9,0.1,roulette,3,TRUE,FALSE,0.5,0.1,0.35,5,2,,,,,,,,,,,,,,
J60_2.RCP,0,124.2371598,0.354230165,GA_roulette_single_point_adaptive_heuristic_noLS_noNeighborhood,65,1000,0,50,60,,,,,,adaptive,single_point,heuristic,FALSE,,,,,,,0.9,0.1,roulette,3,TRUE,FALSE,0.5,0.1,0.35,5,0,,,,,,,,,,,,,,
J60_2.RCP,1,133.4063905,0.357343912,GA_roulette_single_point_adaptive_heuristic_noLS_noNeighborhood,65,1000,1,50,60,,,,,,adaptive,single_point,heuristic,FALSE,,,,,,,0.9,0.1,roulette,3,TRUE,FALSE,0.5,0.1,0.35,5,0,,,,,,,,,,,,,,
J60_2.RCP,0,146.2986982,0.235311985,GA_roulette_two_point_random_random_withLS_withNeighborhood,65,1000,0,50,60,,,,,,random,two_point,random,TRUE,,,,,,,0.9,0.1,roulette,3,TRUE,FALSE,0.5,0.1,0.35,5,2,,,,,,,,,,,,,,
J60_2.RCP,1,133.3140828,0.234679937,GA_roulette_two_point_random_random_withLS_withNeighborhood,65,1000,1,50,60,,,,,,random,two_point,random,TRUE,,,,,,,0.9,0.1,roulette,3,TRUE,FALSE,0.5,0.1,0.35,5,2,,,,,,,,,,,,,,
J60_2.RCP,0,146.2986982,0.235319853,GA_roulette_two_point_random_random_withLS_noNeighborhood,65,1000,0,50,60,,,,,,random,two_point,random,TRUE,,,,,,,0.9,0.1,roulette,3,TRUE,FALSE,0.5,0.1,0.35,5,0,,,,,,,,,,,,,,
J60_2.RCP,1,133.3140828,0.234642982,GA_roulette_two_point_random_random_withLS_noNeighborhood,65,1000,1,50,60,,,,,,random,two_point,random,TRUE,,,,,,,0.9,0.1,roulette,3,TRUE,FALSE,0.5,0.1,0.35,5,0,,,,,,,,,,,,,,
J60_2.RCP,0,123.2217751,0.33850503,GA_roulette_two_point_random_random_noLS_withNeighborhood,65,1000,0,50,60,,,,,,random,two_point,random,FALSE,,,,,,,0.9,0.1,roulette,3,TRUE,FALSE,0.5,0.1,0.35,5,2,,,,,,,,,,,,,,
J60_2.RCP,1,129.2217751,0.338745117,GA_roulette_two_point_random_random_noLS_withNeighborhood,65,1000,1,50,60,,,,,,random,two_point,random,FALSE,,,,,,,0.9,0.1,roulette,3,TRUE,FALSE,0.5,0.1,0.35,5,2,,,,,,,,,,,,,,
J60_2.RCP,0,123.2217751,0.338443995,GA_roulette_two_point_random_random_noLS_noNeighborhood,65,1000,0,50,60,,,,,,random,two_point,random,FALSE,,,,,,,0.9,0.1,roulette,3,TRUE,FALSE,0.5,0.1,0.35,5,0,,,,,,,,,,,,,,
J60_2.RCP,1,129.2217751,0.336460114,GA_roulette_two_point_random_random_noLS_noNeighborhood,65,1000,1,50,60,,,,,,random,two_point,random,FALSE,,,,,,,0.9,0.1,roulette,3,TRUE,FALSE,0.5,0.1,0.35,5,0,,,,,,,,,,,,,,
J60_2.RCP,0,136.6063905,0.237204075,GA_roulette_two_point_random_heuristic_withLS_withNeighborhood,65,1000,0,50,60,,,,,,random,two_point,heuristic,TRUE,,,,,,,0.9,0.1,roulette,3,TRUE,FALSE,0.5,0.1,0.35,5,2,,,,,,,,,,,,,,
J60_2.RCP,1,137.7140828,0.235978127,GA_roulette_two_point_random_heuristic_withLS_withNeighborhood,65,1000,1,50,60,,,,,,random,two_point,heuristic,TRUE,,,,,,,0.9,0.1,roulette,3,TRUE,FALSE,0.5,0.1,0.35,5,2,,,,,,,,,,,,,,
J60_2.RCP,0,136.6063905,0.234254837,GA_roulette_two_point_random_heuristic_withLS_noNeighborhood,65,1000,0,50,60,,,,,,random,two_point,heuristic,TRUE,,,,,,,0.9,0.1,roulette,3,TRUE,FALSE,0.5,0.1,0.35,5,0,,,,,,,,,,,,,,
J60_2.RCP,1,137.7140828,0.234394073,GA_roulette_two_point_random_heuristic_withLS_noNeighborhood,65,1000,1,50,60,,,,,,random,two_point,heuristic,TRUE,,,,,,,0.9,0.1,roulette,3,TRUE,FALSE,0.5,0.1,0.35,5,0,,,,,,,,,,,,,,
J60_2.RCP,0,125.867929,0.341400146,GA_roulette_two_point_random_heuristic_noLS_withNeighborhood,65,1000,0,50,60,,,,,,random,two_point,heuristic,FALSE,,,,,,,0.9,0.1,roulette,3,TRUE,FALSE,0.5,0.1,0.35,5,2,,,,,,,,,,,,,,
J60_2.RCP,1,125.6525444,0.340139151,GA_roulette_two_point_random_heuristic_noLS_withNeighborhood,65,1000,1,50,60,,,,,,random,two_point,heuristic,FALSE,,,,,,,0.9,0.1,roulette,3,TRUE,FALSE,0.5,0.1,0.35,5,2,,,,,,,,,,,,,,
J60_2.RCP,0,125.867929,0.338958025,GA_roulette_two_point_random_heuristic_noLS_noNeighborhood,65,1000,0,50,60,,,,,,random,two_point,heuristic,FALSE,,,,,,,0.9,0.1,roulette,3,TRUE,FALSE,0.5,0.1,0.35,5,0,,,,,,,,,,,,,,
J60_2.RCP,1,125.6525444,0.339679956,GA_roulette_two_point_random_heuristic_noLS_noNeighborhood,65,1000,1,50,60,,,,,,random,two_point,heuristic,FALSE,,,,,,,0.9,0.1,roulette,3,TRUE,FALSE,0.5,0.1,0.35,5,0,,,,,,,,,,,,,,
J60_2.RCP,0,141.067929,0.237676859,GA_roulette_two_point_adaptive_random_withLS_withNeighborhood,65,1000,0,50,60,,,,,,adaptive,two_point,random,TRUE,,,,,,,0.9,0.1,roulette,3,TRUE,FALSE,0.5,0.1,0.35,5,2,,,,,,,,,,,,,,
J60_2.RCP,1,135.6833136,0.242542982,GA_roulette_two_point_adaptive_random_withLS_withNeighborhood,65,1000,1,50,60,,,,,,adaptive,two_point,random,TRUE,,,,,,,0.9,0.1,roulette,3,TRUE,FALSE,0.5,0.1,0.35,5,2,,,,,,,,,,,,,,
J60_2.RCP,0,141.067929,0.239587069,GA_roulette_two_point_adaptive_random_withLS_noNeighborhood,65,1000,0,50,60,,,,,,adaptive,two_point,random,TRUE,,,,,,,0.9,0.1,roulette,3,TRUE,FALSE,0.5,0.1,0.35,5,0,,,,,,,,,,,,,,
J60_2.RCP,1,135.6833136,0.239904165,GA_roulette_two_point_adaptive_random_withLS_noNeighborhood,65,1000,1,50,60,,,,,,adaptive,two_point,random,TRUE,,,,,,,0.9,0.1,roulette,3,TRUE,FALSE,0.5,0.1,0.35,5,0,,,,,,,,,,,,,,
J60_2.RCP,0,128.4525444,0.35915184,GA_roulette_two_point_adaptive_random_noLS_withNeighborhood,65,1000,0,50,60,,,,,,adaptive,two_point,random,FALSE,,,,,,,0.9,0.1,roulette,3,TRUE,FALSE,0.5,0.1,0.35,5,2,,,,,,,,,,,,,,
J60_2.RCP,1,135.6833136,0.358415842,GA_roulette_two_point_adaptive_random_noLS_withNeighborhood,65,1000,1,50,60,,,,,,adaptive,two_point,random,FALSE,,,,,,,0.9,0.1,roulette,3,TRUE,FALSE,0.5,0.1,0.35,5,2,,,,,,,,,,,,,,
J60_2.RCP,0,128.4525444,0.358985901,GA_roulette_two_point_adaptive_random_noLS_noNeighborhood,65,1000,0,50,60,,,,,,adaptive,two_point,random,FALSE,,,,,,,0.9,0.1,roulette,3,TRUE,FALSE,0.5,0.1,0.35,5,0,,,,,,,,,,,,,,
J60_2.RCP,1,135.6833136,0.35923028,GA_roulette_two_point_adaptive_random_noLS_noNeighborhood,65,1000,1,50,60,,,,,,adaptive,two_point,random,FALSE,,,,,,,0.9,0.1,roulette,3,TRUE,FALSE,0.5,0.1,0.35,5,0,,,,,,,,,,,,,,
J60_2.RCP,0,139.3140828,0.242019892,GA_roulette_two_point_adaptive_heuristic_withLS_withNeighborhood,65,1000,0,50,60,,,,,,adaptive,two_point,heuristic,TRUE,,,,,,,0.9,0.1,roulette,3,TRUE,FALSE,0.5,0.1,0.35,5,2,,,,,,,,,,,,,,
J60_2.RCP,1,148.1756213,0.241603136,GA_roulette_two_point_adaptive_heuristic_withLS_withNeighborhood,65,1000,1,50,60,,,,,,adaptive,two_point,heuristic,TRUE,,,,,,,0.9,0.1,roulette,3,TRUE,FALSE,0.5,0.1,0.35,5,2,,,,,,,,,,,,,,
J60_2.RCP,0,139.3140828,0.240163803,GA_roulette_two_point_adaptive_heuristic_withLS_noNeighborhood,65,1000,0,50,60,,,,,,adaptive,two_point,heuristic,TRUE,,,,,,,0.9,0.1,roulette,3,TRUE,FALSE,0.5,0.1,0.35,5,0,,,,,,,,,,,,,,
J60_2.RCP,1,148.1756213,0.241062164,GA_roulette_two_point_adaptive_heuristic_withLS_noNeighborhood,65,1000,1,50,60,,,,,,adaptive,two_point,heuristic,TRUE,,,,,,,0.9,0.1,roulette,3,TRUE,FALSE,0.5,0.1,0.35,5,0,,,,,,,,,,,,,,
J60_2.RCP,0,125.3140828,0.3574121,GA_roulette_two_point_adaptive_heuristic_noLS_withNeighborhood,65,1000,0,50,60,,,,,,adaptive,two_point,heuristic,FALSE,,,,,,,0.9,0.1,roulette,3,TRUE,FALSE,0.5,0.1,0.35,5,2,,,,,,,,,,,,,,
J60_2.RCP,1,117.7448521,0.361714125,GA_roulette_two_point_adaptive_heuristic_noLS_withNeighborhood,65,1000,1,50,60,,,,,,adaptive,two_point,heuristic,FALSE,,,,,,,0.9,0.1,roulette,3,TRUE,FALSE,0.5,0.1,0.35,5,2,,,,,,,,,,,,,,
J60_2.RCP,0,125.3140828,0.358990908,GA_roulette_two_point_adaptive_heuristic_noLS_noNeighborhood,65,1000,0,50,60,,,,,,adaptive,two_point,heuristic,FALSE,,,,,,,0.9,0.1,roulette,3,TRUE,FALSE,0.5,0.1,0.35,5,0,,,,,,,,,,,,,,
J60_2.RCP,1,117.7448521,0.359721899,GA_roulette_two_point_adaptive_heuristic_noLS_noNeighborhood,65,1000,1,50,60,,,,,,adaptive,two_point,heuristic,FALSE,,,,,,,0.9,0.1,roulette,3,TRUE,FALSE,0.5,0.1,0.35,5,0,,,,,,,,,,,,,,
J60_2.RCP,0,137.8986982,3.840533018,GA_roulette_rcx_random_random_withLS_withNeighborhood,65,1000,0,50,60,,,,,,random,rcx,random,TRUE,,,,,,,0.9,0.1,roulette,3,TRUE,FALSE,0.5,0.1,0.35,5,2,,,,,,,,,,,,,,
J60_2.RCP,1,135.6833136,3.631054163,GA_roulette_rcx_random_random_withLS_withNeighborhood,65,1000,1,50,60,,,,,,random,rcx,random,TRUE,,,,,,,0.9,0.1,roulette,3,TRUE,FALSE,0.5,0.1,0.35,5,2,,,,,,,,,,,,,,
J60_2.RCP,0,137.8986982,3.838525772,GA_roulette_rcx_random_random_withLS_noNeighborhood,65,1000,0,50,60,,,,,,random,rcx,random,TRUE,,,,,,,0.9,0.1,roulette,3,TRUE,FALSE,0.5,0.1,0.35,5,0,,,,,,,,,,,,,,
J60_2.RCP,1,135.6833136,3.613458872,GA_roulette_rcx_random_random_withLS_noNeighborhood,65,1000,1,50,60,,,,,,random,rcx,random,TRUE,,,,,,,0.9,0.1,roulette,3,TRUE,FALSE,0.5,0.1,0.35,5,0,,,,,,,,,,,,,,
J60_2.RCP,0,127.3140828,14.01738596,GA_roulette_rcx_random_random_noLS_withNeighborhood,65,1000,0,50,60,,,,,,random,rcx,random,FALSE,,,,,,,0.9,0.1,roulette,3,TRUE,FALSE,0.5,0.1,0.35,5,2,,,,,,,,,,,,,,
J60_2.RCP,1,132.1140828,13.81058621,GA_roulette_rcx_random_random_noLS_withNeighborhood,65,1000,1,50,60,,,,,,random,rcx,random,FALSE,,,,,,,0.9,0.1,roulette,3,TRUE,FALSE,0.5,0.1,0.35,5,2,,,,,,,,,,,,,,
J60_2.RCP,0,127.3140828,14.04118109,GA_roulette_rcx_random_random_noLS_noNeighborhood,65,1000,0,50,60,,,,,,random,rcx,random,FALSE,,,,,,,0.9,0.1,roulette,3,TRUE,FALSE,0.5,0.1,0.35,5,0,,,,,,,,,,,,,,
J60_2.RCP,1,132.1140828,13.78405404,GA_roulette_rcx_random_random_noLS_noNeighborhood,65,1000,1,50,60,,,,,,random,rcx,random,FALSE,,,,,,,0.9,0.1,roulette,3,TRUE,FALSE,0.5,0.1,0.35,5,0,,,,,,,,,,,,,,
J60_2.RCP,0,139.3140828,3.773215055,GA_roulette_rcx_random_heuristic_withLS_withNeighborhood,65,1000,0,50,60,,,,,,random,rcx,heuristic,TRUE,,,,,,,0.9,0.1,roulette,3,TRUE,FALSE,0.5,0.1,0.35,5,2,,,,,,,,,,,,,,
J60_2.RCP,1,146.2986982,3.565504074,GA_roulette_rcx_random_heuristic_withLS_withNeighborhood,65,1000,1,50,60,,,,,,random,rcx,heuristic,TRUE,,,,,,,0.9,0.1,roulette,3,TRUE,FALSE,0.5,0.1,0.35,5,2,,,,,,,,,,,,,,
J60_2.RCP,0,139.3140828,3.699286938,GA_roulette_rcx_random_heuristic_withLS_noNeighborhood,65,1000,0,50,60,,,,,,random,rcx,heuristic,TRUE,,,,,,,0.9,0.1,roulette,3,TRUE,FALSE,0.5,0.1,0.35,5,0,,,,,,,,,,,,,,
J60_2.RCP,1,146.2986982,3.590417147,GA_roulette_rcx_random_heuristic_withLS_noNeighborhood,65,1000,1,50,60,,,,,,random,rcx,heuristic,TRUE,,,,,,,0.9,0.1,roulette,3,TRUE,FALSE,0.5,0.1,0.35,5,0,,,,,,,,,,,,,,
J60_2.RCP,0,119.4371598,14.05074596,GA_roulette_rcx_random_heuristic_noLS_withNeighborhood,65,1000,0,50,60,,,,,,random,rcx,heuristic,FALSE,,,,,,,0.9,0.1,roulette,3,TRUE,FALSE,0.5,0.1,0.35,5,2,,,,,,,,,,,,,,
J60_2.RCP,1,121.9294675,13.81756687,GA_roulette_rcx_random_heuristic_noLS_withNeighborhood,65,1000,1,50,60,,,,,,random,rcx,heuristic,FALSE,,,,,,,0.9,0.1,roulette,3,TRUE,FALSE,0.5,0.1,0.35,5,2,,,,,,,,,,,,,,
J60_2.RCP,0,119.4371598,14.03618908,GA_roulette_rcx_random_heuristic_noLS_noNeighborhood,65,1000,0,50,60,,,,,,random,rcx,heuristic,FALSE,,,,,,,0.9,0.1,roulette,3,TRUE,FALSE,0.5,0.1,0.35,5,0,,,,,,,,,,,,,,
J60_2.RCP,1,121.9294675,13.77312207,GA_roulette_rcx_random_heuristic_noLS_noNeighborhood,65,1000,1,50,60,,,,,,random,rcx,heuristic,FALSE,,,,,,,0.9,0.1,roulette,3,TRUE,FALSE,0.5,0.1,0.35,5,0,,,,,,,,,,,,,,
J60_2.RCP,0,142.3602367,3.701159239,GA_roulette_rcx_adaptive_random_withLS_withNeighborhood,65,1000,0,50,60,,,,,,adaptive,rcx,random,TRUE,,,,,,,0.9,0.1,roulette,3,TRUE,FALSE,0.5,0.1,0.35,5,2,,,,,,,,,,,,,,
J60_2.RCP,1,135.6833136,3.581447124,GA_roulette_rcx_adaptive_random_withLS_withNeighborhood,65,1000,1,50,60,,,,,,adaptive,rcx,random,TRUE,,,,,,,0.9,0.1,roulette,3,TRUE,FALSE,0.5,0.1,0.35,5,2,,,,,,,,,,,,,,
J60_2.RCP,0,142.3602367,3.719537973,GA_roulette_rcx_adaptive_random_withLS_noNeighborhood,65,1000,0,50,60,,,,,,adaptive,rcx,random,TRUE,,,,,,,0.9,0.1,roulette,3,TRUE,FALSE,0.5,0.1,0.35,5,0,,,,,,,,,,,,,,
J60_2.RCP,1,135.6833136,3.585124016,GA_roulette_rcx_adaptive_random_withLS_noNeighborhood,65,1000,1,50,60,,,,,,adaptive,rcx,random,TRUE,,,,,,,0.9,0.1,roulette,3,TRUE,FALSE,0.5,0.1,0.35,5,0,,,,,,,,,,,,,,
J60_2.RCP,0,117.8063905,13.91005015,GA_roulette_rcx_adaptive_random_noLS_withNeighborhood,65,1000,0,50,60,,,,,,adaptive,rcx,random,FALSE,,,,,,,0.9,0.1,roulette,3,TRUE,FALSE,0.5,0.1,0.35,5,2,,,,,,,,,,,,,,
J60_2.RCP,1,117.8986982,13.81840372,GA_roulette_rcx_adaptive_random_noLS_withNeighborhood,65,1000,1,50,60,,,,,,adaptive,rcx,random,FALSE,,,,,,,0.9,0.1,roulette,3,TRUE,FALSE,0.5,0.1,0.35,5,2,,,,,,,,,,,,,,
J60_2.RCP,0,117.8063905,13.93450403,GA_roulette_rcx_adaptive_random_noLS_noNeighborhood,65,1000,0,50,60,,,,,,adaptive,rcx,random,FALSE,,,,,,,0.9,0.1,roulette,3,TRUE,FALSE,0.5,0.1,0.35,5,0,,,,,,,,,,,,,,
J60_2.RCP,1,117.8986982,13.86529994,GA_roulette_rcx_adaptive_random_noLS_noNeighborhood,65,1000,1,50,60,,,,,,adaptive,rcx,random,FALSE,,,,,,,0.9,0.1,roulette,3,TRUE,FALSE,0.5,0.1,0.35,5,0,,,,,,,,,,,,,,
J60_2.RCP,0,136.2063905,3.707260847,GA_roulette_rcx_adaptive_heuristic_withLS_withNeighborhood,65,1000,0,50,60,,,,,,adaptive,rcx,heuristic,TRUE,,,,,,,0.9,0.1,roulette,3,TRUE,FALSE,0.5,0.1,0.35,5,2,,,,,,,,,,,,,,
J60_2.RCP,1,144.8833136,3.560451031,GA_roulette_rcx_adaptive_heuristic_withLS_withNeighborhood,65,1000,1,50,60,,,,,,adaptive,rcx,heuristic,TRUE,,,,,,,0.9,0.1,roulette,3,TRUE,FALSE,0.5,0.1,0.35,5,2,,,,,,,,,,,,,,
J60_2.RCP,0,136.2063905,3.713133097,GA_roulette_rcx_adaptive_heuristic_withLS_noNeighborhood,65,1000,0,50,60,,,,,,adaptive,rcx,heuristic,TRUE,,,,,,,0.9,0.1,roulette,3,TRUE,FALSE,0.5,0.1,0.35,5,0,,,,,,,,,,,,,,
J60_2.RCP,1,144.8833136,3.59460187,GA_roulette_rcx_adaptive_heuristic_withLS_noNeighborhood,65,1000,1,50,60,,,,,,adaptive,rcx,heuristic,TRUE,,,,,,,0.9,0.1,roulette,3,TRUE,FALSE,0.5,0.1,0.35,5,0,,,,,,,,,,,,,,
J60_2.RCP,0,129.6217751,13.91714787,GA_roulette_rcx_adaptive_heuristic_noLS_withNeighborhood,65,1000,0,50,60,,,,,,adaptive,rcx,heuristic,FALSE,,,,,,,0.9,0.1,roulette,3,TRUE,FALSE,0.5,0.1,0.35,5,2,,,,,,,,,,,,,,
J60_2.RCP,1,131.8371598,13.84858489,GA_roulette_rcx_adaptive_heuristic_noLS_withNeighborhood,65,1000,1,50,60,,,,,,adaptive,rcx,heuristic,FALSE,,,,,,,0.9,0.1,roulette,3,TRUE,FALSE,0.5,0.1,0.35,5,2,,,,,,,,,,,,,,
J60_2.RCP,0,129.6217751,13.97521615,GA_roulette_rcx_adaptive_heuristic_noLS_noNeighborhood,65,1000,0,50,60,,,,,,adaptive,rcx,heuristic,FALSE,,,,,,,0.9,0.1,roulette,3,TRUE,FALSE,0.5,0.1,0.35,5,0,,,,,,,,,,,,,,
J60_2.RCP,1,131.8371598,13.82565713,GA_roulette_rcx_adaptive_heuristic_noLS_noNeighborhood,65,1000,1,50,60,,,,,,adaptive,rcx,heuristic,FALSE,,,,,,,0.9,0.1,roulette,3,TRUE,FALSE,0.5,0.1,0.35,5,0,,,,,,,,,,,,,,
J60_2.RCP,0,150.8525444,0.233202934,GA_roulette_hybrid_random_random_withLS_withNeighborhood,65,1000,0,50,60,,,,,,random,hybrid,random,TRUE,,,,,,,0.9,0.1,roulette,3,TRUE,FALSE,0.5,0.1,0.35,5,2,,,,,,,,,,,,,,
J60_2.RCP,1,135.6833136,0.234763145,GA_roulette_hybrid_random_random_withLS_withNeighborhood,65,1000,1,50,60,,,,,,random,hybrid,random,TRUE,,,,,,,0.9,0.1,roulette,3,TRUE,FALSE,0.5,0.1,0.35,5,2,,,,,,,,,,,,,,
J60_2.RCP,0,150.8525444,0.234506845,GA_roulette_hybrid_random_random_withLS_noNeighborhood,65,1000,0,50,60,,,,,,random,hybrid,random,TRUE,,,,,,,0.9,0.1,roulette,3,TRUE,FALSE,0.5,0.1,0.35,5,0,,,,,,,,,,,,,,
J60_2.RCP,1,135.6833136,0.232875109,GA_roulette_hybrid_random_random_withLS_noNeighborhood,65,1000,1,50,60,,,,,,random,hybrid,random,TRUE,,,,,,,0.9,0.1,roulette,3,TRUE,FALSE,0.5,0.1,0.35,5,0,,,,,,,,,,,,,,
J60_2.RCP,0,138.6371598,0.330888987,GA_roulette_hybrid_random_random_noLS_withNeighborhood,65,1000,0,50,60,,,,,,random,hybrid,random,FALSE,,,,,,,0.9,0.1,roulette,3,TRUE,FALSE,0.5,0.1,0.35,5,2,,,,,,,,,,,,,,
J60_2.RCP,1,124.9448521,0.333598137,GA_roulette_hybrid_random_random_noLS_withNeighborhood,65,1000,1,50,60,,,,,,random,hybrid,random,FALSE,,,,,,,0.9,0.1,roulette,3,TRUE,FALSE,0.5,0.1,0.35,5,2,,,,,,,,,,,,,,
J60_2.RCP,0,138.6371598,0.331871986,GA_roulette_hybrid_random_random_noLS_noNeighborhood,65,1000,0,50,60,,,,,,random,hybrid,random,FALSE,,,,,,,0.9,0.1,roulette,3,TRUE,FALSE,0.5,0.1,0.35,5,0,,,,,,,,,,,,,,
J60_2.RCP,1,124.9448521,0.336331129,GA_roulette_hybrid_random_random_noLS_noNeighborhood,65,1000,1,50,60,,,,,,random,hybrid,random,FALSE,,,,,,,0.9,0.1,roulette,3,TRUE,FALSE,0.5,0.1,0.35,5,0,,,,,,,,,,,,,,
J60_2.RCP,0,139.3140828,0.238516092,GA_roulette_hybrid_random_heuristic_withLS_withNeighborhood,65,1000,0,50,60,,,,,,random,hybrid,heuristic,TRUE,,,,,,,0.9,0.1,roulette,3,TRUE,FALSE,0.5,0.1,0.35,5,2,,,,,,,,,,,,,,
J60_2.RCP,1,139.467929,0.235650063,GA_roulette_hybrid_random_heuristic_withLS_withNeighborhood,65,1000,1,50,60,,,,,,random,hybrid,heuristic,TRUE,,,,,,,0.9,0.1,roulette,3,TRUE,FALSE,0.5,0.1,0.35,5,2,,,,,,,,,,,,,,
J60_2.RCP,0,139.3140828,0.236119032,GA_roulette_hybrid_random_heuristic_withLS_noNeighborhood,65,1000,0,50,60,,,,,,random,hybrid,heuristic,TRUE,,,,,,,0.9,0.1,roulette,3,TRUE,FALSE,0.5,0.1,0.35,5,0,,,,,,,,,,,,,,
J60_2.RCP,1,139.467929,0.233984947,GA_roulette_hybrid_random_heuristic_withLS_noNeighborhood,65,1000,1,50,60,,,,,,random,hybrid,heuristic,TRUE,,,,,,,0.9,0.1,roulette,3,TRUE,FALSE,0.5,0.1,0.35,5,0,,,,,,,,,,,,,,
J60_2.RCP,0,131.7448521,0.332756042,GA_roulette_hybrid_random_heuristic_noLS_withNeighborhood,65,1000,0,50,60,,,,,,random,hybrid,heuristic,FALSE,,,,,,,0.9,0.1,roulette,3,TRUE,FALSE,0.5,0.1,0.35,5,2,,,,,,,,,,,,,,
J60_2.RCP,1,131.7756213,0.333801985,GA_roulette_hybrid_random_heuristic_noLS_withNeighborhood,65,1000,1,50,60,,,,,,random,hybrid,heuristic,FALSE,,,,,,,0.9,0.1,roulette,3,TRUE,FALSE,0.5,0.1,0.35,5,2,,,,,,,,,,,,,,
J60_2.RCP,0,131.7448521,0.33292532,GA_roulette_hybrid_random_heuristic_noLS_noNeighborhood,65,1000,0,50,60,,,,,,random,hybrid,heuristic,FALSE,,,,,,,0.9,0.1,roulette,3,TRUE,FALSE,0.5,0.1,0.35,5,0,,,,,,,,,,,,,,
J60_2.RCP,1,131.7756213,0.333197832,GA_roulette_hybrid_random_heuristic_noLS_noNeighborhood,65,1000,1,50,60,,,,,,random,hybrid,heuristic,FALSE,,,,,,,0.9,0.1,roulette,3,TRUE,FALSE,0.5,0.1,0.35,5,0,,,,,,,,,,,,,,
J60_2.RCP,0,138.0833136,0.235744953,GA_roulette_hybrid_adaptive_random_withLS_withNeighborhood,65,1000,0,50,60,,,,,,adaptive,hybrid,random,TRUE,,,,,,,0.9,0.1,roulette,3,TRUE,FALSE,0.5,0.1,0.35,5,2,,,,,,,,,,,,,,
J60_2.RCP,1,129.4986982,0.237597942,GA_roulette_hybrid_adaptive_random_withLS_withNeighborhood,65,1000,1,50,60,,,,,,adaptive,hybrid,random,TRUE,,,,,,,0.9,0.1,roulette,3,TRUE,FALSE,0.5,0.1,0.35,5,2,,,,,,,,,,,,,,
J60_2.RCP,0,138.0833136,0.237333059,GA_roulette_hybrid_adaptive_random_withLS_noNeighborhood,65,1000,0,50,60,,,,,,adaptive,hybrid,random,TRUE,,,,,,,0.9,0.1,roulette,3,TRUE,FALSE,0.5,0.1,0.35,5,0,,,,,,,,,,,,,,
J60_2.RCP,1,129.4986982,0.237503052,GA_roulette_hybrid_adaptive_random_withLS_noNeighborhood,65,1000,1,50,60,,,,,,adaptive,hybrid,random,TRUE,,,,,,,0.9,0.1,roulette,3,TRUE,FALSE,0.5,0.1,0.35,5,0,,,,,,,,,,,,,,
J60_2.RCP,0,126.0217751,0.356040001,GA_roulette_hybrid_adaptive_random_noLS_withNeighborhood,65,1000,0,50,60,,,,,,adaptive,hybrid,random,FALSE,,,,,,,0.9,0.1,roulette,3,TRUE,FALSE,0.5,0.1,0.35,5,2,,,,,,,,,,,,,,
J60_2.RCP,1,116.6063905,0.351615906,GA_roulette_hybrid_adaptive_random_noLS_withNeighborhood,65,1000,1,50,60,,,,,,adaptive,hybrid,random,FALSE,,,,,,,0.9,0.1,roulette,3,TRUE,FALSE,0.5,0.1,0.35,5,2,,,,,,,,,,,,,,
J60_2.RCP,0,126.0217751,0.352578163,GA_roulette_hybrid_adaptive_random_noLS_noNeighborhood,65,1000,0,50,60,,,,,,adaptive,hybrid,random,FALSE,,,,,,,0.9,0.1,roulette,3,TRUE,FALSE,0.5,0.1,0.35,5,0,,,,,,,,,,,,,,
J60_2.RCP,1,116.6063905,0.350940943,GA_roulette_hybrid_adaptive_random_noLS_noNeighborhood,65,1000,1,50,60,,,,,,adaptive,hybrid,random,FALSE,,,,,,,0.9,0.1,roulette,3,TRUE,FALSE,0.5,0.1,0.35,5,0,,,,,,,,,,,,,,
J60_2.RCP,0,135.1910059,0.238812923,GA_roulette_hybrid_adaptive_heuristic_withLS_withNeighborhood,65,1000,0,50,60,,,,,,adaptive,hybrid,heuristic,TRUE,,,,,,,0.9,0.1,roulette,3,TRUE,FALSE,0.5,0.1,0.35,5,2,,,,,,,,,,,,,,
J60_2.RCP,1,133.8063905,0.239810705,GA_roulette_hybrid_adaptive_heuristic_withLS_withNeighborhood,65,1000,1,50,60,,,,,,adaptive,hybrid,heuristic,TRUE,,,,,,,0.9,0.1,roulette,3,TRUE,FALSE,0.5,0.1,0.35,5,2,,,,,,,,,,,,,,
J60_2.RCP,0,135.1910059,0.239707232,GA_roulette_hybrid_adaptive_heuristic_withLS_noNeighborhood,65,1000,0,50,60,,,,,,adaptive,hybrid,heuristic,TRUE,,,,,,,0.9,0.1,roulette,3,TRUE,FALSE,0.5,0.1,0.35,5,0,,,,,,,,,,,,,,
J60_2.RCP,1,133.8063905,0.240296125,GA_roulette_hybrid_adaptive_heuristic_withLS_noNeighborhood,65,1000,1,50,60,,,,,,adaptive,hybrid,heuristic,TRUE,,,,,,,0.9,0.1,roulette,3,TRUE,FALSE,0.5,0.1,0.35,5,0,,,,,,,,,,,,,,
J60_2.RCP,0,130.0833136,0.354440928,GA_roulette_hybrid_adaptive_heuristic_noLS_withNeighborhood,65,1000,0,50,60,,,,,,adaptive,hybrid,heuristic,FALSE,,,,,,,0.9,0.1,roulette,3,TRUE,FALSE,0.5,0.1,0.35,5,2,,,,,,,,,,,,,,
J60_2.RCP,1,130.8525444,0.351991892,GA_roulette_hybrid_adaptive_heuristic_noLS_withNeighborhood,65,1000,1,50,60,,,,,,adaptive,hybrid,heuristic,FALSE,,,,,,,0.9,0.1,roulette,3,TRUE,FALSE,0.5,0.1,0.35,5,2,,,,,,,,,,,,,,
J60_2.RCP,0,130.0833136,0.353130579,GA_roulette_hybrid_adaptive_heuristic_noLS_noNeighborhood,65,1000,0,50,60,,,,,,adaptive,hybrid,heuristic,FALSE,,,,,,,0.9,0.1,roulette,3,TRUE,FALSE,0.5,0.1,0.35,5,0,,,,,,,,,,,,,,
J60_2.RCP,1,130.8525444,0.353216887,GA_roulette_hybrid_adaptive_heuristic_noLS_noNeighborhood,65,1000,1,50,60,,,,,,adaptive,hybrid,heuristic,FALSE,,,,,,,0.9,0.1,roulette,3,TRUE,FALSE,0.5,0.1,0.35,5,0,,,,,,,,,,,,,,
J60_2.RCP,0,132.8217751,0.234560966,GA_tournament_single_point_random_random_withLS_withNeighborhood,65,1000,0,50,60,,,,,,random,single_point,random,TRUE,,,,,,,0.9,0.1,tournament,3,TRUE,FALSE,0.5,0.1,0.35,5,2,,,,,,,,,,,,,,
J60_2.RCP,1,119.8986982,0.234189987,GA_tournament_single_point_random_random_withLS_withNeighborhood,65,1000,1,50,60,,,,,,random,single_point,random,TRUE,,,,,,,0.9,0.1,tournament,3,TRUE,FALSE,0.5,0.1,0.35,5,2,,,,,,,,,,,,,,
J60_2.RCP,0,132.8217751,0.233780861,GA_tournament_single_point_random_random_withLS_noNeighborhood,65,1000,0,50,60,,,,,,random,single_point,random,TRUE,,,,,,,0.9,0.1,tournament,3,TRUE,FALSE,0.5,0.1,0.35,5,0,,,,,,,,,,,,,,
J60_2.RCP,1,119.8986982,0.233751774,GA_tournament_single_point_random_random_withLS_noNeighborhood,65,1000,1,50,60,,,,,,random,single_point,random,TRUE,,,,,,,0.9,0.1,tournament,3,TRUE,FALSE,0.5,0.1,0.35,5,0,,,,,,,,,,,,,,
J60_2.RCP,0,102.4217751,0.337869644,GA_tournament_single_point_random_random_noLS_withNeighborhood,65,1000,0,50,60,,,,,,random,single_point,random,FALSE,,,,,,,0.9,0.1,tournament,3,TRUE,FALSE,0.5,0.1,0.35,5,2,,,,,,,,,,,,,,
J60_2.RCP,1,103.867929,0.337491035,GA_tournament_single_point_random_random_noLS_withNeighborhood,65,1000,1,50,60,,,,,,random,single_point,random,FALSE,,,,,,,0.9,0.1,tournament,3,TRUE,FALSE,0.5,0.1,0.35,5,2,,,,,,,,,,,,,,
J60_2.RCP,0,102.4217751,0.337007999,GA_tournament_single_point_random_random_noLS_noNeighborhood,65,1000,0,50,60,,,,,,random,single_point,random,FALSE,,,,,,,0.9,0.1,tournament,3,TRUE,FALSE,0.5,0.1,0.35,5,0,,,,,,,,,,,,,,
J60_2.RCP,1,103.867929,0.341694117,GA_tournament_single_point_random_random_noLS_noNeighborhood,65,1000,1,50,60,,,,,,random,single_point,random,FALSE,,,,,,,0.9,0.1,tournament,3,TRUE,FALSE,0.5,0.1,0.35,5,0,,,,,,,,,,,,,,
J60_2.RCP,0,112.6063905,0.235901117,GA_tournament_single_point_random_heuristic_withLS_withNeighborhood,65,1000,0,50,60,,,,,,random,single_point,heuristic,TRUE,,,,,,,0.9,0.1,tournament,3,TRUE,FALSE,0.5,0.1,0.35,5,2,,,,,,,,,,,,,,
J60_2.RCP,1,128.9140828,0.234838009,GA_tournament_single_point_random_heuristic_withLS_withNeighborhood,65,1000,1,50,60,,,,,,random,single_point,heuristic,TRUE,,,,,,,0.9,0.1,tournament,3,TRUE,FALSE,0.5,0.1,0.35,5,2,,,,,,,,,,,,,,
J60_2.RCP,0,112.6063905,0.235720873,GA_tournament_single_point_random_heuristic_withLS_noNeighborhood,65,1000,0,50,60,,,,,,random,single_point,heuristic,TRUE,,,,,,,0.9,0.1,tournament,3,TRUE,FALSE,0.5,0.1,0.35,5,0,,,,,,,,,,,,,,
J60_2.RCP,1,128.9140828,0.233479977,GA_tournament_single_point_random_heuristic_withLS_noNeighborhood,65,1000,1,50,60,,,,,,random,single_point,heuristic,TRUE,,,,,,,0.9,0.1,tournament,3,TRUE,FALSE,0.5,0.1,0.35,5,0,,,,,,,,,,,,,,
J60_2.RCP,0,98.29869822,0.339309931,GA_tournament_single_point_random_heuristic_noLS_withNeighborhood,65,1000,0,50,60,,,,,,random,single_point,heuristic,FALSE,,,,,,,0.9,0.1,tournament,3,TRUE,FALSE,0.5,0.1,0.35,5,2,,,,,,,,,,,,,,
J60_2.RCP,1,105.467929,0.33915782,GA_tournament_single_point_random_heuristic_noLS_withNeighborhood,65,1000,1,50,60,,,,,,random,single_point,heuristic,FALSE,,,,,,,0.9,0.1,tournament,3,TRUE,FALSE,0.5,0.1,0.35,5,2,,,,,,,,,,,,,,
J60_2.RCP,0,98.29869822,0.337201834,GA_tournament_single_point_random_heuristic_noLS_noNeighborhood,65,1000,0,50,60,,,,,,random,single_point,heuristic,FALSE,,,,,,,0.9,0.1,tournament,3,TRUE,FALSE,0.5,0.1,0.35,5,0,,,,,,,,,,,,,,
J60_2.RCP,1,105.467929,0.340560198,GA_tournament_single_point_random_heuristic_noLS_noNeighborhood,65,1000,1,50,60,,,,,,random,single_point,heuristic,FALSE,,,,,,,0.9,0.1,tournament,3,TRUE,FALSE,0.5,0.1,0.35,5,0,,,,,,,,,,,,,,
J60_2.RCP,0,127.8986982,0.238102198,GA_tournament_single_point_adaptive_random_withLS_withNeighborhood,65,1000,0,50,60,,,,,,adaptive,single_point,random,TRUE,,,,,,,0.9,0.1,tournament,3,TRUE,FALSE,0.5,0.1,0.35,5,2,,,,,,,,,,,,,,
J60_2.RCP,1,111.3756213,0.238944054,GA_tournament_single_point_adaptive_random_withLS_withNeighborhood,65,1000,1,50,60,,,,,,adaptive,single_point,random,TRUE,,,,,,,0.9,0.1,tournament,3,TRUE,FALSE,0.5,0.1,0.35,5,2,,,,,,,,,,,,,,
J60_2.RCP,0,127.8986982,0.238329172,GA_tournament_single_point_adaptive_random_withLS_noNeighborhood,65,1000,0,50,60,,,,,,adaptive,single_point,random,TRUE,,,,,,,0.9,0.1,tournament,3,TRUE,FALSE,0.5,0.1,0.35,5,0,,,,,,,,,,,,,,
J60_2.RCP,1,111.3756213,0.238180876,GA_tournament_single_point_adaptive_random_withLS_noNeighborhood,65,1000,1,50,60,,,,,,adaptive,single_point,random,TRUE,,,,,,,0.9,0.1,tournament,3,TRUE,FALSE,0.5,0.1,0.35,5,0,,,,,,,,,,,,,,
J60_2.RCP,0,118.4217751,0.357210875,GA_tournament_single_point_adaptive_random_noLS_withNeighborhood,65,1000,0,50,60,,,,,,adaptive,single_point,random,FALSE,,,,,,,0.9,0.1,tournament,3,TRUE,FALSE,0.5,0.1,0.35,5,2,,,,,,,,,,,,,,
J60_2.RCP,1,111.3756213,0.357432127,GA_tournament_single_point_adaptive_random_noLS_withNeighborhood,65,1000,1,50,60,,,,,,adaptive,single_point,random,FALSE,,,,,,,0.9,0.1,tournament,3,TRUE,FALSE,0.5,0.1,0.35,5,2,,,,,,,,,,,,,,
J60_2.RCP,0,118.4217751,0.359302998,GA_tournament_single_point_adaptive_random_noLS_noNeighborhood,65,1000,0,50,60,,,,,,adaptive,single_point,random,FALSE,,,,,,,0.9,0.1,tournament,3,TRUE,FALSE,0.5,0.1,0.35,5,0,,,,,,,,,,,,,,
J60_2.RCP,1,111.3756213,0.356353998,GA_tournament_single_point_adaptive_random_noLS_noNeighborhood,65,1000,1,50,60,,,,,,adaptive,single_point,random,FALSE,,,,,,,0.9,0.1,tournament,3,TRUE,FALSE,0.5,0.1,0.35,5,0,,,,,,,,,,,,,,
J60_2.RCP,0,117.1910059,0.240018845,GA_tournament_single_point_adaptive_heuristic_withLS_withNeighborhood,65,1000,0,50,60,,,,,,adaptive,single_point,heuristic,TRUE,,,,,,,0.9,0.1,tournament,3,TRUE,FALSE,0.5,0.1,0.35,5,2,,,,,,,,,,,,,,
J60_2.RCP,1,133.8371598,0.239562988,GA_tournament_single_point_adaptive_heuristic_withLS_withNeighborhood,65,1000,1,50,60,,,,,,adaptive,single_point,heuristic,TRUE,,,,,,,0.9,0.1,tournament,3,TRUE,FALSE,0.5,0.1,0.35,5,2,,,,,,,,,,,,,,
J60_2.RCP,0,117.1910059,0.238769054,GA_tournament_single_point_adaptive_heuristic_withLS_noNeighborhood,65,1000,0,50,60,,,,,,adaptive,single_point,heuristic,TRUE,,,,,,,0.9,0.1,tournament,3,TRUE,FALSE,0.5,0.1,0.35,5,0,,,,,,,,,,,,,,
J60_2.RCP,1,133.8371598,0.239875793,GA_tournament_single_point_adaptive_heuristic_withLS_noNeighborhood,65,1000,1,50,60,,,,,,adaptive,single_point,heuristic,TRUE,,,,,,,0.9,0.1,tournament,3,TRUE,FALSE,0.5,0.1,0.35,5,0,,,,,,,,,,,,,,
J60_2.RCP,0,108.667929,0.357892752,GA_tournament_single_point_adaptive_heuristic_noLS_withNeighborhood,65,1000,0,50,60,,,,,,adaptive,single_point,heuristic,FALSE,,,,,,,0.9,0.1,tournament,3,TRUE,FALSE,0.5,0.1,0.35,5,2,,,,,,,,,,,,,,
J60_2.RCP,1,109.9602367,0.358823061,GA_tournament_single_point_adaptive_heuristic_noLS_withNeighborhood,65,1000,1,50,60,,,,,,adaptive,single_point,heuristic,FALSE,,,,,,,0.9,0.1,tournament,3,TRUE,FALSE,0.5,0.1,0.35,5,2,,,,,,,,,,,,,,
J60_2.RCP,0,108.667929,0.357978821,GA_tournament_single_point_adaptive_heuristic_noLS_noNeighborhood,65,1000,0,50,60,,,,,,adaptive,single_point,heuristic,FALSE,,,,,,,0.9,0.1,tournament,3,TRUE,FALSE,0.5,0.1,0.35,5,0,,,,,,,,,,,,,,
J60_2.RCP,1,109.9602367,0.358509064,GA_tournament_single_point_adaptive_heuristic_noLS_noNeighborhood,65,1000,1,50,60,,,,,,adaptive,single_point,heuristic,FALSE,,,,,,,0.9,0.1,tournament,3,TRUE,FALSE,0.5,0.1,0.35,5,0,,,,,,,,,,,,,,
J60_2.RCP,0,135.5910059,0.233265162,GA_tournament_two_point_random_random_withLS_withNeighborhood,65,1000,0,50,60,,,,,,random,two_point,random,TRUE,,,,,,,0.9,0.1,tournament,3,TRUE,FALSE,0.5,0.1,0.35,5,2,,,,,,,,,,,,,,
J60_2.RCP,1,110.667929,0.232719898,GA_tournament_two_point_random_random_withLS_withNeighborhood,65,1000,1,50,60,,,,,,random,two_point,random,TRUE,,,,,,,0.9,0.1,tournament,3,TRUE,FALSE,0.5,0.1,0.35,5,2,,,,,,,,,,,,,,
J60_2.RCP,0,135.5910059,0.238250971,GA_tournament_two_point_random_random_withLS_noNeighborhood,65,1000,0,50,60,,,,,,random,two_point,random,TRUE,,,,,,,0.9,0.1,tournament,3,TRUE,FALSE,0.5,0.1,0.35,5,0,,,,,,,,,,,,,,
J60_2.RCP,1,110.667929,0.238635063,GA_tournament_two_point_random_random_withLS_noNeighborhood,65,1000,1,50,60,,,,,,random,two_point,random,TRUE,,,,,,,0.9,0.1,tournament,3,TRUE,FALSE,0.5,0.1,0.35,5,0,,,,,,,,,,,,,,
J60_2.RCP,0,98.36023669,0.342585802,GA_tournament_two_point_random_random_noLS_withNeighborhood,65,1000,0,50,60,,,,,,random,two_point,random,FALSE,,,,,,,0.9,0.1,tournament,3,TRUE,FALSE,0.5,0.1,0.35,5,2,,,,,,,,,,,,,,
J60_2.RCP,1,97.7756213,0.344049931,GA_tournament_two_point_random_random_noLS_withNeighborhood,65,1000,1,50,60,,,,,,random,two_point,random,FALSE,,,,,,,0.9,0.1,tournament,3,TRUE,FALSE,0.5,0.1,0.35,5,2,,,,,,,,,,,,,,
J60_2.RCP,0,98.36023669,0.343555689,GA_tournament_two_point_random_random_noLS_noNeighborhood,65,1000,0,50,60,,,,,,random,two_point,random,FALSE,,,,,,,0.9,0.1,tournament,3,TRUE,FALSE,0.5,0.1,0.35,5,0,,,,,,,,,,,,,,
J60_2.RCP,1,97.7756213,0.343393803,GA_tournament_two_point_random_random_noLS_noNeighborhood,65,1000,1,50,60,,,,,,random,two_point,random,FALSE,,,,,,,0.9,0.1,tournament,3,TRUE,FALSE,0.5,0.1,0.35,5,0,,,,,,,,,,,,,,
J60_2.RCP,0,123.0986982,0.241896152,GA_tournament_two_point_random_heuristic_withLS_withNeighborhood,65,1000,0,50,60,,,,,,random,two_point,heuristic,TRUE,,,,,,,0.9,0.1,tournament,3,TRUE,FALSE,0.5,0.1,0.35,5,2,,,,,,,,,,,,,,
J60_2.RCP,1,128.267929,0.237577915,GA_tournament_two_point_random_heuristic_withLS_withNeighborhood,65,1000,1,50,60,,,,,,random,two_point,heuristic,TRUE,,,,,,,0.9,0.1,tournament,3,TRUE,FALSE,0.5,0.1,0.35,5,2,,,,,,,,,,,,,,
J60_2.RCP,0,123.0986982,0.24053216,GA_tournament_two_point_random_heuristic_withLS_noNeighborhood,65,1000,0,50,60,,,,,,random,two_point,heuristic,TRUE,,,,,,,0.9,0.1,tournament,3,TRUE,FALSE,0.5,0.1,0.35,5,0,,,,,,,,,,,,,,
J60_2.RCP,1,128.267929,0.239273071,GA_tournament_two_point_random_heuristic_withLS_noNeighborhood,65,1000,1,50,60,,,,,,random,two_point,heuristic,TRUE,,,,,,,0.9,0.1,tournament,3,TRUE,FALSE,0.5,0.1,0.35,5,0,,,,,,,,,,,,,,
J60_2.RCP,0,94.32946746,0.342731953,GA_tournament_two_point_random_heuristic_noLS_withNeighborhood,65,1000,0,50,60,,,,,,random,two_point,heuristic,FALSE,,,,,,,0.9,0.1,tournament,3,TRUE,FALSE,0.5,0.1,0.35,5,2,,,,,,,,,,,,,,
J60_2.RCP,1,97.31408284,0.344150066,GA_tournament_two_point_random_heuristic_noLS_withNeighborhood,65,1000,1,50,60,,,,,,random,two_point,heuristic,FALSE,,,,,,,0.9,0.1,tournament,3,TRUE,FALSE,0.5,0.1,0.35,5,2,,,,,,,,,,,,,,
J60_2.RCP,0,94.32946746,0.341760874,GA_tournament_two_point_random_heuristic_noLS_noNeighborhood,65,1000,0,50,60,,,,,,random,two_point,heuristic,FALSE,,,,,,,0.9,0.1,tournament,3,TRUE,FALSE,0.5,0.1,0.35,5,0,,,,,,,,,,,,,,
J60_2.RCP,1,97.31408284,0.33999896,GA_tournament_two_point_random_heuristic_noLS_noNeighborhood,65,1000,1,50,60,,,,,,random,two_point,heuristic,FALSE,,,,,,,0.9,0.1,tournament,3,TRUE,FALSE,0.5,0.1,0.35,5,0,,,,,,,,,,,,,,
J60_2.RCP,0,128.2986982,0.238306761,GA_tournament_two_point_adaptive_random_withLS_withNeighborhood,65,1000,0,50,60,,,,,,adaptive,two_point,random,TRUE,,,,,,,0.9,0.1,tournament,3,TRUE,FALSE,0.5,0.1,0.35,5,2,,,,,,,,,,,,,,
J60_2.RCP,1,124.5448521,0.240118742,GA_tournament_two_point_adaptive_random_withLS_withNeighborhood,65,1000,1,50,60,,,,,,adaptive,two_point,random,TRUE,,,,,,,0.9,0.1,tournament,3,TRUE,FALSE,0.5,0.1,0.35,5,2,,,,,,,,,,,,,,
J60_2.RCP,0,128.2986982,0.238534927,GA_tournament_two_point_adaptive_random_withLS_noNeighborhood,65,1000,0,50,60,,,,,,adaptive,two_point,random,TRUE,,,,,,,0.9,0.1,tournament,3,TRUE,FALSE,0.5,0.1,0.35,5,0,,,,,,,,,,,,,,
J60_2.RCP,1,124.5448521,0.239356995,GA_tournament_two_point_adaptive_random_withLS_noNeighborhood,65,1000,1,50,60,,,,,,adaptive,two_point,random,TRUE,,,,,,,0.9,0.1,tournament,3,TRUE,FALSE,0.5,0.1,0.35,5,0,,,,,,,,,,,,,,
J60_2.RCP,0,103.9910059,0.355930805,GA_tournament_two_point_adaptive_random_noLS_withNeighborhood,65,1000,0,50,60,,,,,,adaptive,two_point,random,FALSE,,,,,,,0.9,0.1,tournament,3,TRUE,FALSE,0.5,0.1,0.35,5,2,,,,,,,,,,,,,,
J60_2.RCP,1,110.3602367,0.357965946,GA_tournament_two_point_adaptive_random_noLS_withNeighborhood,65,1000,1,50,60,,,,,,adaptive,two_point,random,FALSE,,,,,,,0.9,0.1,tournament,3,TRUE,FALSE,0.5,0.1,0.35,5,2,,,,,,,,,,,,,,
J60_2.RCP,0,103.9910059,0.35734129,GA_tournament_two_point_adaptive_random_noLS_noNeighborhood,65,1000,0,50,60,,,,,,adaptive,two_point,random,FALSE,,,,,,,0.9,0.1,tournament,3,TRUE,FALSE,0.5,0.1,0.35,5,0,,,,,,,,,,,,,,
J60_2.RCP,1,110.3602367,0.357922077,GA_tournament_two_point_adaptive_random_noLS_noNeighborhood,65,1000,1,50,60,,,,,,adaptive,two_point,random,FALSE,,,,,,,0.9,0.1,tournament,3,TRUE,FALSE,0.5,0.1,0.35,5,0,,,,,,,,,,,,,,
J60_2.RCP,0,125.5602367,0.240406036,GA_tournament_two_point_adaptive_heuristic_withLS_withNeighborhood,65,1000,0,50,60,,,,,,adaptive,two_point,heuristic,TRUE,,,,,,,0.9,0.1,tournament,3,TRUE,FALSE,0.5,0.1,0.35,5,2,,,,,,,,,,,,,,
J60_2.RCP,1,130.7910059,0.240810156,GA_tournament_two_point_adaptive_heuristic_withLS_withNeighborhood,65,1000,1,50,60,,,,,,adaptive,two_point,heuristic,TRUE,,,,,,,0.9,0.1,tournament,3,TRUE,FALSE,0.5,0.1,0.35,5,2,,,,,,,,,,,,,,
J60_2.RCP,0,125.5602367,0.241450071,GA_tournament_two_point_adaptive_heuristic_withLS_noNeighborhood,65,1000,0,50,60,,,,,,adaptive,two_point,heuristic,TRUE,,,,,,,0.9,0.1,tournament,3,TRUE,FALSE,0.5,0.1,0.35,5,0,,,,,,,,,,,,,,
J60_2.RCP,1,130.7910059,0.241292,GA_tournament_two_point_adaptive_heuristic_withLS_noNeighborhood,65,1000,1,50,60,,,,,,adaptive,two_point,heuristic,TRUE,,,,,,,0.9,0.1,tournament,3,TRUE,FALSE,0.5,0.1,0.35,5,0,,,,,,,,,,,,,,
J60_2.RCP,0,118.0833136,0.357843876,GA_tournament_two_point_adaptive_heuristic_noLS_withNeighborhood,65,1000,0,50,60,,,,,,adaptive,two_point,heuristic,FALSE,,,,,,,0.9,0.1,tournament,3,TRUE,FALSE,0.5,0.1,0.35,5,2,,,,,,,,,,,,,,
J60_2.RCP,1,108.9140828,0.360222816,GA_tournament_two_point_adaptive_heuristic_noLS_withNeighborhood,65,1000,1,50,60,,,,,,adaptive,two_point,heuristic,FALSE,,,,,,,0.9,0.1,tournament,3,TRUE,FALSE,0.5,0.1,0.35,5,2,,,,,,,,,,,,,,
J60_2.RCP,0,118.0833136,0.359115839,GA_tournament_two_point_adaptive_heuristic_noLS_noNeighborhood,65,1000,0,50,60,,,,,,adaptive,two_point,heuristic,FALSE,,,,,,,0.9,0.1,tournament,3,TRUE,FALSE,0.5,0.1,0.35,5,0,,,,,,,,,,,,,,
J60_2.RCP,1,108.9140828,0.359467745,GA_tournament_two_point_adaptive_heuristic_noLS_noNeighborhood,65,1000,1,50,60,,,,,,adaptive,two_point,heuristic,FALSE,,,,,,,0.9,0.1,tournament,3,TRUE,FALSE,0.5,0.1,0.35,5,0,,,,,,,,,,,,,,
J60_2.RCP,0,130.0525444,1.937088013,GA_tournament_rcx_random_random_withLS_withNeighborhood,65,1000,0,50,60,,,,,,random,rcx,random,TRUE,,,,,,,0.9,0.1,tournament,3,TRUE,FALSE,0.5,0.1,0.35,5,2,,,,,,,,,,,,,,
J60_2.RCP,1,117.6217751,1.929445028,GA_tournament_rcx_random_random_withLS_withNeighborhood,65,1000,1,50,60,,,,,,random,rcx,random,TRUE,,,,,,,0.9,0.1,tournament,3,TRUE,FALSE,0.5,0.1,0.35,5,2,,,,,,,,,,,,,,
J60_2.RCP,0,130.0525444,1.94281292,GA_tournament_rcx_random_random_withLS_noNeighborhood,65,1000,0,50,60,,,,,,random,rcx,random,TRUE,,,,,,,0.9,0.1,tournament,3,TRUE,FALSE,0.5,0.1,0.35,5,0,,,,,,,,,,,,,,
J60_2.RCP,1,117.6217751,1.938133955,GA_tournament_rcx_random_random_withLS_noNeighborhood,65,1000,1,50,60,,,,,,random,rcx,random,TRUE,,,,,,,0.9,0.1,tournament,3,TRUE,FALSE,0.5,0.1,0.35,5,0,,,,,,,,,,,,,,
J60_2.RCP,0,95.83715976,7.0623281,GA_tournament_rcx_random_random_noLS_withNeighborhood,65,1000,0,50,60,,,,,,random,rcx,random,FALSE,,,,,,,0.9,0.1,tournament,3,TRUE,FALSE,0.5,0.1,0.35,5,2,,,,,,,,,,,,,,
J60_2.RCP,1,98.32946746,7.015630007,GA_tournament_rcx_random_random_noLS_withNeighborhood,65,1000,1,50,60,,,,,,random,rcx,random,FALSE,,,,,,,0.9,0.1,tournament,3,TRUE,FALSE,0.5,0.1,0.35,5,2,,,,,,,,,,,,,,
J60_2.RCP,0,95.83715976,7.055049896,GA_tournament_rcx_random_random_noLS_noNeighborhood,65,1000,0,50,60,,,,,,random,rcx,random,FALSE,,,,,,,0.9,0.1,tournament,3,TRUE,FALSE,0.5,0.1,0.35,5,0,,,,,,,,,,,,,,
J60_2.RCP,1,98.32946746,7.08288312,GA_tournament_rcx_random_random_noLS_noNeighborhood,65,1000,1,50,60,,,,,,random,rcx,random,FALSE,,,,,,,0.9,0.1,tournament,3,TRUE,FALSE,0.5,0.1,0.35,5,0,,,,,,,,,,,,,,
J60_2.RCP,0,123.0063905,1.952433109,GA_tournament_rcx_random_heuristic_withLS_withNeighborhood,65,1000,0,50,60,,,,,,random,rcx,heuristic,TRUE,,,,,,,0.9,0.1,tournament,3,TRUE,FALSE,0.5,0.1,0.35,5,2,,,,,,,,,,,,,,
J60_2.RCP,1,138.0525444,1.861675978,GA_tournament_rcx_random_heuristic_withLS_withNeighborhood,65,1000,1,50,60,,,,,,random,rcx,heuristic,TRUE,,,,,,,0.9,0.1,tournament,3,TRUE,FALSE,0.5,0.1,0.35,5,2,,,,,,,,,,,,,,
J60_2.RCP,0,123.0063905,1.944948912,GA_tournament_rcx_random_heuristic_withLS_noNeighborhood,65,1000,0,50,60,,,,,,random,rcx,heuristic,TRUE,,,,,,,0.9,0.1,tournament,3,TRUE,FALSE,0.5,0.1,0.35,5,0,,,,,,,,,,,,,,
J60_2.RCP,1,138.0525444,1.852219105,GA_tournament_rcx_random_heuristic_withLS_noNeighborhood,65,1000,1,50,60,,,,,,random,rcx,heuristic,TRUE,,,,,,,0.9,0.1,tournament,3,TRUE,FALSE,0.5,0.1,0.35,5,0,,,,,,,,,,,,,,
J60_2.RCP,0,101.5910059,6.994324923,GA_tournament_rcx_random_heuristic_noLS_withNeighborhood,65,1000,0,50,60,,,,,,random,rcx,heuristic,FALSE,,,,,,,0.9,0.1,tournament,3,TRUE,FALSE,0.5,0.1,0.35,5,2,,,,,,,,,,,,,,
J60_2.RCP,1,102.9756213,7.05155921,GA_tournament_rcx_random_heuristic_noLS_withNeighborhood,65,1000,1,50,60,,,,,,random,rcx,heuristic,FALSE,,,,,,,0.9,0.1,tournament,3,TRUE,FALSE,0.5,0.1,0.35,5,2,,,,,,,,,,,,,,
J60_2.RCP,0,101.5910059,6.982435226,GA_tournament_rcx_random_heuristic_noLS_noNeighborhood,65,1000,0,50,60,,,,,,random,rcx,heuristic,FALSE,,,,,,,0.9,0.1,tournament,3,TRUE,FALSE,0.5,0.1,0.35,5,0,,,,,,,,,,,,,,
J60_2.RCP,1,102.9756213,7.05759573,GA_tournament_rcx_random_heuristic_noLS_noNeighborhood,65,1000,1,50,60,,,,,,random,rcx,heuristic,FALSE,,,,,,,0.9,0.1,tournament,3,TRUE,FALSE,0.5,0.1,0.35,5,0,,,,,,,,,,,,,,
J60_2.RCP,0,124.0217751,2.172973871,GA_tournament_rcx_adaptive_random_withLS_withNeighborhood,65,1000,0,50,60,,,,,,adaptive,rcx,random,TRUE,,,,,,,0.9,0.1,tournament,3,TRUE,FALSE,0.5,0.1,0.35,5,2,,,,,,,,,,,,,,
J60_2.RCP,1,128.0217751,1.977259159,GA_tournament_rcx_adaptive_random_withLS_withNeighborhood,65,1000,1,50,60,,,,,,adaptive,rcx,random,TRUE,,,,,,,0.9,0.1,tournament,3,TRUE,FALSE,0.5,0.1,0.35,5,2,,,,,,,,,,,,,,
J60_2.RCP,0,124.0217751,1.888002872,GA_tournament_rcx_adaptive_random_withLS_noNeighborhood,65,1000,0,50,60,,,,,,adaptive,rcx,random,TRUE,,,,,,,0.9,0.1,tournament,3,TRUE,FALSE,0.5,0.1,0.35,5,0,,,,,,,,,,,,,,
J60_2.RCP,1,128.0217751,1.958636999,GA_tournament_rcx_adaptive_random_withLS_noNeighborhood,65,1000,1,50,60,,,,,,adaptive,rcx,random,TRUE,,,,,,,0.9,0.1,tournament,3,TRUE,FALSE,0.5,0.1,0.35,5,0,,,,,,,,,,,,,,
J60_2.RCP,0,109.8986982,7.247428179,GA_tournament_rcx_adaptive_random_noLS_withNeighborhood,65,1000,0,50,60,,,,,,adaptive,rcx,random,FALSE,,,,,,,0.9,0.1,tournament,3,TRUE,FALSE,0.5,0.1,0.35,5,2,,,,,,,,,,,,,,
J60_2.RCP,1,112.3602367,7.264260769,GA_tournament_rcx_adaptive_random_noLS_withNeighborhood,65,1000,1,50,60,,,,,,adaptive,rcx,random,FALSE,,,,,,,0.9,0.1,tournament,3,TRUE,FALSE,0.5,0.1,0.35,5,2,,,,,,,,,,,,,,
J60_2.RCP,0,109.8986982,7.202112198,GA_tournament_rcx_adaptive_random_noLS_noNeighborhood,65,1000,0,50,60,,,,,,adaptive,rcx,random,FALSE,,,,,,,0.9,0.1,tournament,3,TRUE,FALSE,0.5,0.1,0.35,5,0,,,,,,,,,,,,,,
J60_2.RCP,1,112.3602367,7.245458126,GA_tournament_rcx_adaptive_random_noLS_noNeighborhood,65,1000,1,50,60,,,,,,adaptive,rcx,random,FALSE,,,,,,,0.9,0.1,tournament,3,TRUE,FALSE,0.5,0.1,0.35,5,0,,,,,,,,,,,,,,
J60_2.RCP,0,129.3140828,1.850160122,GA_tournament_rcx_adaptive_heuristic_withLS_withNeighborhood,65,1000,0,50,60,,,,,,adaptive,rcx,heuristic,TRUE,,,,,,,0.9,0.1,tournament,3,TRUE,FALSE,0.5,0.1,0.35,5,2,,,,,,,,,,,,,,
J60_2.RCP,1,121.4986982,1.876126051,GA_tournament_rcx_adaptive_heuristic_withLS_withNeighborhood,65,1000,1,50,60,,,,,,adaptive,rcx,heuristic,TRUE,,,,,,,0.9,0.1,tournament,3,TRUE,FALSE,0.5,0.1,0.35,5,2,,,,,,,,,,,,,,
J60_2.RCP,0,129.3140828,1.871721029,GA_tournament_rcx_adaptive_heuristic_withLS_noNeighborhood,65,1000,0,50,60,,,,,,adaptive,rcx,heuristic,TRUE,,,,,,,0.9,0.1,tournament,3,TRUE,FALSE,0.5,0.1,0.35,5,0,,,,,,,,,,,,,,
J60_2.RCP,1,121.4986982,1.869251013,GA_tournament_rcx_adaptive_heuristic_withLS_noNeighborhood,65,1000,1,50,60,,,,,,adaptive,rcx,heuristic,TRUE,,,,,,,0.9,0.1,tournament,3,TRUE,FALSE,0.5,0.1,0.35,5,0,,,,,,,,,,,,,,
J60_2.RCP,0,110.0833136,7.021465063,GA_tournament_rcx_adaptive_heuristic_noLS_withNeighborhood,65,1000,0,50,60,,,,,,adaptive,rcx,heuristic,FALSE,,,,,,,0.9,0.1,tournament,3,TRUE,FALSE,0.5,0.1,0.35,5,2,,,,,,,,,,,,,,
J60_2.RCP,1,112.0217751,7.037197113,GA_tournament_rcx_adaptive_heuristic_noLS_withNeighborhood,65,1000,1,50,60,,,,,,adaptive,rcx,heuristic,FALSE,,,,,,,0.9,0.1,tournament,3,TRUE,FALSE,0.5,0.1,0.35,5,2,,,,,,,,,,,,,,
J60_2.RCP,0,110.0833136,7.024929047,GA_tournament_rcx_adaptive_heuristic_noLS_noNeighborhood,65,1000,0,50,60,,,,,,adaptive,rcx,heuristic,FALSE,,,,,,,0.9,0.1,tournament,3,TRUE,FALSE,0.5,0.1,0.35,5,0,,,,,,,,,,,,,,
J60_2.RCP,1,112.0217751,7.036665201,GA_tournament_rcx_adaptive_heuristic_noLS_noNeighborhood,65,1000,1,50,60,,,,,,adaptive,rcx,heuristic,FALSE,,,,,,,0.9,0.1,tournament,3,TRUE,FALSE,0.5,0.1,0.35,5,0,,,,,,,,,,,,,,
J60_2.RCP,0,138.4833136,1.160482168,GA_tournament_hybrid_random_random_withLS_withNeighborhood,65,1000,0,50,60,,,,,,random,hybrid,random,TRUE,,,,,,,0.9,0.1,tournament,3,TRUE,FALSE,0.5,0.1,0.35,5,2,,,,,,,,,,,,,,
J60_2.RCP,1,121.7140828,1.080118179,GA_tournament_hybrid_random_random_withLS_withNeighborhood,65,1000,1,50,60,,,,,,random,hybrid,random,TRUE,,,,,,,0.9,0.1,tournament,3,TRUE,FALSE,0.5,0.1,0.35,5,2,,,,,,,,,,,,,,
J60_2.RCP,0,138.4833136,1.159332991,GA_tournament_hybrid_random_random_withLS_noNeighborhood,65,1000,0,50,60,,,,,,random,hybrid,random,TRUE,,,,,,,0.9,0.1,tournament,3,TRUE,FALSE,0.5,0.1,0.35,5,0,,,,,,,,,,,,,,
J60_2.RCP,1,121.7140828,1.081920862,GA_tournament_hybrid_random_random_withLS_noNeighborhood,65,1000,1,50,60,,,,,,random,hybrid,random,TRUE,,,,,,,0.9,0.1,tournament,3,TRUE,FALSE,0.5,0.1,0.35,5,0,,,,,,,,,,,,,,
J60_2.RCP,0,103.2525444,3.914259195,GA_tournament_hybrid_random_random_noLS_withNeighborhood,65,1000,0,50,60,,,,,,random,hybrid,random,FALSE,,,,,,,0.9,0.1,tournament,3,TRUE,FALSE,0.5,0.1,0.35,5,2,,,,,,,,,,,,,,
J60_2.RCP,1,96.36023669,3.908138037,GA_tournament_hybrid_random_random_noLS_withNeighborhood,65,1000,1,50,60,,,,,,random,hybrid,random,FALSE,,,,,,,0.9,0.1,tournament,3,TRUE,FALSE,0.5,0.1,0.35,5,2,,,,,,,,,,,,,,
J60_2.RCP,0,103.2525444,3.910629988,GA_tournament_hybrid_random_random_noLS_noNeighborhood,65,1000,0,50,60,,,,,,random,hybrid,random,FALSE,,,,,,,0.9,0.1,tournament,3,TRUE,FALSE,0.5,0.1,0.35,5,0,,,,,,,,,,,,,,
J60_2.RCP,1,96.36023669,3.873561859,GA_tournament_hybrid_random_random_noLS_noNeighborhood,65,1000,1,50,60,,,,,,random,hybrid,random,FALSE,,,,,,,0.9,0.1,tournament,3,TRUE,FALSE,0.5,0.1,0.35,5,0,,,,,,,,,,,,,,
J60_2.RCP,0,126.4525444,1.12834096,GA_tournament_hybrid_random_heuristic_withLS_withNeighborhood,65,1000,0,50,60,,,,,,random,hybrid,heuristic,TRUE,,,,,,,0.9,0.1,tournament,3,TRUE,FALSE,0.5,0.1,0.35,5,2,,,,,,,,,,,,,,
J60_2.RCP,1,129.1294675,1.096444845,GA_tournament_hybrid_random_heuristic_withLS_withNeighborhood,65,1000,1,50,60,,,,,,random,hybrid,heuristic,TRUE,,,,,,,0.9,0.1,tournament,3,TRUE,FALSE,0.5,0.1,0.35,5,2,,,,,,,,,,,,,,
J60_2.RCP,0,126.4525444,1.118615866,GA_tournament_hybrid_random_heuristic_withLS_noNeighborhood,65,1000,0,50,60,,,,,,random,hybrid,heuristic,TRUE,,,,,,,0.9,0.1,tournament,3,TRUE,FALSE,0.5,0.1,0.35,5,0,,,,,,,,,,,,,,
J60_2.RCP,1,129.1294675,1.08812809,GA_tournament_hybrid_random_heuristic_withLS_noNeighborhood,65,1000,1,50,60,,,,,,random,hybrid,heuristic,TRUE,,,,,,,0.9,0.1,tournament,3,TRUE,FALSE,0.5,0.1,0.35,5,0,,,,,,,,,,,,,,
J60_2.RCP,0,104.1448521,3.878293991,GA_tournament_hybrid_random_heuristic_noLS_withNeighborhood,65,1000,0,50,60,,,,,,random,hybrid,heuristic,FALSE,,,,,,,0.9,0.1,tournament,3,TRUE,FALSE,0.5,0.1,0.35,5,2,,,,,,,,,,,,,,
J60_2.RCP,1,104.2371598,3.703417778,GA_tournament_hybrid_random_heuristic_noLS_withNeighborhood,65,1000,1,50,60,,,,,,random,hybrid,heuristic,FALSE,,,,,,,0.9,0.1,tournament,3,TRUE,FALSE,0.5,0.1,0.35,5,2,,,,,,,,,,,,,,
J60_2.RCP,0,104.1448521,3.868244171,GA_tournament_hybrid_random_heuristic_noLS_noNeighborhood,65,1000,0,50,60,,,,,,random,hybrid,heuristic,FALSE,,,,,,,0.9,0.1,tournament,3,TRUE,FALSE,0.5,0.1,0.35,5,0,,,,,,,,,,,,,,
J60_2.RCP,1,104.2371598,3.718142986,GA_tournament_hybrid_random_heuristic_noLS_noNeighborhood,65,1000,1,50,60,,,,,,random,hybrid,heuristic,FALSE,,,,,,,0.9,0.1,tournament,3,TRUE,FALSE,0.5,0.1,0.35,5,0,,,,,,,,,,,,,,
J60_2.RCP,0,115.1910059,1.067738771,GA_tournament_hybrid_adaptive_random_withLS_withNeighborhood,65,1000,0,50,60,,,,,,adaptive,hybrid,random,TRUE,,,,,,,0.9,0.1,tournament,3,TRUE,FALSE,0.5,0.1,0.35,5,2,,,,,,,,,,,,,,
J60_2.RCP,1,124.4525444,1.127665043,GA_tournament_hybrid_adaptive_random_withLS_withNeighborhood,65,1000,1,50,60,,,,,,adaptive,hybrid,random,TRUE,,,,,,,0.9,0.1,tournament,3,TRUE,FALSE,0.5,0.1,0.35,5,2,,,,,,,,,,,,,,
J60_2.RCP,0,115.1910059,1.067320108,GA_tournament_hybrid_adaptive_random_withLS_noNeighborhood,65,1000,0,50,60,,,,,,adaptive,hybrid,random,TRUE,,,,,,,0.9,0.1,tournament,3,TRUE,FALSE,0.5,0.1,0.35,5,0,,,,,,,,,,,,,,
J60_2.RCP,1,124.4525444,1.125635147,GA_tournament_hybrid_adaptive_random_withLS_noNeighborhood,65,1000,1,50,60,,,,,,adaptive,hybrid,random,TRUE,,,,,,,0.9,0.1,tournament,3,TRUE,FALSE,0.5,0.1,0.35,5,0,,,,,,,,,,,,,,
J60_2.RCP,0,104.0833136,3.890688896,GA_tournament_hybrid_adaptive_random_noLS_withNeighborhood,65,1000,0,50,60,,,,,,adaptive,hybrid,random,FALSE,,,,,,,0.9,0.1,tournament,3,TRUE,FALSE,0.5,0.1,0.35,5,2,,,,,,,,,,,,,,
J60_2.RCP,1,107.6833136,3.860091209,GA_tournament_hybrid_adaptive_random_noLS_withNeighborhood,65,1000,1,50,60,,,,,,adaptive,hybrid,random,FALSE,,,,,,,0.9,0.1,tournament,3,TRUE,FALSE,0.5,0.1,0.35,5,2,,,,,,,,,,,,,,
J60_2.RCP,0,104.0833136,3.864817858,GA_tournament_hybrid_adaptive_random_noLS_noNeighborhood,65,1000,0,50,60,,,,,,adaptive,hybrid,random,FALSE,,,,,,,0.9,0.1,tournament,3,TRUE,FALSE,0.5,0.1,0.35,5,0,,,,,,,,,,,,,,
J60_2.RCP,1,107.6833136,3.831684113,GA_tournament_hybrid_adaptive_random_noLS_noNeighborhood,65,1000,1,50,60,,,,,,adaptive,hybrid,random,FALSE,,,,,,,0.9,0.1,tournament,3,TRUE,FALSE,0.5,0.1,0.35,5,0,,,,,,,,,,,,,,
J60_2.RCP,0,120.4217751,1.062350273,GA_tournament_hybrid_adaptive_heuristic_withLS_withNeighborhood,65,1000,0,50,60,,,,,,adaptive,hybrid,heuristic,TRUE,,,,,,,0.9,0.1,tournament,3,TRUE,FALSE,0.5,0.1,0.35,5,2,,,,,,,,,,,,,,
J60_2.RCP,1,123.8371598,1.052820921,GA_tournament_hybrid_adaptive_heuristic_withLS_withNeighborhood,65,1000,1,50,60,,,,,,adaptive,hybrid,heuristic,TRUE,,,,,,,0.9,0.1,tournament,3,TRUE,FALSE,0.5,0.1,0.35,5,2,,,,,,,,,,,,,,
J60_2.RCP,0,120.4217751,1.063232899,GA_tournament_hybrid_adaptive_heuristic_withLS_noNeighborhood,65,1000,0,50,60,,,,,,adaptive,hybrid,heuristic,TRUE,,,,,,,0.9,0.1,tournament,3,TRUE,FALSE,0.5,0.1,0.35,5,0,,,,,,,,,,,,,,
J60_2.RCP,1,123.8371598,1.04453826,GA_tournament_hybrid_adaptive_heuristic_withLS_noNeighborhood,65,1000,1,50,60,,,,,,adaptive,hybrid,heuristic,TRUE,,,,,,,0.9,0.1,tournament,3,TRUE,FALSE,0.5,0.1,0.35,5,0,,,,,,,,,,,,,,
J60_2.RCP,0,113.5910059,3.814429998,GA_tournament_hybrid_adaptive_heuristic_noLS_withNeighborhood,65,1000,0,50,60,,,,,,adaptive,hybrid,heuristic,FALSE,,,,,,,0.9,0.1,tournament,3,TRUE,FALSE,0.5,0.1,0.35,5,2,,,,,,,,,,,,,,
J60_2.RCP,1,104.9140828,3.730128288,GA_tournament_hybrid_adaptive_heuristic_noLS_withNeighborhood,65,1000,1,50,60,,,,,,adaptive,hybrid,heuristic,FALSE,,,,,,,0.9,0.1,tournament,3,TRUE,FALSE,0.5,0.1,0.35,5,2,,,,,,,,,,,,,,
J60_2.RCP,0,113.5910059,3.811540127,GA_tournament_hybrid_adaptive_heuristic_noLS_noNeighborhood,65,1000,0,50,60,,,,,,adaptive,hybrid,heuristic,FALSE,,,,,,,0.9,0.1,tournament,3,TRUE,FALSE,0.5,0.1,0.35,5,0,,,,,,,,,,,,,,
J60_2.RCP,1,104.9140828,3.732645988,GA_tournament_hybrid_adaptive_heuristic_noLS_noNeighborhood,65,1000,1,50,60,,,,,,adaptive,hybrid,heuristic,FALSE,,,,,,,0.9,0.1,tournament,3,TRUE,FALSE,0.5,0.1,0.35,5,0,,,,,,,,,,,,,,
J60_2.RCP,0,156.3602367,0.198498726,SA_default,65,1000,0,,60,,,,,,,,,,,,,,,,,,,,,,,,,,,10000,0.995,10,,,,,,,,,,,
J60_2.RCP,1,149.3140828,0.197027206,SA_default,65,1000,1,,60,,,,,,,,,,,,,,,,,,,,,,,,,,,10000,0.995,10,,,,,,,,,,,
J60_2.RCP,0,170.1140828,0.18741703,ILS_strength3,65,1000,0,,60,100,,,,,,,,,,,,,,,,,,,,,,,,,,,,,3,,,,,,,,,,
J60_2.RCP,1,133.4371598,0.188179016,ILS_strength3,65,1000,1,,60,100,,,,,,,,,,,,,,,,,,,,,,,,,,,,,3,,,,,,,,,,
J60_2.RCP,0,170.1140828,0.188538313,ILS_strength5,65,1000,0,,60,100,,,,,,,,,,,,,,,,,,,,,,,,,,,,,5,,,,,,,,,,
J60_2.RCP,1,133.4371598,0.186933994,ILS_strength5,65,1000,1,,60,100,,,,,,,,,,,,,,,,,,,,,,,,,,,,,5,,,,,,,,,,
J60_2.RCP,0,170.1140828,0.188668966,ILS_strength7,65,1000,0,,60,100,,,,,,,,,,,,,,,,,,,,,,,,,,,,,7,,,,,,,,,,
J60_2.RCP,1,133.4371598,0.187530994,ILS_strength7,65,1000,1,,60,100,,,,,,,,,,,,,,,,,,,,,,,,,,,,,7,,,,,,,,,,
J60_2.RCP,0,170.1140828,0.188879967,ILS_strength10,65,1000,0,,60,100,,,,,,,,,,,,,,,,,,,,,,,,,,,,,10,,,,,,,,,,
J60_2.RCP,1,133.4371598,0.188554049,ILS_strength10,65,1000,1,,60,100,,,,,,,,,,,,,,,,,,,,,,,,,,,,,10,,,,,,,,,,
J60_2.RCP,0,170.1140828,0.188157082,ILS_strength15,65,1000,0,,60,100,,,,,,,,,,,,,,,,,,,,,,,,,,,,,15,,,,,,,,,,
J60_2.RCP,1,133.4371598,0.190755129,ILS_strength15,65,1000,1,,60,100,,,,,,,,,,,,,,,,,,,,,,,,,,,,,15,,,,,,,,,,
J60_2.RCP,0,94.72946746,0.199021101,TS_static,65,1000,0,,60,100,,,,,,,,,,,,,,,,,,,,,,,,,20,,,,,10,TRUE,static,1,4,10,,,,
J60_2.RCP,1,85.3756213,0.198879957,TS_static,65,1000,1,,60,100,,,,,,,,,,,,,,,,,,,,,,,,,20,,,,,10,TRUE,static,1,4,10,,,,
J60_2.RCP,0,94.72946746,0.200842381,TS_dynamic,65,1000,0,,60,100,,,,,,,,,,,,,,,,,,,,,,,,,20,,,,,10,TRUE,dynamic,1,4,10,,,,
J60_2.RCP,1,85.3756213,0.197510958,TS_dynamic,65,1000,1,,60,100,,,,,,,,,,,,,,,,,,,,,,,,,20,,,,,10,TRUE,dynamic,1,4,10,,,,
J60_2.RCP,0,153.467929,0.234571934,PR_forward_best_withLS,65,1000,0,,60,100,,,,,,,,TRUE,,,,,,,,,best,,,,,,,,,,,,,,,,,,,10,forward,50,
J60_2.RCP,1,157.2833136,0.234331846,PR_forward_best_withLS,65,1000,1,,60,100,,,,,,,,TRUE,,,,,,,,,best,,,,,,,,,,,,,,,,,,,10,forward,50,
J60_2.RCP,0,163.1602367,0.067434072,PR_forward_best_noLS,65,1000,0,,60,100,,,,,,,,FALSE,,,,,,,,,best,,,,,,,,,,,,,,,,,,,10,forward,50,
J60_2.RCP,1,165.6833136,0.067513943,PR_forward_best_noLS,65,1000,1,,60,100,,,,,,,,FALSE,,,,,,,,,best,,,,,,,,,,,,,,,,,,,10,forward,50,
J60_2.RCP,0,180.9756213,0.234034061,PR_backward_best_withLS,65,1000,0,,60,100,,,,,,,,TRUE,,,,,,,,,best,,,,,,,,,,,,,,,,,,,10,backward,50,
J60_2.RCP,1,157.6833136,0.23447299,PR_backward_best_withLS,65,1000,1,,60,100,,,,,,,,TRUE,,,,,,,,,best,,,,,,,,,,,,,,,,,,,10,backward,50,
J60_2.RCP,0,136.2371598,0.099812984,PR_backward_best_noLS,65,1000,0,,60,100,,,,,,,,FALSE,,,,,,,,,best,,,,,,,,,,,,,,,,,,,10,backward,50,
J60_2.RCP,1,156.5756213,0.075027943,PR_backward_best_noLS,65,1000,1,,60,100,,,,,,,,FALSE,,,,,,,,,best,,,,,,,,,,,,,,,,,,,10,backward,50,
J60_2.RCP,0,159.7140828,1.58730197,GSA_default,65,1000,0,50,60,100,,,,,,,random,,,,,,,,,,,,TRUE,,20,,,,,,,,,,,,,,,,,,100
J60_2.RCP,1,135.6833136,1.598319054,GSA_default,65,1000,1,50,60,100,,,,,,,random,,,,,,,,,,,,TRUE,,20,,,,,,,,,,,,,,,,,,100
J60_3.RCP,0,141.4836266,0.259917974,DE_rand/1_adaptiveF_bin_adaptiveCR_withLS,67,1000,0,50,60,100,0.1,0.9,TRUE,TRUE,rand/1,bin,random,TRUE,5,0.3,1.5,0.3,1,1,,,,,,,,,,,,,,,,,,,,,,,,,
J60_3.RCP,1,139.9015371,0.258764982,DE_rand/1_adaptiveF_bin_adaptiveCR_withLS,67,1000,1,50,60,100,0.1,0.9,TRUE,TRUE,rand/1,bin,random,TRUE,5,0.3,1.5,0.3,1,1,,,,,,,,,,,,,,,,,,,,,,,,,
J60_3.RCP,0,133.8119849,0.256782055,DE_rand/1_adaptiveF_bin_adaptiveCR_noLS,67,1000,0,50,60,100,0.1,0.9,TRUE,TRUE,rand/1,bin,random,FALSE,5,0.3,1.5,0.3,1,1,,,,,,,,,,,,,,,,,,,,,,,,,
J60_3.RCP,1,131.9612386,0.254402876,DE_rand/1_adaptiveF_bin_adaptiveCR_noLS,67,1000,1,50,60,100,0.1,0.9,TRUE,TRUE,rand/1,bin,random,FALSE,5,0.3,1.5,0.3,1,1,,,,,,,,,,,,,,,,,,,,,,,,,
J60_3.RCP,0,129.4239252,0.259951115,DE_rand/1_adaptiveF_bin_fixedCR_withLS,67,1000,0,50,60,100,0.1,0.9,TRUE,FALSE,rand/1,bin,random,TRUE,5,0.3,1.5,0.3,1,1,,,,,,,,,,,,,,,,,,,,,,,,,
J60_3.RCP,1,123.4537759,0.258477688,DE_rand/1_adaptiveF_bin_fixedCR_withLS,67,1000,1,50,60,100,0.1,0.9,TRUE,FALSE,rand/1,bin,random,TRUE,5,0.3,1.5,0.3,1,1,,,,,,,,,,,,,,,,,,,,,,,,,
J60_3.RCP,0,114.379149,0.258013964,DE_rand/1_adaptiveF_bin_fixedCR_noLS,67,1000,0,50,60,100,0.1,0.9,TRUE,FALSE,rand/1,bin,random,FALSE,5,0.3,1.5,0.3,1,1,,,,,,,,,,,,,,,,,,,,,,,,,
J60_3.RCP,1,116.6478057,0.25474596,DE_rand/1_adaptiveF_bin_fixedCR_noLS,67,1000,1,50,60,100,0.1,0.9,TRUE,FALSE,rand/1,bin,random,FALSE,5,0.3,1.5,0.3,1,1,,,,,,,,,,,,,,,,,,,,,,,,,
J60_3.RCP,0,129.8119849,0.263391018,DE_rand/1_adaptiveF_exp_adaptiveCR_withLS,67,1000,0,50,60,100,0.1,0.9,TRUE,TRUE,rand/1,exp,random,TRUE,5,0.3,1.5,0.3,1,1,,,,,,,,,,,,,,,,,,,,,,,,,
J60_3.RCP,1,129.2746714,0.258847952,DE_rand/1_adaptiveF_exp_adaptiveCR_withLS,67,1000,1,50,60,100,0.1,0.9,TRUE,TRUE,rand/1,exp,random,TRUE,5,0.3,1.5,0.3,1,1,,,,,,,,,,,,,,,,,,,,,,,,,
J60_3.RCP,0,144.3492983,0.25594902,DE_rand/1_adaptiveF_exp_adaptiveCR_noLS,67,1000,0,50,60,100,0.1,0.9,TRUE,TRUE,rand/1,exp,random,FALSE,5,0.3,1.5,0.3,1,1,,,,,,,,,,,,,,,,,,,,,,,,,
J60_3.RCP,1,125.7522834,0.254925013,DE_rand/1_adaptiveF_exp_adaptiveCR_noLS,67,1000,1,50,60,100,0.1,0.9,TRUE,TRUE,rand/1,exp,random,FALSE,5,0.3,1.5,0.3,1,1,,,,,,,,,,,,,,,,,,,,,,,,,
J60_3.RCP,0,119.8418356,0.256795883,DE_rand/1_adaptiveF_exp_fixedCR_withLS,67,1000,0,50,60,100,0.1,0.9,TRUE,FALSE,rand/1,exp,random,TRUE,5,0.3,1.5,0.3,1,1,,,,,,,,,,,,,,,,,,,,,,,,,
J60_3.RCP,1,124.9164625,0.257241726,DE_rand/1_adaptiveF_exp_fixedCR_withLS,67,1000,1,50,60,100,0.1,0.9,TRUE,FALSE,rand/1,exp,random,TRUE,5,0.3,1.5,0.3,1,1,,,,,,,,,,,,,,,,,,,,,,,,,
J60_3.RCP,0,118.4388505,0.25325799,DE_rand/1_adaptiveF_exp_fixedCR_noLS,67,1000,0,50,60,100,0.1,0.9,TRUE,FALSE,rand/1,exp,random,FALSE,5,0.3,1.5,0.3,1,1,,,,,,,,,,,,,,,,,,,,,,,,,
J60_3.RCP,1,122.9463132,0.253139019,DE_rand/1_adaptiveF_exp_fixedCR_noLS,67,1000,1,50,60,100,0.1,0.9,TRUE,FALSE,rand/1,exp,random,FALSE,5,0.3,1.5,0.3,1,1,,,,,,,,,,,,,,,,,,,,,,,,,
J60_3.RCP,0,133.7821341,0.264601707,DE_rand/1_fixedF_bin_adaptiveCR_withLS,67,1000,0,50,60,100,0.1,0.9,FALSE,TRUE,rand/1,bin,random,TRUE,5,0.3,1.5,0.3,1,1,,,,,,,,,,,,,,,,,,,,,,,,,
J60_3.RCP,1,139.3940744,0.266153812,DE_rand/1_fixedF_bin_adaptiveCR_withLS,67,1000,1,50,60,100,0.1,0.9,FALSE,TRUE,rand/1,bin,random,TRUE,5,0.3,1.5,0.3,1,1,,,,,,,,,,,,,,,,,,,,,,,,,
J60_3.RCP,0,143.6328804,0.260623217,DE_rand/1_fixedF_bin_adaptiveCR_noLS,67,1000,0,50,60,100,0.1,0.9,FALSE,TRUE,rand/1,bin,random,FALSE,5,0.3,1.5,0.3,1,1,,,,,,,,,,,,,,,,,,,,,,,,,
J60_3.RCP,1,147.3045222,0.261358023,DE_rand/1_fixedF_bin_adaptiveCR_noLS,67,1000,1,50,60,100,0.1,0.9,FALSE,TRUE,rand/1,bin,random,FALSE,5,0.3,1.5,0.3,1,1,,,,,,,,,,,,,,,,,,,,,,,,,
J60_3.RCP,0,145.5731789,0.261777878,DE_rand/1_fixedF_bin_fixedCR_withLS,67,1000,0,50,60,100,0.1,0.9,FALSE,FALSE,rand/1,bin,random,TRUE,5,0.3,1.5,0.3,1,1,,,,,,,,,,,,,,,,,,,,,,,,,
J60_3.RCP,1,142.1701938,0.264332056,DE_rand/1_fixedF_bin_fixedCR_withLS,67,1000,1,50,60,100,0.1,0.9,FALSE,FALSE,rand/1,bin,random,TRUE,5,0.3,1.5,0.3,1,1,,,,,,,,,,,,,,,,,,,,,,,,,
J60_3.RCP,0,131.3343729,0.256998301,DE_rand/1_fixedF_bin_fixedCR_noLS,67,1000,0,50,60,100,0.1,0.9,FALSE,FALSE,rand/1,bin,random,FALSE,5,0.3,1.5,0.3,1,1,,,,,,,,,,,,,,,,,,,,,,,,,
J60_3.RCP,1,151.2149699,0.257439137,DE_rand/1_fixedF_bin_fixedCR_noLS,67,1000,1,50,60,100,0.1,0.9,FALSE,FALSE,rand/1,bin,random,FALSE,5,0.3,1.5,0.3,1,1,,,,,,,,,,,,,,,,,,,,,,,,,
J60_3.RCP,0,129.8119849,0.266957998,DE_rand/1_fixedF_exp_adaptiveCR_withLS,67,1000,0,50,60,100,0.1,0.9,FALSE,TRUE,rand/1,exp,random,TRUE,5,0.3,1.5,0.3,1,1,,,,,,,,,,,,,,,,,,,,,,,,,
J60_3.RCP,1,139.3642237,0.268100977,DE_rand/1_fixedF_exp_adaptiveCR_withLS,67,1000,1,50,60,100,0.1,0.9,FALSE,TRUE,rand/1,exp,random,TRUE,5,0.3,1.5,0.3,1,1,,,,,,,,,,,,,,,,,,,,,,,,,
J60_3.RCP,0,148.6478057,0.263290882,DE_rand/1_fixedF_exp_adaptiveCR_noLS,67,1000,0,50,60,100,0.1,0.9,FALSE,TRUE,rand/1,exp,random,FALSE,5,0.3,1.5,0.3,1,1,,,,,,,,,,,,,,,,,,,,,,,,,
J60_3.RCP,1,153.1254177,0.263327122,DE_rand/1_fixedF_exp_adaptiveCR_noLS,67,1000,1,50,60,100,0.1,0.9,FALSE,TRUE,rand/1,exp,random,FALSE,5,0.3,1.5,0.3,1,1,,,,,,,,,,,,,,,,,,,,,,,,,
J60_3.RCP,0,129.1851192,0.267591238,DE_rand/1_fixedF_exp_fixedCR_withLS,67,1000,0,50,60,100,0.1,0.9,FALSE,FALSE,rand/1,exp,random,TRUE,5,0.3,1.5,0.3,1,1,,,,,,,,,,,,,,,,,,,,,,,,,
J60_3.RCP,1,149.3045222,0.264632225,DE_rand/1_fixedF_exp_fixedCR_withLS,67,1000,1,50,60,100,0.1,0.9,FALSE,FALSE,rand/1,exp,random,TRUE,5,0.3,1.5,0.3,1,1,,,,,,,,,,,,,,,,,,,,,,,,,
J60_3.RCP,0,134.0806416,0.25769186,DE_rand/1_fixedF_exp_fixedCR_noLS,67,1000,0,50,60,100,0.1,0.9,FALSE,FALSE,rand/1,exp,random,FALSE,5,0.3,1.5,0.3,1,1,,,,,,,,,,,,,,,,,,,,,,,,,
J60_3.RCP,1,142.7672087,0.258985996,DE_rand/1_fixedF_exp_fixedCR_noLS,67,1000,1,50,60,100,0.1,0.9,FALSE,FALSE,rand/1,exp,random,FALSE,5,0.3,1.5,0.3,1,1,,,,,,,,,,,,,,,,,,,,,,,,,
J60_3.RCP,0,135.1851192,0.261231899,DE_rand/2_adaptiveF_bin_adaptiveCR_withLS,67,1000,0,50,60,100,0.1,0.9,TRUE,TRUE,rand/2,bin,random,TRUE,5,0.3,1.5,0.3,1,1,,,,,,,,,,,,,,,,,,,,,,,,,
J60_3.RCP,1,131.0060147,0.260890722,DE_rand/2_adaptiveF_bin_adaptiveCR_withLS,67,1000,1,50,60,100,0.1,0.9,TRUE,TRUE,rand/2,bin,random,TRUE,5,0.3,1.5,0.3,1,1,,,,,,,,,,,,,,,,,,,,,,,,,
J60_3.RCP,0,130.259746,0.256772757,DE_rand/2_adaptiveF_bin_adaptiveCR_noLS,67,1000,0,50,60,100,0.1,0.9,TRUE,TRUE,rand/2,bin,random,FALSE,5,0.3,1.5,0.3,1,1,,,,,,,,,,,,,,,,,,,,,,,,,
J60_3.RCP,1,128.0507908,0.257913828,DE_rand/2_adaptiveF_bin_adaptiveCR_noLS,67,1000,1,50,60,100,0.1,0.9,TRUE,TRUE,rand/2,bin,random,FALSE,5,0.3,1.5,0.3,1,1,,,,,,,,,,,,,,,,,,,,,,,,,
J60_3.RCP,0,129.7224326,0.259490013,DE_rand/2_adaptiveF_bin_fixedCR_withLS,67,1000,0,50,60,100,0.1,0.9,TRUE,FALSE,rand/2,bin,random,TRUE,5,0.3,1.5,0.3,1,1,,,,,,,,,,,,,,,,,,,,,,,,,
J60_3.RCP,1,124.737358,0.263112068,DE_rand/2_adaptiveF_bin_fixedCR_withLS,67,1000,1,50,60,100,0.1,0.9,TRUE,FALSE,rand/2,bin,random,TRUE,5,0.3,1.5,0.3,1,1,,,,,,,,,,,,,,,,,,,,,,,,,
J60_3.RCP,0,130.8269102,0.256874084,DE_rand/2_adaptiveF_bin_fixedCR_noLS,67,1000,0,50,60,100,0.1,0.9,TRUE,FALSE,rand/2,bin,random,FALSE,5,0.3,1.5,0.3,1,1,,,,,,,,,,,,,,,,,,,,,,,,,
J60_3.RCP,1,125.4239252,0.256795883,DE_rand/2_adaptiveF_bin_fixedCR_noLS,67,1000,1,50,60,100,0.1,0.9,TRUE,FALSE,rand/2,bin,random,FALSE,5,0.3,1.5,0.3,1,1,,,,,,,,,,,,,,,,,,,,,,,,,
J60_3.RCP,0,134.8866117,0.262245178,DE_rand/2_adaptiveF_exp_adaptiveCR_withLS,67,1000,0,50,60,100,0.1,0.9,TRUE,TRUE,rand/2,exp,random,TRUE,5,0.3,1.5,0.3,1,1,,,,,,,,,,,,,,,,,,,,,,,,,
J60_3.RCP,1,146.7075072,0.262385845,DE_rand/2_adaptiveF_exp_adaptiveCR_withLS,67,1000,1,50,60,100,0.1,0.9,TRUE,TRUE,rand/2,exp,random,TRUE,5,0.3,1.5,0.3,1,1,,,,,,,,,,,,,,,,,,,,,,,,,
J60_3.RCP,0,131.9015371,0.260168076,DE_rand/2_adaptiveF_exp_adaptiveCR_noLS,67,1000,0,50,60,100,0.1,0.9,TRUE,TRUE,rand/2,exp,random,FALSE,5,0.3,1.5,0.3,1,1,,,,,,,,,,,,,,,,,,,,,,,,,
J60_3.RCP,1,130.1403431,0.260567904,DE_rand/2_adaptiveF_exp_adaptiveCR_noLS,67,1000,1,50,60,100,0.1,0.9,TRUE,TRUE,rand/2,exp,random,FALSE,5,0.3,1.5,0.3,1,1,,,,,,,,,,,,,,,,,,,,,,,,,
J60_3.RCP,0,128.8269102,0.261055946,DE_rand/2_adaptiveF_exp_fixedCR_withLS,67,1000,0,50,60,100,0.1,0.9,TRUE,FALSE,rand/2,exp,random,TRUE,5,0.3,1.5,0.3,1,1,,,,,,,,,,,,,,,,,,,,,,,,,
J60_3.RCP,1,120.5881043,0.260935068,DE_rand/2_adaptiveF_exp_fixedCR_withLS,67,1000,1,50,60,100,0.1,0.9,TRUE,FALSE,rand/2,exp,random,TRUE,5,0.3,1.5,0.3,1,1,,,,,,,,,,,,,,,,,,,,,,,,,
J60_3.RCP,0,124.2298953,0.257688999,DE_rand/2_adaptiveF_exp_fixedCR_noLS,67,1000,0,50,60,100,0.1,0.9,TRUE,FALSE,rand/2,exp,random,FALSE,5,0.3,1.5,0.3,1,1,,,,,,,,,,,,,,,,,,,,,,,,,
J60_3.RCP,1,126.0507908,0.258498192,DE_rand/2_adaptiveF_exp_fixedCR_noLS,67,1000,1,50,60,100,0.1,0.9,TRUE,FALSE,rand/2,exp,random,FALSE,5,0.3,1.5,0.3,1,1,,,,,,,,,,,,,,,,,,,,,,,,,
J60_3.RCP,0,147.4239252,0.280100822,DE_rand/2_fixedF_bin_adaptiveCR_withLS,67,1000,0,50,60,100,0.1,0.9,FALSE,TRUE,rand/2,bin,random,TRUE,5,0.3,1.5,0.3,1,1,,,,,,,,,,,,,,,,,,,,,,,,,
J60_3.RCP,1,150.498552,0.280622244,DE_rand/2_fixedF_bin_adaptiveCR_withLS,67,1000,1,50,60,100,0.1,0.9,FALSE,TRUE,rand/2,bin,random,TRUE,5,0.3,1.5,0.3,1,1,,,,,,,,,,,,,,,,,,,,,,,,,
J60_3.RCP,0,151.9015371,0.274052143,DE_rand/2_fixedF_bin_adaptiveCR_noLS,67,1000,0,50,60,100,0.1,0.9,FALSE,TRUE,rand/2,bin,random,FALSE,5,0.3,1.5,0.3,1,1,,,,,,,,,,,,,,,,,,,,,,,,,
J60_3.RCP,1,139.3045222,0.274693012,DE_rand/2_fixedF_bin_adaptiveCR_noLS,67,1000,1,50,60,100,0.1,0.9,FALSE,TRUE,rand/2,bin,random,FALSE,5,0.3,1.5,0.3,1,1,,,,,,,,,,,,,,,,,,,,,,,,,
J60_3.RCP,0,142.7672087,0.274178982,DE_rand/2_fixedF_bin_fixedCR_withLS,67,1000,0,50,60,100,0.1,0.9,FALSE,FALSE,rand/2,bin,random,TRUE,5,0.3,1.5,0.3,1,1,,,,,,,,,,,,,,,,,,,,,,,,,
J60_3.RCP,1,128.617955,0.273443937,DE_rand/2_fixedF_bin_fixedCR_withLS,67,1000,1,50,60,100,0.1,0.9,FALSE,FALSE,rand/2,bin,random,TRUE,5,0.3,1.5,0.3,1,1,,,,,,,,,,,,,,,,,,,,,,,,,
J60_3.RCP,0,129.6627311,0.267888784,DE_rand/2_fixedF_bin_fixedCR_noLS,67,1000,0,50,60,100,0.1,0.9,FALSE,FALSE,rand/2,bin,random,FALSE,5,0.3,1.5,0.3,1,1,,,,,,,,,,,,,,,,,,,,,,,,,
J60_3.RCP,1,147.4836266,0.267776966,DE_rand/2_fixedF_bin_fixedCR_noLS,67,1000,1,50,60,100,0.1,0.9,FALSE,FALSE,rand/2,bin,random,FALSE,5,0.3,1.5,0.3,1,1,,,,,,,,,,,,,,,,,,,,,,,,,
J60_3.RCP,0,146.1104923,0.281514883,DE_rand/2_fixedF_exp_adaptiveCR_withLS,67,1000,0,50,60,100,0.1,0.9,FALSE,TRUE,rand/2,exp,random,TRUE,5,0.3,1.5,0.3,1,1,,,,,,,,,,,,,,,,,,,,,,,,,
J60_3.RCP,1,149.3940744,0.283441305,DE_rand/2_fixedF_exp_adaptiveCR_withLS,67,1000,1,50,60,100,0.1,0.9,FALSE,TRUE,rand/2,exp,random,TRUE,5,0.3,1.5,0.3,1,1,,,,,,,,,,,,,,,,,,,,,,,,,
J60_3.RCP,0,136.4687013,0.27546072,DE_rand/2_fixedF_exp_adaptiveCR_noLS,67,1000,0,50,60,100,0.1,0.9,FALSE,TRUE,rand/2,exp,random,FALSE,5,0.3,1.5,0.3,1,1,,,,,,,,,,,,,,,,,,,,,,,,,
J60_3.RCP,1,145.6627311,0.27710104,DE_rand/2_fixedF_exp_adaptiveCR_noLS,67,1000,1,50,60,100,0.1,0.9,FALSE,TRUE,rand/2,exp,random,FALSE,5,0.3,1.5,0.3,1,1,,,,,,,,,,,,,,,,,,,,,,,,,
J60_3.RCP,0,149.8716863,0.274220705,DE_rand/2_fixedF_exp_fixedCR_withLS,67,1000,0,50,60,100,0.1,0.9,FALSE,FALSE,rand/2,exp,random,TRUE,5,0.3,1.5,0.3,1,1,,,,,,,,,,,,,,,,,,,,,,,,,
J60_3.RCP,1,135.6627311,0.276116133,DE_rand/2_fixedF_exp_fixedCR_withLS,67,1000,1,50,60,100,0.1,0.9,FALSE,FALSE,rand/2,exp,random,TRUE,5,0.3,1.5,0.3,1,1,,,,,,,,,,,,,,,,,,,,,,,,,
J60_3.RCP,0,143.5731789,0.270272017,DE_rand/2_fixedF_exp_fixedCR_noLS,67,1000,0,50,60,100,0.1,0.9,FALSE,FALSE,rand/2,exp,random,FALSE,5,0.3,1.5,0.3,1,1,,,,,,,,,,,,,,,,,,,,,,,,,
J60_3.RCP,1,148.5881043,0.270420074,DE_rand/2_fixedF_exp_fixedCR_noLS,67,1000,1,50,60,100,0.1,0.9,FALSE,FALSE,rand/2,exp,random,FALSE,5,0.3,1.5,0.3,1,1,,,,,,,,,,,,,,,,,,,,,,,,,
J60_3.RCP,0,128.1104923,0.259234905,DE_best/1_adaptiveF_bin_adaptiveCR_withLS,67,1000,0,50,60,100,0.1,0.9,TRUE,TRUE,best/1,bin,random,TRUE,5,0.3,1.5,0.3,1,1,,,,,,,,,,,,,,,,,,,,,,,,,
J60_3.RCP,1,125.8119849,0.258730888,DE_best/1_adaptiveF_bin_adaptiveCR_withLS,67,1000,1,50,60,100,0.1,0.9,TRUE,TRUE,best/1,bin,random,TRUE,5,0.3,1.5,0.3,1,1,,,,,,,,,,,,,,,,,,,,,,,,,
J60_3.RCP,0,124.5284028,0.257860184,DE_best/1_adaptiveF_bin_adaptiveCR_noLS,67,1000,0,50,60,100,0.1,0.9,TRUE,TRUE,best/1,bin,random,FALSE,5,0.3,1.5,0.3,1,1,,,,,,,,,,,,,,,,,,,,,,,,,
J60_3.RCP,1,119.5134774,0.25589776,DE_best/1_adaptiveF_bin_adaptiveCR_noLS,67,1000,1,50,60,100,0.1,0.9,TRUE,TRUE,best/1,bin,random,FALSE,5,0.3,1.5,0.3,1,1,,,,,,,,,,,,,,,,,,,,,,,,,
J60_3.RCP,0,115.2448207,0.258028984,DE_best/1_adaptiveF_bin_fixedCR_withLS,67,1000,0,50,60,100,0.1,0.9,TRUE,FALSE,best/1,bin,random,TRUE,5,0.3,1.5,0.3,1,1,,,,,,,,,,,,,,,,,,,,,,,,,
J60_3.RCP,1,116.379149,0.262607098,DE_best/1_adaptiveF_bin_fixedCR_withLS,67,1000,1,50,60,100,0.1,0.9,TRUE,FALSE,best/1,bin,random,TRUE,5,0.3,1.5,0.3,1,1,,,,,,,,,,,,,,,,,,,,,,,,,
J60_3.RCP,0,106.6478057,0.256296158,DE_best/1_adaptiveF_bin_fixedCR_noLS,67,1000,0,50,60,100,0.1,0.9,TRUE,FALSE,best/1,bin,random,FALSE,5,0.3,1.5,0.3,1,1,,,,,,,,,,,,,,,,,,,,,,,,,
J60_3.RCP,1,107.6030296,0.257886887,DE_best/1_adaptiveF_bin_fixedCR_noLS,67,1000,1,50,60,100,0.1,0.9,TRUE,FALSE,best/1,bin,random,FALSE,5,0.3,1.5,0.3,1,1,,,,,,,,,,,,,,,,,,,,,,,,,
J60_3.RCP,0,139.3045222,0.259989023,DE_best/1_adaptiveF_exp_adaptiveCR_withLS,67,1000,0,50,60,100,0.1,0.9,TRUE,TRUE,best/1,exp,random,TRUE,5,0.3,1.5,0.3,1,1,,,,,,,,,,,,,,,,,,,,,,,,,
J60_3.RCP,1,118.5582535,0.260468006,DE_best/1_adaptiveF_exp_adaptiveCR_withLS,67,1000,1,50,60,100,0.1,0.9,TRUE,TRUE,best/1,exp,random,TRUE,5,0.3,1.5,0.3,1,1,,,,,,,,,,,,,,,,,,,,,,,,,
J60_3.RCP,0,127.5134774,0.256875992,DE_best/1_adaptiveF_exp_adaptiveCR_noLS,67,1000,0,50,60,100,0.1,0.9,TRUE,TRUE,best/1,exp,random,FALSE,5,0.3,1.5,0.3,1,1,,,,,,,,,,,,,,,,,,,,,,,,,
J60_3.RCP,1,121.5134774,0.257542133,DE_best/1_adaptiveF_exp_adaptiveCR_noLS,67,1000,1,50,60,100,0.1,0.9,TRUE,TRUE,best/1,exp,random,FALSE,5,0.3,1.5,0.3,1,1,,,,,,,,,,,,,,,,,,,,,,,,,
J60_3.RCP,0,115.2448207,0.259049892,DE_best/1_adaptiveF_exp_fixedCR_withLS,67,1000,0,50,60,100,0.1,0.9,TRUE,FALSE,best/1,exp,random,TRUE,5,0.3,1.5,0.3,1,1,,,,,,,,,,,,,,,,,,,,,,,,,
J60_3.RCP,1,111.3642237,0.259086847,DE_best/1_adaptiveF_exp_fixedCR_withLS,67,1000,1,50,60,100,0.1,0.9,TRUE,FALSE,best/1,exp,random,TRUE,5,0.3,1.5,0.3,1,1,,,,,,,,,,,,,,,,,,,,,,,,,
J60_3.RCP,0,107.0657162,0.256467819,DE_best/1_adaptiveF_exp_fixedCR_noLS,67,1000,0,50,60,100,0.1,0.9,TRUE,FALSE,best/1,exp,random,FALSE,5,0.3,1.5,0.3,1,1,,,,,,,,,,,,,,,,,,,,,,,,,
J60_3.RCP,1,104.6776565,0.256943941,DE_best/1_adaptiveF_exp_fixedCR_noLS,67,1000,1,50,60,100,0.1,0.9,TRUE,FALSE,best/1,exp,random,FALSE,5,0.3,1.5,0.3,1,1,,,,,,,,,,,,,,,,,,,,,,,,,
J60_3.RCP,0,126.2298953,0.267046928,DE_best/1_fixedF_bin_adaptiveCR_withLS,67,1000,0,50,60,100,0.1,0.9,FALSE,TRUE,best/1,bin,random,TRUE,5,0.3,1.5,0.3,1,1,,,,,,,,,,,,,,,,,,,,,,,,,
J60_3.RCP,1,125.6925819,0.269261122,DE_best/1_fixedF_bin_adaptiveCR_withLS,67,1000,1,50,60,100,0.1,0.9,FALSE,TRUE,best/1,bin,random,TRUE,5,0.3,1.5,0.3,1,1,,,,,,,,,,,,,,,,,,,,,,,,,
J60_3.RCP,0,118.3194475,0.261828184,DE_best/1_fixedF_bin_adaptiveCR_noLS,67,1000,0,50,60,100,0.1,0.9,FALSE,TRUE,best/1,bin,random,FALSE,5,0.3,1.5,0.3,1,1,,,,,,,,,,,,,,,,,,,,,,,,,
J60_3.RCP,1,125.3045222,0.261189222,DE_best/1_fixedF_bin_adaptiveCR_noLS,67,1000,1,50,60,100,0.1,0.9,FALSE,TRUE,best/1,bin,random,FALSE,5,0.3,1.5,0.3,1,1,,,,,,,,,,,,,,,,,,,,,,,,,
J60_3.RCP,0,111.0358654,0.259437084,DE_best/1_fixedF_bin_fixedCR_withLS,67,1000,0,50,60,100,0.1,0.9,FALSE,FALSE,best/1,bin,random,TRUE,5,0.3,1.5,0.3,1,1,,,,,,,,,,,,,,,,,,,,,,,,,
J60_3.RCP,1,134.0806416,0.259072781,DE_best/1_fixedF_bin_fixedCR_withLS,67,1000,1,50,60,100,0.1,0.9,FALSE,FALSE,best/1,bin,random,TRUE,5,0.3,1.5,0.3,1,1,,,,,,,,,,,,,,,,,,,,,,,,,
J60_3.RCP,0,121.7224326,0.253539085,DE_best/1_fixedF_bin_fixedCR_noLS,67,1000,0,50,60,100,0.1,0.9,FALSE,FALSE,best/1,bin,random,FALSE,5,0.3,1.5,0.3,1,1,,,,,,,,,,,,,,,,,,,,,,,,,
J60_3.RCP,1,136.8269102,0.253522158,DE_best/1_fixedF_bin_fixedCR_noLS,67,1000,1,50,60,100,0.1,0.9,FALSE,FALSE,best/1,bin,random,FALSE,5,0.3,1.5,0.3,1,1,,,,,,,,,,,,,,,,,,,,,,,,,
J60_3.RCP,0,120.6776565,0.27167058,DE_best/1_fixedF_exp_adaptiveCR_withLS,67,1000,0,50,60,100,0.1,0.9,FALSE,TRUE,best/1,exp,random,TRUE,5,0.3,1.5,0.3,1,1,,,,,,,,,,,,,,,,,,,,,,,,,
J60_3.RCP,1,118.3194475,0.272149086,DE_best/1_fixedF_exp_adaptiveCR_withLS,67,1000,1,50,60,100,0.1,0.9,FALSE,TRUE,best/1,exp,random,TRUE,5,0.3,1.5,0.3,1,1,,,,,,,,,,,,,,,,,,,,,,,,,
J60_3.RCP,0,128.4687013,0.264150858,DE_best/1_fixedF_exp_adaptiveCR_noLS,67,1000,0,50,60,100,0.1,0.9,FALSE,TRUE,best/1,exp,random,FALSE,5,0.3,1.5,0.3,1,1,,,,,,,,,,,,,,,,,,,,,,,,,
J60_3.RCP,1,142.498552,0.263745785,DE_best/1_fixedF_exp_adaptiveCR_noLS,67,1000,1,50,60,100,0.1,0.9,FALSE,TRUE,best/1,exp,random,FALSE,5,0.3,1.5,0.3,1,1,,,,,,,,,,,,,,,,,,,,,,,,,
J60_3.RCP,0,109.9313878,0.262659788,DE_best/1_fixedF_exp_fixedCR_withLS,67,1000,0,50,60,100,0.1,0.9,FALSE,FALSE,best/1,exp,random,TRUE,5,0.3,1.5,0.3,1,1,,,,,,,,,,,,,,,,,,,,,,,,,
J60_3.RCP,1,124.0507908,0.262035131,DE_best/1_fixedF_exp_fixedCR_withLS,67,1000,1,50,60,100,0.1,0.9,FALSE,FALSE,best/1,exp,random,TRUE,5,0.3,1.5,0.3,1,1,,,,,,,,,,,,,,,,,,,,,,,,,
J60_3.RCP,0,129.9015371,0.256222248,DE_best/1_fixedF_exp_fixedCR_noLS,67,1000,0,50,60,100,0.1,0.9,FALSE,FALSE,best/1,exp,random,FALSE,5,0.3,1.5,0.3,1,1,,,,,,,,,,,,,,,,,,,,,,,,,
J60_3.RCP,1,143.0060147,0.255182028,DE_best/1_fixedF_exp_fixedCR_noLS,67,1000,1,50,60,100,0.1,0.9,FALSE,FALSE,best/1,exp,random,FALSE,5,0.3,1.5,0.3,1,1,,,,,,,,,,,,,,,,,,,,,,,,,
J60_3.RCP,0,112.259746,0.26233387,DE_best/2_adaptiveF_bin_adaptiveCR_withLS,67,1000,0,50,60,100,0.1,0.9,TRUE,TRUE,best/2,bin,random,TRUE,5,0.3,1.5,0.3,1,1,,,,,,,,,,,,,,,,,,,,,,,,,
J60_3.RCP,1,121.8418356,0.262086868,DE_best/2_adaptiveF_bin_adaptiveCR_withLS,67,1000,1,50,60,100,0.1,0.9,TRUE,TRUE,best/2,bin,random,TRUE,5,0.3,1.5,0.3,1,1,,,,,,,,,,,,,,,,,,,,,,,,,
J60_3.RCP,0,121.2746714,0.261530876,DE_best/2_adaptiveF_bin_adaptiveCR_noLS,67,1000,0,50,60,100,0.1,0.9,TRUE,TRUE,best/2,bin,random,FALSE,5,0.3,1.5,0.3,1,1,,,,,,,,,,,,,,,,,,,,,,,,,
J60_3.RCP,1,109.3642237,0.260573864,DE_best/2_adaptiveF_bin_adaptiveCR_noLS,67,1000,1,50,60,100,0.1,0.9,TRUE,TRUE,best/2,bin,random,FALSE,5,0.3,1.5,0.3,1,1,,,,,,,,,,,,,,,,,,,,,,,,,
J60_3.RCP,0,116.5582535,0.261881828,DE_best/2_adaptiveF_bin_fixedCR_withLS,67,1000,0,50,60,100,0.1,0.9,TRUE,FALSE,best/2,bin,random,TRUE,5,0.3,1.5,0.3,1,1,,,,,,,,,,,,,,,,,,,,,,,,,
J60_3.RCP,1,117.0955669,0.262369156,DE_best/2_adaptiveF_bin_fixedCR_withLS,67,1000,1,50,60,100,0.1,0.9,TRUE,FALSE,best/2,bin,random,TRUE,5,0.3,1.5,0.3,1,1,,,,,,,,,,,,,,,,,,,,,,,,,
J60_3.RCP,0,117.5134774,0.259588003,DE_best/2_adaptiveF_bin_fixedCR_noLS,67,1000,0,50,60,100,0.1,0.9,TRUE,FALSE,best/2,bin,random,FALSE,5,0.3,1.5,0.3,1,1,,,,,,,,,,,,,,,,,,,,,,,,,
J60_3.RCP,1,116.617955,0.258918285,DE_best/2_adaptiveF_bin_fixedCR_noLS,67,1000,1,50,60,100,0.1,0.9,TRUE,FALSE,best/2,bin,random,FALSE,5,0.3,1.5,0.3,1,1,,,,,,,,,,,,,,,,,,,,,,,,,
J60_3.RCP,0,128.0806416,0.265736818,DE_best/2_adaptiveF_exp_adaptiveCR_withLS,67,1000,0,50,60,100,0.1,0.9,TRUE,TRUE,best/2,exp,random,TRUE,5,0.3,1.5,0.3,1,1,,,,,,,,,,,,,,,,,,,,,,,,,
J60_3.RCP,1,120.8269102,0.272391081,DE_best/2_adaptiveF_exp_adaptiveCR_withLS,67,1000,1,50,60,100,0.1,0.9,TRUE,TRUE,best/2,exp,random,TRUE,5,0.3,1.5,0.3,1,1,,,,,,,,,,,,,,,,,,,,,,,,,
J60_3.RCP,0,136.2298953,0.263107777,DE_best/2_adaptiveF_exp_adaptiveCR_noLS,67,1000,0,50,60,100,0.1,0.9,TRUE,TRUE,best/2,exp,random,FALSE,5,0.3,1.5,0.3,1,1,,,,,,,,,,,,,,,,,,,,,,,,,
J60_3.RCP,1,128.4687013,0.263401985,DE_best/2_adaptiveF_exp_adaptiveCR_noLS,67,1000,1,50,60,100,0.1,0.9,TRUE,TRUE,best/2,exp,random,FALSE,5,0.3,1.5,0.3,1,1,,,,,,,,,,,,,,,,,,,,,,,,,
J60_3.RCP,0,115.7522834,0.270540953,DE_best/2_adaptiveF_exp_fixedCR_withLS,67,1000,0,50,60,100,0.1,0.9,TRUE,FALSE,best/2,exp,random,TRUE,5,0.3,1.5,0.3,1,1,,,,,,,,,,,,,,,,,,,,,,,,,
J60_3.RCP,1,114.8866117,0.263983965,DE_best/2_adaptiveF_exp_fixedCR_withLS,67,1000,1,50,60,100,0.1,0.9,TRUE,FALSE,best/2,exp,random,TRUE,5,0.3,1.5,0.3,1,1,,,,,,,,,,,,,,,,,,,,,,,,,
J60_3.RCP,0,111.4537759,0.26001215,DE_best/2_adaptiveF_exp_fixedCR_noLS,67,1000,0,50,60,100,0.1,0.9,TRUE,FALSE,best/2,exp,random,FALSE,5,0.3,1.5,0.3,1,1,,,,,,,,,,,,,,,,,,,,,,,,,
J60_3.RCP,1,116.5881043,0.261101723,DE_best/2_adaptiveF_exp_fixedCR_noLS,67,1000,1,50,60,100,0.1,0.9,TRUE,FALSE,best/2,exp,random,FALSE,5,0.3,1.5,0.3,1,1,,,,,,,,,,,,,,,,,,,,,,,,,
J60_3.RCP,0,118.2895968,0.280750036,DE_best/2_fixedF_bin_adaptiveCR_withLS,67,1000,0,50,60,100,0.1,0.9,FALSE,TRUE,best/2,bin,random,TRUE,5,0.3,1.5,0.3,1,1,,,,,,,,,,,,,,,,,,,,,,,,,
J60_3.RCP,1,121.0060147,0.281992197,DE_best/2_fixedF_bin_adaptiveCR_withLS,67,1000,1,50,60,100,0.1,0.9,FALSE,TRUE,best/2,bin,random,TRUE,5,0.3,1.5,0.3,1,1,,,,,,,,,,,,,,,,,,,,,,,,,
J60_3.RCP,0,120.1403431,0.273961306,DE_best/2_fixedF_bin_adaptiveCR_noLS,67,1000,0,50,60,100,0.1,0.9,FALSE,TRUE,best/2,bin,random,FALSE,5,0.3,1.5,0.3,1,1,,,,,,,,,,,,,,,,,,,,,,,,,
J60_3.RCP,1,122.2895968,0.274332047,DE_best/2_fixedF_bin_adaptiveCR_noLS,67,1000,1,50,60,100,0.1,0.9,FALSE,TRUE,best/2,bin,random,FALSE,5,0.3,1.5,0.3,1,1,,,,,,,,,,,,,,,,,,,,,,,,,
J60_3.RCP,0,112.8269102,0.267899036,DE_best/2_fixedF_bin_fixedCR_withLS,67,1000,0,50,60,100,0.1,0.9,FALSE,FALSE,best/2,bin,random,TRUE,5,0.3,1.5,0.3,1,1,,,,,,,,,,,,,,,,,,,,,,,,,
J60_3.RCP,1,138.259746,0.270073891,DE_best/2_fixedF_bin_fixedCR_withLS,67,1000,1,50,60,100,0.1,0.9,FALSE,FALSE,best/2,bin,random,TRUE,5,0.3,1.5,0.3,1,1,,,,,,,,,,,,,,,,,,,,,,,,,
J60_3.RCP,0,124.3492983,0.261698008,DE_best/2_fixedF_bin_fixedCR_noLS,67,1000,0,50,60,100,0.1,0.9,FALSE,FALSE,best/2,bin,random,FALSE,5,0.3,1.5,0.3,1,1,,,,,,,,,,,,,,,,,,,,,,,,,
J60_3.RCP,1,134.5284028,0.260550022,DE_best/2_fixedF_bin_fixedCR_noLS,67,1000,1,50,60,100,0.1,0.9,FALSE,FALSE,best/2,bin,random,FALSE,5,0.3,1.5,0.3,1,1,,,,,,,,,,,,,,,,,,,,,,,,,
J60_3.RCP,0,115.5433281,0.284864902,DE_best/2_fixedF_exp_adaptiveCR_withLS,67,1000,0,50,60,100,0.1,0.9,FALSE,TRUE,best/2,exp,random,TRUE,5,0.3,1.5,0.3,1,1,,,,,,,,,,,,,,,,,,,,,,,,,
J60_3.RCP,1,120.617955,0.284866095,DE_best/2_fixedF_exp_adaptiveCR_withLS,67,1000,1,50,60,100,0.1,0.9,FALSE,TRUE,best/2,exp,random,TRUE,5,0.3,1.5,0.3,1,1,,,,,,,,,,,,,,,,,,,,,,,,,
J60_3.RCP,0,123.3642237,0.276083946,DE_best/2_fixedF_exp_adaptiveCR_noLS,67,1000,0,50,60,100,0.1,0.9,FALSE,TRUE,best/2,exp,random,FALSE,5,0.3,1.5,0.3,1,1,,,,,,,,,,,,,,,,,,,,,,,,,
J60_3.RCP,1,125.1254177,0.276087999,DE_best/2_fixedF_exp_adaptiveCR_noLS,67,1000,1,50,60,100,0.1,0.9,FALSE,TRUE,best/2,exp,random,FALSE,5,0.3,1.5,0.3,1,1,,,,,,,,,,,,,,,,,,,,,,,,,
J60_3.RCP,0,120.379149,0.26989913,DE_best/2_fixedF_exp_fixedCR_withLS,67,1000,0,50,60,100,0.1,0.9,FALSE,FALSE,best/2,exp,random,TRUE,5,0.3,1.5,0.3,1,1,,,,,,,,,,,,,,,,,,,,,,,,,
J60_3.RCP,1,116.7672087,0.267310143,DE_best/2_fixedF_exp_fixedCR_withLS,67,1000,1,50,60,100,0.1,0.9,FALSE,FALSE,best/2,exp,random,TRUE,5,0.3,1.5,0.3,1,1,,,,,,,,,,,,,,,,,,,,,,,,,
J60_3.RCP,0,117.0955669,0.263011932,DE_best/2_fixedF_exp_fixedCR_noLS,67,1000,0,50,60,100,0.1,0.9,FALSE,FALSE,best/2,exp,random,FALSE,5,0.3,1.5,0.3,1,1,,,,,,,,,,,,,,,,,,,,,,,,,
J60_3.RCP,1,138.7075072,0.26274991,DE_best/2_fixedF_exp_fixedCR_noLS,67,1000,1,50,60,100,0.1,0.9,FALSE,FALSE,best/2,exp,random,FALSE,5,0.3,1.5,0.3,1,1,,,,,,,,,,,,,,,,,,,,,,,,,
J60_3.RCP,0,134.3492983,0.256430149,DE_adaptive_bin_adaptiveCR_withLS,67,1000,0,50,60,100,0.1,0.9,TRUE,TRUE,adaptive,bin,random,TRUE,5,0.3,1.5,0.3,1,1,,,,,,,,,,,,,,,,,,,,,,,,,
J60_3.RCP,1,128.5881043,0.257514954,DE_adaptive_bin_adaptiveCR_withLS,67,1000,1,50,60,100,0.1,0.9,TRUE,TRUE,adaptive,bin,random,TRUE,5,0.3,1.5,0.3,1,1,,,,,,,,,,,,,,,,,,,,,,,,,
J60_3.RCP,0,125.0358654,0.25280571,DE_adaptive_bin_adaptiveCR_noLS,67,1000,0,50,60,100,0.1,0.9,TRUE,TRUE,adaptive,bin,random,FALSE,5,0.3,1.5,0.3,1,1,,,,,,,,,,,,,,,,,,,,,,,,,
J60_3.RCP,1,143.8716863,0.25426507,DE_adaptive_bin_adaptiveCR_noLS,67,1000,1,50,60,100,0.1,0.9,TRUE,TRUE,adaptive,bin,random,FALSE,5,0.3,1.5,0.3,1,1,,,,,,,,,,,,,,,,,,,,,,,,,
J60_3.RCP,0,123.1851192,0.256761789,DE_adaptive_bin_fixedCR_withLS,67,1000,0,50,60,100,0.1,0.9,TRUE,FALSE,adaptive,bin,random,TRUE,5,0.3,1.5,0.3,1,1,,,,,,,,,,,,,,,,,,,,,,,,,
J60_3.RCP,1,131.0060147,0.257961988,DE_adaptive_bin_fixedCR_withLS,67,1000,1,50,60,100,0.1,0.9,TRUE,FALSE,adaptive,bin,random,TRUE,5,0.3,1.5,0.3,1,1,,,,,,,,,,,,,,,,,,,,,,,,,
J60_3.RCP,0,121.9015371,0.268545628,DE_adaptive_bin_fixedCR_noLS,67,1000,0,50,60,100,0.1,0.9,TRUE,FALSE,adaptive,bin,random,FALSE,5,0.3,1.5,0.3,1,1,,,,,,,,,,,,,,,,,,,,,,,,,
J60_3.RCP,1,127.2448207,0.274719,DE_adaptive_bin_fixedCR_noLS,67,1000,1,50,60,100,0.1,0.9,TRUE,FALSE,adaptive,bin,random,FALSE,5,0.3,1.5,0.3,1,1,,,,,,,,,,,,,,,,,,,,,,,,,
J60_3.RCP,0,135.3045222,0.277180195,DE_adaptive_exp_adaptiveCR_withLS,67,1000,0,50,60,100,0.1,0.9,TRUE,TRUE,adaptive,exp,random,TRUE,5,0.3,1.5,0.3,1,1,,,,,,,,,,,,,,,,,,,,,,,,,
J60_3.RCP,1,138.498552,0.275740147,DE_adaptive_exp_adaptiveCR_withLS,67,1000,1,50,60,100,0.1,0.9,TRUE,TRUE,adaptive,exp,random,TRUE,5,0.3,1.5,0.3,1,1,,,,,,,,,,,,,,,,,,,,,,,,,
J60_3.RCP,0,127.6328804,0.26789093,DE_adaptive_exp_adaptiveCR_noLS,67,1000,0,50,60,100,0.1,0.9,TRUE,TRUE,adaptive,exp,random,FALSE,5,0.3,1.5,0.3,1,1,,,,,,,,,,,,,,,,,,,,,,,,,
J60_3.RCP,1,135.3940744,0.264453888,DE_adaptive_exp_adaptiveCR_noLS,67,1000,1,50,60,100,0.1,0.9,TRUE,TRUE,adaptive,exp,random,FALSE,5,0.3,1.5,0.3,1,1,,,,,,,,,,,,,,,,,,,,,,,,,
J60_3.RCP,0,121.3642237,0.264451981,DE_adaptive_exp_fixedCR_withLS,67,1000,0,50,60,100,0.1,0.9,TRUE,FALSE,adaptive,exp,random,TRUE,5,0.3,1.5,0.3,1,1,,,,,,,,,,,,,,,,,,,,,,,,,
J60_3.RCP,1,127.1851192,0.262818813,DE_adaptive_exp_fixedCR_withLS,67,1000,1,50,60,100,0.1,0.9,TRUE,FALSE,adaptive,exp,random,TRUE,5,0.3,1.5,0.3,1,1,,,,,,,,,,,,,,,,,,,,,,,,,
J60_3.RCP,0,126.5582535,0.259445906,DE_adaptive_exp_fixedCR_noLS,67,1000,0,50,60,100,0.1,0.9,TRUE,FALSE,adaptive,exp,random,FALSE,5,0.3,1.5,0.3,1,1,,,,,,,,,,,,,,,,,,,,,,,,,
J60_3.RCP,1,120.0806416,0.264628887,DE_adaptive_exp_fixedCR_noLS,67,1000,1,50,60,100,0.1,0.9,TRUE,FALSE,adaptive,exp,random,FALSE,5,0.3,1.5,0.3,1,1,,,,,,,,,,,,,,,,,,,,,,,,,
J60_3.RCP,0,132.8866117,0.260899067,DE_current-to-rand/2_bin_adaptiveCR_withLS,67,1000,0,50,60,100,0.1,0.9,FALSE,TRUE,current-to-rand/2,bin,random,TRUE,5,0.3,1.5,0.3,1,1,,,,,,,,,,,,,,,,,,,,,,,,,
J60_3.RCP,1,133.6925819,0.258062124,DE_current-to-rand/2_bin_adaptiveCR_withLS,67,1000,1,50,60,100,0.1,0.9,FALSE,TRUE,current-to-rand/2,bin,random,TRUE,5,0.3,1.5,0.3,1,1,,,,,,,,,,,,,,,,,,,,,,,,,
J60_3.RCP,0,123.9313878,0.261307955,DE_current-to-rand/2_bin_adaptiveCR_noLS,67,1000,0,50,60,100,0.1,0.9,FALSE,TRUE,current-to-rand/2,bin,random,FALSE,5,0.3,1.5,0.3,1,1,,,,,,,,,,,,,,,,,,,,,,,,,
J60_3.RCP,1,125.3642237,0.257002115,DE_current-to-rand/2_bin_adaptiveCR_noLS,67,1000,1,50,60,100,0.1,0.9,FALSE,TRUE,current-to-rand/2,bin,random,FALSE,5,0.3,1.5,0.3,1,1,,,,,,,,,,,,,,,,,,,,,,,,,
J60_3.RCP,0,121.6925819,0.25697875,DE_current-to-rand/2_bin_fixedCR_withLS,67,1000,0,50,60,100,0.1,0.9,FALSE,FALSE,current-to-rand/2,bin,random,TRUE,5,0.3,1.5,0.3,1,1,,,,,,,,,,,,,,,,,,,,,,,,,
J60_3.RCP,1,127.2746714,0.258804083,DE_current-to-rand/2_bin_fixedCR_withLS,67,1000,1,50,60,100,0.1,0.9,FALSE,FALSE,current-to-rand/2,bin,random,TRUE,5,0.3,1.5,0.3,1,1,,,,,,,,,,,,,,,,,,,,,,,,,
J60_3.RCP,0,128.0209401,0.259349108,DE_current-to-rand/2_bin_fixedCR_noLS,67,1000,0,50,60,100,0.1,0.9,FALSE,FALSE,current-to-rand/2,bin,random,FALSE,5,0.3,1.5,0.3,1,1,,,,,,,,,,,,,,,,,,,,,,,,,
J60_3.RCP,1,113.2448207,0.254926682,DE_current-to-rand/2_bin_fixedCR_noLS,67,1000,1,50,60,100,0.1,0.9,FALSE,FALSE,current-to-rand/2,bin,random,FALSE,5,0.3,1.5,0.3,1,1,,,,,,,,,,,,,,,,,,,,,,,,,
J60_3.RCP,0,134.1701938,0.261867046,DE_current-to-rand/2_exp_adaptiveCR_withLS,67,1000,0,50,60,100,0.1,0.9,FALSE,TRUE,current-to-rand/2,exp,random,TRUE,5,0.3,1.5,0.3,1,1,,,,,,,,,,,,,,,,,,,,,,,,,
J60_3.RCP,1,127.8716863,0.260562897,DE_current-to-rand/2_exp_adaptiveCR_withLS,67,1000,1,50,60,100,0.1,0.9,FALSE,TRUE,current-to-rand/2,exp,random,TRUE,5,0.3,1.5,0.3,1,1,,,,,,,,,,,,,,,,,,,,,,,,,
J60_3.RCP,0,138.8866117,0.259071112,DE_current-to-rand/2_exp_adaptiveCR_noLS,67,1000,0,50,60,100,0.1,0.9,FALSE,TRUE,current-to-rand/2,exp,random,FALSE,5,0.3,1.5,0.3,1,1,,,,,,,,,,,,,,,,,,,,,,,,,
J60_3.RCP,1,122.379149,0.259328127,DE_current-to-rand/2_exp_adaptiveCR_noLS,67,1000,1,50,60,100,0.1,0.9,FALSE,TRUE,current-to-rand/2,exp,random,FALSE,5,0.3,1.5,0.3,1,1,,,,,,,,,,,,,,,,,,,,,,,,,
J60_3.RCP,0,124.4687013,0.259186983,DE_current-to-rand/2_exp_fixedCR_withLS,67,1000,0,50,60,100,0.1,0.9,FALSE,FALSE,current-to-rand/2,exp,random,TRUE,5,0.3,1.5,0.3,1,1,,,,,,,,,,,,,,,,,,,,,,,,,
J60_3.RCP,1,117.0060147,0.259953022,DE_current-to-rand/2_exp_fixedCR_withLS,67,1000,1,50,60,100,0.1,0.9,FALSE,FALSE,current-to-rand/2,exp,random,TRUE,5,0.3,1.5,0.3,1,1,,,,,,,,,,,,,,,,,,,,,,,,,
J60_3.RCP,0,125.4836266,0.256082773,DE_current-to-rand/2_exp_fixedCR_noLS,67,1000,0,50,60,100,0.1,0.9,FALSE,FALSE,current-to-rand/2,exp,random,FALSE,5,0.3,1.5,0.3,1,1,,,,,,,,,,,,,,,,,,,,,,,,,
J60_3.RCP,1,117.9313878,0.257197857,DE_current-to-rand/2_exp_fixedCR_noLS,67,1000,1,50,60,100,0.1,0.9,FALSE,FALSE,current-to-rand/2,exp,random,FALSE,5,0.3,1.5,0.3,1,1,,,,,,,,,,,,,,,,,,,,,,,,,
J60_3.RCP,0,152.3194475,0.233571768,GA_roulette_single_point_random_random_withLS_withNeighborhood,67,1000,0,50,60,,,,,,random,single_point,random,TRUE,,,,,,,0.9,0.1,roulette,3,TRUE,FALSE,0.5,0.1,0.35,5,2,,,,,,,,,,,,,,
J60_3.RCP,1,160.379149,0.233493328,GA_roulette_single_point_random_random_withLS_withNeighborhood,67,1000,1,50,60,,,,,,random,single_point,random,TRUE,,,,,,,0.9,0.1,roulette,3,TRUE,FALSE,0.5,0.1,0.35,5,2,,,,,,,,,,,,,,
J60_3.RCP,0,152.3194475,0.233466864,GA_roulette_single_point_random_random_withLS_noNeighborhood,67,1000,0,50,60,,,,,,random,single_point,random,TRUE,,,,,,,0.9,0.1,roulette,3,TRUE,FALSE,0.5,0.1,0.35,5,0,,,,,,,,,,,,,,
J60_3.RCP,1,160.379149,0.232910156,GA_roulette_single_point_random_random_withLS_noNeighborhood,67,1000,1,50,60,,,,,,random,single_point,random,TRUE,,,,,,,0.9,0.1,roulette,3,TRUE,FALSE,0.5,0.1,0.35,5,0,,,,,,,,,,,,,,
J60_3.RCP,0,152.3194475,0.334255934,GA_roulette_single_point_random_random_noLS_withNeighborhood,67,1000,0,50,60,,,,,,random,single_point,random,FALSE,,,,,,,0.9,0.1,roulette,3,TRUE,FALSE,0.5,0.1,0.35,5,2,,,,,,,,,,,,,,
J60_3.RCP,1,160.379149,0.333871841,GA_roulette_single_point_random_random_noLS_withNeighborhood,67,1000,1,50,60,,,,,,random,single_point,random,FALSE,,,,,,,0.9,0.1,roulette,3,TRUE,FALSE,0.5,0.1,0.35,5,2,,,,,,,,,,,,,,
J60_3.RCP,0,152.3194475,0.334447145,GA_roulette_single_point_random_random_noLS_noNeighborhood,67,1000,0,50,60,,,,,,random,single_point,random,FALSE,,,,,,,0.9,0.1,roulette,3,TRUE,FALSE,0.5,0.1,0.35,5,0,,,,,,,,,,,,,,
J60_3.RCP,1,160.379149,0.333235264,GA_roulette_single_point_random_random_noLS_noNeighborhood,67,1000,1,50,60,,,,,,random,single_point,random,FALSE,,,,,,,0.9,0.1,roulette,3,TRUE,FALSE,0.5,0.1,0.35,5,0,,,,,,,,,,,,,,
J60_3.RCP,0,157.5433281,0.232956171,GA_roulette_single_point_random_heuristic_withLS_withNeighborhood,67,1000,0,50,60,,,,,,random,single_point,heuristic,TRUE,,,,,,,0.9,0.1,roulette,3,TRUE,FALSE,0.5,0.1,0.35,5,2,,,,,,,,,,,,,,
J60_3.RCP,1,169.3642237,0.233144999,GA_roulette_single_point_random_heuristic_withLS_withNeighborhood,67,1000,1,50,60,,,,,,random,single_point,heuristic,TRUE,,,,,,,0.9,0.1,roulette,3,TRUE,FALSE,0.5,0.1,0.35,5,2,,,,,,,,,,,,,,
J60_3.RCP,0,157.5433281,0.23611474,GA_roulette_single_point_random_heuristic_withLS_noNeighborhood,67,1000,0,50,60,,,,,,random,single_point,heuristic,TRUE,,,,,,,0.9,0.1,roulette,3,TRUE,FALSE,0.5,0.1,0.35,5,0,,,,,,,,,,,,,,
J60_3.RCP,1,169.3642237,0.233849764,GA_roulette_single_point_random_heuristic_withLS_noNeighborhood,67,1000,1,50,60,,,,,,random,single_point,heuristic,TRUE,,,,,,,0.9,0.1,roulette,3,TRUE,FALSE,0.5,0.1,0.35,5,0,,,,,,,,,,,,,,
J60_3.RCP,0,150.8269102,0.335122824,GA_roulette_single_point_random_heuristic_noLS_withNeighborhood,67,1000,0,50,60,,,,,,random,single_point,heuristic,FALSE,,,,,,,0.9,0.1,roulette,3,TRUE,FALSE,0.5,0.1,0.35,5,2,,,,,,,,,,,,,,
J60_3.RCP,1,149.5433281,0.334346294,GA_roulette_single_point_random_heuristic_noLS_withNeighborhood,67,1000,1,50,60,,,,,,random,single_point,heuristic,FALSE,,,,,,,0.9,0.1,roulette,3,TRUE,FALSE,0.5,0.1,0.35,5,2,,,,,,,,,,,,,,
J60_3.RCP,0,150.8269102,0.335735083,GA_roulette_single_point_random_heuristic_noLS_noNeighborhood,67,1000,0,50,60,,,,,,random,single_point,heuristic,FALSE,,,,,,,0.9,0.1,roulette,3,TRUE,FALSE,0.5,0.1,0.35,5,0,,,,,,,,,,,,,,
J60_3.RCP,1,149.5433281,0.335005999,GA_roulette_single_point_random_heuristic_noLS_noNeighborhood,67,1000,1,50,60,,,,,,random,single_point,heuristic,FALSE,,,,,,,0.9,0.1,roulette,3,TRUE,FALSE,0.5,0.1,0.35,5,0,,,,,,,,,,,,,,
J60_3.RCP,0,152.3194475,0.239035845,GA_roulette_single_point_adaptive_random_withLS_withNeighborhood,67,1000,0,50,60,,,,,,adaptive,single_point,random,TRUE,,,,,,,0.9,0.1,roulette,3,TRUE,FALSE,0.5,0.1,0.35,5,2,,,,,,,,,,,,,,
J60_3.RCP,1,145.8418356,0.237624168,GA_roulette_single_point_adaptive_random_withLS_withNeighborhood,67,1000,1,50,60,,,,,,adaptive,single_point,random,TRUE,,,,,,,0.9,0.1,roulette,3,TRUE,FALSE,0.5,0.1,0.35,5,2,,,,,,,,,,,,,,
J60_3.RCP,0,152.3194475,0.239055872,GA_roulette_single_point_adaptive_random_withLS_noNeighborhood,67,1000,0,50,60,,,,,,adaptive,single_point,random,TRUE,,,,,,,0.9,0.1,roulette,3,TRUE,FALSE,0.5,0.1,0.35,5,0,,,,,,,,,,,,,,
J60_3.RCP,1,145.8418356,0.239532948,GA_roulette_single_point_adaptive_random_withLS_noNeighborhood,67,1000,1,50,60,,,,,,adaptive,single_point,random,TRUE,,,,,,,0.9,0.1,roulette,3,TRUE,FALSE,0.5,0.1,0.35,5,0,,,,,,,,,,,,,,
J60_3.RCP,0,152.3194475,0.352957249,GA_roulette_single_point_adaptive_random_noLS_withNeighborhood,67,1000,0,50,60,,,,,,adaptive,single_point,random,FALSE,,,,,,,0.9,0.1,roulette,3,TRUE,FALSE,0.5,0.1,0.35,5,2,,,,,,,,,,,,,,
J60_3.RCP,1,145.8418356,0.352943659,GA_roulette_single_point_adaptive_random_noLS_withNeighborhood,67,1000,1,50,60,,,,,,adaptive,single_point,random,FALSE,,,,,,,0.9,0.1,roulette,3,TRUE,FALSE,0.5,0.1,0.35,5,2,,,,,,,,,,,,,,
J60_3.RCP,0,152.3194475,0.354318857,GA_roulette_single_point_adaptive_random_noLS_noNeighborhood,67,1000,0,50,60,,,,,,adaptive,single_point,random,FALSE,,,,,,,0.9,0.1,roulette,3,TRUE,FALSE,0.5,0.1,0.35,5,0,,,,,,,,,,,,,,
J60_3.RCP,1,145.8418356,0.352273226,GA_roulette_single_point_adaptive_random_noLS_noNeighborhood,67,1000,1,50,60,,,,,,adaptive,single_point,random,FALSE,,,,,,,0.9,0.1,roulette,3,TRUE,FALSE,0.5,0.1,0.35,5,0,,,,,,,,,,,,,,
J60_3.RCP,0,157.3343729,0.239661694,GA_roulette_single_point_adaptive_heuristic_withLS_withNeighborhood,67,1000,0,50,60,,,,,,adaptive,single_point,heuristic,TRUE,,,,,,,0.9,0.1,roulette,3,TRUE,FALSE,0.5,0.1,0.35,5,2,,,,,,,,,,,,,,
J60_3.RCP,1,169.3642237,0.242990971,GA_roulette_single_point_adaptive_heuristic_withLS_withNeighborhood,67,1000,1,50,60,,,,,,adaptive,single_point,heuristic,TRUE,,,,,,,0.9,0.1,roulette,3,TRUE,FALSE,0.5,0.1,0.35,5,2,,,,,,,,,,,,,,
J60_3.RCP,0,157.3343729,0.241418839,GA_roulette_single_point_adaptive_heuristic_withLS_noNeighborhood,67,1000,0,50,60,,,,,,adaptive,single_point,heuristic,TRUE,,,,,,,0.9,0.1,roulette,3,TRUE,FALSE,0.5,0.1,0.35,5,0,,,,,,,,,,,,,,
J60_3.RCP,1,169.3642237,0.238726854,GA_roulette_single_point_adaptive_heuristic_withLS_noNeighborhood,67,1000,1,50,60,,,,,,adaptive,single_point,heuristic,TRUE,,,,,,,0.9,0.1,roulette,3,TRUE,FALSE,0.5,0.1,0.35,5,0,,,,,,,,,,,,,,
J60_3.RCP,0,137.0358654,0.354485989,GA_roulette_single_point_adaptive_heuristic_noLS_withNeighborhood,67,1000,0,50,60,,,,,,adaptive,single_point,heuristic,FALSE,,,,,,,0.9,0.1,roulette,3,TRUE,FALSE,0.5,0.1,0.35,5,2,,,,,,,,,,,,,,
J60_3.RCP,1,164.856761,0.353730917,GA_roulette_single_point_adaptive_heuristic_noLS_withNeighborhood,67,1000,1,50,60,,,,,,adaptive,single_point,heuristic,FALSE,,,,,,,0.9,0.1,roulette,3,TRUE,FALSE,0.5,0.1,0.35,5,2,,,,,,,,,,,,,,
J60_3.RCP,0,137.0358654,0.354861021,GA_roulette_single_point_adaptive_heuristic_noLS_noNeighborhood,67,1000,0,50,60,,,,,,adaptive,single_point,heuristic,FALSE,,,,,,,0.9,0.1,roulette,3,TRUE,FALSE,0.5,0.1,0.35,5,0,,,,,,,,,,,,,,
J60_3.RCP,1,164.856761,0.353346825,GA_roulette_single_point_adaptive_heuristic_noLS_noNeighborhood,67,1000,1,50,60,,,,,,adaptive,single_point,heuristic,FALSE,,,,,,,0.9,0.1,roulette,3,TRUE,FALSE,0.5,0.1,0.35,5,0,,,,,,,,,,,,,,
J60_3.RCP,0,152.3194475,0.233197927,GA_roulette_two_point_random_random_withLS_withNeighborhood,67,1000,0,50,60,,,,,,random,two_point,random,TRUE,,,,,,,0.9,0.1,roulette,3,TRUE,FALSE,0.5,0.1,0.35,5,2,,,,,,,,,,,,,,
J60_3.RCP,1,167.5134774,0.233330965,GA_roulette_two_point_random_random_withLS_withNeighborhood,67,1000,1,50,60,,,,,,random,two_point,random,TRUE,,,,,,,0.9,0.1,roulette,3,TRUE,FALSE,0.5,0.1,0.35,5,2,,,,,,,,,,,,,,
J60_3.RCP,0,152.3194475,0.233412981,GA_roulette_two_point_random_random_withLS_noNeighborhood,67,1000,0,50,60,,,,,,random,two_point,random,TRUE,,,,,,,0.9,0.1,roulette,3,TRUE,FALSE,0.5,0.1,0.35,5,0,,,,,,,,,,,,,,
J60_3.RCP,1,167.5134774,0.232893944,GA_roulette_two_point_random_random_withLS_noNeighborhood,67,1000,1,50,60,,,,,,random,two_point,random,TRUE,,,,,,,0.9,0.1,roulette,3,TRUE,FALSE,0.5,0.1,0.35,5,0,,,,,,,,,,,,,,
J60_3.RCP,0,146.2895968,0.336294889,GA_roulette_two_point_random_random_noLS_withNeighborhood,67,1000,0,50,60,,,,,,random,two_point,random,FALSE,,,,,,,0.9,0.1,roulette,3,TRUE,FALSE,0.5,0.1,0.35,5,2,,,,,,,,,,,,,,
J60_3.RCP,1,156.737358,0.335546017,GA_roulette_two_point_random_random_noLS_withNeighborhood,67,1000,1,50,60,,,,,,random,two_point,random,FALSE,,,,,,,0.9,0.1,roulette,3,TRUE,FALSE,0.5,0.1,0.35,5,2,,,,,,,,,,,,,,
J60_3.RCP,0,146.2895968,0.335743427,GA_roulette_two_point_random_random_noLS_noNeighborhood,67,1000,0,50,60,,,,,,random,two_point,random,FALSE,,,,,,,0.9,0.1,roulette,3,TRUE,FALSE,0.5,0.1,0.35,5,0,,,,,,,,,,,,,,
J60_3.RCP,1,156.737358,0.335981131,GA_roulette_two_point_random_random_noLS_noNeighborhood,67,1000,1,50,60,,,,,,random,two_point,random,FALSE,,,,,,,0.9,0.1,roulette,3,TRUE,FALSE,0.5,0.1,0.35,5,0,,,,,,,,,,,,,,
J60_3.RCP,0,155.9910893,0.237046003,GA_roulette_two_point_random_heuristic_withLS_withNeighborhood,67,1000,0,50,60,,,,,,random,two_point,heuristic,TRUE,,,,,,,0.9,0.1,roulette,3,TRUE,FALSE,0.5,0.1,0.35,5,2,,,,,,,,,,,,,,
J60_3.RCP,1,167.8716863,0.240695953,GA_roulette_two_point_random_heuristic_withLS_withNeighborhood,67,1000,1,50,60,,,,,,random,two_point,heuristic,TRUE,,,,,,,0.9,0.1,roulette,3,TRUE,FALSE,0.5,0.1,0.35,5,2,,,,,,,,,,,,,,
J60_3.RCP,0,155.9910893,0.237820148,GA_roulette_two_point_random_heuristic_withLS_noNeighborhood,67,1000,0,50,60,,,,,,random,two_point,heuristic,TRUE,,,,,,,0.9,0.1,roulette,3,TRUE,FALSE,0.5,0.1,0.35,5,0,,,,,,,,,,,,,,
J60_3.RCP,1,167.8716863,0.236539841,GA_roulette_two_point_random_heuristic_withLS_noNeighborhood,67,1000,1,50,60,,,,,,random,two_point,heuristic,TRUE,,,,,,,0.9,0.1,roulette,3,TRUE,FALSE,0.5,0.1,0.35,5,0,,,,,,,,,,,,,,
J60_3.RCP,0,155.8119849,0.337563038,GA_roulette_two_point_random_heuristic_noLS_withNeighborhood,67,1000,0,50,60,,,,,,random,two_point,heuristic,FALSE,,,,,,,0.9,0.1,roulette,3,TRUE,FALSE,0.5,0.1,0.35,5,2,,,,,,,,,,,,,,
J60_3.RCP,1,146.4089998,0.338237047,GA_roulette_two_point_random_heuristic_noLS_withNeighborhood,67,1000,1,50,60,,,,,,random,two_point,heuristic,FALSE,,,,,,,0.9,0.1,roulette,3,TRUE,FALSE,0.5,0.1,0.35,5,2,,,,,,,,,,,,,,
J60_3.RCP,0,155.8119849,0.338720083,GA_roulette_two_point_random_heuristic_noLS_noNeighborhood,67,1000,0,50,60,,,,,,random,two_point,heuristic,FALSE,,,,,,,0.9,0.1,roulette,3,TRUE,FALSE,0.5,0.1,0.35,5,0,,,,,,,,,,,,,,
J60_3.RCP,1,146.4089998,0.340049028,GA_roulette_two_point_random_heuristic_noLS_noNeighborhood,67,1000,1,50,60,,,,,,random,two_point,heuristic,FALSE,,,,,,,0.9,0.1,roulette,3,TRUE,FALSE,0.5,0.1,0.35,5,0,,,,,,,,,,,,,,
J60_3.RCP,0,148.0806416,0.237462759,GA_roulette_two_point_adaptive_random_withLS_withNeighborhood,67,1000,0,50,60,,,,,,adaptive,two_point,random,TRUE,,,,,,,0.9,0.1,roulette,3,TRUE,FALSE,0.5,0.1,0.35,5,2,,,,,,,,,,,,,,
J60_3.RCP,1,165.9910893,0.239243984,GA_roulette_two_point_adaptive_random_withLS_withNeighborhood,67,1000,1,50,60,,,,,,adaptive,two_point,random,TRUE,,,,,,,0.9,0.1,roulette,3,TRUE,FALSE,0.5,0.1,0.35,5,2,,,,,,,,,,,,,,
J60_3.RCP,0,148.0806416,0.237913132,GA_roulette_two_point_adaptive_random_withLS_noNeighborhood,67,1000,0,50,60,,,,,,adaptive,two_point,random,TRUE,,,,,,,0.9,0.1,roulette,3,TRUE,FALSE,0.5,0.1,0.35,5,0,,,,,,,,,,,,,,
J60_3.RCP,1,165.9910893,0.239134073,GA_roulette_two_point_adaptive_random_withLS_noNeighborhood,67,1000,1,50,60,,,,,,adaptive,two_point,random,TRUE,,,,,,,0.9,0.1,roulette,3,TRUE,FALSE,0.5,0.1,0.35,5,0,,,,,,,,,,,,,,
J60_3.RCP,0,143.8716863,0.354063034,GA_roulette_two_point_adaptive_random_noLS_withNeighborhood,67,1000,0,50,60,,,,,,adaptive,two_point,random,FALSE,,,,,,,0.9,0.1,roulette,3,TRUE,FALSE,0.5,0.1,0.35,5,2,,,,,,,,,,,,,,
J60_3.RCP,1,163.2448207,0.354968071,GA_roulette_two_point_adaptive_random_noLS_withNeighborhood,67,1000,1,50,60,,,,,,adaptive,two_point,random,FALSE,,,,,,,0.9,0.1,roulette,3,TRUE,FALSE,0.5,0.1,0.35,5,2,,,,,,,,,,,,,,
J60_3.RCP,0,143.8716863,0.356221199,GA_roulette_two_point_adaptive_random_noLS_noNeighborhood,67,1000,0,50,60,,,,,,adaptive,two_point,random,FALSE,,,,,,,0.9,0.1,roulette,3,TRUE,FALSE,0.5,0.1,0.35,5,0,,,,,,,,,,,,,,
J60_3.RCP,1,163.2448207,0.364079237,GA_roulette_two_point_adaptive_random_noLS_noNeighborhood,67,1000,1,50,60,,,,,,adaptive,two_point,random,FALSE,,,,,,,0.9,0.1,roulette,3,TRUE,FALSE,0.5,0.1,0.35,5,0,,,,,,,,,,,,,,
J60_3.RCP,0,162.8269102,0.240303278,GA_roulette_two_point_adaptive_heuristic_withLS_withNeighborhood,67,1000,0,50,60,,,,,,adaptive,two_point,heuristic,TRUE,,,,,,,0.9,0.1,roulette,3,TRUE,FALSE,0.5,0.1,0.35,5,2,,,,,,,,,,,,,,
J60_3.RCP,1,169.3642237,0.239480972,GA_roulette_two_point_adaptive_heuristic_withLS_withNeighborhood,67,1000,1,50,60,,,,,,adaptive,two_point,heuristic,TRUE,,,,,,,0.9,0.1,roulette,3,TRUE,FALSE,0.5,0.1,0.35,5,2,,,,,,,,,,,,,,
J60_3.RCP,0,162.8269102,0.239474058,GA_roulette_two_point_adaptive_heuristic_withLS_noNeighborhood,67,1000,0,50,60,,,,,,adaptive,two_point,heuristic,TRUE,,,,,,,0.9,0.1,roulette,3,TRUE,FALSE,0.5,0.1,0.35,5,0,,,,,,,,,,,,,,
J60_3.RCP,1,169.3642237,0.239737272,GA_roulette_two_point_adaptive_heuristic_withLS_noNeighborhood,67,1000,1,50,60,,,,,,adaptive,two_point,heuristic,TRUE,,,,,,,0.9,0.1,roulette,3,TRUE,FALSE,0.5,0.1,0.35,5,0,,,,,,,,,,,,,,
J60_3.RCP,0,151.4537759,0.357084036,GA_roulette_two_point_adaptive_heuristic_noLS_withNeighborhood,67,1000,0,50,60,,,,,,adaptive,two_point,heuristic,FALSE,,,,,,,0.9,0.1,roulette,3,TRUE,FALSE,0.5,0.1,0.35,5,2,,,,,,,,,,,,,,
J60_3.RCP,1,155.0657162,0.356713057,GA_roulette_two_point_adaptive_heuristic_noLS_withNeighborhood,67,1000,1,50,60,,,,,,adaptive,two_point,heuristic,FALSE,,,,,,,0.9,0.1,roulette,3,TRUE,FALSE,0.5,0.1,0.35,5,2,,,,,,,,,,,,,,
J60_3.RCP,0,151.4537759,0.356655121,GA_roulette_two_point_adaptive_heuristic_noLS_noNeighborhood,67,1000,0,50,60,,,,,,adaptive,two_point,heuristic,FALSE,,,,,,,0.9,0.1,roulette,3,TRUE,FALSE,0.5,0.1,0.35,5,0,,,,,,,,,,,,,,
J60_3.RCP,1,155.0657162,0.361592054,GA_roulette_two_point_adaptive_heuristic_noLS_noNeighborhood,67,1000,1,50,60,,,,,,adaptive,two_point,heuristic,FALSE,,,,,,,0.9,0.1,roulette,3,TRUE,FALSE,0.5,0.1,0.35,5,0,,,,,,,,,,,,,,
J60_3.RCP,0,152.3194475,3.590618134,GA_roulette_rcx_random_random_withLS_withNeighborhood,67,1000,0,50,60,,,,,,random,rcx,random,TRUE,,,,,,,0.9,0.1,roulette,3,TRUE,FALSE,0.5,0.1,0.35,5,2,,,,,,,,,,,,,,
J60_3.RCP,1,161.2448207,3.502995968,GA_roulette_rcx_random_random_withLS_withNeighborhood,67,1000,1,50,60,,,,,,random,rcx,random,TRUE,,,,,,,0.9,0.1,roulette,3,TRUE,FALSE,0.5,0.1,0.35,5,2,,,,,,,,,,,,,,
J60_3.RCP,0,152.3194475,3.586583853,GA_roulette_rcx_random_random_withLS_noNeighborhood,67,1000,0,50,60,,,,,,random,rcx,random,TRUE,,,,,,,0.9,0.1,roulette,3,TRUE,FALSE,0.5,0.1,0.35,5,0,,,,,,,,,,,,,,
J60_3.RCP,1,161.2448207,3.556308985,GA_roulette_rcx_random_random_withLS_noNeighborhood,67,1000,1,50,60,,,,,,random,rcx,random,TRUE,,,,,,,0.9,0.1,roulette,3,TRUE,FALSE,0.5,0.1,0.35,5,0,,,,,,,,,,,,,,
J60_3.RCP,0,145.1254177,13.56611824,GA_roulette_rcx_random_random_noLS_withNeighborhood,67,1000,0,50,60,,,,,,random,rcx,random,FALSE,,,,,,,0.9,0.1,roulette,3,TRUE,FALSE,0.5,0.1,0.35,5,2,,,,,,,,,,,,,,
J60_3.RCP,1,149.5134774,13.26434517,GA_roulette_rcx_random_random_noLS_withNeighborhood,67,1000,1,50,60,,,,,,random,rcx,random,FALSE,,,,,,,0.9,0.1,roulette,3,TRUE,FALSE,0.5,0.1,0.35,5,2,,,,,,,,,,,,,,
J60_3.RCP,0,145.1254177,13.56339908,GA_roulette_rcx_random_random_noLS_noNeighborhood,67,1000,0,50,60,,,,,,random,rcx,random,FALSE,,,,,,,0.9,0.1,roulette,3,TRUE,FALSE,0.5,0.1,0.35,5,0,,,,,,,,,,,,,,
J60_3.RCP,1,149.5134774,13.24100208,GA_roulette_rcx_random_random_noLS_noNeighborhood,67,1000,1,50,60,,,,,,random,rcx,random,FALSE,,,,,,,0.9,0.1,roulette,3,TRUE,FALSE,0.5,0.1,0.35,5,0,,,,,,,,,,,,,,
J60_3.RCP,0,154.379149,3.348913193,GA_roulette_rcx_random_heuristic_withLS_withNeighborhood,67,1000,0,50,60,,,,,,random,rcx,heuristic,TRUE,,,,,,,0.9,0.1,roulette,3,TRUE,FALSE,0.5,0.1,0.35,5,2,,,,,,,,,,,,,,
J60_3.RCP,1,139.2746714,3.413616896,GA_roulette_rcx_random_heuristic_withLS_withNeighborhood,67,1000,1,50,60,,,,,,random,rcx,heuristic,TRUE,,,,,,,0.9,0.1,roulette,3,TRUE,FALSE,0.5,0.1,0.35,5,2,,,,,,,,,,,,,,
J60_3.RCP,0,154.379149,3.360861778,GA_roulette_rcx_random_heuristic_withLS_noNeighborhood,67,1000,0,50,60,,,,,,random,rcx,heuristic,TRUE,,,,,,,0.9,0.1,roulette,3,TRUE,FALSE,0.5,0.1,0.35,5,0,,,,,,,,,,,,,,
J60_3.RCP,1,139.2746714,3.404365778,GA_roulette_rcx_random_heuristic_withLS_noNeighborhood,67,1000,1,50,60,,,,,,random,rcx,heuristic,TRUE,,,,,,,0.9,0.1,roulette,3,TRUE,FALSE,0.5,0.1,0.35,5,0,,,,,,,,,,,,,,
J60_3.RCP,0,143.8418356,13.28552818,GA_roulette_rcx_random_heuristic_noLS_withNeighborhood,67,1000,0,50,60,,,,,,random,rcx,heuristic,FALSE,,,,,,,0.9,0.1,roulette,3,TRUE,FALSE,0.5,0.1,0.35,5,2,,,,,,,,,,,,,,
J60_3.RCP,1,139.2746714,12.97072005,GA_roulette_rcx_random_heuristic_noLS_withNeighborhood,67,1000,1,50,60,,,,,,random,rcx,heuristic,FALSE,,,,,,,0.9,0.1,roulette,3,TRUE,FALSE,0.5,0.1,0.35,5,2,,,,,,,,,,,,,,
J60_3.RCP,0,143.8418356,13.23542285,GA_roulette_rcx_random_heuristic_noLS_noNeighborhood,67,1000,0,50,60,,,,,,random,rcx,heuristic,FALSE,,,,,,,0.9,0.1,roulette,3,TRUE,FALSE,0.5,0.1,0.35,5,0,,,,,,,,,,,,,,
J60_3.RCP,1,139.2746714,12.96128297,GA_roulette_rcx_random_heuristic_noLS_noNeighborhood,67,1000,1,50,60,,,,,,random,rcx,heuristic,FALSE,,,,,,,0.9,0.1,roulette,3,TRUE,FALSE,0.5,0.1,0.35,5,0,,,,,,,,,,,,,,
J60_3.RCP,0,152.3194475,3.7531569,GA_roulette_rcx_adaptive_random_withLS_withNeighborhood,67,1000,0,50,60,,,,,,adaptive,rcx,random,TRUE,,,,,,,0.9,0.1,roulette,3,TRUE,FALSE,0.5,0.1,0.35,5,2,,,,,,,,,,,,,,
J60_3.RCP,1,171.0657162,3.625300884,GA_roulette_rcx_adaptive_random_withLS_withNeighborhood,67,1000,1,50,60,,,,,,adaptive,rcx,random,TRUE,,,,,,,0.9,0.1,roulette,3,TRUE,FALSE,0.5,0.1,0.35,5,2,,,,,,,,,,,,,,
J60_3.RCP,0,152.3194475,3.684175014,GA_roulette_rcx_adaptive_random_withLS_noNeighborhood,67,1000,0,50,60,,,,,,adaptive,rcx,random,TRUE,,,,,,,0.9,0.1,roulette,3,TRUE,FALSE,0.5,0.1,0.35,5,0,,,,,,,,,,,,,,
J60_3.RCP,1,171.0657162,3.589766979,GA_roulette_rcx_adaptive_random_withLS_noNeighborhood,67,1000,1,50,60,,,,,,adaptive,rcx,random,TRUE,,,,,,,0.9,0.1,roulette,3,TRUE,FALSE,0.5,0.1,0.35,5,0,,,,,,,,,,,,,,
J60_3.RCP,0,152.3194475,13.51497316,GA_roulette_rcx_adaptive_random_noLS_withNeighborhood,67,1000,0,50,60,,,,,,adaptive,rcx,random,FALSE,,,,,,,0.9,0.1,roulette,3,TRUE,FALSE,0.5,0.1,0.35,5,2,,,,,,,,,,,,,,
J60_3.RCP,1,158.9164625,13.44733286,GA_roulette_rcx_adaptive_random_noLS_withNeighborhood,67,1000,1,50,60,,,,,,adaptive,rcx,random,FALSE,,,,,,,0.9,0.1,roulette,3,TRUE,FALSE,0.5,0.1,0.35,5,2,,,,,,,,,,,,,,
J60_3.RCP,0,152.3194475,13.52600718,GA_roulette_rcx_adaptive_random_noLS_noNeighborhood,67,1000,0,50,60,,,,,,adaptive,rcx,random,FALSE,,,,,,,0.9,0.1,roulette,3,TRUE,FALSE,0.5,0.1,0.35,5,0,,,,,,,,,,,,,,
J60_3.RCP,1,158.9164625,13.449224,GA_roulette_rcx_adaptive_random_noLS_noNeighborhood,67,1000,1,50,60,,,,,,adaptive,rcx,random,FALSE,,,,,,,0.9,0.1,roulette,3,TRUE,FALSE,0.5,0.1,0.35,5,0,,,,,,,,,,,,,,
J60_3.RCP,0,135.1552684,3.584705114,GA_roulette_rcx_adaptive_heuristic_withLS_withNeighborhood,67,1000,0,50,60,,,,,,adaptive,rcx,heuristic,TRUE,,,,,,,0.9,0.1,roulette,3,TRUE,FALSE,0.5,0.1,0.35,5,2,,,,,,,,,,,,,,
J60_3.RCP,1,156.1701938,3.470314026,GA_roulette_rcx_adaptive_heuristic_withLS_withNeighborhood,67,1000,1,50,60,,,,,,adaptive,rcx,heuristic,TRUE,,,,,,,0.9,0.1,roulette,3,TRUE,FALSE,0.5,0.1,0.35,5,2,,,,,,,,,,,,,,
J60_3.RCP,0,135.1552684,3.586493015,GA_roulette_rcx_adaptive_heuristic_withLS_noNeighborhood,67,1000,0,50,60,,,,,,adaptive,rcx,heuristic,TRUE,,,,,,,0.9,0.1,roulette,3,TRUE,FALSE,0.5,0.1,0.35,5,0,,,,,,,,,,,,,,
J60_3.RCP,1,156.1701938,3.526715994,GA_roulette_rcx_adaptive_heuristic_withLS_noNeighborhood,67,1000,1,50,60,,,,,,adaptive,rcx,heuristic,TRUE,,,,,,,0.9,0.1,roulette,3,TRUE,FALSE,0.5,0.1,0.35,5,0,,,,,,,,,,,,,,
J60_3.RCP,0,135.1552684,13.41195583,GA_roulette_rcx_adaptive_heuristic_noLS_withNeighborhood,67,1000,0,50,60,,,,,,adaptive,rcx,heuristic,FALSE,,,,,,,0.9,0.1,roulette,3,TRUE,FALSE,0.5,0.1,0.35,5,2,,,,,,,,,,,,,,
J60_3.RCP,1,151.0358654,13.42347884,GA_roulette_rcx_adaptive_heuristic_noLS_withNeighborhood,67,1000,1,50,60,,,,,,adaptive,rcx,heuristic,FALSE,,,,,,,0.9,0.1,roulette,3,TRUE,FALSE,0.5,0.1,0.35,5,2,,,,,,,,,,,,,,
J60_3.RCP,0,135.1552684,13.37100196,GA_roulette_rcx_adaptive_heuristic_noLS_noNeighborhood,67,1000,0,50,60,,,,,,adaptive,rcx,heuristic,FALSE,,,,,,,0.9,0.1,roulette,3,TRUE,FALSE,0.5,0.1,0.35,5,0,,,,,,,,,,,,,,
J60_3.RCP,1,151.0358654,13.4195931,GA_roulette_rcx_adaptive_heuristic_noLS_noNeighborhood,67,1000,1,50,60,,,,,,adaptive,rcx,heuristic,FALSE,,,,,,,0.9,0.1,roulette,3,TRUE,FALSE,0.5,0.1,0.35,5,0,,,,,,,,,,,,,,
J60_3.RCP,0,152.3194475,0.23284483,GA_roulette_hybrid_random_random_withLS_withNeighborhood,67,1000,0,50,60,,,,,,random,hybrid,random,TRUE,,,,,,,0.9,0.1,roulette,3,TRUE,FALSE,0.5,0.1,0.35,5,2,,,,,,,,,,,,,,
J60_3.RCP,1,166.4388505,0.231742144,GA_roulette_hybrid_random_random_withLS_withNeighborhood,67,1000,1,50,60,,,,,,random,hybrid,random,TRUE,,,,,,,0.9,0.1,roulette,3,TRUE,FALSE,0.5,0.1,0.35,5,2,,,,,,,,,,,,,,
J60_3.RCP,0,152.3194475,0.231648207,GA_roulette_hybrid_random_random_withLS_noNeighborhood,67,1000,0,50,60,,,,,,random,hybrid,random,TRUE,,,,,,,0.9,0.1,roulette,3,TRUE,FALSE,0.5,0.1,0.35,5,0,,,,,,,,,,,,,,
J60_3.RCP,1,166.4388505,0.230516911,GA_roulette_hybrid_random_random_withLS_noNeighborhood,67,1000,1,50,60,,,,,,random,hybrid,random,TRUE,,,,,,,0.9,0.1,roulette,3,TRUE,FALSE,0.5,0.1,0.35,5,0,,,,,,,,,,,,,,
J60_3.RCP,0,152.3194475,0.331602097,GA_roulette_hybrid_random_random_noLS_withNeighborhood,67,1000,0,50,60,,,,,,random,hybrid,random,FALSE,,,,,,,0.9,0.1,roulette,3,TRUE,FALSE,0.5,0.1,0.35,5,2,,,,,,,,,,,,,,
J60_3.RCP,1,150.4089998,0.32861495,GA_roulette_hybrid_random_random_noLS_withNeighborhood,67,1000,1,50,60,,,,,,random,hybrid,random,FALSE,,,,,,,0.9,0.1,roulette,3,TRUE,FALSE,0.5,0.1,0.35,5,2,,,,,,,,,,,,,,
J60_3.RCP,0,152.3194475,0.329278946,GA_roulette_hybrid_random_random_noLS_noNeighborhood,67,1000,0,50,60,,,,,,random,hybrid,random,FALSE,,,,,,,0.9,0.1,roulette,3,TRUE,FALSE,0.5,0.1,0.35,5,0,,,,,,,,,,,,,,
J60_3.RCP,1,150.4089998,0.328458071,GA_roulette_hybrid_random_random_noLS_noNeighborhood,67,1000,1,50,60,,,,,,random,hybrid,random,FALSE,,,,,,,0.9,0.1,roulette,3,TRUE,FALSE,0.5,0.1,0.35,5,0,,,,,,,,,,,,,,
J60_3.RCP,0,153.4239252,0.233198881,GA_roulette_hybrid_random_heuristic_withLS_withNeighborhood,67,1000,0,50,60,,,,,,random,hybrid,heuristic,TRUE,,,,,,,0.9,0.1,roulette,3,TRUE,FALSE,0.5,0.1,0.35,5,2,,,,,,,,,,,,,,
J60_3.RCP,1,159.1254177,0.233301878,GA_roulette_hybrid_random_heuristic_withLS_withNeighborhood,67,1000,1,50,60,,,,,,random,hybrid,heuristic,TRUE,,,,,,,0.9,0.1,roulette,3,TRUE,FALSE,0.5,0.1,0.35,5,2,,,,,,,,,,,,,,
J60_3.RCP,0,153.4239252,0.234310865,GA_roulette_hybrid_random_heuristic_withLS_noNeighborhood,67,1000,0,50,60,,,,,,random,hybrid,heuristic,TRUE,,,,,,,0.9,0.1,roulette,3,TRUE,FALSE,0.5,0.1,0.35,5,0,,,,,,,,,,,,,,
J60_3.RCP,1,159.1254177,0.234287977,GA_roulette_hybrid_random_heuristic_withLS_noNeighborhood,67,1000,1,50,60,,,,,,random,hybrid,heuristic,TRUE,,,,,,,0.9,0.1,roulette,3,TRUE,FALSE,0.5,0.1,0.35,5,0,,,,,,,,,,,,,,
J60_3.RCP,0,148.1104923,0.330849886,GA_roulette_hybrid_random_heuristic_noLS_withNeighborhood,67,1000,0,50,60,,,,,,random,hybrid,heuristic,FALSE,,,,,,,0.9,0.1,roulette,3,TRUE,FALSE,0.5,0.1,0.35,5,2,,,,,,,,,,,,,,
J60_3.RCP,1,149.8716863,0.333597183,GA_roulette_hybrid_random_heuristic_noLS_withNeighborhood,67,1000,1,50,60,,,,,,random,hybrid,heuristic,FALSE,,,,,,,0.9,0.1,roulette,3,TRUE,FALSE,0.5,0.1,0.35,5,2,,,,,,,,,,,,,,
J60_3.RCP,0,148.1104923,0.331568241,GA_roulette_hybrid_random_heuristic_noLS_noNeighborhood,67,1000,0,50,60,,,,,,random,hybrid,heuristic,FALSE,,,,,,,0.9,0.1,roulette,3,TRUE,FALSE,0.5,0.1,0.35,5,0,,,,,,,,,,,,,,
J60_3.RCP,1,149.8716863,0.335757017,GA_roulette_hybrid_random_heuristic_noLS_noNeighborhood,67,1000,1,50,60,,,,,,random,hybrid,heuristic,FALSE,,,,,,,0.9,0.1,roulette,3,TRUE,FALSE,0.5,0.1,0.35,5,0,,,,,,,,,,,,,,
J60_3.RCP,0,152.3194475,0.237849951,GA_roulette_hybrid_adaptive_random_withLS_withNeighborhood,67,1000,0,50,60,,,,,,adaptive,hybrid,random,TRUE,,,,,,,0.9,0.1,roulette,3,TRUE,FALSE,0.5,0.1,0.35,5,2,,,,,,,,,,,,,,
J60_3.RCP,1,180.8269102,0.2426579,GA_roulette_hybrid_adaptive_random_withLS_withNeighborhood,67,1000,1,50,60,,,,,,adaptive,hybrid,random,TRUE,,,,,,,0.9,0.1,roulette,3,TRUE,FALSE,0.5,0.1,0.35,5,2,,,,,,,,,,,,,,
J60_3.RCP,0,152.3194475,0.240112066,GA_roulette_hybrid_adaptive_random_withLS_noNeighborhood,67,1000,0,50,60,,,,,,adaptive,hybrid,random,TRUE,,,,,,,0.9,0.1,roulette,3,TRUE,FALSE,0.5,0.1,0.35,5,0,,,,,,,,,,,,,,
J60_3.RCP,1,180.8269102,0.238893032,GA_roulette_hybrid_adaptive_random_withLS_noNeighborhood,67,1000,1,50,60,,,,,,adaptive,hybrid,random,TRUE,,,,,,,0.9,0.1,roulette,3,TRUE,FALSE,0.5,0.1,0.35,5,0,,,,,,,,,,,,,,
J60_3.RCP,0,152.3194475,0.34931612,GA_roulette_hybrid_adaptive_random_noLS_withNeighborhood,67,1000,0,50,60,,,,,,adaptive,hybrid,random,FALSE,,,,,,,0.9,0.1,roulette,3,TRUE,FALSE,0.5,0.1,0.35,5,2,,,,,,,,,,,,,,
J60_3.RCP,1,152.5284028,0.352423906,GA_roulette_hybrid_adaptive_random_noLS_withNeighborhood,67,1000,1,50,60,,,,,,adaptive,hybrid,random,FALSE,,,,,,,0.9,0.1,roulette,3,TRUE,FALSE,0.5,0.1,0.35,5,2,,,,,,,,,,,,,,
J60_3.RCP,0,152.3194475,0.347855806,GA_roulette_hybrid_adaptive_random_noLS_noNeighborhood,67,1000,0,50,60,,,,,,adaptive,hybrid,random,FALSE,,,,,,,0.9,0.1,roulette,3,TRUE,FALSE,0.5,0.1,0.35,5,0,,,,,,,,,,,,,,
J60_3.RCP,1,152.5284028,0.349951029,GA_roulette_hybrid_adaptive_random_noLS_noNeighborhood,67,1000,1,50,60,,,,,,adaptive,hybrid,random,FALSE,,,,,,,0.9,0.1,roulette,3,TRUE,FALSE,0.5,0.1,0.35,5,0,,,,,,,,,,,,,,
J60_3.RCP,0,167.0060147,0.237246037,GA_roulette_hybrid_adaptive_heuristic_withLS_withNeighborhood,67,1000,0,50,60,,,,,,adaptive,hybrid,heuristic,TRUE,,,,,,,0.9,0.1,roulette,3,TRUE,FALSE,0.5,0.1,0.35,5,2,,,,,,,,,,,,,,
J60_3.RCP,1,158.737358,0.237150908,GA_roulette_hybrid_adaptive_heuristic_withLS_withNeighborhood,67,1000,1,50,60,,,,,,adaptive,hybrid,heuristic,TRUE,,,,,,,0.9,0.1,roulette,3,TRUE,FALSE,0.5,0.1,0.35,5,2,,,,,,,,,,,,,,
J60_3.RCP,0,167.0060147,0.239651203,GA_roulette_hybrid_adaptive_heuristic_withLS_noNeighborhood,67,1000,0,50,60,,,,,,adaptive,hybrid,heuristic,TRUE,,,,,,,0.9,0.1,roulette,3,TRUE,FALSE,0.5,0.1,0.35,5,0,,,,,,,,,,,,,,
J60_3.RCP,1,158.737358,0.238671064,GA_roulette_hybrid_adaptive_heuristic_withLS_noNeighborhood,67,1000,1,50,60,,,,,,adaptive,hybrid,heuristic,TRUE,,,,,,,0.9,0.1,roulette,3,TRUE,FALSE,0.5,0.1,0.35,5,0,,,,,,,,,,,,,,
J60_3.RCP,0,167.0060147,0.350200176,GA_roulette_hybrid_adaptive_heuristic_noLS_withNeighborhood,67,1000,0,50,60,,,,,,adaptive,hybrid,heuristic,FALSE,,,,,,,0.9,0.1,roulette,3,TRUE,FALSE,0.5,0.1,0.35,5,2,,,,,,,,,,,,,,
J60_3.RCP,1,149.3940744,0.350463152,GA_roulette_hybrid_adaptive_heuristic_noLS_withNeighborhood,67,1000,1,50,60,,,,,,adaptive,hybrid,heuristic,FALSE,,,,,,,0.9,0.1,roulette,3,TRUE,FALSE,0.5,0.1,0.35,5,2,,,,,,,,,,,,,,
J60_3.RCP,0,167.0060147,0.3544631,GA_roulette_hybrid_adaptive_heuristic_noLS_noNeighborhood,67,1000,0,50,60,,,,,,adaptive,hybrid,heuristic,FALSE,,,,,,,0.9,0.1,roulette,3,TRUE,FALSE,0.5,0.1,0.35,5,0,,,,,,,,,,,,,,
J60_3.RCP,1,149.3940744,0.351350784,GA_roulette_hybrid_adaptive_heuristic_noLS_noNeighborhood,67,1000,1,50,60,,,,,,adaptive,hybrid,heuristic,FALSE,,,,,,,0.9,0.1,roulette,3,TRUE,FALSE,0.5,0.1,0.35,5,0,,,,,,,,,,,,,,
J60_3.RCP,0,131.7522834,0.233481169,GA_tournament_single_point_random_random_withLS_withNeighborhood,67,1000,0,50,60,,,,,,random,single_point,random,TRUE,,,,,,,0.9,0.1,tournament,3,TRUE,FALSE,0.5,0.1,0.35,5,2,,,,,,,,,,,,,,
J60_3.RCP,1,141.6925819,0.234519005,GA_tournament_single_point_random_random_withLS_withNeighborhood,67,1000,1,50,60,,,,,,random,single_point,random,TRUE,,,,,,,0.9,0.1,tournament,3,TRUE,FALSE,0.5,0.1,0.35,5,2,,,,,,,,,,,,,,
J60_3.RCP,0,131.7522834,0.233881712,GA_tournament_single_point_random_random_withLS_noNeighborhood,67,1000,0,50,60,,,,,,random,single_point,random,TRUE,,,,,,,0.9,0.1,tournament,3,TRUE,FALSE,0.5,0.1,0.35,5,0,,,,,,,,,,,,,,
J60_3.RCP,1,141.6925819,0.232884169,GA_tournament_single_point_random_random_withLS_noNeighborhood,67,1000,1,50,60,,,,,,random,single_point,random,TRUE,,,,,,,0.9,0.1,tournament,3,TRUE,FALSE,0.5,0.1,0.35,5,0,,,,,,,,,,,,,,
J60_3.RCP,0,114.8269102,0.337502003,GA_tournament_single_point_random_random_noLS_withNeighborhood,67,1000,0,50,60,,,,,,random,single_point,random,FALSE,,,,,,,0.9,0.1,tournament,3,TRUE,FALSE,0.5,0.1,0.35,5,2,,,,,,,,,,,,,,
J60_3.RCP,1,110.4687013,0.337000847,GA_tournament_single_point_random_random_noLS_withNeighborhood,67,1000,1,50,60,,,,,,random,single_point,random,FALSE,,,,,,,0.9,0.1,tournament,3,TRUE,FALSE,0.5,0.1,0.35,5,2,,,,,,,,,,,,,,
J60_3.RCP,0,114.8269102,0.33891201,GA_tournament_single_point_random_random_noLS_noNeighborhood,67,1000,0,50,60,,,,,,random,single_point,random,FALSE,,,,,,,0.9,0.1,tournament,3,TRUE,FALSE,0.5,0.1,0.35,5,0,,,,,,,,,,,,,,
J60_3.RCP,1,110.4687013,0.335517168,GA_tournament_single_point_random_random_noLS_noNeighborhood,67,1000,1,50,60,,,,,,random,single_point,random,FALSE,,,,,,,0.9,0.1,tournament,3,TRUE,FALSE,0.5,0.1,0.35,5,0,,,,,,,,,,,,,,
J60_3.RCP,0,136.5284028,0.23347497,GA_tournament_single_point_random_heuristic_withLS_withNeighborhood,67,1000,0,50,60,,,,,,random,single_point,heuristic,TRUE,,,,,,,0.9,0.1,tournament,3,TRUE,FALSE,0.5,0.1,0.35,5,2,,,,,,,,,,,,,,
J60_3.RCP,1,142.2000446,0.233772993,GA_tournament_single_point_random_heuristic_withLS_withNeighborhood,67,1000,1,50,60,,,,,,random,single_point,heuristic,TRUE,,,,,,,0.9,0.1,tournament,3,TRUE,FALSE,0.5,0.1,0.35,5,2,,,,,,,,,,,,,,
J60_3.RCP,0,136.5284028,0.234894991,GA_tournament_single_point_random_heuristic_withLS_noNeighborhood,67,1000,0,50,60,,,,,,random,single_point,heuristic,TRUE,,,,,,,0.9,0.1,tournament,3,TRUE,FALSE,0.5,0.1,0.35,5,0,,,,,,,,,,,,,,
J60_3.RCP,1,142.2000446,0.235685825,GA_tournament_single_point_random_heuristic_withLS_noNeighborhood,67,1000,1,50,60,,,,,,random,single_point,heuristic,TRUE,,,,,,,0.9,0.1,tournament,3,TRUE,FALSE,0.5,0.1,0.35,5,0,,,,,,,,,,,,,,
J60_3.RCP,0,120.3194475,0.338718891,GA_tournament_single_point_random_heuristic_noLS_withNeighborhood,67,1000,0,50,60,,,,,,random,single_point,heuristic,FALSE,,,,,,,0.9,0.1,tournament,3,TRUE,FALSE,0.5,0.1,0.35,5,2,,,,,,,,,,,,,,
J60_3.RCP,1,126.6478057,0.338176012,GA_tournament_single_point_random_heuristic_noLS_withNeighborhood,67,1000,1,50,60,,,,,,random,single_point,heuristic,FALSE,,,,,,,0.9,0.1,tournament,3,TRUE,FALSE,0.5,0.1,0.35,5,2,,,,,,,,,,,,,,
J60_3.RCP,0,120.3194475,0.340610027,GA_tournament_single_point_random_heuristic_noLS_noNeighborhood,67,1000,0,50,60,,,,,,random,single_point,heuristic,FALSE,,,,,,,0.9,0.1,tournament,3,TRUE,FALSE,0.5,0.1,0.35,5,0,,,,,,,,,,,,,,
J60_3.RCP,1,126.6478057,0.33811903,GA_tournament_single_point_random_heuristic_noLS_noNeighborhood,67,1000,1,50,60,,,,,,random,single_point,heuristic,FALSE,,,,,,,0.9,0.1,tournament,3,TRUE,FALSE,0.5,0.1,0.35,5,0,,,,,,,,,,,,,,
J60_3.RCP,0,152.3194475,0.238920927,GA_tournament_single_point_adaptive_random_withLS_withNeighborhood,67,1000,0,50,60,,,,,,adaptive,single_point,random,TRUE,,,,,,,0.9,0.1,tournament,3,TRUE,FALSE,0.5,0.1,0.35,5,2,,,,,,,,,,,,,,
J60_3.RCP,1,157.4239252,0.238088846,GA_tournament_single_point_adaptive_random_withLS_withNeighborhood,67,1000,1,50,60,,,,,,adaptive,single_point,random,TRUE,,,,,,,0.9,0.1,tournament,3,TRUE,FALSE,0.5,0.1,0.35,5,2,,,,,,,,,,,,,,
J60_3.RCP,0,152.3194475,0.238820076,GA_tournament_single_point_adaptive_random_withLS_noNeighborhood,67,1000,0,50,60,,,,,,adaptive,single_point,random,TRUE,,,,,,,0.9,0.1,tournament,3,TRUE,FALSE,0.5,0.1,0.35,5,0,,,,,,,,,,,,,,
J60_3.RCP,1,157.4239252,0.237757921,GA_tournament_single_point_adaptive_random_withLS_noNeighborhood,67,1000,1,50,60,,,,,,adaptive,single_point,random,TRUE,,,,,,,0.9,0.1,tournament,3,TRUE,FALSE,0.5,0.1,0.35,5,0,,,,,,,,,,,,,,
J60_3.RCP,0,140.6478057,0.355731964,GA_tournament_single_point_adaptive_random_noLS_withNeighborhood,67,1000,0,50,60,,,,,,adaptive,single_point,random,FALSE,,,,,,,0.9,0.1,tournament,3,TRUE,FALSE,0.5,0.1,0.35,5,2,,,,,,,,,,,,,,
J60_3.RCP,1,134.379149,0.357113838,GA_tournament_single_point_adaptive_random_noLS_withNeighborhood,67,1000,1,50,60,,,,,,adaptive,single_point,random,FALSE,,,,,,,0.9,0.1,tournament,3,TRUE,FALSE,0.5,0.1,0.35,5,2,,,,,,,,,,,,,,
J60_3.RCP,0,140.6478057,0.355046034,GA_tournament_single_point_adaptive_random_noLS_noNeighborhood,67,1000,0,50,60,,,,,,adaptive,single_point,random,FALSE,,,,,,,0.9,0.1,tournament,3,TRUE,FALSE,0.5,0.1,0.35,5,0,,,,,,,,,,,,,,
J60_3.RCP,1,134.379149,0.355080843,GA_tournament_single_point_adaptive_random_noLS_noNeighborhood,67,1000,1,50,60,,,,,,adaptive,single_point,random,FALSE,,,,,,,0.9,0.1,tournament,3,TRUE,FALSE,0.5,0.1,0.35,5,0,,,,,,,,,,,,,,
J60_3.RCP,0,144.379149,0.238574028,GA_tournament_single_point_adaptive_heuristic_withLS_withNeighborhood,67,1000,0,50,60,,,,,,adaptive,single_point,heuristic,TRUE,,,,,,,0.9,0.1,tournament,3,TRUE,FALSE,0.5,0.1,0.35,5,2,,,,,,,,,,,,,,
J60_3.RCP,1,152.7970595,0.237621069,GA_tournament_single_point_adaptive_heuristic_withLS_withNeighborhood,67,1000,1,50,60,,,,,,adaptive,single_point,heuristic,TRUE,,,,,,,0.9,0.1,tournament,3,TRUE,FALSE,0.5,0.1,0.35,5,2,,,,,,,,,,,,,,
J60_3.RCP,0,144.379149,0.237483025,GA_tournament_single_point_adaptive_heuristic_withLS_noNeighborhood,67,1000,0,50,60,,,,,,adaptive,single_point,heuristic,TRUE,,,,,,,0.9,0.1,tournament,3,TRUE,FALSE,0.5,0.1,0.35,5,0,,,,,,,,,,,,,,
J60_3.RCP,1,152.7970595,0.23946619,GA_tournament_single_point_adaptive_heuristic_withLS_noNeighborhood,67,1000,1,50,60,,,,,,adaptive,single_point,heuristic,TRUE,,,,,,,0.9,0.1,tournament,3,TRUE,FALSE,0.5,0.1,0.35,5,0,,,,,,,,,,,,,,
J60_3.RCP,0,133.8418356,0.355059147,GA_tournament_single_point_adaptive_heuristic_noLS_withNeighborhood,67,1000,0,50,60,,,,,,adaptive,single_point,heuristic,FALSE,,,,,,,0.9,0.1,tournament,3,TRUE,FALSE,0.5,0.1,0.35,5,2,,,,,,,,,,,,,,
J60_3.RCP,1,129.5134774,0.358042002,GA_tournament_single_point_adaptive_heuristic_noLS_withNeighborhood,67,1000,1,50,60,,,,,,adaptive,single_point,heuristic,FALSE,,,,,,,0.9,0.1,tournament,3,TRUE,FALSE,0.5,0.1,0.35,5,2,,,,,,,,,,,,,,
J60_3.RCP,0,133.8418356,0.357012033,GA_tournament_single_point_adaptive_heuristic_noLS_noNeighborhood,67,1000,0,50,60,,,,,,adaptive,single_point,heuristic,FALSE,,,,,,,0.9,0.1,tournament,3,TRUE,FALSE,0.5,0.1,0.35,5,0,,,,,,,,,,,,,,
J60_3.RCP,1,129.5134774,0.357820988,GA_tournament_single_point_adaptive_heuristic_noLS_noNeighborhood,67,1000,1,50,60,,,,,,adaptive,single_point,heuristic,FALSE,,,,,,,0.9,0.1,tournament,3,TRUE,FALSE,0.5,0.1,0.35,5,0,,,,,,,,,,,,,,
J60_3.RCP,0,143.2149699,0.23392415,GA_tournament_two_point_random_random_withLS_withNeighborhood,67,1000,0,50,60,,,,,,random,two_point,random,TRUE,,,,,,,0.9,0.1,tournament,3,TRUE,FALSE,0.5,0.1,0.35,5,2,,,,,,,,,,,,,,
J60_3.RCP,1,151.1552684,0.234143019,GA_tournament_two_point_random_random_withLS_withNeighborhood,67,1000,1,50,60,,,,,,random,two_point,random,TRUE,,,,,,,0.9,0.1,tournament,3,TRUE,FALSE,0.5,0.1,0.35,5,2,,,,,,,,,,,,,,
J60_3.RCP,0,143.2149699,0.233660936,GA_tournament_two_point_random_random_withLS_noNeighborhood,67,1000,0,50,60,,,,,,random,two_point,random,TRUE,,,,,,,0.9,0.1,tournament,3,TRUE,FALSE,0.5,0.1,0.35,5,0,,,,,,,,,,,,,,
J60_3.RCP,1,151.1552684,0.232610941,GA_tournament_two_point_random_random_withLS_noNeighborhood,67,1000,1,50,60,,,,,,random,two_point,random,TRUE,,,,,,,0.9,0.1,tournament,3,TRUE,FALSE,0.5,0.1,0.35,5,0,,,,,,,,,,,,,,
J60_3.RCP,0,119.8119849,0.337911129,GA_tournament_two_point_random_random_noLS_withNeighborhood,67,1000,0,50,60,,,,,,random,two_point,random,FALSE,,,,,,,0.9,0.1,tournament,3,TRUE,FALSE,0.5,0.1,0.35,5,2,,,,,,,,,,,,,,
J60_3.RCP,1,115.5731789,0.335610867,GA_tournament_two_point_random_random_noLS_withNeighborhood,67,1000,1,50,60,,,,,,random,two_point,random,FALSE,,,,,,,0.9,0.1,tournament,3,TRUE,FALSE,0.5,0.1,0.35,5,2,,,,,,,,,,,,,,
J60_3.RCP,0,119.8119849,0.335119009,GA_tournament_two_point_random_random_noLS_noNeighborhood,67,1000,0,50,60,,,,,,random,two_point,random,FALSE,,,,,,,0.9,0.1,tournament,3,TRUE,FALSE,0.5,0.1,0.35,5,0,,,,,,,,,,,,,,
J60_3.RCP,1,115.5731789,0.336708784,GA_tournament_two_point_random_random_noLS_noNeighborhood,67,1000,1,50,60,,,,,,random,two_point,random,FALSE,,,,,,,0.9,0.1,tournament,3,TRUE,FALSE,0.5,0.1,0.35,5,0,,,,,,,,,,,,,,
J60_3.RCP,0,141.4836266,0.233793974,GA_tournament_two_point_random_heuristic_withLS_withNeighborhood,67,1000,0,50,60,,,,,,random,two_point,heuristic,TRUE,,,,,,,0.9,0.1,tournament,3,TRUE,FALSE,0.5,0.1,0.35,5,2,,,,,,,,,,,,,,
J60_3.RCP,1,154.2298953,0.233258963,GA_tournament_two_point_random_heuristic_withLS_withNeighborhood,67,1000,1,50,60,,,,,,random,two_point,heuristic,TRUE,,,,,,,0.9,0.1,tournament,3,TRUE,FALSE,0.5,0.1,0.35,5,2,,,,,,,,,,,,,,
J60_3.RCP,0,141.4836266,0.234778166,GA_tournament_two_point_random_heuristic_withLS_noNeighborhood,67,1000,0,50,60,,,,,,random,two_point,heuristic,TRUE,,,,,,,0.9,0.1,tournament,3,TRUE,FALSE,0.5,0.1,0.35,5,0,,,,,,,,,,,,,,
J60_3.RCP,1,154.2298953,0.234362125,GA_tournament_two_point_random_heuristic_withLS_noNeighborhood,67,1000,1,50,60,,,,,,random,two_point,heuristic,TRUE,,,,,,,0.9,0.1,tournament,3,TRUE,FALSE,0.5,0.1,0.35,5,0,,,,,,,,,,,,,,
J60_3.RCP,0,128.6478057,0.345404148,GA_tournament_two_point_random_heuristic_noLS_withNeighborhood,67,1000,0,50,60,,,,,,random,two_point,heuristic,FALSE,,,,,,,0.9,0.1,tournament,3,TRUE,FALSE,0.5,0.1,0.35,5,2,,,,,,,,,,,,,,
J60_3.RCP,1,118.1104923,0.34465003,GA_tournament_two_point_random_heuristic_noLS_withNeighborhood,67,1000,1,50,60,,,,,,random,two_point,heuristic,FALSE,,,,,,,0.9,0.1,tournament,3,TRUE,FALSE,0.5,0.1,0.35,5,2,,,,,,,,,,,,,,
J60_3.RCP,0,128.6478057,0.345983982,GA_tournament_two_point_random_heuristic_noLS_noNeighborhood,67,1000,0,50,60,,,,,,random,two_point,heuristic,FALSE,,,,,,,0.9,0.1,tournament,3,TRUE,FALSE,0.5,0.1,0.35,5,0,,,,,,,,,,,,,,
J60_3.RCP,1,118.1104923,0.343582869,GA_tournament_two_point_random_heuristic_noLS_noNeighborhood,67,1000,1,50,60,,,,,,random,two_point,heuristic,FALSE,,,,,,,0.9,0.1,tournament,3,TRUE,FALSE,0.5,0.1,0.35,5,0,,,,,,,,,,,,,,
J60_3.RCP,0,151.3940744,0.242455006,GA_tournament_two_point_adaptive_random_withLS_withNeighborhood,67,1000,0,50,60,,,,,,adaptive,two_point,random,TRUE,,,,,,,0.9,0.1,tournament,3,TRUE,FALSE,0.5,0.1,0.35,5,2,,,,,,,,,,,,,,
J60_3.RCP,1,165.3940744,0.242566824,GA_tournament_two_point_adaptive_random_withLS_withNeighborhood,67,1000,1,50,60,,,,,,adaptive,two_point,random,TRUE,,,,,,,0.9,0.1,tournament,3,TRUE,FALSE,0.5,0.1,0.35,5,2,,,,,,,,,,,,,,
J60_3.RCP,0,151.3940744,0.243525267,GA_tournament_two_point_adaptive_random_withLS_noNeighborhood,67,1000,0,50,60,,,,,,adaptive,two_point,random,TRUE,,,,,,,0.9,0.1,tournament,3,TRUE,FALSE,0.5,0.1,0.35,5,0,,,,,,,,,,,,,,
J60_3.RCP,1,165.3940744,0.242512941,GA_tournament_two_point_adaptive_random_withLS_noNeighborhood,67,1000,1,50,60,,,,,,adaptive,two_point,random,TRUE,,,,,,,0.9,0.1,tournament,3,TRUE,FALSE,0.5,0.1,0.35,5,0,,,,,,,,,,,,,,
J60_3.RCP,0,129.4239252,0.36461401,GA_tournament_two_point_adaptive_random_noLS_withNeighborhood,67,1000,0,50,60,,,,,,adaptive,two_point,random,FALSE,,,,,,,0.9,0.1,tournament,3,TRUE,FALSE,0.5,0.1,0.35,5,2,,,,,,,,,,,,,,
J60_3.RCP,1,132.1104923,0.361129999,GA_tournament_two_point_adaptive_random_noLS_withNeighborhood,67,1000,1,50,60,,,,,,adaptive,two_point,random,FALSE,,,,,,,0.9,0.1,tournament,3,TRUE,FALSE,0.5,0.1,0.35,5,2,,,,,,,,,,,,,,
J60_3.RCP,0,129.4239252,0.356937885,GA_tournament_two_point_adaptive_random_noLS_noNeighborhood,67,1000,0,50,60,,,,,,adaptive,two_point,random,FALSE,,,,,,,0.9,0.1,tournament,3,TRUE,FALSE,0.5,0.1,0.35,5,0,,,,,,,,,,,,,,
J60_3.RCP,1,132.1104923,0.357126236,GA_tournament_two_point_adaptive_random_noLS_noNeighborhood,67,1000,1,50,60,,,,,,adaptive,two_point,random,FALSE,,,,,,,0.9,0.1,tournament,3,TRUE,FALSE,0.5,0.1,0.35,5,0,,,,,,,,,,,,,,
J60_3.RCP,0,147.5731789,0.238591194,GA_tournament_two_point_adaptive_heuristic_withLS_withNeighborhood,67,1000,0,50,60,,,,,,adaptive,two_point,heuristic,TRUE,,,,,,,0.9,0.1,tournament,3,TRUE,FALSE,0.5,0.1,0.35,5,2,,,,,,,,,,,,,,
J60_3.RCP,1,146.2895968,0.24152112,GA_tournament_two_point_adaptive_heuristic_withLS_withNeighborhood,67,1000,1,50,60,,,,,,adaptive,two_point,heuristic,TRUE,,,,,,,0.9,0.1,tournament,3,TRUE,FALSE,0.5,0.1,0.35,5,2,,,,,,,,,,,,,,
J60_3.RCP,0,147.5731789,0.240312815,GA_tournament_two_point_adaptive_heuristic_withLS_noNeighborhood,67,1000,0,50,60,,,,,,adaptive,two_point,heuristic,TRUE,,,,,,,0.9,0.1,tournament,3,TRUE,FALSE,0.5,0.1,0.35,5,0,,,,,,,,,,,,,,
J60_3.RCP,1,146.2895968,0.244538069,GA_tournament_two_point_adaptive_heuristic_withLS_noNeighborhood,67,1000,1,50,60,,,,,,adaptive,two_point,heuristic,TRUE,,,,,,,0.9,0.1,tournament,3,TRUE,FALSE,0.5,0.1,0.35,5,0,,,,,,,,,,,,,,
J60_3.RCP,0,131.6030296,0.360724926,GA_tournament_two_point_adaptive_heuristic_noLS_withNeighborhood,67,1000,0,50,60,,,,,,adaptive,two_point,heuristic,FALSE,,,,,,,0.9,0.1,tournament,3,TRUE,FALSE,0.5,0.1,0.35,5,2,,,,,,,,,,,,,,
J60_3.RCP,1,131.1851192,0.358645201,GA_tournament_two_point_adaptive_heuristic_noLS_withNeighborhood,67,1000,1,50,60,,,,,,adaptive,two_point,heuristic,FALSE,,,,,,,0.9,0.1,tournament,3,TRUE,FALSE,0.5,0.1,0.35,5,2,,,,,,,,,,,,,,
J60_3.RCP,0,131.6030296,0.357970953,GA_tournament_two_point_adaptive_heuristic_noLS_noNeighborhood,67,1000,0,50,60,,,,,,adaptive,two_point,heuristic,FALSE,,,,,,,0.9,0.1,tournament,3,TRUE,FALSE,0.5,0.1,0.35,5,0,,,,,,,,,,,,,,
J60_3.RCP,1,131.1851192,0.357021809,GA_tournament_two_point_adaptive_heuristic_noLS_noNeighborhood,67,1000,1,50,60,,,,,,adaptive,two_point,heuristic,FALSE,,,,,,,0.9,0.1,tournament,3,TRUE,FALSE,0.5,0.1,0.35,5,0,,,,,,,,,,,,,,
J60_3.RCP,0,152.3194475,1.911017418,GA_tournament_rcx_random_random_withLS_withNeighborhood,67,1000,0,50,60,,,,,,random,rcx,random,TRUE,,,,,,,0.9,0.1,tournament,3,TRUE,FALSE,0.5,0.1,0.35,5,2,,,,,,,,,,,,,,
J60_3.RCP,1,156.617955,1.896797895,GA_tournament_rcx_random_random_withLS_withNeighborhood,67,1000,1,50,60,,,,,,random,rcx,random,TRUE,,,,,,,0.9,0.1,tournament,3,TRUE,FALSE,0.5,0.1,0.35,5,2,,,,,,,,,,,,,,
J60_3.RCP,0,152.3194475,1.915744066,GA_tournament_rcx_random_random_withLS_noNeighborhood,67,1000,0,50,60,,,,,,random,rcx,random,TRUE,,,,,,,0.9,0.1,tournament,3,TRUE,FALSE,0.5,0.1,0.35,5,0,,,,,,,,,,,,,,
J60_3.RCP,1,156.617955,1.90250802,GA_tournament_rcx_random_random_withLS_noNeighborhood,67,1000,1,50,60,,,,,,random,rcx,random,TRUE,,,,,,,0.9,0.1,tournament,3,TRUE,FALSE,0.5,0.1,0.35,5,0,,,,,,,,,,,,,,
J60_3.RCP,0,123.4836266,6.887983084,GA_tournament_rcx_random_random_noLS_withNeighborhood,67,1000,0,50,60,,,,,,random,rcx,random,FALSE,,,,,,,0.9,0.1,tournament,3,TRUE,FALSE,0.5,0.1,0.35,5,2,,,,,,,,,,,,,,
J60_3.RCP,1,114.7970595,6.763795137,GA_tournament_rcx_random_random_noLS_withNeighborhood,67,1000,1,50,60,,,,,,random,rcx,random,FALSE,,,,,,,0.9,0.1,tournament,3,TRUE,FALSE,0.5,0.1,0.35,5,2,,,,,,,,,,,,,,
J60_3.RCP,0,123.4836266,6.880463839,GA_tournament_rcx_random_random_noLS_noNeighborhood,67,1000,0,50,60,,,,,,random,rcx,random,FALSE,,,,,,,0.9,0.1,tournament,3,TRUE,FALSE,0.5,0.1,0.35,5,0,,,,,,,,,,,,,,
J60_3.RCP,1,114.7970595,6.77188611,GA_tournament_rcx_random_random_noLS_noNeighborhood,67,1000,1,50,60,,,,,,random,rcx,random,FALSE,,,,,,,0.9,0.1,tournament,3,TRUE,FALSE,0.5,0.1,0.35,5,0,,,,,,,,,,,,,,
J60_3.RCP,0,144.1403431,1.890738964,GA_tournament_rcx_random_heuristic_withLS_withNeighborhood,67,1000,0,50,60,,,,,,random,rcx,heuristic,TRUE,,,,,,,0.9,0.1,tournament,3,TRUE,FALSE,0.5,0.1,0.35,5,2,,,,,,,,,,,,,,
J60_3.RCP,1,138.9164625,1.906823874,GA_tournament_rcx_random_heuristic_withLS_withNeighborhood,67,1000,1,50,60,,,,,,random,rcx,heuristic,TRUE,,,,,,,0.9,0.1,tournament,3,TRUE,FALSE,0.5,0.1,0.35,5,2,,,,,,,,,,,,,,
J60_3.RCP,0,144.1403431,1.858808041,GA_tournament_rcx_random_heuristic_withLS_noNeighborhood,67,1000,0,50,60,,,,,,random,rcx,heuristic,TRUE,,,,,,,0.9,0.1,tournament,3,TRUE,FALSE,0.5,0.1,0.35,5,0,,,,,,,,,,,,,,
J60_3.RCP,1,138.9164625,1.907230854,GA_tournament_rcx_random_heuristic_withLS_noNeighborhood,67,1000,1,50,60,,,,,,random,rcx,heuristic,TRUE,,,,,,,0.9,0.1,tournament,3,TRUE,FALSE,0.5,0.1,0.35,5,0,,,,,,,,,,,,,,
J60_3.RCP,0,125.9612386,6.803081989,GA_tournament_rcx_random_heuristic_noLS_withNeighborhood,67,1000,0,50,60,,,,,,random,rcx,heuristic,FALSE,,,,,,,0.9,0.1,tournament,3,TRUE,FALSE,0.5,0.1,0.35,5,2,,,,,,,,,,,,,,
J60_3.RCP,1,121.6030296,6.76282692,GA_tournament_rcx_random_heuristic_noLS_withNeighborhood,67,1000,1,50,60,,,,,,random,rcx,heuristic,FALSE,,,,,,,0.9,0.1,tournament,3,TRUE,FALSE,0.5,0.1,0.35,5,2,,,,,,,,,,,,,,
J60_3.RCP,0,125.9612386,6.78636694,GA_tournament_rcx_random_heuristic_noLS_noNeighborhood,67,1000,0,50,60,,,,,,random,rcx,heuristic,FALSE,,,,,,,0.9,0.1,tournament,3,TRUE,FALSE,0.5,0.1,0.35,5,0,,,,,,,,,,,,,,
J60_3.RCP,1,121.6030296,6.746236086,GA_tournament_rcx_random_heuristic_noLS_noNeighborhood,67,1000,1,50,60,,,,,,random,rcx,heuristic,FALSE,,,,,,,0.9,0.1,tournament,3,TRUE,FALSE,0.5,0.1,0.35,5,0,,,,,,,,,,,,,,
J60_3.RCP,0,152.3194475,1.938015938,GA_tournament_rcx_adaptive_random_withLS_withNeighborhood,67,1000,0,50,60,,,,,,adaptive,rcx,random,TRUE,,,,,,,0.9,0.1,tournament,3,TRUE,FALSE,0.5,0.1,0.35,5,2,,,,,,,,,,,,,,
J60_3.RCP,1,158.1104923,1.833347797,GA_tournament_rcx_adaptive_random_withLS_withNeighborhood,67,1000,1,50,60,,,,,,adaptive,rcx,random,TRUE,,,,,,,0.9,0.1,tournament,3,TRUE,FALSE,0.5,0.1,0.35,5,2,,,,,,,,,,,,,,
J60_3.RCP,0,152.3194475,1.946751833,GA_tournament_rcx_adaptive_random_withLS_noNeighborhood,67,1000,0,50,60,,,,,,adaptive,rcx,random,TRUE,,,,,,,0.9,0.1,tournament,3,TRUE,FALSE,0.5,0.1,0.35,5,0,,,,,,,,,,,,,,
J60_3.RCP,1,158.1104923,1.870285749,GA_tournament_rcx_adaptive_random_withLS_noNeighborhood,67,1000,1,50,60,,,,,,adaptive,rcx,random,TRUE,,,,,,,0.9,0.1,tournament,3,TRUE,FALSE,0.5,0.1,0.35,5,0,,,,,,,,,,,,,,
J60_3.RCP,0,139.7522834,7.158072233,GA_tournament_rcx_adaptive_random_noLS_withNeighborhood,67,1000,0,50,60,,,,,,adaptive,rcx,random,FALSE,,,,,,,0.9,0.1,tournament,3,TRUE,FALSE,0.5,0.1,0.35,5,2,,,,,,,,,,,,,,
J60_3.RCP,1,121.3642237,6.925423145,GA_tournament_rcx_adaptive_random_noLS_withNeighborhood,67,1000,1,50,60,,,,,,adaptive,rcx,random,FALSE,,,,,,,0.9,0.1,tournament,3,TRUE,FALSE,0.5,0.1,0.35,5,2,,,,,,,,,,,,,,
J60_3.RCP,0,139.7522834,6.953126907,GA_tournament_rcx_adaptive_random_noLS_noNeighborhood,67,1000,0,50,60,,,,,,adaptive,rcx,random,FALSE,,,,,,,0.9,0.1,tournament,3,TRUE,FALSE,0.5,0.1,0.35,5,0,,,,,,,,,,,,,,
J60_3.RCP,1,121.3642237,6.79363203,GA_tournament_rcx_adaptive_random_noLS_noNeighborhood,67,1000,1,50,60,,,,,,adaptive,rcx,random,FALSE,,,,,,,0.9,0.1,tournament,3,TRUE,FALSE,0.5,0.1,0.35,5,0,,,,,,,,,,,,,,
J60_3.RCP,0,136.3194475,1.830394268,GA_tournament_rcx_adaptive_heuristic_withLS_withNeighborhood,67,1000,0,50,60,,,,,,adaptive,rcx,heuristic,TRUE,,,,,,,0.9,0.1,tournament,3,TRUE,FALSE,0.5,0.1,0.35,5,2,,,,,,,,,,,,,,
J60_3.RCP,1,148.737358,1.857307196,GA_tournament_rcx_adaptive_heuristic_withLS_withNeighborhood,67,1000,1,50,60,,,,,,adaptive,rcx,heuristic,TRUE,,,,,,,0.9,0.1,tournament,3,TRUE,FALSE,0.5,0.1,0.35,5,2,,,,,,,,,,,,,,
J60_3.RCP,0,136.3194475,1.822060823,GA_tournament_rcx_adaptive_heuristic_withLS_noNeighborhood,67,1000,0,50,60,,,,,,adaptive,rcx,heuristic,TRUE,,,,,,,0.9,0.1,tournament,3,TRUE,FALSE,0.5,0.1,0.35,5,0,,,,,,,,,,,,,,
J60_3.RCP,1,148.737358,1.858321905,GA_tournament_rcx_adaptive_heuristic_withLS_noNeighborhood,67,1000,1,50,60,,,,,,adaptive,rcx,heuristic,TRUE,,,,,,,0.9,0.1,tournament,3,TRUE,FALSE,0.5,0.1,0.35,5,0,,,,,,,,,,,,,,
J60_3.RCP,0,126.976164,6.782803059,GA_tournament_rcx_adaptive_heuristic_noLS_withNeighborhood,67,1000,0,50,60,,,,,,adaptive,rcx,heuristic,FALSE,,,,,,,0.9,0.1,tournament,3,TRUE,FALSE,0.5,0.1,0.35,5,2,,,,,,,,,,,,,,
J60_3.RCP,1,131.6030296,6.717693806,GA_tournament_rcx_adaptive_heuristic_noLS_withNeighborhood,67,1000,1,50,60,,,,,,adaptive,rcx,heuristic,FALSE,,,,,,,0.9,0.1,tournament,3,TRUE,FALSE,0.5,0.1,0.35,5,2,,,,,,,,,,,,,,
J60_3.RCP,0,126.976164,6.729039669,GA_tournament_rcx_adaptive_heuristic_noLS_noNeighborhood,67,1000,0,50,60,,,,,,adaptive,rcx,heuristic,FALSE,,,,,,,0.9,0.1,tournament,3,TRUE,FALSE,0.5,0.1,0.35,5,0,,,,,,,,,,,,,,
J60_3.RCP,1,131.6030296,6.721312046,GA_tournament_rcx_adaptive_heuristic_noLS_noNeighborhood,67,1000,1,50,60,,,,,,adaptive,rcx,heuristic,FALSE,,,,,,,0.9,0.1,tournament,3,TRUE,FALSE,0.5,0.1,0.35,5,0,,,,,,,,,,,,,,
J60_3.RCP,0,152.3194475,1.110746861,GA_tournament_hybrid_random_random_withLS_withNeighborhood,67,1000,0,50,60,,,,,,random,hybrid,random,TRUE,,,,,,,0.9,0.1,tournament,3,TRUE,FALSE,0.5,0.1,0.35,5,2,,,,,,,,,,,,,,
J60_3.RCP,1,163.2149699,1.061808825,GA_tournament_hybrid_random_random_withLS_withNeighborhood,67,1000,1,50,60,,,,,,random,hybrid,random,TRUE,,,,,,,0.9,0.1,tournament,3,TRUE,FALSE,0.5,0.1,0.35,5,2,,,,,,,,,,,,,,
J60_3.RCP,0,152.3194475,1.098310232,GA_tournament_hybrid_random_random_withLS_noNeighborhood,67,1000,0,50,60,,,,,,random,hybrid,random,TRUE,,,,,,,0.9,0.1,tournament,3,TRUE,FALSE,0.5,0.1,0.35,5,0,,,,,,,,,,,,,,
J60_3.RCP,1,163.2149699,1.054206848,GA_tournament_hybrid_random_random_withLS_noNeighborhood,67,1000,1,50,60,,,,,,random,hybrid,random,TRUE,,,,,,,0.9,0.1,tournament,3,TRUE,FALSE,0.5,0.1,0.35,5,0,,,,,,,,,,,,,,
J60_3.RCP,0,130.0507908,3.735457182,GA_tournament_hybrid_random_random_noLS_withNeighborhood,67,1000,0,50,60,,,,,,random,hybrid,random,FALSE,,,,,,,0.9,0.1,tournament,3,TRUE,FALSE,0.5,0.1,0.35,5,2,,,,,,,,,,,,,,
J60_3.RCP,1,118.2298953,3.743842125,GA_tournament_hybrid_random_random_noLS_withNeighborhood,67,1000,1,50,60,,,,,,random,hybrid,random,FALSE,,,,,,,0.9,0.1,tournament,3,TRUE,FALSE,0.5,0.1,0.35,5,2,,,,,,,,,,,,,,
J60_3.RCP,0,130.0507908,3.723772049,GA_tournament_hybrid_random_random_noLS_noNeighborhood,67,1000,0,50,60,,,,,,random,hybrid,random,FALSE,,,,,,,0.9,0.1,tournament,3,TRUE,FALSE,0.5,0.1,0.35,5,0,,,,,,,,,,,,,,
J60_3.RCP,1,118.2298953,3.780766964,GA_tournament_hybrid_random_random_noLS_noNeighborhood,67,1000,1,50,60,,,,,,random,hybrid,random,FALSE,,,,,,,0.9,0.1,tournament,3,TRUE,FALSE,0.5,0.1,0.35,5,0,,,,,,,,,,,,,,
J60_3.RCP,0,150.0806416,1.040297985,GA_tournament_hybrid_random_heuristic_withLS_withNeighborhood,67,1000,0,50,60,,,,,,random,hybrid,heuristic,TRUE,,,,,,,0.9,0.1,tournament,3,TRUE,FALSE,0.5,0.1,0.35,5,2,,,,,,,,,,,,,,
J60_3.RCP,1,144.7672087,1.066546917,GA_tournament_hybrid_random_heuristic_withLS_withNeighborhood,67,1000,1,50,60,,,,,,random,hybrid,heuristic,TRUE,,,,,,,0.9,0.1,tournament,3,TRUE,FALSE,0.5,0.1,0.35,5,2,,,,,,,,,,,,,,
J60_3.RCP,0,150.0806416,1.010113001,GA_tournament_hybrid_random_heuristic_withLS_noNeighborhood,67,1000,0,50,60,,,,,,random,hybrid,heuristic,TRUE,,,,,,,0.9,0.1,tournament,3,TRUE,FALSE,0.5,0.1,0.35,5,0,,,,,,,,,,,,,,
J60_3.RCP,1,144.7672087,1.048435926,GA_tournament_hybrid_random_heuristic_withLS_noNeighborhood,67,1000,1,50,60,,,,,,random,hybrid,heuristic,TRUE,,,,,,,0.9,0.1,tournament,3,TRUE,FALSE,0.5,0.1,0.35,5,0,,,,,,,,,,,,,,
J60_3.RCP,0,126.6776565,3.541877031,GA_tournament_hybrid_random_heuristic_noLS_withNeighborhood,67,1000,0,50,60,,,,,,random,hybrid,heuristic,FALSE,,,,,,,0.9,0.1,tournament,3,TRUE,FALSE,0.5,0.1,0.35,5,2,,,,,,,,,,,,,,
J60_3.RCP,1,113.7522834,3.61498189,GA_tournament_hybrid_random_heuristic_noLS_withNeighborhood,67,1000,1,50,60,,,,,,random,hybrid,heuristic,FALSE,,,,,,,0.9,0.1,tournament,3,TRUE,FALSE,0.5,0.1,0.35,5,2,,,,,,,,,,,,,,
J60_3.RCP,0,126.6776565,3.551495314,GA_tournament_hybrid_random_heuristic_noLS_noNeighborhood,67,1000,0,50,60,,,,,,random,hybrid,heuristic,FALSE,,,,,,,0.9,0.1,tournament,3,TRUE,FALSE,0.5,0.1,0.35,5,0,,,,,,,,,,,,,,
J60_3.RCP,1,113.7522834,3.570907831,GA_tournament_hybrid_random_heuristic_noLS_noNeighborhood,67,1000,1,50,60,,,,,,random,hybrid,heuristic,FALSE,,,,,,,0.9,0.1,tournament,3,TRUE,FALSE,0.5,0.1,0.35,5,0,,,,,,,,,,,,,,
J60_3.RCP,0,140.8269102,1.128039837,GA_tournament_hybrid_adaptive_random_withLS_withNeighborhood,67,1000,0,50,60,,,,,,adaptive,hybrid,random,TRUE,,,,,,,0.9,0.1,tournament,3,TRUE,FALSE,0.5,0.1,0.35,5,2,,,,,,,,,,,,,,
J60_3.RCP,1,159.6627311,1.066886187,GA_tournament_hybrid_adaptive_random_withLS_withNeighborhood,67,1000,1,50,60,,,,,,adaptive,hybrid,random,TRUE,,,,,,,0.9,0.1,tournament,3,TRUE,FALSE,0.5,0.1,0.35,5,2,,,,,,,,,,,,,,
J60_3.RCP,0,140.8269102,1.118222952,GA_tournament_hybrid_adaptive_random_withLS_noNeighborhood,67,1000,0,50,60,,,,,,adaptive,hybrid,random,TRUE,,,,,,,0.9,0.1,tournament,3,TRUE,FALSE,0.5,0.1,0.35,5,0,,,,,,,,,,,,,,
J60_3.RCP,1,159.6627311,1.067355871,GA_tournament_hybrid_adaptive_random_withLS_noNeighborhood,67,1000,1,50,60,,,,,,adaptive,hybrid,random,TRUE,,,,,,,0.9,0.1,tournament,3,TRUE,FALSE,0.5,0.1,0.35,5,0,,,,,,,,,,,,,,
J60_3.RCP,0,126.617955,3.783313036,GA_tournament_hybrid_adaptive_random_noLS_withNeighborhood,67,1000,0,50,60,,,,,,adaptive,hybrid,random,FALSE,,,,,,,0.9,0.1,tournament,3,TRUE,FALSE,0.5,0.1,0.35,5,2,,,,,,,,,,,,,,
J60_3.RCP,1,126.1403431,3.601619959,GA_tournament_hybrid_adaptive_random_noLS_withNeighborhood,67,1000,1,50,60,,,,,,adaptive,hybrid,random,FALSE,,,,,,,0.9,0.1,tournament,3,TRUE,FALSE,0.5,0.1,0.35,5,2,,,,,,,,,,,,,,
J60_3.RCP,0,126.617955,3.796983004,GA_tournament_hybrid_adaptive_random_noLS_noNeighborhood,67,1000,0,50,60,,,,,,adaptive,hybrid,random,FALSE,,,,,,,0.9,0.1,tournament,3,TRUE,FALSE,0.5,0.1,0.35,5,0,,,,,,,,,,,,,,
J60_3.RCP,1,126.1403431,3.592323065,GA_tournament_hybrid_adaptive_random_noLS_noNeighborhood,67,1000,1,50,60,,,,,,adaptive,hybrid,random,FALSE,,,,,,,0.9,0.1,tournament,3,TRUE,FALSE,0.5,0.1,0.35,5,0,,,,,,,,,,,,,,
J60_3.RCP,0,133.6925819,1.063824177,GA_tournament_hybrid_adaptive_heuristic_withLS_withNeighborhood,67,1000,0,50,60,,,,,,adaptive,hybrid,heuristic,TRUE,,,,,,,0.9,0.1,tournament,3,TRUE,FALSE,0.5,0.1,0.35,5,2,,,,,,,,,,,,,,
J60_3.RCP,1,147.3343729,1.06925106,GA_tournament_hybrid_adaptive_heuristic_withLS_withNeighborhood,67,1000,1,50,60,,,,,,adaptive,hybrid,heuristic,TRUE,,,,,,,0.9,0.1,tournament,3,TRUE,FALSE,0.5,0.1,0.35,5,2,,,,,,,,,,,,,,
J60_3.RCP,0,133.6925819,1.07423377,GA_tournament_hybrid_adaptive_heuristic_withLS_noNeighborhood,67,1000,0,50,60,,,,,,adaptive,hybrid,heuristic,TRUE,,,,,,,0.9,0.1,tournament,3,TRUE,FALSE,0.5,0.1,0.35,5,0,,,,,,,,,,,,,,
J60_3.RCP,1,147.3343729,1.077977896,GA_tournament_hybrid_adaptive_heuristic_withLS_noNeighborhood,67,1000,1,50,60,,,,,,adaptive,hybrid,heuristic,TRUE,,,,,,,0.9,0.1,tournament,3,TRUE,FALSE,0.5,0.1,0.35,5,0,,,,,,,,,,,,,,
J60_3.RCP,0,122.9463132,3.660568953,GA_tournament_hybrid_adaptive_heuristic_noLS_withNeighborhood,67,1000,0,50,60,,,,,,adaptive,hybrid,heuristic,FALSE,,,,,,,0.9,0.1,tournament,3,TRUE,FALSE,0.5,0.1,0.35,5,2,,,,,,,,,,,,,,
J60_3.RCP,1,133.9910893,3.718747854,GA_tournament_hybrid_adaptive_heuristic_noLS_withNeighborhood,67,1000,1,50,60,,,,,,adaptive,hybrid,heuristic,FALSE,,,,,,,0.9,0.1,tournament,3,TRUE,FALSE,0.5,0.1,0.35,5,2,,,,,,,,,,,,,,
J60_3.RCP,0,122.9463132,3.676384687,GA_tournament_hybrid_adaptive_heuristic_noLS_noNeighborhood,67,1000,0,50,60,,,,,,adaptive,hybrid,heuristic,FALSE,,,,,,,0.9,0.1,tournament,3,TRUE,FALSE,0.5,0.1,0.35,5,0,,,,,,,,,,,,,,
J60_3.RCP,1,133.9910893,3.712609053,GA_tournament_hybrid_adaptive_heuristic_noLS_noNeighborhood,67,1000,1,50,60,,,,,,adaptive,hybrid,heuristic,FALSE,,,,,,,0.9,0.1,tournament,3,TRUE,FALSE,0.5,0.1,0.35,5,0,,,,,,,,,,,,,,
J60_3.RCP,0,156.617955,0.198120117,SA_default,67,1000,0,,60,,,,,,,,,,,,,,,,,,,,,,,,,,,10000,0.995,10,,,,,,,,,,,
J60_3.RCP,1,190.3194475,0.196295023,SA_default,67,1000,1,,60,,,,,,,,,,,,,,,,,,,,,,,,,,,10000,0.995,10,,,,,,,,,,,
J60_3.RCP,0,233.0060147,0.188842058,ILS_strength3,67,1000,0,,60,100,,,,,,,,,,,,,,,,,,,,,,,,,,,,,3,,,,,,,,,,
J60_3.RCP,1,224.8866117,0.189062834,ILS_strength3,67,1000,1,,60,100,,,,,,,,,,,,,,,,,,,,,,,,,,,,,3,,,,,,,,,,
J60_3.RCP,0,233.0060147,0.194044828,ILS_strength5,67,1000,0,,60,100,,,,,,,,,,,,,,,,,,,,,,,,,,,,,5,,,,,,,,,,
J60_3.RCP,1,224.8866117,0.190725088,ILS_strength5,67,1000,1,,60,100,,,,,,,,,,,,,,,,,,,,,,,,,,,,,5,,,,,,,,,,
J60_3.RCP,0,233.0060147,0.188731909,ILS_strength7,67,1000,0,,60,100,,,,,,,,,,,,,,,,,,,,,,,,,,,,,7,,,,,,,,,,
J60_3.RCP,1,224.8866117,0.188846111,ILS_strength7,67,1000,1,,60,100,,,,,,,,,,,,,,,,,,,,,,,,,,,,,7,,,,,,,,,,
J60_3.RCP,0,233.0060147,0.18812108,ILS_strength10,67,1000,0,,60,100,,,,,,,,,,,,,,,,,,,,,,,,,,,,,10,,,,,,,,,,
J60_3.RCP,1,224.8866117,0.188474894,ILS_strength10,67,1000,1,,60,100,,,,,,,,,,,,,,,,,,,,,,,,,,,,,10,,,,,,,,,,
J60_3.RCP,0,233.0060147,0.187892914,ILS_strength15,67,1000,0,,60,100,,,,,,,,,,,,,,,,,,,,,,,,,,,,,15,,,,,,,,,,
J60_3.RCP,1,224.8866117,0.188609123,ILS_strength15,67,1000,1,,60,100,,,,,,,,,,,,,,,,,,,,,,,,,,,,,15,,,,,,,,,,
J60_3.RCP,0,95.09556694,0.196592093,TS_static,67,1000,0,,60,100,,,,,,,,,,,,,,,,,,,,,,,,,20,,,,,10,TRUE,static,1,4,10,,,,
J60_3.RCP,1,99.18511918,0.197072983,TS_static,67,1000,1,,60,100,,,,,,,,,,,,,,,,,,,,,,,,,20,,,,,10,TRUE,static,1,4,10,,,,
J60_3.RCP,0,95.09556694,0.201200247,TS_dynamic,67,1000,0,,60,100,,,,,,,,,,,,,,,,,,,,,,,,,20,,,,,10,TRUE,dynamic,1,4,10,,,,
J60_3.RCP,1,99.18511918,0.207111835,TS_dynamic,67,1000,1,,60,100,,,,,,,,,,,,,,,,,,,,,,,,,20,,,,,10,TRUE,dynamic,1,4,10,,,,
J60_3.RCP,0,253.1851192,0.233834982,PR_forward_best_withLS,67,1000,0,,60,100,,,,,,,,TRUE,,,,,,,,,best,,,,,,,,,,,,,,,,,,,10,forward,50,
J60_3.RCP,1,230.737358,0.232573986,PR_forward_best_withLS,67,1000,1,,60,100,,,,,,,,TRUE,,,,,,,,,best,,,,,,,,,,,,,,,,,,,10,forward,50,
J60_3.RCP,0,188.6776565,0.138266087,PR_forward_best_noLS,67,1000,0,,60,100,,,,,,,,FALSE,,,,,,,,,best,,,,,,,,,,,,,,,,,,,10,forward,50,
J60_3.RCP,1,162.8269102,0.092707872,PR_forward_best_noLS,67,1000,1,,60,100,,,,,,,,FALSE,,,,,,,,,best,,,,,,,,,,,,,,,,,,,10,forward,50,
J60_3.RCP,0,230.0507908,0.231934071,PR_backward_best_withLS,67,1000,0,,60,100,,,,,,,,TRUE,,,,,,,,,best,,,,,,,,,,,,,,,,,,,10,backward,50,
J60_3.RCP,1,238.1701938,0.231673241,PR_backward_best_withLS,67,1000,1,,60,100,,,,,,,,TRUE,,,,,,,,,best,,,,,,,,,,,,,,,,,,,10,backward,50,
J60_3.RCP,0,182.4687013,0.097033978,PR_backward_best_noLS,67,1000,0,,60,100,,,,,,,,FALSE,,,,,,,,,best,,,,,,,,,,,,,,,,,,,10,backward,50,
J60_3.RCP,1,160.9164625,0.093022823,PR_backward_best_noLS,67,1000,1,,60,100,,,,,,,,FALSE,,,,,,,,,best,,,,,,,,,,,,,,,,,,,10,backward,50,
J60_3.RCP,0,152.3194475,1.580673933,GSA_default,67,1000,0,50,60,100,,,,,,,random,,,,,,,,,,,,TRUE,,20,,,,,,,,,,,,,,,,,,100
J60_3.RCP,1,182.8866117,1.58294487,GSA_default,67,1000,1,50,60,100,,,,,,,random,,,,,,,,,,,,TRUE,,20,,,,,,,,,,,,,,,,,,100
J90_1.RCP,0,191.0581421,0.372735977,DE_rand/1_adaptiveF_bin_adaptiveCR_withLS,67,1000,0,50,60,100,0.1,0.9,TRUE,TRUE,rand/1,bin,random,TRUE,5,0.3,1.5,0.3,1,1,,,,,,,,,,,,,,,,,,,,,,,,,
J90_1.RCP,1,189.0879929,0.375380993,DE_rand/1_adaptiveF_bin_adaptiveCR_withLS,67,1000,1,50,60,100,0.1,0.9,TRUE,TRUE,rand/1,bin,random,TRUE,5,0.3,1.5,0.3,1,1,,,,,,,,,,,,,,,,,,,,,,,,,
J90_1.RCP,0,177.4760526,0.368126869,DE_rand/1_adaptiveF_bin_adaptiveCR_noLS,67,1000,0,50,60,100,0.1,0.9,TRUE,TRUE,rand/1,bin,random,FALSE,5,0.3,1.5,0.3,1,1,,,,,,,,,,,,,,,,,,,,,,,,,
J90_1.RCP,1,187.6850078,0.365643978,DE_rand/1_adaptiveF_bin_adaptiveCR_noLS,67,1000,1,50,60,100,0.1,0.9,TRUE,TRUE,rand/1,bin,random,FALSE,5,0.3,1.5,0.3,1,1,,,,,,,,,,,,,,,,,,,,,,,,,
J90_1.RCP,0,150.013366,0.370781898,DE_rand/1_adaptiveF_bin_fixedCR_withLS,67,1000,0,50,60,100,0.1,0.9,TRUE,FALSE,rand/1,bin,random,TRUE,5,0.3,1.5,0.3,1,1,,,,,,,,,,,,,,,,,,,,,,,,,
J90_1.RCP,1,166.7596347,0.370401859,DE_rand/1_adaptiveF_bin_fixedCR_withLS,67,1000,1,50,60,100,0.1,0.9,TRUE,FALSE,rand/1,bin,random,TRUE,5,0.3,1.5,0.3,1,1,,,,,,,,,,,,,,,,,,,,,,,,,
J90_1.RCP,0,160.1626197,0.364870787,DE_rand/1_adaptiveF_bin_fixedCR_noLS,67,1000,0,50,60,100,0.1,0.9,TRUE,FALSE,rand/1,bin,random,FALSE,5,0.3,1.5,0.3,1,1,,,,,,,,,,,,,,,,,,,,,,,,,
J90_1.RCP,1,163.0581421,0.367758989,DE_rand/1_adaptiveF_bin_fixedCR_noLS,67,1000,1,50,60,100,0.1,0.9,TRUE,FALSE,rand/1,bin,random,FALSE,5,0.3,1.5,0.3,1,1,,,,,,,,,,,,,,,,,,,,,,,,,
J90_1.RCP,0,180.4611272,0.373286009,DE_rand/1_adaptiveF_exp_adaptiveCR_withLS,67,1000,0,50,60,100,0.1,0.9,TRUE,TRUE,rand/1,exp,random,TRUE,5,0.3,1.5,0.3,1,1,,,,,,,,,,,,,,,,,,,,,,,,,
J90_1.RCP,1,182.8790376,0.375071049,DE_rand/1_adaptiveF_exp_adaptiveCR_withLS,67,1000,1,50,60,100,0.1,0.9,TRUE,TRUE,rand/1,exp,random,TRUE,5,0.3,1.5,0.3,1,1,,,,,,,,,,,,,,,,,,,,,,,,,
J90_1.RCP,0,182.9984406,0.368741035,DE_rand/1_adaptiveF_exp_adaptiveCR_noLS,67,1000,0,50,60,100,0.1,0.9,TRUE,TRUE,rand/1,exp,random,FALSE,5,0.3,1.5,0.3,1,1,,,,,,,,,,,,,,,,,,,,,,,,,
J90_1.RCP,1,176.4014257,0.370480061,DE_rand/1_adaptiveF_exp_adaptiveCR_noLS,67,1000,1,50,60,100,0.1,0.9,TRUE,TRUE,rand/1,exp,random,FALSE,5,0.3,1.5,0.3,1,1,,,,,,,,,,,,,,,,,,,,,,,,,
J90_1.RCP,0,155.2969481,0.372011185,DE_rand/1_adaptiveF_exp_fixedCR_withLS,67,1000,0,50,60,100,0.1,0.9,TRUE,FALSE,rand/1,exp,random,TRUE,5,0.3,1.5,0.3,1,1,,,,,,,,,,,,,,,,,,,,,,,,,
J90_1.RCP,1,164.4611272,0.372296095,DE_rand/1_adaptiveF_exp_fixedCR_withLS,67,1000,1,50,60,100,0.1,0.9,TRUE,FALSE,rand/1,exp,random,TRUE,5,0.3,1.5,0.3,1,1,,,,,,,,,,,,,,,,,,,,,,,,,
J90_1.RCP,0,164.5805302,0.367634296,DE_rand/1_adaptiveF_exp_fixedCR_noLS,67,1000,0,50,60,100,0.1,0.9,TRUE,FALSE,rand/1,exp,random,FALSE,5,0.3,1.5,0.3,1,1,,,,,,,,,,,,,,,,,,,,,,,,,
J90_1.RCP,1,143.2073959,0.368266821,DE_rand/1_adaptiveF_exp_fixedCR_noLS,67,1000,1,50,60,100,0.1,0.9,TRUE,FALSE,rand/1,exp,random,FALSE,5,0.3,1.5,0.3,1,1,,,,,,,,,,,,,,,,,,,,,,,,,
J90_1.RCP,0,197.4462018,0.394104004,DE_rand/1_fixedF_bin_adaptiveCR_withLS,67,1000,0,50,60,100,0.1,0.9,FALSE,TRUE,rand/1,bin,random,TRUE,5,0.3,1.5,0.3,1,1,,,,,,,,,,,,,,,,,,,,,,,,,
J90_1.RCP,1,194.8193362,0.390565157,DE_rand/1_fixedF_bin_adaptiveCR_withLS,67,1000,1,50,60,100,0.1,0.9,FALSE,TRUE,rand/1,bin,random,TRUE,5,0.3,1.5,0.3,1,1,,,,,,,,,,,,,,,,,,,,,,,,,
J90_1.RCP,0,181.4462018,0.386799812,DE_rand/1_fixedF_bin_adaptiveCR_noLS,67,1000,0,50,60,100,0.1,0.9,FALSE,TRUE,rand/1,bin,random,FALSE,5,0.3,1.5,0.3,1,1,,,,,,,,,,,,,,,,,,,,,,,,,
J90_1.RCP,1,192.9088884,0.385447264,DE_rand/1_fixedF_bin_adaptiveCR_noLS,67,1000,1,50,60,100,0.1,0.9,FALSE,TRUE,rand/1,bin,random,FALSE,5,0.3,1.5,0.3,1,1,,,,,,,,,,,,,,,,,,,,,,,,,
J90_1.RCP,0,180.7297839,0.381950855,DE_rand/1_fixedF_bin_fixedCR_withLS,67,1000,0,50,60,100,0.1,0.9,FALSE,FALSE,rand/1,bin,random,TRUE,5,0.3,1.5,0.3,1,1,,,,,,,,,,,,,,,,,,,,,,,,,
J90_1.RCP,1,180.8790376,0.381434917,DE_rand/1_fixedF_bin_fixedCR_withLS,67,1000,1,50,60,100,0.1,0.9,FALSE,FALSE,rand/1,bin,random,TRUE,5,0.3,1.5,0.3,1,1,,,,,,,,,,,,,,,,,,,,,,,,,
J90_1.RCP,0,184.6999332,0.376554012,DE_rand/1_fixedF_bin_fixedCR_noLS,67,1000,0,50,60,100,0.1,0.9,FALSE,FALSE,rand/1,bin,random,FALSE,5,0.3,1.5,0.3,1,1,,,,,,,,,,,,,,,,,,,,,,,,,
J90_1.RCP,1,188.4312765,0.37459898,DE_rand/1_fixedF_bin_fixedCR_noLS,67,1000,1,50,60,100,0.1,0.9,FALSE,FALSE,rand/1,bin,random,FALSE,5,0.3,1.5,0.3,1,1,,,,,,,,,,,,,,,,,,,,,,,,,
J90_1.RCP,0,167.8342615,0.393895864,DE_rand/1_fixedF_exp_adaptiveCR_withLS,67,1000,0,50,60,100,0.1,0.9,FALSE,TRUE,rand/1,exp,random,TRUE,5,0.3,1.5,0.3,1,1,,,,,,,,,,,,,,,,,,,,,,,,,
J90_1.RCP,1,187.5656048,0.392741919,DE_rand/1_fixedF_exp_adaptiveCR_withLS,67,1000,1,50,60,100,0.1,0.9,FALSE,TRUE,rand/1,exp,random,TRUE,5,0.3,1.5,0.3,1,1,,,,,,,,,,,,,,,,,,,,,,,,,
J90_1.RCP,0,194.7894854,0.390365124,DE_rand/1_fixedF_exp_adaptiveCR_noLS,67,1000,0,50,60,100,0.1,0.9,FALSE,TRUE,rand/1,exp,random,FALSE,5,0.3,1.5,0.3,1,1,,,,,,,,,,,,,,,,,,,,,,,,,
J90_1.RCP,1,193.5954556,0.387465954,DE_rand/1_fixedF_exp_adaptiveCR_noLS,67,1000,1,50,60,100,0.1,0.9,FALSE,TRUE,rand/1,exp,random,FALSE,5,0.3,1.5,0.3,1,1,,,,,,,,,,,,,,,,,,,,,,,,,
J90_1.RCP,0,178.371575,0.38327384,DE_rand/1_fixedF_exp_fixedCR_withLS,67,1000,0,50,60,100,0.1,0.9,FALSE,FALSE,rand/1,exp,random,TRUE,5,0.3,1.5,0.3,1,1,,,,,,,,,,,,,,,,,,,,,,,,,
J90_1.RCP,1,183.5059033,0.383984089,DE_rand/1_fixedF_exp_fixedCR_withLS,67,1000,1,50,60,100,0.1,0.9,FALSE,FALSE,rand/1,exp,random,TRUE,5,0.3,1.5,0.3,1,1,,,,,,,,,,,,,,,,,,,,,,,,,
J90_1.RCP,0,190.5805302,0.37705493,DE_rand/1_fixedF_exp_fixedCR_noLS,67,1000,0,50,60,100,0.1,0.9,FALSE,FALSE,rand/1,exp,random,FALSE,5,0.3,1.5,0.3,1,1,,,,,,,,,,,,,,,,,,,,,,,,,
J90_1.RCP,1,179.0581421,0.376929045,DE_rand/1_fixedF_exp_fixedCR_noLS,67,1000,1,50,60,100,0.1,0.9,FALSE,FALSE,rand/1,exp,random,FALSE,5,0.3,1.5,0.3,1,1,,,,,,,,,,,,,,,,,,,,,,,,,
J90_1.RCP,0,188.132769,0.378524065,DE_rand/2_adaptiveF_bin_adaptiveCR_withLS,67,1000,0,50,60,100,0.1,0.9,TRUE,TRUE,rand/2,bin,random,TRUE,5,0.3,1.5,0.3,1,1,,,,,,,,,,,,,,,,,,,,,,,,,
J90_1.RCP,1,169.6253063,0.383221865,DE_rand/2_adaptiveF_bin_adaptiveCR_withLS,67,1000,1,50,60,100,0.1,0.9,TRUE,TRUE,rand/2,bin,random,TRUE,5,0.3,1.5,0.3,1,1,,,,,,,,,,,,,,,,,,,,,,,,,
J90_1.RCP,0,168.2820227,0.380705118,DE_rand/2_adaptiveF_bin_adaptiveCR_noLS,67,1000,0,50,60,100,0.1,0.9,TRUE,TRUE,rand/2,bin,random,FALSE,5,0.3,1.5,0.3,1,1,,,,,,,,,,,,,,,,,,,,,,,,,
J90_1.RCP,1,184.6999332,0.381488085,DE_rand/2_adaptiveF_bin_adaptiveCR_noLS,67,1000,1,50,60,100,0.1,0.9,TRUE,TRUE,rand/2,bin,random,FALSE,5,0.3,1.5,0.3,1,1,,,,,,,,,,,,,,,,,,,,,,,,,
J90_1.RCP,0,159.2969481,0.381247997,DE_rand/2_adaptiveF_bin_fixedCR_withLS,67,1000,0,50,60,100,0.1,0.9,TRUE,FALSE,rand/2,bin,random,TRUE,5,0.3,1.5,0.3,1,1,,,,,,,,,,,,,,,,,,,,,,,,,
J90_1.RCP,1,151.77456,0.382622957,DE_rand/2_adaptiveF_bin_fixedCR_withLS,67,1000,1,50,60,100,0.1,0.9,TRUE,FALSE,rand/2,bin,random,TRUE,5,0.3,1.5,0.3,1,1,,,,,,,,,,,,,,,,,,,,,,,,,
J90_1.RCP,0,150.5208287,0.380573034,DE_rand/2_adaptiveF_bin_fixedCR_noLS,67,1000,0,50,60,100,0.1,0.9,TRUE,FALSE,rand/2,bin,random,FALSE,5,0.3,1.5,0.3,1,1,,,,,,,,,,,,,,,,,,,,,,,,,
J90_1.RCP,1,156.9088884,0.376224995,DE_rand/2_adaptiveF_bin_fixedCR_noLS,67,1000,1,50,60,100,0.1,0.9,TRUE,FALSE,rand/2,bin,random,FALSE,5,0.3,1.5,0.3,1,1,,,,,,,,,,,,,,,,,,,,,,,,,
J90_1.RCP,0,185.8641123,0.386043072,DE_rand/2_adaptiveF_exp_adaptiveCR_withLS,67,1000,0,50,60,100,0.1,0.9,TRUE,TRUE,rand/2,exp,random,TRUE,5,0.3,1.5,0.3,1,1,,,,,,,,,,,,,,,,,,,,,,,,,
J90_1.RCP,1,178.8790376,0.379974127,DE_rand/2_adaptiveF_exp_adaptiveCR_withLS,67,1000,1,50,60,100,0.1,0.9,TRUE,TRUE,rand/2,exp,random,TRUE,5,0.3,1.5,0.3,1,1,,,,,,,,,,,,,,,,,,,,,,,,,
J90_1.RCP,0,185.0282914,0.377139091,DE_rand/2_adaptiveF_exp_adaptiveCR_noLS,67,1000,0,50,60,100,0.1,0.9,TRUE,TRUE,rand/2,exp,random,FALSE,5,0.3,1.5,0.3,1,1,,,,,,,,,,,,,,,,,,,,,,,,,
J90_1.RCP,1,166.9088884,0.378410101,DE_rand/2_adaptiveF_exp_adaptiveCR_noLS,67,1000,1,50,60,100,0.1,0.9,TRUE,TRUE,rand/2,exp,random,FALSE,5,0.3,1.5,0.3,1,1,,,,,,,,,,,,,,,,,,,,,,,,,
J90_1.RCP,0,155.893963,0.37744689,DE_rand/2_adaptiveF_exp_fixedCR_withLS,67,1000,0,50,60,100,0.1,0.9,TRUE,FALSE,rand/2,exp,random,TRUE,5,0.3,1.5,0.3,1,1,,,,,,,,,,,,,,,,,,,,,,,,,
J90_1.RCP,1,163.1476944,0.38666296,DE_rand/2_adaptiveF_exp_fixedCR_withLS,67,1000,1,50,60,100,0.1,0.9,TRUE,FALSE,rand/2,exp,random,TRUE,5,0.3,1.5,0.3,1,1,,,,,,,,,,,,,,,,,,,,,,,,,
J90_1.RCP,0,159.4163511,0.376216173,DE_rand/2_adaptiveF_exp_fixedCR_noLS,67,1000,0,50,60,100,0.1,0.9,TRUE,FALSE,rand/2,exp,random,FALSE,5,0.3,1.5,0.3,1,1,,,,,,,,,,,,,,,,,,,,,,,,,
J90_1.RCP,1,149.4462018,0.373981953,DE_rand/2_adaptiveF_exp_fixedCR_noLS,67,1000,1,50,60,100,0.1,0.9,TRUE,FALSE,rand/2,exp,random,FALSE,5,0.3,1.5,0.3,1,1,,,,,,,,,,,,,,,,,,,,,,,,,
J90_1.RCP,0,181.5656048,0.414796114,DE_rand/2_fixedF_bin_adaptiveCR_withLS,67,1000,0,50,60,100,0.1,0.9,FALSE,TRUE,rand/2,bin,random,TRUE,5,0.3,1.5,0.3,1,1,,,,,,,,,,,,,,,,,,,,,,,,,
J90_1.RCP,1,194.3417242,0.413835049,DE_rand/2_fixedF_bin_adaptiveCR_withLS,67,1000,1,50,60,100,0.1,0.9,FALSE,TRUE,rand/2,bin,random,TRUE,5,0.3,1.5,0.3,1,1,,,,,,,,,,,,,,,,,,,,,,,,,
J90_1.RCP,0,178.4909779,0.410055399,DE_rand/2_fixedF_bin_adaptiveCR_noLS,67,1000,0,50,60,100,0.1,0.9,FALSE,TRUE,rand/2,bin,random,FALSE,5,0.3,1.5,0.3,1,1,,,,,,,,,,,,,,,,,,,,,,,,,
J90_1.RCP,1,170.4611272,0.407332182,DE_rand/2_fixedF_bin_adaptiveCR_noLS,67,1000,1,50,60,100,0.1,0.9,FALSE,TRUE,rand/2,bin,random,FALSE,5,0.3,1.5,0.3,1,1,,,,,,,,,,,,,,,,,,,,,,,,,
J90_1.RCP,0,188.2820227,0.400408983,DE_rand/2_fixedF_bin_fixedCR_withLS,67,1000,0,50,60,100,0.1,0.9,FALSE,FALSE,rand/2,bin,random,TRUE,5,0.3,1.5,0.3,1,1,,,,,,,,,,,,,,,,,,,,,,,,,
J90_1.RCP,1,181.8641123,0.401529074,DE_rand/2_fixedF_bin_fixedCR_withLS,67,1000,1,50,60,100,0.1,0.9,FALSE,FALSE,rand/2,bin,random,TRUE,5,0.3,1.5,0.3,1,1,,,,,,,,,,,,,,,,,,,,,,,,,
J90_1.RCP,0,189.1476944,0.396498919,DE_rand/2_fixedF_bin_fixedCR_noLS,67,1000,0,50,60,100,0.1,0.9,FALSE,FALSE,rand/2,bin,random,FALSE,5,0.3,1.5,0.3,1,1,,,,,,,,,,,,,,,,,,,,,,,,,
J90_1.RCP,1,181.5357541,0.392821074,DE_rand/2_fixedF_bin_fixedCR_noLS,67,1000,1,50,60,100,0.1,0.9,FALSE,FALSE,rand/2,bin,random,FALSE,5,0.3,1.5,0.3,1,1,,,,,,,,,,,,,,,,,,,,,,,,,
J90_1.RCP,0,201.8044108,0.416605949,DE_rand/2_fixedF_exp_adaptiveCR_withLS,67,1000,0,50,60,100,0.1,0.9,FALSE,TRUE,rand/2,exp,random,TRUE,5,0.3,1.5,0.3,1,1,,,,,,,,,,,,,,,,,,,,,,,,,
J90_1.RCP,1,185.0282914,0.415838957,DE_rand/2_fixedF_exp_adaptiveCR_withLS,67,1000,1,50,60,100,0.1,0.9,FALSE,TRUE,rand/2,exp,random,TRUE,5,0.3,1.5,0.3,1,1,,,,,,,,,,,,,,,,,,,,,,,,,
J90_1.RCP,0,174.9984406,0.412389755,DE_rand/2_fixedF_exp_adaptiveCR_noLS,67,1000,0,50,60,100,0.1,0.9,FALSE,TRUE,rand/2,exp,random,FALSE,5,0.3,1.5,0.3,1,1,,,,,,,,,,,,,,,,,,,,,,,,,
J90_1.RCP,1,189.1775451,0.41599679,DE_rand/2_fixedF_exp_adaptiveCR_noLS,67,1000,1,50,60,100,0.1,0.9,FALSE,TRUE,rand/2,exp,random,FALSE,5,0.3,1.5,0.3,1,1,,,,,,,,,,,,,,,,,,,,,,,,,
J90_1.RCP,0,189.3267988,0.4097929,DE_rand/2_fixedF_exp_fixedCR_withLS,67,1000,0,50,60,100,0.1,0.9,FALSE,FALSE,rand/2,exp,random,TRUE,5,0.3,1.5,0.3,1,1,,,,,,,,,,,,,,,,,,,,,,,,,
J90_1.RCP,1,196.5208287,0.404070139,DE_rand/2_fixedF_exp_fixedCR_withLS,67,1000,1,50,60,100,0.1,0.9,FALSE,FALSE,rand/2,exp,random,TRUE,5,0.3,1.5,0.3,1,1,,,,,,,,,,,,,,,,,,,,,,,,,
J90_1.RCP,0,180.8193362,0.398305655,DE_rand/2_fixedF_exp_fixedCR_noLS,67,1000,0,50,60,100,0.1,0.9,FALSE,FALSE,rand/2,exp,random,FALSE,5,0.3,1.5,0.3,1,1,,,,,,,,,,,,,,,,,,,,,,,,,
J90_1.RCP,1,177.4760526,0.397912979,DE_rand/2_fixedF_exp_fixedCR_noLS,67,1000,1,50,60,100,0.1,0.9,FALSE,FALSE,rand/2,exp,random,FALSE,5,0.3,1.5,0.3,1,1,,,,,,,,,,,,,,,,,,,,,,,,,
J90_1.RCP,0,174.6999332,0.372467041,DE_best/1_adaptiveF_bin_adaptiveCR_withLS,67,1000,0,50,60,100,0.1,0.9,TRUE,TRUE,best/1,bin,random,TRUE,5,0.3,1.5,0.3,1,1,,,,,,,,,,,,,,,,,,,,,,,,,
J90_1.RCP,1,178.1029182,0.370059967,DE_best/1_adaptiveF_bin_adaptiveCR_withLS,67,1000,1,50,60,100,0.1,0.9,TRUE,TRUE,best/1,bin,random,TRUE,5,0.3,1.5,0.3,1,1,,,,,,,,,,,,,,,,,,,,,,,,,
J90_1.RCP,0,180.0432168,0.368959904,DE_best/1_adaptiveF_bin_adaptiveCR_noLS,67,1000,0,50,60,100,0.1,0.9,TRUE,TRUE,best/1,bin,random,FALSE,5,0.3,1.5,0.3,1,1,,,,,,,,,,,,,,,,,,,,,,,,,
J90_1.RCP,1,172.1626197,0.370394945,DE_best/1_adaptiveF_bin_adaptiveCR_noLS,67,1000,1,50,60,100,0.1,0.9,TRUE,TRUE,best/1,bin,random,FALSE,5,0.3,1.5,0.3,1,1,,,,,,,,,,,,,,,,,,,,,,,,,
J90_1.RCP,0,132.8491869,0.372449875,DE_best/1_adaptiveF_bin_fixedCR_withLS,67,1000,0,50,60,100,0.1,0.9,TRUE,FALSE,best/1,bin,random,TRUE,5,0.3,1.5,0.3,1,1,,,,,,,,,,,,,,,,,,,,,,,,,
J90_1.RCP,1,182.2223212,0.373993158,DE_best/1_adaptiveF_bin_fixedCR_withLS,67,1000,1,50,60,100,0.1,0.9,TRUE,FALSE,best/1,bin,random,TRUE,5,0.3,1.5,0.3,1,1,,,,,,,,,,,,,,,,,,,,,,,,,
J90_1.RCP,0,149.7447093,0.369180918,DE_best/1_adaptiveF_bin_fixedCR_noLS,67,1000,0,50,60,100,0.1,0.9,TRUE,FALSE,best/1,bin,random,FALSE,5,0.3,1.5,0.3,1,1,,,,,,,,,,,,,,,,,,,,,,,,,
J90_1.RCP,1,147.4760526,0.373999119,DE_best/1_adaptiveF_bin_fixedCR_noLS,67,1000,1,50,60,100,0.1,0.9,TRUE,FALSE,best/1,bin,random,FALSE,5,0.3,1.5,0.3,1,1,,,,,,,,,,,,,,,,,,,,,,,,,
J90_1.RCP,0,172.6103809,0.374614954,DE_best/1_adaptiveF_exp_adaptiveCR_withLS,67,1000,0,50,60,100,0.1,0.9,TRUE,TRUE,best/1,exp,random,TRUE,5,0.3,1.5,0.3,1,1,,,,,,,,,,,,,,,,,,,,,,,,,
J90_1.RCP,1,179.4462018,0.380320072,DE_best/1_adaptiveF_exp_adaptiveCR_withLS,67,1000,1,50,60,100,0.1,0.9,TRUE,TRUE,best/1,exp,random,TRUE,5,0.3,1.5,0.3,1,1,,,,,,,,,,,,,,,,,,,,,,,,,
J90_1.RCP,0,158.5208287,0.373616934,DE_best/1_adaptiveF_exp_adaptiveCR_noLS,67,1000,0,50,60,100,0.1,0.9,TRUE,TRUE,best/1,exp,random,FALSE,5,0.3,1.5,0.3,1,1,,,,,,,,,,,,,,,,,,,,,,,,,
J90_1.RCP,1,171.9835153,0.371989965,DE_best/1_adaptiveF_exp_adaptiveCR_noLS,67,1000,1,50,60,100,0.1,0.9,TRUE,TRUE,best/1,exp,random,FALSE,5,0.3,1.5,0.3,1,1,,,,,,,,,,,,,,,,,,,,,,,,,
J90_1.RCP,0,148.1029182,0.374577999,DE_best/1_adaptiveF_exp_fixedCR_withLS,67,1000,0,50,60,100,0.1,0.9,TRUE,FALSE,best/1,exp,random,TRUE,5,0.3,1.5,0.3,1,1,,,,,,,,,,,,,,,,,,,,,,,,,
J90_1.RCP,1,145.9238138,0.374186039,DE_best/1_adaptiveF_exp_fixedCR_withLS,67,1000,1,50,60,100,0.1,0.9,TRUE,FALSE,best/1,exp,random,TRUE,5,0.3,1.5,0.3,1,1,,,,,,,,,,,,,,,,,,,,,,,,,
J90_1.RCP,0,123.893963,0.370802879,DE_best/1_adaptiveF_exp_fixedCR_noLS,67,1000,0,50,60,100,0.1,0.9,TRUE,FALSE,best/1,exp,random,FALSE,5,0.3,1.5,0.3,1,1,,,,,,,,,,,,,,,,,,,,,,,,,
J90_1.RCP,1,139.2073959,0.370630026,DE_best/1_adaptiveF_exp_fixedCR_noLS,67,1000,1,50,60,100,0.1,0.9,TRUE,FALSE,best/1,exp,random,FALSE,5,0.3,1.5,0.3,1,1,,,,,,,,,,,,,,,,,,,,,,,,,
J90_1.RCP,0,165.5059033,0.389857054,DE_best/1_fixedF_bin_adaptiveCR_withLS,67,1000,0,50,60,100,0.1,0.9,FALSE,TRUE,best/1,bin,random,TRUE,5,0.3,1.5,0.3,1,1,,,,,,,,,,,,,,,,,,,,,,,,,
J90_1.RCP,1,152.132769,0.390676975,DE_best/1_fixedF_bin_adaptiveCR_withLS,67,1000,1,50,60,100,0.1,0.9,FALSE,TRUE,best/1,bin,random,TRUE,5,0.3,1.5,0.3,1,1,,,,,,,,,,,,,,,,,,,,,,,,,
J90_1.RCP,0,171.7148585,0.388687134,DE_best/1_fixedF_bin_adaptiveCR_noLS,67,1000,0,50,60,100,0.1,0.9,FALSE,TRUE,best/1,bin,random,FALSE,5,0.3,1.5,0.3,1,1,,,,,,,,,,,,,,,,,,,,,,,,,
J90_1.RCP,1,162.7596347,0.388038874,DE_best/1_fixedF_bin_adaptiveCR_noLS,67,1000,1,50,60,100,0.1,0.9,FALSE,TRUE,best/1,bin,random,FALSE,5,0.3,1.5,0.3,1,1,,,,,,,,,,,,,,,,,,,,,,,,,
J90_1.RCP,0,144.2820227,0.375058889,DE_best/1_fixedF_bin_fixedCR_withLS,67,1000,0,50,60,100,0.1,0.9,FALSE,FALSE,best/1,bin,random,TRUE,5,0.3,1.5,0.3,1,1,,,,,,,,,,,,,,,,,,,,,,,,,
J90_1.RCP,1,153.2372466,0.379440784,DE_best/1_fixedF_bin_fixedCR_withLS,67,1000,1,50,60,100,0.1,0.9,FALSE,FALSE,best/1,bin,random,TRUE,5,0.3,1.5,0.3,1,1,,,,,,,,,,,,,,,,,,,,,,,,,
J90_1.RCP,0,164.3118735,0.372369289,DE_best/1_fixedF_bin_fixedCR_noLS,67,1000,0,50,60,100,0.1,0.9,FALSE,FALSE,best/1,bin,random,FALSE,5,0.3,1.5,0.3,1,1,,,,,,,,,,,,,,,,,,,,,,,,,
J90_1.RCP,1,148.9685899,0.370059013,DE_best/1_fixedF_bin_fixedCR_noLS,67,1000,1,50,60,100,0.1,0.9,FALSE,FALSE,best/1,bin,random,FALSE,5,0.3,1.5,0.3,1,1,,,,,,,,,,,,,,,,,,,,,,,,,
J90_1.RCP,0,183.1476944,0.397264719,DE_best/1_fixedF_exp_adaptiveCR_withLS,67,1000,0,50,60,100,0.1,0.9,FALSE,TRUE,best/1,exp,random,TRUE,5,0.3,1.5,0.3,1,1,,,,,,,,,,,,,,,,,,,,,,,,,
J90_1.RCP,1,158.013366,0.39337492,DE_best/1_fixedF_exp_adaptiveCR_withLS,67,1000,1,50,60,100,0.1,0.9,FALSE,TRUE,best/1,exp,random,TRUE,5,0.3,1.5,0.3,1,1,,,,,,,,,,,,,,,,,,,,,,,,,
J90_1.RCP,0,164.371575,0.389173031,DE_best/1_fixedF_exp_adaptiveCR_noLS,67,1000,0,50,60,100,0.1,0.9,FALSE,TRUE,best/1,exp,random,FALSE,5,0.3,1.5,0.3,1,1,,,,,,,,,,,,,,,,,,,,,,,,,
J90_1.RCP,1,162.4014257,0.388698101,DE_best/1_fixedF_exp_adaptiveCR_noLS,67,1000,1,50,60,100,0.1,0.9,FALSE,TRUE,best/1,exp,random,FALSE,5,0.3,1.5,0.3,1,1,,,,,,,,,,,,,,,,,,,,,,,,,
J90_1.RCP,0,148.252172,0.378705263,DE_best/1_fixedF_exp_fixedCR_withLS,67,1000,0,50,60,100,0.1,0.9,FALSE,FALSE,best/1,exp,random,TRUE,5,0.3,1.5,0.3,1,1,,,,,,,,,,,,,,,,,,,,,,,,,
J90_1.RCP,1,151.2073959,0.378048182,DE_best/1_fixedF_exp_fixedCR_withLS,67,1000,1,50,60,100,0.1,0.9,FALSE,FALSE,best/1,exp,random,TRUE,5,0.3,1.5,0.3,1,1,,,,,,,,,,,,,,,,,,,,,,,,,
J90_1.RCP,0,156.5506794,0.370779276,DE_best/1_fixedF_exp_fixedCR_noLS,67,1000,0,50,60,100,0.1,0.9,FALSE,FALSE,best/1,exp,random,FALSE,5,0.3,1.5,0.3,1,1,,,,,,,,,,,,,,,,,,,,,,,,,
J90_1.RCP,1,150.6402317,0.369661808,DE_best/1_fixedF_exp_fixedCR_noLS,67,1000,1,50,60,100,0.1,0.9,FALSE,FALSE,best/1,exp,random,FALSE,5,0.3,1.5,0.3,1,1,,,,,,,,,,,,,,,,,,,,,,,,,
J90_1.RCP,0,174.9088884,0.381695986,DE_best/2_adaptiveF_bin_adaptiveCR_withLS,67,1000,0,50,60,100,0.1,0.9,TRUE,TRUE,best/2,bin,random,TRUE,5,0.3,1.5,0.3,1,1,,,,,,,,,,,,,,,,,,,,,,,,,
J90_1.RCP,1,190.1029182,0.387100935,DE_best/2_adaptiveF_bin_adaptiveCR_withLS,67,1000,1,50,60,100,0.1,0.9,TRUE,TRUE,best/2,bin,random,TRUE,5,0.3,1.5,0.3,1,1,,,,,,,,,,,,,,,,,,,,,,,,,
J90_1.RCP,0,174.6103809,0.376444817,DE_best/2_adaptiveF_bin_adaptiveCR_noLS,67,1000,0,50,60,100,0.1,0.9,TRUE,TRUE,best/2,bin,random,FALSE,5,0.3,1.5,0.3,1,1,,,,,,,,,,,,,,,,,,,,,,,,,
J90_1.RCP,1,188.132769,0.376735926,DE_best/2_adaptiveF_bin_adaptiveCR_noLS,67,1000,1,50,60,100,0.1,0.9,TRUE,TRUE,best/2,bin,random,FALSE,5,0.3,1.5,0.3,1,1,,,,,,,,,,,,,,,,,,,,,,,,,
J90_1.RCP,0,153.5357541,0.378378868,DE_best/2_adaptiveF_bin_fixedCR_withLS,67,1000,0,50,60,100,0.1,0.9,TRUE,FALSE,best/2,bin,random,TRUE,5,0.3,1.5,0.3,1,1,,,,,,,,,,,,,,,,,,,,,,,,,
J90_1.RCP,1,160.8193362,0.377432108,DE_best/2_adaptiveF_bin_fixedCR_withLS,67,1000,1,50,60,100,0.1,0.9,TRUE,FALSE,best/2,bin,random,TRUE,5,0.3,1.5,0.3,1,1,,,,,,,,,,,,,,,,,,,,,,,,,
J90_1.RCP,0,150.132769,0.379133224,DE_best/2_adaptiveF_bin_fixedCR_noLS,67,1000,0,50,60,100,0.1,0.9,TRUE,FALSE,best/2,bin,random,FALSE,5,0.3,1.5,0.3,1,1,,,,,,,,,,,,,,,,,,,,,,,,,
J90_1.RCP,1,135.2969481,0.378092051,DE_best/2_adaptiveF_bin_fixedCR_noLS,67,1000,1,50,60,100,0.1,0.9,TRUE,FALSE,best/2,bin,random,FALSE,5,0.3,1.5,0.3,1,1,,,,,,,,,,,,,,,,,,,,,,,,,
J90_1.RCP,0,185.7148585,0.383152008,DE_best/2_adaptiveF_exp_adaptiveCR_withLS,67,1000,0,50,60,100,0.1,0.9,TRUE,TRUE,best/2,exp,random,TRUE,5,0.3,1.5,0.3,1,1,,,,,,,,,,,,,,,,,,,,,,,,,
J90_1.RCP,1,177.5357541,0.408004045,DE_best/2_adaptiveF_exp_adaptiveCR_withLS,67,1000,1,50,60,100,0.1,0.9,TRUE,TRUE,best/2,exp,random,TRUE,5,0.3,1.5,0.3,1,1,,,,,,,,,,,,,,,,,,,,,,,,,
J90_1.RCP,0,178.1626197,0.642693996,DE_best/2_adaptiveF_exp_adaptiveCR_noLS,67,1000,0,50,60,100,0.1,0.9,TRUE,TRUE,best/2,exp,random,FALSE,5,0.3,1.5,0.3,1,1,,,,,,,,,,,,,,,,,,,,,,,,,
J90_1.RCP,1,171.9536645,0.701581001,DE_best/2_adaptiveF_exp_adaptiveCR_noLS,67,1000,1,50,60,100,0.1,0.9,TRUE,TRUE,best/2,exp,random,FALSE,5,0.3,1.5,0.3,1,1,,,,,,,,,,,,,,,,,,,,,,,,,
J90_1.RCP,0,153.1178436,0.420468092,DE_best/2_adaptiveF_exp_fixedCR_withLS,67,1000,0,50,60,100,0.1,0.9,TRUE,FALSE,best/2,exp,random,TRUE,5,0.3,1.5,0.3,1,1,,,,,,,,,,,,,,,,,,,,,,,,,
J90_1.RCP,1,155.8641123,0.385294676,DE_best/2_adaptiveF_exp_fixedCR_withLS,67,1000,1,50,60,100,0.1,0.9,TRUE,FALSE,best/2,exp,random,TRUE,5,0.3,1.5,0.3,1,1,,,,,,,,,,,,,,,,,,,,,,,,,
J90_1.RCP,0,132.1626197,0.378001928,DE_best/2_adaptiveF_exp_fixedCR_noLS,67,1000,0,50,60,100,0.1,0.9,TRUE,FALSE,best/2,exp,random,FALSE,5,0.3,1.5,0.3,1,1,,,,,,,,,,,,,,,,,,,,,,,,,
J90_1.RCP,1,134.9984406,0.377811193,DE_best/2_adaptiveF_exp_fixedCR_noLS,67,1000,1,50,60,100,0.1,0.9,TRUE,FALSE,best/2,exp,random,FALSE,5,0.3,1.5,0.3,1,1,,,,,,,,,,,,,,,,,,,,,,,,,
J90_1.RCP,0,157.0581421,0.41774416,DE_best/2_fixedF_bin_adaptiveCR_withLS,67,1000,0,50,60,100,0.1,0.9,FALSE,TRUE,best/2,bin,random,TRUE,5,0.3,1.5,0.3,1,1,,,,,,,,,,,,,,,,,,,,,,,,,
J90_1.RCP,1,174.252172,0.417138815,DE_best/2_fixedF_bin_adaptiveCR_withLS,67,1000,1,50,60,100,0.1,0.9,FALSE,TRUE,best/2,bin,random,TRUE,5,0.3,1.5,0.3,1,1,,,,,,,,,,,,,,,,,,,,,,,,,
J90_1.RCP,0,157.8641123,0.408601046,DE_best/2_fixedF_bin_adaptiveCR_noLS,67,1000,0,50,60,100,0.1,0.9,FALSE,TRUE,best/2,bin,random,FALSE,5,0.3,1.5,0.3,1,1,,,,,,,,,,,,,,,,,,,,,,,,,
J90_1.RCP,1,162.6103809,0.40617013,DE_best/2_fixedF_bin_adaptiveCR_noLS,67,1000,1,50,60,100,0.1,0.9,FALSE,TRUE,best/2,bin,random,FALSE,5,0.3,1.5,0.3,1,1,,,,,,,,,,,,,,,,,,,,,,,,,
J90_1.RCP,0,150.0730675,0.390803814,DE_best/2_fixedF_bin_fixedCR_withLS,67,1000,0,50,60,100,0.1,0.9,FALSE,FALSE,best/2,bin,random,TRUE,5,0.3,1.5,0.3,1,1,,,,,,,,,,,,,,,,,,,,,,,,,
J90_1.RCP,1,157.2372466,0.388663054,DE_best/2_fixedF_bin_fixedCR_withLS,67,1000,1,50,60,100,0.1,0.9,FALSE,FALSE,best/2,bin,random,TRUE,5,0.3,1.5,0.3,1,1,,,,,,,,,,,,,,,,,,,,,,,,,
J90_1.RCP,0,158.8491869,0.381498098,DE_best/2_fixedF_bin_fixedCR_noLS,67,1000,0,50,60,100,0.1,0.9,FALSE,FALSE,best/2,bin,random,FALSE,5,0.3,1.5,0.3,1,1,,,,,,,,,,,,,,,,,,,,,,,,,
J90_1.RCP,1,166.4312765,0.383456945,DE_best/2_fixedF_bin_fixedCR_noLS,67,1000,1,50,60,100,0.1,0.9,FALSE,FALSE,best/2,bin,random,FALSE,5,0.3,1.5,0.3,1,1,,,,,,,,,,,,,,,,,,,,,,,,,
J90_1.RCP,0,166.4909779,0.417938948,DE_best/2_fixedF_exp_adaptiveCR_withLS,67,1000,0,50,60,100,0.1,0.9,FALSE,TRUE,best/2,exp,random,TRUE,5,0.3,1.5,0.3,1,1,,,,,,,,,,,,,,,,,,,,,,,,,
J90_1.RCP,1,170.2223212,0.420456171,DE_best/2_fixedF_exp_adaptiveCR_withLS,67,1000,1,50,60,100,0.1,0.9,FALSE,TRUE,best/2,exp,random,TRUE,5,0.3,1.5,0.3,1,1,,,,,,,,,,,,,,,,,,,,,,,,,
J90_1.RCP,0,172.4312765,0.4126091,DE_best/2_fixedF_exp_adaptiveCR_noLS,67,1000,0,50,60,100,0.1,0.9,FALSE,TRUE,best/2,exp,random,FALSE,5,0.3,1.5,0.3,1,1,,,,,,,,,,,,,,,,,,,,,,,,,
J90_1.RCP,1,168.9387391,0.408337355,DE_best/2_fixedF_exp_adaptiveCR_noLS,67,1000,1,50,60,100,0.1,0.9,FALSE,TRUE,best/2,exp,random,FALSE,5,0.3,1.5,0.3,1,1,,,,,,,,,,,,,,,,,,,,,,,,,
J90_1.RCP,0,145.4760526,0.390212774,DE_best/2_fixedF_exp_fixedCR_withLS,67,1000,0,50,60,100,0.1,0.9,FALSE,FALSE,best/2,exp,random,TRUE,5,0.3,1.5,0.3,1,1,,,,,,,,,,,,,,,,,,,,,,,,,
J90_1.RCP,1,133.2969481,0.392930031,DE_best/2_fixedF_exp_fixedCR_withLS,67,1000,1,50,60,100,0.1,0.9,FALSE,FALSE,best/2,exp,random,TRUE,5,0.3,1.5,0.3,1,1,,,,,,,,,,,,,,,,,,,,,,,,,
J90_1.RCP,0,170.7894854,0.383250237,DE_best/2_fixedF_exp_fixedCR_noLS,67,1000,0,50,60,100,0.1,0.9,FALSE,FALSE,best/2,exp,random,FALSE,5,0.3,1.5,0.3,1,1,,,,,,,,,,,,,,,,,,,,,,,,,
J90_1.RCP,1,150.7596347,0.38211298,DE_best/2_fixedF_exp_fixedCR_noLS,67,1000,1,50,60,100,0.1,0.9,FALSE,FALSE,best/2,exp,random,FALSE,5,0.3,1.5,0.3,1,1,,,,,,,,,,,,,,,,,,,,,,,,,
J90_1.RCP,0,195.2969481,0.379235744,DE_adaptive_bin_adaptiveCR_withLS,67,1000,0,50,60,100,0.1,0.9,TRUE,TRUE,adaptive,bin,random,TRUE,5,0.3,1.5,0.3,1,1,,,,,,,,,,,,,,,,,,,,,,,,,
J90_1.RCP,1,184.6402317,0.378825903,DE_adaptive_bin_adaptiveCR_withLS,67,1000,1,50,60,100,0.1,0.9,TRUE,TRUE,adaptive,bin,random,TRUE,5,0.3,1.5,0.3,1,1,,,,,,,,,,,,,,,,,,,,,,,,,
J90_1.RCP,0,176.5506794,0.375412941,DE_adaptive_bin_adaptiveCR_noLS,67,1000,0,50,60,100,0.1,0.9,TRUE,TRUE,adaptive,bin,random,FALSE,5,0.3,1.5,0.3,1,1,,,,,,,,,,,,,,,,,,,,,,,,,
J90_1.RCP,1,185.8641123,0.373035669,DE_adaptive_bin_adaptiveCR_noLS,67,1000,1,50,60,100,0.1,0.9,TRUE,TRUE,adaptive,bin,random,FALSE,5,0.3,1.5,0.3,1,1,,,,,,,,,,,,,,,,,,,,,,,,,
J90_1.RCP,0,177.3865003,0.38014102,DE_adaptive_bin_fixedCR_withLS,67,1000,0,50,60,100,0.1,0.9,TRUE,FALSE,adaptive,bin,random,TRUE,5,0.3,1.5,0.3,1,1,,,,,,,,,,,,,,,,,,,,,,,,,
J90_1.RCP,1,162.7596347,0.379560947,DE_adaptive_bin_fixedCR_withLS,67,1000,1,50,60,100,0.1,0.9,TRUE,FALSE,adaptive,bin,random,TRUE,5,0.3,1.5,0.3,1,1,,,,,,,,,,,,,,,,,,,,,,,,,
J90_1.RCP,0,143.7447093,0.373169899,DE_adaptive_bin_fixedCR_noLS,67,1000,0,50,60,100,0.1,0.9,TRUE,FALSE,adaptive,bin,random,FALSE,5,0.3,1.5,0.3,1,1,,,,,,,,,,,,,,,,,,,,,,,,,
J90_1.RCP,1,163.3267988,0.37616396,DE_adaptive_bin_fixedCR_noLS,67,1000,1,50,60,100,0.1,0.9,TRUE,FALSE,adaptive,bin,random,FALSE,5,0.3,1.5,0.3,1,1,,,,,,,,,,,,,,,,,,,,,,,,,
J90_1.RCP,0,184.4611272,0.383103132,DE_adaptive_exp_adaptiveCR_withLS,67,1000,0,50,60,100,0.1,0.9,TRUE,TRUE,adaptive,exp,random,TRUE,5,0.3,1.5,0.3,1,1,,,,,,,,,,,,,,,,,,,,,,,,,
J90_1.RCP,1,177.9536645,0.376619816,DE_adaptive_exp_adaptiveCR_withLS,67,1000,1,50,60,100,0.1,0.9,TRUE,TRUE,adaptive,exp,random,TRUE,5,0.3,1.5,0.3,1,1,,,,,,,,,,,,,,,,,,,,,,,,,
J90_1.RCP,0,192.6402317,0.371439219,DE_adaptive_exp_adaptiveCR_noLS,67,1000,0,50,60,100,0.1,0.9,TRUE,TRUE,adaptive,exp,random,FALSE,5,0.3,1.5,0.3,1,1,,,,,,,,,,,,,,,,,,,,,,,,,
J90_1.RCP,1,184.6402317,0.373764992,DE_adaptive_exp_adaptiveCR_noLS,67,1000,1,50,60,100,0.1,0.9,TRUE,TRUE,adaptive,exp,random,FALSE,5,0.3,1.5,0.3,1,1,,,,,,,,,,,,,,,,,,,,,,,,,
J90_1.RCP,0,135.4163511,0.401772976,DE_adaptive_exp_fixedCR_withLS,67,1000,0,50,60,100,0.1,0.9,TRUE,FALSE,adaptive,exp,random,TRUE,5,0.3,1.5,0.3,1,1,,,,,,,,,,,,,,,,,,,,,,,,,
J90_1.RCP,1,176.6999332,0.388021946,DE_adaptive_exp_fixedCR_withLS,67,1000,1,50,60,100,0.1,0.9,TRUE,FALSE,adaptive,exp,random,TRUE,5,0.3,1.5,0.3,1,1,,,,,,,,,,,,,,,,,,,,,,,,,
J90_1.RCP,0,142.4909779,0.380306959,DE_adaptive_exp_fixedCR_noLS,67,1000,0,50,60,100,0.1,0.9,TRUE,FALSE,adaptive,exp,random,FALSE,5,0.3,1.5,0.3,1,1,,,,,,,,,,,,,,,,,,,,,,,,,
J90_1.RCP,1,163.5954556,0.37213707,DE_adaptive_exp_fixedCR_noLS,67,1000,1,50,60,100,0.1,0.9,TRUE,FALSE,adaptive,exp,random,FALSE,5,0.3,1.5,0.3,1,1,,,,,,,,,,,,,,,,,,,,,,,,,
J90_1.RCP,0,190.8193362,0.375768185,DE_current-to-rand/2_bin_adaptiveCR_withLS,67,1000,0,50,60,100,0.1,0.9,FALSE,TRUE,current-to-rand/2,bin,random,TRUE,5,0.3,1.5,0.3,1,1,,,,,,,,,,,,,,,,,,,,,,,,,
J90_1.RCP,1,178.5805302,0.37486887,DE_current-to-rand/2_bin_adaptiveCR_withLS,67,1000,1,50,60,100,0.1,0.9,FALSE,TRUE,current-to-rand/2,bin,random,TRUE,5,0.3,1.5,0.3,1,1,,,,,,,,,,,,,,,,,,,,,,,,,
J90_1.RCP,0,177.3865003,0.372619152,DE_current-to-rand/2_bin_adaptiveCR_noLS,67,1000,0,50,60,100,0.1,0.9,FALSE,TRUE,current-to-rand/2,bin,random,FALSE,5,0.3,1.5,0.3,1,1,,,,,,,,,,,,,,,,,,,,,,,,,
J90_1.RCP,1,178.1029182,0.377583981,DE_current-to-rand/2_bin_adaptiveCR_noLS,67,1000,1,50,60,100,0.1,0.9,FALSE,TRUE,current-to-rand/2,bin,random,FALSE,5,0.3,1.5,0.3,1,1,,,,,,,,,,,,,,,,,,,,,,,,,
J90_1.RCP,0,147.6253063,0.376068115,DE_current-to-rand/2_bin_fixedCR_withLS,67,1000,0,50,60,100,0.1,0.9,FALSE,FALSE,current-to-rand/2,bin,random,TRUE,5,0.3,1.5,0.3,1,1,,,,,,,,,,,,,,,,,,,,,,,,,
J90_1.RCP,1,162.5208287,0.374312162,DE_current-to-rand/2_bin_fixedCR_withLS,67,1000,1,50,60,100,0.1,0.9,FALSE,FALSE,current-to-rand/2,bin,random,TRUE,5,0.3,1.5,0.3,1,1,,,,,,,,,,,,,,,,,,,,,,,,,
J90_1.RCP,0,151.2372466,0.369631052,DE_current-to-rand/2_bin_fixedCR_noLS,67,1000,0,50,60,100,0.1,0.9,FALSE,FALSE,current-to-rand/2,bin,random,FALSE,5,0.3,1.5,0.3,1,1,,,,,,,,,,,,,,,,,,,,,,,,,
J90_1.RCP,1,140.132769,0.370358944,DE_current-to-rand/2_bin_fixedCR_noLS,67,1000,1,50,60,100,0.1,0.9,FALSE,FALSE,current-to-rand/2,bin,random,FALSE,5,0.3,1.5,0.3,1,1,,,,,,,,,,,,,,,,,,,,,,,,,
J90_1.RCP,0,183.7148585,0.377670765,DE_current-to-rand/2_exp_adaptiveCR_withLS,67,1000,0,50,60,100,0.1,0.9,FALSE,TRUE,current-to-rand/2,exp,random,TRUE,5,0.3,1.5,0.3,1,1,,,,,,,,,,,,,,,,,,,,,,,,,
J90_1.RCP,1,181.2969481,0.378314018,DE_current-to-rand/2_exp_adaptiveCR_withLS,67,1000,1,50,60,100,0.1,0.9,FALSE,TRUE,current-to-rand/2,exp,random,TRUE,5,0.3,1.5,0.3,1,1,,,,,,,,,,,,,,,,,,,,,,,,,
J90_1.RCP,0,162.8491869,0.373810768,DE_current-to-rand/2_exp_adaptiveCR_noLS,67,1000,0,50,60,100,0.1,0.9,FALSE,TRUE,current-to-rand/2,exp,random,FALSE,5,0.3,1.5,0.3,1,1,,,,,,,,,,,,,,,,,,,,,,,,,
J90_1.RCP,1,181.3267988,0.375002861,DE_current-to-rand/2_exp_adaptiveCR_noLS,67,1000,1,50,60,100,0.1,0.9,FALSE,TRUE,current-to-rand/2,exp,random,FALSE,5,0.3,1.5,0.3,1,1,,,,,,,,,,,,,,,,,,,,,,,,,
J90_1.RCP,0,172.1924705,0.376138926,DE_current-to-rand/2_exp_fixedCR_withLS,67,1000,0,50,60,100,0.1,0.9,FALSE,FALSE,current-to-rand/2,exp,random,TRUE,5,0.3,1.5,0.3,1,1,,,,,,,,,,,,,,,,,,,,,,,,,
J90_1.RCP,1,151.9835153,0.378368616,DE_current-to-rand/2_exp_fixedCR_withLS,67,1000,1,50,60,100,0.1,0.9,FALSE,FALSE,current-to-rand/2,exp,random,TRUE,5,0.3,1.5,0.3,1,1,,,,,,,,,,,,,,,,,,,,,,,,,
J90_1.RCP,0,170.0432168,0.372371912,DE_current-to-rand/2_exp_fixedCR_noLS,67,1000,0,50,60,100,0.1,0.9,FALSE,FALSE,current-to-rand/2,exp,random,FALSE,5,0.3,1.5,0.3,1,1,,,,,,,,,,,,,,,,,,,,,,,,,
J90_1.RCP,1,136.1924705,0.371740818,DE_current-to-rand/2_exp_fixedCR_noLS,67,1000,1,50,60,100,0.1,0.9,FALSE,FALSE,current-to-rand/2,exp,random,FALSE,5,0.3,1.5,0.3,1,1,,,,,,,,,,,,,,,,,,,,,,,,,
J90_1.RCP,0,212.3417242,0.342370033,GA_roulette_single_point_random_random_withLS_withNeighborhood,67,1000,0,50,60,,,,,,random,single_point,random,TRUE,,,,,,,0.9,0.1,roulette,3,TRUE,FALSE,0.5,0.1,0.35,5,2,,,,,,,,,,,,,,
J90_1.RCP,1,198.9088884,0.338927746,GA_roulette_single_point_random_random_withLS_withNeighborhood,67,1000,1,50,60,,,,,,random,single_point,random,TRUE,,,,,,,0.9,0.1,roulette,3,TRUE,FALSE,0.5,0.1,0.35,5,2,,,,,,,,,,,,,,
J90_1.RCP,0,212.3417242,0.337432146,GA_roulette_single_point_random_random_withLS_noNeighborhood,67,1000,0,50,60,,,,,,random,single_point,random,TRUE,,,,,,,0.9,0.1,roulette,3,TRUE,FALSE,0.5,0.1,0.35,5,0,,,,,,,,,,,,,,
J90_1.RCP,1,198.9088884,0.338448048,GA_roulette_single_point_random_random_withLS_noNeighborhood,67,1000,1,50,60,,,,,,random,single_point,random,TRUE,,,,,,,0.9,0.1,roulette,3,TRUE,FALSE,0.5,0.1,0.35,5,0,,,,,,,,,,,,,,
J90_1.RCP,0,191.2073959,0.487256765,GA_roulette_single_point_random_random_noLS_withNeighborhood,67,1000,0,50,60,,,,,,random,single_point,random,FALSE,,,,,,,0.9,0.1,roulette,3,TRUE,FALSE,0.5,0.1,0.35,5,2,,,,,,,,,,,,,,
J90_1.RCP,1,183.2372466,0.485990047,GA_roulette_single_point_random_random_noLS_withNeighborhood,67,1000,1,50,60,,,,,,random,single_point,random,FALSE,,,,,,,0.9,0.1,roulette,3,TRUE,FALSE,0.5,0.1,0.35,5,2,,,,,,,,,,,,,,
J90_1.RCP,0,191.2073959,0.486876965,GA_roulette_single_point_random_random_noLS_noNeighborhood,67,1000,0,50,60,,,,,,random,single_point,random,FALSE,,,,,,,0.9,0.1,roulette,3,TRUE,FALSE,0.5,0.1,0.35,5,0,,,,,,,,,,,,,,
J90_1.RCP,1,183.2372466,0.485425949,GA_roulette_single_point_random_random_noLS_noNeighborhood,67,1000,1,50,60,,,,,,random,single_point,random,FALSE,,,,,,,0.9,0.1,roulette,3,TRUE,FALSE,0.5,0.1,0.35,5,0,,,,,,,,,,,,,,
J90_1.RCP,0,200.4909779,0.341616869,GA_roulette_single_point_random_heuristic_withLS_withNeighborhood,67,1000,0,50,60,,,,,,random,single_point,heuristic,TRUE,,,,,,,0.9,0.1,roulette,3,TRUE,FALSE,0.5,0.1,0.35,5,2,,,,,,,,,,,,,,
J90_1.RCP,1,192.7596347,0.34296608,GA_roulette_single_point_random_heuristic_withLS_withNeighborhood,67,1000,1,50,60,,,,,,random,single_point,heuristic,TRUE,,,,,,,0.9,0.1,roulette,3,TRUE,FALSE,0.5,0.1,0.35,5,2,,,,,,,,,,,,,,
J90_1.RCP,0,200.4909779,0.341525793,GA_roulette_single_point_random_heuristic_withLS_noNeighborhood,67,1000,0,50,60,,,,,,random,single_point,heuristic,TRUE,,,,,,,0.9,0.1,roulette,3,TRUE,FALSE,0.5,0.1,0.35,5,0,,,,,,,,,,,,,,
J90_1.RCP,1,192.7596347,0.34110713,GA_roulette_single_point_random_heuristic_withLS_noNeighborhood,67,1000,1,50,60,,,,,,random,single_point,heuristic,TRUE,,,,,,,0.9,0.1,roulette,3,TRUE,FALSE,0.5,0.1,0.35,5,0,,,,,,,,,,,,,,
J90_1.RCP,0,195.5357541,0.490486145,GA_roulette_single_point_random_heuristic_noLS_withNeighborhood,67,1000,0,50,60,,,,,,random,single_point,heuristic,FALSE,,,,,,,0.9,0.1,roulette,3,TRUE,FALSE,0.5,0.1,0.35,5,2,,,,,,,,,,,,,,
J90_1.RCP,1,192.7596347,0.48710084,GA_roulette_single_point_random_heuristic_noLS_withNeighborhood,67,1000,1,50,60,,,,,,random,single_point,heuristic,FALSE,,,,,,,0.9,0.1,roulette,3,TRUE,FALSE,0.5,0.1,0.35,5,2,,,,,,,,,,,,,,
J90_1.RCP,0,195.5357541,0.489141941,GA_roulette_single_point_random_heuristic_noLS_noNeighborhood,67,1000,0,50,60,,,,,,random,single_point,heuristic,FALSE,,,,,,,0.9,0.1,roulette,3,TRUE,FALSE,0.5,0.1,0.35,5,0,,,,,,,,,,,,,,
J90_1.RCP,1,192.7596347,0.488800049,GA_roulette_single_point_random_heuristic_noLS_noNeighborhood,67,1000,1,50,60,,,,,,random,single_point,heuristic,FALSE,,,,,,,0.9,0.1,roulette,3,TRUE,FALSE,0.5,0.1,0.35,5,0,,,,,,,,,,,,,,
J90_1.RCP,0,190.4312765,0.346163988,GA_roulette_single_point_adaptive_random_withLS_withNeighborhood,67,1000,0,50,60,,,,,,adaptive,single_point,random,TRUE,,,,,,,0.9,0.1,roulette,3,TRUE,FALSE,0.5,0.1,0.35,5,2,,,,,,,,,,,,,,
J90_1.RCP,1,187.2670973,0.353927135,GA_roulette_single_point_adaptive_random_withLS_withNeighborhood,67,1000,1,50,60,,,,,,adaptive,single_point,random,TRUE,,,,,,,0.9,0.1,roulette,3,TRUE,FALSE,0.5,0.1,0.35,5,2,,,,,,,,,,,,,,
J90_1.RCP,0,190.4312765,0.346414089,GA_roulette_single_point_adaptive_random_withLS_noNeighborhood,67,1000,0,50,60,,,,,,adaptive,single_point,random,TRUE,,,,,,,0.9,0.1,roulette,3,TRUE,FALSE,0.5,0.1,0.35,5,0,,,,,,,,,,,,,,
J90_1.RCP,1,187.2670973,0.345048904,GA_roulette_single_point_adaptive_random_withLS_noNeighborhood,67,1000,1,50,60,,,,,,adaptive,single_point,random,TRUE,,,,,,,0.9,0.1,roulette,3,TRUE,FALSE,0.5,0.1,0.35,5,0,,,,,,,,,,,,,,
J90_1.RCP,0,190.4312765,0.513339281,GA_roulette_single_point_adaptive_random_noLS_withNeighborhood,67,1000,0,50,60,,,,,,adaptive,single_point,random,FALSE,,,,,,,0.9,0.1,roulette,3,TRUE,FALSE,0.5,0.1,0.35,5,2,,,,,,,,,,,,,,
J90_1.RCP,1,187.2670973,0.521273136,GA_roulette_single_point_adaptive_random_noLS_withNeighborhood,67,1000,1,50,60,,,,,,adaptive,single_point,random,FALSE,,,,,,,0.9,0.1,roulette,3,TRUE,FALSE,0.5,0.1,0.35,5,2,,,,,,,,,,,,,,
J90_1.RCP,0,190.4312765,0.522818089,GA_roulette_single_point_adaptive_random_noLS_noNeighborhood,67,1000,0,50,60,,,,,,adaptive,single_point,random,FALSE,,,,,,,0.9,0.1,roulette,3,TRUE,FALSE,0.5,0.1,0.35,5,0,,,,,,,,,,,,,,
J90_1.RCP,1,187.2670973,0.526849031,GA_roulette_single_point_adaptive_random_noLS_noNeighborhood,67,1000,1,50,60,,,,,,adaptive,single_point,random,FALSE,,,,,,,0.9,0.1,roulette,3,TRUE,FALSE,0.5,0.1,0.35,5,0,,,,,,,,,,,,,,
J90_1.RCP,0,202.1924705,0.352543116,GA_roulette_single_point_adaptive_heuristic_withLS_withNeighborhood,67,1000,0,50,60,,,,,,adaptive,single_point,heuristic,TRUE,,,,,,,0.9,0.1,roulette,3,TRUE,FALSE,0.5,0.1,0.35,5,2,,,,,,,,,,,,,,
J90_1.RCP,1,192.7596347,0.348916292,GA_roulette_single_point_adaptive_heuristic_withLS_withNeighborhood,67,1000,1,50,60,,,,,,adaptive,single_point,heuristic,TRUE,,,,,,,0.9,0.1,roulette,3,TRUE,FALSE,0.5,0.1,0.35,5,2,,,,,,,,,,,,,,
J90_1.RCP,0,202.1924705,0.349049091,GA_roulette_single_point_adaptive_heuristic_withLS_noNeighborhood,67,1000,0,50,60,,,,,,adaptive,single_point,heuristic,TRUE,,,,,,,0.9,0.1,roulette,3,TRUE,FALSE,0.5,0.1,0.35,5,0,,,,,,,,,,,,,,
J90_1.RCP,1,192.7596347,0.348879099,GA_roulette_single_point_adaptive_heuristic_withLS_noNeighborhood,67,1000,1,50,60,,,,,,adaptive,single_point,heuristic,TRUE,,,,,,,0.9,0.1,roulette,3,TRUE,FALSE,0.5,0.1,0.35,5,0,,,,,,,,,,,,,,
J90_1.RCP,0,194.0432168,0.519990921,GA_roulette_single_point_adaptive_heuristic_noLS_withNeighborhood,67,1000,0,50,60,,,,,,adaptive,single_point,heuristic,FALSE,,,,,,,0.9,0.1,roulette,3,TRUE,FALSE,0.5,0.1,0.35,5,2,,,,,,,,,,,,,,
J90_1.RCP,1,192.7596347,0.522603035,GA_roulette_single_point_adaptive_heuristic_noLS_withNeighborhood,67,1000,1,50,60,,,,,,adaptive,single_point,heuristic,FALSE,,,,,,,0.9,0.1,roulette,3,TRUE,FALSE,0.5,0.1,0.35,5,2,,,,,,,,,,,,,,
J90_1.RCP,0,194.0432168,0.515305042,GA_roulette_single_point_adaptive_heuristic_noLS_noNeighborhood,67,1000,0,50,60,,,,,,adaptive,single_point,heuristic,FALSE,,,,,,,0.9,0.1,roulette,3,TRUE,FALSE,0.5,0.1,0.35,5,0,,,,,,,,,,,,,,
J90_1.RCP,1,192.7596347,0.516829967,GA_roulette_single_point_adaptive_heuristic_noLS_noNeighborhood,67,1000,1,50,60,,,,,,adaptive,single_point,heuristic,FALSE,,,,,,,0.9,0.1,roulette,3,TRUE,FALSE,0.5,0.1,0.35,5,0,,,,,,,,,,,,,,
J90_1.RCP,0,210.4014257,0.340355158,GA_roulette_two_point_random_random_withLS_withNeighborhood,67,1000,0,50,60,,,,,,random,two_point,random,TRUE,,,,,,,0.9,0.1,roulette,3,TRUE,FALSE,0.5,0.1,0.35,5,2,,,,,,,,,,,,,,
J90_1.RCP,1,203.4163511,0.338886023,GA_roulette_two_point_random_random_withLS_withNeighborhood,67,1000,1,50,60,,,,,,random,two_point,random,TRUE,,,,,,,0.9,0.1,roulette,3,TRUE,FALSE,0.5,0.1,0.35,5,2,,,,,,,,,,,,,,
J90_1.RCP,0,210.4014257,0.337890863,GA_roulette_two_point_random_random_withLS_noNeighborhood,67,1000,0,50,60,,,,,,random,two_point,random,TRUE,,,,,,,0.9,0.1,roulette,3,TRUE,FALSE,0.5,0.1,0.35,5,0,,,,,,,,,,,,,,
J90_1.RCP,1,203.4163511,0.340656996,GA_roulette_two_point_random_random_withLS_noNeighborhood,67,1000,1,50,60,,,,,,random,two_point,random,TRUE,,,,,,,0.9,0.1,roulette,3,TRUE,FALSE,0.5,0.1,0.35,5,0,,,,,,,,,,,,,,
J90_1.RCP,0,193.2670973,0.491217852,GA_roulette_two_point_random_random_noLS_withNeighborhood,67,1000,0,50,60,,,,,,random,two_point,random,FALSE,,,,,,,0.9,0.1,roulette,3,TRUE,FALSE,0.5,0.1,0.35,5,2,,,,,,,,,,,,,,
J90_1.RCP,1,186.0730675,0.489928961,GA_roulette_two_point_random_random_noLS_withNeighborhood,67,1000,1,50,60,,,,,,random,two_point,random,FALSE,,,,,,,0.9,0.1,roulette,3,TRUE,FALSE,0.5,0.1,0.35,5,2,,,,,,,,,,,,,,
J90_1.RCP,0,193.2670973,0.491379976,GA_roulette_two_point_random_random_noLS_noNeighborhood,67,1000,0,50,60,,,,,,random,two_point,random,FALSE,,,,,,,0.9,0.1,roulette,3,TRUE,FALSE,0.5,0.1,0.35,5,0,,,,,,,,,,,,,,
J90_1.RCP,1,186.0730675,0.488574982,GA_roulette_two_point_random_random_noLS_noNeighborhood,67,1000,1,50,60,,,,,,random,two_point,random,FALSE,,,,,,,0.9,0.1,roulette,3,TRUE,FALSE,0.5,0.1,0.35,5,0,,,,,,,,,,,,,,
J90_1.RCP,0,203.0879929,0.341454983,GA_roulette_two_point_random_heuristic_withLS_withNeighborhood,67,1000,0,50,60,,,,,,random,two_point,heuristic,TRUE,,,,,,,0.9,0.1,roulette,3,TRUE,FALSE,0.5,0.1,0.35,5,2,,,,,,,,,,,,,,
J90_1.RCP,1,192.7596347,0.342164993,GA_roulette_two_point_random_heuristic_withLS_withNeighborhood,67,1000,1,50,60,,,,,,random,two_point,heuristic,TRUE,,,,,,,0.9,0.1,roulette,3,TRUE,FALSE,0.5,0.1,0.35,5,2,,,,,,,,,,,,,,
J90_1.RCP,0,203.0879929,0.341317177,GA_roulette_two_point_random_heuristic_withLS_noNeighborhood,67,1000,0,50,60,,,,,,random,two_point,heuristic,TRUE,,,,,,,0.9,0.1,roulette,3,TRUE,FALSE,0.5,0.1,0.35,5,0,,,,,,,,,,,,,,
J90_1.RCP,1,192.7596347,0.34057498,GA_roulette_two_point_random_heuristic_withLS_noNeighborhood,67,1000,1,50,60,,,,,,random,two_point,heuristic,TRUE,,,,,,,0.9,0.1,roulette,3,TRUE,FALSE,0.5,0.1,0.35,5,0,,,,,,,,,,,,,,
J90_1.RCP,0,190.252172,0.495149136,GA_roulette_two_point_random_heuristic_noLS_withNeighborhood,67,1000,0,50,60,,,,,,random,two_point,heuristic,FALSE,,,,,,,0.9,0.1,roulette,3,TRUE,FALSE,0.5,0.1,0.35,5,2,,,,,,,,,,,,,,
J90_1.RCP,1,192.7596347,0.491206884,GA_roulette_two_point_random_heuristic_noLS_withNeighborhood,67,1000,1,50,60,,,,,,random,two_point,heuristic,FALSE,,,,,,,0.9,0.1,roulette,3,TRUE,FALSE,0.5,0.1,0.35,5,2,,,,,,,,,,,,,,
J90_1.RCP,0,190.252172,0.490092039,GA_roulette_two_point_random_heuristic_noLS_noNeighborhood,67,1000,0,50,60,,,,,,random,two_point,heuristic,FALSE,,,,,,,0.9,0.1,roulette,3,TRUE,FALSE,0.5,0.1,0.35,5,0,,,,,,,,,,,,,,
J90_1.RCP,1,192.7596347,0.49143815,GA_roulette_two_point_random_heuristic_noLS_noNeighborhood,67,1000,1,50,60,,,,,,random,two_point,heuristic,FALSE,,,,,,,0.9,0.1,roulette,3,TRUE,FALSE,0.5,0.1,0.35,5,0,,,,,,,,,,,,,,
J90_1.RCP,0,212.1924705,0.345627785,GA_roulette_two_point_adaptive_random_withLS_withNeighborhood,67,1000,0,50,60,,,,,,adaptive,two_point,random,TRUE,,,,,,,0.9,0.1,roulette,3,TRUE,FALSE,0.5,0.1,0.35,5,2,,,,,,,,,,,,,,
J90_1.RCP,1,187.7148585,0.348938942,GA_roulette_two_point_adaptive_random_withLS_withNeighborhood,67,1000,1,50,60,,,,,,adaptive,two_point,random,TRUE,,,,,,,0.9,0.1,roulette,3,TRUE,FALSE,0.5,0.1,0.35,5,2,,,,,,,,,,,,,,
J90_1.RCP,0,212.1924705,0.356339931,GA_roulette_two_point_adaptive_random_withLS_noNeighborhood,67,1000,0,50,60,,,,,,adaptive,two_point,random,TRUE,,,,,,,0.9,0.1,roulette,3,TRUE,FALSE,0.5,0.1,0.35,5,0,,,,,,,,,,,,,,
J90_1.RCP,1,187.7148585,0.349458933,GA_roulette_two_point_adaptive_random_withLS_noNeighborhood,67,1000,1,50,60,,,,,,adaptive,two_point,random,TRUE,,,,,,,0.9,0.1,roulette,3,TRUE,FALSE,0.5,0.1,0.35,5,0,,,,,,,,,,,,,,
J90_1.RCP,0,187.2073959,0.517959118,GA_roulette_two_point_adaptive_random_noLS_withNeighborhood,67,1000,0,50,60,,,,,,adaptive,two_point,random,FALSE,,,,,,,0.9,0.1,roulette,3,TRUE,FALSE,0.5,0.1,0.35,5,2,,,,,,,,,,,,,,
J90_1.RCP,1,187.7148585,0.516919136,GA_roulette_two_point_adaptive_random_noLS_withNeighborhood,67,1000,1,50,60,,,,,,adaptive,two_point,random,FALSE,,,,,,,0.9,0.1,roulette,3,TRUE,FALSE,0.5,0.1,0.35,5,2,,,,,,,,,,,,,,
J90_1.RCP,0,187.2073959,0.518452883,GA_roulette_two_point_adaptive_random_noLS_noNeighborhood,67,1000,0,50,60,,,,,,adaptive,two_point,random,FALSE,,,,,,,0.9,0.1,roulette,3,TRUE,FALSE,0.5,0.1,0.35,5,0,,,,,,,,,,,,,,
J90_1.RCP,1,187.7148585,0.518059969,GA_roulette_two_point_adaptive_random_noLS_noNeighborhood,67,1000,1,50,60,,,,,,adaptive,two_point,random,FALSE,,,,,,,0.9,0.1,roulette,3,TRUE,FALSE,0.5,0.1,0.35,5,0,,,,,,,,,,,,,,
J90_1.RCP,0,213.893963,0.35297513,GA_roulette_two_point_adaptive_heuristic_withLS_withNeighborhood,67,1000,0,50,60,,,,,,adaptive,two_point,heuristic,TRUE,,,,,,,0.9,0.1,roulette,3,TRUE,FALSE,0.5,0.1,0.35,5,2,,,,,,,,,,,,,,
J90_1.RCP,1,192.7596347,0.350214005,GA_roulette_two_point_adaptive_heuristic_withLS_withNeighborhood,67,1000,1,50,60,,,,,,adaptive,two_point,heuristic,TRUE,,,,,,,0.9,0.1,roulette,3,TRUE,FALSE,0.5,0.1,0.35,5,2,,,,,,,,,,,,,,
J90_1.RCP,0,213.893963,0.34942317,GA_roulette_two_point_adaptive_heuristic_withLS_noNeighborhood,67,1000,0,50,60,,,,,,adaptive,two_point,heuristic,TRUE,,,,,,,0.9,0.1,roulette,3,TRUE,FALSE,0.5,0.1,0.35,5,0,,,,,,,,,,,,,,
J90_1.RCP,1,192.7596347,0.349720955,GA_roulette_two_point_adaptive_heuristic_withLS_noNeighborhood,67,1000,1,50,60,,,,,,adaptive,two_point,heuristic,TRUE,,,,,,,0.9,0.1,roulette,3,TRUE,FALSE,0.5,0.1,0.35,5,0,,,,,,,,,,,,,,
J90_1.RCP,0,199.5954556,0.524875164,GA_roulette_two_point_adaptive_heuristic_noLS_withNeighborhood,67,1000,0,50,60,,,,,,adaptive,two_point,heuristic,FALSE,,,,,,,0.9,0.1,roulette,3,TRUE,FALSE,0.5,0.1,0.35,5,2,,,,,,,,,,,,,,
J90_1.RCP,1,186.371575,0.52643919,GA_roulette_two_point_adaptive_heuristic_noLS_withNeighborhood,67,1000,1,50,60,,,,,,adaptive,two_point,heuristic,FALSE,,,,,,,0.9,0.1,roulette,3,TRUE,FALSE,0.5,0.1,0.35,5,2,,,,,,,,,,,,,,
J90_1.RCP,0,199.5954556,0.524572849,GA_roulette_two_point_adaptive_heuristic_noLS_noNeighborhood,67,1000,0,50,60,,,,,,adaptive,two_point,heuristic,FALSE,,,,,,,0.9,0.1,roulette,3,TRUE,FALSE,0.5,0.1,0.35,5,0,,,,,,,,,,,,,,
J90_1.RCP,1,186.371575,0.525493145,GA_roulette_two_point_adaptive_heuristic_noLS_noNeighborhood,67,1000,1,50,60,,,,,,adaptive,two_point,heuristic,FALSE,,,,,,,0.9,0.1,roulette,3,TRUE,FALSE,0.5,0.1,0.35,5,0,,,,,,,,,,,,,,
J90_1.RCP,0,199.0581421,5.594084263,GA_roulette_rcx_random_random_withLS_withNeighborhood,67,1000,0,50,60,,,,,,random,rcx,random,TRUE,,,,,,,0.9,0.1,roulette,3,TRUE,FALSE,0.5,0.1,0.35,5,2,,,,,,,,,,,,,,
J90_1.RCP,1,188.5208287,5.577677011,GA_roulette_rcx_random_random_withLS_withNeighborhood,67,1000,1,50,60,,,,,,random,rcx,random,TRUE,,,,,,,0.9,0.1,roulette,3,TRUE,FALSE,0.5,0.1,0.35,5,2,,,,,,,,,,,,,,
J90_1.RCP,0,199.0581421,5.592798233,GA_roulette_rcx_random_random_withLS_noNeighborhood,67,1000,0,50,60,,,,,,random,rcx,random,TRUE,,,,,,,0.9,0.1,roulette,3,TRUE,FALSE,0.5,0.1,0.35,5,0,,,,,,,,,,,,,,
J90_1.RCP,1,188.5208287,5.570366144,GA_roulette_rcx_random_random_withLS_noNeighborhood,67,1000,1,50,60,,,,,,random,rcx,random,TRUE,,,,,,,0.9,0.1,roulette,3,TRUE,FALSE,0.5,0.1,0.35,5,0,,,,,,,,,,,,,,
J90_1.RCP,0,176.7894854,21.71114707,GA_roulette_rcx_random_random_noLS_withNeighborhood,67,1000,0,50,60,,,,,,random,rcx,random,FALSE,,,,,,,0.9,0.1,roulette,3,TRUE,FALSE,0.5,0.1,0.35,5,2,,,,,,,,,,,,,,
J90_1.RCP,1,179.0282914,21.457726,GA_roulette_rcx_random_random_noLS_withNeighborhood,67,1000,1,50,60,,,,,,random,rcx,random,FALSE,,,,,,,0.9,0.1,roulette,3,TRUE,FALSE,0.5,0.1,0.35,5,2,,,,,,,,,,,,,,
J90_1.RCP,0,176.7894854,21.78611898,GA_roulette_rcx_random_random_noLS_noNeighborhood,67,1000,0,50,60,,,,,,random,rcx,random,FALSE,,,,,,,0.9,0.1,roulette,3,TRUE,FALSE,0.5,0.1,0.35,5,0,,,,,,,,,,,,,,
J90_1.RCP,1,179.0282914,21.43430305,GA_roulette_rcx_random_random_noLS_noNeighborhood,67,1000,1,50,60,,,,,,random,rcx,random,FALSE,,,,,,,0.9,0.1,roulette,3,TRUE,FALSE,0.5,0.1,0.35,5,0,,,,,,,,,,,,,,
J90_1.RCP,0,222.9984406,5.438714027,GA_roulette_rcx_random_heuristic_withLS_withNeighborhood,67,1000,0,50,60,,,,,,random,rcx,heuristic,TRUE,,,,,,,0.9,0.1,roulette,3,TRUE,FALSE,0.5,0.1,0.35,5,2,,,,,,,,,,,,,,
J90_1.RCP,1,192.7596347,5.69493413,GA_roulette_rcx_random_heuristic_withLS_withNeighborhood,67,1000,1,50,60,,,,,,random,rcx,heuristic,TRUE,,,,,,,0.9,0.1,roulette,3,TRUE,FALSE,0.5,0.1,0.35,5,2,,,,,,,,,,,,,,
J90_1.RCP,0,222.9984406,5.448915005,GA_roulette_rcx_random_heuristic_withLS_noNeighborhood,67,1000,0,50,60,,,,,,random,rcx,heuristic,TRUE,,,,,,,0.9,0.1,roulette,3,TRUE,FALSE,0.5,0.1,0.35,5,0,,,,,,,,,,,,,,
J90_1.RCP,1,192.7596347,5.608952999,GA_roulette_rcx_random_heuristic_withLS_noNeighborhood,67,1000,1,50,60,,,,,,random,rcx,heuristic,TRUE,,,,,,,0.9,0.1,roulette,3,TRUE,FALSE,0.5,0.1,0.35,5,0,,,,,,,,,,,,,,
J90_1.RCP,0,192.132769,21.32671404,GA_roulette_rcx_random_heuristic_noLS_withNeighborhood,67,1000,0,50,60,,,,,,random,rcx,heuristic,FALSE,,,,,,,0.9,0.1,roulette,3,TRUE,FALSE,0.5,0.1,0.35,5,2,,,,,,,,,,,,,,
J90_1.RCP,1,192.7596347,21.40536284,GA_roulette_rcx_random_heuristic_noLS_withNeighborhood,67,1000,1,50,60,,,,,,random,rcx,heuristic,FALSE,,,,,,,0.9,0.1,roulette,3,TRUE,FALSE,0.5,0.1,0.35,5,2,,,,,,,,,,,,,,
J90_1.RCP,0,192.132769,21.35907102,GA_roulette_rcx_random_heuristic_noLS_noNeighborhood,67,1000,0,50,60,,,,,,random,rcx,heuristic,FALSE,,,,,,,0.9,0.1,roulette,3,TRUE,FALSE,0.5,0.1,0.35,5,0,,,,,,,,,,,,,,
J90_1.RCP,1,192.7596347,21.42926383,GA_roulette_rcx_random_heuristic_noLS_noNeighborhood,67,1000,1,50,60,,,,,,random,rcx,heuristic,FALSE,,,,,,,0.9,0.1,roulette,3,TRUE,FALSE,0.5,0.1,0.35,5,0,,,,,,,,,,,,,,
J90_1.RCP,0,210.8790376,5.723054886,GA_roulette_rcx_adaptive_random_withLS_withNeighborhood,67,1000,0,50,60,,,,,,adaptive,rcx,random,TRUE,,,,,,,0.9,0.1,roulette,3,TRUE,FALSE,0.5,0.1,0.35,5,2,,,,,,,,,,,,,,
J90_1.RCP,1,187.2670973,5.841938257,GA_roulette_rcx_adaptive_random_withLS_withNeighborhood,67,1000,1,50,60,,,,,,adaptive,rcx,random,TRUE,,,,,,,0.9,0.1,roulette,3,TRUE,FALSE,0.5,0.1,0.35,5,2,,,,,,,,,,,,,,
J90_1.RCP,0,210.8790376,5.73165226,GA_roulette_rcx_adaptive_random_withLS_noNeighborhood,67,1000,0,50,60,,,,,,adaptive,rcx,random,TRUE,,,,,,,0.9,0.1,roulette,3,TRUE,FALSE,0.5,0.1,0.35,5,0,,,,,,,,,,,,,,
J90_1.RCP,1,187.2670973,5.789280891,GA_roulette_rcx_adaptive_random_withLS_noNeighborhood,67,1000,1,50,60,,,,,,adaptive,rcx,random,TRUE,,,,,,,0.9,0.1,roulette,3,TRUE,FALSE,0.5,0.1,0.35,5,0,,,,,,,,,,,,,,
J90_1.RCP,0,197.0282914,21.41976905,GA_roulette_rcx_adaptive_random_noLS_withNeighborhood,67,1000,0,50,60,,,,,,adaptive,rcx,random,FALSE,,,,,,,0.9,0.1,roulette,3,TRUE,FALSE,0.5,0.1,0.35,5,2,,,,,,,,,,,,,,
J90_1.RCP,1,180.8193362,21.65139318,GA_roulette_rcx_adaptive_random_noLS_withNeighborhood,67,1000,1,50,60,,,,,,adaptive,rcx,random,FALSE,,,,,,,0.9,0.1,roulette,3,TRUE,FALSE,0.5,0.1,0.35,5,2,,,,,,,,,,,,,,
J90_1.RCP,0,197.0282914,21.45333314,GA_roulette_rcx_adaptive_random_noLS_noNeighborhood,67,1000,0,50,60,,,,,,adaptive,rcx,random,FALSE,,,,,,,0.9,0.1,roulette,3,TRUE,FALSE,0.5,0.1,0.35,5,0,,,,,,,,,,,,,,
J90_1.RCP,1,180.8193362,21.68945003,GA_roulette_rcx_adaptive_random_noLS_noNeighborhood,67,1000,1,50,60,,,,,,adaptive,rcx,random,FALSE,,,,,,,0.9,0.1,roulette,3,TRUE,FALSE,0.5,0.1,0.35,5,0,,,,,,,,,,,,,,
J90_1.RCP,0,217.9536645,5.500657797,GA_roulette_rcx_adaptive_heuristic_withLS_withNeighborhood,67,1000,0,50,60,,,,,,adaptive,rcx,heuristic,TRUE,,,,,,,0.9,0.1,roulette,3,TRUE,FALSE,0.5,0.1,0.35,5,2,,,,,,,,,,,,,,
J90_1.RCP,1,192.7596347,5.462746859,GA_roulette_rcx_adaptive_heuristic_withLS_withNeighborhood,67,1000,1,50,60,,,,,,adaptive,rcx,heuristic,TRUE,,,,,,,0.9,0.1,roulette,3,TRUE,FALSE,0.5,0.1,0.35,5,2,,,,,,,,,,,,,,
J90_1.RCP,0,217.9536645,5.502292871,GA_roulette_rcx_adaptive_heuristic_withLS_noNeighborhood,67,1000,0,50,60,,,,,,adaptive,rcx,heuristic,TRUE,,,,,,,0.9,0.1,roulette,3,TRUE,FALSE,0.5,0.1,0.35,5,0,,,,,,,,,,,,,,
J90_1.RCP,1,192.7596347,5.454005957,GA_roulette_rcx_adaptive_heuristic_withLS_noNeighborhood,67,1000,1,50,60,,,,,,adaptive,rcx,heuristic,TRUE,,,,,,,0.9,0.1,roulette,3,TRUE,FALSE,0.5,0.1,0.35,5,0,,,,,,,,,,,,,,
J90_1.RCP,0,179.2969481,21.18289685,GA_roulette_rcx_adaptive_heuristic_noLS_withNeighborhood,67,1000,0,50,60,,,,,,adaptive,rcx,heuristic,FALSE,,,,,,,0.9,0.1,roulette,3,TRUE,FALSE,0.5,0.1,0.35,5,2,,,,,,,,,,,,,,
J90_1.RCP,1,184.8491869,21.19511199,GA_roulette_rcx_adaptive_heuristic_noLS_withNeighborhood,67,1000,1,50,60,,,,,,adaptive,rcx,heuristic,FALSE,,,,,,,0.9,0.1,roulette,3,TRUE,FALSE,0.5,0.1,0.35,5,2,,,,,,,,,,,,,,
J90_1.RCP,0,179.2969481,21.16639996,GA_roulette_rcx_adaptive_heuristic_noLS_noNeighborhood,67,1000,0,50,60,,,,,,adaptive,rcx,heuristic,FALSE,,,,,,,0.9,0.1,roulette,3,TRUE,FALSE,0.5,0.1,0.35,5,0,,,,,,,,,,,,,,
J90_1.RCP,1,184.8491869,21.204283,GA_roulette_rcx_adaptive_heuristic_noLS_noNeighborhood,67,1000,1,50,60,,,,,,adaptive,rcx,heuristic,FALSE,,,,,,,0.9,0.1,roulette,3,TRUE,FALSE,0.5,0.1,0.35,5,0,,,,,,,,,,,,,,
J90_1.RCP,0,214.7894854,0.334774733,GA_roulette_hybrid_random_random_withLS_withNeighborhood,67,1000,0,50,60,,,,,,random,hybrid,random,TRUE,,,,,,,0.9,0.1,roulette,3,TRUE,FALSE,0.5,0.1,0.35,5,2,,,,,,,,,,,,,,
J90_1.RCP,1,210.6700824,0.334791899,GA_roulette_hybrid_random_random_withLS_withNeighborhood,67,1000,1,50,60,,,,,,random,hybrid,random,TRUE,,,,,,,0.9,0.1,roulette,3,TRUE,FALSE,0.5,0.1,0.35,5,2,,,,,,,,,,,,,,
J90_1.RCP,0,214.7894854,0.336303949,GA_roulette_hybrid_random_random_withLS_noNeighborhood,67,1000,0,50,60,,,,,,random,hybrid,random,TRUE,,,,,,,0.9,0.1,roulette,3,TRUE,FALSE,0.5,0.1,0.35,5,0,,,,,,,,,,,,,,
J90_1.RCP,1,210.6700824,0.335880995,GA_roulette_hybrid_random_random_withLS_noNeighborhood,67,1000,1,50,60,,,,,,random,hybrid,random,TRUE,,,,,,,0.9,0.1,roulette,3,TRUE,FALSE,0.5,0.1,0.35,5,0,,,,,,,,,,,,,,
J90_1.RCP,0,196.013366,0.485785961,GA_roulette_hybrid_random_random_noLS_withNeighborhood,67,1000,0,50,60,,,,,,random,hybrid,random,FALSE,,,,,,,0.9,0.1,roulette,3,TRUE,FALSE,0.5,0.1,0.35,5,2,,,,,,,,,,,,,,
J90_1.RCP,1,187.8342615,0.478692055,GA_roulette_hybrid_random_random_noLS_withNeighborhood,67,1000,1,50,60,,,,,,random,hybrid,random,FALSE,,,,,,,0.9,0.1,roulette,3,TRUE,FALSE,0.5,0.1,0.35,5,2,,,,,,,,,,,,,,
J90_1.RCP,0,196.013366,0.481370926,GA_roulette_hybrid_random_random_noLS_noNeighborhood,67,1000,0,50,60,,,,,,random,hybrid,random,FALSE,,,,,,,0.9,0.1,roulette,3,TRUE,FALSE,0.5,0.1,0.35,5,0,,,,,,,,,,,,,,
J90_1.RCP,1,187.8342615,0.478378057,GA_roulette_hybrid_random_random_noLS_noNeighborhood,67,1000,1,50,60,,,,,,random,hybrid,random,FALSE,,,,,,,0.9,0.1,roulette,3,TRUE,FALSE,0.5,0.1,0.35,5,0,,,,,,,,,,,,,,
J90_1.RCP,0,184.6999332,0.339886665,GA_roulette_hybrid_random_heuristic_withLS_withNeighborhood,67,1000,0,50,60,,,,,,random,hybrid,heuristic,TRUE,,,,,,,0.9,0.1,roulette,3,TRUE,FALSE,0.5,0.1,0.35,5,2,,,,,,,,,,,,,,
J90_1.RCP,1,192.7596347,0.338555098,GA_roulette_hybrid_random_heuristic_withLS_withNeighborhood,67,1000,1,50,60,,,,,,random,hybrid,heuristic,TRUE,,,,,,,0.9,0.1,roulette,3,TRUE,FALSE,0.5,0.1,0.35,5,2,,,,,,,,,,,,,,
J90_1.RCP,0,184.6999332,0.337203264,GA_roulette_hybrid_random_heuristic_withLS_noNeighborhood,67,1000,0,50,60,,,,,,random,hybrid,heuristic,TRUE,,,,,,,0.9,0.1,roulette,3,TRUE,FALSE,0.5,0.1,0.35,5,0,,,,,,,,,,,,,,
J90_1.RCP,1,192.7596347,0.339235783,GA_roulette_hybrid_random_heuristic_withLS_noNeighborhood,67,1000,1,50,60,,,,,,random,hybrid,heuristic,TRUE,,,,,,,0.9,0.1,roulette,3,TRUE,FALSE,0.5,0.1,0.35,5,0,,,,,,,,,,,,,,
J90_1.RCP,0,184.6999332,0.483484268,GA_roulette_hybrid_random_heuristic_noLS_withNeighborhood,67,1000,0,50,60,,,,,,random,hybrid,heuristic,FALSE,,,,,,,0.9,0.1,roulette,3,TRUE,FALSE,0.5,0.1,0.35,5,2,,,,,,,,,,,,,,
J90_1.RCP,1,192.7596347,0.484073162,GA_roulette_hybrid_random_heuristic_noLS_withNeighborhood,67,1000,1,50,60,,,,,,random,hybrid,heuristic,FALSE,,,,,,,0.9,0.1,roulette,3,TRUE,FALSE,0.5,0.1,0.35,5,2,,,,,,,,,,,,,,
J90_1.RCP,0,184.6999332,0.482198715,GA_roulette_hybrid_random_heuristic_noLS_noNeighborhood,67,1000,0,50,60,,,,,,random,hybrid,heuristic,FALSE,,,,,,,0.9,0.1,roulette,3,TRUE,FALSE,0.5,0.1,0.35,5,0,,,,,,,,,,,,,,
J90_1.RCP,1,192.7596347,0.482659101,GA_roulette_hybrid_random_heuristic_noLS_noNeighborhood,67,1000,1,50,60,,,,,,random,hybrid,heuristic,FALSE,,,,,,,0.9,0.1,roulette,3,TRUE,FALSE,0.5,0.1,0.35,5,0,,,,,,,,,,,,,,
J90_1.RCP,0,203.0581421,0.344852924,GA_roulette_hybrid_adaptive_random_withLS_withNeighborhood,67,1000,0,50,60,,,,,,adaptive,hybrid,random,TRUE,,,,,,,0.9,0.1,roulette,3,TRUE,FALSE,0.5,0.1,0.35,5,2,,,,,,,,,,,,,,
J90_1.RCP,1,189.77456,0.350218058,GA_roulette_hybrid_adaptive_random_withLS_withNeighborhood,67,1000,1,50,60,,,,,,adaptive,hybrid,random,TRUE,,,,,,,0.9,0.1,roulette,3,TRUE,FALSE,0.5,0.1,0.35,5,2,,,,,,,,,,,,,,
J90_1.RCP,0,203.0581421,0.343523026,GA_roulette_hybrid_adaptive_random_withLS_noNeighborhood,67,1000,0,50,60,,,,,,adaptive,hybrid,random,TRUE,,,,,,,0.9,0.1,roulette,3,TRUE,FALSE,0.5,0.1,0.35,5,0,,,,,,,,,,,,,,
J90_1.RCP,1,189.77456,0.349779844,GA_roulette_hybrid_adaptive_random_withLS_noNeighborhood,67,1000,1,50,60,,,,,,adaptive,hybrid,random,TRUE,,,,,,,0.9,0.1,roulette,3,TRUE,FALSE,0.5,0.1,0.35,5,0,,,,,,,,,,,,,,
J90_1.RCP,0,196.5506794,0.516457081,GA_roulette_hybrid_adaptive_random_noLS_withNeighborhood,67,1000,0,50,60,,,,,,adaptive,hybrid,random,FALSE,,,,,,,0.9,0.1,roulette,3,TRUE,FALSE,0.5,0.1,0.35,5,2,,,,,,,,,,,,,,
J90_1.RCP,1,189.0581421,0.515753269,GA_roulette_hybrid_adaptive_random_noLS_withNeighborhood,67,1000,1,50,60,,,,,,adaptive,hybrid,random,FALSE,,,,,,,0.9,0.1,roulette,3,TRUE,FALSE,0.5,0.1,0.35,5,2,,,,,,,,,,,,,,
J90_1.RCP,0,196.5506794,0.518560886,GA_roulette_hybrid_adaptive_random_noLS_noNeighborhood,67,1000,0,50,60,,,,,,adaptive,hybrid,random,FALSE,,,,,,,0.9,0.1,roulette,3,TRUE,FALSE,0.5,0.1,0.35,5,0,,,,,,,,,,,,,,
J90_1.RCP,1,189.0581421,0.51751709,GA_roulette_hybrid_adaptive_random_noLS_noNeighborhood,67,1000,1,50,60,,,,,,adaptive,hybrid,random,FALSE,,,,,,,0.9,0.1,roulette,3,TRUE,FALSE,0.5,0.1,0.35,5,0,,,,,,,,,,,,,,
J90_1.RCP,0,204.9685899,0.354242086,GA_roulette_hybrid_adaptive_heuristic_withLS_withNeighborhood,67,1000,0,50,60,,,,,,adaptive,hybrid,heuristic,TRUE,,,,,,,0.9,0.1,roulette,3,TRUE,FALSE,0.5,0.1,0.35,5,2,,,,,,,,,,,,,,
J90_1.RCP,1,192.7596347,0.346560001,GA_roulette_hybrid_adaptive_heuristic_withLS_withNeighborhood,67,1000,1,50,60,,,,,,adaptive,hybrid,heuristic,TRUE,,,,,,,0.9,0.1,roulette,3,TRUE,FALSE,0.5,0.1,0.35,5,2,,,,,,,,,,,,,,
J90_1.RCP,0,204.9685899,0.346817732,GA_roulette_hybrid_adaptive_heuristic_withLS_noNeighborhood,67,1000,0,50,60,,,,,,adaptive,hybrid,heuristic,TRUE,,,,,,,0.9,0.1,roulette,3,TRUE,FALSE,0.5,0.1,0.35,5,0,,,,,,,,,,,,,,
J90_1.RCP,1,192.7596347,0.353649139,GA_roulette_hybrid_adaptive_heuristic_withLS_noNeighborhood,67,1000,1,50,60,,,,,,adaptive,hybrid,heuristic,TRUE,,,,,,,0.9,0.1,roulette,3,TRUE,FALSE,0.5,0.1,0.35,5,0,,,,,,,,,,,,,,
J90_1.RCP,0,199.5059033,0.511664867,GA_roulette_hybrid_adaptive_heuristic_noLS_withNeighborhood,67,1000,0,50,60,,,,,,adaptive,hybrid,heuristic,FALSE,,,,,,,0.9,0.1,roulette,3,TRUE,FALSE,0.5,0.1,0.35,5,2,,,,,,,,,,,,,,
J90_1.RCP,1,192.7596347,0.512795925,GA_roulette_hybrid_adaptive_heuristic_noLS_withNeighborhood,67,1000,1,50,60,,,,,,adaptive,hybrid,heuristic,FALSE,,,,,,,0.9,0.1,roulette,3,TRUE,FALSE,0.5,0.1,0.35,5,2,,,,,,,,,,,,,,
J90_1.RCP,0,199.5059033,0.510116816,GA_roulette_hybrid_adaptive_heuristic_noLS_noNeighborhood,67,1000,0,50,60,,,,,,adaptive,hybrid,heuristic,FALSE,,,,,,,0.9,0.1,roulette,3,TRUE,FALSE,0.5,0.1,0.35,5,0,,,,,,,,,,,,,,
J90_1.RCP,1,192.7596347,0.510168076,GA_roulette_hybrid_adaptive_heuristic_noLS_noNeighborhood,67,1000,1,50,60,,,,,,adaptive,hybrid,heuristic,FALSE,,,,,,,0.9,0.1,roulette,3,TRUE,FALSE,0.5,0.1,0.35,5,0,,,,,,,,,,,,,,
J90_1.RCP,0,192.9387391,0.337658167,GA_tournament_single_point_random_random_withLS_withNeighborhood,67,1000,0,50,60,,,,,,random,single_point,random,TRUE,,,,,,,0.9,0.1,tournament,3,TRUE,FALSE,0.5,0.1,0.35,5,2,,,,,,,,,,,,,,
J90_1.RCP,1,180.9685899,0.336571217,GA_tournament_single_point_random_random_withLS_withNeighborhood,67,1000,1,50,60,,,,,,random,single_point,random,TRUE,,,,,,,0.9,0.1,tournament,3,TRUE,FALSE,0.5,0.1,0.35,5,2,,,,,,,,,,,,,,
J90_1.RCP,0,192.9387391,0.339735031,GA_tournament_single_point_random_random_withLS_noNeighborhood,67,1000,0,50,60,,,,,,random,single_point,random,TRUE,,,,,,,0.9,0.1,tournament,3,TRUE,FALSE,0.5,0.1,0.35,5,0,,,,,,,,,,,,,,
J90_1.RCP,1,180.9685899,0.338763952,GA_tournament_single_point_random_random_withLS_noNeighborhood,67,1000,1,50,60,,,,,,random,single_point,random,TRUE,,,,,,,0.9,0.1,tournament,3,TRUE,FALSE,0.5,0.1,0.35,5,0,,,,,,,,,,,,,,
J90_1.RCP,0,161.0581421,0.485671997,GA_tournament_single_point_random_random_noLS_withNeighborhood,67,1000,0,50,60,,,,,,random,single_point,random,FALSE,,,,,,,0.9,0.1,tournament,3,TRUE,FALSE,0.5,0.1,0.35,5,2,,,,,,,,,,,,,,
J90_1.RCP,1,158.9088884,0.487350941,GA_tournament_single_point_random_random_noLS_withNeighborhood,67,1000,1,50,60,,,,,,random,single_point,random,FALSE,,,,,,,0.9,0.1,tournament,3,TRUE,FALSE,0.5,0.1,0.35,5,2,,,,,,,,,,,,,,
J90_1.RCP,0,161.0581421,0.487579107,GA_tournament_single_point_random_random_noLS_noNeighborhood,67,1000,0,50,60,,,,,,random,single_point,random,FALSE,,,,,,,0.9,0.1,tournament,3,TRUE,FALSE,0.5,0.1,0.35,5,0,,,,,,,,,,,,,,
J90_1.RCP,1,158.9088884,0.482031107,GA_tournament_single_point_random_random_noLS_noNeighborhood,67,1000,1,50,60,,,,,,random,single_point,random,FALSE,,,,,,,0.9,0.1,tournament,3,TRUE,FALSE,0.5,0.1,0.35,5,0,,,,,,,,,,,,,,
J90_1.RCP,0,194.8491869,0.341331005,GA_tournament_single_point_random_heuristic_withLS_withNeighborhood,67,1000,0,50,60,,,,,,random,single_point,heuristic,TRUE,,,,,,,0.9,0.1,tournament,3,TRUE,FALSE,0.5,0.1,0.35,5,2,,,,,,,,,,,,,,
J90_1.RCP,1,192.7596347,0.342333317,GA_tournament_single_point_random_heuristic_withLS_withNeighborhood,67,1000,1,50,60,,,,,,random,single_point,heuristic,TRUE,,,,,,,0.9,0.1,tournament,3,TRUE,FALSE,0.5,0.1,0.35,5,2,,,,,,,,,,,,,,
J90_1.RCP,0,194.8491869,0.343184233,GA_tournament_single_point_random_heuristic_withLS_noNeighborhood,67,1000,0,50,60,,,,,,random,single_point,heuristic,TRUE,,,,,,,0.9,0.1,tournament,3,TRUE,FALSE,0.5,0.1,0.35,5,0,,,,,,,,,,,,,,
J90_1.RCP,1,192.7596347,0.33871913,GA_tournament_single_point_random_heuristic_withLS_noNeighborhood,67,1000,1,50,60,,,,,,random,single_point,heuristic,TRUE,,,,,,,0.9,0.1,tournament,3,TRUE,FALSE,0.5,0.1,0.35,5,0,,,,,,,,,,,,,,
J90_1.RCP,0,155.77456,0.490426779,GA_tournament_single_point_random_heuristic_noLS_withNeighborhood,67,1000,0,50,60,,,,,,random,single_point,heuristic,FALSE,,,,,,,0.9,0.1,tournament,3,TRUE,FALSE,0.5,0.1,0.35,5,2,,,,,,,,,,,,,,
J90_1.RCP,1,162.9685899,0.490029097,GA_tournament_single_point_random_heuristic_noLS_withNeighborhood,67,1000,1,50,60,,,,,,random,single_point,heuristic,FALSE,,,,,,,0.9,0.1,tournament,3,TRUE,FALSE,0.5,0.1,0.35,5,2,,,,,,,,,,,,,,
J90_1.RCP,0,155.77456,0.488166809,GA_tournament_single_point_random_heuristic_noLS_noNeighborhood,67,1000,0,50,60,,,,,,random,single_point,heuristic,FALSE,,,,,,,0.9,0.1,tournament,3,TRUE,FALSE,0.5,0.1,0.35,5,0,,,,,,,,,,,,,,
J90_1.RCP,1,162.9685899,0.488655329,GA_tournament_single_point_random_heuristic_noLS_noNeighborhood,67,1000,1,50,60,,,,,,random,single_point,heuristic,FALSE,,,,,,,0.9,0.1,tournament,3,TRUE,FALSE,0.5,0.1,0.35,5,0,,,,,,,,,,,,,,
J90_1.RCP,0,190.1626197,0.34348917,GA_tournament_single_point_adaptive_random_withLS_withNeighborhood,67,1000,0,50,60,,,,,,adaptive,single_point,random,TRUE,,,,,,,0.9,0.1,tournament,3,TRUE,FALSE,0.5,0.1,0.35,5,2,,,,,,,,,,,,,,
J90_1.RCP,1,192.4611272,0.34439683,GA_tournament_single_point_adaptive_random_withLS_withNeighborhood,67,1000,1,50,60,,,,,,adaptive,single_point,random,TRUE,,,,,,,0.9,0.1,tournament,3,TRUE,FALSE,0.5,0.1,0.35,5,2,,,,,,,,,,,,,,
J90_1.RCP,0,190.1626197,0.345926762,GA_tournament_single_point_adaptive_random_withLS_noNeighborhood,67,1000,0,50,60,,,,,,adaptive,single_point,random,TRUE,,,,,,,0.9,0.1,tournament,3,TRUE,FALSE,0.5,0.1,0.35,5,0,,,,,,,,,,,,,,
J90_1.RCP,1,192.4611272,0.343041658,GA_tournament_single_point_adaptive_random_withLS_noNeighborhood,67,1000,1,50,60,,,,,,adaptive,single_point,random,TRUE,,,,,,,0.9,0.1,tournament,3,TRUE,FALSE,0.5,0.1,0.35,5,0,,,,,,,,,,,,,,
J90_1.RCP,0,168.6700824,0.51458168,GA_tournament_single_point_adaptive_random_noLS_withNeighborhood,67,1000,0,50,60,,,,,,adaptive,single_point,random,FALSE,,,,,,,0.9,0.1,tournament,3,TRUE,FALSE,0.5,0.1,0.35,5,2,,,,,,,,,,,,,,
J90_1.RCP,1,166.9387391,0.511268139,GA_tournament_single_point_adaptive_random_noLS_withNeighborhood,67,1000,1,50,60,,,,,,adaptive,single_point,random,FALSE,,,,,,,0.9,0.1,tournament,3,TRUE,FALSE,0.5,0.1,0.35,5,2,,,,,,,,,,,,,,
J90_1.RCP,0,168.6700824,0.517168283,GA_tournament_single_point_adaptive_random_noLS_noNeighborhood,67,1000,0,50,60,,,,,,adaptive,single_point,random,FALSE,,,,,,,0.9,0.1,tournament,3,TRUE,FALSE,0.5,0.1,0.35,5,0,,,,,,,,,,,,,,
J90_1.RCP,1,166.9387391,0.51710701,GA_tournament_single_point_adaptive_random_noLS_noNeighborhood,67,1000,1,50,60,,,,,,adaptive,single_point,random,FALSE,,,,,,,0.9,0.1,tournament,3,TRUE,FALSE,0.5,0.1,0.35,5,0,,,,,,,,,,,,,,
J90_1.RCP,0,203.7447093,0.34617281,GA_tournament_single_point_adaptive_heuristic_withLS_withNeighborhood,67,1000,0,50,60,,,,,,adaptive,single_point,heuristic,TRUE,,,,,,,0.9,0.1,tournament,3,TRUE,FALSE,0.5,0.1,0.35,5,2,,,,,,,,,,,,,,
J90_1.RCP,1,184.7297839,0.346471071,GA_tournament_single_point_adaptive_heuristic_withLS_withNeighborhood,67,1000,1,50,60,,,,,,adaptive,single_point,heuristic,TRUE,,,,,,,0.9,0.1,tournament,3,TRUE,FALSE,0.5,0.1,0.35,5,2,,,,,,,,,,,,,,
J90_1.RCP,0,203.7447093,0.347235918,GA_tournament_single_point_adaptive_heuristic_withLS_noNeighborhood,67,1000,0,50,60,,,,,,adaptive,single_point,heuristic,TRUE,,,,,,,0.9,0.1,tournament,3,TRUE,FALSE,0.5,0.1,0.35,5,0,,,,,,,,,,,,,,
J90_1.RCP,1,184.7297839,0.347343922,GA_tournament_single_point_adaptive_heuristic_withLS_noNeighborhood,67,1000,1,50,60,,,,,,adaptive,single_point,heuristic,TRUE,,,,,,,0.9,0.1,tournament,3,TRUE,FALSE,0.5,0.1,0.35,5,0,,,,,,,,,,,,,,
J90_1.RCP,0,171.2372466,0.518008947,GA_tournament_single_point_adaptive_heuristic_noLS_withNeighborhood,67,1000,0,50,60,,,,,,adaptive,single_point,heuristic,FALSE,,,,,,,0.9,0.1,tournament,3,TRUE,FALSE,0.5,0.1,0.35,5,2,,,,,,,,,,,,,,
J90_1.RCP,1,170.0432168,0.518293858,GA_tournament_single_point_adaptive_heuristic_noLS_withNeighborhood,67,1000,1,50,60,,,,,,adaptive,single_point,heuristic,FALSE,,,,,,,0.9,0.1,tournament,3,TRUE,FALSE,0.5,0.1,0.35,5,2,,,,,,,,,,,,,,
J90_1.RCP,0,171.2372466,0.526119947,GA_tournament_single_point_adaptive_heuristic_noLS_noNeighborhood,67,1000,0,50,60,,,,,,adaptive,single_point,heuristic,FALSE,,,,,,,0.9,0.1,tournament,3,TRUE,FALSE,0.5,0.1,0.35,5,0,,,,,,,,,,,,,,
J90_1.RCP,1,170.0432168,0.518409967,GA_tournament_single_point_adaptive_heuristic_noLS_noNeighborhood,67,1000,1,50,60,,,,,,adaptive,single_point,heuristic,FALSE,,,,,,,0.9,0.1,tournament,3,TRUE,FALSE,0.5,0.1,0.35,5,0,,,,,,,,,,,,,,
J90_1.RCP,0,200.1924705,0.337273836,GA_tournament_two_point_random_random_withLS_withNeighborhood,67,1000,0,50,60,,,,,,random,two_point,random,TRUE,,,,,,,0.9,0.1,tournament,3,TRUE,FALSE,0.5,0.1,0.35,5,2,,,,,,,,,,,,,,
J90_1.RCP,1,184.3417242,0.339245796,GA_tournament_two_point_random_random_withLS_withNeighborhood,67,1000,1,50,60,,,,,,random,two_point,random,TRUE,,,,,,,0.9,0.1,tournament,3,TRUE,FALSE,0.5,0.1,0.35,5,2,,,,,,,,,,,,,,
J90_1.RCP,0,200.1924705,0.337900877,GA_tournament_two_point_random_random_withLS_noNeighborhood,67,1000,0,50,60,,,,,,random,two_point,random,TRUE,,,,,,,0.9,0.1,tournament,3,TRUE,FALSE,0.5,0.1,0.35,5,0,,,,,,,,,,,,,,
J90_1.RCP,1,184.3417242,0.338819742,GA_tournament_two_point_random_random_withLS_noNeighborhood,67,1000,1,50,60,,,,,,random,two_point,random,TRUE,,,,,,,0.9,0.1,tournament,3,TRUE,FALSE,0.5,0.1,0.35,5,0,,,,,,,,,,,,,,
J90_1.RCP,0,159.0282914,0.487059116,GA_tournament_two_point_random_random_noLS_withNeighborhood,67,1000,0,50,60,,,,,,random,two_point,random,FALSE,,,,,,,0.9,0.1,tournament,3,TRUE,FALSE,0.5,0.1,0.35,5,2,,,,,,,,,,,,,,
J90_1.RCP,1,162.9387391,0.48803401,GA_tournament_two_point_random_random_noLS_withNeighborhood,67,1000,1,50,60,,,,,,random,two_point,random,FALSE,,,,,,,0.9,0.1,tournament,3,TRUE,FALSE,0.5,0.1,0.35,5,2,,,,,,,,,,,,,,
J90_1.RCP,0,159.0282914,0.486591101,GA_tournament_two_point_random_random_noLS_noNeighborhood,67,1000,0,50,60,,,,,,random,two_point,random,FALSE,,,,,,,0.9,0.1,tournament,3,TRUE,FALSE,0.5,0.1,0.35,5,0,,,,,,,,,,,,,,
J90_1.RCP,1,162.9387391,0.490098238,GA_tournament_two_point_random_random_noLS_noNeighborhood,67,1000,1,50,60,,,,,,random,two_point,random,FALSE,,,,,,,0.9,0.1,tournament,3,TRUE,FALSE,0.5,0.1,0.35,5,0,,,,,,,,,,,,,,
J90_1.RCP,0,197.9238138,0.342576265,GA_tournament_two_point_random_heuristic_withLS_withNeighborhood,67,1000,0,50,60,,,,,,random,two_point,heuristic,TRUE,,,,,,,0.9,0.1,tournament,3,TRUE,FALSE,0.5,0.1,0.35,5,2,,,,,,,,,,,,,,
J90_1.RCP,1,187.3865003,0.341019154,GA_tournament_two_point_random_heuristic_withLS_withNeighborhood,67,1000,1,50,60,,,,,,random,two_point,heuristic,TRUE,,,,,,,0.9,0.1,tournament,3,TRUE,FALSE,0.5,0.1,0.35,5,2,,,,,,,,,,,,,,
J90_1.RCP,0,197.9238138,0.341117144,GA_tournament_two_point_random_heuristic_withLS_noNeighborhood,67,1000,0,50,60,,,,,,random,two_point,heuristic,TRUE,,,,,,,0.9,0.1,tournament,3,TRUE,FALSE,0.5,0.1,0.35,5,0,,,,,,,,,,,,,,
J90_1.RCP,1,187.3865003,0.341207027,GA_tournament_two_point_random_heuristic_withLS_noNeighborhood,67,1000,1,50,60,,,,,,random,two_point,heuristic,TRUE,,,,,,,0.9,0.1,tournament,3,TRUE,FALSE,0.5,0.1,0.35,5,0,,,,,,,,,,,,,,
J90_1.RCP,0,172.6402317,0.490251064,GA_tournament_two_point_random_heuristic_noLS_withNeighborhood,67,1000,0,50,60,,,,,,random,two_point,heuristic,FALSE,,,,,,,0.9,0.1,tournament,3,TRUE,FALSE,0.5,0.1,0.35,5,2,,,,,,,,,,,,,,
J90_1.RCP,1,165.2670973,0.490233183,GA_tournament_two_point_random_heuristic_noLS_withNeighborhood,67,1000,1,50,60,,,,,,random,two_point,heuristic,FALSE,,,,,,,0.9,0.1,tournament,3,TRUE,FALSE,0.5,0.1,0.35,5,2,,,,,,,,,,,,,,
J90_1.RCP,0,172.6402317,0.490768194,GA_tournament_two_point_random_heuristic_noLS_noNeighborhood,67,1000,0,50,60,,,,,,random,two_point,heuristic,FALSE,,,,,,,0.9,0.1,tournament,3,TRUE,FALSE,0.5,0.1,0.35,5,0,,,,,,,,,,,,,,
J90_1.RCP,1,165.2670973,0.490247965,GA_tournament_two_point_random_heuristic_noLS_noNeighborhood,67,1000,1,50,60,,,,,,random,two_point,heuristic,FALSE,,,,,,,0.9,0.1,tournament,3,TRUE,FALSE,0.5,0.1,0.35,5,0,,,,,,,,,,,,,,
J90_1.RCP,0,197.4462018,0.346086025,GA_tournament_two_point_adaptive_random_withLS_withNeighborhood,67,1000,0,50,60,,,,,,adaptive,two_point,random,TRUE,,,,,,,0.9,0.1,tournament,3,TRUE,FALSE,0.5,0.1,0.35,5,2,,,,,,,,,,,,,,
J90_1.RCP,1,187.4163511,0.349456787,GA_tournament_two_point_adaptive_random_withLS_withNeighborhood,67,1000,1,50,60,,,,,,adaptive,two_point,random,TRUE,,,,,,,0.9,0.1,tournament,3,TRUE,FALSE,0.5,0.1,0.35,5,2,,,,,,,,,,,,,,
J90_1.RCP,0,197.4462018,0.34601593,GA_tournament_two_point_adaptive_random_withLS_noNeighborhood,67,1000,0,50,60,,,,,,adaptive,two_point,random,TRUE,,,,,,,0.9,0.1,tournament,3,TRUE,FALSE,0.5,0.1,0.35,5,0,,,,,,,,,,,,,,
J90_1.RCP,1,187.4163511,0.34472394,GA_tournament_two_point_adaptive_random_withLS_noNeighborhood,67,1000,1,50,60,,,,,,adaptive,two_point,random,TRUE,,,,,,,0.9,0.1,tournament,3,TRUE,FALSE,0.5,0.1,0.35,5,0,,,,,,,,,,,,,,
J90_1.RCP,0,168.2820227,0.514925241,GA_tournament_two_point_adaptive_random_noLS_withNeighborhood,67,1000,0,50,60,,,,,,adaptive,two_point,random,FALSE,,,,,,,0.9,0.1,tournament,3,TRUE,FALSE,0.5,0.1,0.35,5,2,,,,,,,,,,,,,,
J90_1.RCP,1,162.5805302,0.515825987,GA_tournament_two_point_adaptive_random_noLS_withNeighborhood,67,1000,1,50,60,,,,,,adaptive,two_point,random,FALSE,,,,,,,0.9,0.1,tournament,3,TRUE,FALSE,0.5,0.1,0.35,5,2,,,,,,,,,,,,,,
J90_1.RCP,0,168.2820227,0.515846729,GA_tournament_two_point_adaptive_random_noLS_noNeighborhood,67,1000,0,50,60,,,,,,adaptive,two_point,random,FALSE,,,,,,,0.9,0.1,tournament,3,TRUE,FALSE,0.5,0.1,0.35,5,0,,,,,,,,,,,,,,
J90_1.RCP,1,162.5805302,0.516191959,GA_tournament_two_point_adaptive_random_noLS_noNeighborhood,67,1000,1,50,60,,,,,,adaptive,two_point,random,FALSE,,,,,,,0.9,0.1,tournament,3,TRUE,FALSE,0.5,0.1,0.35,5,0,,,,,,,,,,,,,,
J90_1.RCP,0,191.77456,0.348625898,GA_tournament_two_point_adaptive_heuristic_withLS_withNeighborhood,67,1000,0,50,60,,,,,,adaptive,two_point,heuristic,TRUE,,,,,,,0.9,0.1,tournament,3,TRUE,FALSE,0.5,0.1,0.35,5,2,,,,,,,,,,,,,,
J90_1.RCP,1,192.7596347,0.350347042,GA_tournament_two_point_adaptive_heuristic_withLS_withNeighborhood,67,1000,1,50,60,,,,,,adaptive,two_point,heuristic,TRUE,,,,,,,0.9,0.1,tournament,3,TRUE,FALSE,0.5,0.1,0.35,5,2,,,,,,,,,,,,,,
J90_1.RCP,0,191.77456,0.3522861,GA_tournament_two_point_adaptive_heuristic_withLS_noNeighborhood,67,1000,0,50,60,,,,,,adaptive,two_point,heuristic,TRUE,,,,,,,0.9,0.1,tournament,3,TRUE,FALSE,0.5,0.1,0.35,5,0,,,,,,,,,,,,,,
J90_1.RCP,1,192.7596347,0.348303795,GA_tournament_two_point_adaptive_heuristic_withLS_noNeighborhood,67,1000,1,50,60,,,,,,adaptive,two_point,heuristic,TRUE,,,,,,,0.9,0.1,tournament,3,TRUE,FALSE,0.5,0.1,0.35,5,0,,,,,,,,,,,,,,
J90_1.RCP,0,166.6402317,0.518789768,GA_tournament_two_point_adaptive_heuristic_noLS_withNeighborhood,67,1000,0,50,60,,,,,,adaptive,two_point,heuristic,FALSE,,,,,,,0.9,0.1,tournament,3,TRUE,FALSE,0.5,0.1,0.35,5,2,,,,,,,,,,,,,,
J90_1.RCP,1,162.371575,0.51596427,GA_tournament_two_point_adaptive_heuristic_noLS_withNeighborhood,67,1000,1,50,60,,,,,,adaptive,two_point,heuristic,FALSE,,,,,,,0.9,0.1,tournament,3,TRUE,FALSE,0.5,0.1,0.35,5,2,,,,,,,,,,,,,,
J90_1.RCP,0,166.6402317,0.517983913,GA_tournament_two_point_adaptive_heuristic_noLS_noNeighborhood,67,1000,0,50,60,,,,,,adaptive,two_point,heuristic,FALSE,,,,,,,0.9,0.1,tournament,3,TRUE,FALSE,0.5,0.1,0.35,5,0,,,,,,,,,,,,,,
J90_1.RCP,1,162.371575,0.515954971,GA_tournament_two_point_adaptive_heuristic_noLS_noNeighborhood,67,1000,1,50,60,,,,,,adaptive,two_point,heuristic,FALSE,,,,,,,0.9,0.1,tournament,3,TRUE,FALSE,0.5,0.1,0.35,5,0,,,,,,,,,,,,,,
J90_1.RCP,0,191.1178436,3.003102064,GA_tournament_rcx_random_random_withLS_withNeighborhood,67,1000,0,50,60,,,,,,random,rcx,random,TRUE,,,,,,,0.9,0.1,tournament,3,TRUE,FALSE,0.5,0.1,0.35,5,2,,,,,,,,,,,,,,
J90_1.RCP,1,181.1775451,2.944938183,GA_tournament_rcx_random_random_withLS_withNeighborhood,67,1000,1,50,60,,,,,,random,rcx,random,TRUE,,,,,,,0.9,0.1,tournament,3,TRUE,FALSE,0.5,0.1,0.35,5,2,,,,,,,,,,,,,,
J90_1.RCP,0,191.1178436,2.994244814,GA_tournament_rcx_random_random_withLS_noNeighborhood,67,1000,0,50,60,,,,,,random,rcx,random,TRUE,,,,,,,0.9,0.1,tournament,3,TRUE,FALSE,0.5,0.1,0.35,5,0,,,,,,,,,,,,,,
J90_1.RCP,1,181.1775451,2.891418934,GA_tournament_rcx_random_random_withLS_noNeighborhood,67,1000,1,50,60,,,,,,random,rcx,random,TRUE,,,,,,,0.9,0.1,tournament,3,TRUE,FALSE,0.5,0.1,0.35,5,0,,,,,,,,,,,,,,
J90_1.RCP,0,164.4014257,10.82631493,GA_tournament_rcx_random_random_noLS_withNeighborhood,67,1000,0,50,60,,,,,,random,rcx,random,FALSE,,,,,,,0.9,0.1,tournament,3,TRUE,FALSE,0.5,0.1,0.35,5,2,,,,,,,,,,,,,,
J90_1.RCP,1,154.4014257,10.473418,GA_tournament_rcx_random_random_noLS_withNeighborhood,67,1000,1,50,60,,,,,,random,rcx,random,FALSE,,,,,,,0.9,0.1,tournament,3,TRUE,FALSE,0.5,0.1,0.35,5,2,,,,,,,,,,,,,,
J90_1.RCP,0,164.4014257,10.8344419,GA_tournament_rcx_random_random_noLS_noNeighborhood,67,1000,0,50,60,,,,,,random,rcx,random,FALSE,,,,,,,0.9,0.1,tournament,3,TRUE,FALSE,0.5,0.1,0.35,5,0,,,,,,,,,,,,,,
J90_1.RCP,1,154.4014257,10.52151704,GA_tournament_rcx_random_random_noLS_noNeighborhood,67,1000,1,50,60,,,,,,random,rcx,random,FALSE,,,,,,,0.9,0.1,tournament,3,TRUE,FALSE,0.5,0.1,0.35,5,0,,,,,,,,,,,,,,
J90_1.RCP,0,193.3865003,2.912700891,GA_tournament_rcx_random_heuristic_withLS_withNeighborhood,67,1000,0,50,60,,,,,,random,rcx,heuristic,TRUE,,,,,,,0.9,0.1,tournament,3,TRUE,FALSE,0.5,0.1,0.35,5,2,,,,,,,,,,,,,,
J90_1.RCP,1,188.6700824,2.849574089,GA_tournament_rcx_random_heuristic_withLS_withNeighborhood,67,1000,1,50,60,,,,,,random,rcx,heuristic,TRUE,,,,,,,0.9,0.1,tournament,3,TRUE,FALSE,0.5,0.1,0.35,5,2,,,,,,,,,,,,,,
J90_1.RCP,0,193.3865003,2.916831255,GA_tournament_rcx_random_heuristic_withLS_noNeighborhood,67,1000,0,50,60,,,,,,random,rcx,heuristic,TRUE,,,,,,,0.9,0.1,tournament,3,TRUE,FALSE,0.5,0.1,0.35,5,0,,,,,,,,,,,,,,
J90_1.RCP,1,188.6700824,2.865286112,GA_tournament_rcx_random_heuristic_withLS_noNeighborhood,67,1000,1,50,60,,,,,,random,rcx,heuristic,TRUE,,,,,,,0.9,0.1,tournament,3,TRUE,FALSE,0.5,0.1,0.35,5,0,,,,,,,,,,,,,,
J90_1.RCP,0,164.1029182,10.84193802,GA_tournament_rcx_random_heuristic_noLS_withNeighborhood,67,1000,0,50,60,,,,,,random,rcx,heuristic,FALSE,,,,,,,0.9,0.1,tournament,3,TRUE,FALSE,0.5,0.1,0.35,5,2,,,,,,,,,,,,,,
J90_1.RCP,1,161.6551571,10.95709419,GA_tournament_rcx_random_heuristic_noLS_withNeighborhood,67,1000,1,50,60,,,,,,random,rcx,heuristic,FALSE,,,,,,,0.9,0.1,tournament,3,TRUE,FALSE,0.5,0.1,0.35,5,2,,,,,,,,,,,,,,
J90_1.RCP,0,164.1029182,10.90588498,GA_tournament_rcx_random_heuristic_noLS_noNeighborhood,67,1000,0,50,60,,,,,,random,rcx,heuristic,FALSE,,,,,,,0.9,0.1,tournament,3,TRUE,FALSE,0.5,0.1,0.35,5,0,,,,,,,,,,,,,,
J90_1.RCP,1,161.6551571,10.90072322,GA_tournament_rcx_random_heuristic_noLS_noNeighborhood,67,1000,1,50,60,,,,,,random,rcx,heuristic,FALSE,,,,,,,0.9,0.1,tournament,3,TRUE,FALSE,0.5,0.1,0.35,5,0,,,,,,,,,,,,,,
J90_1.RCP,0,183.2670973,3.032932043,GA_tournament_rcx_adaptive_random_withLS_withNeighborhood,67,1000,0,50,60,,,,,,adaptive,rcx,random,TRUE,,,,,,,0.9,0.1,tournament,3,TRUE,FALSE,0.5,0.1,0.35,5,2,,,,,,,,,,,,,,
J90_1.RCP,1,187.1476944,2.941742897,GA_tournament_rcx_adaptive_random_withLS_withNeighborhood,67,1000,1,50,60,,,,,,adaptive,rcx,random,TRUE,,,,,,,0.9,0.1,tournament,3,TRUE,FALSE,0.5,0.1,0.35,5,2,,,,,,,,,,,,,,
J90_1.RCP,0,183.2670973,3.023974895,GA_tournament_rcx_adaptive_random_withLS_noNeighborhood,67,1000,0,50,60,,,,,,adaptive,rcx,random,TRUE,,,,,,,0.9,0.1,tournament,3,TRUE,FALSE,0.5,0.1,0.35,5,0,,,,,,,,,,,,,,
J90_1.RCP,1,187.1476944,2.939231873,GA_tournament_rcx_adaptive_random_withLS_noNeighborhood,67,1000,1,50,60,,,,,,adaptive,rcx,random,TRUE,,,,,,,0.9,0.1,tournament,3,TRUE,FALSE,0.5,0.1,0.35,5,0,,,,,,,,,,,,,,
J90_1.RCP,0,171.2372466,11.21864986,GA_tournament_rcx_adaptive_random_noLS_withNeighborhood,67,1000,0,50,60,,,,,,adaptive,rcx,random,FALSE,,,,,,,0.9,0.1,tournament,3,TRUE,FALSE,0.5,0.1,0.35,5,2,,,,,,,,,,,,,,
J90_1.RCP,1,171.1476944,11.07621884,GA_tournament_rcx_adaptive_random_noLS_withNeighborhood,67,1000,1,50,60,,,,,,adaptive,rcx,random,FALSE,,,,,,,0.9,0.1,tournament,3,TRUE,FALSE,0.5,0.1,0.35,5,2,,,,,,,,,,,,,,
J90_1.RCP,0,171.2372466,11.1598618,GA_tournament_rcx_adaptive_random_noLS_noNeighborhood,67,1000,0,50,60,,,,,,adaptive,rcx,random,FALSE,,,,,,,0.9,0.1,tournament,3,TRUE,FALSE,0.5,0.1,0.35,5,0,,,,,,,,,,,,,,
J90_1.RCP,1,171.1476944,11.07586884,GA_tournament_rcx_adaptive_random_noLS_noNeighborhood,67,1000,1,50,60,,,,,,adaptive,rcx,random,FALSE,,,,,,,0.9,0.1,tournament,3,TRUE,FALSE,0.5,0.1,0.35,5,0,,,,,,,,,,,,,,
J90_1.RCP,0,200.3417242,2.835777044,GA_tournament_rcx_adaptive_heuristic_withLS_withNeighborhood,67,1000,0,50,60,,,,,,adaptive,rcx,heuristic,TRUE,,,,,,,0.9,0.1,tournament,3,TRUE,FALSE,0.5,0.1,0.35,5,2,,,,,,,,,,,,,,
J90_1.RCP,1,186.3118735,2.893064976,GA_tournament_rcx_adaptive_heuristic_withLS_withNeighborhood,67,1000,1,50,60,,,,,,adaptive,rcx,heuristic,TRUE,,,,,,,0.9,0.1,tournament,3,TRUE,FALSE,0.5,0.1,0.35,5,2,,,,,,,,,,,,,,
J90_1.RCP,0,200.3417242,2.786217928,GA_tournament_rcx_adaptive_heuristic_withLS_noNeighborhood,67,1000,0,50,60,,,,,,adaptive,rcx,heuristic,TRUE,,,,,,,0.9,0.1,tournament,3,TRUE,FALSE,0.5,0.1,0.35,5,0,,,,,,,,,,,,,,
J90_1.RCP,1,186.3118735,2.881617785,GA_tournament_rcx_adaptive_heuristic_withLS_noNeighborhood,67,1000,1,50,60,,,,,,adaptive,rcx,heuristic,TRUE,,,,,,,0.9,0.1,tournament,3,TRUE,FALSE,0.5,0.1,0.35,5,0,,,,,,,,,,,,,,
J90_1.RCP,0,178.7297839,10.91008425,GA_tournament_rcx_adaptive_heuristic_noLS_withNeighborhood,67,1000,0,50,60,,,,,,adaptive,rcx,heuristic,FALSE,,,,,,,0.9,0.1,tournament,3,TRUE,FALSE,0.5,0.1,0.35,5,2,,,,,,,,,,,,,,
J90_1.RCP,1,159.7447093,10.70445681,GA_tournament_rcx_adaptive_heuristic_noLS_withNeighborhood,67,1000,1,50,60,,,,,,adaptive,rcx,heuristic,FALSE,,,,,,,0.9,0.1,tournament,3,TRUE,FALSE,0.5,0.1,0.35,5,2,,,,,,,,,,,,,,
J90_1.RCP,0,178.7297839,10.94630098,GA_tournament_rcx_adaptive_heuristic_noLS_noNeighborhood,67,1000,0,50,60,,,,,,adaptive,rcx,heuristic,FALSE,,,,,,,0.9,0.1,tournament,3,TRUE,FALSE,0.5,0.1,0.35,5,0,,,,,,,,,,,,,,
J90_1.RCP,1,159.7447093,10.70906019,GA_tournament_rcx_adaptive_heuristic_noLS_noNeighborhood,67,1000,1,50,60,,,,,,adaptive,rcx,heuristic,FALSE,,,,,,,0.9,0.1,tournament,3,TRUE,FALSE,0.5,0.1,0.35,5,0,,,,,,,,,,,,,,
J90_1.RCP,0,194.132769,1.733274937,GA_tournament_hybrid_random_random_withLS_withNeighborhood,67,1000,0,50,60,,,,,,random,hybrid,random,TRUE,,,,,,,0.9,0.1,tournament,3,TRUE,FALSE,0.5,0.1,0.35,5,2,,,,,,,,,,,,,,
J90_1.RCP,1,194.9685899,1.71121788,GA_tournament_hybrid_random_random_withLS_withNeighborhood,67,1000,1,50,60,,,,,,random,hybrid,random,TRUE,,,,,,,0.9,0.1,tournament,3,TRUE,FALSE,0.5,0.1,0.35,5,2,,,,,,,,,,,,,,
J90_1.RCP,0,194.132769,1.732851028,GA_tournament_hybrid_random_random_withLS_noNeighborhood,67,1000,0,50,60,,,,,,random,hybrid,random,TRUE,,,,,,,0.9,0.1,tournament,3,TRUE,FALSE,0.5,0.1,0.35,5,0,,,,,,,,,,,,,,
J90_1.RCP,1,194.9685899,1.718213797,GA_tournament_hybrid_random_random_withLS_noNeighborhood,67,1000,1,50,60,,,,,,random,hybrid,random,TRUE,,,,,,,0.9,0.1,tournament,3,TRUE,FALSE,0.5,0.1,0.35,5,0,,,,,,,,,,,,,,
J90_1.RCP,0,152.9387391,5.823705912,GA_tournament_hybrid_random_random_noLS_withNeighborhood,67,1000,0,50,60,,,,,,random,hybrid,random,FALSE,,,,,,,0.9,0.1,tournament,3,TRUE,FALSE,0.5,0.1,0.35,5,2,,,,,,,,,,,,,,
J90_1.RCP,1,162.3417242,5.934640884,GA_tournament_hybrid_random_random_noLS_withNeighborhood,67,1000,1,50,60,,,,,,random,hybrid,random,FALSE,,,,,,,0.9,0.1,tournament,3,TRUE,FALSE,0.5,0.1,0.35,5,2,,,,,,,,,,,,,,
J90_1.RCP,0,152.9387391,5.83708787,GA_tournament_hybrid_random_random_noLS_noNeighborhood,67,1000,0,50,60,,,,,,random,hybrid,random,FALSE,,,,,,,0.9,0.1,tournament,3,TRUE,FALSE,0.5,0.1,0.35,5,0,,,,,,,,,,,,,,
J90_1.RCP,1,162.3417242,5.991249084,GA_tournament_hybrid_random_random_noLS_noNeighborhood,67,1000,1,50,60,,,,,,random,hybrid,random,FALSE,,,,,,,0.9,0.1,tournament,3,TRUE,FALSE,0.5,0.1,0.35,5,0,,,,,,,,,,,,,,
J90_1.RCP,0,201.6551571,1.716967821,GA_tournament_hybrid_random_heuristic_withLS_withNeighborhood,67,1000,0,50,60,,,,,,random,hybrid,heuristic,TRUE,,,,,,,0.9,0.1,tournament,3,TRUE,FALSE,0.5,0.1,0.35,5,2,,,,,,,,,,,,,,
J90_1.RCP,1,192.7596347,1.569261074,GA_tournament_hybrid_random_heuristic_withLS_withNeighborhood,67,1000,1,50,60,,,,,,random,hybrid,heuristic,TRUE,,,,,,,0.9,0.1,tournament,3,TRUE,FALSE,0.5,0.1,0.35,5,2,,,,,,,,,,,,,,
J90_1.RCP,0,201.6551571,1.718649864,GA_tournament_hybrid_random_heuristic_withLS_noNeighborhood,67,1000,0,50,60,,,,,,random,hybrid,heuristic,TRUE,,,,,,,0.9,0.1,tournament,3,TRUE,FALSE,0.5,0.1,0.35,5,0,,,,,,,,,,,,,,
J90_1.RCP,1,192.7596347,1.577633142,GA_tournament_hybrid_random_heuristic_withLS_noNeighborhood,67,1000,1,50,60,,,,,,random,hybrid,heuristic,TRUE,,,,,,,0.9,0.1,tournament,3,TRUE,FALSE,0.5,0.1,0.35,5,0,,,,,,,,,,,,,,
J90_1.RCP,0,165.77456,5.803507328,GA_tournament_hybrid_random_heuristic_noLS_withNeighborhood,67,1000,0,50,60,,,,,,random,hybrid,heuristic,FALSE,,,,,,,0.9,0.1,tournament,3,TRUE,FALSE,0.5,0.1,0.35,5,2,,,,,,,,,,,,,,
J90_1.RCP,1,166.252172,5.703845739,GA_tournament_hybrid_random_heuristic_noLS_withNeighborhood,67,1000,1,50,60,,,,,,random,hybrid,heuristic,FALSE,,,,,,,0.9,0.1,tournament,3,TRUE,FALSE,0.5,0.1,0.35,5,2,,,,,,,,,,,,,,
J90_1.RCP,0,165.77456,5.812970877,GA_tournament_hybrid_random_heuristic_noLS_noNeighborhood,67,1000,0,50,60,,,,,,random,hybrid,heuristic,FALSE,,,,,,,0.9,0.1,tournament,3,TRUE,FALSE,0.5,0.1,0.35,5,0,,,,,,,,,,,,,,
J90_1.RCP,1,166.252172,5.687598944,GA_tournament_hybrid_random_heuristic_noLS_noNeighborhood,67,1000,1,50,60,,,,,,random,hybrid,heuristic,FALSE,,,,,,,0.9,0.1,tournament,3,TRUE,FALSE,0.5,0.1,0.35,5,0,,,,,,,,,,,,,,
J90_1.RCP,0,190.1626197,1.711811781,GA_tournament_hybrid_adaptive_random_withLS_withNeighborhood,67,1000,0,50,60,,,,,,adaptive,hybrid,random,TRUE,,,,,,,0.9,0.1,tournament,3,TRUE,FALSE,0.5,0.1,0.35,5,2,,,,,,,,,,,,,,
J90_1.RCP,1,187.6551571,1.691510916,GA_tournament_hybrid_adaptive_random_withLS_withNeighborhood,67,1000,1,50,60,,,,,,adaptive,hybrid,random,TRUE,,,,,,,0.9,0.1,tournament,3,TRUE,FALSE,0.5,0.1,0.35,5,2,,,,,,,,,,,,,,
J90_1.RCP,0,190.1626197,1.709673882,GA_tournament_hybrid_adaptive_random_withLS_noNeighborhood,67,1000,0,50,60,,,,,,adaptive,hybrid,random,TRUE,,,,,,,0.9,0.1,tournament,3,TRUE,FALSE,0.5,0.1,0.35,5,0,,,,,,,,,,,,,,
J90_1.RCP,1,187.6551571,1.705120087,GA_tournament_hybrid_adaptive_random_withLS_noNeighborhood,67,1000,1,50,60,,,,,,adaptive,hybrid,random,TRUE,,,,,,,0.9,0.1,tournament,3,TRUE,FALSE,0.5,0.1,0.35,5,0,,,,,,,,,,,,,,
J90_1.RCP,0,172.5506794,6.093902826,GA_tournament_hybrid_adaptive_random_noLS_withNeighborhood,67,1000,0,50,60,,,,,,adaptive,hybrid,random,FALSE,,,,,,,0.9,0.1,tournament,3,TRUE,FALSE,0.5,0.1,0.35,5,2,,,,,,,,,,,,,,
J90_1.RCP,1,172.3417242,5.939975262,GA_tournament_hybrid_adaptive_random_noLS_withNeighborhood,67,1000,1,50,60,,,,,,adaptive,hybrid,random,FALSE,,,,,,,0.9,0.1,tournament,3,TRUE,FALSE,0.5,0.1,0.35,5,2,,,,,,,,,,,,,,
J90_1.RCP,0,172.5506794,6.070221186,GA_tournament_hybrid_adaptive_random_noLS_noNeighborhood,67,1000,0,50,60,,,,,,adaptive,hybrid,random,FALSE,,,,,,,0.9,0.1,tournament,3,TRUE,FALSE,0.5,0.1,0.35,5,0,,,,,,,,,,,,,,
J90_1.RCP,1,172.3417242,5.961277008,GA_tournament_hybrid_adaptive_random_noLS_noNeighborhood,67,1000,1,50,60,,,,,,adaptive,hybrid,random,FALSE,,,,,,,0.9,0.1,tournament,3,TRUE,FALSE,0.5,0.1,0.35,5,0,,,,,,,,,,,,,,
J90_1.RCP,0,197.9238138,1.71658206,GA_tournament_hybrid_adaptive_heuristic_withLS_withNeighborhood,67,1000,0,50,60,,,,,,adaptive,hybrid,heuristic,TRUE,,,,,,,0.9,0.1,tournament,3,TRUE,FALSE,0.5,0.1,0.35,5,2,,,,,,,,,,,,,,
J90_1.RCP,1,187.0282914,1.540027857,GA_tournament_hybrid_adaptive_heuristic_withLS_withNeighborhood,67,1000,1,50,60,,,,,,adaptive,hybrid,heuristic,TRUE,,,,,,,0.9,0.1,tournament,3,TRUE,FALSE,0.5,0.1,0.35,5,2,,,,,,,,,,,,,,
J90_1.RCP,0,197.9238138,1.703253031,GA_tournament_hybrid_adaptive_heuristic_withLS_noNeighborhood,67,1000,0,50,60,,,,,,adaptive,hybrid,heuristic,TRUE,,,,,,,0.9,0.1,tournament,3,TRUE,FALSE,0.5,0.1,0.35,5,0,,,,,,,,,,,,,,
J90_1.RCP,1,187.0282914,1.535063028,GA_tournament_hybrid_adaptive_heuristic_withLS_noNeighborhood,67,1000,1,50,60,,,,,,adaptive,hybrid,heuristic,TRUE,,,,,,,0.9,0.1,tournament,3,TRUE,FALSE,0.5,0.1,0.35,5,0,,,,,,,,,,,,,,
J90_1.RCP,0,169.9536645,5.708340168,GA_tournament_hybrid_adaptive_heuristic_noLS_withNeighborhood,67,1000,0,50,60,,,,,,adaptive,hybrid,heuristic,FALSE,,,,,,,0.9,0.1,tournament,3,TRUE,FALSE,0.5,0.1,0.35,5,2,,,,,,,,,,,,,,
J90_1.RCP,1,161.5954556,5.809761047,GA_tournament_hybrid_adaptive_heuristic_noLS_withNeighborhood,67,1000,1,50,60,,,,,,adaptive,hybrid,heuristic,FALSE,,,,,,,0.9,0.1,tournament,3,TRUE,FALSE,0.5,0.1,0.35,5,2,,,,,,,,,,,,,,
J90_1.RCP,0,169.9536645,5.729027033,GA_tournament_hybrid_adaptive_heuristic_noLS_noNeighborhood,67,1000,0,50,60,,,,,,adaptive,hybrid,heuristic,FALSE,,,,,,,0.9,0.1,tournament,3,TRUE,FALSE,0.5,0.1,0.35,5,0,,,,,,,,,,,,,,
J90_1.RCP,1,161.5954556,5.766056061,GA_tournament_hybrid_adaptive_heuristic_noLS_noNeighborhood,67,1000,1,50,60,,,,,,adaptive,hybrid,heuristic,FALSE,,,,,,,0.9,0.1,tournament,3,TRUE,FALSE,0.5,0.1,0.35,5,0,,,,,,,,,,,,,,
J90_1.RCP,0,195.5059033,0.283601284,SA_default,67,1000,0,,60,,,,,,,,,,,,,,,,,,,,,,,,,,,10000,0.995,10,,,,,,,,,,,
J90_1.RCP,1,225.0581421,0.282485962,SA_default,67,1000,1,,60,,,,,,,,,,,,,,,,,,,,,,,,,,,10000,0.995,10,,,,,,,,,,,
J90_1.RCP,0,237.8641123,0.274381161,ILS_strength3,67,1000,0,,60,100,,,,,,,,,,,,,,,,,,,,,,,,,,,,,3,,,,,,,,,,
J90_1.RCP,1,210.0432168,0.275379896,ILS_strength3,67,1000,1,,60,100,,,,,,,,,,,,,,,,,,,,,,,,,,,,,3,,,,,,,,,,
J90_1.RCP,0,237.8641123,0.27486825,ILS_strength5,67,1000,0,,60,100,,,,,,,,,,,,,,,,,,,,,,,,,,,,,5,,,,,,,,,,
J90_1.RCP,1,210.0432168,0.274365902,ILS_strength5,67,1000,1,,60,100,,,,,,,,,,,,,,,,,,,,,,,,,,,,,5,,,,,,,,,,
J90_1.RCP,0,237.8641123,0.275640011,ILS_strength7,67,1000,0,,60,100,,,,,,,,,,,,,,,,,,,,,,,,,,,,,7,,,,,,,,,,
J90_1.RCP,1,210.0432168,0.274296999,ILS_strength7,67,1000,1,,60,100,,,,,,,,,,,,,,,,,,,,,,,,,,,,,7,,,,,,,,,,
J90_1.RCP,0,237.8641123,0.275439024,ILS_strength10,67,1000,0,,60,100,,,,,,,,,,,,,,,,,,,,,,,,,,,,,10,,,,,,,,,,
J90_1.RCP,1,210.0432168,0.272761106,ILS_strength10,67,1000,1,,60,100,,,,,,,,,,,,,,,,,,,,,,,,,,,,,10,,,,,,,,,,
J90_1.RCP,0,237.8641123,0.275866747,ILS_strength15,67,1000,0,,60,100,,,,,,,,,,,,,,,,,,,,,,,,,,,,,15,,,,,,,,,,
J90_1.RCP,1,210.0432168,0.273578882,ILS_strength15,67,1000,1,,60,100,,,,,,,,,,,,,,,,,,,,,,,,,,,,,15,,,,,,,,,,
J90_1.RCP,0,132.5506794,0.283588171,TS_static,67,1000,0,,60,100,,,,,,,,,,,,,,,,,,,,,,,,,20,,,,,10,TRUE,static,1,4,10,,,,
J90_1.RCP,1,118.252172,0.282783031,TS_static,67,1000,1,,60,100,,,,,,,,,,,,,,,,,,,,,,,,,20,,,,,10,TRUE,static,1,4,10,,,,
J90_1.RCP,0,132.5506794,0.283023119,TS_dynamic,67,1000,0,,60,100,,,,,,,,,,,,,,,,,,,,,,,,,20,,,,,10,TRUE,dynamic,1,4,10,,,,
J90_1.RCP,1,118.252172,0.286481857,TS_dynamic,67,1000,1,,60,100,,,,,,,,,,,,,,,,,,,,,,,,,20,,,,,10,TRUE,dynamic,1,4,10,,,,
J90_1.RCP,0,273.5357541,0.340330839,PR_forward_best_withLS,67,1000,0,,60,100,,,,,,,,TRUE,,,,,,,,,best,,,,,,,,,,,,,,,,,,,10,forward,50,
J90_1.RCP,1,210.5506794,0.338292837,PR_forward_best_withLS,67,1000,1,,60,100,,,,,,,,TRUE,,,,,,,,,best,,,,,,,,,,,,,,,,,,,10,forward,50,
J90_1.RCP,0,227.9536645,0.132775068,PR_forward_best_noLS,67,1000,0,,60,100,,,,,,,,FALSE,,,,,,,,,best,,,,,,,,,,,,,,,,,,,10,forward,50,
J90_1.RCP,1,181.9238138,0.160854101,PR_forward_best_noLS,67,1000,1,,60,100,,,,,,,,FALSE,,,,,,,,,best,,,,,,,,,,,,,,,,,,,10,forward,50,
J90_1.RCP,0,288.8790376,0.337589979,PR_backward_best_withLS,67,1000,0,,60,100,,,,,,,,TRUE,,,,,,,,,best,,,,,,,,,,,,,,,,,,,10,backward,50,
J90_1.RCP,1,210.132769,0.339106798,PR_backward_best_withLS,67,1000,1,,60,100,,,,,,,,TRUE,,,,,,,,,best,,,,,,,,,,,,,,,,,,,10,backward,50,
J90_1.RCP,0,245.2969481,0.148905039,PR_backward_best_noLS,67,1000,0,,60,100,,,,,,,,FALSE,,,,,,,,,best,,,,,,,,,,,,,,,,,,,10,backward,50,
J90_1.RCP,1,215.5954556,0.117823839,PR_backward_best_noLS,67,1000,1,,60,100,,,,,,,,FALSE,,,,,,,,,best,,,,,,,,,,,,,,,,,,,10,backward,50,
J90_1.RCP,0,227.9238138,2.327098131,GSA_default,67,1000,0,50,60,100,,,,,,,random,,,,,,,,,,,,TRUE,,20,,,,,,,,,,,,,,,,,,100
J90_1.RCP,1,218.4611272,2.313508749,GSA_default,67,1000,1,50,60,100,,,,,,,random,,,,,,,,,,,,TRUE,,20,,,,,,,,,,,,,,,,,,100
J90_2.RCP,0,113.416064,0.369418859,DE_rand/1_adaptiveF_bin_adaptiveCR_withLS,88,1000,0,50,60,100,0.1,0.9,TRUE,TRUE,rand/1,bin,random,TRUE,5,0.3,1.5,0.3,1,1,,,,,,,,,,,,,,,,,,,,,,,,,
J90_2.RCP,1,120.5069731,0.368780136,DE_rand/1_adaptiveF_bin_adaptiveCR_withLS,88,1000,1,50,60,100,0.1,0.9,TRUE,TRUE,rand/1,bin,random,TRUE,5,0.3,1.5,0.3,1,1,,,,,,,,,,,,,,,,,,,,,,,,,
J90_2.RCP,0,112.7569731,0.365558147,DE_rand/1_adaptiveF_bin_adaptiveCR_noLS,88,1000,0,50,60,100,0.1,0.9,TRUE,TRUE,rand/1,bin,random,FALSE,5,0.3,1.5,0.3,1,1,,,,,,,,,,,,,,,,,,,,,,,,,
J90_2.RCP,1,113.9615186,0.366661787,DE_rand/1_adaptiveF_bin_adaptiveCR_noLS,88,1000,1,50,60,100,0.1,0.9,TRUE,TRUE,rand/1,bin,random,FALSE,5,0.3,1.5,0.3,1,1,,,,,,,,,,,,,,,,,,,,,,,,,
J90_2.RCP,0,106.9842459,0.368069172,DE_rand/1_adaptiveF_bin_fixedCR_withLS,88,1000,0,50,60,100,0.1,0.9,TRUE,FALSE,rand/1,bin,random,TRUE,5,0.3,1.5,0.3,1,1,,,,,,,,,,,,,,,,,,,,,,,,,
J90_2.RCP,1,113.916064,0.366589785,DE_rand/1_adaptiveF_bin_fixedCR_withLS,88,1000,1,50,60,100,0.1,0.9,TRUE,FALSE,rand/1,bin,random,TRUE,5,0.3,1.5,0.3,1,1,,,,,,,,,,,,,,,,,,,,,,,,,
J90_2.RCP,0,110.0297004,0.36458993,DE_rand/1_adaptiveF_bin_fixedCR_noLS,88,1000,0,50,60,100,0.1,0.9,TRUE,FALSE,rand/1,bin,random,FALSE,5,0.3,1.5,0.3,1,1,,,,,,,,,,,,,,,,,,,,,,,,,
J90_2.RCP,1,105.0978822,0.363910198,DE_rand/1_adaptiveF_bin_fixedCR_noLS,88,1000,1,50,60,100,0.1,0.9,TRUE,FALSE,rand/1,bin,random,FALSE,5,0.3,1.5,0.3,1,1,,,,,,,,,,,,,,,,,,,,,,,,,
J90_2.RCP,0,108.8478822,0.372321129,DE_rand/1_adaptiveF_exp_adaptiveCR_withLS,88,1000,0,50,60,100,0.1,0.9,TRUE,TRUE,rand/1,exp,random,TRUE,5,0.3,1.5,0.3,1,1,,,,,,,,,,,,,,,,,,,,,,,,,
J90_2.RCP,1,114.325155,0.370283842,DE_rand/1_adaptiveF_exp_adaptiveCR_withLS,88,1000,1,50,60,100,0.1,0.9,TRUE,TRUE,rand/1,exp,random,TRUE,5,0.3,1.5,0.3,1,1,,,,,,,,,,,,,,,,,,,,,,,,,
J90_2.RCP,0,114.2569731,0.368405104,DE_rand/1_adaptiveF_exp_adaptiveCR_noLS,88,1000,0,50,60,100,0.1,0.9,TRUE,TRUE,rand/1,exp,random,FALSE,5,0.3,1.5,0.3,1,1,,,,,,,,,,,,,,,,,,,,,,,,,
J90_2.RCP,1,112.8478822,0.373205185,DE_rand/1_adaptiveF_exp_adaptiveCR_noLS,88,1000,1,50,60,100,0.1,0.9,TRUE,TRUE,rand/1,exp,random,FALSE,5,0.3,1.5,0.3,1,1,,,,,,,,,,,,,,,,,,,,,,,,,
J90_2.RCP,0,106.5978822,0.370732069,DE_rand/1_adaptiveF_exp_fixedCR_withLS,88,1000,0,50,60,100,0.1,0.9,TRUE,FALSE,rand/1,exp,random,TRUE,5,0.3,1.5,0.3,1,1,,,,,,,,,,,,,,,,,,,,,,,,,
J90_2.RCP,1,111.1887913,0.370132923,DE_rand/1_adaptiveF_exp_fixedCR_withLS,88,1000,1,50,60,100,0.1,0.9,TRUE,FALSE,rand/1,exp,random,TRUE,5,0.3,1.5,0.3,1,1,,,,,,,,,,,,,,,,,,,,,,,,,
J90_2.RCP,0,109.4387913,0.369763136,DE_rand/1_adaptiveF_exp_fixedCR_noLS,88,1000,0,50,60,100,0.1,0.9,TRUE,FALSE,rand/1,exp,random,FALSE,5,0.3,1.5,0.3,1,1,,,,,,,,,,,,,,,,,,,,,,,,,
J90_2.RCP,1,111.3706095,0.368766785,DE_rand/1_adaptiveF_exp_fixedCR_noLS,88,1000,1,50,60,100,0.1,0.9,TRUE,FALSE,rand/1,exp,random,FALSE,5,0.3,1.5,0.3,1,1,,,,,,,,,,,,,,,,,,,,,,,,,
J90_2.RCP,0,121.075155,0.385623932,DE_rand/1_fixedF_bin_adaptiveCR_withLS,88,1000,0,50,60,100,0.1,0.9,FALSE,TRUE,rand/1,bin,random,TRUE,5,0.3,1.5,0.3,1,1,,,,,,,,,,,,,,,,,,,,,,,,,
J90_2.RCP,1,112.2115186,0.388674259,DE_rand/1_fixedF_bin_adaptiveCR_withLS,88,1000,1,50,60,100,0.1,0.9,FALSE,TRUE,rand/1,bin,random,TRUE,5,0.3,1.5,0.3,1,1,,,,,,,,,,,,,,,,,,,,,,,,,
J90_2.RCP,0,113.4387913,0.381487846,DE_rand/1_fixedF_bin_adaptiveCR_noLS,88,1000,0,50,60,100,0.1,0.9,FALSE,TRUE,rand/1,bin,random,FALSE,5,0.3,1.5,0.3,1,1,,,,,,,,,,,,,,,,,,,,,,,,,
J90_2.RCP,1,105.2115186,0.379848957,DE_rand/1_fixedF_bin_adaptiveCR_noLS,88,1000,1,50,60,100,0.1,0.9,FALSE,TRUE,rand/1,bin,random,FALSE,5,0.3,1.5,0.3,1,1,,,,,,,,,,,,,,,,,,,,,,,,,
J90_2.RCP,0,110.6887913,0.379672289,DE_rand/1_fixedF_bin_fixedCR_withLS,88,1000,0,50,60,100,0.1,0.9,FALSE,FALSE,rand/1,bin,random,TRUE,5,0.3,1.5,0.3,1,1,,,,,,,,,,,,,,,,,,,,,,,,,
J90_2.RCP,1,103.2569731,0.384472132,DE_rand/1_fixedF_bin_fixedCR_withLS,88,1000,1,50,60,100,0.1,0.9,FALSE,FALSE,rand/1,bin,random,TRUE,5,0.3,1.5,0.3,1,1,,,,,,,,,,,,,,,,,,,,,,,,,
J90_2.RCP,0,102.075155,0.376422167,DE_rand/1_fixedF_bin_fixedCR_noLS,88,1000,0,50,60,100,0.1,0.9,FALSE,FALSE,rand/1,bin,random,FALSE,5,0.3,1.5,0.3,1,1,,,,,,,,,,,,,,,,,,,,,,,,,
J90_2.RCP,1,113.1206095,0.372809887,DE_rand/1_fixedF_bin_fixedCR_noLS,88,1000,1,50,60,100,0.1,0.9,FALSE,FALSE,rand/1,bin,random,FALSE,5,0.3,1.5,0.3,1,1,,,,,,,,,,,,,,,,,,,,,,,,,
J90_2.RCP,0,112.575155,0.387147903,DE_rand/1_fixedF_exp_adaptiveCR_withLS,88,1000,0,50,60,100,0.1,0.9,FALSE,TRUE,rand/1,exp,random,TRUE,5,0.3,1.5,0.3,1,1,,,,,,,,,,,,,,,,,,,,,,,,,
J90_2.RCP,1,116.3933368,0.388478041,DE_rand/1_fixedF_exp_adaptiveCR_withLS,88,1000,1,50,60,100,0.1,0.9,FALSE,TRUE,rand/1,exp,random,TRUE,5,0.3,1.5,0.3,1,1,,,,,,,,,,,,,,,,,,,,,,,,,
J90_2.RCP,0,110.5297004,0.382257938,DE_rand/1_fixedF_exp_adaptiveCR_noLS,88,1000,0,50,60,100,0.1,0.9,FALSE,TRUE,rand/1,exp,random,FALSE,5,0.3,1.5,0.3,1,1,,,,,,,,,,,,,,,,,,,,,,,,,
J90_2.RCP,1,113.416064,0.380855083,DE_rand/1_fixedF_exp_adaptiveCR_noLS,88,1000,1,50,60,100,0.1,0.9,FALSE,TRUE,rand/1,exp,random,FALSE,5,0.3,1.5,0.3,1,1,,,,,,,,,,,,,,,,,,,,,,,,,
J90_2.RCP,0,109.8024277,0.380208969,DE_rand/1_fixedF_exp_fixedCR_withLS,88,1000,0,50,60,100,0.1,0.9,FALSE,FALSE,rand/1,exp,random,TRUE,5,0.3,1.5,0.3,1,1,,,,,,,,,,,,,,,,,,,,,,,,,
J90_2.RCP,1,114.7115186,0.38088131,DE_rand/1_fixedF_exp_fixedCR_withLS,88,1000,1,50,60,100,0.1,0.9,FALSE,FALSE,rand/1,exp,random,TRUE,5,0.3,1.5,0.3,1,1,,,,,,,,,,,,,,,,,,,,,,,,,
J90_2.RCP,0,103.825155,0.375560045,DE_rand/1_fixedF_exp_fixedCR_noLS,88,1000,0,50,60,100,0.1,0.9,FALSE,FALSE,rand/1,exp,random,FALSE,5,0.3,1.5,0.3,1,1,,,,,,,,,,,,,,,,,,,,,,,,,
J90_2.RCP,1,104.5978822,0.376517057,DE_rand/1_fixedF_exp_fixedCR_noLS,88,1000,1,50,60,100,0.1,0.9,FALSE,FALSE,rand/1,exp,random,FALSE,5,0.3,1.5,0.3,1,1,,,,,,,,,,,,,,,,,,,,,,,,,
J90_2.RCP,0,113.0978822,0.378921986,DE_rand/2_adaptiveF_bin_adaptiveCR_withLS,88,1000,0,50,60,100,0.1,0.9,TRUE,TRUE,rand/2,bin,random,TRUE,5,0.3,1.5,0.3,1,1,,,,,,,,,,,,,,,,,,,,,,,,,
J90_2.RCP,1,112.825155,0.381045818,DE_rand/2_adaptiveF_bin_adaptiveCR_withLS,88,1000,1,50,60,100,0.1,0.9,TRUE,TRUE,rand/2,bin,random,TRUE,5,0.3,1.5,0.3,1,1,,,,,,,,,,,,,,,,,,,,,,,,,
J90_2.RCP,0,108.9615186,0.38123107,DE_rand/2_adaptiveF_bin_adaptiveCR_noLS,88,1000,0,50,60,100,0.1,0.9,TRUE,TRUE,rand/2,bin,random,FALSE,5,0.3,1.5,0.3,1,1,,,,,,,,,,,,,,,,,,,,,,,,,
J90_2.RCP,1,115.5524277,0.382069111,DE_rand/2_adaptiveF_bin_adaptiveCR_noLS,88,1000,1,50,60,100,0.1,0.9,TRUE,TRUE,rand/2,bin,random,FALSE,5,0.3,1.5,0.3,1,1,,,,,,,,,,,,,,,,,,,,,,,,,
J90_2.RCP,0,111.7569731,0.377682924,DE_rand/2_adaptiveF_bin_fixedCR_withLS,88,1000,0,50,60,100,0.1,0.9,TRUE,FALSE,rand/2,bin,random,TRUE,5,0.3,1.5,0.3,1,1,,,,,,,,,,,,,,,,,,,,,,,,,
J90_2.RCP,1,106.3478822,0.384730101,DE_rand/2_adaptiveF_bin_fixedCR_withLS,88,1000,1,50,60,100,0.1,0.9,TRUE,FALSE,rand/2,bin,random,TRUE,5,0.3,1.5,0.3,1,1,,,,,,,,,,,,,,,,,,,,,,,,,
J90_2.RCP,0,101.1887913,0.380404234,DE_rand/2_adaptiveF_bin_fixedCR_noLS,88,1000,0,50,60,100,0.1,0.9,TRUE,FALSE,rand/2,bin,random,FALSE,5,0.3,1.5,0.3,1,1,,,,,,,,,,,,,,,,,,,,,,,,,
J90_2.RCP,1,108.166064,0.377609968,DE_rand/2_adaptiveF_bin_fixedCR_noLS,88,1000,1,50,60,100,0.1,0.9,TRUE,FALSE,rand/2,bin,random,FALSE,5,0.3,1.5,0.3,1,1,,,,,,,,,,,,,,,,,,,,,,,,,
J90_2.RCP,0,118.5297004,0.391391993,DE_rand/2_adaptiveF_exp_adaptiveCR_withLS,88,1000,0,50,60,100,0.1,0.9,TRUE,TRUE,rand/2,exp,random,TRUE,5,0.3,1.5,0.3,1,1,,,,,,,,,,,,,,,,,,,,,,,,,
J90_2.RCP,1,116.0524277,0.384788036,DE_rand/2_adaptiveF_exp_adaptiveCR_withLS,88,1000,1,50,60,100,0.1,0.9,TRUE,TRUE,rand/2,exp,random,TRUE,5,0.3,1.5,0.3,1,1,,,,,,,,,,,,,,,,,,,,,,,,,
J90_2.RCP,0,113.5297004,0.376682758,DE_rand/2_adaptiveF_exp_adaptiveCR_noLS,88,1000,0,50,60,100,0.1,0.9,TRUE,TRUE,rand/2,exp,random,FALSE,5,0.3,1.5,0.3,1,1,,,,,,,,,,,,,,,,,,,,,,,,,
J90_2.RCP,1,111.166064,0.374877214,DE_rand/2_adaptiveF_exp_adaptiveCR_noLS,88,1000,1,50,60,100,0.1,0.9,TRUE,TRUE,rand/2,exp,random,FALSE,5,0.3,1.5,0.3,1,1,,,,,,,,,,,,,,,,,,,,,,,,,
J90_2.RCP,0,111.9387913,0.377860785,DE_rand/2_adaptiveF_exp_fixedCR_withLS,88,1000,0,50,60,100,0.1,0.9,TRUE,FALSE,rand/2,exp,random,TRUE,5,0.3,1.5,0.3,1,1,,,,,,,,,,,,,,,,,,,,,,,,,
J90_2.RCP,1,109.1433368,0.379172802,DE_rand/2_adaptiveF_exp_fixedCR_withLS,88,1000,1,50,60,100,0.1,0.9,TRUE,FALSE,rand/2,exp,random,TRUE,5,0.3,1.5,0.3,1,1,,,,,,,,,,,,,,,,,,,,,,,,,
J90_2.RCP,0,111.8706095,0.371716976,DE_rand/2_adaptiveF_exp_fixedCR_noLS,88,1000,0,50,60,100,0.1,0.9,TRUE,FALSE,rand/2,exp,random,FALSE,5,0.3,1.5,0.3,1,1,,,,,,,,,,,,,,,,,,,,,,,,,
J90_2.RCP,1,110.0524277,0.373293877,DE_rand/2_adaptiveF_exp_fixedCR_noLS,88,1000,1,50,60,100,0.1,0.9,TRUE,FALSE,rand/2,exp,random,FALSE,5,0.3,1.5,0.3,1,1,,,,,,,,,,,,,,,,,,,,,,,,,
J90_2.RCP,0,112.5524277,0.409157991,DE_rand/2_fixedF_bin_adaptiveCR_withLS,88,1000,0,50,60,100,0.1,0.9,FALSE,TRUE,rand/2,bin,random,TRUE,5,0.3,1.5,0.3,1,1,,,,,,,,,,,,,,,,,,,,,,,,,
J90_2.RCP,1,106.4842459,0.408465147,DE_rand/2_fixedF_bin_adaptiveCR_withLS,88,1000,1,50,60,100,0.1,0.9,FALSE,TRUE,rand/2,bin,random,TRUE,5,0.3,1.5,0.3,1,1,,,,,,,,,,,,,,,,,,,,,,,,,
J90_2.RCP,0,111.2569731,0.400497913,DE_rand/2_fixedF_bin_adaptiveCR_noLS,88,1000,0,50,60,100,0.1,0.9,FALSE,TRUE,rand/2,bin,random,FALSE,5,0.3,1.5,0.3,1,1,,,,,,,,,,,,,,,,,,,,,,,,,
J90_2.RCP,1,115.5297004,0.401385784,DE_rand/2_fixedF_bin_adaptiveCR_noLS,88,1000,1,50,60,100,0.1,0.9,FALSE,TRUE,rand/2,bin,random,FALSE,5,0.3,1.5,0.3,1,1,,,,,,,,,,,,,,,,,,,,,,,,,
J90_2.RCP,0,111.9387913,0.398563147,DE_rand/2_fixedF_bin_fixedCR_withLS,88,1000,0,50,60,100,0.1,0.9,FALSE,FALSE,rand/2,bin,random,TRUE,5,0.3,1.5,0.3,1,1,,,,,,,,,,,,,,,,,,,,,,,,,
J90_2.RCP,1,113.2115186,0.396673918,DE_rand/2_fixedF_bin_fixedCR_withLS,88,1000,1,50,60,100,0.1,0.9,FALSE,FALSE,rand/2,bin,random,TRUE,5,0.3,1.5,0.3,1,1,,,,,,,,,,,,,,,,,,,,,,,,,
J90_2.RCP,0,114.416064,0.393731833,DE_rand/2_fixedF_bin_fixedCR_noLS,88,1000,0,50,60,100,0.1,0.9,FALSE,FALSE,rand/2,bin,random,FALSE,5,0.3,1.5,0.3,1,1,,,,,,,,,,,,,,,,,,,,,,,,,
J90_2.RCP,1,99.68879132,0.391480207,DE_rand/2_fixedF_bin_fixedCR_noLS,88,1000,1,50,60,100,0.1,0.9,FALSE,FALSE,rand/2,bin,random,FALSE,5,0.3,1.5,0.3,1,1,,,,,,,,,,,,,,,,,,,,,,,,,
J90_2.RCP,0,117.9615186,0.413132906,DE_rand/2_fixedF_exp_adaptiveCR_withLS,88,1000,0,50,60,100,0.1,0.9,FALSE,TRUE,rand/2,exp,random,TRUE,5,0.3,1.5,0.3,1,1,,,,,,,,,,,,,,,,,,,,,,,,,
J90_2.RCP,1,115.7342459,0.410271168,DE_rand/2_fixedF_exp_adaptiveCR_withLS,88,1000,1,50,60,100,0.1,0.9,FALSE,TRUE,rand/2,exp,random,TRUE,5,0.3,1.5,0.3,1,1,,,,,,,,,,,,,,,,,,,,,,,,,
J90_2.RCP,0,104.075155,0.403596878,DE_rand/2_fixedF_exp_adaptiveCR_noLS,88,1000,0,50,60,100,0.1,0.9,FALSE,TRUE,rand/2,exp,random,FALSE,5,0.3,1.5,0.3,1,1,,,,,,,,,,,,,,,,,,,,,,,,,
J90_2.RCP,1,115.8706095,0.401963949,DE_rand/2_fixedF_exp_adaptiveCR_noLS,88,1000,1,50,60,100,0.1,0.9,FALSE,TRUE,rand/2,exp,random,FALSE,5,0.3,1.5,0.3,1,1,,,,,,,,,,,,,,,,,,,,,,,,,
J90_2.RCP,0,103.3933368,0.402220011,DE_rand/2_fixedF_exp_fixedCR_withLS,88,1000,0,50,60,100,0.1,0.9,FALSE,FALSE,rand/2,exp,random,TRUE,5,0.3,1.5,0.3,1,1,,,,,,,,,,,,,,,,,,,,,,,,,
J90_2.RCP,1,104.666064,0.406383991,DE_rand/2_fixedF_exp_fixedCR_withLS,88,1000,1,50,60,100,0.1,0.9,FALSE,FALSE,rand/2,exp,random,TRUE,5,0.3,1.5,0.3,1,1,,,,,,,,,,,,,,,,,,,,,,,,,
J90_2.RCP,0,115.7342459,0.395169735,DE_rand/2_fixedF_exp_fixedCR_noLS,88,1000,0,50,60,100,0.1,0.9,FALSE,FALSE,rand/2,exp,random,FALSE,5,0.3,1.5,0.3,1,1,,,,,,,,,,,,,,,,,,,,,,,,,
J90_2.RCP,1,110.916064,0.392132044,DE_rand/2_fixedF_exp_fixedCR_noLS,88,1000,1,50,60,100,0.1,0.9,FALSE,FALSE,rand/2,exp,random,FALSE,5,0.3,1.5,0.3,1,1,,,,,,,,,,,,,,,,,,,,,,,,,
J90_2.RCP,0,108.075155,0.372025967,DE_best/1_adaptiveF_bin_adaptiveCR_withLS,88,1000,0,50,60,100,0.1,0.9,TRUE,TRUE,best/1,bin,random,TRUE,5,0.3,1.5,0.3,1,1,,,,,,,,,,,,,,,,,,,,,,,,,
J90_2.RCP,1,114.5524277,0.370575905,DE_best/1_adaptiveF_bin_adaptiveCR_withLS,88,1000,1,50,60,100,0.1,0.9,TRUE,TRUE,best/1,bin,random,TRUE,5,0.3,1.5,0.3,1,1,,,,,,,,,,,,,,,,,,,,,,,,,
J90_2.RCP,0,110.9842459,0.367278814,DE_best/1_adaptiveF_bin_adaptiveCR_noLS,88,1000,0,50,60,100,0.1,0.9,TRUE,TRUE,best/1,bin,random,FALSE,5,0.3,1.5,0.3,1,1,,,,,,,,,,,,,,,,,,,,,,,,,
J90_2.RCP,1,112.1206095,0.371189117,DE_best/1_adaptiveF_bin_adaptiveCR_noLS,88,1000,1,50,60,100,0.1,0.9,TRUE,TRUE,best/1,bin,random,FALSE,5,0.3,1.5,0.3,1,1,,,,,,,,,,,,,,,,,,,,,,,,,
J90_2.RCP,0,99.59788223,0.376738787,DE_best/1_adaptiveF_bin_fixedCR_withLS,88,1000,0,50,60,100,0.1,0.9,TRUE,FALSE,best/1,bin,random,TRUE,5,0.3,1.5,0.3,1,1,,,,,,,,,,,,,,,,,,,,,,,,,
J90_2.RCP,1,101.666064,0.370680809,DE_best/1_adaptiveF_bin_fixedCR_withLS,88,1000,1,50,60,100,0.1,0.9,TRUE,FALSE,best/1,bin,random,TRUE,5,0.3,1.5,0.3,1,1,,,,,,,,,,,,,,,,,,,,,,,,,
J90_2.RCP,0,105.9842459,0.365947008,DE_best/1_adaptiveF_bin_fixedCR_noLS,88,1000,0,50,60,100,0.1,0.9,TRUE,FALSE,best/1,bin,random,FALSE,5,0.3,1.5,0.3,1,1,,,,,,,,,,,,,,,,,,,,,,,,,
J90_2.RCP,1,104.5069731,0.366323948,DE_best/1_adaptiveF_bin_fixedCR_noLS,88,1000,1,50,60,100,0.1,0.9,TRUE,FALSE,best/1,bin,random,FALSE,5,0.3,1.5,0.3,1,1,,,,,,,,,,,,,,,,,,,,,,,,,
J90_2.RCP,0,113.7342459,0.374070168,DE_best/1_adaptiveF_exp_adaptiveCR_withLS,88,1000,0,50,60,100,0.1,0.9,TRUE,TRUE,best/1,exp,random,TRUE,5,0.3,1.5,0.3,1,1,,,,,,,,,,,,,,,,,,,,,,,,,
J90_2.RCP,1,106.1206095,0.375685215,DE_best/1_adaptiveF_exp_adaptiveCR_withLS,88,1000,1,50,60,100,0.1,0.9,TRUE,TRUE,best/1,exp,random,TRUE,5,0.3,1.5,0.3,1,1,,,,,,,,,,,,,,,,,,,,,,,,,
J90_2.RCP,0,110.3024277,0.371370077,DE_best/1_adaptiveF_exp_adaptiveCR_noLS,88,1000,0,50,60,100,0.1,0.9,TRUE,TRUE,best/1,exp,random,FALSE,5,0.3,1.5,0.3,1,1,,,,,,,,,,,,,,,,,,,,,,,,,
J90_2.RCP,1,108.7342459,0.369540691,DE_best/1_adaptiveF_exp_adaptiveCR_noLS,88,1000,1,50,60,100,0.1,0.9,TRUE,TRUE,best/1,exp,random,FALSE,5,0.3,1.5,0.3,1,1,,,,,,,,,,,,,,,,,,,,,,,,,
J90_2.RCP,0,102.6206095,0.372897625,DE_best/1_adaptiveF_exp_fixedCR_withLS,88,1000,0,50,60,100,0.1,0.9,TRUE,FALSE,best/1,exp,random,TRUE,5,0.3,1.5,0.3,1,1,,,,,,,,,,,,,,,,,,,,,,,,,
J90_2.RCP,1,99.09788223,0.37174201,DE_best/1_adaptiveF_exp_fixedCR_withLS,88,1000,1,50,60,100,0.1,0.9,TRUE,FALSE,best/1,exp,random,TRUE,5,0.3,1.5,0.3,1,1,,,,,,,,,,,,,,,,,,,,,,,,,
J90_2.RCP,0,89.55242769,0.368326902,DE_best/1_adaptiveF_exp_fixedCR_noLS,88,1000,0,50,60,100,0.1,0.9,TRUE,FALSE,best/1,exp,random,FALSE,5,0.3,1.5,0.3,1,1,,,,,,,,,,,,,,,,,,,,,,,,,
J90_2.RCP,1,104.9387913,0.367454767,DE_best/1_adaptiveF_exp_fixedCR_noLS,88,1000,1,50,60,100,0.1,0.9,TRUE,FALSE,best/1,exp,random,FALSE,5,0.3,1.5,0.3,1,1,,,,,,,,,,,,,,,,,,,,,,,,,
J90_2.RCP,0,98.02970041,0.388260841,DE_best/1_fixedF_bin_adaptiveCR_withLS,88,1000,0,50,60,100,0.1,0.9,FALSE,TRUE,best/1,bin,random,TRUE,5,0.3,1.5,0.3,1,1,,,,,,,,,,,,,,,,,,,,,,,,,
J90_2.RCP,1,96.66606405,0.393136978,DE_best/1_fixedF_bin_adaptiveCR_withLS,88,1000,1,50,60,100,0.1,0.9,FALSE,TRUE,best/1,bin,random,TRUE,5,0.3,1.5,0.3,1,1,,,,,,,,,,,,,,,,,,,,,,,,,
J90_2.RCP,0,101.666064,0.385250092,DE_best/1_fixedF_bin_adaptiveCR_noLS,88,1000,0,50,60,100,0.1,0.9,FALSE,TRUE,best/1,bin,random,FALSE,5,0.3,1.5,0.3,1,1,,,,,,,,,,,,,,,,,,,,,,,,,
J90_2.RCP,1,99.9615186,0.378589869,DE_best/1_fixedF_bin_adaptiveCR_noLS,88,1000,1,50,60,100,0.1,0.9,FALSE,TRUE,best/1,bin,random,FALSE,5,0.3,1.5,0.3,1,1,,,,,,,,,,,,,,,,,,,,,,,,,
J90_2.RCP,0,95.43879132,0.373800993,DE_best/1_fixedF_bin_fixedCR_withLS,88,1000,0,50,60,100,0.1,0.9,FALSE,FALSE,best/1,bin,random,TRUE,5,0.3,1.5,0.3,1,1,,,,,,,,,,,,,,,,,,,,,,,,,
J90_2.RCP,1,88.25697314,0.374466896,DE_best/1_fixedF_bin_fixedCR_withLS,88,1000,1,50,60,100,0.1,0.9,FALSE,FALSE,best/1,bin,random,TRUE,5,0.3,1.5,0.3,1,1,,,,,,,,,,,,,,,,,,,,,,,,,
J90_2.RCP,0,99.55242769,0.368897915,DE_best/1_fixedF_bin_fixedCR_noLS,88,1000,0,50,60,100,0.1,0.9,FALSE,FALSE,best/1,bin,random,FALSE,5,0.3,1.5,0.3,1,1,,,,,,,,,,,,,,,,,,,,,,,,,
J90_2.RCP,1,87.02970041,0.366626978,DE_best/1_fixedF_bin_fixedCR_noLS,88,1000,1,50,60,100,0.1,0.9,FALSE,FALSE,best/1,bin,random,FALSE,5,0.3,1.5,0.3,1,1,,,,,,,,,,,,,,,,,,,,,,,,,
J90_2.RCP,0,105.0069731,0.391514778,DE_best/1_fixedF_exp_adaptiveCR_withLS,88,1000,0,50,60,100,0.1,0.9,FALSE,TRUE,best/1,exp,random,TRUE,5,0.3,1.5,0.3,1,1,,,,,,,,,,,,,,,,,,,,,,,,,
J90_2.RCP,1,108.2115186,0.390163898,DE_best/1_fixedF_exp_adaptiveCR_withLS,88,1000,1,50,60,100,0.1,0.9,FALSE,TRUE,best/1,exp,random,TRUE,5,0.3,1.5,0.3,1,1,,,,,,,,,,,,,,,,,,,,,,,,,
J90_2.RCP,0,98.09788223,0.382755995,DE_best/1_fixedF_exp_adaptiveCR_noLS,88,1000,0,50,60,100,0.1,0.9,FALSE,TRUE,best/1,exp,random,FALSE,5,0.3,1.5,0.3,1,1,,,,,,,,,,,,,,,,,,,,,,,,,
J90_2.RCP,1,98.9615186,0.380205154,DE_best/1_fixedF_exp_adaptiveCR_noLS,88,1000,1,50,60,100,0.1,0.9,FALSE,TRUE,best/1,exp,random,FALSE,5,0.3,1.5,0.3,1,1,,,,,,,,,,,,,,,,,,,,,,,,,
J90_2.RCP,0,97.7115186,0.377861977,DE_best/1_fixedF_exp_fixedCR_withLS,88,1000,0,50,60,100,0.1,0.9,FALSE,FALSE,best/1,exp,random,TRUE,5,0.3,1.5,0.3,1,1,,,,,,,,,,,,,,,,,,,,,,,,,
J90_2.RCP,1,98.8706095,0.37272191,DE_best/1_fixedF_exp_fixedCR_withLS,88,1000,1,50,60,100,0.1,0.9,FALSE,FALSE,best/1,exp,random,TRUE,5,0.3,1.5,0.3,1,1,,,,,,,,,,,,,,,,,,,,,,,,,
J90_2.RCP,0,97.48424587,0.368893147,DE_best/1_fixedF_exp_fixedCR_noLS,88,1000,0,50,60,100,0.1,0.9,FALSE,FALSE,best/1,exp,random,FALSE,5,0.3,1.5,0.3,1,1,,,,,,,,,,,,,,,,,,,,,,,,,
J90_2.RCP,1,99.4615186,0.368417978,DE_best/1_fixedF_exp_fixedCR_noLS,88,1000,1,50,60,100,0.1,0.9,FALSE,FALSE,best/1,exp,random,FALSE,5,0.3,1.5,0.3,1,1,,,,,,,,,,,,,,,,,,,,,,,,,
J90_2.RCP,0,104.3478822,0.380387068,DE_best/2_adaptiveF_bin_adaptiveCR_withLS,88,1000,0,50,60,100,0.1,0.9,TRUE,TRUE,best/2,bin,random,TRUE,5,0.3,1.5,0.3,1,1,,,,,,,,,,,,,,,,,,,,,,,,,
J90_2.RCP,1,120.325155,0.380961895,DE_best/2_adaptiveF_bin_adaptiveCR_withLS,88,1000,1,50,60,100,0.1,0.9,TRUE,TRUE,best/2,bin,random,TRUE,5,0.3,1.5,0.3,1,1,,,,,,,,,,,,,,,,,,,,,,,,,
J90_2.RCP,0,109.8024277,0.375945807,DE_best/2_adaptiveF_bin_adaptiveCR_noLS,88,1000,0,50,60,100,0.1,0.9,TRUE,TRUE,best/2,bin,random,FALSE,5,0.3,1.5,0.3,1,1,,,,,,,,,,,,,,,,,,,,,,,,,
J90_2.RCP,1,115.2342459,0.376822948,DE_best/2_adaptiveF_bin_adaptiveCR_noLS,88,1000,1,50,60,100,0.1,0.9,TRUE,TRUE,best/2,bin,random,FALSE,5,0.3,1.5,0.3,1,1,,,,,,,,,,,,,,,,,,,,,,,,,
J90_2.RCP,0,102.5297004,0.382813931,DE_best/2_adaptiveF_bin_fixedCR_withLS,88,1000,0,50,60,100,0.1,0.9,TRUE,FALSE,best/2,bin,random,TRUE,5,0.3,1.5,0.3,1,1,,,,,,,,,,,,,,,,,,,,,,,,,
J90_2.RCP,1,106.2797004,0.37898016,DE_best/2_adaptiveF_bin_fixedCR_withLS,88,1000,1,50,60,100,0.1,0.9,TRUE,FALSE,best/2,bin,random,TRUE,5,0.3,1.5,0.3,1,1,,,,,,,,,,,,,,,,,,,,,,,,,
J90_2.RCP,0,113.075155,0.374952078,DE_best/2_adaptiveF_bin_fixedCR_noLS,88,1000,0,50,60,100,0.1,0.9,TRUE,FALSE,best/2,bin,random,FALSE,5,0.3,1.5,0.3,1,1,,,,,,,,,,,,,,,,,,,,,,,,,
J90_2.RCP,1,100.6887913,0.372804165,DE_best/2_adaptiveF_bin_fixedCR_noLS,88,1000,1,50,60,100,0.1,0.9,TRUE,FALSE,best/2,bin,random,FALSE,5,0.3,1.5,0.3,1,1,,,,,,,,,,,,,,,,,,,,,,,,,
J90_2.RCP,0,114.8706095,0.38211894,DE_best/2_adaptiveF_exp_adaptiveCR_withLS,88,1000,0,50,60,100,0.1,0.9,TRUE,TRUE,best/2,exp,random,TRUE,5,0.3,1.5,0.3,1,1,,,,,,,,,,,,,,,,,,,,,,,,,
J90_2.RCP,1,108.9387913,0.382077932,DE_best/2_adaptiveF_exp_adaptiveCR_withLS,88,1000,1,50,60,100,0.1,0.9,TRUE,TRUE,best/2,exp,random,TRUE,5,0.3,1.5,0.3,1,1,,,,,,,,,,,,,,,,,,,,,,,,,
J90_2.RCP,0,113.7115186,0.376884937,DE_best/2_adaptiveF_exp_adaptiveCR_noLS,88,1000,0,50,60,100,0.1,0.9,TRUE,TRUE,best/2,exp,random,FALSE,5,0.3,1.5,0.3,1,1,,,,,,,,,,,,,,,,,,,,,,,,,
J90_2.RCP,1,110.7569731,0.378451824,DE_best/2_adaptiveF_exp_adaptiveCR_noLS,88,1000,1,50,60,100,0.1,0.9,TRUE,TRUE,best/2,exp,random,FALSE,5,0.3,1.5,0.3,1,1,,,,,,,,,,,,,,,,,,,,,,,,,
J90_2.RCP,0,100.825155,0.378653049,DE_best/2_adaptiveF_exp_fixedCR_withLS,88,1000,0,50,60,100,0.1,0.9,TRUE,FALSE,best/2,exp,random,TRUE,5,0.3,1.5,0.3,1,1,,,,,,,,,,,,,,,,,,,,,,,,,
J90_2.RCP,1,106.9387913,0.381099224,DE_best/2_adaptiveF_exp_fixedCR_withLS,88,1000,1,50,60,100,0.1,0.9,TRUE,FALSE,best/2,exp,random,TRUE,5,0.3,1.5,0.3,1,1,,,,,,,,,,,,,,,,,,,,,,,,,
J90_2.RCP,0,109.2115186,0.375467062,DE_best/2_adaptiveF_exp_fixedCR_noLS,88,1000,0,50,60,100,0.1,0.9,TRUE,FALSE,best/2,exp,random,FALSE,5,0.3,1.5,0.3,1,1,,,,,,,,,,,,,,,,,,,,,,,,,
J90_2.RCP,1,100.325155,0.381019115,DE_best/2_adaptiveF_exp_fixedCR_noLS,88,1000,1,50,60,100,0.1,0.9,TRUE,FALSE,best/2,exp,random,FALSE,5,0.3,1.5,0.3,1,1,,,,,,,,,,,,,,,,,,,,,,,,,
J90_2.RCP,0,105.3024277,0.412905931,DE_best/2_fixedF_bin_adaptiveCR_withLS,88,1000,0,50,60,100,0.1,0.9,FALSE,TRUE,best/2,bin,random,TRUE,5,0.3,1.5,0.3,1,1,,,,,,,,,,,,,,,,,,,,,,,,,
J90_2.RCP,1,98.48424587,0.409048796,DE_best/2_fixedF_bin_adaptiveCR_withLS,88,1000,1,50,60,100,0.1,0.9,FALSE,TRUE,best/2,bin,random,TRUE,5,0.3,1.5,0.3,1,1,,,,,,,,,,,,,,,,,,,,,,,,,
J90_2.RCP,0,104.5297004,0.401294947,DE_best/2_fixedF_bin_adaptiveCR_noLS,88,1000,0,50,60,100,0.1,0.9,FALSE,TRUE,best/2,bin,random,FALSE,5,0.3,1.5,0.3,1,1,,,,,,,,,,,,,,,,,,,,,,,,,
J90_2.RCP,1,98.02970041,0.400614738,DE_best/2_fixedF_bin_adaptiveCR_noLS,88,1000,1,50,60,100,0.1,0.9,FALSE,TRUE,best/2,bin,random,FALSE,5,0.3,1.5,0.3,1,1,,,,,,,,,,,,,,,,,,,,,,,,,
J90_2.RCP,0,101.6206095,0.391177893,DE_best/2_fixedF_bin_fixedCR_withLS,88,1000,0,50,60,100,0.1,0.9,FALSE,FALSE,best/2,bin,random,TRUE,5,0.3,1.5,0.3,1,1,,,,,,,,,,,,,,,,,,,,,,,,,
J90_2.RCP,1,99.1206095,0.387378216,DE_best/2_fixedF_bin_fixedCR_withLS,88,1000,1,50,60,100,0.1,0.9,FALSE,FALSE,best/2,bin,random,TRUE,5,0.3,1.5,0.3,1,1,,,,,,,,,,,,,,,,,,,,,,,,,
J90_2.RCP,0,104.2115186,0.38111496,DE_best/2_fixedF_bin_fixedCR_noLS,88,1000,0,50,60,100,0.1,0.9,FALSE,FALSE,best/2,bin,random,FALSE,5,0.3,1.5,0.3,1,1,,,,,,,,,,,,,,,,,,,,,,,,,
J90_2.RCP,1,98.1206095,0.375956059,DE_best/2_fixedF_bin_fixedCR_noLS,88,1000,1,50,60,100,0.1,0.9,FALSE,FALSE,best/2,bin,random,FALSE,5,0.3,1.5,0.3,1,1,,,,,,,,,,,,,,,,,,,,,,,,,
J90_2.RCP,0,98.68879132,0.415336132,DE_best/2_fixedF_exp_adaptiveCR_withLS,88,1000,0,50,60,100,0.1,0.9,FALSE,TRUE,best/2,exp,random,TRUE,5,0.3,1.5,0.3,1,1,,,,,,,,,,,,,,,,,,,,,,,,,
J90_2.RCP,1,101.8706095,0.412740946,DE_best/2_fixedF_exp_adaptiveCR_withLS,88,1000,1,50,60,100,0.1,0.9,FALSE,TRUE,best/2,exp,random,TRUE,5,0.3,1.5,0.3,1,1,,,,,,,,,,,,,,,,,,,,,,,,,
J90_2.RCP,0,99.05242769,0.406369925,DE_best/2_fixedF_exp_adaptiveCR_noLS,88,1000,0,50,60,100,0.1,0.9,FALSE,TRUE,best/2,exp,random,FALSE,5,0.3,1.5,0.3,1,1,,,,,,,,,,,,,,,,,,,,,,,,,
J90_2.RCP,1,99.05242769,0.400653124,DE_best/2_fixedF_exp_adaptiveCR_noLS,88,1000,1,50,60,100,0.1,0.9,FALSE,TRUE,best/2,exp,random,FALSE,5,0.3,1.5,0.3,1,1,,,,,,,,,,,,,,,,,,,,,,,,,
J90_2.RCP,0,104.5297004,0.394772053,DE_best/2_fixedF_exp_fixedCR_withLS,88,1000,0,50,60,100,0.1,0.9,FALSE,FALSE,best/2,exp,random,TRUE,5,0.3,1.5,0.3,1,1,,,,,,,,,,,,,,,,,,,,,,,,,
J90_2.RCP,1,96.64333678,0.39416194,DE_best/2_fixedF_exp_fixedCR_withLS,88,1000,1,50,60,100,0.1,0.9,FALSE,FALSE,best/2,exp,random,TRUE,5,0.3,1.5,0.3,1,1,,,,,,,,,,,,,,,,,,,,,,,,,
J90_2.RCP,0,107.8024277,0.38857913,DE_best/2_fixedF_exp_fixedCR_noLS,88,1000,0,50,60,100,0.1,0.9,FALSE,FALSE,best/2,exp,random,FALSE,5,0.3,1.5,0.3,1,1,,,,,,,,,,,,,,,,,,,,,,,,,
J90_2.RCP,1,96.09788223,0.384425879,DE_best/2_fixedF_exp_fixedCR_noLS,88,1000,1,50,60,100,0.1,0.9,FALSE,FALSE,best/2,exp,random,FALSE,5,0.3,1.5,0.3,1,1,,,,,,,,,,,,,,,,,,,,,,,,,
J90_2.RCP,0,120.5524277,0.380550861,DE_adaptive_bin_adaptiveCR_withLS,88,1000,0,50,60,100,0.1,0.9,TRUE,TRUE,adaptive,bin,random,TRUE,5,0.3,1.5,0.3,1,1,,,,,,,,,,,,,,,,,,,,,,,,,
J90_2.RCP,1,118.7115186,0.376538038,DE_adaptive_bin_adaptiveCR_withLS,88,1000,1,50,60,100,0.1,0.9,TRUE,TRUE,adaptive,bin,random,TRUE,5,0.3,1.5,0.3,1,1,,,,,,,,,,,,,,,,,,,,,,,,,
J90_2.RCP,0,115.3706095,0.374927044,DE_adaptive_bin_adaptiveCR_noLS,88,1000,0,50,60,100,0.1,0.9,TRUE,TRUE,adaptive,bin,random,FALSE,5,0.3,1.5,0.3,1,1,,,,,,,,,,,,,,,,,,,,,,,,,
J90_2.RCP,1,111.2342459,0.376533985,DE_adaptive_bin_adaptiveCR_noLS,88,1000,1,50,60,100,0.1,0.9,TRUE,TRUE,adaptive,bin,random,FALSE,5,0.3,1.5,0.3,1,1,,,,,,,,,,,,,,,,,,,,,,,,,
J90_2.RCP,0,111.7797004,0.37680316,DE_adaptive_bin_fixedCR_withLS,88,1000,0,50,60,100,0.1,0.9,TRUE,FALSE,adaptive,bin,random,TRUE,5,0.3,1.5,0.3,1,1,,,,,,,,,,,,,,,,,,,,,,,,,
J90_2.RCP,1,99.91606405,0.37654686,DE_adaptive_bin_fixedCR_withLS,88,1000,1,50,60,100,0.1,0.9,TRUE,FALSE,adaptive,bin,random,TRUE,5,0.3,1.5,0.3,1,1,,,,,,,,,,,,,,,,,,,,,,,,,
J90_2.RCP,0,111.6887913,0.365336895,DE_adaptive_bin_fixedCR_noLS,88,1000,0,50,60,100,0.1,0.9,TRUE,FALSE,adaptive,bin,random,FALSE,5,0.3,1.5,0.3,1,1,,,,,,,,,,,,,,,,,,,,,,,,,
J90_2.RCP,1,109.0297004,0.365327835,DE_adaptive_bin_fixedCR_noLS,88,1000,1,50,60,100,0.1,0.9,TRUE,FALSE,adaptive,bin,random,FALSE,5,0.3,1.5,0.3,1,1,,,,,,,,,,,,,,,,,,,,,,,,,
J90_2.RCP,0,111.9615186,0.373878002,DE_adaptive_exp_adaptiveCR_withLS,88,1000,0,50,60,100,0.1,0.9,TRUE,TRUE,adaptive,exp,random,TRUE,5,0.3,1.5,0.3,1,1,,,,,,,,,,,,,,,,,,,,,,,,,
J90_2.RCP,1,121.166064,0.372935057,DE_adaptive_exp_adaptiveCR_withLS,88,1000,1,50,60,100,0.1,0.9,TRUE,TRUE,adaptive,exp,random,TRUE,5,0.3,1.5,0.3,1,1,,,,,,,,,,,,,,,,,,,,,,,,,
J90_2.RCP,0,111.8478822,0.371124029,DE_adaptive_exp_adaptiveCR_noLS,88,1000,0,50,60,100,0.1,0.9,TRUE,TRUE,adaptive,exp,random,FALSE,5,0.3,1.5,0.3,1,1,,,,,,,,,,,,,,,,,,,,,,,,,
J90_2.RCP,1,113.416064,0.369240046,DE_adaptive_exp_adaptiveCR_noLS,88,1000,1,50,60,100,0.1,0.9,TRUE,TRUE,adaptive,exp,random,FALSE,5,0.3,1.5,0.3,1,1,,,,,,,,,,,,,,,,,,,,,,,,,
J90_2.RCP,0,100.3933368,0.371436119,DE_adaptive_exp_fixedCR_withLS,88,1000,0,50,60,100,0.1,0.9,TRUE,FALSE,adaptive,exp,random,TRUE,5,0.3,1.5,0.3,1,1,,,,,,,,,,,,,,,,,,,,,,,,,
J90_2.RCP,1,101.5297004,0.371051073,DE_adaptive_exp_fixedCR_withLS,88,1000,1,50,60,100,0.1,0.9,TRUE,FALSE,adaptive,exp,random,TRUE,5,0.3,1.5,0.3,1,1,,,,,,,,,,,,,,,,,,,,,,,,,
J90_2.RCP,0,110.1887913,0.367231846,DE_adaptive_exp_fixedCR_noLS,88,1000,0,50,60,100,0.1,0.9,TRUE,FALSE,adaptive,exp,random,FALSE,5,0.3,1.5,0.3,1,1,,,,,,,,,,,,,,,,,,,,,,,,,
J90_2.RCP,1,109.7569731,0.367702007,DE_adaptive_exp_fixedCR_noLS,88,1000,1,50,60,100,0.1,0.9,TRUE,FALSE,adaptive,exp,random,FALSE,5,0.3,1.5,0.3,1,1,,,,,,,,,,,,,,,,,,,,,,,,,
J90_2.RCP,0,111.8478822,0.374788046,DE_current-to-rand/2_bin_adaptiveCR_withLS,88,1000,0,50,60,100,0.1,0.9,FALSE,TRUE,current-to-rand/2,bin,random,TRUE,5,0.3,1.5,0.3,1,1,,,,,,,,,,,,,,,,,,,,,,,,,
J90_2.RCP,1,107.8478822,0.373621941,DE_current-to-rand/2_bin_adaptiveCR_withLS,88,1000,1,50,60,100,0.1,0.9,FALSE,TRUE,current-to-rand/2,bin,random,TRUE,5,0.3,1.5,0.3,1,1,,,,,,,,,,,,,,,,,,,,,,,,,
J90_2.RCP,0,108.4842459,0.370834112,DE_current-to-rand/2_bin_adaptiveCR_noLS,88,1000,0,50,60,100,0.1,0.9,FALSE,TRUE,current-to-rand/2,bin,random,FALSE,5,0.3,1.5,0.3,1,1,,,,,,,,,,,,,,,,,,,,,,,,,
J90_2.RCP,1,108.4615186,0.372895002,DE_current-to-rand/2_bin_adaptiveCR_noLS,88,1000,1,50,60,100,0.1,0.9,FALSE,TRUE,current-to-rand/2,bin,random,FALSE,5,0.3,1.5,0.3,1,1,,,,,,,,,,,,,,,,,,,,,,,,,
J90_2.RCP,0,107.5069731,0.371659994,DE_current-to-rand/2_bin_fixedCR_withLS,88,1000,0,50,60,100,0.1,0.9,FALSE,FALSE,current-to-rand/2,bin,random,TRUE,5,0.3,1.5,0.3,1,1,,,,,,,,,,,,,,,,,,,,,,,,,
J90_2.RCP,1,102.6433368,0.372260094,DE_current-to-rand/2_bin_fixedCR_withLS,88,1000,1,50,60,100,0.1,0.9,FALSE,FALSE,current-to-rand/2,bin,random,TRUE,5,0.3,1.5,0.3,1,1,,,,,,,,,,,,,,,,,,,,,,,,,
J90_2.RCP,0,98.23424587,0.368141174,DE_current-to-rand/2_bin_fixedCR_noLS,88,1000,0,50,60,100,0.1,0.9,FALSE,FALSE,current-to-rand/2,bin,random,FALSE,5,0.3,1.5,0.3,1,1,,,,,,,,,,,,,,,,,,,,,,,,,
J90_2.RCP,1,108.8706095,0.368442059,DE_current-to-rand/2_bin_fixedCR_noLS,88,1000,1,50,60,100,0.1,0.9,FALSE,FALSE,current-to-rand/2,bin,random,FALSE,5,0.3,1.5,0.3,1,1,,,,,,,,,,,,,,,,,,,,,,,,,
J90_2.RCP,0,114.8478822,0.375066757,DE_current-to-rand/2_exp_adaptiveCR_withLS,88,1000,0,50,60,100,0.1,0.9,FALSE,TRUE,current-to-rand/2,exp,random,TRUE,5,0.3,1.5,0.3,1,1,,,,,,,,,,,,,,,,,,,,,,,,,
J90_2.RCP,1,108.4842459,0.375556946,DE_current-to-rand/2_exp_adaptiveCR_withLS,88,1000,1,50,60,100,0.1,0.9,FALSE,TRUE,current-to-rand/2,exp,random,TRUE,5,0.3,1.5,0.3,1,1,,,,,,,,,,,,,,,,,,,,,,,,,
J90_2.RCP,0,103.4387913,0.372781992,DE_current-to-rand/2_exp_adaptiveCR_noLS,88,1000,0,50,60,100,0.1,0.9,FALSE,TRUE,current-to-rand/2,exp,random,FALSE,5,0.3,1.5,0.3,1,1,,,,,,,,,,,,,,,,,,,,,,,,,
J90_2.RCP,1,108.0297004,0.375373125,DE_current-to-rand/2_exp_adaptiveCR_noLS,88,1000,1,50,60,100,0.1,0.9,FALSE,TRUE,current-to-rand/2,exp,random,FALSE,5,0.3,1.5,0.3,1,1,,,,,,,,,,,,,,,,,,,,,,,,,
J90_2.RCP,0,110.0978822,0.373478889,DE_current-to-rand/2_exp_fixedCR_withLS,88,1000,0,50,60,100,0.1,0.9,FALSE,FALSE,current-to-rand/2,exp,random,TRUE,5,0.3,1.5,0.3,1,1,,,,,,,,,,,,,,,,,,,,,,,,,
J90_2.RCP,1,107.1206095,0.373362303,DE_current-to-rand/2_exp_fixedCR_withLS,88,1000,1,50,60,100,0.1,0.9,FALSE,FALSE,current-to-rand/2,exp,random,TRUE,5,0.3,1.5,0.3,1,1,,,,,,,,,,,,,,,,,,,,,,,,,
J90_2.RCP,0,109.3706095,0.370356083,DE_current-to-rand/2_exp_fixedCR_noLS,88,1000,0,50,60,100,0.1,0.9,FALSE,FALSE,current-to-rand/2,exp,random,FALSE,5,0.3,1.5,0.3,1,1,,,,,,,,,,,,,,,,,,,,,,,,,
J90_2.RCP,1,103.6433368,0.370183706,DE_current-to-rand/2_exp_fixedCR_noLS,88,1000,1,50,60,100,0.1,0.9,FALSE,FALSE,current-to-rand/2,exp,random,FALSE,5,0.3,1.5,0.3,1,1,,,,,,,,,,,,,,,,,,,,,,,,,
J90_2.RCP,0,128.5297004,0.337193251,GA_roulette_single_point_random_random_withLS_withNeighborhood,88,1000,0,50,60,,,,,,random,single_point,random,TRUE,,,,,,,0.9,0.1,roulette,3,TRUE,FALSE,0.5,0.1,0.35,5,2,,,,,,,,,,,,,,
J90_2.RCP,1,120.5524277,0.337018967,GA_roulette_single_point_random_random_withLS_withNeighborhood,88,1000,1,50,60,,,,,,random,single_point,random,TRUE,,,,,,,0.9,0.1,roulette,3,TRUE,FALSE,0.5,0.1,0.35,5,2,,,,,,,,,,,,,,
J90_2.RCP,0,128.5297004,0.336781025,GA_roulette_single_point_random_random_withLS_noNeighborhood,88,1000,0,50,60,,,,,,random,single_point,random,TRUE,,,,,,,0.9,0.1,roulette,3,TRUE,FALSE,0.5,0.1,0.35,5,0,,,,,,,,,,,,,,
J90_2.RCP,1,120.5524277,0.336995125,GA_roulette_single_point_random_random_withLS_noNeighborhood,88,1000,1,50,60,,,,,,random,single_point,random,TRUE,,,,,,,0.9,0.1,roulette,3,TRUE,FALSE,0.5,0.1,0.35,5,0,,,,,,,,,,,,,,
J90_2.RCP,0,111.1433368,0.483505964,GA_roulette_single_point_random_random_noLS_withNeighborhood,88,1000,0,50,60,,,,,,random,single_point,random,FALSE,,,,,,,0.9,0.1,roulette,3,TRUE,FALSE,0.5,0.1,0.35,5,2,,,,,,,,,,,,,,
J90_2.RCP,1,118.2342459,0.481624126,GA_roulette_single_point_random_random_noLS_withNeighborhood,88,1000,1,50,60,,,,,,random,single_point,random,FALSE,,,,,,,0.9,0.1,roulette,3,TRUE,FALSE,0.5,0.1,0.35,5,2,,,,,,,,,,,,,,
J90_2.RCP,0,111.1433368,0.483684063,GA_roulette_single_point_random_random_noLS_noNeighborhood,88,1000,0,50,60,,,,,,random,single_point,random,FALSE,,,,,,,0.9,0.1,roulette,3,TRUE,FALSE,0.5,0.1,0.35,5,0,,,,,,,,,,,,,,
J90_2.RCP,1,118.2342459,0.48365593,GA_roulette_single_point_random_random_noLS_noNeighborhood,88,1000,1,50,60,,,,,,random,single_point,random,FALSE,,,,,,,0.9,0.1,roulette,3,TRUE,FALSE,0.5,0.1,0.35,5,0,,,,,,,,,,,,,,
J90_2.RCP,0,123.325155,0.339981079,GA_roulette_single_point_random_heuristic_withLS_withNeighborhood,88,1000,0,50,60,,,,,,random,single_point,heuristic,TRUE,,,,,,,0.9,0.1,roulette,3,TRUE,FALSE,0.5,0.1,0.35,5,2,,,,,,,,,,,,,,
J90_2.RCP,1,118.0069731,0.340149164,GA_roulette_single_point_random_heuristic_withLS_withNeighborhood,88,1000,1,50,60,,,,,,random,single_point,heuristic,TRUE,,,,,,,0.9,0.1,roulette,3,TRUE,FALSE,0.5,0.1,0.35,5,2,,,,,,,,,,,,,,
J90_2.RCP,0,123.325155,0.341520071,GA_roulette_single_point_random_heuristic_withLS_noNeighborhood,88,1000,0,50,60,,,,,,random,single_point,heuristic,TRUE,,,,,,,0.9,0.1,roulette,3,TRUE,FALSE,0.5,0.1,0.35,5,0,,,,,,,,,,,,,,
J90_2.RCP,1,118.0069731,0.342591047,GA_roulette_single_point_random_heuristic_withLS_noNeighborhood,88,1000,1,50,60,,,,,,random,single_point,heuristic,TRUE,,,,,,,0.9,0.1,roulette,3,TRUE,FALSE,0.5,0.1,0.35,5,0,,,,,,,,,,,,,,
J90_2.RCP,0,110.2115186,0.488005877,GA_roulette_single_point_random_heuristic_noLS_withNeighborhood,88,1000,0,50,60,,,,,,random,single_point,heuristic,FALSE,,,,,,,0.9,0.1,roulette,3,TRUE,FALSE,0.5,0.1,0.35,5,2,,,,,,,,,,,,,,
J90_2.RCP,1,118.0069731,0.489322186,GA_roulette_single_point_random_heuristic_noLS_withNeighborhood,88,1000,1,50,60,,,,,,random,single_point,heuristic,FALSE,,,,,,,0.9,0.1,roulette,3,TRUE,FALSE,0.5,0.1,0.35,5,2,,,,,,,,,,,,,,
J90_2.RCP,0,110.2115186,0.488991976,GA_roulette_single_point_random_heuristic_noLS_noNeighborhood,88,1000,0,50,60,,,,,,random,single_point,heuristic,FALSE,,,,,,,0.9,0.1,roulette,3,TRUE,FALSE,0.5,0.1,0.35,5,0,,,,,,,,,,,,,,
J90_2.RCP,1,118.0069731,0.497723341,GA_roulette_single_point_random_heuristic_noLS_noNeighborhood,88,1000,1,50,60,,,,,,random,single_point,heuristic,FALSE,,,,,,,0.9,0.1,roulette,3,TRUE,FALSE,0.5,0.1,0.35,5,0,,,,,,,,,,,,,,
J90_2.RCP,0,114.8933368,0.343795776,GA_roulette_single_point_adaptive_random_withLS_withNeighborhood,88,1000,0,50,60,,,,,,adaptive,single_point,random,TRUE,,,,,,,0.9,0.1,roulette,3,TRUE,FALSE,0.5,0.1,0.35,5,2,,,,,,,,,,,,,,
J90_2.RCP,1,124.1206095,0.35127902,GA_roulette_single_point_adaptive_random_withLS_withNeighborhood,88,1000,1,50,60,,,,,,adaptive,single_point,random,TRUE,,,,,,,0.9,0.1,roulette,3,TRUE,FALSE,0.5,0.1,0.35,5,2,,,,,,,,,,,,,,
J90_2.RCP,0,114.8933368,0.343426943,GA_roulette_single_point_adaptive_random_withLS_noNeighborhood,88,1000,0,50,60,,,,,,adaptive,single_point,random,TRUE,,,,,,,0.9,0.1,roulette,3,TRUE,FALSE,0.5,0.1,0.35,5,0,,,,,,,,,,,,,,
J90_2.RCP,1,124.1206095,0.343930006,GA_roulette_single_point_adaptive_random_withLS_noNeighborhood,88,1000,1,50,60,,,,,,adaptive,single_point,random,TRUE,,,,,,,0.9,0.1,roulette,3,TRUE,FALSE,0.5,0.1,0.35,5,0,,,,,,,,,,,,,,
J90_2.RCP,0,113.6433368,0.510820866,GA_roulette_single_point_adaptive_random_noLS_withNeighborhood,88,1000,0,50,60,,,,,,adaptive,single_point,random,FALSE,,,,,,,0.9,0.1,roulette,3,TRUE,FALSE,0.5,0.1,0.35,5,2,,,,,,,,,,,,,,
J90_2.RCP,1,118.666064,0.511733055,GA_roulette_single_point_adaptive_random_noLS_withNeighborhood,88,1000,1,50,60,,,,,,adaptive,single_point,random,FALSE,,,,,,,0.9,0.1,roulette,3,TRUE,FALSE,0.5,0.1,0.35,5,2,,,,,,,,,,,,,,
J90_2.RCP,0,113.6433368,0.515840054,GA_roulette_single_point_adaptive_random_noLS_noNeighborhood,88,1000,0,50,60,,,,,,adaptive,single_point,random,FALSE,,,,,,,0.9,0.1,roulette,3,TRUE,FALSE,0.5,0.1,0.35,5,0,,,,,,,,,,,,,,
J90_2.RCP,1,118.666064,0.509599924,GA_roulette_single_point_adaptive_random_noLS_noNeighborhood,88,1000,1,50,60,,,,,,adaptive,single_point,random,FALSE,,,,,,,0.9,0.1,roulette,3,TRUE,FALSE,0.5,0.1,0.35,5,0,,,,,,,,,,,,,,
J90_2.RCP,0,123.325155,0.350377321,GA_roulette_single_point_adaptive_heuristic_withLS_withNeighborhood,88,1000,0,50,60,,,,,,adaptive,single_point,heuristic,TRUE,,,,,,,0.9,0.1,roulette,3,TRUE,FALSE,0.5,0.1,0.35,5,2,,,,,,,,,,,,,,
J90_2.RCP,1,124.6433368,0.344713211,GA_roulette_single_point_adaptive_heuristic_withLS_withNeighborhood,88,1000,1,50,60,,,,,,adaptive,single_point,heuristic,TRUE,,,,,,,0.9,0.1,roulette,3,TRUE,FALSE,0.5,0.1,0.35,5,2,,,,,,,,,,,,,,
J90_2.RCP,0,123.325155,0.347478151,GA_roulette_single_point_adaptive_heuristic_withLS_noNeighborhood,88,1000,0,50,60,,,,,,adaptive,single_point,heuristic,TRUE,,,,,,,0.9,0.1,roulette,3,TRUE,FALSE,0.5,0.1,0.35,5,0,,,,,,,,,,,,,,
J90_2.RCP,1,124.6433368,0.35030508,GA_roulette_single_point_adaptive_heuristic_withLS_noNeighborhood,88,1000,1,50,60,,,,,,adaptive,single_point,heuristic,TRUE,,,,,,,0.9,0.1,roulette,3,TRUE,FALSE,0.5,0.1,0.35,5,0,,,,,,,,,,,,,,
J90_2.RCP,0,112.2569731,0.514352083,GA_roulette_single_point_adaptive_heuristic_noLS_withNeighborhood,88,1000,0,50,60,,,,,,adaptive,single_point,heuristic,FALSE,,,,,,,0.9,0.1,roulette,3,TRUE,FALSE,0.5,0.1,0.35,5,2,,,,,,,,,,,,,,
J90_2.RCP,1,116.825155,0.514169216,GA_roulette_single_point_adaptive_heuristic_noLS_withNeighborhood,88,1000,1,50,60,,,,,,adaptive,single_point,heuristic,FALSE,,,,,,,0.9,0.1,roulette,3,TRUE,FALSE,0.5,0.1,0.35,5,2,,,,,,,,,,,,,,
J90_2.RCP,0,112.2569731,0.511386156,GA_roulette_single_point_adaptive_heuristic_noLS_noNeighborhood,88,1000,0,50,60,,,,,,adaptive,single_point,heuristic,FALSE,,,,,,,0.9,0.1,roulette,3,TRUE,FALSE,0.5,0.1,0.35,5,0,,,,,,,,,,,,,,
J90_2.RCP,1,116.825155,0.514800072,GA_roulette_single_point_adaptive_heuristic_noLS_noNeighborhood,88,1000,1,50,60,,,,,,adaptive,single_point,heuristic,FALSE,,,,,,,0.9,0.1,roulette,3,TRUE,FALSE,0.5,0.1,0.35,5,0,,,,,,,,,,,,,,
J90_2.RCP,0,127.0524277,0.339457035,GA_roulette_two_point_random_random_withLS_withNeighborhood,88,1000,0,50,60,,,,,,random,two_point,random,TRUE,,,,,,,0.9,0.1,roulette,3,TRUE,FALSE,0.5,0.1,0.35,5,2,,,,,,,,,,,,,,
J90_2.RCP,1,127.1433368,0.33735323,GA_roulette_two_point_random_random_withLS_withNeighborhood,88,1000,1,50,60,,,,,,random,two_point,random,TRUE,,,,,,,0.9,0.1,roulette,3,TRUE,FALSE,0.5,0.1,0.35,5,2,,,,,,,,,,,,,,
J90_2.RCP,0,127.0524277,0.338335991,GA_roulette_two_point_random_random_withLS_noNeighborhood,88,1000,0,50,60,,,,,,random,two_point,random,TRUE,,,,,,,0.9,0.1,roulette,3,TRUE,FALSE,0.5,0.1,0.35,5,0,,,,,,,,,,,,,,
J90_2.RCP,1,127.1433368,0.337376118,GA_roulette_two_point_random_random_withLS_noNeighborhood,88,1000,1,50,60,,,,,,random,two_point,random,TRUE,,,,,,,0.9,0.1,roulette,3,TRUE,FALSE,0.5,0.1,0.35,5,0,,,,,,,,,,,,,,
J90_2.RCP,0,118.325155,0.486660957,GA_roulette_two_point_random_random_noLS_withNeighborhood,88,1000,0,50,60,,,,,,random,two_point,random,FALSE,,,,,,,0.9,0.1,roulette,3,TRUE,FALSE,0.5,0.1,0.35,5,2,,,,,,,,,,,,,,
J90_2.RCP,1,117.325155,0.491466999,GA_roulette_two_point_random_random_noLS_withNeighborhood,88,1000,1,50,60,,,,,,random,two_point,random,FALSE,,,,,,,0.9,0.1,roulette,3,TRUE,FALSE,0.5,0.1,0.35,5,2,,,,,,,,,,,,,,
J90_2.RCP,0,118.325155,0.484913826,GA_roulette_two_point_random_random_noLS_noNeighborhood,88,1000,0,50,60,,,,,,random,two_point,random,FALSE,,,,,,,0.9,0.1,roulette,3,TRUE,FALSE,0.5,0.1,0.35,5,0,,,,,,,,,,,,,,
J90_2.RCP,1,117.325155,0.485332012,GA_roulette_two_point_random_random_noLS_noNeighborhood,88,1000,1,50,60,,,,,,random,two_point,random,FALSE,,,,,,,0.9,0.1,roulette,3,TRUE,FALSE,0.5,0.1,0.35,5,0,,,,,,,,,,,,,,
J90_2.RCP,0,123.325155,0.340263128,GA_roulette_two_point_random_heuristic_withLS_withNeighborhood,88,1000,0,50,60,,,,,,random,two_point,heuristic,TRUE,,,,,,,0.9,0.1,roulette,3,TRUE,FALSE,0.5,0.1,0.35,5,2,,,,,,,,,,,,,,
J90_2.RCP,1,126.075155,0.341089725,GA_roulette_two_point_random_heuristic_withLS_withNeighborhood,88,1000,1,50,60,,,,,,random,two_point,heuristic,TRUE,,,,,,,0.9,0.1,roulette,3,TRUE,FALSE,0.5,0.1,0.35,5,2,,,,,,,,,,,,,,
J90_2.RCP,0,123.325155,0.339225769,GA_roulette_two_point_random_heuristic_withLS_noNeighborhood,88,1000,0,50,60,,,,,,random,two_point,heuristic,TRUE,,,,,,,0.9,0.1,roulette,3,TRUE,FALSE,0.5,0.1,0.35,5,0,,,,,,,,,,,,,,
J90_2.RCP,1,126.075155,0.340364218,GA_roulette_two_point_random_heuristic_withLS_noNeighborhood,88,1000,1,50,60,,,,,,random,two_point,heuristic,TRUE,,,,,,,0.9,0.1,roulette,3,TRUE,FALSE,0.5,0.1,0.35,5,0,,,,,,,,,,,,,,
J90_2.RCP,0,118.7115186,0.490302801,GA_roulette_two_point_random_heuristic_noLS_withNeighborhood,88,1000,0,50,60,,,,,,random,two_point,heuristic,FALSE,,,,,,,0.9,0.1,roulette,3,TRUE,FALSE,0.5,0.1,0.35,5,2,,,,,,,,,,,,,,
J90_2.RCP,1,120.8933368,0.489366055,GA_roulette_two_point_random_heuristic_noLS_withNeighborhood,88,1000,1,50,60,,,,,,random,two_point,heuristic,FALSE,,,,,,,0.9,0.1,roulette,3,TRUE,FALSE,0.5,0.1,0.35,5,2,,,,,,,,,,,,,,
J90_2.RCP,0,118.7115186,0.488301039,GA_roulette_two_point_random_heuristic_noLS_noNeighborhood,88,1000,0,50,60,,,,,,random,two_point,heuristic,FALSE,,,,,,,0.9,0.1,roulette,3,TRUE,FALSE,0.5,0.1,0.35,5,0,,,,,,,,,,,,,,
J90_2.RCP,1,120.8933368,0.489121914,GA_roulette_two_point_random_heuristic_noLS_noNeighborhood,88,1000,1,50,60,,,,,,random,two_point,heuristic,FALSE,,,,,,,0.9,0.1,roulette,3,TRUE,FALSE,0.5,0.1,0.35,5,0,,,,,,,,,,,,,,
J90_2.RCP,0,118.2569731,0.351914883,GA_roulette_two_point_adaptive_random_withLS_withNeighborhood,88,1000,0,50,60,,,,,,adaptive,two_point,random,TRUE,,,,,,,0.9,0.1,roulette,3,TRUE,FALSE,0.5,0.1,0.35,5,2,,,,,,,,,,,,,,
J90_2.RCP,1,125.2797004,0.344183207,GA_roulette_two_point_adaptive_random_withLS_withNeighborhood,88,1000,1,50,60,,,,,,adaptive,two_point,random,TRUE,,,,,,,0.9,0.1,roulette,3,TRUE,FALSE,0.5,0.1,0.35,5,2,,,,,,,,,,,,,,
J90_2.RCP,0,118.2569731,0.342032194,GA_roulette_two_point_adaptive_random_withLS_noNeighborhood,88,1000,0,50,60,,,,,,adaptive,two_point,random,TRUE,,,,,,,0.9,0.1,roulette,3,TRUE,FALSE,0.5,0.1,0.35,5,0,,,,,,,,,,,,,,
J90_2.RCP,1,125.2797004,0.344516993,GA_roulette_two_point_adaptive_random_withLS_noNeighborhood,88,1000,1,50,60,,,,,,adaptive,two_point,random,TRUE,,,,,,,0.9,0.1,roulette,3,TRUE,FALSE,0.5,0.1,0.35,5,0,,,,,,,,,,,,,,
J90_2.RCP,0,115.3706095,0.515141964,GA_roulette_two_point_adaptive_random_noLS_withNeighborhood,88,1000,0,50,60,,,,,,adaptive,two_point,random,FALSE,,,,,,,0.9,0.1,roulette,3,TRUE,FALSE,0.5,0.1,0.35,5,2,,,,,,,,,,,,,,
J90_2.RCP,1,111.5978822,0.520419121,GA_roulette_two_point_adaptive_random_noLS_withNeighborhood,88,1000,1,50,60,,,,,,adaptive,two_point,random,FALSE,,,,,,,0.9,0.1,roulette,3,TRUE,FALSE,0.5,0.1,0.35,5,2,,,,,,,,,,,,,,
J90_2.RCP,0,115.3706095,0.518406868,GA_roulette_two_point_adaptive_random_noLS_noNeighborhood,88,1000,0,50,60,,,,,,adaptive,two_point,random,FALSE,,,,,,,0.9,0.1,roulette,3,TRUE,FALSE,0.5,0.1,0.35,5,0,,,,,,,,,,,,,,
J90_2.RCP,1,111.5978822,0.520539045,GA_roulette_two_point_adaptive_random_noLS_noNeighborhood,88,1000,1,50,60,,,,,,adaptive,two_point,random,FALSE,,,,,,,0.9,0.1,roulette,3,TRUE,FALSE,0.5,0.1,0.35,5,0,,,,,,,,,,,,,,
J90_2.RCP,0,122.825155,0.353848696,GA_roulette_two_point_adaptive_heuristic_withLS_withNeighborhood,88,1000,0,50,60,,,,,,adaptive,two_point,heuristic,TRUE,,,,,,,0.9,0.1,roulette,3,TRUE,FALSE,0.5,0.1,0.35,5,2,,,,,,,,,,,,,,
J90_2.RCP,1,129.1206095,0.355335951,GA_roulette_two_point_adaptive_heuristic_withLS_withNeighborhood,88,1000,1,50,60,,,,,,adaptive,two_point,heuristic,TRUE,,,,,,,0.9,0.1,roulette,3,TRUE,FALSE,0.5,0.1,0.35,5,2,,,,,,,,,,,,,,
J90_2.RCP,0,122.825155,0.350373745,GA_roulette_two_point_adaptive_heuristic_withLS_noNeighborhood,88,1000,0,50,60,,,,,,adaptive,two_point,heuristic,TRUE,,,,,,,0.9,0.1,roulette,3,TRUE,FALSE,0.5,0.1,0.35,5,0,,,,,,,,,,,,,,
J90_2.RCP,1,129.1206095,0.352723122,GA_roulette_two_point_adaptive_heuristic_withLS_noNeighborhood,88,1000,1,50,60,,,,,,adaptive,two_point,heuristic,TRUE,,,,,,,0.9,0.1,roulette,3,TRUE,FALSE,0.5,0.1,0.35,5,0,,,,,,,,,,,,,,
J90_2.RCP,0,112.825155,0.528843164,GA_roulette_two_point_adaptive_heuristic_noLS_withNeighborhood,88,1000,0,50,60,,,,,,adaptive,two_point,heuristic,FALSE,,,,,,,0.9,0.1,roulette,3,TRUE,FALSE,0.5,0.1,0.35,5,2,,,,,,,,,,,,,,
J90_2.RCP,1,120.825155,0.528113365,GA_roulette_two_point_adaptive_heuristic_noLS_withNeighborhood,88,1000,1,50,60,,,,,,adaptive,two_point,heuristic,FALSE,,,,,,,0.9,0.1,roulette,3,TRUE,FALSE,0.5,0.1,0.35,5,2,,,,,,,,,,,,,,
J90_2.RCP,0,112.825155,0.518846989,GA_roulette_two_point_adaptive_heuristic_noLS_noNeighborhood,88,1000,0,50,60,,,,,,adaptive,two_point,heuristic,FALSE,,,,,,,0.9,0.1,roulette,3,TRUE,FALSE,0.5,0.1,0.35,5,0,,,,,,,,,,,,,,
J90_2.RCP,1,120.825155,0.519819975,GA_roulette_two_point_adaptive_heuristic_noLS_noNeighborhood,88,1000,1,50,60,,,,,,adaptive,two_point,heuristic,FALSE,,,,,,,0.9,0.1,roulette,3,TRUE,FALSE,0.5,0.1,0.35,5,0,,,,,,,,,,,,,,
J90_2.RCP,0,128.5297004,6.688004017,GA_roulette_rcx_random_random_withLS_withNeighborhood,88,1000,0,50,60,,,,,,random,rcx,random,TRUE,,,,,,,0.9,0.1,roulette,3,TRUE,FALSE,0.5,0.1,0.35,5,2,,,,,,,,,,,,,,
J90_2.RCP,1,127.1433368,6.826050043,GA_roulette_rcx_random_random_withLS_withNeighborhood,88,1000,1,50,60,,,,,,random,rcx,random,TRUE,,,,,,,0.9,0.1,roulette,3,TRUE,FALSE,0.5,0.1,0.35,5,2,,,,,,,,,,,,,,
J90_2.RCP,0,128.5297004,6.718501091,GA_roulette_rcx_random_random_withLS_noNeighborhood,88,1000,0,50,60,,,,,,random,rcx,random,TRUE,,,,,,,0.9,0.1,roulette,3,TRUE,FALSE,0.5,0.1,0.35,5,0,,,,,,,,,,,,,,
J90_2.RCP,1,127.1433368,6.811517954,GA_roulette_rcx_random_random_withLS_noNeighborhood,88,1000,1,50,60,,,,,,random,rcx,random,TRUE,,,,,,,0.9,0.1,roulette,3,TRUE,FALSE,0.5,0.1,0.35,5,0,,,,,,,,,,,,,,
J90_2.RCP,0,114.8478822,25.72858095,GA_roulette_rcx_random_random_noLS_withNeighborhood,88,1000,0,50,60,,,,,,random,rcx,random,FALSE,,,,,,,0.9,0.1,roulette,3,TRUE,FALSE,0.5,0.1,0.35,5,2,,,,,,,,,,,,,,
J90_2.RCP,1,113.166064,26.0163641,GA_roulette_rcx_random_random_noLS_withNeighborhood,88,1000,1,50,60,,,,,,random,rcx,random,FALSE,,,,,,,0.9,0.1,roulette,3,TRUE,FALSE,0.5,0.1,0.35,5,2,,,,,,,,,,,,,,
J90_2.RCP,0,114.8478822,25.66990781,GA_roulette_rcx_random_random_noLS_noNeighborhood,88,1000,0,50,60,,,,,,random,rcx,random,FALSE,,,,,,,0.9,0.1,roulette,3,TRUE,FALSE,0.5,0.1,0.35,5,0,,,,,,,,,,,,,,
J90_2.RCP,1,113.166064,26.01088214,GA_roulette_rcx_random_random_noLS_noNeighborhood,88,1000,1,50,60,,,,,,random,rcx,random,FALSE,,,,,,,0.9,0.1,roulette,3,TRUE,FALSE,0.5,0.1,0.35,5,0,,,,,,,,,,,,,,
J90_2.RCP,0,123.325155,6.796545029,GA_roulette_rcx_random_heuristic_withLS_withNeighborhood,88,1000,0,50,60,,,,,,random,rcx,heuristic,TRUE,,,,,,,0.9,0.1,roulette,3,TRUE,FALSE,0.5,0.1,0.35,5,2,,,,,,,,,,,,,,
J90_2.RCP,1,125.075155,6.799949884,GA_roulette_rcx_random_heuristic_withLS_withNeighborhood,88,1000,1,50,60,,,,,,random,rcx,heuristic,TRUE,,,,,,,0.9,0.1,roulette,3,TRUE,FALSE,0.5,0.1,0.35,5,2,,,,,,,,,,,,,,
J90_2.RCP,0,123.325155,6.774410963,GA_roulette_rcx_random_heuristic_withLS_noNeighborhood,88,1000,0,50,60,,,,,,random,rcx,heuristic,TRUE,,,,,,,0.9,0.1,roulette,3,TRUE,FALSE,0.5,0.1,0.35,5,0,,,,,,,,,,,,,,
J90_2.RCP,1,125.075155,6.778100967,GA_roulette_rcx_random_heuristic_withLS_noNeighborhood,88,1000,1,50,60,,,,,,random,rcx,heuristic,TRUE,,,,,,,0.9,0.1,roulette,3,TRUE,FALSE,0.5,0.1,0.35,5,0,,,,,,,,,,,,,,
J90_2.RCP,0,108.7797004,26.32960987,GA_roulette_rcx_random_heuristic_noLS_withNeighborhood,88,1000,0,50,60,,,,,,random,rcx,heuristic,FALSE,,,,,,,0.9,0.1,roulette,3,TRUE,FALSE,0.5,0.1,0.35,5,2,,,,,,,,,,,,,,
J90_2.RCP,1,120.325155,25.84865403,GA_roulette_rcx_random_heuristic_noLS_withNeighborhood,88,1000,1,50,60,,,,,,random,rcx,heuristic,FALSE,,,,,,,0.9,0.1,roulette,3,TRUE,FALSE,0.5,0.1,0.35,5,2,,,,,,,,,,,,,,
J90_2.RCP,0,108.7797004,26.23494601,GA_roulette_rcx_random_heuristic_noLS_noNeighborhood,88,1000,0,50,60,,,,,,random,rcx,heuristic,FALSE,,,,,,,0.9,0.1,roulette,3,TRUE,FALSE,0.5,0.1,0.35,5,0,,,,,,,,,,,,,,
J90_2.RCP,1,120.325155,25.81160188,GA_roulette_rcx_random_heuristic_noLS_noNeighborhood,88,1000,1,50,60,,,,,,random,rcx,heuristic,FALSE,,,,,,,0.9,0.1,roulette,3,TRUE,FALSE,0.5,0.1,0.35,5,0,,,,,,,,,,,,,,
J90_2.RCP,0,123.4387913,6.767554998,GA_roulette_rcx_adaptive_random_withLS_withNeighborhood,88,1000,0,50,60,,,,,,adaptive,rcx,random,TRUE,,,,,,,0.9,0.1,roulette,3,TRUE,FALSE,0.5,0.1,0.35,5,2,,,,,,,,,,,,,,
J90_2.RCP,1,122.5069731,6.372437,GA_roulette_rcx_adaptive_random_withLS_withNeighborhood,88,1000,1,50,60,,,,,,adaptive,rcx,random,TRUE,,,,,,,0.9,0.1,roulette,3,TRUE,FALSE,0.5,0.1,0.35,5,2,,,,,,,,,,,,,,
J90_2.RCP,0,123.4387913,6.788723946,GA_roulette_rcx_adaptive_random_withLS_noNeighborhood,88,1000,0,50,60,,,,,,adaptive,rcx,random,TRUE,,,,,,,0.9,0.1,roulette,3,TRUE,FALSE,0.5,0.1,0.35,5,0,,,,,,,,,,,,,,
J90_2.RCP,1,122.5069731,6.371290922,GA_roulette_rcx_adaptive_random_withLS_noNeighborhood,88,1000,1,50,60,,,,,,adaptive,rcx,random,TRUE,,,,,,,0.9,0.1,roulette,3,TRUE,FALSE,0.5,0.1,0.35,5,0,,,,,,,,,,,,,,
J90_2.RCP,0,116.8478822,25.62519217,GA_roulette_rcx_adaptive_random_noLS_withNeighborhood,88,1000,0,50,60,,,,,,adaptive,rcx,random,FALSE,,,,,,,0.9,0.1,roulette,3,TRUE,FALSE,0.5,0.1,0.35,5,2,,,,,,,,,,,,,,
J90_2.RCP,1,114.7569731,25.08775616,GA_roulette_rcx_adaptive_random_noLS_withNeighborhood,88,1000,1,50,60,,,,,,adaptive,rcx,random,FALSE,,,,,,,0.9,0.1,roulette,3,TRUE,FALSE,0.5,0.1,0.35,5,2,,,,,,,,,,,,,,
J90_2.RCP,0,116.8478822,25.52325797,GA_roulette_rcx_adaptive_random_noLS_noNeighborhood,88,1000,0,50,60,,,,,,adaptive,rcx,random,FALSE,,,,,,,0.9,0.1,roulette,3,TRUE,FALSE,0.5,0.1,0.35,5,0,,,,,,,,,,,,,,
J90_2.RCP,1,114.7569731,25.06078482,GA_roulette_rcx_adaptive_random_noLS_noNeighborhood,88,1000,1,50,60,,,,,,adaptive,rcx,random,FALSE,,,,,,,0.9,0.1,roulette,3,TRUE,FALSE,0.5,0.1,0.35,5,0,,,,,,,,,,,,,,
J90_2.RCP,0,123.325155,6.434293985,GA_roulette_rcx_adaptive_heuristic_withLS_withNeighborhood,88,1000,0,50,60,,,,,,adaptive,rcx,heuristic,TRUE,,,,,,,0.9,0.1,roulette,3,TRUE,FALSE,0.5,0.1,0.35,5,2,,,,,,,,,,,,,,
J90_2.RCP,1,115.1887913,6.562226057,GA_roulette_rcx_adaptive_heuristic_withLS_withNeighborhood,88,1000,1,50,60,,,,,,adaptive,rcx,heuristic,TRUE,,,,,,,0.9,0.1,roulette,3,TRUE,FALSE,0.5,0.1,0.35,5,2,,,,,,,,,,,,,,
J90_2.RCP,0,123.325155,6.443134069,GA_roulette_rcx_adaptive_heuristic_withLS_noNeighborhood,88,1000,0,50,60,,,,,,adaptive,rcx,heuristic,TRUE,,,,,,,0.9,0.1,roulette,3,TRUE,FALSE,0.5,0.1,0.35,5,0,,,,,,,,,,,,,,
J90_2.RCP,1,115.1887913,6.546786785,GA_roulette_rcx_adaptive_heuristic_withLS_noNeighborhood,88,1000,1,50,60,,,,,,adaptive,rcx,heuristic,TRUE,,,,,,,0.9,0.1,roulette,3,TRUE,FALSE,0.5,0.1,0.35,5,0,,,,,,,,,,,,,,
J90_2.RCP,0,117.4615186,25.29174685,GA_roulette_rcx_adaptive_heuristic_noLS_withNeighborhood,88,1000,0,50,60,,,,,,adaptive,rcx,heuristic,FALSE,,,,,,,0.9,0.1,roulette,3,TRUE,FALSE,0.5,0.1,0.35,5,2,,,,,,,,,,,,,,
J90_2.RCP,1,115.1887913,25.42539477,GA_roulette_rcx_adaptive_heuristic_noLS_withNeighborhood,88,1000,1,50,60,,,,,,adaptive,rcx,heuristic,FALSE,,,,,,,0.9,0.1,roulette,3,TRUE,FALSE,0.5,0.1,0.35,5,2,,,,,,,,,,,,,,
J90_2.RCP,0,117.4615186,25.26901984,GA_roulette_rcx_adaptive_heuristic_noLS_noNeighborhood,88,1000,0,50,60,,,,,,adaptive,rcx,heuristic,FALSE,,,,,,,0.9,0.1,roulette,3,TRUE,FALSE,0.5,0.1,0.35,5,0,,,,,,,,,,,,,,
J90_2.RCP,1,115.1887913,25.33366704,GA_roulette_rcx_adaptive_heuristic_noLS_noNeighborhood,88,1000,1,50,60,,,,,,adaptive,rcx,heuristic,FALSE,,,,,,,0.9,0.1,roulette,3,TRUE,FALSE,0.5,0.1,0.35,5,0,,,,,,,,,,,,,,
J90_2.RCP,0,122.5297004,0.3376472,GA_roulette_hybrid_random_random_withLS_withNeighborhood,88,1000,0,50,60,,,,,,random,hybrid,random,TRUE,,,,,,,0.9,0.1,roulette,3,TRUE,FALSE,0.5,0.1,0.35,5,2,,,,,,,,,,,,,,
J90_2.RCP,1,127.1433368,0.335479021,GA_roulette_hybrid_random_random_withLS_withNeighborhood,88,1000,1,50,60,,,,,,random,hybrid,random,TRUE,,,,,,,0.9,0.1,roulette,3,TRUE,FALSE,0.5,0.1,0.35,5,2,,,,,,,,,,,,,,
J90_2.RCP,0,122.5297004,0.334771395,GA_roulette_hybrid_random_random_withLS_noNeighborhood,88,1000,0,50,60,,,,,,random,hybrid,random,TRUE,,,,,,,0.9,0.1,roulette,3,TRUE,FALSE,0.5,0.1,0.35,5,0,,,,,,,,,,,,,,
J90_2.RCP,1,127.1433368,0.338088989,GA_roulette_hybrid_random_random_withLS_noNeighborhood,88,1000,1,50,60,,,,,,random,hybrid,random,TRUE,,,,,,,0.9,0.1,roulette,3,TRUE,FALSE,0.5,0.1,0.35,5,0,,,,,,,,,,,,,,
J90_2.RCP,0,122.1887913,0.483882189,GA_roulette_hybrid_random_random_noLS_withNeighborhood,88,1000,0,50,60,,,,,,random,hybrid,random,FALSE,,,,,,,0.9,0.1,roulette,3,TRUE,FALSE,0.5,0.1,0.35,5,2,,,,,,,,,,,,,,
J90_2.RCP,1,117.2115186,0.480625153,GA_roulette_hybrid_random_random_noLS_withNeighborhood,88,1000,1,50,60,,,,,,random,hybrid,random,FALSE,,,,,,,0.9,0.1,roulette,3,TRUE,FALSE,0.5,0.1,0.35,5,2,,,,,,,,,,,,,,
J90_2.RCP,0,122.1887913,0.478875875,GA_roulette_hybrid_random_random_noLS_noNeighborhood,88,1000,0,50,60,,,,,,random,hybrid,random,FALSE,,,,,,,0.9,0.1,roulette,3,TRUE,FALSE,0.5,0.1,0.35,5,0,,,,,,,,,,,,,,
J90_2.RCP,1,117.2115186,0.484155178,GA_roulette_hybrid_random_random_noLS_noNeighborhood,88,1000,1,50,60,,,,,,random,hybrid,random,FALSE,,,,,,,0.9,0.1,roulette,3,TRUE,FALSE,0.5,0.1,0.35,5,0,,,,,,,,,,,,,,
J90_2.RCP,0,123.325155,0.339632034,GA_roulette_hybrid_random_heuristic_withLS_withNeighborhood,88,1000,0,50,60,,,,,,random,hybrid,heuristic,TRUE,,,,,,,0.9,0.1,roulette,3,TRUE,FALSE,0.5,0.1,0.35,5,2,,,,,,,,,,,,,,
J90_2.RCP,1,131.7569731,0.338984251,GA_roulette_hybrid_random_heuristic_withLS_withNeighborhood,88,1000,1,50,60,,,,,,random,hybrid,heuristic,TRUE,,,,,,,0.9,0.1,roulette,3,TRUE,FALSE,0.5,0.1,0.35,5,2,,,,,,,,,,,,,,
J90_2.RCP,0,123.325155,0.340805054,GA_roulette_hybrid_random_heuristic_withLS_noNeighborhood,88,1000,0,50,60,,,,,,random,hybrid,heuristic,TRUE,,,,,,,0.9,0.1,roulette,3,TRUE,FALSE,0.5,0.1,0.35,5,0,,,,,,,,,,,,,,
J90_2.RCP,1,131.7569731,0.339894056,GA_roulette_hybrid_random_heuristic_withLS_noNeighborhood,88,1000,1,50,60,,,,,,random,hybrid,heuristic,TRUE,,,,,,,0.9,0.1,roulette,3,TRUE,FALSE,0.5,0.1,0.35,5,0,,,,,,,,,,,,,,
J90_2.RCP,0,114.2342459,0.48435998,GA_roulette_hybrid_random_heuristic_noLS_withNeighborhood,88,1000,0,50,60,,,,,,random,hybrid,heuristic,FALSE,,,,,,,0.9,0.1,roulette,3,TRUE,FALSE,0.5,0.1,0.35,5,2,,,,,,,,,,,,,,
J90_2.RCP,1,117.8706095,0.483458996,GA_roulette_hybrid_random_heuristic_noLS_withNeighborhood,88,1000,1,50,60,,,,,,random,hybrid,heuristic,FALSE,,,,,,,0.9,0.1,roulette,3,TRUE,FALSE,0.5,0.1,0.35,5,2,,,,,,,,,,,,,,
J90_2.RCP,0,114.2342459,0.482321024,GA_roulette_hybrid_random_heuristic_noLS_noNeighborhood,88,1000,0,50,60,,,,,,random,hybrid,heuristic,FALSE,,,,,,,0.9,0.1,roulette,3,TRUE,FALSE,0.5,0.1,0.35,5,0,,,,,,,,,,,,,,
J90_2.RCP,1,117.8706095,0.482040882,GA_roulette_hybrid_random_heuristic_noLS_noNeighborhood,88,1000,1,50,60,,,,,,random,hybrid,heuristic,FALSE,,,,,,,0.9,0.1,roulette,3,TRUE,FALSE,0.5,0.1,0.35,5,0,,,,,,,,,,,,,,
J90_2.RCP,0,128.5297004,0.34710288,GA_roulette_hybrid_adaptive_random_withLS_withNeighborhood,88,1000,0,50,60,,,,,,adaptive,hybrid,random,TRUE,,,,,,,0.9,0.1,roulette,3,TRUE,FALSE,0.5,0.1,0.35,5,2,,,,,,,,,,,,,,
J90_2.RCP,1,125.825155,0.34149313,GA_roulette_hybrid_adaptive_random_withLS_withNeighborhood,88,1000,1,50,60,,,,,,adaptive,hybrid,random,TRUE,,,,,,,0.9,0.1,roulette,3,TRUE,FALSE,0.5,0.1,0.35,5,2,,,,,,,,,,,,,,
J90_2.RCP,0,128.5297004,0.347268105,GA_roulette_hybrid_adaptive_random_withLS_noNeighborhood,88,1000,0,50,60,,,,,,adaptive,hybrid,random,TRUE,,,,,,,0.9,0.1,roulette,3,TRUE,FALSE,0.5,0.1,0.35,5,0,,,,,,,,,,,,,,
J90_2.RCP,1,125.825155,0.344449043,GA_roulette_hybrid_adaptive_random_withLS_noNeighborhood,88,1000,1,50,60,,,,,,adaptive,hybrid,random,TRUE,,,,,,,0.9,0.1,roulette,3,TRUE,FALSE,0.5,0.1,0.35,5,0,,,,,,,,,,,,,,
J90_2.RCP,0,115.0978822,0.511717081,GA_roulette_hybrid_adaptive_random_noLS_withNeighborhood,88,1000,0,50,60,,,,,,adaptive,hybrid,random,FALSE,,,,,,,0.9,0.1,roulette,3,TRUE,FALSE,0.5,0.1,0.35,5,2,,,,,,,,,,,,,,
J90_2.RCP,1,123.0978822,0.510257244,GA_roulette_hybrid_adaptive_random_noLS_withNeighborhood,88,1000,1,50,60,,,,,,adaptive,hybrid,random,FALSE,,,,,,,0.9,0.1,roulette,3,TRUE,FALSE,0.5,0.1,0.35,5,2,,,,,,,,,,,,,,
J90_2.RCP,0,115.0978822,0.510285139,GA_roulette_hybrid_adaptive_random_noLS_noNeighborhood,88,1000,0,50,60,,,,,,adaptive,hybrid,random,FALSE,,,,,,,0.9,0.1,roulette,3,TRUE,FALSE,0.5,0.1,0.35,5,0,,,,,,,,,,,,,,
J90_2.RCP,1,123.0978822,0.509954929,GA_roulette_hybrid_adaptive_random_noLS_noNeighborhood,88,1000,1,50,60,,,,,,adaptive,hybrid,random,FALSE,,,,,,,0.9,0.1,roulette,3,TRUE,FALSE,0.5,0.1,0.35,5,0,,,,,,,,,,,,,,
J90_2.RCP,0,123.325155,0.34645009,GA_roulette_hybrid_adaptive_heuristic_withLS_withNeighborhood,88,1000,0,50,60,,,,,,adaptive,hybrid,heuristic,TRUE,,,,,,,0.9,0.1,roulette,3,TRUE,FALSE,0.5,0.1,0.35,5,2,,,,,,,,,,,,,,
J90_2.RCP,1,127.1206095,0.347619057,GA_roulette_hybrid_adaptive_heuristic_withLS_withNeighborhood,88,1000,1,50,60,,,,,,adaptive,hybrid,heuristic,TRUE,,,,,,,0.9,0.1,roulette,3,TRUE,FALSE,0.5,0.1,0.35,5,2,,,,,,,,,,,,,,
J90_2.RCP,0,123.325155,0.345083952,GA_roulette_hybrid_adaptive_heuristic_withLS_noNeighborhood,88,1000,0,50,60,,,,,,adaptive,hybrid,heuristic,TRUE,,,,,,,0.9,0.1,roulette,3,TRUE,FALSE,0.5,0.1,0.35,5,0,,,,,,,,,,,,,,
J90_2.RCP,1,127.1206095,0.346742153,GA_roulette_hybrid_adaptive_heuristic_withLS_noNeighborhood,88,1000,1,50,60,,,,,,adaptive,hybrid,heuristic,TRUE,,,,,,,0.9,0.1,roulette,3,TRUE,FALSE,0.5,0.1,0.35,5,0,,,,,,,,,,,,,,
J90_2.RCP,0,115.7797004,0.510784149,GA_roulette_hybrid_adaptive_heuristic_noLS_withNeighborhood,88,1000,0,50,60,,,,,,adaptive,hybrid,heuristic,FALSE,,,,,,,0.9,0.1,roulette,3,TRUE,FALSE,0.5,0.1,0.35,5,2,,,,,,,,,,,,,,
J90_2.RCP,1,121.325155,0.509535313,GA_roulette_hybrid_adaptive_heuristic_noLS_withNeighborhood,88,1000,1,50,60,,,,,,adaptive,hybrid,heuristic,FALSE,,,,,,,0.9,0.1,roulette,3,TRUE,FALSE,0.5,0.1,0.35,5,2,,,,,,,,,,,,,,
J90_2.RCP,0,115.7797004,0.511717796,GA_roulette_hybrid_adaptive_heuristic_noLS_noNeighborhood,88,1000,0,50,60,,,,,,adaptive,hybrid,heuristic,FALSE,,,,,,,0.9,0.1,roulette,3,TRUE,FALSE,0.5,0.1,0.35,5,0,,,,,,,,,,,,,,
J90_2.RCP,1,121.325155,0.51077795,GA_roulette_hybrid_adaptive_heuristic_noLS_noNeighborhood,88,1000,1,50,60,,,,,,adaptive,hybrid,heuristic,FALSE,,,,,,,0.9,0.1,roulette,3,TRUE,FALSE,0.5,0.1,0.35,5,0,,,,,,,,,,,,,,
J90_2.RCP,0,117.2569731,0.336596966,GA_tournament_single_point_random_random_withLS_withNeighborhood,88,1000,0,50,60,,,,,,random,single_point,random,TRUE,,,,,,,0.9,0.1,tournament,3,TRUE,FALSE,0.5,0.1,0.35,5,2,,,,,,,,,,,,,,
J90_2.RCP,1,105.8024277,0.337523937,GA_tournament_single_point_random_random_withLS_withNeighborhood,88,1000,1,50,60,,,,,,random,single_point,random,TRUE,,,,,,,0.9,0.1,tournament,3,TRUE,FALSE,0.5,0.1,0.35,5,2,,,,,,,,,,,,,,
J90_2.RCP,0,117.2569731,0.337073803,GA_tournament_single_point_random_random_withLS_noNeighborhood,88,1000,0,50,60,,,,,,random,single_point,random,TRUE,,,,,,,0.9,0.1,tournament,3,TRUE,FALSE,0.5,0.1,0.35,5,0,,,,,,,,,,,,,,
J90_2.RCP,1,105.8024277,0.336230993,GA_tournament_single_point_random_random_withLS_noNeighborhood,88,1000,1,50,60,,,,,,random,single_point,random,TRUE,,,,,,,0.9,0.1,tournament,3,TRUE,FALSE,0.5,0.1,0.35,5,0,,,,,,,,,,,,,,
J90_2.RCP,0,93.23424587,0.488270998,GA_tournament_single_point_random_random_noLS_withNeighborhood,88,1000,0,50,60,,,,,,random,single_point,random,FALSE,,,,,,,0.9,0.1,tournament,3,TRUE,FALSE,0.5,0.1,0.35,5,2,,,,,,,,,,,,,,
J90_2.RCP,1,98.30242769,0.487065792,GA_tournament_single_point_random_random_noLS_withNeighborhood,88,1000,1,50,60,,,,,,random,single_point,random,FALSE,,,,,,,0.9,0.1,tournament,3,TRUE,FALSE,0.5,0.1,0.35,5,2,,,,,,,,,,,,,,
J90_2.RCP,0,93.23424587,0.483400822,GA_tournament_single_point_random_random_noLS_noNeighborhood,88,1000,0,50,60,,,,,,random,single_point,random,FALSE,,,,,,,0.9,0.1,tournament,3,TRUE,FALSE,0.5,0.1,0.35,5,0,,,,,,,,,,,,,,
J90_2.RCP,1,98.30242769,0.484859943,GA_tournament_single_point_random_random_noLS_noNeighborhood,88,1000,1,50,60,,,,,,random,single_point,random,FALSE,,,,,,,0.9,0.1,tournament,3,TRUE,FALSE,0.5,0.1,0.35,5,0,,,,,,,,,,,,,,
J90_2.RCP,0,118.916064,0.338459969,GA_tournament_single_point_random_heuristic_withLS_withNeighborhood,88,1000,0,50,60,,,,,,random,single_point,heuristic,TRUE,,,,,,,0.9,0.1,tournament,3,TRUE,FALSE,0.5,0.1,0.35,5,2,,,,,,,,,,,,,,
J90_2.RCP,1,112.0297004,0.339926004,GA_tournament_single_point_random_heuristic_withLS_withNeighborhood,88,1000,1,50,60,,,,,,random,single_point,heuristic,TRUE,,,,,,,0.9,0.1,tournament,3,TRUE,FALSE,0.5,0.1,0.35,5,2,,,,,,,,,,,,,,
J90_2.RCP,0,118.916064,0.337247133,GA_tournament_single_point_random_heuristic_withLS_noNeighborhood,88,1000,0,50,60,,,,,,random,single_point,heuristic,TRUE,,,,,,,0.9,0.1,tournament,3,TRUE,FALSE,0.5,0.1,0.35,5,0,,,,,,,,,,,,,,
J90_2.RCP,1,112.0297004,0.341056108,GA_tournament_single_point_random_heuristic_withLS_noNeighborhood,88,1000,1,50,60,,,,,,random,single_point,heuristic,TRUE,,,,,,,0.9,0.1,tournament,3,TRUE,FALSE,0.5,0.1,0.35,5,0,,,,,,,,,,,,,,
J90_2.RCP,0,94.75697314,0.488061905,GA_tournament_single_point_random_heuristic_noLS_withNeighborhood,88,1000,0,50,60,,,,,,random,single_point,heuristic,FALSE,,,,,,,0.9,0.1,tournament,3,TRUE,FALSE,0.5,0.1,0.35,5,2,,,,,,,,,,,,,,
J90_2.RCP,1,100.2569731,0.488844156,GA_tournament_single_point_random_heuristic_noLS_withNeighborhood,88,1000,1,50,60,,,,,,random,single_point,heuristic,FALSE,,,,,,,0.9,0.1,tournament,3,TRUE,FALSE,0.5,0.1,0.35,5,2,,,,,,,,,,,,,,
J90_2.RCP,0,94.75697314,0.496252775,GA_tournament_single_point_random_heuristic_noLS_noNeighborhood,88,1000,0,50,60,,,,,,random,single_point,heuristic,FALSE,,,,,,,0.9,0.1,tournament,3,TRUE,FALSE,0.5,0.1,0.35,5,0,,,,,,,,,,,,,,
J90_2.RCP,1,100.2569731,0.489592075,GA_tournament_single_point_random_heuristic_noLS_noNeighborhood,88,1000,1,50,60,,,,,,random,single_point,heuristic,FALSE,,,,,,,0.9,0.1,tournament,3,TRUE,FALSE,0.5,0.1,0.35,5,0,,,,,,,,,,,,,,
J90_2.RCP,0,116.325155,0.344644308,GA_tournament_single_point_adaptive_random_withLS_withNeighborhood,88,1000,0,50,60,,,,,,adaptive,single_point,random,TRUE,,,,,,,0.9,0.1,tournament,3,TRUE,FALSE,0.5,0.1,0.35,5,2,,,,,,,,,,,,,,
J90_2.RCP,1,116.8478822,0.346315861,GA_tournament_single_point_adaptive_random_withLS_withNeighborhood,88,1000,1,50,60,,,,,,adaptive,single_point,random,TRUE,,,,,,,0.9,0.1,tournament,3,TRUE,FALSE,0.5,0.1,0.35,5,2,,,,,,,,,,,,,,
J90_2.RCP,0,116.325155,0.341990948,GA_tournament_single_point_adaptive_random_withLS_noNeighborhood,88,1000,0,50,60,,,,,,adaptive,single_point,random,TRUE,,,,,,,0.9,0.1,tournament,3,TRUE,FALSE,0.5,0.1,0.35,5,0,,,,,,,,,,,,,,
J90_2.RCP,1,116.8478822,0.344718933,GA_tournament_single_point_adaptive_random_withLS_noNeighborhood,88,1000,1,50,60,,,,,,adaptive,single_point,random,TRUE,,,,,,,0.9,0.1,tournament,3,TRUE,FALSE,0.5,0.1,0.35,5,0,,,,,,,,,,,,,,
J90_2.RCP,0,103.5069731,0.513286829,GA_tournament_single_point_adaptive_random_noLS_withNeighborhood,88,1000,0,50,60,,,,,,adaptive,single_point,random,FALSE,,,,,,,0.9,0.1,tournament,3,TRUE,FALSE,0.5,0.1,0.35,5,2,,,,,,,,,,,,,,
J90_2.RCP,1,96.84788223,0.517707825,GA_tournament_single_point_adaptive_random_noLS_withNeighborhood,88,1000,1,50,60,,,,,,adaptive,single_point,random,FALSE,,,,,,,0.9,0.1,tournament,3,TRUE,FALSE,0.5,0.1,0.35,5,2,,,,,,,,,,,,,,
J90_2.RCP,0,103.5069731,0.515501022,GA_tournament_single_point_adaptive_random_noLS_noNeighborhood,88,1000,0,50,60,,,,,,adaptive,single_point,random,FALSE,,,,,,,0.9,0.1,tournament,3,TRUE,FALSE,0.5,0.1,0.35,5,0,,,,,,,,,,,,,,
J90_2.RCP,1,96.84788223,0.51609993,GA_tournament_single_point_adaptive_random_noLS_noNeighborhood,88,1000,1,50,60,,,,,,adaptive,single_point,random,FALSE,,,,,,,0.9,0.1,tournament,3,TRUE,FALSE,0.5,0.1,0.35,5,0,,,,,,,,,,,,,,
J90_2.RCP,0,107.4842459,0.345453262,GA_tournament_single_point_adaptive_heuristic_withLS_withNeighborhood,88,1000,0,50,60,,,,,,adaptive,single_point,heuristic,TRUE,,,,,,,0.9,0.1,tournament,3,TRUE,FALSE,0.5,0.1,0.35,5,2,,,,,,,,,,,,,,
J90_2.RCP,1,113.7797004,0.344599962,GA_tournament_single_point_adaptive_heuristic_withLS_withNeighborhood,88,1000,1,50,60,,,,,,adaptive,single_point,heuristic,TRUE,,,,,,,0.9,0.1,tournament,3,TRUE,FALSE,0.5,0.1,0.35,5,2,,,,,,,,,,,,,,
J90_2.RCP,0,107.4842459,0.346637249,GA_tournament_single_point_adaptive_heuristic_withLS_noNeighborhood,88,1000,0,50,60,,,,,,adaptive,single_point,heuristic,TRUE,,,,,,,0.9,0.1,tournament,3,TRUE,FALSE,0.5,0.1,0.35,5,0,,,,,,,,,,,,,,
J90_2.RCP,1,113.7797004,0.347686052,GA_tournament_single_point_adaptive_heuristic_withLS_noNeighborhood,88,1000,1,50,60,,,,,,adaptive,single_point,heuristic,TRUE,,,,,,,0.9,0.1,tournament,3,TRUE,FALSE,0.5,0.1,0.35,5,0,,,,,,,,,,,,,,
J90_2.RCP,0,100.2342459,0.517736912,GA_tournament_single_point_adaptive_heuristic_noLS_withNeighborhood,88,1000,0,50,60,,,,,,adaptive,single_point,heuristic,FALSE,,,,,,,0.9,0.1,tournament,3,TRUE,FALSE,0.5,0.1,0.35,5,2,,,,,,,,,,,,,,
J90_2.RCP,1,106.5297004,0.516881943,GA_tournament_single_point_adaptive_heuristic_noLS_withNeighborhood,88,1000,1,50,60,,,,,,adaptive,single_point,heuristic,FALSE,,,,,,,0.9,0.1,tournament,3,TRUE,FALSE,0.5,0.1,0.35,5,2,,,,,,,,,,,,,,
J90_2.RCP,0,100.2342459,0.52016902,GA_tournament_single_point_adaptive_heuristic_noLS_noNeighborhood,88,1000,0,50,60,,,,,,adaptive,single_point,heuristic,FALSE,,,,,,,0.9,0.1,tournament,3,TRUE,FALSE,0.5,0.1,0.35,5,0,,,,,,,,,,,,,,
J90_2.RCP,1,106.5297004,0.516010761,GA_tournament_single_point_adaptive_heuristic_noLS_noNeighborhood,88,1000,1,50,60,,,,,,adaptive,single_point,heuristic,FALSE,,,,,,,0.9,0.1,tournament,3,TRUE,FALSE,0.5,0.1,0.35,5,0,,,,,,,,,,,,,,
J90_2.RCP,0,111.1433368,0.337475061,GA_tournament_two_point_random_random_withLS_withNeighborhood,88,1000,0,50,60,,,,,,random,two_point,random,TRUE,,,,,,,0.9,0.1,tournament,3,TRUE,FALSE,0.5,0.1,0.35,5,2,,,,,,,,,,,,,,
J90_2.RCP,1,112.3024277,0.338160753,GA_tournament_two_point_random_random_withLS_withNeighborhood,88,1000,1,50,60,,,,,,random,two_point,random,TRUE,,,,,,,0.9,0.1,tournament,3,TRUE,FALSE,0.5,0.1,0.35,5,2,,,,,,,,,,,,,,
J90_2.RCP,0,111.1433368,0.336410999,GA_tournament_two_point_random_random_withLS_noNeighborhood,88,1000,0,50,60,,,,,,random,two_point,random,TRUE,,,,,,,0.9,0.1,tournament,3,TRUE,FALSE,0.5,0.1,0.35,5,0,,,,,,,,,,,,,,
J90_2.RCP,1,112.3024277,0.337268829,GA_tournament_two_point_random_random_withLS_noNeighborhood,88,1000,1,50,60,,,,,,random,two_point,random,TRUE,,,,,,,0.9,0.1,tournament,3,TRUE,FALSE,0.5,0.1,0.35,5,0,,,,,,,,,,,,,,
J90_2.RCP,0,92.4615186,0.486644983,GA_tournament_two_point_random_random_noLS_withNeighborhood,88,1000,0,50,60,,,,,,random,two_point,random,FALSE,,,,,,,0.9,0.1,tournament,3,TRUE,FALSE,0.5,0.1,0.35,5,2,,,,,,,,,,,,,,
J90_2.RCP,1,90.91606405,0.487935066,GA_tournament_two_point_random_random_noLS_withNeighborhood,88,1000,1,50,60,,,,,,random,two_point,random,FALSE,,,,,,,0.9,0.1,tournament,3,TRUE,FALSE,0.5,0.1,0.35,5,2,,,,,,,,,,,,,,
J90_2.RCP,0,92.4615186,0.48484087,GA_tournament_two_point_random_random_noLS_noNeighborhood,88,1000,0,50,60,,,,,,random,two_point,random,FALSE,,,,,,,0.9,0.1,tournament,3,TRUE,FALSE,0.5,0.1,0.35,5,0,,,,,,,,,,,,,,
J90_2.RCP,1,90.91606405,0.486032009,GA_tournament_two_point_random_random_noLS_noNeighborhood,88,1000,1,50,60,,,,,,random,two_point,random,FALSE,,,,,,,0.9,0.1,tournament,3,TRUE,FALSE,0.5,0.1,0.35,5,0,,,,,,,,,,,,,,
J90_2.RCP,0,114.8024277,0.341141939,GA_tournament_two_point_random_heuristic_withLS_withNeighborhood,88,1000,0,50,60,,,,,,random,two_point,heuristic,TRUE,,,,,,,0.9,0.1,tournament,3,TRUE,FALSE,0.5,0.1,0.35,5,2,,,,,,,,,,,,,,
J90_2.RCP,1,112.3024277,0.340841055,GA_tournament_two_point_random_heuristic_withLS_withNeighborhood,88,1000,1,50,60,,,,,,random,two_point,heuristic,TRUE,,,,,,,0.9,0.1,tournament,3,TRUE,FALSE,0.5,0.1,0.35,5,2,,,,,,,,,,,,,,
J90_2.RCP,0,114.8024277,0.339461088,GA_tournament_two_point_random_heuristic_withLS_noNeighborhood,88,1000,0,50,60,,,,,,random,two_point,heuristic,TRUE,,,,,,,0.9,0.1,tournament,3,TRUE,FALSE,0.5,0.1,0.35,5,0,,,,,,,,,,,,,,
J90_2.RCP,1,112.3024277,0.33923316,GA_tournament_two_point_random_heuristic_withLS_noNeighborhood,88,1000,1,50,60,,,,,,random,two_point,heuristic,TRUE,,,,,,,0.9,0.1,tournament,3,TRUE,FALSE,0.5,0.1,0.35,5,0,,,,,,,,,,,,,,
J90_2.RCP,0,96.1206095,0.48903513,GA_tournament_two_point_random_heuristic_noLS_withNeighborhood,88,1000,0,50,60,,,,,,random,two_point,heuristic,FALSE,,,,,,,0.9,0.1,tournament,3,TRUE,FALSE,0.5,0.1,0.35,5,2,,,,,,,,,,,,,,
J90_2.RCP,1,91.82515496,0.490992785,GA_tournament_two_point_random_heuristic_noLS_withNeighborhood,88,1000,1,50,60,,,,,,random,two_point,heuristic,FALSE,,,,,,,0.9,0.1,tournament,3,TRUE,FALSE,0.5,0.1,0.35,5,2,,,,,,,,,,,,,,
J90_2.RCP,0,96.1206095,0.495283127,GA_tournament_two_point_random_heuristic_noLS_noNeighborhood,88,1000,0,50,60,,,,,,random,two_point,heuristic,FALSE,,,,,,,0.9,0.1,tournament,3,TRUE,FALSE,0.5,0.1,0.35,5,0,,,,,,,,,,,,,,
J90_2.RCP,1,91.82515496,0.496798038,GA_tournament_two_point_random_heuristic_noLS_noNeighborhood,88,1000,1,50,60,,,,,,random,two_point,heuristic,FALSE,,,,,,,0.9,0.1,tournament,3,TRUE,FALSE,0.5,0.1,0.35,5,0,,,,,,,,,,,,,,
J90_2.RCP,0,113.825155,0.344527006,GA_tournament_two_point_adaptive_random_withLS_withNeighborhood,88,1000,0,50,60,,,,,,adaptive,two_point,random,TRUE,,,,,,,0.9,0.1,tournament,3,TRUE,FALSE,0.5,0.1,0.35,5,2,,,,,,,,,,,,,,
J90_2.RCP,1,113.3933368,0.343621016,GA_tournament_two_point_adaptive_random_withLS_withNeighborhood,88,1000,1,50,60,,,,,,adaptive,two_point,random,TRUE,,,,,,,0.9,0.1,tournament,3,TRUE,FALSE,0.5,0.1,0.35,5,2,,,,,,,,,,,,,,
J90_2.RCP,0,113.825155,0.344934702,GA_tournament_two_point_adaptive_random_withLS_noNeighborhood,88,1000,0,50,60,,,,,,adaptive,two_point,random,TRUE,,,,,,,0.9,0.1,tournament,3,TRUE,FALSE,0.5,0.1,0.35,5,0,,,,,,,,,,,,,,
J90_2.RCP,1,113.3933368,0.344292879,GA_tournament_two_point_adaptive_random_withLS_noNeighborhood,88,1000,1,50,60,,,,,,adaptive,two_point,random,TRUE,,,,,,,0.9,0.1,tournament,3,TRUE,FALSE,0.5,0.1,0.35,5,0,,,,,,,,,,,,,,
J90_2.RCP,0,102.7569731,0.513888121,GA_tournament_two_point_adaptive_random_noLS_withNeighborhood,88,1000,0,50,60,,,,,,adaptive,two_point,random,FALSE,,,,,,,0.9,0.1,tournament,3,TRUE,FALSE,0.5,0.1,0.35,5,2,,,,,,,,,,,,,,
J90_2.RCP,1,103.416064,0.513448954,GA_tournament_two_point_adaptive_random_noLS_withNeighborhood,88,1000,1,50,60,,,,,,adaptive,two_point,random,FALSE,,,,,,,0.9,0.1,tournament,3,TRUE,FALSE,0.5,0.1,0.35,5,2,,,,,,,,,,,,,,
J90_2.RCP,0,102.7569731,0.516577005,GA_tournament_two_point_adaptive_random_noLS_noNeighborhood,88,1000,0,50,60,,,,,,adaptive,two_point,random,FALSE,,,,,,,0.9,0.1,tournament,3,TRUE,FALSE,0.5,0.1,0.35,5,0,,,,,,,,,,,,,,
J90_2.RCP,1,103.416064,0.514302015,GA_tournament_two_point_adaptive_random_noLS_noNeighborhood,88,1000,1,50,60,,,,,,adaptive,two_point,random,FALSE,,,,,,,0.9,0.1,tournament,3,TRUE,FALSE,0.5,0.1,0.35,5,0,,,,,,,,,,,,,,
J90_2.RCP,0,111.1206095,0.35248208,GA_tournament_two_point_adaptive_heuristic_withLS_withNeighborhood,88,1000,0,50,60,,,,,,adaptive,two_point,heuristic,TRUE,,,,,,,0.9,0.1,tournament,3,TRUE,FALSE,0.5,0.1,0.35,5,2,,,,,,,,,,,,,,
J90_2.RCP,1,113.416064,0.347988844,GA_tournament_two_point_adaptive_heuristic_withLS_withNeighborhood,88,1000,1,50,60,,,,,,adaptive,two_point,heuristic,TRUE,,,,,,,0.9,0.1,tournament,3,TRUE,FALSE,0.5,0.1,0.35,5,2,,,,,,,,,,,,,,
J90_2.RCP,0,111.1206095,0.346326113,GA_tournament_two_point_adaptive_heuristic_withLS_noNeighborhood,88,1000,0,50,60,,,,,,adaptive,two_point,heuristic,TRUE,,,,,,,0.9,0.1,tournament,3,TRUE,FALSE,0.5,0.1,0.35,5,0,,,,,,,,,,,,,,
J90_2.RCP,1,113.416064,0.348761797,GA_tournament_two_point_adaptive_heuristic_withLS_noNeighborhood,88,1000,1,50,60,,,,,,adaptive,two_point,heuristic,TRUE,,,,,,,0.9,0.1,tournament,3,TRUE,FALSE,0.5,0.1,0.35,5,0,,,,,,,,,,,,,,
J90_2.RCP,0,98.8706095,0.521883965,GA_tournament_two_point_adaptive_heuristic_noLS_withNeighborhood,88,1000,0,50,60,,,,,,adaptive,two_point,heuristic,FALSE,,,,,,,0.9,0.1,tournament,3,TRUE,FALSE,0.5,0.1,0.35,5,2,,,,,,,,,,,,,,
J90_2.RCP,1,103.2569731,0.518500805,GA_tournament_two_point_adaptive_heuristic_noLS_withNeighborhood,88,1000,1,50,60,,,,,,adaptive,two_point,heuristic,FALSE,,,,,,,0.9,0.1,tournament,3,TRUE,FALSE,0.5,0.1,0.35,5,2,,,,,,,,,,,,,,
J90_2.RCP,0,98.8706095,0.518839836,GA_tournament_two_point_adaptive_heuristic_noLS_noNeighborhood,88,1000,0,50,60,,,,,,adaptive,two_point,heuristic,FALSE,,,,,,,0.9,0.1,tournament,3,TRUE,FALSE,0.5,0.1,0.35,5,0,,,,,,,,,,,,,,
J90_2.RCP,1,103.2569731,0.522170067,GA_tournament_two_point_adaptive_heuristic_noLS_noNeighborhood,88,1000,1,50,60,,,,,,adaptive,two_point,heuristic,FALSE,,,,,,,0.9,0.1,tournament,3,TRUE,FALSE,0.5,0.1,0.35,5,0,,,,,,,,,,,,,,
J90_2.RCP,0,103.166064,3.269791842,GA_tournament_rcx_random_random_withLS_withNeighborhood,88,1000,0,50,60,,,,,,random,rcx,random,TRUE,,,,,,,0.9,0.1,tournament,3,TRUE,FALSE,0.5,0.1,0.35,5,2,,,,,,,,,,,,,,
J90_2.RCP,1,108.416064,3.501899004,GA_tournament_rcx_random_random_withLS_withNeighborhood,88,1000,1,50,60,,,,,,random,rcx,random,TRUE,,,,,,,0.9,0.1,tournament,3,TRUE,FALSE,0.5,0.1,0.35,5,2,,,,,,,,,,,,,,
J90_2.RCP,0,103.166064,3.274474382,GA_tournament_rcx_random_random_withLS_noNeighborhood,88,1000,0,50,60,,,,,,random,rcx,random,TRUE,,,,,,,0.9,0.1,tournament,3,TRUE,FALSE,0.5,0.1,0.35,5,0,,,,,,,,,,,,,,
J90_2.RCP,1,108.416064,3.503334284,GA_tournament_rcx_random_random_withLS_noNeighborhood,88,1000,1,50,60,,,,,,random,rcx,random,TRUE,,,,,,,0.9,0.1,tournament,3,TRUE,FALSE,0.5,0.1,0.35,5,0,,,,,,,,,,,,,,
J90_2.RCP,0,90.73424587,12.31095314,GA_tournament_rcx_random_random_noLS_withNeighborhood,88,1000,0,50,60,,,,,,random,rcx,random,FALSE,,,,,,,0.9,0.1,tournament,3,TRUE,FALSE,0.5,0.1,0.35,5,2,,,,,,,,,,,,,,
J90_2.RCP,1,93.7115186,12.58161092,GA_tournament_rcx_random_random_noLS_withNeighborhood,88,1000,1,50,60,,,,,,random,rcx,random,FALSE,,,,,,,0.9,0.1,tournament,3,TRUE,FALSE,0.5,0.1,0.35,5,2,,,,,,,,,,,,,,
J90_2.RCP,0,90.73424587,12.33116293,GA_tournament_rcx_random_random_noLS_noNeighborhood,88,1000,0,50,60,,,,,,random,rcx,random,FALSE,,,,,,,0.9,0.1,tournament,3,TRUE,FALSE,0.5,0.1,0.35,5,0,,,,,,,,,,,,,,
J90_2.RCP,1,93.7115186,12.60642624,GA_tournament_rcx_random_random_noLS_noNeighborhood,88,1000,1,50,60,,,,,,random,rcx,random,FALSE,,,,,,,0.9,0.1,tournament,3,TRUE,FALSE,0.5,0.1,0.35,5,0,,,,,,,,,,,,,,
J90_2.RCP,0,109.8706095,3.342505932,GA_tournament_rcx_random_heuristic_withLS_withNeighborhood,88,1000,0,50,60,,,,,,random,rcx,heuristic,TRUE,,,,,,,0.9,0.1,tournament,3,TRUE,FALSE,0.5,0.1,0.35,5,2,,,,,,,,,,,,,,
J90_2.RCP,1,112.9615186,3.465477943,GA_tournament_rcx_random_heuristic_withLS_withNeighborhood,88,1000,1,50,60,,,,,,random,rcx,heuristic,TRUE,,,,,,,0.9,0.1,tournament,3,TRUE,FALSE,0.5,0.1,0.35,5,2,,,,,,,,,,,,,,
J90_2.RCP,0,109.8706095,3.351035833,GA_tournament_rcx_random_heuristic_withLS_noNeighborhood,88,1000,0,50,60,,,,,,random,rcx,heuristic,TRUE,,,,,,,0.9,0.1,tournament,3,TRUE,FALSE,0.5,0.1,0.35,5,0,,,,,,,,,,,,,,
J90_2.RCP,1,112.9615186,3.485892773,GA_tournament_rcx_random_heuristic_withLS_noNeighborhood,88,1000,1,50,60,,,,,,random,rcx,heuristic,TRUE,,,,,,,0.9,0.1,tournament,3,TRUE,FALSE,0.5,0.1,0.35,5,0,,,,,,,,,,,,,,
J90_2.RCP,0,91.77970041,12.83203125,GA_tournament_rcx_random_heuristic_noLS_withNeighborhood,88,1000,0,50,60,,,,,,random,rcx,heuristic,FALSE,,,,,,,0.9,0.1,tournament,3,TRUE,FALSE,0.5,0.1,0.35,5,2,,,,,,,,,,,,,,
J90_2.RCP,1,104.075155,12.84045696,GA_tournament_rcx_random_heuristic_noLS_withNeighborhood,88,1000,1,50,60,,,,,,random,rcx,heuristic,FALSE,,,,,,,0.9,0.1,tournament,3,TRUE,FALSE,0.5,0.1,0.35,5,2,,,,,,,,,,,,,,
J90_2.RCP,0,91.77970041,12.8520782,GA_tournament_rcx_random_heuristic_noLS_noNeighborhood,88,1000,0,50,60,,,,,,random,rcx,heuristic,FALSE,,,,,,,0.9,0.1,tournament,3,TRUE,FALSE,0.5,0.1,0.35,5,0,,,,,,,,,,,,,,
J90_2.RCP,1,104.075155,12.81226373,GA_tournament_rcx_random_heuristic_noLS_noNeighborhood,88,1000,1,50,60,,,,,,random,rcx,heuristic,FALSE,,,,,,,0.9,0.1,tournament,3,TRUE,FALSE,0.5,0.1,0.35,5,0,,,,,,,,,,,,,,
J90_2.RCP,0,113.3933368,3.523700953,GA_tournament_rcx_adaptive_random_withLS_withNeighborhood,88,1000,0,50,60,,,,,,adaptive,rcx,random,TRUE,,,,,,,0.9,0.1,tournament,3,TRUE,FALSE,0.5,0.1,0.35,5,2,,,,,,,,,,,,,,
J90_2.RCP,1,115.7115186,3.467889786,GA_tournament_rcx_adaptive_random_withLS_withNeighborhood,88,1000,1,50,60,,,,,,adaptive,rcx,random,TRUE,,,,,,,0.9,0.1,tournament,3,TRUE,FALSE,0.5,0.1,0.35,5,2,,,,,,,,,,,,,,
J90_2.RCP,0,113.3933368,3.532624006,GA_tournament_rcx_adaptive_random_withLS_noNeighborhood,88,1000,0,50,60,,,,,,adaptive,rcx,random,TRUE,,,,,,,0.9,0.1,tournament,3,TRUE,FALSE,0.5,0.1,0.35,5,0,,,,,,,,,,,,,,
J90_2.RCP,1,115.7115186,3.455980778,GA_tournament_rcx_adaptive_random_withLS_noNeighborhood,88,1000,1,50,60,,,,,,adaptive,rcx,random,TRUE,,,,,,,0.9,0.1,tournament,3,TRUE,FALSE,0.5,0.1,0.35,5,0,,,,,,,,,,,,,,
J90_2.RCP,0,104.916064,13.13379812,GA_tournament_rcx_adaptive_random_noLS_withNeighborhood,88,1000,0,50,60,,,,,,adaptive,rcx,random,FALSE,,,,,,,0.9,0.1,tournament,3,TRUE,FALSE,0.5,0.1,0.35,5,2,,,,,,,,,,,,,,
J90_2.RCP,1,100.1433368,12.98028207,GA_tournament_rcx_adaptive_random_noLS_withNeighborhood,88,1000,1,50,60,,,,,,adaptive,rcx,random,FALSE,,,,,,,0.9,0.1,tournament,3,TRUE,FALSE,0.5,0.1,0.35,5,2,,,,,,,,,,,,,,
J90_2.RCP,0,104.916064,13.12043691,GA_tournament_rcx_adaptive_random_noLS_noNeighborhood,88,1000,0,50,60,,,,,,adaptive,rcx,random,FALSE,,,,,,,0.9,0.1,tournament,3,TRUE,FALSE,0.5,0.1,0.35,5,0,,,,,,,,,,,,,,
J90_2.RCP,1,100.1433368,12.98471403,GA_tournament_rcx_adaptive_random_noLS_noNeighborhood,88,1000,1,50,60,,,,,,adaptive,rcx,random,FALSE,,,,,,,0.9,0.1,tournament,3,TRUE,FALSE,0.5,0.1,0.35,5,0,,,,,,,,,,,,,,
J90_2.RCP,0,110.5297004,3.350278139,GA_tournament_rcx_adaptive_heuristic_withLS_withNeighborhood,88,1000,0,50,60,,,,,,adaptive,rcx,heuristic,TRUE,,,,,,,0.9,0.1,tournament,3,TRUE,FALSE,0.5,0.1,0.35,5,2,,,,,,,,,,,,,,
J90_2.RCP,1,114.7115186,3.386111975,GA_tournament_rcx_adaptive_heuristic_withLS_withNeighborhood,88,1000,1,50,60,,,,,,adaptive,rcx,heuristic,TRUE,,,,,,,0.9,0.1,tournament,3,TRUE,FALSE,0.5,0.1,0.35,5,2,,,,,,,,,,,,,,
J90_2.RCP,0,110.5297004,3.348167896,GA_tournament_rcx_adaptive_heuristic_withLS_noNeighborhood,88,1000,0,50,60,,,,,,adaptive,rcx,heuristic,TRUE,,,,,,,0.9,0.1,tournament,3,TRUE,FALSE,0.5,0.1,0.35,5,0,,,,,,,,,,,,,,
J90_2.RCP,1,114.7115186,3.397519112,GA_tournament_rcx_adaptive_heuristic_withLS_noNeighborhood,88,1000,1,50,60,,,,,,adaptive,rcx,heuristic,TRUE,,,,,,,0.9,0.1,tournament,3,TRUE,FALSE,0.5,0.1,0.35,5,0,,,,,,,,,,,,,,
J90_2.RCP,0,103.825155,12.98152208,GA_tournament_rcx_adaptive_heuristic_noLS_withNeighborhood,88,1000,0,50,60,,,,,,adaptive,rcx,heuristic,FALSE,,,,,,,0.9,0.1,tournament,3,TRUE,FALSE,0.5,0.1,0.35,5,2,,,,,,,,,,,,,,
J90_2.RCP,1,102.3706095,13.15214586,GA_tournament_rcx_adaptive_heuristic_noLS_withNeighborhood,88,1000,1,50,60,,,,,,adaptive,rcx,heuristic,FALSE,,,,,,,0.9,0.1,tournament,3,TRUE,FALSE,0.5,0.1,0.35,5,2,,,,,,,,,,,,,,
J90_2.RCP,0,103.825155,12.98356462,GA_tournament_rcx_adaptive_heuristic_noLS_noNeighborhood,88,1000,0,50,60,,,,,,adaptive,rcx,heuristic,FALSE,,,,,,,0.9,0.1,tournament,3,TRUE,FALSE,0.5,0.1,0.35,5,0,,,,,,,,,,,,,,
J90_2.RCP,1,102.3706095,13.12848902,GA_tournament_rcx_adaptive_heuristic_noLS_noNeighborhood,88,1000,1,50,60,,,,,,adaptive,rcx,heuristic,FALSE,,,,,,,0.9,0.1,tournament,3,TRUE,FALSE,0.5,0.1,0.35,5,0,,,,,,,,,,,,,,
J90_2.RCP,0,116.0297004,1.907979012,GA_tournament_hybrid_random_random_withLS_withNeighborhood,88,1000,0,50,60,,,,,,random,hybrid,random,TRUE,,,,,,,0.9,0.1,tournament,3,TRUE,FALSE,0.5,0.1,0.35,5,2,,,,,,,,,,,,,,
J90_2.RCP,1,110.8024277,1.995541096,GA_tournament_hybrid_random_random_withLS_withNeighborhood,88,1000,1,50,60,,,,,,random,hybrid,random,TRUE,,,,,,,0.9,0.1,tournament,3,TRUE,FALSE,0.5,0.1,0.35,5,2,,,,,,,,,,,,,,
J90_2.RCP,0,116.0297004,1.90977788,GA_tournament_hybrid_random_random_withLS_noNeighborhood,88,1000,0,50,60,,,,,,random,hybrid,random,TRUE,,,,,,,0.9,0.1,tournament,3,TRUE,FALSE,0.5,0.1,0.35,5,0,,,,,,,,,,,,,,
J90_2.RCP,1,110.8024277,1.989991903,GA_tournament_hybrid_random_random_withLS_noNeighborhood,88,1000,1,50,60,,,,,,random,hybrid,random,TRUE,,,,,,,0.9,0.1,tournament,3,TRUE,FALSE,0.5,0.1,0.35,5,0,,,,,,,,,,,,,,
J90_2.RCP,0,99.6206095,6.98020196,GA_tournament_hybrid_random_random_noLS_withNeighborhood,88,1000,0,50,60,,,,,,random,hybrid,random,FALSE,,,,,,,0.9,0.1,tournament,3,TRUE,FALSE,0.5,0.1,0.35,5,2,,,,,,,,,,,,,,
J90_2.RCP,1,97.09788223,6.880988121,GA_tournament_hybrid_random_random_noLS_withNeighborhood,88,1000,1,50,60,,,,,,random,hybrid,random,FALSE,,,,,,,0.9,0.1,tournament,3,TRUE,FALSE,0.5,0.1,0.35,5,2,,,,,,,,,,,,,,
J90_2.RCP,0,99.6206095,7.053174734,GA_tournament_hybrid_random_random_noLS_noNeighborhood,88,1000,0,50,60,,,,,,random,hybrid,random,FALSE,,,,,,,0.9,0.1,tournament,3,TRUE,FALSE,0.5,0.1,0.35,5,0,,,,,,,,,,,,,,
J90_2.RCP,1,97.09788223,6.868175983,GA_tournament_hybrid_random_random_noLS_noNeighborhood,88,1000,1,50,60,,,,,,random,hybrid,random,FALSE,,,,,,,0.9,0.1,tournament,3,TRUE,FALSE,0.5,0.1,0.35,5,0,,,,,,,,,,,,,,
J90_2.RCP,0,105.6433368,2.063385248,GA_tournament_hybrid_random_heuristic_withLS_withNeighborhood,88,1000,0,50,60,,,,,,random,hybrid,heuristic,TRUE,,,,,,,0.9,0.1,tournament,3,TRUE,FALSE,0.5,0.1,0.35,5,2,,,,,,,,,,,,,,
J90_2.RCP,1,120.7569731,1.908425808,GA_tournament_hybrid_random_heuristic_withLS_withNeighborhood,88,1000,1,50,60,,,,,,random,hybrid,heuristic,TRUE,,,,,,,0.9,0.1,tournament,3,TRUE,FALSE,0.5,0.1,0.35,5,2,,,,,,,,,,,,,,
J90_2.RCP,0,105.6433368,2.030611038,GA_tournament_hybrid_random_heuristic_withLS_noNeighborhood,88,1000,0,50,60,,,,,,random,hybrid,heuristic,TRUE,,,,,,,0.9,0.1,tournament,3,TRUE,FALSE,0.5,0.1,0.35,5,0,,,,,,,,,,,,,,
J90_2.RCP,1,120.7569731,1.877291918,GA_tournament_hybrid_random_heuristic_withLS_noNeighborhood,88,1000,1,50,60,,,,,,random,hybrid,heuristic,TRUE,,,,,,,0.9,0.1,tournament,3,TRUE,FALSE,0.5,0.1,0.35,5,0,,,,,,,,,,,,,,
J90_2.RCP,0,93.43879132,7.093255043,GA_tournament_hybrid_random_heuristic_noLS_withNeighborhood,88,1000,0,50,60,,,,,,random,hybrid,heuristic,FALSE,,,,,,,0.9,0.1,tournament,3,TRUE,FALSE,0.5,0.1,0.35,5,2,,,,,,,,,,,,,,
J90_2.RCP,1,98.05242769,6.761554241,GA_tournament_hybrid_random_heuristic_noLS_withNeighborhood,88,1000,1,50,60,,,,,,random,hybrid,heuristic,FALSE,,,,,,,0.9,0.1,tournament,3,TRUE,FALSE,0.5,0.1,0.35,5,2,,,,,,,,,,,,,,
J90_2.RCP,0,93.43879132,7.088557959,GA_tournament_hybrid_random_heuristic_noLS_noNeighborhood,88,1000,0,50,60,,,,,,random,hybrid,heuristic,FALSE,,,,,,,0.9,0.1,tournament,3,TRUE,FALSE,0.5,0.1,0.35,5,0,,,,,,,,,,,,,,
J90_2.RCP,1,98.05242769,6.750854969,GA_tournament_hybrid_random_heuristic_noLS_noNeighborhood,88,1000,1,50,60,,,,,,random,hybrid,heuristic,FALSE,,,,,,,0.9,0.1,tournament,3,TRUE,FALSE,0.5,0.1,0.35,5,0,,,,,,,,,,,,,,
J90_2.RCP,0,116.575155,1.903309107,GA_tournament_hybrid_adaptive_random_withLS_withNeighborhood,88,1000,0,50,60,,,,,,adaptive,hybrid,random,TRUE,,,,,,,0.9,0.1,tournament,3,TRUE,FALSE,0.5,0.1,0.35,5,2,,,,,,,,,,,,,,
J90_2.RCP,1,116.7797004,2.075690985,GA_tournament_hybrid_adaptive_random_withLS_withNeighborhood,88,1000,1,50,60,,,,,,adaptive,hybrid,random,TRUE,,,,,,,0.9,0.1,tournament,3,TRUE,FALSE,0.5,0.1,0.35,5,2,,,,,,,,,,,,,,
J90_2.RCP,0,116.575155,1.9061656,GA_tournament_hybrid_adaptive_random_withLS_noNeighborhood,88,1000,0,50,60,,,,,,adaptive,hybrid,random,TRUE,,,,,,,0.9,0.1,tournament,3,TRUE,FALSE,0.5,0.1,0.35,5,0,,,,,,,,,,,,,,
J90_2.RCP,1,116.7797004,2.080490112,GA_tournament_hybrid_adaptive_random_withLS_noNeighborhood,88,1000,1,50,60,,,,,,adaptive,hybrid,random,TRUE,,,,,,,0.9,0.1,tournament,3,TRUE,FALSE,0.5,0.1,0.35,5,0,,,,,,,,,,,,,,
J90_2.RCP,0,106.7797004,6.874846935,GA_tournament_hybrid_adaptive_random_noLS_withNeighborhood,88,1000,0,50,60,,,,,,adaptive,hybrid,random,FALSE,,,,,,,0.9,0.1,tournament,3,TRUE,FALSE,0.5,0.1,0.35,5,2,,,,,,,,,,,,,,
J90_2.RCP,1,98.84788223,6.893010855,GA_tournament_hybrid_adaptive_random_noLS_withNeighborhood,88,1000,1,50,60,,,,,,adaptive,hybrid,random,FALSE,,,,,,,0.9,0.1,tournament,3,TRUE,FALSE,0.5,0.1,0.35,5,2,,,,,,,,,,,,,,
J90_2.RCP,0,106.7797004,6.86613369,GA_tournament_hybrid_adaptive_random_noLS_noNeighborhood,88,1000,0,50,60,,,,,,adaptive,hybrid,random,FALSE,,,,,,,0.9,0.1,tournament,3,TRUE,FALSE,0.5,0.1,0.35,5,0,,,,,,,,,,,,,,
J90_2.RCP,1,98.84788223,6.873358965,GA_tournament_hybrid_adaptive_random_noLS_noNeighborhood,88,1000,1,50,60,,,,,,adaptive,hybrid,random,FALSE,,,,,,,0.9,0.1,tournament,3,TRUE,FALSE,0.5,0.1,0.35,5,0,,,,,,,,,,,,,,
J90_2.RCP,0,122.0297004,1.937365055,GA_tournament_hybrid_adaptive_heuristic_withLS_withNeighborhood,88,1000,0,50,60,,,,,,adaptive,hybrid,heuristic,TRUE,,,,,,,0.9,0.1,tournament,3,TRUE,FALSE,0.5,0.1,0.35,5,2,,,,,,,,,,,,,,
J90_2.RCP,1,114.3933368,1.894189119,GA_tournament_hybrid_adaptive_heuristic_withLS_withNeighborhood,88,1000,1,50,60,,,,,,adaptive,hybrid,heuristic,TRUE,,,,,,,0.9,0.1,tournament,3,TRUE,FALSE,0.5,0.1,0.35,5,2,,,,,,,,,,,,,,
J90_2.RCP,0,122.0297004,1.937625885,GA_tournament_hybrid_adaptive_heuristic_withLS_noNeighborhood,88,1000,0,50,60,,,,,,adaptive,hybrid,heuristic,TRUE,,,,,,,0.9,0.1,tournament,3,TRUE,FALSE,0.5,0.1,0.35,5,0,,,,,,,,,,,,,,
J90_2.RCP,1,114.3933368,1.88730526,GA_tournament_hybrid_adaptive_heuristic_withLS_noNeighborhood,88,1000,1,50,60,,,,,,adaptive,hybrid,heuristic,TRUE,,,,,,,0.9,0.1,tournament,3,TRUE,FALSE,0.5,0.1,0.35,5,0,,,,,,,,,,,,,,
J90_2.RCP,0,104.166064,7.071346045,GA_tournament_hybrid_adaptive_heuristic_noLS_withNeighborhood,88,1000,0,50,60,,,,,,adaptive,hybrid,heuristic,FALSE,,,,,,,0.9,0.1,tournament,3,TRUE,FALSE,0.5,0.1,0.35,5,2,,,,,,,,,,,,,,
J90_2.RCP,1,97.34788223,6.798094988,GA_tournament_hybrid_adaptive_heuristic_noLS_withNeighborhood,88,1000,1,50,60,,,,,,adaptive,hybrid,heuristic,FALSE,,,,,,,0.9,0.1,tournament,3,TRUE,FALSE,0.5,0.1,0.35,5,2,,,,,,,,,,,,,,
J90_2.RCP,0,104.166064,7.019076109,GA_tournament_hybrid_adaptive_heuristic_noLS_noNeighborhood,88,1000,0,50,60,,,,,,adaptive,hybrid,heuristic,FALSE,,,,,,,0.9,0.1,tournament,3,TRUE,FALSE,0.5,0.1,0.35,5,0,,,,,,,,,,,,,,
J90_2.RCP,1,97.34788223,6.793156862,GA_tournament_hybrid_adaptive_heuristic_noLS_noNeighborhood,88,1000,1,50,60,,,,,,adaptive,hybrid,heuristic,FALSE,,,,,,,0.9,0.1,tournament,3,TRUE,FALSE,0.5,0.1,0.35,5,0,,,,,,,,,,,,,,
J90_2.RCP,0,137.0524277,0.283414125,SA_default,88,1000,0,,60,,,,,,,,,,,,,,,,,,,,,,,,,,,10000,0.995,10,,,,,,,,,,,
J90_2.RCP,1,132.2569731,0.281947136,SA_default,88,1000,1,,60,,,,,,,,,,,,,,,,,,,,,,,,,,,10000,0.995,10,,,,,,,,,,,
J90_2.RCP,0,159.6433368,0.275876045,ILS_strength3,88,1000,0,,60,100,,,,,,,,,,,,,,,,,,,,,,,,,,,,,3,,,,,,,,,,
J90_2.RCP,1,159.9615186,0.277043104,ILS_strength3,88,1000,1,,60,100,,,,,,,,,,,,,,,,,,,,,,,,,,,,,3,,,,,,,,,,
J90_2.RCP,0,159.6433368,0.28299284,ILS_strength5,88,1000,0,,60,100,,,,,,,,,,,,,,,,,,,,,,,,,,,,,5,,,,,,,,,,
J90_2.RCP,1,159.9615186,0.279720068,ILS_strength5,88,1000,1,,60,100,,,,,,,,,,,,,,,,,,,,,,,,,,,,,5,,,,,,,,,,
J90_2.RCP,0,159.6433368,0.279151917,ILS_strength7,88,1000,0,,60,100,,,,,,,,,,,,,,,,,,,,,,,,,,,,,7,,,,,,,,,,
J90_2.RCP,1,159.9615186,0.277576923,ILS_strength7,88,1000,1,,60,100,,,,,,,,,,,,,,,,,,,,,,,,,,,,,7,,,,,,,,,,
J90_2.RCP,0,159.6433368,0.278372049,ILS_strength10,88,1000,0,,60,100,,,,,,,,,,,,,,,,,,,,,,,,,,,,,10,,,,,,,,,,
J90_2.RCP,1,159.9615186,0.277516127,ILS_strength10,88,1000,1,,60,100,,,,,,,,,,,,,,,,,,,,,,,,,,,,,10,,,,,,,,,,
J90_2.RCP,0,159.6433368,0.277769804,ILS_strength15,88,1000,0,,60,100,,,,,,,,,,,,,,,,,,,,,,,,,,,,,15,,,,,,,,,,
J90_2.RCP,1,159.9615186,0.277842045,ILS_strength15,88,1000,1,,60,100,,,,,,,,,,,,,,,,,,,,,,,,,,,,,15,,,,,,,,,,
J90_2.RCP,0,72.2115186,0.285554886,TS_static,88,1000,0,,60,100,,,,,,,,,,,,,,,,,,,,,,,,,20,,,,,10,TRUE,static,1,4,10,,,,
J90_2.RCP,1,87.57515496,0.284597874,TS_static,88,1000,1,,60,100,,,,,,,,,,,,,,,,,,,,,,,,,20,,,,,10,TRUE,static,1,4,10,,,,
J90_2.RCP,0,72.2115186,0.283283949,TS_dynamic,88,1000,0,,60,100,,,,,,,,,,,,,,,,,,,,,,,,,20,,,,,10,TRUE,dynamic,1,4,10,,,,
J90_2.RCP,1,87.57515496,0.284213066,TS_dynamic,88,1000,1,,60,100,,,,,,,,,,,,,,,,,,,,,,,,,20,,,,,10,TRUE,dynamic,1,4,10,,,,
J90_2.RCP,0,156.666064,0.338818073,PR_forward_best_withLS,88,1000,0,,60,100,,,,,,,,TRUE,,,,,,,,,best,,,,,,,,,,,,,,,,,,,10,forward,50,
J90_2.RCP,1,115.7797004,0.338546991,PR_forward_best_withLS,88,1000,1,,60,100,,,,,,,,TRUE,,,,,,,,,best,,,,,,,,,,,,,,,,,,,10,forward,50,
J90_2.RCP,0,127.575155,0.159154177,PR_forward_best_noLS,88,1000,0,,60,100,,,,,,,,FALSE,,,,,,,,,best,,,,,,,,,,,,,,,,,,,10,forward,50,
J90_2.RCP,1,116.0524277,0.121342897,PR_forward_best_noLS,88,1000,1,,60,100,,,,,,,,FALSE,,,,,,,,,best,,,,,,,,,,,,,,,,,,,10,forward,50,
J90_2.RCP,0,147.0297004,0.339591026,PR_backward_best_withLS,88,1000,0,,60,100,,,,,,,,TRUE,,,,,,,,,best,,,,,,,,,,,,,,,,,,,10,backward,50,
J90_2.RCP,1,134.1433368,0.340512037,PR_backward_best_withLS,88,1000,1,,60,100,,,,,,,,TRUE,,,,,,,,,best,,,,,,,,,,,,,,,,,,,10,backward,50,
J90_2.RCP,0,139.5524277,0.109416962,PR_backward_best_noLS,88,1000,0,,60,100,,,,,,,,FALSE,,,,,,,,,best,,,,,,,,,,,,,,,,,,,10,backward,50,
J90_2.RCP,1,138.575155,0.147202015,PR_backward_best_noLS,88,1000,1,,60,100,,,,,,,,FALSE,,,,,,,,,best,,,,,,,,,,,,,,,,,,,10,backward,50,
J90_2.RCP,0,128.5297004,2.344192982,GSA_default,88,1000,0,50,60,100,,,,,,,random,,,,,,,,,,,,TRUE,,20,,,,,,,,,,,,,,,,,,100
J90_2.RCP,1,127.1433368,2.346595049,GSA_default,88,1000,1,50,60,100,,,,,,,random,,,,,,,,,,,,TRUE,,20,,,,,,,,,,,,,,,,,,100
j120_1.rcp,0,176.8148148,0.484191895,DE_rand/1_adaptiveF_bin_adaptiveCR_withLS,99,1000,0,50,60,100,0.1,0.9,TRUE,TRUE,rand/1,bin,random,TRUE,5,0.3,1.5,0.3,1,1,,,,,,,,,,,,,,,,,,,,,,,,,
j120_1.rcp,1,181.3804714,0.484704971,DE_rand/1_adaptiveF_bin_adaptiveCR_withLS,99,1000,1,50,60,100,0.1,0.9,TRUE,TRUE,rand/1,bin,random,TRUE,5,0.3,1.5,0.3,1,1,,,,,,,,,,,,,,,,,,,,,,,,,
j120_1.rcp,0,190.8956229,0.482407808,DE_rand/1_adaptiveF_bin_adaptiveCR_noLS,99,1000,0,50,60,100,0.1,0.9,TRUE,TRUE,rand/1,bin,random,FALSE,5,0.3,1.5,0.3,1,1,,,,,,,,,,,,,,,,,,,,,,,,,
j120_1.rcp,1,180.6734007,0.479443073,DE_rand/1_adaptiveF_bin_adaptiveCR_noLS,99,1000,1,50,60,100,0.1,0.9,TRUE,TRUE,rand/1,bin,random,FALSE,5,0.3,1.5,0.3,1,1,,,,,,,,,,,,,,,,,,,,,,,,,
j120_1.rcp,0,161.5420875,0.485580921,DE_rand/1_adaptiveF_bin_fixedCR_withLS,99,1000,0,50,60,100,0.1,0.9,TRUE,FALSE,rand/1,bin,random,TRUE,5,0.3,1.5,0.3,1,1,,,,,,,,,,,,,,,,,,,,,,,,,
j120_1.rcp,1,175.3400673,0.482200861,DE_rand/1_adaptiveF_bin_fixedCR_withLS,99,1000,1,50,60,100,0.1,0.9,TRUE,FALSE,rand/1,bin,random,TRUE,5,0.3,1.5,0.3,1,1,,,,,,,,,,,,,,,,,,,,,,,,,
j120_1.rcp,0,170.8754209,0.479540825,DE_rand/1_adaptiveF_bin_fixedCR_noLS,99,1000,0,50,60,100,0.1,0.9,TRUE,FALSE,rand/1,bin,random,FALSE,5,0.3,1.5,0.3,1,1,,,,,,,,,,,,,,,,,,,,,,,,,
j120_1.rcp,1,167.0572391,0.482688904,DE_rand/1_adaptiveF_bin_fixedCR_noLS,99,1000,1,50,60,100,0.1,0.9,TRUE,FALSE,rand/1,bin,random,FALSE,5,0.3,1.5,0.3,1,1,,,,,,,,,,,,,,,,,,,,,,,,,
j120_1.rcp,0,199.9057239,0.486716986,DE_rand/1_adaptiveF_exp_adaptiveCR_withLS,99,1000,0,50,60,100,0.1,0.9,TRUE,TRUE,rand/1,exp,random,TRUE,5,0.3,1.5,0.3,1,1,,,,,,,,,,,,,,,,,,,,,,,,,
j120_1.rcp,1,197.6430976,0.486299038,DE_rand/1_adaptiveF_exp_adaptiveCR_withLS,99,1000,1,50,60,100,0.1,0.9,TRUE,TRUE,rand/1,exp,random,TRUE,5,0.3,1.5,0.3,1,1,,,,,,,,,,,,,,,,,,,,,,,,,
j120_1.rcp,0,161.5420875,0.479635954,DE_rand/1_adaptiveF_exp_adaptiveCR_noLS,99,1000,0,50,60,100,0.1,0.9,TRUE,TRUE,rand/1,exp,random,FALSE,5,0.3,1.5,0.3,1,1,,,,,,,,,,,,,,,,,,,,,,,,,
j120_1.rcp,1,200.4713805,0.483340979,DE_rand/1_adaptiveF_exp_adaptiveCR_noLS,99,1000,1,50,60,100,0.1,0.9,TRUE,TRUE,rand/1,exp,random,FALSE,5,0.3,1.5,0.3,1,1,,,,,,,,,,,,,,,,,,,,,,,,,
j120_1.rcp,0,174.5925926,0.484173059,DE_rand/1_adaptiveF_exp_fixedCR_withLS,99,1000,0,50,60,100,0.1,0.9,TRUE,FALSE,rand/1,exp,random,TRUE,5,0.3,1.5,0.3,1,1,,,,,,,,,,,,,,,,,,,,,,,,,
j120_1.rcp,1,182.996633,0.48529911,DE_rand/1_adaptiveF_exp_fixedCR_withLS,99,1000,1,50,60,100,0.1,0.9,TRUE,FALSE,rand/1,exp,random,TRUE,5,0.3,1.5,0.3,1,1,,,,,,,,,,,,,,,,,,,,,,,,,
j120_1.rcp,0,145.8249158,0.479106903,DE_rand/1_adaptiveF_exp_fixedCR_noLS,99,1000,0,50,60,100,0.1,0.9,TRUE,FALSE,rand/1,exp,random,FALSE,5,0.3,1.5,0.3,1,1,,,,,,,,,,,,,,,,,,,,,,,,,
j120_1.rcp,1,166.1885522,0.48149395,DE_rand/1_adaptiveF_exp_fixedCR_noLS,99,1000,1,50,60,100,0.1,0.9,TRUE,FALSE,rand/1,exp,random,FALSE,5,0.3,1.5,0.3,1,1,,,,,,,,,,,,,,,,,,,,,,,,,
j120_1.rcp,0,176.8148148,0.510418892,DE_rand/1_fixedF_bin_adaptiveCR_withLS,99,1000,0,50,60,100,0.1,0.9,FALSE,TRUE,rand/1,bin,random,TRUE,5,0.3,1.5,0.3,1,1,,,,,,,,,,,,,,,,,,,,,,,,,
j120_1.rcp,1,197.6632997,0.510225058,DE_rand/1_fixedF_bin_adaptiveCR_withLS,99,1000,1,50,60,100,0.1,0.9,FALSE,TRUE,rand/1,bin,random,TRUE,5,0.3,1.5,0.3,1,1,,,,,,,,,,,,,,,,,,,,,,,,,
j120_1.rcp,0,190.6531987,0.504766941,DE_rand/1_fixedF_bin_adaptiveCR_noLS,99,1000,0,50,60,100,0.1,0.9,FALSE,TRUE,rand/1,bin,random,FALSE,5,0.3,1.5,0.3,1,1,,,,,,,,,,,,,,,,,,,,,,,,,
j120_1.rcp,1,196.9158249,0.502906799,DE_rand/1_fixedF_bin_adaptiveCR_noLS,99,1000,1,50,60,100,0.1,0.9,FALSE,TRUE,rand/1,bin,random,FALSE,5,0.3,1.5,0.3,1,1,,,,,,,,,,,,,,,,,,,,,,,,,
j120_1.rcp,0,176.8148148,0.500259161,DE_rand/1_fixedF_bin_fixedCR_withLS,99,1000,0,50,60,100,0.1,0.9,FALSE,FALSE,rand/1,bin,random,TRUE,5,0.3,1.5,0.3,1,1,,,,,,,,,,,,,,,,,,,,,,,,,
j120_1.rcp,1,190.3501684,0.502358913,DE_rand/1_fixedF_bin_fixedCR_withLS,99,1000,1,50,60,100,0.1,0.9,FALSE,FALSE,rand/1,bin,random,TRUE,5,0.3,1.5,0.3,1,1,,,,,,,,,,,,,,,,,,,,,,,,,
j120_1.rcp,0,178.2491582,0.492858171,DE_rand/1_fixedF_bin_fixedCR_noLS,99,1000,0,50,60,100,0.1,0.9,FALSE,FALSE,rand/1,bin,random,FALSE,5,0.3,1.5,0.3,1,1,,,,,,,,,,,,,,,,,,,,,,,,,
j120_1.rcp,1,180.8350168,0.495267868,DE_rand/1_fixedF_bin_fixedCR_noLS,99,1000,1,50,60,100,0.1,0.9,FALSE,FALSE,rand/1,bin,random,FALSE,5,0.3,1.5,0.3,1,1,,,,,,,,,,,,,,,,,,,,,,,,,
j120_1.rcp,0,199.9057239,0.518708944,DE_rand/1_fixedF_exp_adaptiveCR_withLS,99,1000,0,50,60,100,0.1,0.9,FALSE,TRUE,rand/1,exp,random,TRUE,5,0.3,1.5,0.3,1,1,,,,,,,,,,,,,,,,,,,,,,,,,
j120_1.rcp,1,204.2693603,0.515255213,DE_rand/1_fixedF_exp_adaptiveCR_withLS,99,1000,1,50,60,100,0.1,0.9,FALSE,TRUE,rand/1,exp,random,TRUE,5,0.3,1.5,0.3,1,1,,,,,,,,,,,,,,,,,,,,,,,,,
j120_1.rcp,0,169.3400673,0.505326033,DE_rand/1_fixedF_exp_adaptiveCR_noLS,99,1000,0,50,60,100,0.1,0.9,FALSE,TRUE,rand/1,exp,random,FALSE,5,0.3,1.5,0.3,1,1,,,,,,,,,,,,,,,,,,,,,,,,,
j120_1.rcp,1,207.2996633,0.505334854,DE_rand/1_fixedF_exp_adaptiveCR_noLS,99,1000,1,50,60,100,0.1,0.9,FALSE,TRUE,rand/1,exp,random,FALSE,5,0.3,1.5,0.3,1,1,,,,,,,,,,,,,,,,,,,,,,,,,
j120_1.rcp,0,191.7239057,0.501590967,DE_rand/1_fixedF_exp_fixedCR_withLS,99,1000,0,50,60,100,0.1,0.9,FALSE,FALSE,rand/1,exp,random,TRUE,5,0.3,1.5,0.3,1,1,,,,,,,,,,,,,,,,,,,,,,,,,
j120_1.rcp,1,186.7340067,0.501925945,DE_rand/1_fixedF_exp_fixedCR_withLS,99,1000,1,50,60,100,0.1,0.9,FALSE,FALSE,rand/1,exp,random,TRUE,5,0.3,1.5,0.3,1,1,,,,,,,,,,,,,,,,,,,,,,,,,
j120_1.rcp,0,180.5925926,0.498153925,DE_rand/1_fixedF_exp_fixedCR_noLS,99,1000,0,50,60,100,0.1,0.9,FALSE,FALSE,rand/1,exp,random,FALSE,5,0.3,1.5,0.3,1,1,,,,,,,,,,,,,,,,,,,,,,,,,
j120_1.rcp,1,191.2188552,0.495019913,DE_rand/1_fixedF_exp_fixedCR_noLS,99,1000,1,50,60,100,0.1,0.9,FALSE,FALSE,rand/1,exp,random,FALSE,5,0.3,1.5,0.3,1,1,,,,,,,,,,,,,,,,,,,,,,,,,
j120_1.rcp,0,195.7643098,0.493007898,DE_rand/2_adaptiveF_bin_adaptiveCR_withLS,99,1000,0,50,60,100,0.1,0.9,TRUE,TRUE,rand/2,bin,random,TRUE,5,0.3,1.5,0.3,1,1,,,,,,,,,,,,,,,,,,,,,,,,,
j120_1.rcp,1,186.2289562,0.493411064,DE_rand/2_adaptiveF_bin_adaptiveCR_withLS,99,1000,1,50,60,100,0.1,0.9,TRUE,TRUE,rand/2,bin,random,TRUE,5,0.3,1.5,0.3,1,1,,,,,,,,,,,,,,,,,,,,,,,,,
j120_1.rcp,0,193.8249158,0.491013288,DE_rand/2_adaptiveF_bin_adaptiveCR_noLS,99,1000,0,50,60,100,0.1,0.9,TRUE,TRUE,rand/2,bin,random,FALSE,5,0.3,1.5,0.3,1,1,,,,,,,,,,,,,,,,,,,,,,,,,
j120_1.rcp,1,197.6026936,0.486162901,DE_rand/2_adaptiveF_bin_adaptiveCR_noLS,99,1000,1,50,60,100,0.1,0.9,TRUE,TRUE,rand/2,bin,random,FALSE,5,0.3,1.5,0.3,1,1,,,,,,,,,,,,,,,,,,,,,,,,,
j120_1.rcp,0,159.4814815,0.492012024,DE_rand/2_adaptiveF_bin_fixedCR_withLS,99,1000,0,50,60,100,0.1,0.9,TRUE,FALSE,rand/2,bin,random,TRUE,5,0.3,1.5,0.3,1,1,,,,,,,,,,,,,,,,,,,,,,,,,
j120_1.rcp,1,154.6734007,0.494689941,DE_rand/2_adaptiveF_bin_fixedCR_withLS,99,1000,1,50,60,100,0.1,0.9,TRUE,FALSE,rand/2,bin,random,TRUE,5,0.3,1.5,0.3,1,1,,,,,,,,,,,,,,,,,,,,,,,,,
j120_1.rcp,0,144.026936,0.486227274,DE_rand/2_adaptiveF_bin_fixedCR_noLS,99,1000,0,50,60,100,0.1,0.9,TRUE,FALSE,rand/2,bin,random,FALSE,5,0.3,1.5,0.3,1,1,,,,,,,,,,,,,,,,,,,,,,,,,
j120_1.rcp,1,160.4915825,0.486620903,DE_rand/2_adaptiveF_bin_fixedCR_noLS,99,1000,1,50,60,100,0.1,0.9,TRUE,FALSE,rand/2,bin,random,FALSE,5,0.3,1.5,0.3,1,1,,,,,,,,,,,,,,,,,,,,,,,,,
j120_1.rcp,0,190.8350168,0.49721384,DE_rand/2_adaptiveF_exp_adaptiveCR_withLS,99,1000,0,50,60,100,0.1,0.9,TRUE,TRUE,rand/2,exp,random,TRUE,5,0.3,1.5,0.3,1,1,,,,,,,,,,,,,,,,,,,,,,,,,
j120_1.rcp,1,202.8552189,0.495883942,DE_rand/2_adaptiveF_exp_adaptiveCR_withLS,99,1000,1,50,60,100,0.1,0.9,TRUE,TRUE,rand/2,exp,random,TRUE,5,0.3,1.5,0.3,1,1,,,,,,,,,,,,,,,,,,,,,,,,,
j120_1.rcp,0,199.9057239,0.49260807,DE_rand/2_adaptiveF_exp_adaptiveCR_noLS,99,1000,0,50,60,100,0.1,0.9,TRUE,TRUE,rand/2,exp,random,FALSE,5,0.3,1.5,0.3,1,1,,,,,,,,,,,,,,,,,,,,,,,,,
j120_1.rcp,1,201.016835,0.489995003,DE_rand/2_adaptiveF_exp_adaptiveCR_noLS,99,1000,1,50,60,100,0.1,0.9,TRUE,TRUE,rand/2,exp,random,FALSE,5,0.3,1.5,0.3,1,1,,,,,,,,,,,,,,,,,,,,,,,,,
j120_1.rcp,0,160.1279461,0.494802713,DE_rand/2_adaptiveF_exp_fixedCR_withLS,99,1000,0,50,60,100,0.1,0.9,TRUE,FALSE,rand/2,exp,random,TRUE,5,0.3,1.5,0.3,1,1,,,,,,,,,,,,,,,,,,,,,,,,,
j120_1.rcp,1,163.0774411,0.492764235,DE_rand/2_adaptiveF_exp_fixedCR_withLS,99,1000,1,50,60,100,0.1,0.9,TRUE,FALSE,rand/2,exp,random,TRUE,5,0.3,1.5,0.3,1,1,,,,,,,,,,,,,,,,,,,,,,,,,
j120_1.rcp,0,155.6430976,0.494252205,DE_rand/2_adaptiveF_exp_fixedCR_noLS,99,1000,0,50,60,100,0.1,0.9,TRUE,FALSE,rand/2,exp,random,FALSE,5,0.3,1.5,0.3,1,1,,,,,,,,,,,,,,,,,,,,,,,,,
j120_1.rcp,1,169.3198653,0.486718893,DE_rand/2_adaptiveF_exp_fixedCR_noLS,99,1000,1,50,60,100,0.1,0.9,TRUE,FALSE,rand/2,exp,random,FALSE,5,0.3,1.5,0.3,1,1,,,,,,,,,,,,,,,,,,,,,,,,,
j120_1.rcp,0,199.9057239,0.542044878,DE_rand/2_fixedF_bin_adaptiveCR_withLS,99,1000,0,50,60,100,0.1,0.9,FALSE,TRUE,rand/2,bin,random,TRUE,5,0.3,1.5,0.3,1,1,,,,,,,,,,,,,,,,,,,,,,,,,
j120_1.rcp,1,204.2087542,0.54800415,DE_rand/2_fixedF_bin_adaptiveCR_withLS,99,1000,1,50,60,100,0.1,0.9,FALSE,TRUE,rand/2,bin,random,TRUE,5,0.3,1.5,0.3,1,1,,,,,,,,,,,,,,,,,,,,,,,,,
j120_1.rcp,0,184.9360269,0.534356356,DE_rand/2_fixedF_bin_adaptiveCR_noLS,99,1000,0,50,60,100,0.1,0.9,FALSE,TRUE,rand/2,bin,random,FALSE,5,0.3,1.5,0.3,1,1,,,,,,,,,,,,,,,,,,,,,,,,,
j120_1.rcp,1,196.6734007,0.533531904,DE_rand/2_fixedF_bin_adaptiveCR_noLS,99,1000,1,50,60,100,0.1,0.9,FALSE,TRUE,rand/2,bin,random,FALSE,5,0.3,1.5,0.3,1,1,,,,,,,,,,,,,,,,,,,,,,,,,
j120_1.rcp,0,166.7946128,0.530469894,DE_rand/2_fixedF_bin_fixedCR_withLS,99,1000,0,50,60,100,0.1,0.9,FALSE,FALSE,rand/2,bin,random,TRUE,5,0.3,1.5,0.3,1,1,,,,,,,,,,,,,,,,,,,,,,,,,
j120_1.rcp,1,195.9057239,0.526541948,DE_rand/2_fixedF_bin_fixedCR_withLS,99,1000,1,50,60,100,0.1,0.9,FALSE,FALSE,rand/2,bin,random,TRUE,5,0.3,1.5,0.3,1,1,,,,,,,,,,,,,,,,,,,,,,,,,
j120_1.rcp,0,171.986532,0.520900011,DE_rand/2_fixedF_bin_fixedCR_noLS,99,1000,0,50,60,100,0.1,0.9,FALSE,FALSE,rand/2,bin,random,FALSE,5,0.3,1.5,0.3,1,1,,,,,,,,,,,,,,,,,,,,,,,,,
j120_1.rcp,1,184.047138,0.517435312,DE_rand/2_fixedF_bin_fixedCR_noLS,99,1000,1,50,60,100,0.1,0.9,FALSE,FALSE,rand/2,bin,random,FALSE,5,0.3,1.5,0.3,1,1,,,,,,,,,,,,,,,,,,,,,,,,,
j120_1.rcp,0,191.6228956,0.54638195,DE_rand/2_fixedF_exp_adaptiveCR_withLS,99,1000,0,50,60,100,0.1,0.9,FALSE,TRUE,rand/2,exp,random,TRUE,5,0.3,1.5,0.3,1,1,,,,,,,,,,,,,,,,,,,,,,,,,
j120_1.rcp,1,214.1885522,0.550194979,DE_rand/2_fixedF_exp_adaptiveCR_withLS,99,1000,1,50,60,100,0.1,0.9,FALSE,TRUE,rand/2,exp,random,TRUE,5,0.3,1.5,0.3,1,1,,,,,,,,,,,,,,,,,,,,,,,,,
j120_1.rcp,0,194.6127946,0.541420937,DE_rand/2_fixedF_exp_adaptiveCR_noLS,99,1000,0,50,60,100,0.1,0.9,FALSE,TRUE,rand/2,exp,random,FALSE,5,0.3,1.5,0.3,1,1,,,,,,,,,,,,,,,,,,,,,,,,,
j120_1.rcp,1,206.4107744,0.537537098,DE_rand/2_fixedF_exp_adaptiveCR_noLS,99,1000,1,50,60,100,0.1,0.9,FALSE,TRUE,rand/2,exp,random,FALSE,5,0.3,1.5,0.3,1,1,,,,,,,,,,,,,,,,,,,,,,,,,
j120_1.rcp,0,179.3602694,0.530084848,DE_rand/2_fixedF_exp_fixedCR_withLS,99,1000,0,50,60,100,0.1,0.9,FALSE,FALSE,rand/2,exp,random,TRUE,5,0.3,1.5,0.3,1,1,,,,,,,,,,,,,,,,,,,,,,,,,
j120_1.rcp,1,169.6228956,0.529376984,DE_rand/2_fixedF_exp_fixedCR_withLS,99,1000,1,50,60,100,0.1,0.9,FALSE,FALSE,rand/2,exp,random,TRUE,5,0.3,1.5,0.3,1,1,,,,,,,,,,,,,,,,,,,,,,,,,
j120_1.rcp,0,185.3602694,0.522288799,DE_rand/2_fixedF_exp_fixedCR_noLS,99,1000,0,50,60,100,0.1,0.9,FALSE,FALSE,rand/2,exp,random,FALSE,5,0.3,1.5,0.3,1,1,,,,,,,,,,,,,,,,,,,,,,,,,
j120_1.rcp,1,189.96633,0.520066023,DE_rand/2_fixedF_exp_fixedCR_noLS,99,1000,1,50,60,100,0.1,0.9,FALSE,FALSE,rand/2,exp,random,FALSE,5,0.3,1.5,0.3,1,1,,,,,,,,,,,,,,,,,,,,,,,,,
j120_1.rcp,0,199.9057239,0.487001181,DE_best/1_adaptiveF_bin_adaptiveCR_withLS,99,1000,0,50,60,100,0.1,0.9,TRUE,TRUE,best/1,bin,random,TRUE,5,0.3,1.5,0.3,1,1,,,,,,,,,,,,,,,,,,,,,,,,,
j120_1.rcp,1,186.2895623,0.489234924,DE_best/1_adaptiveF_bin_adaptiveCR_withLS,99,1000,1,50,60,100,0.1,0.9,TRUE,TRUE,best/1,bin,random,TRUE,5,0.3,1.5,0.3,1,1,,,,,,,,,,,,,,,,,,,,,,,,,
j120_1.rcp,0,188.3299663,0.4842031,DE_best/1_adaptiveF_bin_adaptiveCR_noLS,99,1000,0,50,60,100,0.1,0.9,TRUE,TRUE,best/1,bin,random,FALSE,5,0.3,1.5,0.3,1,1,,,,,,,,,,,,,,,,,,,,,,,,,
j120_1.rcp,1,163.1986532,0.483286142,DE_best/1_adaptiveF_bin_adaptiveCR_noLS,99,1000,1,50,60,100,0.1,0.9,TRUE,TRUE,best/1,bin,random,FALSE,5,0.3,1.5,0.3,1,1,,,,,,,,,,,,,,,,,,,,,,,,,
j120_1.rcp,0,143.986532,0.485732079,DE_best/1_adaptiveF_bin_fixedCR_withLS,99,1000,0,50,60,100,0.1,0.9,TRUE,FALSE,best/1,bin,random,TRUE,5,0.3,1.5,0.3,1,1,,,,,,,,,,,,,,,,,,,,,,,,,
j120_1.rcp,1,150.8956229,0.485280037,DE_best/1_adaptiveF_bin_fixedCR_withLS,99,1000,1,50,60,100,0.1,0.9,TRUE,FALSE,best/1,bin,random,TRUE,5,0.3,1.5,0.3,1,1,,,,,,,,,,,,,,,,,,,,,,,,,
j120_1.rcp,0,137.8653199,0.479909897,DE_best/1_adaptiveF_bin_fixedCR_noLS,99,1000,0,50,60,100,0.1,0.9,TRUE,FALSE,best/1,bin,random,FALSE,5,0.3,1.5,0.3,1,1,,,,,,,,,,,,,,,,,,,,,,,,,
j120_1.rcp,1,147.9057239,0.480915785,DE_best/1_adaptiveF_bin_fixedCR_noLS,99,1000,1,50,60,100,0.1,0.9,TRUE,FALSE,best/1,bin,random,FALSE,5,0.3,1.5,0.3,1,1,,,,,,,,,,,,,,,,,,,,,,,,,
j120_1.rcp,0,183.5218855,0.490129709,DE_best/1_adaptiveF_exp_adaptiveCR_withLS,99,1000,0,50,60,100,0.1,0.9,TRUE,TRUE,best/1,exp,random,TRUE,5,0.3,1.5,0.3,1,1,,,,,,,,,,,,,,,,,,,,,,,,,
j120_1.rcp,1,187.6835017,0.486332178,DE_best/1_adaptiveF_exp_adaptiveCR_withLS,99,1000,1,50,60,100,0.1,0.9,TRUE,TRUE,best/1,exp,random,TRUE,5,0.3,1.5,0.3,1,1,,,,,,,,,,,,,,,,,,,,,,,,,
j120_1.rcp,0,181.9259259,0.48652792,DE_best/1_adaptiveF_exp_adaptiveCR_noLS,99,1000,0,50,60,100,0.1,0.9,TRUE,TRUE,best/1,exp,random,FALSE,5,0.3,1.5,0.3,1,1,,,,,,,,,,,,,,,,,,,,,,,,,
j120_1.rcp,1,184.1481481,0.483353138,DE_best/1_adaptiveF_exp_adaptiveCR_noLS,99,1000,1,50,60,100,0.1,0.9,TRUE,TRUE,best/1,exp,random,FALSE,5,0.3,1.5,0.3,1,1,,,,,,,,,,,,,,,,,,,,,,,,,
j120_1.rcp,0,144.0875421,0.486808062,DE_best/1_adaptiveF_exp_fixedCR_withLS,99,1000,0,50,60,100,0.1,0.9,TRUE,FALSE,best/1,exp,random,TRUE,5,0.3,1.5,0.3,1,1,,,,,,,,,,,,,,,,,,,,,,,,,
j120_1.rcp,1,136.5117845,0.484949827,DE_best/1_adaptiveF_exp_fixedCR_withLS,99,1000,1,50,60,100,0.1,0.9,TRUE,FALSE,best/1,exp,random,TRUE,5,0.3,1.5,0.3,1,1,,,,,,,,,,,,,,,,,,,,,,,,,
j120_1.rcp,0,146.0875421,0.483641148,DE_best/1_adaptiveF_exp_fixedCR_noLS,99,1000,0,50,60,100,0.1,0.9,TRUE,FALSE,best/1,exp,random,FALSE,5,0.3,1.5,0.3,1,1,,,,,,,,,,,,,,,,,,,,,,,,,
j120_1.rcp,1,137.016835,0.482759953,DE_best/1_adaptiveF_exp_fixedCR_noLS,99,1000,1,50,60,100,0.1,0.9,TRUE,FALSE,best/1,exp,random,FALSE,5,0.3,1.5,0.3,1,1,,,,,,,,,,,,,,,,,,,,,,,,,
j120_1.rcp,0,175.8653199,0.514732122,DE_best/1_fixedF_bin_adaptiveCR_withLS,99,1000,0,50,60,100,0.1,0.9,FALSE,TRUE,best/1,bin,random,TRUE,5,0.3,1.5,0.3,1,1,,,,,,,,,,,,,,,,,,,,,,,,,
j120_1.rcp,1,181.5420875,0.512526989,DE_best/1_fixedF_bin_adaptiveCR_withLS,99,1000,1,50,60,100,0.1,0.9,FALSE,TRUE,best/1,bin,random,TRUE,5,0.3,1.5,0.3,1,1,,,,,,,,,,,,,,,,,,,,,,,,,
j120_1.rcp,0,168.3097643,0.503868818,DE_best/1_fixedF_bin_adaptiveCR_noLS,99,1000,0,50,60,100,0.1,0.9,FALSE,TRUE,best/1,bin,random,FALSE,5,0.3,1.5,0.3,1,1,,,,,,,,,,,,,,,,,,,,,,,,,
j120_1.rcp,1,164.1885522,0.499979019,DE_best/1_fixedF_bin_adaptiveCR_noLS,99,1000,1,50,60,100,0.1,0.9,FALSE,TRUE,best/1,bin,random,FALSE,5,0.3,1.5,0.3,1,1,,,,,,,,,,,,,,,,,,,,,,,,,
j120_1.rcp,0,147.1380471,0.494248867,DE_best/1_fixedF_bin_fixedCR_withLS,99,1000,0,50,60,100,0.1,0.9,FALSE,FALSE,best/1,bin,random,TRUE,5,0.3,1.5,0.3,1,1,,,,,,,,,,,,,,,,,,,,,,,,,
j120_1.rcp,1,157.4612795,0.490935087,DE_best/1_fixedF_bin_fixedCR_withLS,99,1000,1,50,60,100,0.1,0.9,FALSE,FALSE,best/1,bin,random,TRUE,5,0.3,1.5,0.3,1,1,,,,,,,,,,,,,,,,,,,,,,,,,
j120_1.rcp,0,146.5319865,0.486566782,DE_best/1_fixedF_bin_fixedCR_noLS,99,1000,0,50,60,100,0.1,0.9,FALSE,FALSE,best/1,bin,random,FALSE,5,0.3,1.5,0.3,1,1,,,,,,,,,,,,,,,,,,,,,,,,,
j120_1.rcp,1,157.1380471,0.481513262,DE_best/1_fixedF_bin_fixedCR_noLS,99,1000,1,50,60,100,0.1,0.9,FALSE,FALSE,best/1,bin,random,FALSE,5,0.3,1.5,0.3,1,1,,,,,,,,,,,,,,,,,,,,,,,,,
j120_1.rcp,0,164.0875421,0.513875246,DE_best/1_fixedF_exp_adaptiveCR_withLS,99,1000,0,50,60,100,0.1,0.9,FALSE,TRUE,best/1,exp,random,TRUE,5,0.3,1.5,0.3,1,1,,,,,,,,,,,,,,,,,,,,,,,,,
j120_1.rcp,1,174.7744108,0.518239975,DE_best/1_fixedF_exp_adaptiveCR_withLS,99,1000,1,50,60,100,0.1,0.9,FALSE,TRUE,best/1,exp,random,TRUE,5,0.3,1.5,0.3,1,1,,,,,,,,,,,,,,,,,,,,,,,,,
j120_1.rcp,0,171.3602694,0.507707119,DE_best/1_fixedF_exp_adaptiveCR_noLS,99,1000,0,50,60,100,0.1,0.9,FALSE,TRUE,best/1,exp,random,FALSE,5,0.3,1.5,0.3,1,1,,,,,,,,,,,,,,,,,,,,,,,,,
j120_1.rcp,1,178.1077441,0.511728287,DE_best/1_fixedF_exp_adaptiveCR_noLS,99,1000,1,50,60,100,0.1,0.9,FALSE,TRUE,best/1,exp,random,FALSE,5,0.3,1.5,0.3,1,1,,,,,,,,,,,,,,,,,,,,,,,,,
j120_1.rcp,0,138.6127946,0.493501902,DE_best/1_fixedF_exp_fixedCR_withLS,99,1000,0,50,60,100,0.1,0.9,FALSE,FALSE,best/1,exp,random,TRUE,5,0.3,1.5,0.3,1,1,,,,,,,,,,,,,,,,,,,,,,,,,
j120_1.rcp,1,148.047138,0.494303942,DE_best/1_fixedF_exp_fixedCR_withLS,99,1000,1,50,60,100,0.1,0.9,FALSE,FALSE,best/1,exp,random,TRUE,5,0.3,1.5,0.3,1,1,,,,,,,,,,,,,,,,,,,,,,,,,
j120_1.rcp,0,144.1683502,0.48528409,DE_best/1_fixedF_exp_fixedCR_noLS,99,1000,0,50,60,100,0.1,0.9,FALSE,FALSE,best/1,exp,random,FALSE,5,0.3,1.5,0.3,1,1,,,,,,,,,,,,,,,,,,,,,,,,,
j120_1.rcp,1,147.8855219,0.481285095,DE_best/1_fixedF_exp_fixedCR_noLS,99,1000,1,50,60,100,0.1,0.9,FALSE,FALSE,best/1,exp,random,FALSE,5,0.3,1.5,0.3,1,1,,,,,,,,,,,,,,,,,,,,,,,,,
j120_1.rcp,0,184.1683502,0.496234894,DE_best/2_adaptiveF_bin_adaptiveCR_withLS,99,1000,0,50,60,100,0.1,0.9,TRUE,TRUE,best/2,bin,random,TRUE,5,0.3,1.5,0.3,1,1,,,,,,,,,,,,,,,,,,,,,,,,,
j120_1.rcp,1,168.2289562,0.495378017,DE_best/2_adaptiveF_bin_adaptiveCR_withLS,99,1000,1,50,60,100,0.1,0.9,TRUE,TRUE,best/2,bin,random,TRUE,5,0.3,1.5,0.3,1,1,,,,,,,,,,,,,,,,,,,,,,,,,
j120_1.rcp,0,194.5319865,0.490842819,DE_best/2_adaptiveF_bin_adaptiveCR_noLS,99,1000,0,50,60,100,0.1,0.9,TRUE,TRUE,best/2,bin,random,FALSE,5,0.3,1.5,0.3,1,1,,,,,,,,,,,,,,,,,,,,,,,,,
j120_1.rcp,1,173.4006734,0.489408016,DE_best/2_adaptiveF_bin_adaptiveCR_noLS,99,1000,1,50,60,100,0.1,0.9,TRUE,TRUE,best/2,bin,random,FALSE,5,0.3,1.5,0.3,1,1,,,,,,,,,,,,,,,,,,,,,,,,,
j120_1.rcp,0,145.6430976,0.495901108,DE_best/2_adaptiveF_bin_fixedCR_withLS,99,1000,0,50,60,100,0.1,0.9,TRUE,FALSE,best/2,bin,random,TRUE,5,0.3,1.5,0.3,1,1,,,,,,,,,,,,,,,,,,,,,,,,,
j120_1.rcp,1,162.1481481,0.494346142,DE_best/2_adaptiveF_bin_fixedCR_withLS,99,1000,1,50,60,100,0.1,0.9,TRUE,FALSE,best/2,bin,random,TRUE,5,0.3,1.5,0.3,1,1,,,,,,,,,,,,,,,,,,,,,,,,,
j120_1.rcp,0,152.026936,0.489208221,DE_best/2_adaptiveF_bin_fixedCR_noLS,99,1000,0,50,60,100,0.1,0.9,TRUE,FALSE,best/2,bin,random,FALSE,5,0.3,1.5,0.3,1,1,,,,,,,,,,,,,,,,,,,,,,,,,
j120_1.rcp,1,156.8350168,0.488376141,DE_best/2_adaptiveF_bin_fixedCR_noLS,99,1000,1,50,60,100,0.1,0.9,TRUE,FALSE,best/2,bin,random,FALSE,5,0.3,1.5,0.3,1,1,,,,,,,,,,,,,,,,,,,,,,,,,
j120_1.rcp,0,190.4713805,0.496743202,DE_best/2_adaptiveF_exp_adaptiveCR_withLS,99,1000,0,50,60,100,0.1,0.9,TRUE,TRUE,best/2,exp,random,TRUE,5,0.3,1.5,0.3,1,1,,,,,,,,,,,,,,,,,,,,,,,,,
j120_1.rcp,1,190.4309764,0.497045994,DE_best/2_adaptiveF_exp_adaptiveCR_withLS,99,1000,1,50,60,100,0.1,0.9,TRUE,TRUE,best/2,exp,random,TRUE,5,0.3,1.5,0.3,1,1,,,,,,,,,,,,,,,,,,,,,,,,,
j120_1.rcp,0,192.0673401,0.498432159,DE_best/2_adaptiveF_exp_adaptiveCR_noLS,99,1000,0,50,60,100,0.1,0.9,TRUE,TRUE,best/2,exp,random,FALSE,5,0.3,1.5,0.3,1,1,,,,,,,,,,,,,,,,,,,,,,,,,
j120_1.rcp,1,166.3501684,0.497316122,DE_best/2_adaptiveF_exp_adaptiveCR_noLS,99,1000,1,50,60,100,0.1,0.9,TRUE,TRUE,best/2,exp,random,FALSE,5,0.3,1.5,0.3,1,1,,,,,,,,,,,,,,,,,,,,,,,,,
j120_1.rcp,0,150.7138047,0.495522976,DE_best/2_adaptiveF_exp_fixedCR_withLS,99,1000,0,50,60,100,0.1,0.9,TRUE,FALSE,best/2,exp,random,TRUE,5,0.3,1.5,0.3,1,1,,,,,,,,,,,,,,,,,,,,,,,,,
j120_1.rcp,1,149.1582492,0.495107174,DE_best/2_adaptiveF_exp_fixedCR_withLS,99,1000,1,50,60,100,0.1,0.9,TRUE,FALSE,best/2,exp,random,TRUE,5,0.3,1.5,0.3,1,1,,,,,,,,,,,,,,,,,,,,,,,,,
j120_1.rcp,0,150.047138,0.489223957,DE_best/2_adaptiveF_exp_fixedCR_noLS,99,1000,0,50,60,100,0.1,0.9,TRUE,FALSE,best/2,exp,random,FALSE,5,0.3,1.5,0.3,1,1,,,,,,,,,,,,,,,,,,,,,,,,,
j120_1.rcp,1,160.6734007,0.491504908,DE_best/2_adaptiveF_exp_fixedCR_noLS,99,1000,1,50,60,100,0.1,0.9,TRUE,FALSE,best/2,exp,random,FALSE,5,0.3,1.5,0.3,1,1,,,,,,,,,,,,,,,,,,,,,,,,,
j120_1.rcp,0,185.6430976,0.552644968,DE_best/2_fixedF_bin_adaptiveCR_withLS,99,1000,0,50,60,100,0.1,0.9,FALSE,TRUE,best/2,bin,random,TRUE,5,0.3,1.5,0.3,1,1,,,,,,,,,,,,,,,,,,,,,,,,,
j120_1.rcp,1,161.7037037,0.541065931,DE_best/2_fixedF_bin_adaptiveCR_withLS,99,1000,1,50,60,100,0.1,0.9,FALSE,TRUE,best/2,bin,random,TRUE,5,0.3,1.5,0.3,1,1,,,,,,,,,,,,,,,,,,,,,,,,,
j120_1.rcp,0,156.5925926,0.53490901,DE_best/2_fixedF_bin_adaptiveCR_noLS,99,1000,0,50,60,100,0.1,0.9,FALSE,TRUE,best/2,bin,random,FALSE,5,0.3,1.5,0.3,1,1,,,,,,,,,,,,,,,,,,,,,,,,,
j120_1.rcp,1,171.2592593,0.531111956,DE_best/2_fixedF_bin_adaptiveCR_noLS,99,1000,1,50,60,100,0.1,0.9,FALSE,TRUE,best/2,bin,random,FALSE,5,0.3,1.5,0.3,1,1,,,,,,,,,,,,,,,,,,,,,,,,,
j120_1.rcp,0,147.1784512,0.515380859,DE_best/2_fixedF_bin_fixedCR_withLS,99,1000,0,50,60,100,0.1,0.9,FALSE,FALSE,best/2,bin,random,TRUE,5,0.3,1.5,0.3,1,1,,,,,,,,,,,,,,,,,,,,,,,,,
j120_1.rcp,1,157.0572391,0.51546979,DE_best/2_fixedF_bin_fixedCR_withLS,99,1000,1,50,60,100,0.1,0.9,FALSE,FALSE,best/2,bin,random,TRUE,5,0.3,1.5,0.3,1,1,,,,,,,,,,,,,,,,,,,,,,,,,
j120_1.rcp,0,155.0976431,0.499224186,DE_best/2_fixedF_bin_fixedCR_noLS,99,1000,0,50,60,100,0.1,0.9,FALSE,FALSE,best/2,bin,random,FALSE,5,0.3,1.5,0.3,1,1,,,,,,,,,,,,,,,,,,,,,,,,,
j120_1.rcp,1,153.2592593,0.497186184,DE_best/2_fixedF_bin_fixedCR_noLS,99,1000,1,50,60,100,0.1,0.9,FALSE,FALSE,best/2,bin,random,FALSE,5,0.3,1.5,0.3,1,1,,,,,,,,,,,,,,,,,,,,,,,,,
j120_1.rcp,0,150.2289562,0.546686888,DE_best/2_fixedF_exp_adaptiveCR_withLS,99,1000,0,50,60,100,0.1,0.9,FALSE,TRUE,best/2,exp,random,TRUE,5,0.3,1.5,0.3,1,1,,,,,,,,,,,,,,,,,,,,,,,,,
j120_1.rcp,1,180.8350168,0.54353404,DE_best/2_fixedF_exp_adaptiveCR_withLS,99,1000,1,50,60,100,0.1,0.9,FALSE,TRUE,best/2,exp,random,TRUE,5,0.3,1.5,0.3,1,1,,,,,,,,,,,,,,,,,,,,,,,,,
j120_1.rcp,0,169.0572391,0.537122965,DE_best/2_fixedF_exp_adaptiveCR_noLS,99,1000,0,50,60,100,0.1,0.9,FALSE,TRUE,best/2,exp,random,FALSE,5,0.3,1.5,0.3,1,1,,,,,,,,,,,,,,,,,,,,,,,,,
j120_1.rcp,1,168.5925926,0.535901785,DE_best/2_fixedF_exp_adaptiveCR_noLS,99,1000,1,50,60,100,0.1,0.9,FALSE,TRUE,best/2,exp,random,FALSE,5,0.3,1.5,0.3,1,1,,,,,,,,,,,,,,,,,,,,,,,,,
j120_1.rcp,0,144.1683502,0.511334896,DE_best/2_fixedF_exp_fixedCR_withLS,99,1000,0,50,60,100,0.1,0.9,FALSE,FALSE,best/2,exp,random,TRUE,5,0.3,1.5,0.3,1,1,,,,,,,,,,,,,,,,,,,,,,,,,
j120_1.rcp,1,158.2289562,0.512372017,DE_best/2_fixedF_exp_fixedCR_withLS,99,1000,1,50,60,100,0.1,0.9,FALSE,FALSE,best/2,exp,random,TRUE,5,0.3,1.5,0.3,1,1,,,,,,,,,,,,,,,,,,,,,,,,,
j120_1.rcp,0,152.5319865,0.505489111,DE_best/2_fixedF_exp_fixedCR_noLS,99,1000,0,50,60,100,0.1,0.9,FALSE,FALSE,best/2,exp,random,FALSE,5,0.3,1.5,0.3,1,1,,,,,,,,,,,,,,,,,,,,,,,,,
j120_1.rcp,1,150.9360269,0.499119997,DE_best/2_fixedF_exp_fixedCR_noLS,99,1000,1,50,60,100,0.1,0.9,FALSE,FALSE,best/2,exp,random,FALSE,5,0.3,1.5,0.3,1,1,,,,,,,,,,,,,,,,,,,,,,,,,
j120_1.rcp,0,199.9057239,0.486984968,DE_adaptive_bin_adaptiveCR_withLS,99,1000,0,50,60,100,0.1,0.9,TRUE,TRUE,adaptive,bin,random,TRUE,5,0.3,1.5,0.3,1,1,,,,,,,,,,,,,,,,,,,,,,,,,
j120_1.rcp,1,213.1178451,0.485539198,DE_adaptive_bin_adaptiveCR_withLS,99,1000,1,50,60,100,0.1,0.9,TRUE,TRUE,adaptive,bin,random,TRUE,5,0.3,1.5,0.3,1,1,,,,,,,,,,,,,,,,,,,,,,,,,
j120_1.rcp,0,198.1885522,0.481971979,DE_adaptive_bin_adaptiveCR_noLS,99,1000,0,50,60,100,0.1,0.9,TRUE,TRUE,adaptive,bin,random,FALSE,5,0.3,1.5,0.3,1,1,,,,,,,,,,,,,,,,,,,,,,,,,
j120_1.rcp,1,189.9461279,0.480736017,DE_adaptive_bin_adaptiveCR_noLS,99,1000,1,50,60,100,0.1,0.9,TRUE,TRUE,adaptive,bin,random,FALSE,5,0.3,1.5,0.3,1,1,,,,,,,,,,,,,,,,,,,,,,,,,
j120_1.rcp,0,133.8047138,0.483829021,DE_adaptive_bin_fixedCR_withLS,99,1000,0,50,60,100,0.1,0.9,TRUE,FALSE,adaptive,bin,random,TRUE,5,0.3,1.5,0.3,1,1,,,,,,,,,,,,,,,,,,,,,,,,,
j120_1.rcp,1,149.2996633,0.48700285,DE_adaptive_bin_fixedCR_withLS,99,1000,1,50,60,100,0.1,0.9,TRUE,FALSE,adaptive,bin,random,TRUE,5,0.3,1.5,0.3,1,1,,,,,,,,,,,,,,,,,,,,,,,,,
j120_1.rcp,0,161.5016835,0.479266167,DE_adaptive_bin_fixedCR_noLS,99,1000,0,50,60,100,0.1,0.9,TRUE,FALSE,adaptive,bin,random,FALSE,5,0.3,1.5,0.3,1,1,,,,,,,,,,,,,,,,,,,,,,,,,
j120_1.rcp,1,134.2289562,0.480829954,DE_adaptive_bin_fixedCR_noLS,99,1000,1,50,60,100,0.1,0.9,TRUE,FALSE,adaptive,bin,random,FALSE,5,0.3,1.5,0.3,1,1,,,,,,,,,,,,,,,,,,,,,,,,,
j120_1.rcp,0,184.5925926,0.489385128,DE_adaptive_exp_adaptiveCR_withLS,99,1000,0,50,60,100,0.1,0.9,TRUE,TRUE,adaptive,exp,random,TRUE,5,0.3,1.5,0.3,1,1,,,,,,,,,,,,,,,,,,,,,,,,,
j120_1.rcp,1,186.956229,0.48822403,DE_adaptive_exp_adaptiveCR_withLS,99,1000,1,50,60,100,0.1,0.9,TRUE,TRUE,adaptive,exp,random,TRUE,5,0.3,1.5,0.3,1,1,,,,,,,,,,,,,,,,,,,,,,,,,
j120_1.rcp,0,187.1986532,0.484472752,DE_adaptive_exp_adaptiveCR_noLS,99,1000,0,50,60,100,0.1,0.9,TRUE,TRUE,adaptive,exp,random,FALSE,5,0.3,1.5,0.3,1,1,,,,,,,,,,,,,,,,,,,,,,,,,
j120_1.rcp,1,163.2592593,0.482016087,DE_adaptive_exp_adaptiveCR_noLS,99,1000,1,50,60,100,0.1,0.9,TRUE,TRUE,adaptive,exp,random,FALSE,5,0.3,1.5,0.3,1,1,,,,,,,,,,,,,,,,,,,,,,,,,
j120_1.rcp,0,165.7239057,0.485254765,DE_adaptive_exp_fixedCR_withLS,99,1000,0,50,60,100,0.1,0.9,TRUE,FALSE,adaptive,exp,random,TRUE,5,0.3,1.5,0.3,1,1,,,,,,,,,,,,,,,,,,,,,,,,,
j120_1.rcp,1,163.1986532,0.487171173,DE_adaptive_exp_fixedCR_withLS,99,1000,1,50,60,100,0.1,0.9,TRUE,FALSE,adaptive,exp,random,TRUE,5,0.3,1.5,0.3,1,1,,,,,,,,,,,,,,,,,,,,,,,,,
j120_1.rcp,0,145.6430976,0.483454943,DE_adaptive_exp_fixedCR_noLS,99,1000,0,50,60,100,0.1,0.9,TRUE,FALSE,adaptive,exp,random,FALSE,5,0.3,1.5,0.3,1,1,,,,,,,,,,,,,,,,,,,,,,,,,
j120_1.rcp,1,160.3703704,0.480386019,DE_adaptive_exp_fixedCR_noLS,99,1000,1,50,60,100,0.1,0.9,TRUE,FALSE,adaptive,exp,random,FALSE,5,0.3,1.5,0.3,1,1,,,,,,,,,,,,,,,,,,,,,,,,,
j120_1.rcp,0,194.6734007,0.488709927,DE_current-to-rand/2_bin_adaptiveCR_withLS,99,1000,0,50,60,100,0.1,0.9,FALSE,TRUE,current-to-rand/2,bin,random,TRUE,5,0.3,1.5,0.3,1,1,,,,,,,,,,,,,,,,,,,,,,,,,
j120_1.rcp,1,171.5622896,0.489143848,DE_current-to-rand/2_bin_adaptiveCR_withLS,99,1000,1,50,60,100,0.1,0.9,FALSE,TRUE,current-to-rand/2,bin,random,TRUE,5,0.3,1.5,0.3,1,1,,,,,,,,,,,,,,,,,,,,,,,,,
j120_1.rcp,0,191.5420875,0.484205008,DE_current-to-rand/2_bin_adaptiveCR_noLS,99,1000,0,50,60,100,0.1,0.9,FALSE,TRUE,current-to-rand/2,bin,random,FALSE,5,0.3,1.5,0.3,1,1,,,,,,,,,,,,,,,,,,,,,,,,,
j120_1.rcp,1,191.2996633,0.485908985,DE_current-to-rand/2_bin_adaptiveCR_noLS,99,1000,1,50,60,100,0.1,0.9,FALSE,TRUE,current-to-rand/2,bin,random,FALSE,5,0.3,1.5,0.3,1,1,,,,,,,,,,,,,,,,,,,,,,,,,
j120_1.rcp,0,170.3905724,0.487704992,DE_current-to-rand/2_bin_fixedCR_withLS,99,1000,0,50,60,100,0.1,0.9,FALSE,FALSE,current-to-rand/2,bin,random,TRUE,5,0.3,1.5,0.3,1,1,,,,,,,,,,,,,,,,,,,,,,,,,
j120_1.rcp,1,155.7239057,0.487295866,DE_current-to-rand/2_bin_fixedCR_withLS,99,1000,1,50,60,100,0.1,0.9,FALSE,FALSE,current-to-rand/2,bin,random,TRUE,5,0.3,1.5,0.3,1,1,,,,,,,,,,,,,,,,,,,,,,,,,
j120_1.rcp,0,162.4511785,0.482448101,DE_current-to-rand/2_bin_fixedCR_noLS,99,1000,0,50,60,100,0.1,0.9,FALSE,FALSE,current-to-rand/2,bin,random,FALSE,5,0.3,1.5,0.3,1,1,,,,,,,,,,,,,,,,,,,,,,,,,
j120_1.rcp,1,183.5218855,0.481935978,DE_current-to-rand/2_bin_fixedCR_noLS,99,1000,1,50,60,100,0.1,0.9,FALSE,FALSE,current-to-rand/2,bin,random,FALSE,5,0.3,1.5,0.3,1,1,,,,,,,,,,,,,,,,,,,,,,,,,
j120_1.rcp,0,195.3198653,0.492229223,DE_current-to-rand/2_exp_adaptiveCR_withLS,99,1000,0,50,60,100,0.1,0.9,FALSE,TRUE,current-to-rand/2,exp,random,TRUE,5,0.3,1.5,0.3,1,1,,,,,,,,,,,,,,,,,,,,,,,,,
j120_1.rcp,1,186.006734,0.493000031,DE_current-to-rand/2_exp_adaptiveCR_withLS,99,1000,1,50,60,100,0.1,0.9,FALSE,TRUE,current-to-rand/2,exp,random,TRUE,5,0.3,1.5,0.3,1,1,,,,,,,,,,,,,,,,,,,,,,,,,
j120_1.rcp,0,192.3501684,0.487193108,DE_current-to-rand/2_exp_adaptiveCR_noLS,99,1000,0,50,60,100,0.1,0.9,FALSE,TRUE,current-to-rand/2,exp,random,FALSE,5,0.3,1.5,0.3,1,1,,,,,,,,,,,,,,,,,,,,,,,,,
j120_1.rcp,1,180.1481481,0.488504887,DE_current-to-rand/2_exp_adaptiveCR_noLS,99,1000,1,50,60,100,0.1,0.9,FALSE,TRUE,current-to-rand/2,exp,random,FALSE,5,0.3,1.5,0.3,1,1,,,,,,,,,,,,,,,,,,,,,,,,,
j120_1.rcp,0,155.8451178,0.491370916,DE_current-to-rand/2_exp_fixedCR_withLS,99,1000,0,50,60,100,0.1,0.9,FALSE,FALSE,current-to-rand/2,exp,random,TRUE,5,0.3,1.5,0.3,1,1,,,,,,,,,,,,,,,,,,,,,,,,,
j120_1.rcp,1,159.6835017,0.488225937,DE_current-to-rand/2_exp_fixedCR_withLS,99,1000,1,50,60,100,0.1,0.9,FALSE,FALSE,current-to-rand/2,exp,random,TRUE,5,0.3,1.5,0.3,1,1,,,,,,,,,,,,,,,,,,,,,,,,,
j120_1.rcp,0,161.9057239,0.483944893,DE_current-to-rand/2_exp_fixedCR_noLS,99,1000,0,50,60,100,0.1,0.9,FALSE,FALSE,current-to-rand/2,exp,random,FALSE,5,0.3,1.5,0.3,1,1,,,,,,,,,,,,,,,,,,,,,,,,,
j120_1.rcp,1,171.3198653,0.482499838,DE_current-to-rand/2_exp_fixedCR_noLS,99,1000,1,50,60,100,0.1,0.9,FALSE,FALSE,current-to-rand/2,exp,random,FALSE,5,0.3,1.5,0.3,1,1,,,,,,,,,,,,,,,,,,,,,,,,,
j120_1.rcp,0,199.9057239,0.443546057,GA_roulette_single_point_random_random_withLS_withNeighborhood,99,1000,0,50,60,,,,,,random,single_point,random,TRUE,,,,,,,0.9,0.1,roulette,3,TRUE,FALSE,0.5,0.1,0.35,5,2,,,,,,,,,,,,,,
j120_1.rcp,1,216.3097643,0.437741995,GA_roulette_single_point_random_random_withLS_withNeighborhood,99,1000,1,50,60,,,,,,random,single_point,random,TRUE,,,,,,,0.9,0.1,roulette,3,TRUE,FALSE,0.5,0.1,0.35,5,2,,,,,,,,,,,,,,
j120_1.rcp,0,199.9057239,0.442648888,GA_roulette_single_point_random_random_withLS_noNeighborhood,99,1000,0,50,60,,,,,,random,single_point,random,TRUE,,,,,,,0.9,0.1,roulette,3,TRUE,FALSE,0.5,0.1,0.35,5,0,,,,,,,,,,,,,,
j120_1.rcp,1,216.3097643,0.44109416,GA_roulette_single_point_random_random_withLS_noNeighborhood,99,1000,1,50,60,,,,,,random,single_point,random,TRUE,,,,,,,0.9,0.1,roulette,3,TRUE,FALSE,0.5,0.1,0.35,5,0,,,,,,,,,,,,,,
j120_1.rcp,0,199.9057239,0.634329081,GA_roulette_single_point_random_random_noLS_withNeighborhood,99,1000,0,50,60,,,,,,random,single_point,random,FALSE,,,,,,,0.9,0.1,roulette,3,TRUE,FALSE,0.5,0.1,0.35,5,2,,,,,,,,,,,,,,
j120_1.rcp,1,208.5925926,0.634781122,GA_roulette_single_point_random_random_noLS_withNeighborhood,99,1000,1,50,60,,,,,,random,single_point,random,FALSE,,,,,,,0.9,0.1,roulette,3,TRUE,FALSE,0.5,0.1,0.35,5,2,,,,,,,,,,,,,,
j120_1.rcp,0,199.9057239,0.635931015,GA_roulette_single_point_random_random_noLS_noNeighborhood,99,1000,0,50,60,,,,,,random,single_point,random,FALSE,,,,,,,0.9,0.1,roulette,3,TRUE,FALSE,0.5,0.1,0.35,5,0,,,,,,,,,,,,,,
j120_1.rcp,1,208.5925926,0.637384176,GA_roulette_single_point_random_random_noLS_noNeighborhood,99,1000,1,50,60,,,,,,random,single_point,random,FALSE,,,,,,,0.9,0.1,roulette,3,TRUE,FALSE,0.5,0.1,0.35,5,0,,,,,,,,,,,,,,
j120_1.rcp,0,224.9360269,0.448227167,GA_roulette_single_point_random_heuristic_withLS_withNeighborhood,99,1000,0,50,60,,,,,,random,single_point,heuristic,TRUE,,,,,,,0.9,0.1,roulette,3,TRUE,FALSE,0.5,0.1,0.35,5,2,,,,,,,,,,,,,,
j120_1.rcp,1,248.9158249,0.445754766,GA_roulette_single_point_random_heuristic_withLS_withNeighborhood,99,1000,1,50,60,,,,,,random,single_point,heuristic,TRUE,,,,,,,0.9,0.1,roulette,3,TRUE,FALSE,0.5,0.1,0.35,5,2,,,,,,,,,,,,,,
j120_1.rcp,0,224.9360269,0.446137905,GA_roulette_single_point_random_heuristic_withLS_noNeighborhood,99,1000,0,50,60,,,,,,random,single_point,heuristic,TRUE,,,,,,,0.9,0.1,roulette,3,TRUE,FALSE,0.5,0.1,0.35,5,0,,,,,,,,,,,,,,
j120_1.rcp,1,248.9158249,0.443650007,GA_roulette_single_point_random_heuristic_withLS_noNeighborhood,99,1000,1,50,60,,,,,,random,single_point,heuristic,TRUE,,,,,,,0.9,0.1,roulette,3,TRUE,FALSE,0.5,0.1,0.35,5,0,,,,,,,,,,,,,,
j120_1.rcp,0,209.1380471,0.63991189,GA_roulette_single_point_random_heuristic_noLS_withNeighborhood,99,1000,0,50,60,,,,,,random,single_point,heuristic,FALSE,,,,,,,0.9,0.1,roulette,3,TRUE,FALSE,0.5,0.1,0.35,5,2,,,,,,,,,,,,,,
j120_1.rcp,1,229.5218855,0.63926506,GA_roulette_single_point_random_heuristic_noLS_withNeighborhood,99,1000,1,50,60,,,,,,random,single_point,heuristic,FALSE,,,,,,,0.9,0.1,roulette,3,TRUE,FALSE,0.5,0.1,0.35,5,2,,,,,,,,,,,,,,
j120_1.rcp,0,209.1380471,0.63777113,GA_roulette_single_point_random_heuristic_noLS_noNeighborhood,99,1000,0,50,60,,,,,,random,single_point,heuristic,FALSE,,,,,,,0.9,0.1,roulette,3,TRUE,FALSE,0.5,0.1,0.35,5,0,,,,,,,,,,,,,,
j120_1.rcp,1,229.5218855,0.63830781,GA_roulette_single_point_random_heuristic_noLS_noNeighborhood,99,1000,1,50,60,,,,,,random,single_point,heuristic,FALSE,,,,,,,0.9,0.1,roulette,3,TRUE,FALSE,0.5,0.1,0.35,5,0,,,,,,,,,,,,,,
j120_1.rcp,0,199.9057239,0.464936018,GA_roulette_single_point_adaptive_random_withLS_withNeighborhood,99,1000,0,50,60,,,,,,adaptive,single_point,random,TRUE,,,,,,,0.9,0.1,roulette,3,TRUE,FALSE,0.5,0.1,0.35,5,2,,,,,,,,,,,,,,
j120_1.rcp,1,215.8451178,0.456214666,GA_roulette_single_point_adaptive_random_withLS_withNeighborhood,99,1000,1,50,60,,,,,,adaptive,single_point,random,TRUE,,,,,,,0.9,0.1,roulette,3,TRUE,FALSE,0.5,0.1,0.35,5,2,,,,,,,,,,,,,,
j120_1.rcp,0,199.9057239,0.45001483,GA_roulette_single_point_adaptive_random_withLS_noNeighborhood,99,1000,0,50,60,,,,,,adaptive,single_point,random,TRUE,,,,,,,0.9,0.1,roulette,3,TRUE,FALSE,0.5,0.1,0.35,5,0,,,,,,,,,,,,,,
j120_1.rcp,1,215.8451178,0.454261065,GA_roulette_single_point_adaptive_random_withLS_noNeighborhood,99,1000,1,50,60,,,,,,adaptive,single_point,random,TRUE,,,,,,,0.9,0.1,roulette,3,TRUE,FALSE,0.5,0.1,0.35,5,0,,,,,,,,,,,,,,
j120_1.rcp,0,199.9057239,0.672554016,GA_roulette_single_point_adaptive_random_noLS_withNeighborhood,99,1000,0,50,60,,,,,,adaptive,single_point,random,FALSE,,,,,,,0.9,0.1,roulette,3,TRUE,FALSE,0.5,0.1,0.35,5,2,,,,,,,,,,,,,,
j120_1.rcp,1,193.7239057,0.673418999,GA_roulette_single_point_adaptive_random_noLS_withNeighborhood,99,1000,1,50,60,,,,,,adaptive,single_point,random,FALSE,,,,,,,0.9,0.1,roulette,3,TRUE,FALSE,0.5,0.1,0.35,5,2,,,,,,,,,,,,,,
j120_1.rcp,0,199.9057239,0.673660755,GA_roulette_single_point_adaptive_random_noLS_noNeighborhood,99,1000,0,50,60,,,,,,adaptive,single_point,random,FALSE,,,,,,,0.9,0.1,roulette,3,TRUE,FALSE,0.5,0.1,0.35,5,0,,,,,,,,,,,,,,
j120_1.rcp,1,193.7239057,0.674600124,GA_roulette_single_point_adaptive_random_noLS_noNeighborhood,99,1000,1,50,60,,,,,,adaptive,single_point,random,FALSE,,,,,,,0.9,0.1,roulette,3,TRUE,FALSE,0.5,0.1,0.35,5,0,,,,,,,,,,,,,,
j120_1.rcp,0,230.3703704,0.458014965,GA_roulette_single_point_adaptive_heuristic_withLS_withNeighborhood,99,1000,0,50,60,,,,,,adaptive,single_point,heuristic,TRUE,,,,,,,0.9,0.1,roulette,3,TRUE,FALSE,0.5,0.1,0.35,5,2,,,,,,,,,,,,,,
j120_1.rcp,1,218.0673401,0.455286026,GA_roulette_single_point_adaptive_heuristic_withLS_withNeighborhood,99,1000,1,50,60,,,,,,adaptive,single_point,heuristic,TRUE,,,,,,,0.9,0.1,roulette,3,TRUE,FALSE,0.5,0.1,0.35,5,2,,,,,,,,,,,,,,
j120_1.rcp,0,230.3703704,0.456511021,GA_roulette_single_point_adaptive_heuristic_withLS_noNeighborhood,99,1000,0,50,60,,,,,,adaptive,single_point,heuristic,TRUE,,,,,,,0.9,0.1,roulette,3,TRUE,FALSE,0.5,0.1,0.35,5,0,,,,,,,,,,,,,,
j120_1.rcp,1,218.0673401,0.459307194,GA_roulette_single_point_adaptive_heuristic_withLS_noNeighborhood,99,1000,1,50,60,,,,,,adaptive,single_point,heuristic,TRUE,,,,,,,0.9,0.1,roulette,3,TRUE,FALSE,0.5,0.1,0.35,5,0,,,,,,,,,,,,,,
j120_1.rcp,0,203.2996633,0.672796965,GA_roulette_single_point_adaptive_heuristic_noLS_withNeighborhood,99,1000,0,50,60,,,,,,adaptive,single_point,heuristic,FALSE,,,,,,,0.9,0.1,roulette,3,TRUE,FALSE,0.5,0.1,0.35,5,2,,,,,,,,,,,,,,
j120_1.rcp,1,205.0976431,0.67543292,GA_roulette_single_point_adaptive_heuristic_noLS_withNeighborhood,99,1000,1,50,60,,,,,,adaptive,single_point,heuristic,FALSE,,,,,,,0.9,0.1,roulette,3,TRUE,FALSE,0.5,0.1,0.35,5,2,,,,,,,,,,,,,,
j120_1.rcp,0,203.2996633,0.675162792,GA_roulette_single_point_adaptive_heuristic_noLS_noNeighborhood,99,1000,0,50,60,,,,,,adaptive,single_point,heuristic,FALSE,,,,,,,0.9,0.1,roulette,3,TRUE,FALSE,0.5,0.1,0.35,5,0,,,,,,,,,,,,,,
j120_1.rcp,1,205.0976431,0.674659014,GA_roulette_single_point_adaptive_heuristic_noLS_noNeighborhood,99,1000,1,50,60,,,,,,adaptive,single_point,heuristic,FALSE,,,,,,,0.9,0.1,roulette,3,TRUE,FALSE,0.5,0.1,0.35,5,0,,,,,,,,,,,,,,
j120_1.rcp,0,199.9057239,0.446073055,GA_roulette_two_point_random_random_withLS_withNeighborhood,99,1000,0,50,60,,,,,,random,two_point,random,TRUE,,,,,,,0.9,0.1,roulette,3,TRUE,FALSE,0.5,0.1,0.35,5,2,,,,,,,,,,,,,,
j120_1.rcp,1,208.2693603,0.445692062,GA_roulette_two_point_random_random_withLS_withNeighborhood,99,1000,1,50,60,,,,,,random,two_point,random,TRUE,,,,,,,0.9,0.1,roulette,3,TRUE,FALSE,0.5,0.1,0.35,5,2,,,,,,,,,,,,,,
j120_1.rcp,0,199.9057239,0.444503784,GA_roulette_two_point_random_random_withLS_noNeighborhood,99,1000,0,50,60,,,,,,random,two_point,random,TRUE,,,,,,,0.9,0.1,roulette,3,TRUE,FALSE,0.5,0.1,0.35,5,0,,,,,,,,,,,,,,
j120_1.rcp,1,208.2693603,0.443180084,GA_roulette_two_point_random_random_withLS_noNeighborhood,99,1000,1,50,60,,,,,,random,two_point,random,TRUE,,,,,,,0.9,0.1,roulette,3,TRUE,FALSE,0.5,0.1,0.35,5,0,,,,,,,,,,,,,,
j120_1.rcp,0,199.9057239,0.641816139,GA_roulette_two_point_random_random_noLS_withNeighborhood,99,1000,0,50,60,,,,,,random,two_point,random,FALSE,,,,,,,0.9,0.1,roulette,3,TRUE,FALSE,0.5,0.1,0.35,5,2,,,,,,,,,,,,,,
j120_1.rcp,1,204.1077441,0.635015726,GA_roulette_two_point_random_random_noLS_withNeighborhood,99,1000,1,50,60,,,,,,random,two_point,random,FALSE,,,,,,,0.9,0.1,roulette,3,TRUE,FALSE,0.5,0.1,0.35,5,2,,,,,,,,,,,,,,
j120_1.rcp,0,199.9057239,0.638029099,GA_roulette_two_point_random_random_noLS_noNeighborhood,99,1000,0,50,60,,,,,,random,two_point,random,FALSE,,,,,,,0.9,0.1,roulette,3,TRUE,FALSE,0.5,0.1,0.35,5,0,,,,,,,,,,,,,,
j120_1.rcp,1,204.1077441,0.638084888,GA_roulette_two_point_random_random_noLS_noNeighborhood,99,1000,1,50,60,,,,,,random,two_point,random,FALSE,,,,,,,0.9,0.1,roulette,3,TRUE,FALSE,0.5,0.1,0.35,5,0,,,,,,,,,,,,,,
j120_1.rcp,0,230.3703704,0.446793079,GA_roulette_two_point_random_heuristic_withLS_withNeighborhood,99,1000,0,50,60,,,,,,random,two_point,heuristic,TRUE,,,,,,,0.9,0.1,roulette,3,TRUE,FALSE,0.5,0.1,0.35,5,2,,,,,,,,,,,,,,
j120_1.rcp,1,250.6531987,0.448756933,GA_roulette_two_point_random_heuristic_withLS_withNeighborhood,99,1000,1,50,60,,,,,,random,two_point,heuristic,TRUE,,,,,,,0.9,0.1,roulette,3,TRUE,FALSE,0.5,0.1,0.35,5,2,,,,,,,,,,,,,,
j120_1.rcp,0,230.3703704,0.449413061,GA_roulette_two_point_random_heuristic_withLS_noNeighborhood,99,1000,0,50,60,,,,,,random,two_point,heuristic,TRUE,,,,,,,0.9,0.1,roulette,3,TRUE,FALSE,0.5,0.1,0.35,5,0,,,,,,,,,,,,,,
j120_1.rcp,1,250.6531987,0.44832015,GA_roulette_two_point_random_heuristic_withLS_noNeighborhood,99,1000,1,50,60,,,,,,random,two_point,heuristic,TRUE,,,,,,,0.9,0.1,roulette,3,TRUE,FALSE,0.5,0.1,0.35,5,0,,,,,,,,,,,,,,
j120_1.rcp,0,200.5319865,0.647918701,GA_roulette_two_point_random_heuristic_noLS_withNeighborhood,99,1000,0,50,60,,,,,,random,two_point,heuristic,FALSE,,,,,,,0.9,0.1,roulette,3,TRUE,FALSE,0.5,0.1,0.35,5,2,,,,,,,,,,,,,,
j120_1.rcp,1,232.4309764,0.641083241,GA_roulette_two_point_random_heuristic_noLS_withNeighborhood,99,1000,1,50,60,,,,,,random,two_point,heuristic,FALSE,,,,,,,0.9,0.1,roulette,3,TRUE,FALSE,0.5,0.1,0.35,5,2,,,,,,,,,,,,,,
j120_1.rcp,0,200.5319865,0.644477129,GA_roulette_two_point_random_heuristic_noLS_noNeighborhood,99,1000,0,50,60,,,,,,random,two_point,heuristic,FALSE,,,,,,,0.9,0.1,roulette,3,TRUE,FALSE,0.5,0.1,0.35,5,0,,,,,,,,,,,,,,
j120_1.rcp,1,232.4309764,0.645656824,GA_roulette_two_point_random_heuristic_noLS_noNeighborhood,99,1000,1,50,60,,,,,,random,two_point,heuristic,FALSE,,,,,,,0.9,0.1,roulette,3,TRUE,FALSE,0.5,0.1,0.35,5,0,,,,,,,,,,,,,,
j120_1.rcp,0,197.5218855,0.452815294,GA_roulette_two_point_adaptive_random_withLS_withNeighborhood,99,1000,0,50,60,,,,,,adaptive,two_point,random,TRUE,,,,,,,0.9,0.1,roulette,3,TRUE,FALSE,0.5,0.1,0.35,5,2,,,,,,,,,,,,,,
j120_1.rcp,1,197.96633,0.452254057,GA_roulette_two_point_adaptive_random_withLS_withNeighborhood,99,1000,1,50,60,,,,,,adaptive,two_point,random,TRUE,,,,,,,0.9,0.1,roulette,3,TRUE,FALSE,0.5,0.1,0.35,5,2,,,,,,,,,,,,,,
j120_1.rcp,0,197.5218855,0.451642752,GA_roulette_two_point_adaptive_random_withLS_noNeighborhood,99,1000,0,50,60,,,,,,adaptive,two_point,random,TRUE,,,,,,,0.9,0.1,roulette,3,TRUE,FALSE,0.5,0.1,0.35,5,0,,,,,,,,,,,,,,
j120_1.rcp,1,197.96633,0.451566219,GA_roulette_two_point_adaptive_random_withLS_noNeighborhood,99,1000,1,50,60,,,,,,adaptive,two_point,random,TRUE,,,,,,,0.9,0.1,roulette,3,TRUE,FALSE,0.5,0.1,0.35,5,0,,,,,,,,,,,,,,
j120_1.rcp,0,197.5218855,0.673212051,GA_roulette_two_point_adaptive_random_noLS_withNeighborhood,99,1000,0,50,60,,,,,,adaptive,two_point,random,FALSE,,,,,,,0.9,0.1,roulette,3,TRUE,FALSE,0.5,0.1,0.35,5,2,,,,,,,,,,,,,,
j120_1.rcp,1,197.96633,0.675931931,GA_roulette_two_point_adaptive_random_noLS_withNeighborhood,99,1000,1,50,60,,,,,,adaptive,two_point,random,FALSE,,,,,,,0.9,0.1,roulette,3,TRUE,FALSE,0.5,0.1,0.35,5,2,,,,,,,,,,,,,,
j120_1.rcp,0,197.5218855,0.6714921,GA_roulette_two_point_adaptive_random_noLS_noNeighborhood,99,1000,0,50,60,,,,,,adaptive,two_point,random,FALSE,,,,,,,0.9,0.1,roulette,3,TRUE,FALSE,0.5,0.1,0.35,5,0,,,,,,,,,,,,,,
j120_1.rcp,1,197.96633,0.680442095,GA_roulette_two_point_adaptive_random_noLS_noNeighborhood,99,1000,1,50,60,,,,,,adaptive,two_point,random,FALSE,,,,,,,0.9,0.1,roulette,3,TRUE,FALSE,0.5,0.1,0.35,5,0,,,,,,,,,,,,,,
j120_1.rcp,0,230.3703704,0.456011772,GA_roulette_two_point_adaptive_heuristic_withLS_withNeighborhood,99,1000,0,50,60,,,,,,adaptive,two_point,heuristic,TRUE,,,,,,,0.9,0.1,roulette,3,TRUE,FALSE,0.5,0.1,0.35,5,2,,,,,,,,,,,,,,
j120_1.rcp,1,229.0774411,0.455288172,GA_roulette_two_point_adaptive_heuristic_withLS_withNeighborhood,99,1000,1,50,60,,,,,,adaptive,two_point,heuristic,TRUE,,,,,,,0.9,0.1,roulette,3,TRUE,FALSE,0.5,0.1,0.35,5,2,,,,,,,,,,,,,,
j120_1.rcp,0,230.3703704,0.456821203,GA_roulette_two_point_adaptive_heuristic_withLS_noNeighborhood,99,1000,0,50,60,,,,,,adaptive,two_point,heuristic,TRUE,,,,,,,0.9,0.1,roulette,3,TRUE,FALSE,0.5,0.1,0.35,5,0,,,,,,,,,,,,,,
j120_1.rcp,1,229.0774411,0.455428839,GA_roulette_two_point_adaptive_heuristic_withLS_noNeighborhood,99,1000,1,50,60,,,,,,adaptive,two_point,heuristic,TRUE,,,,,,,0.9,0.1,roulette,3,TRUE,FALSE,0.5,0.1,0.35,5,0,,,,,,,,,,,,,,
j120_1.rcp,0,206.6127946,0.679292917,GA_roulette_two_point_adaptive_heuristic_noLS_withNeighborhood,99,1000,0,50,60,,,,,,adaptive,two_point,heuristic,FALSE,,,,,,,0.9,0.1,roulette,3,TRUE,FALSE,0.5,0.1,0.35,5,2,,,,,,,,,,,,,,
j120_1.rcp,1,210.8148148,0.67509985,GA_roulette_two_point_adaptive_heuristic_noLS_withNeighborhood,99,1000,1,50,60,,,,,,adaptive,two_point,heuristic,FALSE,,,,,,,0.9,0.1,roulette,3,TRUE,FALSE,0.5,0.1,0.35,5,2,,,,,,,,,,,,,,
j120_1.rcp,0,206.6127946,0.682904959,GA_roulette_two_point_adaptive_heuristic_noLS_noNeighborhood,99,1000,0,50,60,,,,,,adaptive,two_point,heuristic,FALSE,,,,,,,0.9,0.1,roulette,3,TRUE,FALSE,0.5,0.1,0.35,5,0,,,,,,,,,,,,,,
j120_1.rcp,1,210.8148148,0.680194139,GA_roulette_two_point_adaptive_heuristic_noLS_noNeighborhood,99,1000,1,50,60,,,,,,adaptive,two_point,heuristic,FALSE,,,,,,,0.9,0.1,roulette,3,TRUE,FALSE,0.5,0.1,0.35,5,0,,,,,,,,,,,,,,
j120_1.rcp,0,199.9057239,10.90150499,GA_roulette_rcx_random_random_withLS_withNeighborhood,99,1000,0,50,60,,,,,,random,rcx,random,TRUE,,,,,,,0.9,0.1,roulette,3,TRUE,FALSE,0.5,0.1,0.35,5,2,,,,,,,,,,,,,,
j120_1.rcp,1,194.6127946,10.74299788,GA_roulette_rcx_random_random_withLS_withNeighborhood,99,1000,1,50,60,,,,,,random,rcx,random,TRUE,,,,,,,0.9,0.1,roulette,3,TRUE,FALSE,0.5,0.1,0.35,5,2,,,,,,,,,,,,,,
j120_1.rcp,0,199.9057239,10.90302587,GA_roulette_rcx_random_random_withLS_noNeighborhood,99,1000,0,50,60,,,,,,random,rcx,random,TRUE,,,,,,,0.9,0.1,roulette,3,TRUE,FALSE,0.5,0.1,0.35,5,0,,,,,,,,,,,,,,
j120_1.rcp,1,194.6127946,10.74864388,GA_roulette_rcx_random_random_withLS_noNeighborhood,99,1000,1,50,60,,,,,,random,rcx,random,TRUE,,,,,,,0.9,0.1,roulette,3,TRUE,FALSE,0.5,0.1,0.35,5,0,,,,,,,,,,,,,,
j120_1.rcp,0,199.9057239,40.76257992,GA_roulette_rcx_random_random_noLS_withNeighborhood,99,1000,0,50,60,,,,,,random,rcx,random,FALSE,,,,,,,0.9,0.1,roulette,3,TRUE,FALSE,0.5,0.1,0.35,5,2,,,,,,,,,,,,,,
j120_1.rcp,1,194.6127946,41.01639581,GA_roulette_rcx_random_random_noLS_withNeighborhood,99,1000,1,50,60,,,,,,random,rcx,random,FALSE,,,,,,,0.9,0.1,roulette,3,TRUE,FALSE,0.5,0.1,0.35,5,2,,,,,,,,,,,,,,
j120_1.rcp,0,199.9057239,40.79959297,GA_roulette_rcx_random_random_noLS_noNeighborhood,99,1000,0,50,60,,,,,,random,rcx,random,FALSE,,,,,,,0.9,0.1,roulette,3,TRUE,FALSE,0.5,0.1,0.35,5,0,,,,,,,,,,,,,,
j120_1.rcp,1,194.6127946,41.01821303,GA_roulette_rcx_random_random_noLS_noNeighborhood,99,1000,1,50,60,,,,,,random,rcx,random,FALSE,,,,,,,0.9,0.1,roulette,3,TRUE,FALSE,0.5,0.1,0.35,5,0,,,,,,,,,,,,,,
j120_1.rcp,0,218.976431,10.07121015,GA_roulette_rcx_random_heuristic_withLS_withNeighborhood,99,1000,0,50,60,,,,,,random,rcx,heuristic,TRUE,,,,,,,0.9,0.1,roulette,3,TRUE,FALSE,0.5,0.1,0.35,5,2,,,,,,,,,,,,,,
j120_1.rcp,1,227.7239057,10.47166991,GA_roulette_rcx_random_heuristic_withLS_withNeighborhood,99,1000,1,50,60,,,,,,random,rcx,heuristic,TRUE,,,,,,,0.9,0.1,roulette,3,TRUE,FALSE,0.5,0.1,0.35,5,2,,,,,,,,,,,,,,
j120_1.rcp,0,218.976431,11.42257714,GA_roulette_rcx_random_heuristic_withLS_noNeighborhood,99,1000,0,50,60,,,,,,random,rcx,heuristic,TRUE,,,,,,,0.9,0.1,roulette,3,TRUE,FALSE,0.5,0.1,0.35,5,0,,,,,,,,,,,,,,
j120_1.rcp,1,227.7239057,11.14864278,GA_roulette_rcx_random_heuristic_withLS_noNeighborhood,99,1000,1,50,60,,,,,,random,rcx,heuristic,TRUE,,,,,,,0.9,0.1,roulette,3,TRUE,FALSE,0.5,0.1,0.35,5,0,,,,,,,,,,,,,,
j120_1.rcp,0,209.4410774,41.37378097,GA_roulette_rcx_random_heuristic_noLS_withNeighborhood,99,1000,0,50,60,,,,,,random,rcx,heuristic,FALSE,,,,,,,0.9,0.1,roulette,3,TRUE,FALSE,0.5,0.1,0.35,5,2,,,,,,,,,,,,,,
j120_1.rcp,1,211.0774411,40.94806314,GA_roulette_rcx_random_heuristic_noLS_withNeighborhood,99,1000,1,50,60,,,,,,random,rcx,heuristic,FALSE,,,,,,,0.9,0.1,roulette,3,TRUE,FALSE,0.5,0.1,0.35,5,2,,,,,,,,,,,,,,
j120_1.rcp,0,209.4410774,41.11645794,GA_roulette_rcx_random_heuristic_noLS_noNeighborhood,99,1000,0,50,60,,,,,,random,rcx,heuristic,FALSE,,,,,,,0.9,0.1,roulette,3,TRUE,FALSE,0.5,0.1,0.35,5,0,,,,,,,,,,,,,,
j120_1.rcp,1,211.0774411,40.93815804,GA_roulette_rcx_random_heuristic_noLS_noNeighborhood,99,1000,1,50,60,,,,,,random,rcx,heuristic,FALSE,,,,,,,0.9,0.1,roulette,3,TRUE,FALSE,0.5,0.1,0.35,5,0,,,,,,,,,,,,,,
j120_1.rcp,0,179.3198653,11.22560191,GA_roulette_rcx_adaptive_random_withLS_withNeighborhood,99,1000,0,50,60,,,,,,adaptive,rcx,random,TRUE,,,,,,,0.9,0.1,roulette,3,TRUE,FALSE,0.5,0.1,0.35,5,2,,,,,,,,,,,,,,
j120_1.rcp,1,212.3501684,11.10797477,GA_roulette_rcx_adaptive_random_withLS_withNeighborhood,99,1000,1,50,60,,,,,,adaptive,rcx,random,TRUE,,,,,,,0.9,0.1,roulette,3,TRUE,FALSE,0.5,0.1,0.35,5,2,,,,,,,,,,,,,,
j120_1.rcp,0,179.3198653,11.23252511,GA_roulette_rcx_adaptive_random_withLS_noNeighborhood,99,1000,0,50,60,,,,,,adaptive,rcx,random,TRUE,,,,,,,0.9,0.1,roulette,3,TRUE,FALSE,0.5,0.1,0.35,5,0,,,,,,,,,,,,,,
j120_1.rcp,1,212.3501684,11.02064991,GA_roulette_rcx_adaptive_random_withLS_noNeighborhood,99,1000,1,50,60,,,,,,adaptive,rcx,random,TRUE,,,,,,,0.9,0.1,roulette,3,TRUE,FALSE,0.5,0.1,0.35,5,0,,,,,,,,,,,,,,
j120_1.rcp,0,179.3198653,41.85260987,GA_roulette_rcx_adaptive_random_noLS_withNeighborhood,99,1000,0,50,60,,,,,,adaptive,rcx,random,FALSE,,,,,,,0.9,0.1,roulette,3,TRUE,FALSE,0.5,0.1,0.35,5,2,,,,,,,,,,,,,,
j120_1.rcp,1,195.3198653,42.15165591,GA_roulette_rcx_adaptive_random_noLS_withNeighborhood,99,1000,1,50,60,,,,,,adaptive,rcx,random,FALSE,,,,,,,0.9,0.1,roulette,3,TRUE,FALSE,0.5,0.1,0.35,5,2,,,,,,,,,,,,,,
j120_1.rcp,0,179.3198653,41.94718409,GA_roulette_rcx_adaptive_random_noLS_noNeighborhood,99,1000,0,50,60,,,,,,adaptive,rcx,random,FALSE,,,,,,,0.9,0.1,roulette,3,TRUE,FALSE,0.5,0.1,0.35,5,0,,,,,,,,,,,,,,
j120_1.rcp,1,195.3198653,41.80953598,GA_roulette_rcx_adaptive_random_noLS_noNeighborhood,99,1000,1,50,60,,,,,,adaptive,rcx,random,FALSE,,,,,,,0.9,0.1,roulette,3,TRUE,FALSE,0.5,0.1,0.35,5,0,,,,,,,,,,,,,,
j120_1.rcp,0,225.2996633,10.02312088,GA_roulette_rcx_adaptive_heuristic_withLS_withNeighborhood,99,1000,0,50,60,,,,,,adaptive,rcx,heuristic,TRUE,,,,,,,0.9,0.1,roulette,3,TRUE,FALSE,0.5,0.1,0.35,5,2,,,,,,,,,,,,,,
j120_1.rcp,1,240.8148148,10.48625803,GA_roulette_rcx_adaptive_heuristic_withLS_withNeighborhood,99,1000,1,50,60,,,,,,adaptive,rcx,heuristic,TRUE,,,,,,,0.9,0.1,roulette,3,TRUE,FALSE,0.5,0.1,0.35,5,2,,,,,,,,,,,,,,
j120_1.rcp,0,225.2996633,10.06793594,GA_roulette_rcx_adaptive_heuristic_withLS_noNeighborhood,99,1000,0,50,60,,,,,,adaptive,rcx,heuristic,TRUE,,,,,,,0.9,0.1,roulette,3,TRUE,FALSE,0.5,0.1,0.35,5,0,,,,,,,,,,,,,,
j120_1.rcp,1,240.8148148,10.54148388,GA_roulette_rcx_adaptive_heuristic_withLS_noNeighborhood,99,1000,1,50,60,,,,,,adaptive,rcx,heuristic,TRUE,,,,,,,0.9,0.1,roulette,3,TRUE,FALSE,0.5,0.1,0.35,5,0,,,,,,,,,,,,,,
j120_1.rcp,0,200.7542088,40.12723708,GA_roulette_rcx_adaptive_heuristic_noLS_withNeighborhood,99,1000,0,50,60,,,,,,adaptive,rcx,heuristic,FALSE,,,,,,,0.9,0.1,roulette,3,TRUE,FALSE,0.5,0.1,0.35,5,2,,,,,,,,,,,,,,
j120_1.rcp,1,198.8350168,41.05317497,GA_roulette_rcx_adaptive_heuristic_noLS_withNeighborhood,99,1000,1,50,60,,,,,,adaptive,rcx,heuristic,FALSE,,,,,,,0.9,0.1,roulette,3,TRUE,FALSE,0.5,0.1,0.35,5,2,,,,,,,,,,,,,,
j120_1.rcp,0,200.7542088,40.13454914,GA_roulette_rcx_adaptive_heuristic_noLS_noNeighborhood,99,1000,0,50,60,,,,,,adaptive,rcx,heuristic,FALSE,,,,,,,0.9,0.1,roulette,3,TRUE,FALSE,0.5,0.1,0.35,5,0,,,,,,,,,,,,,,
j120_1.rcp,1,198.8350168,40.9585731,GA_roulette_rcx_adaptive_heuristic_noLS_noNeighborhood,99,1000,1,50,60,,,,,,adaptive,rcx,heuristic,FALSE,,,,,,,0.9,0.1,roulette,3,TRUE,FALSE,0.5,0.1,0.35,5,0,,,,,,,,,,,,,,
j120_1.rcp,0,195.037037,0.446426153,GA_roulette_hybrid_random_random_withLS_withNeighborhood,99,1000,0,50,60,,,,,,random,hybrid,random,TRUE,,,,,,,0.9,0.1,roulette,3,TRUE,FALSE,0.5,0.1,0.35,5,2,,,,,,,,,,,,,,
j120_1.rcp,1,203.986532,0.447497129,GA_roulette_hybrid_random_random_withLS_withNeighborhood,99,1000,1,50,60,,,,,,random,hybrid,random,TRUE,,,,,,,0.9,0.1,roulette,3,TRUE,FALSE,0.5,0.1,0.35,5,2,,,,,,,,,,,,,,
j120_1.rcp,0,195.037037,0.452593803,GA_roulette_hybrid_random_random_withLS_noNeighborhood,99,1000,0,50,60,,,,,,random,hybrid,random,TRUE,,,,,,,0.9,0.1,roulette,3,TRUE,FALSE,0.5,0.1,0.35,5,0,,,,,,,,,,,,,,
j120_1.rcp,1,203.986532,0.44499135,GA_roulette_hybrid_random_random_withLS_noNeighborhood,99,1000,1,50,60,,,,,,random,hybrid,random,TRUE,,,,,,,0.9,0.1,roulette,3,TRUE,FALSE,0.5,0.1,0.35,5,0,,,,,,,,,,,,,,
j120_1.rcp,0,195.037037,0.636432171,GA_roulette_hybrid_random_random_noLS_withNeighborhood,99,1000,0,50,60,,,,,,random,hybrid,random,FALSE,,,,,,,0.9,0.1,roulette,3,TRUE,FALSE,0.5,0.1,0.35,5,2,,,,,,,,,,,,,,
j120_1.rcp,1,190.7138047,0.637584209,GA_roulette_hybrid_random_random_noLS_withNeighborhood,99,1000,1,50,60,,,,,,random,hybrid,random,FALSE,,,,,,,0.9,0.1,roulette,3,TRUE,FALSE,0.5,0.1,0.35,5,2,,,,,,,,,,,,,,
j120_1.rcp,0,195.037037,0.636757135,GA_roulette_hybrid_random_random_noLS_noNeighborhood,99,1000,0,50,60,,,,,,random,hybrid,random,FALSE,,,,,,,0.9,0.1,roulette,3,TRUE,FALSE,0.5,0.1,0.35,5,0,,,,,,,,,,,,,,
j120_1.rcp,1,190.7138047,0.63647294,GA_roulette_hybrid_random_random_noLS_noNeighborhood,99,1000,1,50,60,,,,,,random,hybrid,random,FALSE,,,,,,,0.9,0.1,roulette,3,TRUE,FALSE,0.5,0.1,0.35,5,0,,,,,,,,,,,,,,
j120_1.rcp,0,230.3703704,0.449422121,GA_roulette_hybrid_random_heuristic_withLS_withNeighborhood,99,1000,0,50,60,,,,,,random,hybrid,heuristic,TRUE,,,,,,,0.9,0.1,roulette,3,TRUE,FALSE,0.5,0.1,0.35,5,2,,,,,,,,,,,,,,
j120_1.rcp,1,221.7845118,0.449210882,GA_roulette_hybrid_random_heuristic_withLS_withNeighborhood,99,1000,1,50,60,,,,,,random,hybrid,heuristic,TRUE,,,,,,,0.9,0.1,roulette,3,TRUE,FALSE,0.5,0.1,0.35,5,2,,,,,,,,,,,,,,
j120_1.rcp,0,230.3703704,0.451023817,GA_roulette_hybrid_random_heuristic_withLS_noNeighborhood,99,1000,0,50,60,,,,,,random,hybrid,heuristic,TRUE,,,,,,,0.9,0.1,roulette,3,TRUE,FALSE,0.5,0.1,0.35,5,0,,,,,,,,,,,,,,
j120_1.rcp,1,221.7845118,0.450145006,GA_roulette_hybrid_random_heuristic_withLS_noNeighborhood,99,1000,1,50,60,,,,,,random,hybrid,heuristic,TRUE,,,,,,,0.9,0.1,roulette,3,TRUE,FALSE,0.5,0.1,0.35,5,0,,,,,,,,,,,,,,
j120_1.rcp,0,222.047138,0.64210391,GA_roulette_hybrid_random_heuristic_noLS_withNeighborhood,99,1000,0,50,60,,,,,,random,hybrid,heuristic,FALSE,,,,,,,0.9,0.1,roulette,3,TRUE,FALSE,0.5,0.1,0.35,5,2,,,,,,,,,,,,,,
j120_1.rcp,1,204.996633,0.64338398,GA_roulette_hybrid_random_heuristic_noLS_withNeighborhood,99,1000,1,50,60,,,,,,random,hybrid,heuristic,FALSE,,,,,,,0.9,0.1,roulette,3,TRUE,FALSE,0.5,0.1,0.35,5,2,,,,,,,,,,,,,,
j120_1.rcp,0,222.047138,0.642724037,GA_roulette_hybrid_random_heuristic_noLS_noNeighborhood,99,1000,0,50,60,,,,,,random,hybrid,heuristic,FALSE,,,,,,,0.9,0.1,roulette,3,TRUE,FALSE,0.5,0.1,0.35,5,0,,,,,,,,,,,,,,
j120_1.rcp,1,204.996633,0.641127348,GA_roulette_hybrid_random_heuristic_noLS_noNeighborhood,99,1000,1,50,60,,,,,,random,hybrid,heuristic,FALSE,,,,,,,0.9,0.1,roulette,3,TRUE,FALSE,0.5,0.1,0.35,5,0,,,,,,,,,,,,,,
j120_1.rcp,0,199.9057239,0.455891848,GA_roulette_hybrid_adaptive_random_withLS_withNeighborhood,99,1000,0,50,60,,,,,,adaptive,hybrid,random,TRUE,,,,,,,0.9,0.1,roulette,3,TRUE,FALSE,0.5,0.1,0.35,5,2,,,,,,,,,,,,,,
j120_1.rcp,1,196.7340067,0.454619884,GA_roulette_hybrid_adaptive_random_withLS_withNeighborhood,99,1000,1,50,60,,,,,,adaptive,hybrid,random,TRUE,,,,,,,0.9,0.1,roulette,3,TRUE,FALSE,0.5,0.1,0.35,5,2,,,,,,,,,,,,,,
j120_1.rcp,0,199.9057239,0.457568884,GA_roulette_hybrid_adaptive_random_withLS_noNeighborhood,99,1000,0,50,60,,,,,,adaptive,hybrid,random,TRUE,,,,,,,0.9,0.1,roulette,3,TRUE,FALSE,0.5,0.1,0.35,5,0,,,,,,,,,,,,,,
j120_1.rcp,1,196.7340067,0.458739281,GA_roulette_hybrid_adaptive_random_withLS_noNeighborhood,99,1000,1,50,60,,,,,,adaptive,hybrid,random,TRUE,,,,,,,0.9,0.1,roulette,3,TRUE,FALSE,0.5,0.1,0.35,5,0,,,,,,,,,,,,,,
j120_1.rcp,0,199.9057239,0.674906969,GA_roulette_hybrid_adaptive_random_noLS_withNeighborhood,99,1000,0,50,60,,,,,,adaptive,hybrid,random,FALSE,,,,,,,0.9,0.1,roulette,3,TRUE,FALSE,0.5,0.1,0.35,5,2,,,,,,,,,,,,,,
j120_1.rcp,1,196.7340067,0.673621178,GA_roulette_hybrid_adaptive_random_noLS_withNeighborhood,99,1000,1,50,60,,,,,,adaptive,hybrid,random,FALSE,,,,,,,0.9,0.1,roulette,3,TRUE,FALSE,0.5,0.1,0.35,5,2,,,,,,,,,,,,,,
j120_1.rcp,0,199.9057239,0.676841974,GA_roulette_hybrid_adaptive_random_noLS_noNeighborhood,99,1000,0,50,60,,,,,,adaptive,hybrid,random,FALSE,,,,,,,0.9,0.1,roulette,3,TRUE,FALSE,0.5,0.1,0.35,5,0,,,,,,,,,,,,,,
j120_1.rcp,1,196.7340067,0.67731595,GA_roulette_hybrid_adaptive_random_noLS_noNeighborhood,99,1000,1,50,60,,,,,,adaptive,hybrid,random,FALSE,,,,,,,0.9,0.1,roulette,3,TRUE,FALSE,0.5,0.1,0.35,5,0,,,,,,,,,,,,,,
j120_1.rcp,0,223.1582492,0.461209059,GA_roulette_hybrid_adaptive_heuristic_withLS_withNeighborhood,99,1000,0,50,60,,,,,,adaptive,hybrid,heuristic,TRUE,,,,,,,0.9,0.1,roulette,3,TRUE,FALSE,0.5,0.1,0.35,5,2,,,,,,,,,,,,,,
j120_1.rcp,1,226.0875421,0.456481695,GA_roulette_hybrid_adaptive_heuristic_withLS_withNeighborhood,99,1000,1,50,60,,,,,,adaptive,hybrid,heuristic,TRUE,,,,,,,0.9,0.1,roulette,3,TRUE,FALSE,0.5,0.1,0.35,5,2,,,,,,,,,,,,,,
j120_1.rcp,0,223.1582492,0.459317923,GA_roulette_hybrid_adaptive_heuristic_withLS_noNeighborhood,99,1000,0,50,60,,,,,,adaptive,hybrid,heuristic,TRUE,,,,,,,0.9,0.1,roulette,3,TRUE,FALSE,0.5,0.1,0.35,5,0,,,,,,,,,,,,,,
j120_1.rcp,1,226.0875421,0.45802021,GA_roulette_hybrid_adaptive_heuristic_withLS_noNeighborhood,99,1000,1,50,60,,,,,,adaptive,hybrid,heuristic,TRUE,,,,,,,0.9,0.1,roulette,3,TRUE,FALSE,0.5,0.1,0.35,5,0,,,,,,,,,,,,,,
j120_1.rcp,0,204.7138047,0.676699162,GA_roulette_hybrid_adaptive_heuristic_noLS_withNeighborhood,99,1000,0,50,60,,,,,,adaptive,hybrid,heuristic,FALSE,,,,,,,0.9,0.1,roulette,3,TRUE,FALSE,0.5,0.1,0.35,5,2,,,,,,,,,,,,,,
j120_1.rcp,1,193.7845118,0.680135727,GA_roulette_hybrid_adaptive_heuristic_noLS_withNeighborhood,99,1000,1,50,60,,,,,,adaptive,hybrid,heuristic,FALSE,,,,,,,0.9,0.1,roulette,3,TRUE,FALSE,0.5,0.1,0.35,5,2,,,,,,,,,,,,,,
j120_1.rcp,0,204.7138047,0.679547787,GA_roulette_hybrid_adaptive_heuristic_noLS_noNeighborhood,99,1000,0,50,60,,,,,,adaptive,hybrid,heuristic,FALSE,,,,,,,0.9,0.1,roulette,3,TRUE,FALSE,0.5,0.1,0.35,5,0,,,,,,,,,,,,,,
j120_1.rcp,1,193.7845118,0.681939125,GA_roulette_hybrid_adaptive_heuristic_noLS_noNeighborhood,99,1000,1,50,60,,,,,,adaptive,hybrid,heuristic,FALSE,,,,,,,0.9,0.1,roulette,3,TRUE,FALSE,0.5,0.1,0.35,5,0,,,,,,,,,,,,,,
j120_1.rcp,0,191.7643098,0.451482058,GA_tournament_single_point_random_random_withLS_withNeighborhood,99,1000,0,50,60,,,,,,random,single_point,random,TRUE,,,,,,,0.9,0.1,tournament,3,TRUE,FALSE,0.5,0.1,0.35,5,2,,,,,,,,,,,,,,
j120_1.rcp,1,196.0875421,0.447434902,GA_tournament_single_point_random_random_withLS_withNeighborhood,99,1000,1,50,60,,,,,,random,single_point,random,TRUE,,,,,,,0.9,0.1,tournament,3,TRUE,FALSE,0.5,0.1,0.35,5,2,,,,,,,,,,,,,,
j120_1.rcp,0,191.7643098,0.449187756,GA_tournament_single_point_random_random_withLS_noNeighborhood,99,1000,0,50,60,,,,,,random,single_point,random,TRUE,,,,,,,0.9,0.1,tournament,3,TRUE,FALSE,0.5,0.1,0.35,5,0,,,,,,,,,,,,,,
j120_1.rcp,1,196.0875421,0.448433161,GA_tournament_single_point_random_random_withLS_noNeighborhood,99,1000,1,50,60,,,,,,random,single_point,random,TRUE,,,,,,,0.9,0.1,tournament,3,TRUE,FALSE,0.5,0.1,0.35,5,0,,,,,,,,,,,,,,
j120_1.rcp,0,144.6531987,0.648746967,GA_tournament_single_point_random_random_noLS_withNeighborhood,99,1000,0,50,60,,,,,,random,single_point,random,FALSE,,,,,,,0.9,0.1,tournament,3,TRUE,FALSE,0.5,0.1,0.35,5,2,,,,,,,,,,,,,,
j120_1.rcp,1,153.1178451,0.643935919,GA_tournament_single_point_random_random_noLS_withNeighborhood,99,1000,1,50,60,,,,,,random,single_point,random,FALSE,,,,,,,0.9,0.1,tournament,3,TRUE,FALSE,0.5,0.1,0.35,5,2,,,,,,,,,,,,,,
j120_1.rcp,0,144.6531987,0.646557808,GA_tournament_single_point_random_random_noLS_noNeighborhood,99,1000,0,50,60,,,,,,random,single_point,random,FALSE,,,,,,,0.9,0.1,tournament,3,TRUE,FALSE,0.5,0.1,0.35,5,0,,,,,,,,,,,,,,
j120_1.rcp,1,153.1178451,0.644808054,GA_tournament_single_point_random_random_noLS_noNeighborhood,99,1000,1,50,60,,,,,,random,single_point,random,FALSE,,,,,,,0.9,0.1,tournament,3,TRUE,FALSE,0.5,0.1,0.35,5,0,,,,,,,,,,,,,,
j120_1.rcp,0,205.6228956,0.452292204,GA_tournament_single_point_random_heuristic_withLS_withNeighborhood,99,1000,0,50,60,,,,,,random,single_point,heuristic,TRUE,,,,,,,0.9,0.1,tournament,3,TRUE,FALSE,0.5,0.1,0.35,5,2,,,,,,,,,,,,,,
j120_1.rcp,1,215.5420875,0.453816175,GA_tournament_single_point_random_heuristic_withLS_withNeighborhood,99,1000,1,50,60,,,,,,random,single_point,heuristic,TRUE,,,,,,,0.9,0.1,tournament,3,TRUE,FALSE,0.5,0.1,0.35,5,2,,,,,,,,,,,,,,
j120_1.rcp,0,205.6228956,0.453947067,GA_tournament_single_point_random_heuristic_withLS_noNeighborhood,99,1000,0,50,60,,,,,,random,single_point,heuristic,TRUE,,,,,,,0.9,0.1,tournament,3,TRUE,FALSE,0.5,0.1,0.35,5,0,,,,,,,,,,,,,,
j120_1.rcp,1,215.5420875,0.454786777,GA_tournament_single_point_random_heuristic_withLS_noNeighborhood,99,1000,1,50,60,,,,,,random,single_point,heuristic,TRUE,,,,,,,0.9,0.1,tournament,3,TRUE,FALSE,0.5,0.1,0.35,5,0,,,,,,,,,,,,,,
j120_1.rcp,0,158.6936027,0.648327827,GA_tournament_single_point_random_heuristic_noLS_withNeighborhood,99,1000,0,50,60,,,,,,random,single_point,heuristic,FALSE,,,,,,,0.9,0.1,tournament,3,TRUE,FALSE,0.5,0.1,0.35,5,2,,,,,,,,,,,,,,
j120_1.rcp,1,167.1178451,0.651081085,GA_tournament_single_point_random_heuristic_noLS_withNeighborhood,99,1000,1,50,60,,,,,,random,single_point,heuristic,FALSE,,,,,,,0.9,0.1,tournament,3,TRUE,FALSE,0.5,0.1,0.35,5,2,,,,,,,,,,,,,,
j120_1.rcp,0,158.6936027,0.648121834,GA_tournament_single_point_random_heuristic_noLS_noNeighborhood,99,1000,0,50,60,,,,,,random,single_point,heuristic,FALSE,,,,,,,0.9,0.1,tournament,3,TRUE,FALSE,0.5,0.1,0.35,5,0,,,,,,,,,,,,,,
j120_1.rcp,1,167.1178451,0.650527,GA_tournament_single_point_random_heuristic_noLS_noNeighborhood,99,1000,1,50,60,,,,,,random,single_point,heuristic,FALSE,,,,,,,0.9,0.1,tournament,3,TRUE,FALSE,0.5,0.1,0.35,5,0,,,,,,,,,,,,,,
j120_1.rcp,0,173.1178451,0.456600666,GA_tournament_single_point_adaptive_random_withLS_withNeighborhood,99,1000,0,50,60,,,,,,adaptive,single_point,random,TRUE,,,,,,,0.9,0.1,tournament,3,TRUE,FALSE,0.5,0.1,0.35,5,2,,,,,,,,,,,,,,
j120_1.rcp,1,190.0875421,0.45744729,GA_tournament_single_point_adaptive_random_withLS_withNeighborhood,99,1000,1,50,60,,,,,,adaptive,single_point,random,TRUE,,,,,,,0.9,0.1,tournament,3,TRUE,FALSE,0.5,0.1,0.35,5,2,,,,,,,,,,,,,,
j120_1.rcp,0,173.1178451,0.45557785,GA_tournament_single_point_adaptive_random_withLS_noNeighborhood,99,1000,0,50,60,,,,,,adaptive,single_point,random,TRUE,,,,,,,0.9,0.1,tournament,3,TRUE,FALSE,0.5,0.1,0.35,5,0,,,,,,,,,,,,,,
j120_1.rcp,1,190.0875421,0.457542896,GA_tournament_single_point_adaptive_random_withLS_noNeighborhood,99,1000,1,50,60,,,,,,adaptive,single_point,random,TRUE,,,,,,,0.9,0.1,tournament,3,TRUE,FALSE,0.5,0.1,0.35,5,0,,,,,,,,,,,,,,
j120_1.rcp,0,173.1178451,0.682250023,GA_tournament_single_point_adaptive_random_noLS_withNeighborhood,99,1000,0,50,60,,,,,,adaptive,single_point,random,FALSE,,,,,,,0.9,0.1,tournament,3,TRUE,FALSE,0.5,0.1,0.35,5,2,,,,,,,,,,,,,,
j120_1.rcp,1,163.9259259,0.684898853,GA_tournament_single_point_adaptive_random_noLS_withNeighborhood,99,1000,1,50,60,,,,,,adaptive,single_point,random,FALSE,,,,,,,0.9,0.1,tournament,3,TRUE,FALSE,0.5,0.1,0.35,5,2,,,,,,,,,,,,,,
j120_1.rcp,0,173.1178451,0.690588236,GA_tournament_single_point_adaptive_random_noLS_noNeighborhood,99,1000,0,50,60,,,,,,adaptive,single_point,random,FALSE,,,,,,,0.9,0.1,tournament,3,TRUE,FALSE,0.5,0.1,0.35,5,0,,,,,,,,,,,,,,
j120_1.rcp,1,163.9259259,0.685376883,GA_tournament_single_point_adaptive_random_noLS_noNeighborhood,99,1000,1,50,60,,,,,,adaptive,single_point,random,FALSE,,,,,,,0.9,0.1,tournament,3,TRUE,FALSE,0.5,0.1,0.35,5,0,,,,,,,,,,,,,,
j120_1.rcp,0,201.016835,0.458917141,GA_tournament_single_point_adaptive_heuristic_withLS_withNeighborhood,99,1000,0,50,60,,,,,,adaptive,single_point,heuristic,TRUE,,,,,,,0.9,0.1,tournament,3,TRUE,FALSE,0.5,0.1,0.35,5,2,,,,,,,,,,,,,,
j120_1.rcp,1,196.3097643,0.45907402,GA_tournament_single_point_adaptive_heuristic_withLS_withNeighborhood,99,1000,1,50,60,,,,,,adaptive,single_point,heuristic,TRUE,,,,,,,0.9,0.1,tournament,3,TRUE,FALSE,0.5,0.1,0.35,5,2,,,,,,,,,,,,,,
j120_1.rcp,0,201.016835,0.460121155,GA_tournament_single_point_adaptive_heuristic_withLS_noNeighborhood,99,1000,0,50,60,,,,,,adaptive,single_point,heuristic,TRUE,,,,,,,0.9,0.1,tournament,3,TRUE,FALSE,0.5,0.1,0.35,5,0,,,,,,,,,,,,,,
j120_1.rcp,1,196.3097643,0.461732864,GA_tournament_single_point_adaptive_heuristic_withLS_noNeighborhood,99,1000,1,50,60,,,,,,adaptive,single_point,heuristic,TRUE,,,,,,,0.9,0.1,tournament,3,TRUE,FALSE,0.5,0.1,0.35,5,0,,,,,,,,,,,,,,
j120_1.rcp,0,178.2289562,0.684205055,GA_tournament_single_point_adaptive_heuristic_noLS_withNeighborhood,99,1000,0,50,60,,,,,,adaptive,single_point,heuristic,FALSE,,,,,,,0.9,0.1,tournament,3,TRUE,FALSE,0.5,0.1,0.35,5,2,,,,,,,,,,,,,,
j120_1.rcp,1,177.3400673,0.688992023,GA_tournament_single_point_adaptive_heuristic_noLS_withNeighborhood,99,1000,1,50,60,,,,,,adaptive,single_point,heuristic,FALSE,,,,,,,0.9,0.1,tournament,3,TRUE,FALSE,0.5,0.1,0.35,5,2,,,,,,,,,,,,,,
j120_1.rcp,0,178.2289562,0.684319973,GA_tournament_single_point_adaptive_heuristic_noLS_noNeighborhood,99,1000,0,50,60,,,,,,adaptive,single_point,heuristic,FALSE,,,,,,,0.9,0.1,tournament,3,TRUE,FALSE,0.5,0.1,0.35,5,0,,,,,,,,,,,,,,
j120_1.rcp,1,177.3400673,0.686148882,GA_tournament_single_point_adaptive_heuristic_noLS_noNeighborhood,99,1000,1,50,60,,,,,,adaptive,single_point,heuristic,FALSE,,,,,,,0.9,0.1,tournament,3,TRUE,FALSE,0.5,0.1,0.35,5,0,,,,,,,,,,,,,,
j120_1.rcp,0,182.2693603,0.449164867,GA_tournament_two_point_random_random_withLS_withNeighborhood,99,1000,0,50,60,,,,,,random,two_point,random,TRUE,,,,,,,0.9,0.1,tournament,3,TRUE,FALSE,0.5,0.1,0.35,5,2,,,,,,,,,,,,,,
j120_1.rcp,1,184.006734,0.449301004,GA_tournament_two_point_random_random_withLS_withNeighborhood,99,1000,1,50,60,,,,,,random,two_point,random,TRUE,,,,,,,0.9,0.1,tournament,3,TRUE,FALSE,0.5,0.1,0.35,5,2,,,,,,,,,,,,,,
j120_1.rcp,0,182.2693603,0.449932098,GA_tournament_two_point_random_random_withLS_noNeighborhood,99,1000,0,50,60,,,,,,random,two_point,random,TRUE,,,,,,,0.9,0.1,tournament,3,TRUE,FALSE,0.5,0.1,0.35,5,0,,,,,,,,,,,,,,
j120_1.rcp,1,184.006734,0.44709301,GA_tournament_two_point_random_random_withLS_noNeighborhood,99,1000,1,50,60,,,,,,random,two_point,random,TRUE,,,,,,,0.9,0.1,tournament,3,TRUE,FALSE,0.5,0.1,0.35,5,0,,,,,,,,,,,,,,
j120_1.rcp,0,165.2592593,0.645037889,GA_tournament_two_point_random_random_noLS_withNeighborhood,99,1000,0,50,60,,,,,,random,two_point,random,FALSE,,,,,,,0.9,0.1,tournament,3,TRUE,FALSE,0.5,0.1,0.35,5,2,,,,,,,,,,,,,,
j120_1.rcp,1,164.3703704,0.644582033,GA_tournament_two_point_random_random_noLS_withNeighborhood,99,1000,1,50,60,,,,,,random,two_point,random,FALSE,,,,,,,0.9,0.1,tournament,3,TRUE,FALSE,0.5,0.1,0.35,5,2,,,,,,,,,,,,,,
j120_1.rcp,0,165.2592593,0.645250082,GA_tournament_two_point_random_random_noLS_noNeighborhood,99,1000,0,50,60,,,,,,random,two_point,random,FALSE,,,,,,,0.9,0.1,tournament,3,TRUE,FALSE,0.5,0.1,0.35,5,0,,,,,,,,,,,,,,
j120_1.rcp,1,164.3703704,0.645992756,GA_tournament_two_point_random_random_noLS_noNeighborhood,99,1000,1,50,60,,,,,,random,two_point,random,FALSE,,,,,,,0.9,0.1,tournament,3,TRUE,FALSE,0.5,0.1,0.35,5,0,,,,,,,,,,,,,,
j120_1.rcp,0,223.2188552,0.454087019,GA_tournament_two_point_random_heuristic_withLS_withNeighborhood,99,1000,0,50,60,,,,,,random,two_point,heuristic,TRUE,,,,,,,0.9,0.1,tournament,3,TRUE,FALSE,0.5,0.1,0.35,5,2,,,,,,,,,,,,,,
j120_1.rcp,1,227.8047138,0.451777935,GA_tournament_two_point_random_heuristic_withLS_withNeighborhood,99,1000,1,50,60,,,,,,random,two_point,heuristic,TRUE,,,,,,,0.9,0.1,tournament,3,TRUE,FALSE,0.5,0.1,0.35,5,2,,,,,,,,,,,,,,
j120_1.rcp,0,223.2188552,0.453459024,GA_tournament_two_point_random_heuristic_withLS_noNeighborhood,99,1000,0,50,60,,,,,,random,two_point,heuristic,TRUE,,,,,,,0.9,0.1,tournament,3,TRUE,FALSE,0.5,0.1,0.35,5,0,,,,,,,,,,,,,,
j120_1.rcp,1,227.8047138,0.452318907,GA_tournament_two_point_random_heuristic_withLS_noNeighborhood,99,1000,1,50,60,,,,,,random,two_point,heuristic,TRUE,,,,,,,0.9,0.1,tournament,3,TRUE,FALSE,0.5,0.1,0.35,5,0,,,,,,,,,,,,,,
j120_1.rcp,0,178.6127946,0.65132308,GA_tournament_two_point_random_heuristic_noLS_withNeighborhood,99,1000,0,50,60,,,,,,random,two_point,heuristic,FALSE,,,,,,,0.9,0.1,tournament,3,TRUE,FALSE,0.5,0.1,0.35,5,2,,,,,,,,,,,,,,
j120_1.rcp,1,190.2491582,0.655508995,GA_tournament_two_point_random_heuristic_noLS_withNeighborhood,99,1000,1,50,60,,,,,,random,two_point,heuristic,FALSE,,,,,,,0.9,0.1,tournament,3,TRUE,FALSE,0.5,0.1,0.35,5,2,,,,,,,,,,,,,,
j120_1.rcp,0,178.6127946,0.651701927,GA_tournament_two_point_random_heuristic_noLS_noNeighborhood,99,1000,0,50,60,,,,,,random,two_point,heuristic,FALSE,,,,,,,0.9,0.1,tournament,3,TRUE,FALSE,0.5,0.1,0.35,5,0,,,,,,,,,,,,,,
j120_1.rcp,1,190.2491582,0.649179935,GA_tournament_two_point_random_heuristic_noLS_noNeighborhood,99,1000,1,50,60,,,,,,random,two_point,heuristic,FALSE,,,,,,,0.9,0.1,tournament,3,TRUE,FALSE,0.5,0.1,0.35,5,0,,,,,,,,,,,,,,
j120_1.rcp,0,199.9057239,0.4584198,GA_tournament_two_point_adaptive_random_withLS_withNeighborhood,99,1000,0,50,60,,,,,,adaptive,two_point,random,TRUE,,,,,,,0.9,0.1,tournament,3,TRUE,FALSE,0.5,0.1,0.35,5,2,,,,,,,,,,,,,,
j120_1.rcp,1,193.3602694,0.457576275,GA_tournament_two_point_adaptive_random_withLS_withNeighborhood,99,1000,1,50,60,,,,,,adaptive,two_point,random,TRUE,,,,,,,0.9,0.1,tournament,3,TRUE,FALSE,0.5,0.1,0.35,5,2,,,,,,,,,,,,,,
j120_1.rcp,0,199.9057239,0.457538128,GA_tournament_two_point_adaptive_random_withLS_noNeighborhood,99,1000,0,50,60,,,,,,adaptive,two_point,random,TRUE,,,,,,,0.9,0.1,tournament,3,TRUE,FALSE,0.5,0.1,0.35,5,0,,,,,,,,,,,,,,
j120_1.rcp,1,193.3602694,0.45464015,GA_tournament_two_point_adaptive_random_withLS_noNeighborhood,99,1000,1,50,60,,,,,,adaptive,two_point,random,TRUE,,,,,,,0.9,0.1,tournament,3,TRUE,FALSE,0.5,0.1,0.35,5,0,,,,,,,,,,,,,,
j120_1.rcp,0,175.9057239,0.682758331,GA_tournament_two_point_adaptive_random_noLS_withNeighborhood,99,1000,0,50,60,,,,,,adaptive,two_point,random,FALSE,,,,,,,0.9,0.1,tournament,3,TRUE,FALSE,0.5,0.1,0.35,5,2,,,,,,,,,,,,,,
j120_1.rcp,1,159.2188552,0.685942173,GA_tournament_two_point_adaptive_random_noLS_withNeighborhood,99,1000,1,50,60,,,,,,adaptive,two_point,random,FALSE,,,,,,,0.9,0.1,tournament,3,TRUE,FALSE,0.5,0.1,0.35,5,2,,,,,,,,,,,,,,
j120_1.rcp,0,175.9057239,0.685710907,GA_tournament_two_point_adaptive_random_noLS_noNeighborhood,99,1000,0,50,60,,,,,,adaptive,two_point,random,FALSE,,,,,,,0.9,0.1,tournament,3,TRUE,FALSE,0.5,0.1,0.35,5,0,,,,,,,,,,,,,,
j120_1.rcp,1,159.2188552,0.688051939,GA_tournament_two_point_adaptive_random_noLS_noNeighborhood,99,1000,1,50,60,,,,,,adaptive,two_point,random,FALSE,,,,,,,0.9,0.1,tournament,3,TRUE,FALSE,0.5,0.1,0.35,5,0,,,,,,,,,,,,,,
j120_1.rcp,0,193.1986532,0.460837841,GA_tournament_two_point_adaptive_heuristic_withLS_withNeighborhood,99,1000,0,50,60,,,,,,adaptive,two_point,heuristic,TRUE,,,,,,,0.9,0.1,tournament,3,TRUE,FALSE,0.5,0.1,0.35,5,2,,,,,,,,,,,,,,
j120_1.rcp,1,213.9057239,0.460645914,GA_tournament_two_point_adaptive_heuristic_withLS_withNeighborhood,99,1000,1,50,60,,,,,,adaptive,two_point,heuristic,TRUE,,,,,,,0.9,0.1,tournament,3,TRUE,FALSE,0.5,0.1,0.35,5,2,,,,,,,,,,,,,,
j120_1.rcp,0,193.1986532,0.461242199,GA_tournament_two_point_adaptive_heuristic_withLS_noNeighborhood,99,1000,0,50,60,,,,,,adaptive,two_point,heuristic,TRUE,,,,,,,0.9,0.1,tournament,3,TRUE,FALSE,0.5,0.1,0.35,5,0,,,,,,,,,,,,,,
j120_1.rcp,1,213.9057239,0.460212946,GA_tournament_two_point_adaptive_heuristic_withLS_noNeighborhood,99,1000,1,50,60,,,,,,adaptive,two_point,heuristic,TRUE,,,,,,,0.9,0.1,tournament,3,TRUE,FALSE,0.5,0.1,0.35,5,0,,,,,,,,,,,,,,
j120_1.rcp,0,170.4713805,0.688377142,GA_tournament_two_point_adaptive_heuristic_noLS_withNeighborhood,99,1000,0,50,60,,,,,,adaptive,two_point,heuristic,FALSE,,,,,,,0.9,0.1,tournament,3,TRUE,FALSE,0.5,0.1,0.35,5,2,,,,,,,,,,,,,,
j120_1.rcp,1,182.4107744,0.687256098,GA_tournament_two_point_adaptive_heuristic_noLS_withNeighborhood,99,1000,1,50,60,,,,,,adaptive,two_point,heuristic,FALSE,,,,,,,0.9,0.1,tournament,3,TRUE,FALSE,0.5,0.1,0.35,5,2,,,,,,,,,,,,,,
j120_1.rcp,0,170.4713805,0.688826084,GA_tournament_two_point_adaptive_heuristic_noLS_noNeighborhood,99,1000,0,50,60,,,,,,adaptive,two_point,heuristic,FALSE,,,,,,,0.9,0.1,tournament,3,TRUE,FALSE,0.5,0.1,0.35,5,0,,,,,,,,,,,,,,
j120_1.rcp,1,182.4107744,0.685949087,GA_tournament_two_point_adaptive_heuristic_noLS_noNeighborhood,99,1000,1,50,60,,,,,,adaptive,two_point,heuristic,FALSE,,,,,,,0.9,0.1,tournament,3,TRUE,FALSE,0.5,0.1,0.35,5,0,,,,,,,,,,,,,,
j120_1.rcp,0,174.8552189,5.722613096,GA_tournament_rcx_random_random_withLS_withNeighborhood,99,1000,0,50,60,,,,,,random,rcx,random,TRUE,,,,,,,0.9,0.1,tournament,3,TRUE,FALSE,0.5,0.1,0.35,5,2,,,,,,,,,,,,,,
j120_1.rcp,1,166.7946128,5.646075964,GA_tournament_rcx_random_random_withLS_withNeighborhood,99,1000,1,50,60,,,,,,random,rcx,random,TRUE,,,,,,,0.9,0.1,tournament,3,TRUE,FALSE,0.5,0.1,0.35,5,2,,,,,,,,,,,,,,
j120_1.rcp,0,174.8552189,5.714611292,GA_tournament_rcx_random_random_withLS_noNeighborhood,99,1000,0,50,60,,,,,,random,rcx,random,TRUE,,,,,,,0.9,0.1,tournament,3,TRUE,FALSE,0.5,0.1,0.35,5,0,,,,,,,,,,,,,,
j120_1.rcp,1,166.7946128,5.634006023,GA_tournament_rcx_random_random_withLS_noNeighborhood,99,1000,1,50,60,,,,,,random,rcx,random,TRUE,,,,,,,0.9,0.1,tournament,3,TRUE,FALSE,0.5,0.1,0.35,5,0,,,,,,,,,,,,,,
j120_1.rcp,0,152.9158249,21.17765999,GA_tournament_rcx_random_random_noLS_withNeighborhood,99,1000,0,50,60,,,,,,random,rcx,random,FALSE,,,,,,,0.9,0.1,tournament,3,TRUE,FALSE,0.5,0.1,0.35,5,2,,,,,,,,,,,,,,
j120_1.rcp,1,126.8956229,20.88203311,GA_tournament_rcx_random_random_noLS_withNeighborhood,99,1000,1,50,60,,,,,,random,rcx,random,FALSE,,,,,,,0.9,0.1,tournament,3,TRUE,FALSE,0.5,0.1,0.35,5,2,,,,,,,,,,,,,,
j120_1.rcp,0,152.9158249,21.09634304,GA_tournament_rcx_random_random_noLS_noNeighborhood,99,1000,0,50,60,,,,,,random,rcx,random,FALSE,,,,,,,0.9,0.1,tournament,3,TRUE,FALSE,0.5,0.1,0.35,5,0,,,,,,,,,,,,,,
j120_1.rcp,1,126.8956229,20.85965395,GA_tournament_rcx_random_random_noLS_noNeighborhood,99,1000,1,50,60,,,,,,random,rcx,random,FALSE,,,,,,,0.9,0.1,tournament,3,TRUE,FALSE,0.5,0.1,0.35,5,0,,,,,,,,,,,,,,
j120_1.rcp,0,199.8249158,5.189360857,GA_tournament_rcx_random_heuristic_withLS_withNeighborhood,99,1000,0,50,60,,,,,,random,rcx,heuristic,TRUE,,,,,,,0.9,0.1,tournament,3,TRUE,FALSE,0.5,0.1,0.35,5,2,,,,,,,,,,,,,,
j120_1.rcp,1,175.6228956,5.373751163,GA_tournament_rcx_random_heuristic_withLS_withNeighborhood,99,1000,1,50,60,,,,,,random,rcx,heuristic,TRUE,,,,,,,0.9,0.1,tournament,3,TRUE,FALSE,0.5,0.1,0.35,5,2,,,,,,,,,,,,,,
j120_1.rcp,0,199.8249158,5.162485838,GA_tournament_rcx_random_heuristic_withLS_noNeighborhood,99,1000,0,50,60,,,,,,random,rcx,heuristic,TRUE,,,,,,,0.9,0.1,tournament,3,TRUE,FALSE,0.5,0.1,0.35,5,0,,,,,,,,,,,,,,
j120_1.rcp,1,175.6228956,5.391149044,GA_tournament_rcx_random_heuristic_withLS_noNeighborhood,99,1000,1,50,60,,,,,,random,rcx,heuristic,TRUE,,,,,,,0.9,0.1,tournament,3,TRUE,FALSE,0.5,0.1,0.35,5,0,,,,,,,,,,,,,,
j120_1.rcp,0,160.9360269,20.12039208,GA_tournament_rcx_random_heuristic_noLS_withNeighborhood,99,1000,0,50,60,,,,,,random,rcx,heuristic,FALSE,,,,,,,0.9,0.1,tournament,3,TRUE,FALSE,0.5,0.1,0.35,5,2,,,,,,,,,,,,,,
j120_1.rcp,1,160.8148148,21.04249597,GA_tournament_rcx_random_heuristic_noLS_withNeighborhood,99,1000,1,50,60,,,,,,random,rcx,heuristic,FALSE,,,,,,,0.9,0.1,tournament,3,TRUE,FALSE,0.5,0.1,0.35,5,2,,,,,,,,,,,,,,
j120_1.rcp,0,160.9360269,20.11450911,GA_tournament_rcx_random_heuristic_noLS_noNeighborhood,99,1000,0,50,60,,,,,,random,rcx,heuristic,FALSE,,,,,,,0.9,0.1,tournament,3,TRUE,FALSE,0.5,0.1,0.35,5,0,,,,,,,,,,,,,,
j120_1.rcp,1,160.8148148,21.01387215,GA_tournament_rcx_random_heuristic_noLS_noNeighborhood,99,1000,1,50,60,,,,,,random,rcx,heuristic,FALSE,,,,,,,0.9,0.1,tournament,3,TRUE,FALSE,0.5,0.1,0.35,5,0,,,,,,,,,,,,,,
j120_1.rcp,0,199.9057239,5.507401228,GA_tournament_rcx_adaptive_random_withLS_withNeighborhood,99,1000,0,50,60,,,,,,adaptive,rcx,random,TRUE,,,,,,,0.9,0.1,tournament,3,TRUE,FALSE,0.5,0.1,0.35,5,2,,,,,,,,,,,,,,
j120_1.rcp,1,202.1885522,5.656068087,GA_tournament_rcx_adaptive_random_withLS_withNeighborhood,99,1000,1,50,60,,,,,,adaptive,rcx,random,TRUE,,,,,,,0.9,0.1,tournament,3,TRUE,FALSE,0.5,0.1,0.35,5,2,,,,,,,,,,,,,,
j120_1.rcp,0,199.9057239,5.50190115,GA_tournament_rcx_adaptive_random_withLS_noNeighborhood,99,1000,0,50,60,,,,,,adaptive,rcx,random,TRUE,,,,,,,0.9,0.1,tournament,3,TRUE,FALSE,0.5,0.1,0.35,5,0,,,,,,,,,,,,,,
j120_1.rcp,1,202.1885522,5.709510088,GA_tournament_rcx_adaptive_random_withLS_noNeighborhood,99,1000,1,50,60,,,,,,adaptive,rcx,random,TRUE,,,,,,,0.9,0.1,tournament,3,TRUE,FALSE,0.5,0.1,0.35,5,0,,,,,,,,,,,,,,
j120_1.rcp,0,188.2895623,20.78462005,GA_tournament_rcx_adaptive_random_noLS_withNeighborhood,99,1000,0,50,60,,,,,,adaptive,rcx,random,FALSE,,,,,,,0.9,0.1,tournament,3,TRUE,FALSE,0.5,0.1,0.35,5,2,,,,,,,,,,,,,,
j120_1.rcp,1,173.9461279,21.13580585,GA_tournament_rcx_adaptive_random_noLS_withNeighborhood,99,1000,1,50,60,,,,,,adaptive,rcx,random,FALSE,,,,,,,0.9,0.1,tournament,3,TRUE,FALSE,0.5,0.1,0.35,5,2,,,,,,,,,,,,,,
j120_1.rcp,0,188.2895623,20.80998182,GA_tournament_rcx_adaptive_random_noLS_noNeighborhood,99,1000,0,50,60,,,,,,adaptive,rcx,random,FALSE,,,,,,,0.9,0.1,tournament,3,TRUE,FALSE,0.5,0.1,0.35,5,0,,,,,,,,,,,,,,
j120_1.rcp,1,173.9461279,21.15393591,GA_tournament_rcx_adaptive_random_noLS_noNeighborhood,99,1000,1,50,60,,,,,,adaptive,rcx,random,FALSE,,,,,,,0.9,0.1,tournament,3,TRUE,FALSE,0.5,0.1,0.35,5,0,,,,,,,,,,,,,,
j120_1.rcp,0,206.4915825,5.210781097,GA_tournament_rcx_adaptive_heuristic_withLS_withNeighborhood,99,1000,0,50,60,,,,,,adaptive,rcx,heuristic,TRUE,,,,,,,0.9,0.1,tournament,3,TRUE,FALSE,0.5,0.1,0.35,5,2,,,,,,,,,,,,,,
j120_1.rcp,1,199.2390572,5.332294941,GA_tournament_rcx_adaptive_heuristic_withLS_withNeighborhood,99,1000,1,50,60,,,,,,adaptive,rcx,heuristic,TRUE,,,,,,,0.9,0.1,tournament,3,TRUE,FALSE,0.5,0.1,0.35,5,2,,,,,,,,,,,,,,
j120_1.rcp,0,206.4915825,5.198956013,GA_tournament_rcx_adaptive_heuristic_withLS_noNeighborhood,99,1000,0,50,60,,,,,,adaptive,rcx,heuristic,TRUE,,,,,,,0.9,0.1,tournament,3,TRUE,FALSE,0.5,0.1,0.35,5,0,,,,,,,,,,,,,,
j120_1.rcp,1,199.2390572,5.321027994,GA_tournament_rcx_adaptive_heuristic_withLS_noNeighborhood,99,1000,1,50,60,,,,,,adaptive,rcx,heuristic,TRUE,,,,,,,0.9,0.1,tournament,3,TRUE,FALSE,0.5,0.1,0.35,5,0,,,,,,,,,,,,,,
j120_1.rcp,0,172.1683502,19.95782924,GA_tournament_rcx_adaptive_heuristic_noLS_withNeighborhood,99,1000,0,50,60,,,,,,adaptive,rcx,heuristic,FALSE,,,,,,,0.9,0.1,tournament,3,TRUE,FALSE,0.5,0.1,0.35,5,2,,,,,,,,,,,,,,
j120_1.rcp,1,165.0572391,20.66671515,GA_tournament_rcx_adaptive_heuristic_noLS_withNeighborhood,99,1000,1,50,60,,,,,,adaptive,rcx,heuristic,FALSE,,,,,,,0.9,0.1,tournament,3,TRUE,FALSE,0.5,0.1,0.35,5,2,,,,,,,,,,,,,,
j120_1.rcp,0,172.1683502,19.93488789,GA_tournament_rcx_adaptive_heuristic_noLS_noNeighborhood,99,1000,0,50,60,,,,,,adaptive,rcx,heuristic,FALSE,,,,,,,0.9,0.1,tournament,3,TRUE,FALSE,0.5,0.1,0.35,5,0,,,,,,,,,,,,,,
j120_1.rcp,1,165.0572391,20.65672803,GA_tournament_rcx_adaptive_heuristic_noLS_noNeighborhood,99,1000,1,50,60,,,,,,adaptive,rcx,heuristic,FALSE,,,,,,,0.9,0.1,tournament,3,TRUE,FALSE,0.5,0.1,0.35,5,0,,,,,,,,,,,,,,
j120_1.rcp,0,183.5420875,3.062200069,GA_tournament_hybrid_random_random_withLS_withNeighborhood,99,1000,0,50,60,,,,,,random,hybrid,random,TRUE,,,,,,,0.9,0.1,tournament,3,TRUE,FALSE,0.5,0.1,0.35,5,2,,,,,,,,,,,,,,
j120_1.rcp,1,198.0875421,3.120063782,GA_tournament_hybrid_random_random_withLS_withNeighborhood,99,1000,1,50,60,,,,,,random,hybrid,random,TRUE,,,,,,,0.9,0.1,tournament,3,TRUE,FALSE,0.5,0.1,0.35,5,2,,,,,,,,,,,,,,
j120_1.rcp,0,183.5420875,3.05843997,GA_tournament_hybrid_random_random_withLS_noNeighborhood,99,1000,0,50,60,,,,,,random,hybrid,random,TRUE,,,,,,,0.9,0.1,tournament,3,TRUE,FALSE,0.5,0.1,0.35,5,0,,,,,,,,,,,,,,
j120_1.rcp,1,198.0875421,3.105705976,GA_tournament_hybrid_random_random_withLS_noNeighborhood,99,1000,1,50,60,,,,,,random,hybrid,random,TRUE,,,,,,,0.9,0.1,tournament,3,TRUE,FALSE,0.5,0.1,0.35,5,0,,,,,,,,,,,,,,
j120_1.rcp,0,156.5117845,11.09608078,GA_tournament_hybrid_random_random_noLS_withNeighborhood,99,1000,0,50,60,,,,,,random,hybrid,random,FALSE,,,,,,,0.9,0.1,tournament,3,TRUE,FALSE,0.5,0.1,0.35,5,2,,,,,,,,,,,,,,
j120_1.rcp,1,154.1077441,11.00525427,GA_tournament_hybrid_random_random_noLS_withNeighborhood,99,1000,1,50,60,,,,,,random,hybrid,random,FALSE,,,,,,,0.9,0.1,tournament,3,TRUE,FALSE,0.5,0.1,0.35,5,2,,,,,,,,,,,,,,
j120_1.rcp,0,156.5117845,11.09133887,GA_tournament_hybrid_random_random_noLS_noNeighborhood,99,1000,0,50,60,,,,,,random,hybrid,random,FALSE,,,,,,,0.9,0.1,tournament,3,TRUE,FALSE,0.5,0.1,0.35,5,0,,,,,,,,,,,,,,
j120_1.rcp,1,154.1077441,11.02361584,GA_tournament_hybrid_random_random_noLS_noNeighborhood,99,1000,1,50,60,,,,,,random,hybrid,random,FALSE,,,,,,,0.9,0.1,tournament,3,TRUE,FALSE,0.5,0.1,0.35,5,0,,,,,,,,,,,,,,
j120_1.rcp,0,208.1077441,2.875803232,GA_tournament_hybrid_random_heuristic_withLS_withNeighborhood,99,1000,0,50,60,,,,,,random,hybrid,heuristic,TRUE,,,,,,,0.9,0.1,tournament,3,TRUE,FALSE,0.5,0.1,0.35,5,2,,,,,,,,,,,,,,
j120_1.rcp,1,204.6734007,2.86880517,GA_tournament_hybrid_random_heuristic_withLS_withNeighborhood,99,1000,1,50,60,,,,,,random,hybrid,heuristic,TRUE,,,,,,,0.9,0.1,tournament,3,TRUE,FALSE,0.5,0.1,0.35,5,2,,,,,,,,,,,,,,
j120_1.rcp,0,208.1077441,2.865301132,GA_tournament_hybrid_random_heuristic_withLS_noNeighborhood,99,1000,0,50,60,,,,,,random,hybrid,heuristic,TRUE,,,,,,,0.9,0.1,tournament,3,TRUE,FALSE,0.5,0.1,0.35,5,0,,,,,,,,,,,,,,
j120_1.rcp,1,204.6734007,2.877597094,GA_tournament_hybrid_random_heuristic_withLS_noNeighborhood,99,1000,1,50,60,,,,,,random,hybrid,heuristic,TRUE,,,,,,,0.9,0.1,tournament,3,TRUE,FALSE,0.5,0.1,0.35,5,0,,,,,,,,,,,,,,
j120_1.rcp,0,166.4713805,10.97720385,GA_tournament_hybrid_random_heuristic_noLS_withNeighborhood,99,1000,0,50,60,,,,,,random,hybrid,heuristic,FALSE,,,,,,,0.9,0.1,tournament,3,TRUE,FALSE,0.5,0.1,0.35,5,2,,,,,,,,,,,,,,
j120_1.rcp,1,154.4107744,11.07821202,GA_tournament_hybrid_random_heuristic_noLS_withNeighborhood,99,1000,1,50,60,,,,,,random,hybrid,heuristic,FALSE,,,,,,,0.9,0.1,tournament,3,TRUE,FALSE,0.5,0.1,0.35,5,2,,,,,,,,,,,,,,
j120_1.rcp,0,166.4713805,11.00851393,GA_tournament_hybrid_random_heuristic_noLS_noNeighborhood,99,1000,0,50,60,,,,,,random,hybrid,heuristic,FALSE,,,,,,,0.9,0.1,tournament,3,TRUE,FALSE,0.5,0.1,0.35,5,0,,,,,,,,,,,,,,
j120_1.rcp,1,154.4107744,11.02014208,GA_tournament_hybrid_random_heuristic_noLS_noNeighborhood,99,1000,1,50,60,,,,,,random,hybrid,heuristic,FALSE,,,,,,,0.9,0.1,tournament,3,TRUE,FALSE,0.5,0.1,0.35,5,0,,,,,,,,,,,,,,
j120_1.rcp,0,199.9057239,3.273782015,GA_tournament_hybrid_adaptive_random_withLS_withNeighborhood,99,1000,0,50,60,,,,,,adaptive,hybrid,random,TRUE,,,,,,,0.9,0.1,tournament,3,TRUE,FALSE,0.5,0.1,0.35,5,2,,,,,,,,,,,,,,
j120_1.rcp,1,177.1986532,3.168379784,GA_tournament_hybrid_adaptive_random_withLS_withNeighborhood,99,1000,1,50,60,,,,,,adaptive,hybrid,random,TRUE,,,,,,,0.9,0.1,tournament,3,TRUE,FALSE,0.5,0.1,0.35,5,2,,,,,,,,,,,,,,
j120_1.rcp,0,199.9057239,3.276880264,GA_tournament_hybrid_adaptive_random_withLS_noNeighborhood,99,1000,0,50,60,,,,,,adaptive,hybrid,random,TRUE,,,,,,,0.9,0.1,tournament,3,TRUE,FALSE,0.5,0.1,0.35,5,0,,,,,,,,,,,,,,
j120_1.rcp,1,177.1986532,3.183880091,GA_tournament_hybrid_adaptive_random_withLS_noNeighborhood,99,1000,1,50,60,,,,,,adaptive,hybrid,random,TRUE,,,,,,,0.9,0.1,tournament,3,TRUE,FALSE,0.5,0.1,0.35,5,0,,,,,,,,,,,,,,
j120_1.rcp,0,185.5824916,11.56053615,GA_tournament_hybrid_adaptive_random_noLS_withNeighborhood,99,1000,0,50,60,,,,,,adaptive,hybrid,random,FALSE,,,,,,,0.9,0.1,tournament,3,TRUE,FALSE,0.5,0.1,0.35,5,2,,,,,,,,,,,,,,
j120_1.rcp,1,172.2087542,11.37730789,GA_tournament_hybrid_adaptive_random_noLS_withNeighborhood,99,1000,1,50,60,,,,,,adaptive,hybrid,random,FALSE,,,,,,,0.9,0.1,tournament,3,TRUE,FALSE,0.5,0.1,0.35,5,2,,,,,,,,,,,,,,
j120_1.rcp,0,185.5824916,11.51036692,GA_tournament_hybrid_adaptive_random_noLS_noNeighborhood,99,1000,0,50,60,,,,,,adaptive,hybrid,random,FALSE,,,,,,,0.9,0.1,tournament,3,TRUE,FALSE,0.5,0.1,0.35,5,0,,,,,,,,,,,,,,
j120_1.rcp,1,172.2087542,11.35946083,GA_tournament_hybrid_adaptive_random_noLS_noNeighborhood,99,1000,1,50,60,,,,,,adaptive,hybrid,random,FALSE,,,,,,,0.9,0.1,tournament,3,TRUE,FALSE,0.5,0.1,0.35,5,0,,,,,,,,,,,,,,
j120_1.rcp,0,195.037037,3.176697969,GA_tournament_hybrid_adaptive_heuristic_withLS_withNeighborhood,99,1000,0,50,60,,,,,,adaptive,hybrid,heuristic,TRUE,,,,,,,0.9,0.1,tournament,3,TRUE,FALSE,0.5,0.1,0.35,5,2,,,,,,,,,,,,,,
j120_1.rcp,1,206.8956229,3.195808649,GA_tournament_hybrid_adaptive_heuristic_withLS_withNeighborhood,99,1000,1,50,60,,,,,,adaptive,hybrid,heuristic,TRUE,,,,,,,0.9,0.1,tournament,3,TRUE,FALSE,0.5,0.1,0.35,5,2,,,,,,,,,,,,,,
j120_1.rcp,0,195.037037,3.171897173,GA_tournament_hybrid_adaptive_heuristic_withLS_noNeighborhood,99,1000,0,50,60,,,,,,adaptive,hybrid,heuristic,TRUE,,,,,,,0.9,0.1,tournament,3,TRUE,FALSE,0.5,0.1,0.35,5,0,,,,,,,,,,,,,,
j120_1.rcp,1,206.8956229,3.245578051,GA_tournament_hybrid_adaptive_heuristic_withLS_noNeighborhood,99,1000,1,50,60,,,,,,adaptive,hybrid,heuristic,TRUE,,,,,,,0.9,0.1,tournament,3,TRUE,FALSE,0.5,0.1,0.35,5,0,,,,,,,,,,,,,,
j120_1.rcp,0,165.4814815,11.00846791,GA_tournament_hybrid_adaptive_heuristic_noLS_withNeighborhood,99,1000,0,50,60,,,,,,adaptive,hybrid,heuristic,FALSE,,,,,,,0.9,0.1,tournament,3,TRUE,FALSE,0.5,0.1,0.35,5,2,,,,,,,,,,,,,,
j120_1.rcp,1,188.2693603,11.41512918,GA_tournament_hybrid_adaptive_heuristic_noLS_withNeighborhood,99,1000,1,50,60,,,,,,adaptive,hybrid,heuristic,FALSE,,,,,,,0.9,0.1,tournament,3,TRUE,FALSE,0.5,0.1,0.35,5,2,,,,,,,,,,,,,,
j120_1.rcp,0,165.4814815,11.0105269,GA_tournament_hybrid_adaptive_heuristic_noLS_noNeighborhood,99,1000,0,50,60,,,,,,adaptive,hybrid,heuristic,FALSE,,,,,,,0.9,0.1,tournament,3,TRUE,FALSE,0.5,0.1,0.35,5,0,,,,,,,,,,,,,,
j120_1.rcp,1,188.2693603,11.38453817,GA_tournament_hybrid_adaptive_heuristic_noLS_noNeighborhood,99,1000,1,50,60,,,,,,adaptive,hybrid,heuristic,FALSE,,,,,,,0.9,0.1,tournament,3,TRUE,FALSE,0.5,0.1,0.35,5,0,,,,,,,,,,,,,,
j120_1.rcp,0,229.5622896,0.376793146,SA_default,99,1000,0,,60,,,,,,,,,,,,,,,,,,,,,,,,,,,10000,0.995,10,,,,,,,,,,,
j120_1.rcp,1,227.016835,0.370025873,SA_default,99,1000,1,,60,,,,,,,,,,,,,,,,,,,,,,,,,,,10000,0.995,10,,,,,,,,,,,
j120_1.rcp,0,255.8855219,0.365699053,ILS_strength3,99,1000,0,,60,100,,,,,,,,,,,,,,,,,,,,,,,,,,,,,3,,,,,,,,,,
j120_1.rcp,1,249.2592593,0.366179943,ILS_strength3,99,1000,1,,60,100,,,,,,,,,,,,,,,,,,,,,,,,,,,,,3,,,,,,,,,,
j120_1.rcp,0,255.8855219,0.366750002,ILS_strength5,99,1000,0,,60,100,,,,,,,,,,,,,,,,,,,,,,,,,,,,,5,,,,,,,,,,
j120_1.rcp,1,249.2592593,0.374933958,ILS_strength5,99,1000,1,,60,100,,,,,,,,,,,,,,,,,,,,,,,,,,,,,5,,,,,,,,,,
j120_1.rcp,0,255.8855219,0.366544724,ILS_strength7,99,1000,0,,60,100,,,,,,,,,,,,,,,,,,,,,,,,,,,,,7,,,,,,,,,,
j120_1.rcp,1,249.2592593,0.367380142,ILS_strength7,99,1000,1,,60,100,,,,,,,,,,,,,,,,,,,,,,,,,,,,,7,,,,,,,,,,
j120_1.rcp,0,255.8855219,0.369865894,ILS_strength10,99,1000,0,,60,100,,,,,,,,,,,,,,,,,,,,,,,,,,,,,10,,,,,,,,,,
j120_1.rcp,1,249.2592593,0.555031061,ILS_strength10,99,1000,1,,60,100,,,,,,,,,,,,,,,,,,,,,,,,,,,,,10,,,,,,,,,,
j120_1.rcp,0,255.8855219,0.411002874,ILS_strength15,99,1000,0,,60,100,,,,,,,,,,,,,,,,,,,,,,,,,,,,,15,,,,,,,,,,
j120_1.rcp,1,249.2592593,0.368664026,ILS_strength15,99,1000,1,,60,100,,,,,,,,,,,,,,,,,,,,,,,,,,,,,15,,,,,,,,,,
j120_1.rcp,0,106.976431,0.374813795,TS_static,99,1000,0,,60,100,,,,,,,,,,,,,,,,,,,,,,,,,20,,,,,10,TRUE,static,1,4,10,,,,
j120_1.rcp,1,125.4410774,0.376094103,TS_static,99,1000,1,,60,100,,,,,,,,,,,,,,,,,,,,,,,,,20,,,,,10,TRUE,static,1,4,10,,,,
j120_1.rcp,0,106.976431,0.371465921,TS_dynamic,99,1000,0,,60,100,,,,,,,,,,,,,,,,,,,,,,,,,20,,,,,10,TRUE,dynamic,1,4,10,,,,
j120_1.rcp,1,125.4410774,0.375522137,TS_dynamic,99,1000,1,,60,100,,,,,,,,,,,,,,,,,,,,,,,,,20,,,,,10,TRUE,dynamic,1,4,10,,,,
j120_1.rcp,0,247.4410774,0.454061747,PR_forward_best_withLS,99,1000,0,,60,100,,,,,,,,TRUE,,,,,,,,,best,,,,,,,,,,,,,,,,,,,10,forward,50,
j120_1.rcp,1,267.4208754,0.451367855,PR_forward_best_withLS,99,1000,1,,60,100,,,,,,,,TRUE,,,,,,,,,best,,,,,,,,,,,,,,,,,,,10,forward,50,
j120_1.rcp,0,251.6026936,0.202830791,PR_forward_best_noLS,99,1000,0,,60,100,,,,,,,,FALSE,,,,,,,,,best,,,,,,,,,,,,,,,,,,,10,forward,50,
j120_1.rcp,1,214.4713805,0.211581945,PR_forward_best_noLS,99,1000,1,,60,100,,,,,,,,FALSE,,,,,,,,,best,,,,,,,,,,,,,,,,,,,10,forward,50,
j120_1.rcp,0,235.6026936,0.44671917,PR_backward_best_withLS,99,1000,0,,60,100,,,,,,,,TRUE,,,,,,,,,best,,,,,,,,,,,,,,,,,,,10,backward,50,
j120_1.rcp,1,269.96633,0.454992056,PR_backward_best_withLS,99,1000,1,,60,100,,,,,,,,TRUE,,,,,,,,,best,,,,,,,,,,,,,,,,,,,10,backward,50,
j120_1.rcp,0,242.2289562,0.172499895,PR_backward_best_noLS,99,1000,0,,60,100,,,,,,,,FALSE,,,,,,,,,best,,,,,,,,,,,,,,,,,,,10,backward,50,
j120_1.rcp,1,193.2188552,0.242970228,PR_backward_best_noLS,99,1000,1,,60,100,,,,,,,,FALSE,,,,,,,,,best,,,,,,,,,,,,,,,,,,,10,backward,50,
j120_1.rcp,0,199.9057239,3.069718838,GSA_default,99,1000,0,50,60,100,,,,,,,random,,,,,,,,,,,,TRUE,,20,,,,,,,,,,,,,,,,,,100
j120_1.rcp,1,216.3097643,3.140949011,GSA_default,99,1000,1,50,60,100,,,,,,,random,,,,,,,,,,,,TRUE,,20,,,,,,,,,,,,,,,,,,100
