instance_id,seed,best_objective,runtime,algorithm_name,deadline,param_max_evaluations,param_seed,param_population_size,param_time_limit,param_max_iterations,param_F,param_CR,param_use_adaptive_F,param_use_adaptive_CR,param_mutation_strategy,param_crossover_strategy,param_initialization_strategy,param_use_local_search,param_local_search_top,param_F_min,param_F_max,param_CR_min,param_CR_max,param_K0,param_crossover_rate,param_mutation_rate,param_selection_strategy,param_tournament_size,param_use_repair,param_elitism,param_alpha,param_feasible_lower_rate,param_feasible_upper_rate,param_local_search_strategy,param_local_search_interval,param_neighborhood_size,param_use_sa_acceptance,param_sa_initial_temp,param_sa_cooling_rate,param_tabu_tenure,param_aspiration_criterion,param_tabu_strategy,param_min_factor,param_max_factor,param_noimprove_threshold,param_elite_size,param_path_strategy,param_local_search_eval_limit,param_w,param_c1,param_c2,param_restart_strategy,param_restart_threshold,param_sa_final_temp,param_f_min,param_f_max,param_A0,param_r0,param_gamma,param_hm_size,param_hmcr,param_par,param_bw,param_par_min,param_par_max,param_bw_min,param_bw_max,param_parameter_strategy
J30_1.RCP,0,81.67105263157895,0.6560399532318115,DE_rand/1_fixedF_bin_fixedCR_noLS,38,1000,0,50.0,60.0,100.0,0.1,0.9,False,False,rand/1,bin,random,False,5.0,0.3,1.5,0.3,1.0,1.0,,,,,,,,,,,,,,,,,,,,,,,,,,,,,,,,,,,,,,,,,,,,
J30_1.RCP,1,71.77631578947368,0.5806992053985596,DE_rand/1_fixedF_bin_fixedCR_noLS,38,1000,1,50.0,60.0,100.0,0.1,0.9,False,False,rand/1,bin,random,False,5.0,0.3,1.5,0.3,1.0,1.0,,,,,,,,,,,,,,,,,,,,,,,,,,,,,,,,,,,,,,,,,,,,
J30_1.RCP,0,86.46052631578948,0.7440590858459473,GA_roulette_single_point_random_random_none_noNeighborhood_noSA,38,1000,0,50.0,60.0,,,,,,random,single_point,random,,,,,,,,0.9,0.1,roulette,3.0,True,False,0.5,0.1,0.35,none,5.0,0.0,False,10.0,0.95,,,,,,,,,,,,,,,,,,,,,,,,,,,,,
J30_1.RCP,1,76.35526315789475,0.7326018810272217,GA_roulette_single_point_random_random_none_noNeighborhood_noSA,38,1000,1,50.0,60.0,,,,,,random,single_point,random,,,,,,,,0.9,0.1,roulette,3.0,True,False,0.5,0.1,0.35,none,5.0,0.0,False,10.0,0.95,,,,,,,,,,,,,,,,,,,,,,,,,,,,,
J30_1.RCP,0,63.46052631578947,0.42377781867980957,TS_static,38,1000,0,,60.0,100.0,,,,,,,,,,,,,,,,,,,,,,,,,,20.0,,,,10.0,True,static,1.0,4.0,10.0,,,,,,,,,,,,,,,,,,,,,,,
J30_1.RCP,1,64.5657894736842,0.4277980327606201,TS_static,38,1000,1,,60.0,100.0,,,,,,,,,,,,,,,,,,,,,,,,,,20.0,,,,10.0,True,static,1.0,4.0,10.0,,,,,,,,,,,,,,,,,,,,,,,
J30_1.RCP,0,105.19736842105264,0.20966100692749023,PR_forward_best_noLS,38,1000,0,,60.0,100.0,,,,,,,,False,,,,,,,,,best,,,,,,,,,,,,,,,,,,,10.0,forward,50.0,,,,,,,,,,,,,,,,,,,,
J30_1.RCP,1,100.56578947368422,0.17026782035827637,PR_forward_best_noLS,38,1000,1,,60.0,100.0,,,,,,,,False,,,,,,,,,best,,,,,,,,,,,,,,,,,,,10.0,forward,50.0,,,,,,,,,,,,,,,,,,,,
J30_1.RCP,0,63.4078947368421,0.7924408912658691,PSO_none_none,38,1000,0,50.0,60.0,,,,,,,,,,,,,,,,,,,,,,,,,none,,,,80.0,0.9,,,,,,,,,,0.729,1.49445,1.49445,none,30.0,0.01,,,,,,,,,,,,,,
J30_1.RCP,1,60.98684210526316,0.7855038642883301,PSO_none_none,38,1000,1,50.0,60.0,,,,,,,,,,,,,,,,,,,,,,,,,none,,,,80.0,0.9,,,,,,,,,,0.729,1.49445,1.49445,none,30.0,0.01,,,,,,,,,,,,,,
J30_1.RCP,0,63.82894736842106,0.655468225479126,BA_none,38,1000,0,50.0,60.0,,,,,,,,,,,,,,,,,,,,,,0.9,,,none,10.0,,,,,,,,,,,,,,,,,,,,0.0,2.0,1.0,0.5,0.9,,,,,,,,,
J30_1.RCP,1,64.14473684210526,0.6599211692810059,BA_none,38,1000,1,50.0,60.0,,,,,,,,,,,,,,,,,,,,,,0.9,,,none,10.0,,,,,,,,,,,,,,,,,,,,0.0,2.0,1.0,0.5,0.9,,,,,,,,,
J30_1.RCP,0,62.98684210526316,0.7636888027191162,HS_fixed_random,38,1000,0,,60.0,,,,,,,,random,,,,,,,,,,,,,,,,,,,,,,,,,,,,,,,,,,,,,,,,,,,50.0,0.9,0.3,2.0,0.1,0.9,1.0,5.0,fixed
J30_1.RCP,1,64.51315789473684,0.756140947341919,HS_fixed_random,38,1000,1,,60.0,,,,,,,,random,,,,,,,,,,,,,,,,,,,,,,,,,,,,,,,,,,,,,,,,,,,50.0,0.9,0.3,2.0,0.1,0.9,1.0,5.0,fixed
J30_2.RCP,0,94.84070294784581,0.5667169094085693,DE_rand/1_fixedF_bin_fixedCR_noLS,42,1000,0,50.0,60.0,100.0,0.1,0.9,False,False,rand/1,bin,random,False,5.0,0.3,1.5,0.3,1.0,1.0,,,,,,,,,,,,,,,,,,,,,,,,,,,,,,,,,,,,,,,,,,,,
J30_2.RCP,1,93.50736961451247,0.5710330009460449,DE_rand/1_fixedF_bin_fixedCR_noLS,42,1000,1,50.0,60.0,100.0,0.1,0.9,False,False,rand/1,bin,random,False,5.0,0.3,1.5,0.3,1.0,1.0,,,,,,,,,,,,,,,,,,,,,,,,,,,,,,,,,,,,,,,,,,,,
J30_2.RCP,0,97.65022675736964,0.7121100425720215,GA_roulette_single_point_random_random_none_noNeighborhood_noSA,42,1000,0,50.0,60.0,,,,,,random,single_point,random,,,,,,,,0.9,0.1,roulette,3.0,True,False,0.5,0.1,0.35,none,5.0,0.0,False,10.0,0.95,,,,,,,,,,,,,,,,,,,,,,,,,,,,,
J30_2.RCP,1,99.74546485260774,0.724822998046875,GA_roulette_single_point_random_random_none_noNeighborhood_noSA,42,1000,1,50.0,60.0,,,,,,random,single_point,random,,,,,,,,0.9,0.1,roulette,3.0,True,False,0.5,0.1,0.35,none,5.0,0.0,False,10.0,0.95,,,,,,,,,,,,,,,,,,,,,,,,,,,,,
J30_2.RCP,0,79.22165532879819,0.42163515090942383,TS_static,42,1000,0,,60.0,100.0,,,,,,,,,,,,,,,,,,,,,,,,,,20.0,,,,10.0,True,static,1.0,4.0,10.0,,,,,,,,,,,,,,,,,,,,,,,
J30_2.RCP,1,76.84070294784581,0.42536401748657227,TS_static,42,1000,1,,60.0,100.0,,,,,,,,,,,,,,,,,,,,,,,,,,20.0,,,,10.0,True,static,1.0,4.0,10.0,,,,,,,,,,,,,,,,,,,,,,,
J30_2.RCP,0,101.84070294784581,0.195357084274292,PR_forward_best_noLS,42,1000,0,,60.0,100.0,,,,,,,,False,,,,,,,,,best,,,,,,,,,,,,,,,,,,,10.0,forward,50.0,,,,,,,,,,,,,,,,,,,,
J30_2.RCP,1,108.55498866213152,0.15599417686462402,PR_forward_best_noLS,42,1000,1,,60.0,100.0,,,,,,,,False,,,,,,,,,best,,,,,,,,,,,,,,,,,,,10.0,forward,50.0,,,,,,,,,,,,,,,,,,,,
J30_2.RCP,0,92.65022675736961,0.7976241111755371,PSO_none_none,42,1000,0,50.0,60.0,,,,,,,,,,,,,,,,,,,,,,,,,none,,,,80.0,0.9,,,,,,,,,,0.729,1.49445,1.49445,none,30.0,0.01,,,,,,,,,,,,,,
J30_2.RCP,1,85.55498866213152,0.7929940223693848,PSO_none_none,42,1000,1,50.0,60.0,,,,,,,,,,,,,,,,,,,,,,,,,none,,,,80.0,0.9,,,,,,,,,,0.729,1.49445,1.49445,none,30.0,0.01,,,,,,,,,,,,,,
J30_2.RCP,0,97.36451247165535,0.6637780666351318,BA_none,42,1000,0,50.0,60.0,,,,,,,,,,,,,,,,,,,,,,0.9,,,none,10.0,,,,,,,,,,,,,,,,,,,,0.0,2.0,1.0,0.5,0.9,,,,,,,,,
J30_2.RCP,1,95.36451247165532,0.6580960750579834,BA_none,42,1000,1,50.0,60.0,,,,,,,,,,,,,,,,,,,,,,0.9,,,none,10.0,,,,,,,,,,,,,,,,,,,,0.0,2.0,1.0,0.5,0.9,,,,,,,,,
J30_2.RCP,0,86.88832199546485,0.7709438800811768,HS_fixed_random,42,1000,0,,60.0,,,,,,,,random,,,,,,,,,,,,,,,,,,,,,,,,,,,,,,,,,,,,,,,,,,,50.0,0.9,0.3,2.0,0.1,0.9,1.0,5.0,fixed
J30_2.RCP,1,89.31689342403628,0.7632770538330078,HS_fixed_random,42,1000,1,,60.0,,,,,,,,random,,,,,,,,,,,,,,,,,,,,,,,,,,,,,,,,,,,,,,,,,,,50.0,0.9,0.3,2.0,0.1,0.9,1.0,5.0,fixed
J30_3.RCP,0,74.45754461871282,0.5855433940887451,DE_rand/1_fixedF_bin_fixedCR_noLS,43,1000,0,50.0,60.0,100.0,0.1,0.9,False,False,rand/1,bin,random,False,5.0,0.3,1.5,0.3,1.0,1.0,,,,,,,,,,,,,,,,,,,,,,,,,,,,,,,,,,,,,,,,,,,,
J30_3.RCP,1,78.13196322336398,0.5766012668609619,DE_rand/1_fixedF_bin_fixedCR_noLS,43,1000,1,50.0,60.0,100.0,0.1,0.9,False,False,rand/1,bin,random,False,5.0,0.3,1.5,0.3,1.0,1.0,,,,,,,,,,,,,,,,,,,,,,,,,,,,,,,,,,,,,,,,,,,,
J30_3.RCP,0,78.78312601406165,0.7078382968902588,GA_roulette_single_point_random_random_none_noNeighborhood_noSA,43,1000,0,50.0,60.0,,,,,,random,single_point,random,,,,,,,,0.9,0.1,roulette,3.0,True,False,0.5,0.1,0.35,none,5.0,0.0,False,10.0,0.95,,,,,,,,,,,,,,,,,,,,,,,,,,,,,
J30_3.RCP,1,78.41103299080585,0.7031621932983398,GA_roulette_single_point_random_random_none_noNeighborhood_noSA,43,1000,1,50.0,60.0,,,,,,random,single_point,random,,,,,,,,0.9,0.1,roulette,3.0,True,False,0.5,0.1,0.35,none,5.0,0.0,False,10.0,0.95,,,,,,,,,,,,,,,,,,,,,,,,,,,,,
J30_3.RCP,0,69.34126554894537,0.4170839786529541,TS_static,43,1000,0,,60.0,100.0,,,,,,,,,,,,,,,,,,,,,,,,,,20.0,,,,10.0,True,static,1.0,4.0,10.0,,,,,,,,,,,,,,,,,,,,,,,
J30_3.RCP,1,73.43428880475932,0.4173891544342041,TS_static,43,1000,1,,60.0,100.0,,,,,,,,,,,,,,,,,,,,,,,,,,20.0,,,,10.0,True,static,1.0,4.0,10.0,,,,,,,,,,,,,,,,,,,,,,,
J30_3.RCP,0,78.45754461871283,0.1625840663909912,PR_forward_best_noLS,43,1000,0,,60.0,100.0,,,,,,,,False,,,,,,,,,best,,,,,,,,,,,,,,,,,,,10.0,forward,50.0,,,,,,,,,,,,,,,,,,,,
J30_3.RCP,1,91.29475392103839,0.13682889938354492,PR_forward_best_noLS,43,1000,1,,60.0,100.0,,,,,,,,False,,,,,,,,,best,,,,,,,,,,,,,,,,,,,10.0,forward,50.0,,,,,,,,,,,,,,,,,,,,
J30_3.RCP,0,70.64359113034071,0.7801790237426758,PSO_none_none,43,1000,0,50.0,60.0,,,,,,,,,,,,,,,,,,,,,,,,,none,,,,80.0,0.9,,,,,,,,,,0.729,1.49445,1.49445,none,30.0,0.01,,,,,,,,,,,,,,
J30_3.RCP,1,70.78312601406165,0.7757601737976074,PSO_none_none,43,1000,1,50.0,60.0,,,,,,,,,,,,,,,,,,,,,,,,,none,,,,80.0,0.9,,,,,,,,,,0.729,1.49445,1.49445,none,30.0,0.01,,,,,,,,,,,,,,
J30_3.RCP,0,74.36452136289887,0.66684889793396,BA_none,43,1000,0,50.0,60.0,,,,,,,,,,,,,,,,,,,,,,0.9,,,none,10.0,,,,,,,,,,,,,,,,,,,,0.0,2.0,1.0,0.5,0.9,,,,,,,,,
J30_3.RCP,1,76.6901027582477,0.6700780391693115,BA_none,43,1000,1,50.0,60.0,,,,,,,,,,,,,,,,,,,,,,0.9,,,none,10.0,,,,,,,,,,,,,,,,,,,,0.0,2.0,1.0,0.5,0.9,,,,,,,,,
J30_3.RCP,0,71.80638182801515,0.7576098442077637,HS_fixed_random,43,1000,0,,60.0,,,,,,,,random,,,,,,,,,,,,,,,,,,,,,,,,,,,,,,,,,,,,,,,,,,,50.0,0.9,0.3,2.0,0.1,0.9,1.0,5.0,fixed
J30_3.RCP,1,70.87614926987563,0.7685141563415527,HS_fixed_random,43,1000,1,,60.0,,,,,,,,random,,,,,,,,,,,,,,,,,,,,,,,,,,,,,,,,,,,,,,,,,,,50.0,0.9,0.3,2.0,0.1,0.9,1.0,5.0,fixed
J30_4.RCP,0,65.95041322314049,0.5750808715820312,DE_rand/1_fixedF_bin_fixedCR_noLS,55,1000,0,50.0,60.0,100.0,0.1,0.9,False,False,rand/1,bin,random,False,5.0,0.3,1.5,0.3,1.0,1.0,,,,,,,,,,,,,,,,,,,,,,,,,,,,,,,,,,,,,,,,,,,,
J30_4.RCP,1,72.60495867768594,0.5981349945068359,DE_rand/1_fixedF_bin_fixedCR_noLS,55,1000,1,50.0,60.0,100.0,0.1,0.9,False,False,rand/1,bin,random,False,5.0,0.3,1.5,0.3,1.0,1.0,,,,,,,,,,,,,,,,,,,,,,,,,,,,,,,,,,,,,,,,,,,,
J30_4.RCP,0,72.4595041322314,0.6696431636810303,GA_roulette_single_point_random_random_none_noNeighborhood_noSA,55,1000,0,50.0,60.0,,,,,,random,single_point,random,,,,,,,,0.9,0.1,roulette,3.0,True,False,0.5,0.1,0.35,none,5.0,0.0,False,10.0,0.95,,,,,,,,,,,,,,,,,,,,,,,,,,,,,
J30_4.RCP,1,75.62314049586776,0.6781671047210693,GA_roulette_single_point_random_random_none_noNeighborhood_noSA,55,1000,1,50.0,60.0,,,,,,random,single_point,random,,,,,,,,0.9,0.1,roulette,3.0,True,False,0.5,0.1,0.35,none,5.0,0.0,False,10.0,0.95,,,,,,,,,,,,,,,,,,,,,,,,,,,,,
J30_4.RCP,0,58.095867768595035,0.4109787940979004,TS_static,55,1000,0,,60.0,100.0,,,,,,,,,,,,,,,,,,,,,,,,,,20.0,,,,10.0,True,static,1.0,4.0,10.0,,,,,,,,,,,,,,,,,,,,,,,
J30_4.RCP,1,54.4595041322314,0.41277289390563965,TS_static,55,1000,1,,60.0,100.0,,,,,,,,,,,,,,,,,,,,,,,,,,20.0,,,,10.0,True,static,1.0,4.0,10.0,,,,,,,,,,,,,,,,,,,,,,,
J30_4.RCP,0,85.1504132231405,0.14288687705993652,PR_forward_best_noLS,55,1000,0,,60.0,100.0,,,,,,,,False,,,,,,,,,best,,,,,,,,,,,,,,,,,,,10.0,forward,50.0,,,,,,,,,,,,,,,,,,,,
J30_4.RCP,1,89.18677685950415,0.188568115234375,PR_forward_best_noLS,55,1000,1,,60.0,100.0,,,,,,,,False,,,,,,,,,best,,,,,,,,,,,,,,,,,,,10.0,forward,50.0,,,,,,,,,,,,,,,,,,,,
J30_4.RCP,0,61.623140495867766,0.7851510047912598,PSO_none_none,55,1000,0,50.0,60.0,,,,,,,,,,,,,,,,,,,,,,,,,none,,,,80.0,0.9,,,,,,,,,,0.729,1.49445,1.49445,none,30.0,0.01,,,,,,,,,,,,,,
J30_4.RCP,1,52.786776859504144,0.7819600105285645,PSO_none_none,55,1000,1,50.0,60.0,,,,,,,,,,,,,,,,,,,,,,,,,none,,,,80.0,0.9,,,,,,,,,,0.729,1.49445,1.49445,none,30.0,0.01,,,,,,,,,,,,,,
J30_4.RCP,0,55.877685950413216,0.6783380508422852,BA_none,55,1000,0,50.0,60.0,,,,,,,,,,,,,,,,,,,,,,0.9,,,none,10.0,,,,,,,,,,,,,,,,,,,,0.0,2.0,1.0,0.5,0.9,,,,,,,,,
J30_4.RCP,1,56.8595041322314,0.6674098968505859,BA_none,55,1000,1,50.0,60.0,,,,,,,,,,,,,,,,,,,,,,0.9,,,none,10.0,,,,,,,,,,,,,,,,,,,,0.0,2.0,1.0,0.5,0.9,,,,,,,,,
J30_4.RCP,0,59.1504132231405,0.7475481033325195,HS_fixed_random,55,1000,0,,60.0,,,,,,,,random,,,,,,,,,,,,,,,,,,,,,,,,,,,,,,,,,,,,,,,,,,,50.0,0.9,0.3,2.0,0.1,0.9,1.0,5.0,fixed
J30_4.RCP,1,62.82314049586776,0.756166934967041,HS_fixed_random,55,1000,1,,60.0,,,,,,,,random,,,,,,,,,,,,,,,,,,,,,,,,,,,,,,,,,,,,,,,,,,,50.0,0.9,0.3,2.0,0.1,0.9,1.0,5.0,fixed
J30_5.RCP,0,68.89281997918833,0.5760631561279297,DE_rand/1_fixedF_bin_fixedCR_noLS,31,1000,0,50.0,60.0,100.0,0.1,0.9,False,False,rand/1,bin,random,False,5.0,0.3,1.5,0.3,1.0,1.0,,,,,,,,,,,,,,,,,,,,,,,,,,,,,,,,,,,,,,,,,,,,
J30_5.RCP,1,66.89281997918835,0.5690727233886719,DE_rand/1_fixedF_bin_fixedCR_noLS,31,1000,1,50.0,60.0,100.0,0.1,0.9,False,False,rand/1,bin,random,False,5.0,0.3,1.5,0.3,1.0,1.0,,,,,,,,,,,,,,,,,,,,,,,,,,,,,,,,,,,,,,,,,,,,
J30_5.RCP,0,77.02185223725284,0.712731122970581,GA_roulette_single_point_random_random_none_noNeighborhood_noSA,31,1000,0,50.0,60.0,,,,,,random,single_point,random,,,,,,,,0.9,0.1,roulette,3.0,True,False,0.5,0.1,0.35,none,5.0,0.0,False,10.0,0.95,,,,,,,,,,,,,,,,,,,,,,,,,,,,,
J30_5.RCP,1,84.82830385015606,0.7158920764923096,GA_roulette_single_point_random_random_none_noNeighborhood_noSA,31,1000,1,50.0,60.0,,,,,,random,single_point,random,,,,,,,,0.9,0.1,roulette,3.0,True,False,0.5,0.1,0.35,none,5.0,0.0,False,10.0,0.95,,,,,,,,,,,,,,,,,,,,,,,,,,,,,
J30_5.RCP,0,53.40894901144642,0.4286680221557617,TS_static,31,1000,0,,60.0,100.0,,,,,,,,,,,,,,,,,,,,,,,,,,20.0,,,,10.0,True,static,1.0,4.0,10.0,,,,,,,,,,,,,,,,,,,,,,,
J30_5.RCP,1,52.11862643080126,0.42088913917541504,TS_static,31,1000,1,,60.0,100.0,,,,,,,,,,,,,,,,,,,,,,,,,,20.0,,,,10.0,True,static,1.0,4.0,10.0,,,,,,,,,,,,,,,,,,,,,,,
J30_5.RCP,0,86.18314255983348,0.22762227058410645,PR_forward_best_noLS,31,1000,0,,60.0,100.0,,,,,,,,False,,,,,,,,,best,,,,,,,,,,,,,,,,,,,10.0,forward,50.0,,,,,,,,,,,,,,,,,,,,
J30_5.RCP,1,96.11862643080123,0.16735482215881348,PR_forward_best_noLS,31,1000,1,,60.0,100.0,,,,,,,,False,,,,,,,,,best,,,,,,,,,,,,,,,,,,,10.0,forward,50.0,,,,,,,,,,,,,,,,,,,,
J30_5.RCP,0,56.376690946930275,0.7854700088500977,PSO_none_none,31,1000,0,50.0,60.0,,,,,,,,,,,,,,,,,,,,,,,,,none,,,,80.0,0.9,,,,,,,,,,0.729,1.49445,1.49445,none,30.0,0.01,,,,,,,,,,,,,,
J30_5.RCP,1,59.27991675338189,0.7797987461090088,PSO_none_none,31,1000,1,50.0,60.0,,,,,,,,,,,,,,,,,,,,,,,,,none,,,,80.0,0.9,,,,,,,,,,0.729,1.49445,1.49445,none,30.0,0.01,,,,,,,,,,,,,,
J30_5.RCP,0,72.7637877211238,0.6615200042724609,BA_none,31,1000,0,50.0,60.0,,,,,,,,,,,,,,,,,,,,,,0.9,,,none,10.0,,,,,,,,,,,,,,,,,,,,0.0,2.0,1.0,0.5,0.9,,,,,,,,,
J30_5.RCP,1,54.5057232049948,0.6585688591003418,BA_none,31,1000,1,50.0,60.0,,,,,,,,,,,,,,,,,,,,,,0.9,,,none,10.0,,,,,,,,,,,,,,,,,,,,0.0,2.0,1.0,0.5,0.9,,,,,,,,,
J30_5.RCP,0,57.021852237252865,0.7593581676483154,HS_fixed_random,31,1000,0,,60.0,,,,,,,,random,,,,,,,,,,,,,,,,,,,,,,,,,,,,,,,,,,,,,,,,,,,50.0,0.9,0.3,2.0,0.1,0.9,1.0,5.0,fixed
J30_5.RCP,1,58.69927159209157,0.7548649311065674,HS_fixed_random,31,1000,1,,60.0,,,,,,,,random,,,,,,,,,,,,,,,,,,,,,,,,,,,,,,,,,,,,,,,,,,,50.0,0.9,0.3,2.0,0.1,0.9,1.0,5.0,fixed
J30_6.RCP,0,61.84349030470914,0.5817968845367432,DE_rand/1_fixedF_bin_fixedCR_noLS,38,1000,0,50.0,60.0,100.0,0.1,0.9,False,False,rand/1,bin,random,False,5.0,0.3,1.5,0.3,1.0,1.0,,,,,,,,,,,,,,,,,,,,,,,,,,,,,,,,,,,,,,,,,,,,
J30_6.RCP,1,62.264542936288095,0.5712220668792725,DE_rand/1_fixedF_bin_fixedCR_noLS,38,1000,1,50.0,60.0,100.0,0.1,0.9,False,False,rand/1,bin,random,False,5.0,0.3,1.5,0.3,1.0,1.0,,,,,,,,,,,,,,,,,,,,,,,,,,,,,,,,,,,,,,,,,,,,
J30_6.RCP,0,68.5803324099723,0.7410531044006348,GA_roulette_single_point_random_random_none_noNeighborhood_noSA,38,1000,0,50.0,60.0,,,,,,random,single_point,random,,,,,,,,0.9,0.1,roulette,3.0,True,False,0.5,0.1,0.35,none,5.0,0.0,False,10.0,0.95,,,,,,,,,,,,,,,,,,,,,,,,,,,,,
J30_6.RCP,1,69.52770083102493,0.7252950668334961,GA_roulette_single_point_random_random_none_noNeighborhood_noSA,38,1000,1,50.0,60.0,,,,,,random,single_point,random,,,,,,,,0.9,0.1,roulette,3.0,True,False,0.5,0.1,0.35,none,5.0,0.0,False,10.0,0.95,,,,,,,,,,,,,,,,,,,,,,,,,,,,,
J30_6.RCP,0,59.8961218836565,0.4275648593902588,TS_static,38,1000,0,,60.0,100.0,,,,,,,,,,,,,,,,,,,,,,,,,,20.0,,,,10.0,True,static,1.0,4.0,10.0,,,,,,,,,,,,,,,,,,,,,,,
J30_6.RCP,1,61.52770083102494,0.41736602783203125,TS_static,38,1000,1,,60.0,100.0,,,,,,,,,,,,,,,,,,,,,,,,,,20.0,,,,10.0,True,static,1.0,4.0,10.0,,,,,,,,,,,,,,,,,,,,,,,
J30_6.RCP,0,70.2645429362881,0.15694379806518555,PR_forward_best_noLS,38,1000,0,,60.0,100.0,,,,,,,,False,,,,,,,,,best,,,,,,,,,,,,,,,,,,,10.0,forward,50.0,,,,,,,,,,,,,,,,,,,,
J30_6.RCP,1,74.5803324099723,0.16254901885986328,PR_forward_best_noLS,38,1000,1,,60.0,100.0,,,,,,,,False,,,,,,,,,best,,,,,,,,,,,,,,,,,,,10.0,forward,50.0,,,,,,,,,,,,,,,,,,,,
J30_6.RCP,0,62.94875346260388,0.7873818874359131,PSO_none_none,38,1000,0,50.0,60.0,,,,,,,,,,,,,,,,,,,,,,,,,none,,,,80.0,0.9,,,,,,,,,,0.729,1.49445,1.49445,none,30.0,0.01,,,,,,,,,,,,,,
J30_6.RCP,1,60.15927977839334,0.7834620475769043,PSO_none_none,38,1000,1,50.0,60.0,,,,,,,,,,,,,,,,,,,,,,,,,none,,,,80.0,0.9,,,,,,,,,,0.729,1.49445,1.49445,none,30.0,0.01,,,,,,,,,,,,,,
J30_6.RCP,0,63.89612188365651,0.670172929763794,BA_none,38,1000,0,50.0,60.0,,,,,,,,,,,,,,,,,,,,,,0.9,,,none,10.0,,,,,,,,,,,,,,,,,,,,0.0,2.0,1.0,0.5,0.9,,,,,,,,,
J30_6.RCP,1,66.00138504155125,0.6695280075073242,BA_none,38,1000,1,50.0,60.0,,,,,,,,,,,,,,,,,,,,,,0.9,,,none,10.0,,,,,,,,,,,,,,,,,,,,0.0,2.0,1.0,0.5,0.9,,,,,,,,,
J30_6.RCP,0,60.159279778393355,0.7499949932098389,HS_fixed_random,38,1000,0,,60.0,,,,,,,,random,,,,,,,,,,,,,,,,,,,,,,,,,,,,,,,,,,,,,,,,,,,50.0,0.9,0.3,2.0,0.1,0.9,1.0,5.0,fixed
J30_6.RCP,1,60.68559556786704,0.7544660568237305,HS_fixed_random,38,1000,1,,60.0,,,,,,,,random,,,,,,,,,,,,,,,,,,,,,,,,,,,,,,,,,,,,,,,,,,,50.0,0.9,0.3,2.0,0.1,0.9,1.0,5.0,fixed
J30_7.RCP,0,54.95861111111112,0.5722360610961914,DE_rand/1_fixedF_bin_fixedCR_noLS,60,1000,0,50.0,60.0,100.0,0.1,0.9,False,False,rand/1,bin,random,False,5.0,0.3,1.5,0.3,1.0,1.0,,,,,,,,,,,,,,,,,,,,,,,,,,,,,,,,,,,,,,,,,,,,
J30_7.RCP,1,53.458611111111125,0.5702409744262695,DE_rand/1_fixedF_bin_fixedCR_noLS,60,1000,1,50.0,60.0,100.0,0.1,0.9,False,False,rand/1,bin,random,False,5.0,0.3,1.5,0.3,1.0,1.0,,,,,,,,,,,,,,,,,,,,,,,,,,,,,,,,,,,,,,,,,,,,
J30_7.RCP,0,53.92527777777778,0.716782808303833,GA_roulette_single_point_random_random_none_noNeighborhood_noSA,60,1000,0,50.0,60.0,,,,,,random,single_point,random,,,,,,,,0.9,0.1,roulette,3.0,True,False,0.5,0.1,0.35,none,5.0,0.0,False,10.0,0.95,,,,,,,,,,,,,,,,,,,,,,,,,,,,,
J30_7.RCP,1,55.72527777777779,0.7231497764587402,GA_roulette_single_point_random_random_none_noNeighborhood_noSA,60,1000,1,50.0,60.0,,,,,,random,single_point,random,,,,,,,,0.9,0.1,roulette,3.0,True,False,0.5,0.1,0.35,none,5.0,0.0,False,10.0,0.95,,,,,,,,,,,,,,,,,,,,,,,,,,,,,
J30_7.RCP,0,51.79194444444445,0.4180479049682617,TS_static,60,1000,0,,60.0,100.0,,,,,,,,,,,,,,,,,,,,,,,,,,20.0,,,,10.0,True,static,1.0,4.0,10.0,,,,,,,,,,,,,,,,,,,,,,,
J30_7.RCP,1,51.79194444444444,0.418377161026001,TS_static,60,1000,1,,60.0,100.0,,,,,,,,,,,,,,,,,,,,,,,,,,20.0,,,,10.0,True,static,1.0,4.0,10.0,,,,,,,,,,,,,,,,,,,,,,,
J30_7.RCP,0,58.19194444444445,0.16924118995666504,PR_forward_best_noLS,60,1000,0,,60.0,100.0,,,,,,,,False,,,,,,,,,best,,,,,,,,,,,,,,,,,,,10.0,forward,50.0,,,,,,,,,,,,,,,,,,,,
J30_7.RCP,1,66.72527777777778,0.17168188095092773,PR_forward_best_noLS,60,1000,1,,60.0,100.0,,,,,,,,False,,,,,,,,,best,,,,,,,,,,,,,,,,,,,10.0,forward,50.0,,,,,,,,,,,,,,,,,,,,
J30_7.RCP,0,53.59194444444445,0.780242919921875,PSO_none_none,60,1000,0,50.0,60.0,,,,,,,,,,,,,,,,,,,,,,,,,none,,,,80.0,0.9,,,,,,,,,,0.729,1.49445,1.49445,none,30.0,0.01,,,,,,,,,,,,,,
J30_7.RCP,1,54.05861111111111,0.7823772430419922,PSO_none_none,60,1000,1,50.0,60.0,,,,,,,,,,,,,,,,,,,,,,,,,none,,,,80.0,0.9,,,,,,,,,,0.729,1.49445,1.49445,none,30.0,0.01,,,,,,,,,,,,,,
J30_7.RCP,0,52.69194444444445,0.669421911239624,BA_none,60,1000,0,50.0,60.0,,,,,,,,,,,,,,,,,,,,,,0.9,,,none,10.0,,,,,,,,,,,,,,,,,,,,0.0,2.0,1.0,0.5,0.9,,,,,,,,,
J30_7.RCP,1,52.69194444444445,0.66025710105896,BA_none,60,1000,1,50.0,60.0,,,,,,,,,,,,,,,,,,,,,,0.9,,,none,10.0,,,,,,,,,,,,,,,,,,,,0.0,2.0,1.0,0.5,0.9,,,,,,,,,
J30_7.RCP,0,51.82527777777779,0.7562592029571533,HS_fixed_random,60,1000,0,,60.0,,,,,,,,random,,,,,,,,,,,,,,,,,,,,,,,,,,,,,,,,,,,,,,,,,,,50.0,0.9,0.3,2.0,0.1,0.9,1.0,5.0,fixed
J30_7.RCP,1,52.258611111111115,0.7566089630126953,HS_fixed_random,60,1000,1,,60.0,,,,,,,,random,,,,,,,,,,,,,,,,,,,,,,,,,,,,,,,,,,,,,,,,,,,50.0,0.9,0.3,2.0,0.1,0.9,1.0,5.0,fixed
J30_8.RCP,0,73.91954432182271,0.5743927955627441,DE_rand/1_fixedF_bin_fixedCR_noLS,53,1000,0,50.0,60.0,100.0,0.1,0.9,False,False,rand/1,bin,random,False,5.0,0.3,1.5,0.3,1.0,1.0,,,,,,,,,,,,,,,,,,,,,,,,,,,,,,,,,,,,,,,,,,,,
J30_8.RCP,1,73.01388394446423,0.5643882751464844,DE_rand/1_fixedF_bin_fixedCR_noLS,53,1000,1,50.0,60.0,100.0,0.1,0.9,False,False,rand/1,bin,random,False,5.0,0.3,1.5,0.3,1.0,1.0,,,,,,,,,,,,,,,,,,,,,,,,,,,,,,,,,,,,,,,,,,,,
J30_8.RCP,0,77.20256318974724,0.6896018981933594,GA_roulette_single_point_random_random_none_noNeighborhood_noSA,53,1000,0,50.0,60.0,,,,,,random,single_point,random,,,,,,,,0.9,0.1,roulette,3.0,True,False,0.5,0.1,0.35,none,5.0,0.0,False,10.0,0.95,,,,,,,,,,,,,,,,,,,,,,,,,,,,,
J30_8.RCP,1,71.7686009255963,0.6922218799591064,GA_roulette_single_point_random_random_none_noNeighborhood_noSA,53,1000,1,50.0,60.0,,,,,,random,single_point,random,,,,,,,,0.9,0.1,roulette,3.0,True,False,0.5,0.1,0.35,none,5.0,0.0,False,10.0,0.95,,,,,,,,,,,,,,,,,,,,,,,,,,,,,
J30_8.RCP,0,57.05161979352083,0.42191290855407715,TS_static,53,1000,0,,60.0,100.0,,,,,,,,,,,,,,,,,,,,,,,,,,20.0,,,,10.0,True,static,1.0,4.0,10.0,,,,,,,,,,,,,,,,,,,,,,,
J30_8.RCP,1,66.03275186899252,0.4184529781341553,TS_static,53,1000,1,,60.0,100.0,,,,,,,,,,,,,,,,,,,,,,,,,,20.0,,,,10.0,True,static,1.0,4.0,10.0,,,,,,,,,,,,,,,,,,,,,,,
J30_8.RCP,0,90.14595941616234,0.18611907958984375,PR_forward_best_noLS,53,1000,0,,60.0,100.0,,,,,,,,False,,,,,,,,,best,,,,,,,,,,,,,,,,,,,10.0,forward,50.0,,,,,,,,,,,,,,,,,,,,
J30_8.RCP,1,71.7686009255963,0.17299103736877441,PR_forward_best_noLS,53,1000,1,,60.0,100.0,,,,,,,,False,,,,,,,,,best,,,,,,,,,,,,,,,,,,,10.0,forward,50.0,,,,,,,,,,,,,,,,,,,,
J30_8.RCP,0,59.995016019935925,0.7821533679962158,PSO_none_none,53,1000,0,50.0,60.0,,,,,,,,,,,,,,,,,,,,,,,,,none,,,,80.0,0.9,,,,,,,,,,0.729,1.49445,1.49445,none,30.0,0.01,,,,,,,,,,,,,,
J30_8.RCP,1,64.33463866144535,0.7954750061035156,PSO_none_none,53,1000,1,50.0,60.0,,,,,,,,,,,,,,,,,,,,,,,,,none,,,,80.0,0.9,,,,,,,,,,0.729,1.49445,1.49445,none,30.0,0.01,,,,,,,,,,,,,,
J30_8.RCP,0,63.69312922748309,0.6654758453369141,BA_none,53,1000,0,50.0,60.0,,,,,,,,,,,,,,,,,,,,,,0.9,,,none,10.0,,,,,,,,,,,,,,,,,,,,0.0,2.0,1.0,0.5,0.9,,,,,,,,,
J30_8.RCP,1,61.65539337842649,0.6643960475921631,BA_none,53,1000,1,50.0,60.0,,,,,,,,,,,,,,,,,,,,,,0.9,,,none,10.0,,,,,,,,,,,,,,,,,,,,0.0,2.0,1.0,0.5,0.9,,,,,,,,,
J30_8.RCP,0,63.46671413314347,0.7508499622344971,HS_fixed_random,53,1000,0,,60.0,,,,,,,,random,,,,,,,,,,,,,,,,,,,,,,,,,,,,,,,,,,,,,,,,,,,50.0,0.9,0.3,2.0,0.1,0.9,1.0,5.0,fixed
J30_8.RCP,1,67.7308650765397,0.754770040512085,HS_fixed_random,53,1000,1,,60.0,,,,,,,,random,,,,,,,,,,,,,,,,,,,,,,,,,,,,,,,,,,,,,,,,,,,50.0,0.9,0.3,2.0,0.1,0.9,1.0,5.0,fixed
J30_9.RCP,0,89.05952380952381,0.5808820724487305,DE_rand/1_fixedF_bin_fixedCR_noLS,42,1000,0,50.0,60.0,100.0,0.1,0.9,False,False,rand/1,bin,random,False,5.0,0.3,1.5,0.3,1.0,1.0,,,,,,,,,,,,,,,,,,,,,,,,,,,,,,,,,,,,,,,,,,,,
J30_9.RCP,1,100.91666666666667,0.573538064956665,DE_rand/1_fixedF_bin_fixedCR_noLS,42,1000,1,50.0,60.0,100.0,0.1,0.9,False,False,rand/1,bin,random,False,5.0,0.3,1.5,0.3,1.0,1.0,,,,,,,,,,,,,,,,,,,,,,,,,,,,,,,,,,,,,,,,,,,,
J30_9.RCP,0,108.3452380952381,0.7529888153076172,GA_roulette_single_point_random_random_none_noNeighborhood_noSA,42,1000,0,50.0,60.0,,,,,,random,single_point,random,,,,,,,,0.9,0.1,roulette,3.0,True,False,0.5,0.1,0.35,none,5.0,0.0,False,10.0,0.95,,,,,,,,,,,,,,,,,,,,,,,,,,,,,
J30_9.RCP,1,101.25,0.7563149929046631,GA_roulette_single_point_random_random_none_noNeighborhood_noSA,42,1000,1,50.0,60.0,,,,,,random,single_point,random,,,,,,,,0.9,0.1,roulette,3.0,True,False,0.5,0.1,0.35,none,5.0,0.0,False,10.0,0.95,,,,,,,,,,,,,,,,,,,,,,,,,,,,,
J30_9.RCP,0,85.96428571428571,0.43485593795776367,TS_static,42,1000,0,,60.0,100.0,,,,,,,,,,,,,,,,,,,,,,,,,,20.0,,,,10.0,True,static,1.0,4.0,10.0,,,,,,,,,,,,,,,,,,,,,,,
J30_9.RCP,1,81.1547619047619,0.4265017509460449,TS_static,42,1000,1,,60.0,100.0,,,,,,,,,,,,,,,,,,,,,,,,,,20.0,,,,10.0,True,static,1.0,4.0,10.0,,,,,,,,,,,,,,,,,,,,,,,
J30_9.RCP,0,109.48809523809524,0.2592597007751465,PR_forward_best_noLS,42,1000,0,,60.0,100.0,,,,,,,,False,,,,,,,,,best,,,,,,,,,,,,,,,,,,,10.0,forward,50.0,,,,,,,,,,,,,,,,,,,,
J30_9.RCP,1,138.96428571428572,0.17939090728759766,PR_forward_best_noLS,42,1000,1,,60.0,100.0,,,,,,,,False,,,,,,,,,best,,,,,,,,,,,,,,,,,,,10.0,forward,50.0,,,,,,,,,,,,,,,,,,,,
J30_9.RCP,0,92.29761904761902,0.7946591377258301,PSO_none_none,42,1000,0,50.0,60.0,,,,,,,,,,,,,,,,,,,,,,,,,none,,,,80.0,0.9,,,,,,,,,,0.729,1.49445,1.49445,none,30.0,0.01,,,,,,,,,,,,,,
J30_9.RCP,1,85.29761904761905,0.783073902130127,PSO_none_none,42,1000,1,50.0,60.0,,,,,,,,,,,,,,,,,,,,,,,,,none,,,,80.0,0.9,,,,,,,,,,0.729,1.49445,1.49445,none,30.0,0.01,,,,,,,,,,,,,,
J30_9.RCP,0,86.25,0.6673970222473145,BA_none,42,1000,0,50.0,60.0,,,,,,,,,,,,,,,,,,,,,,0.9,,,none,10.0,,,,,,,,,,,,,,,,,,,,0.0,2.0,1.0,0.5,0.9,,,,,,,,,
J30_9.RCP,1,85.82142857142857,0.6671533584594727,BA_none,42,1000,1,50.0,60.0,,,,,,,,,,,,,,,,,,,,,,0.9,,,none,10.0,,,,,,,,,,,,,,,,,,,,0.0,2.0,1.0,0.5,0.9,,,,,,,,,
J30_9.RCP,0,84.25,0.7711391448974609,HS_fixed_random,42,1000,0,,60.0,,,,,,,,random,,,,,,,,,,,,,,,,,,,,,,,,,,,,,,,,,,,,,,,,,,,50.0,0.9,0.3,2.0,0.1,0.9,1.0,5.0,fixed
J30_9.RCP,1,84.53571428571429,0.753669261932373,HS_fixed_random,42,1000,1,,60.0,,,,,,,,random,,,,,,,,,,,,,,,,,,,,,,,,,,,,,,,,,,,,,,,,,,,50.0,0.9,0.3,2.0,0.1,0.9,1.0,5.0,fixed
J30_10.RCP,0,74.59751643535428,0.5714728832244873,DE_rand/1_fixedF_bin_fixedCR_noLS,37,1000,0,50.0,60.0,100.0,0.1,0.9,False,False,rand/1,bin,random,False,5.0,0.3,1.5,0.3,1.0,1.0,,,,,,,,,,,,,,,,,,,,,,,,,,,,,,,,,,,,,,,,,,,,
J30_10.RCP,1,77.5164353542732,0.569472074508667,DE_rand/1_fixedF_bin_fixedCR_noLS,37,1000,1,50.0,60.0,100.0,0.1,0.9,False,False,rand/1,bin,random,False,5.0,0.3,1.5,0.3,1.0,1.0,,,,,,,,,,,,,,,,,,,,,,,,,,,,,,,,,,,,,,,,,,,,
J30_10.RCP,0,82.16508400292183,0.7331900596618652,GA_roulette_single_point_random_random_none_noNeighborhood_noSA,37,1000,0,50.0,60.0,,,,,,random,single_point,random,,,,,,,,0.9,0.1,roulette,3.0,True,False,0.5,0.1,0.35,none,5.0,0.0,False,10.0,0.95,,,,,,,,,,,,,,,,,,,,,,,,,,,,,
J30_10.RCP,1,80.75967859751643,0.7304091453552246,GA_roulette_single_point_random_random_none_noNeighborhood_noSA,37,1000,1,50.0,60.0,,,,,,random,single_point,random,,,,,,,,0.9,0.1,roulette,3.0,True,False,0.5,0.1,0.35,none,5.0,0.0,False,10.0,0.95,,,,,,,,,,,,,,,,,,,,,,,,,,,,,
J30_10.RCP,0,68.38130021913807,0.42378687858581543,TS_static,37,1000,0,,60.0,100.0,,,,,,,,,,,,,,,,,,,,,,,,,,20.0,,,,10.0,True,static,1.0,4.0,10.0,,,,,,,,,,,,,,,,,,,,,,,
J30_10.RCP,1,71.73265157048941,0.43161797523498535,TS_static,37,1000,1,,60.0,100.0,,,,,,,,,,,,,,,,,,,,,,,,,,20.0,,,,10.0,True,static,1.0,4.0,10.0,,,,,,,,,,,,,,,,,,,,,,,
J30_10.RCP,0,78.81373265157049,0.1490159034729004,PR_forward_best_noLS,37,1000,0,,60.0,100.0,,,,,,,,False,,,,,,,,,best,,,,,,,,,,,,,,,,,,,10.0,forward,50.0,,,,,,,,,,,,,,,,,,,,
J30_10.RCP,1,80.97589481373265,0.1601088047027588,PR_forward_best_noLS,37,1000,1,,60.0,100.0,,,,,,,,False,,,,,,,,,best,,,,,,,,,,,,,,,,,,,10.0,forward,50.0,,,,,,,,,,,,,,,,,,,,
J30_10.RCP,0,73.67859751643536,0.7912478446960449,PSO_none_none,37,1000,0,50.0,60.0,,,,,,,,,,,,,,,,,,,,,,,,,none,,,,80.0,0.9,,,,,,,,,,0.729,1.49445,1.49445,none,30.0,0.01,,,,,,,,,,,,,,
J30_10.RCP,1,73.78670562454347,0.7929840087890625,PSO_none_none,37,1000,1,50.0,60.0,,,,,,,,,,,,,,,,,,,,,,,,,none,,,,80.0,0.9,,,,,,,,,,0.729,1.49445,1.49445,none,30.0,0.01,,,,,,,,,,,,,,
J30_10.RCP,0,72.9218407596786,0.676098108291626,BA_none,37,1000,0,50.0,60.0,,,,,,,,,,,,,,,,,,,,,,0.9,,,none,10.0,,,,,,,,,,,,,,,,,,,,0.0,2.0,1.0,0.5,0.9,,,,,,,,,
J30_10.RCP,1,71.40832724616507,0.6641547679901123,BA_none,37,1000,1,50.0,60.0,,,,,,,,,,,,,,,,,,,,,,0.9,,,none,10.0,,,,,,,,,,,,,,,,,,,,0.0,2.0,1.0,0.5,0.9,,,,,,,,,
J30_10.RCP,0,72.54346238130023,0.7556219100952148,HS_fixed_random,37,1000,0,,60.0,,,,,,,,random,,,,,,,,,,,,,,,,,,,,,,,,,,,,,,,,,,,,,,,,,,,50.0,0.9,0.3,2.0,0.1,0.9,1.0,5.0,fixed
J30_10.RCP,1,74.32724616508399,0.7532138824462891,HS_fixed_random,37,1000,1,,60.0,,,,,,,,random,,,,,,,,,,,,,,,,,,,,,,,,,,,,,,,,,,,,,,,,,,,50.0,0.9,0.3,2.0,0.1,0.9,1.0,5.0,fixed
J60_1.RCP,0,108.70703322651374,1.0382330417633057,DE_rand/1_fixedF_bin_fixedCR_noLS,77,1000,0,50.0,60.0,100.0,0.1,0.9,False,False,rand/1,bin,random,False,5.0,0.3,1.5,0.3,1.0,1.0,,,,,,,,,,,,,,,,,,,,,,,,,,,,,,,,,,,,,,,,,,,,
J60_1.RCP,1,102.10963062911115,1.0414042472839355,DE_rand/1_fixedF_bin_fixedCR_noLS,77,1000,1,50.0,60.0,100.0,0.1,0.9,False,False,rand/1,bin,random,False,5.0,0.3,1.5,0.3,1.0,1.0,,,,,,,,,,,,,,,,,,,,,,,,,,,,,,,,,,,,,,,,,,,,
J60_1.RCP,0,114.60313712261764,1.1869990825653076,GA_roulette_single_point_random_random_none_noNeighborhood_noSA,77,1000,0,50.0,60.0,,,,,,random,single_point,random,,,,,,,,0.9,0.1,roulette,3.0,True,False,0.5,0.1,0.35,none,5.0,0.0,False,10.0,0.95,,,,,,,,,,,,,,,,,,,,,,,,,,,,,
J60_1.RCP,1,111.74599426547478,1.2033839225769043,GA_roulette_single_point_random_random_none_noNeighborhood_noSA,77,1000,1,50.0,60.0,,,,,,random,single_point,random,,,,,,,,0.9,0.1,roulette,3.0,True,False,0.5,0.1,0.35,none,5.0,0.0,False,10.0,0.95,,,,,,,,,,,,,,,,,,,,,,,,,,,,,
J60_1.RCP,0,80.966773486254,0.7501511573791504,TS_static,77,1000,0,,60.0,100.0,,,,,,,,,,,,,,,,,,,,,,,,,,20.0,,,,10.0,True,static,1.0,4.0,10.0,,,,,,,,,,,,,,,,,,,,,,,
J60_1.RCP,1,80.3693708888514,0.734705924987793,TS_static,77,1000,1,,60.0,100.0,,,,,,,,,,,,,,,,,,,,,,,,,,20.0,,,,10.0,True,static,1.0,4.0,10.0,,,,,,,,,,,,,,,,,,,,,,,
J60_1.RCP,0,132.6550851745657,0.36112189292907715,PR_forward_best_noLS,77,1000,0,,60.0,100.0,,,,,,,,False,,,,,,,,,best,,,,,,,,,,,,,,,,,,,10.0,forward,50.0,,,,,,,,,,,,,,,,,,,,
J60_1.RCP,1,118.23950075898128,0.39678192138671875,PR_forward_best_noLS,77,1000,1,,60.0,100.0,,,,,,,,False,,,,,,,,,best,,,,,,,,,,,,,,,,,,,10.0,forward,50.0,,,,,,,,,,,,,,,,,,,,
J60_1.RCP,0,83.82391634339685,1.482295036315918,PSO_none_none,77,1000,0,50.0,60.0,,,,,,,,,,,,,,,,,,,,,,,,,none,,,,80.0,0.9,,,,,,,,,,0.729,1.49445,1.49445,none,30.0,0.01,,,,,,,,,,,,,,
J60_1.RCP,1,75.51222803170855,1.4809930324554443,PSO_none_none,77,1000,1,50.0,60.0,,,,,,,,,,,,,,,,,,,,,,,,,none,,,,80.0,0.9,,,,,,,,,,0.729,1.49445,1.49445,none,30.0,0.01,,,,,,,,,,,,,,
J60_1.RCP,0,74.23950075898128,1.230738878250122,BA_none,77,1000,0,50.0,60.0,,,,,,,,,,,,,,,,,,,,,,0.9,,,none,10.0,,,,,,,,,,,,,,,,,,,,0.0,2.0,1.0,0.5,0.9,,,,,,,,,
J60_1.RCP,1,92.21352673300726,1.248445987701416,BA_none,77,1000,1,50.0,60.0,,,,,,,,,,,,,,,,,,,,,,0.9,,,none,10.0,,,,,,,,,,,,,,,,,,,,0.0,2.0,1.0,0.5,0.9,,,,,,,,,
J60_1.RCP,0,84.60313712261764,1.4242539405822754,HS_fixed_random,77,1000,0,,60.0,,,,,,,,random,,,,,,,,,,,,,,,,,,,,,,,,,,,,,,,,,,,,,,,,,,,50.0,0.9,0.3,2.0,0.1,0.9,1.0,5.0,fixed
J60_1.RCP,1,86.78495530443583,1.4238231182098389,HS_fixed_random,77,1000,1,,60.0,,,,,,,,random,,,,,,,,,,,,,,,,,,,,,,,,,,,,,,,,,,,,,,,,,,,50.0,0.9,0.3,2.0,0.1,0.9,1.0,5.0,fixed
J60_2.RCP,0,129.9294674556213,1.0746989250183105,DE_rand/1_fixedF_bin_fixedCR_noLS,65,1000,0,50.0,60.0,100.0,0.1,0.9,False,False,rand/1,bin,random,False,5.0,0.3,1.5,0.3,1.0,1.0,,,,,,,,,,,,,,,,,,,,,,,,,,,,,,,,,,,,,,,,,,,,
J60_2.RCP,1,120.26792899408285,1.067965030670166,DE_rand/1_fixedF_bin_fixedCR_noLS,65,1000,1,50.0,60.0,100.0,0.1,0.9,False,False,rand/1,bin,random,False,5.0,0.3,1.5,0.3,1.0,1.0,,,,,,,,,,,,,,,,,,,,,,,,,,,,,,,,,,,,,,,,,,,,
J60_2.RCP,0,121.25254437869822,1.3039920330047607,GA_roulette_single_point_random_random_none_noNeighborhood_noSA,65,1000,0,50.0,60.0,,,,,,random,single_point,random,,,,,,,,0.9,0.1,roulette,3.0,True,False,0.5,0.1,0.35,none,5.0,0.0,False,10.0,0.95,,,,,,,,,,,,,,,,,,,,,,,,,,,,,
J60_2.RCP,1,132.91408284023672,1.305666208267212,GA_roulette_single_point_random_random_none_noNeighborhood_noSA,65,1000,1,50.0,60.0,,,,,,random,single_point,random,,,,,,,,0.9,0.1,roulette,3.0,True,False,0.5,0.1,0.35,none,5.0,0.0,False,10.0,0.95,,,,,,,,,,,,,,,,,,,,,,,,,,,,,
J60_2.RCP,0,94.72946745562129,0.7684478759765625,TS_static,65,1000,0,,60.0,100.0,,,,,,,,,,,,,,,,,,,,,,,,,,20.0,,,,10.0,True,static,1.0,4.0,10.0,,,,,,,,,,,,,,,,,,,,,,,
J60_2.RCP,1,85.37562130177517,0.7636208534240723,TS_static,65,1000,1,,60.0,100.0,,,,,,,,,,,,,,,,,,,,,,,,,,20.0,,,,10.0,True,static,1.0,4.0,10.0,,,,,,,,,,,,,,,,,,,,,,,
J60_2.RCP,0,163.96023668639052,0.2741422653198242,PR_forward_best_noLS,65,1000,0,,60.0,100.0,,,,,,,,False,,,,,,,,,best,,,,,,,,,,,,,,,,,,,10.0,forward,50.0,,,,,,,,,,,,,,,,,,,,
J60_2.RCP,1,165.9294674556213,0.30823802947998047,PR_forward_best_noLS,65,1000,1,,60.0,100.0,,,,,,,,False,,,,,,,,,best,,,,,,,,,,,,,,,,,,,10.0,forward,50.0,,,,,,,,,,,,,,,,,,,,
J60_2.RCP,0,103.80639053254438,1.4657008647918701,PSO_none_none,65,1000,0,50.0,60.0,,,,,,,,,,,,,,,,,,,,,,,,,none,,,,80.0,0.9,,,,,,,,,,0.729,1.49445,1.49445,none,30.0,0.01,,,,,,,,,,,,,,
J60_2.RCP,1,92.94485207100591,1.4766931533813477,PSO_none_none,65,1000,1,50.0,60.0,,,,,,,,,,,,,,,,,,,,,,,,,none,,,,80.0,0.9,,,,,,,,,,0.729,1.49445,1.49445,none,30.0,0.01,,,,,,,,,,,,,,
J60_2.RCP,0,131.59100591715978,1.2444627285003662,BA_none,65,1000,0,50.0,60.0,,,,,,,,,,,,,,,,,,,,,,0.9,,,none,10.0,,,,,,,,,,,,,,,,,,,,0.0,2.0,1.0,0.5,0.9,,,,,,,,,
J60_2.RCP,1,99.86792899408285,1.2396070957183838,BA_none,65,1000,1,50.0,60.0,,,,,,,,,,,,,,,,,,,,,,0.9,,,none,10.0,,,,,,,,,,,,,,,,,,,,0.0,2.0,1.0,0.5,0.9,,,,,,,,,
J60_2.RCP,0,106.79100591715978,1.4128308296203613,HS_fixed_random,65,1000,0,,60.0,,,,,,,,random,,,,,,,,,,,,,,,,,,,,,,,,,,,,,,,,,,,,,,,,,,,50.0,0.9,0.3,2.0,0.1,0.9,1.0,5.0,fixed
J60_2.RCP,1,98.39100591715977,1.4181687831878662,HS_fixed_random,65,1000,1,,60.0,,,,,,,,random,,,,,,,,,,,,,,,,,,,,,,,,,,,,,,,,,,,,,,,,,,,50.0,0.9,0.3,2.0,0.1,0.9,1.0,5.0,fixed
J60_3.RCP,0,131.3343729115616,1.0681178569793701,DE_rand/1_fixedF_bin_fixedCR_noLS,67,1000,0,50.0,60.0,100.0,0.1,0.9,False,False,rand/1,bin,random,False,5.0,0.3,1.5,0.3,1.0,1.0,,,,,,,,,,,,,,,,,,,,,,,,,,,,,,,,,,,,,,,,,,,,
J60_3.RCP,1,151.21496992648696,1.0621070861816406,DE_rand/1_fixedF_bin_fixedCR_noLS,67,1000,1,50.0,60.0,100.0,0.1,0.9,False,False,rand/1,bin,random,False,5.0,0.3,1.5,0.3,1.0,1.0,,,,,,,,,,,,,,,,,,,,,,,,,,,,,,,,,,,,,,,,,,,,
J60_3.RCP,0,152.31944753842726,1.2326219081878662,GA_roulette_single_point_random_random_none_noNeighborhood_noSA,67,1000,0,50.0,60.0,,,,,,random,single_point,random,,,,,,,,0.9,0.1,roulette,3.0,True,False,0.5,0.1,0.35,none,5.0,0.0,False,10.0,0.95,,,,,,,,,,,,,,,,,,,,,,,,,,,,,
J60_3.RCP,1,160.37914903096458,1.238638162612915,GA_roulette_single_point_random_random_none_noNeighborhood_noSA,67,1000,1,50.0,60.0,,,,,,random,single_point,random,,,,,,,,0.9,0.1,roulette,3.0,True,False,0.5,0.1,0.35,none,5.0,0.0,False,10.0,0.95,,,,,,,,,,,,,,,,,,,,,,,,,,,,,
J60_3.RCP,0,95.09556694141234,0.7545039653778076,TS_static,67,1000,0,,60.0,100.0,,,,,,,,,,,,,,,,,,,,,,,,,,20.0,,,,10.0,True,static,1.0,4.0,10.0,,,,,,,,,,,,,,,,,,,,,,,
J60_3.RCP,1,99.18511918021831,0.7538478374481201,TS_static,67,1000,1,,60.0,100.0,,,,,,,,,,,,,,,,,,,,,,,,,,20.0,,,,10.0,True,static,1.0,4.0,10.0,,,,,,,,,,,,,,,,,,,,,,,
J60_3.RCP,0,188.43885052350188,0.3493790626525879,PR_forward_best_noLS,67,1000,0,,60.0,100.0,,,,,,,,False,,,,,,,,,best,,,,,,,,,,,,,,,,,,,10.0,forward,50.0,,,,,,,,,,,,,,,,,,,,
J60_3.RCP,1,159.2746714190243,0.2922201156616211,PR_forward_best_noLS,67,1000,1,,60.0,100.0,,,,,,,,False,,,,,,,,,best,,,,,,,,,,,,,,,,,,,10.0,forward,50.0,,,,,,,,,,,,,,,,,,,,
J60_3.RCP,0,122.20004455335264,1.4716873168945312,PSO_none_none,67,1000,0,50.0,60.0,,,,,,,,,,,,,,,,,,,,,,,,,none,,,,80.0,0.9,,,,,,,,,,0.729,1.49445,1.49445,none,30.0,0.01,,,,,,,,,,,,,,
J60_3.RCP,1,118.52840276230786,1.476867914199829,PSO_none_none,67,1000,1,50.0,60.0,,,,,,,,,,,,,,,,,,,,,,,,,none,,,,80.0,0.9,,,,,,,,,,0.729,1.49445,1.49445,none,30.0,0.01,,,,,,,,,,,,,,
J60_3.RCP,0,109.57317888171085,1.2481999397277832,BA_none,67,1000,0,50.0,60.0,,,,,,,,,,,,,,,,,,,,,,0.9,,,none,10.0,,,,,,,,,,,,,,,,,,,,0.0,2.0,1.0,0.5,0.9,,,,,,,,,
J60_3.RCP,1,125.69258186678547,1.2518527507781982,BA_none,67,1000,1,50.0,60.0,,,,,,,,,,,,,,,,,,,,,,0.9,,,none,10.0,,,,,,,,,,,,,,,,,,,,0.0,2.0,1.0,0.5,0.9,,,,,,,,,
J60_3.RCP,0,121.78213410559144,1.4234519004821777,HS_fixed_random,67,1000,0,,60.0,,,,,,,,random,,,,,,,,,,,,,,,,,,,,,,,,,,,,,,,,,,,,,,,,,,,50.0,0.9,0.3,2.0,0.1,0.9,1.0,5.0,fixed
J60_3.RCP,1,108.73735798618846,1.4171168804168701,HS_fixed_random,67,1000,1,,60.0,,,,,,,,random,,,,,,,,,,,,,,,,,,,,,,,,,,,,,,,,,,,,,,,,,,,50.0,0.9,0.3,2.0,0.1,0.9,1.0,5.0,fixed
J60_4.RCP,0,104.68610799551354,1.0464210510253906,DE_rand/1_fixedF_bin_fixedCR_noLS,79,1000,0,50.0,60.0,100.0,0.1,0.9,False,False,rand/1,bin,random,False,5.0,0.3,1.5,0.3,1.0,1.0,,,,,,,,,,,,,,,,,,,,,,,,,,,,,,,,,,,,,,,,,,,,
J60_4.RCP,1,100.66079153981734,1.0453059673309326,DE_rand/1_fixedF_bin_fixedCR_noLS,79,1000,1,50.0,60.0,100.0,0.1,0.9,False,False,rand/1,bin,random,False,5.0,0.3,1.5,0.3,1.0,1.0,,,,,,,,,,,,,,,,,,,,,,,,,,,,,,,,,,,,,,,,,,,,
J60_4.RCP,0,105.2937029322224,1.2134590148925781,GA_roulette_single_point_random_random_none_noNeighborhood_noSA,79,1000,0,50.0,60.0,,,,,,random,single_point,random,,,,,,,,0.9,0.1,roulette,3.0,True,False,0.5,0.1,0.35,none,5.0,0.0,False,10.0,0.95,,,,,,,,,,,,,,,,,,,,,,,,,,,,,
J60_4.RCP,1,106.05319660310847,1.2296009063720703,GA_roulette_single_point_random_random_none_noNeighborhood_noSA,79,1000,1,50.0,60.0,,,,,,random,single_point,random,,,,,,,,0.9,0.1,roulette,3.0,True,False,0.5,0.1,0.35,none,5.0,0.0,False,10.0,0.95,,,,,,,,,,,,,,,,,,,,,,,,,,,,,
J60_4.RCP,0,86.3316776157667,0.7405588626861572,TS_static,79,1000,0,,60.0,100.0,,,,,,,,,,,,,,,,,,,,,,,,,,20.0,,,,10.0,True,static,1.0,4.0,10.0,,,,,,,,,,,,,,,,,,,,,,,
J60_4.RCP,1,84.63547508412111,0.7511489391326904,TS_static,79,1000,1,,60.0,100.0,,,,,,,,,,,,,,,,,,,,,,,,,,20.0,,,,10.0,True,static,1.0,4.0,10.0,,,,,,,,,,,,,,,,,,,,,,,
J60_4.RCP,0,108.23041179298188,0.4178597927093506,PR_forward_best_noLS,79,1000,0,,60.0,100.0,,,,,,,,False,,,,,,,,,best,,,,,,,,,,,,,,,,,,,10.0,forward,50.0,,,,,,,,,,,,,,,,,,,,
J60_4.RCP,1,115.47091812209581,0.311917781829834,PR_forward_best_noLS,79,1000,1,,60.0,100.0,,,,,,,,False,,,,,,,,,best,,,,,,,,,,,,,,,,,,,10.0,forward,50.0,,,,,,,,,,,,,,,,,,,,
J60_4.RCP,0,98.20509533728568,1.474776029586792,PSO_none_none,79,1000,0,50.0,60.0,,,,,,,,,,,,,,,,,,,,,,,,,none,,,,80.0,0.9,,,,,,,,,,0.729,1.49445,1.49445,none,30.0,0.01,,,,,,,,,,,,,,
J60_4.RCP,1,89.59750040057682,1.4884397983551025,PSO_none_none,79,1000,1,50.0,60.0,,,,,,,,,,,,,,,,,,,,,,,,,none,,,,80.0,0.9,,,,,,,,,,0.729,1.49445,1.49445,none,30.0,0.01,,,,,,,,,,,,,,
J60_4.RCP,0,87.04053837526037,1.2507786750793457,BA_none,79,1000,0,50.0,60.0,,,,,,,,,,,,,,,,,,,,,,0.9,,,none,10.0,,,,,,,,,,,,,,,,,,,,0.0,2.0,1.0,0.5,0.9,,,,,,,,,
J60_4.RCP,1,87.69876622336163,1.2511060237884521,BA_none,79,1000,1,50.0,60.0,,,,,,,,,,,,,,,,,,,,,,0.9,,,none,10.0,,,,,,,,,,,,,,,,,,,,0.0,2.0,1.0,0.5,0.9,,,,,,,,,
J60_4.RCP,0,88.10382951450087,1.4159018993377686,HS_fixed_random,79,1000,0,,60.0,,,,,,,,random,,,,,,,,,,,,,,,,,,,,,,,,,,,,,,,,,,,,,,,,,,,50.0,0.9,0.3,2.0,0.1,0.9,1.0,5.0,fixed
J60_4.RCP,1,85.16712065374138,1.4267470836639404,HS_fixed_random,79,1000,1,,60.0,,,,,,,,random,,,,,,,,,,,,,,,,,,,,,,,,,,,,,,,,,,,,,,,,,,,50.0,0.9,0.3,2.0,0.1,0.9,1.0,5.0,fixed
J60_5.RCP,0,91.4375,1.0659940242767334,DE_rand/1_fixedF_bin_fixedCR_noLS,68,1000,0,50.0,60.0,100.0,0.1,0.9,False,False,rand/1,bin,random,False,5.0,0.3,1.5,0.3,1.0,1.0,,,,,,,,,,,,,,,,,,,,,,,,,,,,,,,,,,,,,,,,,,,,
J60_5.RCP,1,85.0845588235294,1.0572218894958496,DE_rand/1_fixedF_bin_fixedCR_noLS,68,1000,1,50.0,60.0,100.0,0.1,0.9,False,False,rand/1,bin,random,False,5.0,0.3,1.5,0.3,1.0,1.0,,,,,,,,,,,,,,,,,,,,,,,,,,,,,,,,,,,,,,,,,,,,
J60_5.RCP,0,88.46691176470588,1.2282040119171143,GA_roulette_single_point_random_random_none_noNeighborhood_noSA,68,1000,0,50.0,60.0,,,,,,random,single_point,random,,,,,,,,0.9,0.1,roulette,3.0,True,False,0.5,0.1,0.35,none,5.0,0.0,False,10.0,0.95,,,,,,,,,,,,,,,,,,,,,,,,,,,,,
J60_5.RCP,1,89.26102941176471,1.2319679260253906,GA_roulette_single_point_random_random_none_noNeighborhood_noSA,68,1000,1,50.0,60.0,,,,,,random,single_point,random,,,,,,,,0.9,0.1,roulette,3.0,True,False,0.5,0.1,0.35,none,5.0,0.0,False,10.0,0.95,,,,,,,,,,,,,,,,,,,,,,,,,,,,,
J60_5.RCP,0,66.81985294117646,0.7529640197753906,TS_static,68,1000,0,,60.0,100.0,,,,,,,,,,,,,,,,,,,,,,,,,,20.0,,,,10.0,True,static,1.0,4.0,10.0,,,,,,,,,,,,,,,,,,,,,,,
J60_5.RCP,1,65.2904411764706,0.7461183071136475,TS_static,68,1000,1,,60.0,100.0,,,,,,,,,,,,,,,,,,,,,,,,,,20.0,,,,10.0,True,static,1.0,4.0,10.0,,,,,,,,,,,,,,,,,,,,,,,
J60_5.RCP,0,96.4375,0.32262706756591797,PR_forward_best_noLS,68,1000,0,,60.0,100.0,,,,,,,,False,,,,,,,,,best,,,,,,,,,,,,,,,,,,,10.0,forward,50.0,,,,,,,,,,,,,,,,,,,,
J60_5.RCP,1,101.67279411764706,0.3269798755645752,PR_forward_best_noLS,68,1000,1,,60.0,100.0,,,,,,,,False,,,,,,,,,best,,,,,,,,,,,,,,,,,,,10.0,forward,50.0,,,,,,,,,,,,,,,,,,,,
J60_5.RCP,0,76.0845588235294,1.4784870147705078,PSO_none_none,68,1000,0,50.0,60.0,,,,,,,,,,,,,,,,,,,,,,,,,none,,,,80.0,0.9,,,,,,,,,,0.729,1.49445,1.49445,none,30.0,0.01,,,,,,,,,,,,,,
J60_5.RCP,1,79.17279411764706,1.4872870445251465,PSO_none_none,68,1000,1,50.0,60.0,,,,,,,,,,,,,,,,,,,,,,,,,none,,,,80.0,0.9,,,,,,,,,,0.729,1.49445,1.49445,none,30.0,0.01,,,,,,,,,,,,,,
J60_5.RCP,0,75.5845588235294,1.2535438537597656,BA_none,68,1000,0,50.0,60.0,,,,,,,,,,,,,,,,,,,,,,0.9,,,none,10.0,,,,,,,,,,,,,,,,,,,,0.0,2.0,1.0,0.5,0.9,,,,,,,,,
J60_5.RCP,1,83.26102941176471,1.246361255645752,BA_none,68,1000,1,50.0,60.0,,,,,,,,,,,,,,,,,,,,,,0.9,,,none,10.0,,,,,,,,,,,,,,,,,,,,0.0,2.0,1.0,0.5,0.9,,,,,,,,,
J60_5.RCP,0,73.84926470588235,1.4202287197113037,HS_fixed_random,68,1000,0,,60.0,,,,,,,,random,,,,,,,,,,,,,,,,,,,,,,,,,,,,,,,,,,,,,,,,,,,50.0,0.9,0.3,2.0,0.1,0.9,1.0,5.0,fixed
J60_5.RCP,1,75.17279411764706,1.419632911682129,HS_fixed_random,68,1000,1,,60.0,,,,,,,,random,,,,,,,,,,,,,,,,,,,,,,,,,,,,,,,,,,,,,,,,,,,50.0,0.9,0.3,2.0,0.1,0.9,1.0,5.0,fixed
J60_6.RCP,0,150.77847633136096,1.0584900379180908,DE_rand/1_fixedF_bin_fixedCR_noLS,52,1000,0,50.0,60.0,100.0,0.1,0.9,False,False,rand/1,bin,random,False,5.0,0.3,1.5,0.3,1.0,1.0,,,,,,,,,,,,,,,,,,,,,,,,,,,,,,,,,,,,,,,,,,,,
J60_6.RCP,1,148.12463017751477,1.0637309551239014,DE_rand/1_fixedF_bin_fixedCR_noLS,52,1000,1,50.0,60.0,100.0,0.1,0.9,False,False,rand/1,bin,random,False,5.0,0.3,1.5,0.3,1.0,1.0,,,,,,,,,,,,,,,,,,,,,,,,,,,,,,,,,,,,,,,,,,,,
J60_6.RCP,0,155.0092455621302,1.2850770950317383,GA_roulette_single_point_random_random_none_noNeighborhood_noSA,52,1000,0,50.0,60.0,,,,,,random,single_point,random,,,,,,,,0.9,0.1,roulette,3.0,True,False,0.5,0.1,0.35,none,5.0,0.0,False,10.0,0.95,,,,,,,,,,,,,,,,,,,,,,,,,,,,,
J60_6.RCP,1,169.66309171597635,1.2973930835723877,GA_roulette_single_point_random_random_none_noNeighborhood_noSA,52,1000,1,50.0,60.0,,,,,,random,single_point,random,,,,,,,,0.9,0.1,roulette,3.0,True,False,0.5,0.1,0.35,none,5.0,0.0,False,10.0,0.95,,,,,,,,,,,,,,,,,,,,,,,,,,,,,
J60_6.RCP,0,109.89386094674556,0.7632179260253906,TS_static,52,1000,0,,60.0,100.0,,,,,,,,,,,,,,,,,,,,,,,,,,20.0,,,,10.0,True,static,1.0,4.0,10.0,,,,,,,,,,,,,,,,,,,,,,,
J60_6.RCP,1,101.8169378698225,0.7588868141174316,TS_static,52,1000,1,,60.0,100.0,,,,,,,,,,,,,,,,,,,,,,,,,,20.0,,,,10.0,True,static,1.0,4.0,10.0,,,,,,,,,,,,,,,,,,,,,,,
J60_6.RCP,0,165.9323224852071,0.5038168430328369,PR_forward_best_noLS,52,1000,0,,60.0,100.0,,,,,,,,False,,,,,,,,,best,,,,,,,,,,,,,,,,,,,10.0,forward,50.0,,,,,,,,,,,,,,,,,,,,
J60_6.RCP,1,183.97078402366864,0.29352426528930664,PR_forward_best_noLS,52,1000,1,,60.0,100.0,,,,,,,,False,,,,,,,,,best,,,,,,,,,,,,,,,,,,,10.0,forward,50.0,,,,,,,,,,,,,,,,,,,,
J60_6.RCP,0,113.8169378698225,1.4737882614135742,PSO_none_none,52,1000,0,50.0,60.0,,,,,,,,,,,,,,,,,,,,,,,,,none,,,,80.0,0.9,,,,,,,,,,0.729,1.49445,1.49445,none,30.0,0.01,,,,,,,,,,,,,,
J60_6.RCP,1,109.12463017751476,1.4863131046295166,PSO_none_none,52,1000,1,50.0,60.0,,,,,,,,,,,,,,,,,,,,,,,,,none,,,,80.0,0.9,,,,,,,,,,0.729,1.49445,1.49445,none,30.0,0.01,,,,,,,,,,,,,,
J60_6.RCP,0,121.16309171597634,1.2404353618621826,BA_none,52,1000,0,50.0,60.0,,,,,,,,,,,,,,,,,,,,,,0.9,,,none,10.0,,,,,,,,,,,,,,,,,,,,0.0,2.0,1.0,0.5,0.9,,,,,,,,,
J60_6.RCP,1,125.74001479289942,1.233299970626831,BA_none,52,1000,1,50.0,60.0,,,,,,,,,,,,,,,,,,,,,,0.9,,,none,10.0,,,,,,,,,,,,,,,,,,,,0.0,2.0,1.0,0.5,0.9,,,,,,,,,
J60_6.RCP,0,121.35539940828401,1.415698766708374,HS_fixed_random,52,1000,0,,60.0,,,,,,,,random,,,,,,,,,,,,,,,,,,,,,,,,,,,,,,,,,,,,,,,,,,,50.0,0.9,0.3,2.0,0.1,0.9,1.0,5.0,fixed
J60_6.RCP,1,116.93232248520711,1.4098098278045654,HS_fixed_random,52,1000,1,,60.0,,,,,,,,random,,,,,,,,,,,,,,,,,,,,,,,,,,,,,,,,,,,,,,,,,,,50.0,0.9,0.3,2.0,0.1,0.9,1.0,5.0,fixed
J60_7.RCP,0,133.76388888888889,1.054415225982666,DE_rand/1_fixedF_bin_fixedCR_noLS,60,1000,0,50.0,60.0,100.0,0.1,0.9,False,False,rand/1,bin,random,False,5.0,0.3,1.5,0.3,1.0,1.0,,,,,,,,,,,,,,,,,,,,,,,,,,,,,,,,,,,,,,,,,,,,
J60_7.RCP,1,136.29722222222222,1.050138235092163,DE_rand/1_fixedF_bin_fixedCR_noLS,60,1000,1,50.0,60.0,100.0,0.1,0.9,False,False,rand/1,bin,random,False,5.0,0.3,1.5,0.3,1.0,1.0,,,,,,,,,,,,,,,,,,,,,,,,,,,,,,,,,,,,,,,,,,,,
J60_7.RCP,0,149.99722222222223,1.142632007598877,GA_roulette_single_point_random_random_none_noNeighborhood_noSA,60,1000,0,50.0,60.0,,,,,,random,single_point,random,,,,,,,,0.9,0.1,roulette,3.0,True,False,0.5,0.1,0.35,none,5.0,0.0,False,10.0,0.95,,,,,,,,,,,,,,,,,,,,,,,,,,,,,
J60_7.RCP,1,148.0638888888889,1.1409649848937988,GA_roulette_single_point_random_random_none_noNeighborhood_noSA,60,1000,1,50.0,60.0,,,,,,random,single_point,random,,,,,,,,0.9,0.1,roulette,3.0,True,False,0.5,0.1,0.35,none,5.0,0.0,False,10.0,0.95,,,,,,,,,,,,,,,,,,,,,,,,,,,,,
J60_7.RCP,0,116.53055555555557,0.7265610694885254,TS_static,60,1000,0,,60.0,100.0,,,,,,,,,,,,,,,,,,,,,,,,,,20.0,,,,10.0,True,static,1.0,4.0,10.0,,,,,,,,,,,,,,,,,,,,,,,
J60_7.RCP,1,98.8972222222222,0.740149974822998,TS_static,60,1000,1,,60.0,100.0,,,,,,,,,,,,,,,,,,,,,,,,,,20.0,,,,10.0,True,static,1.0,4.0,10.0,,,,,,,,,,,,,,,,,,,,,,,
J60_7.RCP,0,150.5638888888889,0.3164229393005371,PR_forward_best_noLS,60,1000,0,,60.0,100.0,,,,,,,,False,,,,,,,,,best,,,,,,,,,,,,,,,,,,,10.0,forward,50.0,,,,,,,,,,,,,,,,,,,,
J60_7.RCP,1,163.26388888888886,0.266556978225708,PR_forward_best_noLS,60,1000,1,,60.0,100.0,,,,,,,,False,,,,,,,,,best,,,,,,,,,,,,,,,,,,,10.0,forward,50.0,,,,,,,,,,,,,,,,,,,,
J60_7.RCP,0,127.49722222222223,1.490588903427124,PSO_none_none,60,1000,0,50.0,60.0,,,,,,,,,,,,,,,,,,,,,,,,,none,,,,80.0,0.9,,,,,,,,,,0.729,1.49445,1.49445,none,30.0,0.01,,,,,,,,,,,,,,
J60_7.RCP,1,139.83055555555558,1.4851722717285156,PSO_none_none,60,1000,1,50.0,60.0,,,,,,,,,,,,,,,,,,,,,,,,,none,,,,80.0,0.9,,,,,,,,,,0.729,1.49445,1.49445,none,30.0,0.01,,,,,,,,,,,,,,
J60_7.RCP,0,130.5638888888889,1.251047134399414,BA_none,60,1000,0,50.0,60.0,,,,,,,,,,,,,,,,,,,,,,0.9,,,none,10.0,,,,,,,,,,,,,,,,,,,,0.0,2.0,1.0,0.5,0.9,,,,,,,,,
J60_7.RCP,1,112.19722222222222,1.2432029247283936,BA_none,60,1000,1,50.0,60.0,,,,,,,,,,,,,,,,,,,,,,0.9,,,none,10.0,,,,,,,,,,,,,,,,,,,,0.0,2.0,1.0,0.5,0.9,,,,,,,,,
J60_7.RCP,0,117.09722222222223,1.4256727695465088,HS_fixed_random,60,1000,0,,60.0,,,,,,,,random,,,,,,,,,,,,,,,,,,,,,,,,,,,,,,,,,,,,,,,,,,,50.0,0.9,0.3,2.0,0.1,0.9,1.0,5.0,fixed
J60_7.RCP,1,118.8638888888889,1.4188847541809082,HS_fixed_random,60,1000,1,,60.0,,,,,,,,random,,,,,,,,,,,,,,,,,,,,,,,,,,,,,,,,,,,,,,,,,,,50.0,0.9,0.3,2.0,0.1,0.9,1.0,5.0,fixed
J60_8.RCP,0,110.95298551874627,1.062730073928833,DE_rand/1_fixedF_bin_fixedCR_noLS,71,1000,0,50.0,60.0,100.0,0.1,0.9,False,False,rand/1,bin,random,False,5.0,0.3,1.5,0.3,1.0,1.0,,,,,,,,,,,,,,,,,,,,,,,,,,,,,,,,,,,,,,,,,,,,
J60_8.RCP,1,103.0374925609998,1.0569031238555908,DE_rand/1_fixedF_bin_fixedCR_noLS,71,1000,1,50.0,60.0,100.0,0.1,0.9,False,False,rand/1,bin,random,False,5.0,0.3,1.5,0.3,1.0,1.0,,,,,,,,,,,,,,,,,,,,,,,,,,,,,,,,,,,,,,,,,,,,
J60_8.RCP,0,115.51636580043643,1.2007701396942139,GA_roulette_single_point_random_random_none_noNeighborhood_noSA,71,1000,0,50.0,60.0,,,,,,random,single_point,random,,,,,,,,0.9,0.1,roulette,3.0,True,False,0.5,0.1,0.35,none,5.0,0.0,False,10.0,0.95,,,,,,,,,,,,,,,,,,,,,,,,,,,,,
J60_8.RCP,1,122.33326720888711,1.1925079822540283,GA_roulette_single_point_random_random_none_noNeighborhood_noSA,71,1000,1,50.0,60.0,,,,,,random,single_point,random,,,,,,,,0.9,0.1,roulette,3.0,True,False,0.5,0.1,0.35,none,5.0,0.0,False,10.0,0.95,,,,,,,,,,,,,,,,,,,,,,,,,,,,,
J60_8.RCP,0,74.02340805395754,0.7455270290374756,TS_static,71,1000,0,,60.0,100.0,,,,,,,,,,,,,,,,,,,,,,,,,,20.0,,,,10.0,True,static,1.0,4.0,10.0,,,,,,,,,,,,,,,,,,,,,,,
J60_8.RCP,1,66.92481650466178,0.7516341209411621,TS_static,71,1000,1,,60.0,100.0,,,,,,,,,,,,,,,,,,,,,,,,,,20.0,,,,10.0,True,static,1.0,4.0,10.0,,,,,,,,,,,,,,,,,,,,,,,
J60_8.RCP,0,126.41777425114066,0.25330305099487305,PR_forward_best_noLS,71,1000,0,,60.0,100.0,,,,,,,,False,,,,,,,,,best,,,,,,,,,,,,,,,,,,,10.0,forward,50.0,,,,,,,,,,,,,,,,,,,,
J60_8.RCP,1,133.57270382860546,0.3100149631500244,PR_forward_best_noLS,71,1000,1,,60.0,100.0,,,,,,,,False,,,,,,,,,best,,,,,,,,,,,,,,,,,,,10.0,forward,50.0,,,,,,,,,,,,,,,,,,,,
J60_8.RCP,0,91.17833763142235,1.484287977218628,PSO_none_none,71,1000,0,50.0,60.0,,,,,,,,,,,,,,,,,,,,,,,,,none,,,,80.0,0.9,,,,,,,,,,0.729,1.49445,1.49445,none,30.0,0.01,,,,,,,,,,,,,,
J60_8.RCP,1,98.95298551874627,1.4855570793151855,PSO_none_none,71,1000,1,50.0,60.0,,,,,,,,,,,,,,,,,,,,,,,,,none,,,,80.0,0.9,,,,,,,,,,0.729,1.49445,1.49445,none,30.0,0.01,,,,,,,,,,,,,,
J60_8.RCP,0,94.67129537790122,1.2456989288330078,BA_none,71,1000,0,50.0,60.0,,,,,,,,,,,,,,,,,,,,,,0.9,,,none,10.0,,,,,,,,,,,,,,,,,,,,0.0,2.0,1.0,0.5,0.9,,,,,,,,,
J60_8.RCP,1,83.0374925609998,1.236210823059082,BA_none,71,1000,1,50.0,60.0,,,,,,,,,,,,,,,,,,,,,,0.9,,,none,10.0,,,,,,,,,,,,,,,,,,,,0.0,2.0,1.0,0.5,0.9,,,,,,,,,
J60_8.RCP,0,91.3755207300139,1.437814712524414,HS_fixed_random,71,1000,0,,60.0,,,,,,,,random,,,,,,,,,,,,,,,,,,,,,,,,,,,,,,,,,,,,,,,,,,,50.0,0.9,0.3,2.0,0.1,0.9,1.0,5.0,fixed
J60_8.RCP,1,94.10791509621107,1.4191222190856934,HS_fixed_random,71,1000,1,,60.0,,,,,,,,random,,,,,,,,,,,,,,,,,,,,,,,,,,,,,,,,,,,,,,,,,,,50.0,0.9,0.3,2.0,0.1,0.9,1.0,5.0,fixed
J60_9.RCP,0,110.96,1.0606458187103271,DE_rand/1_fixedF_bin_fixedCR_noLS,75,1000,0,50.0,60.0,100.0,0.1,0.9,False,False,rand/1,bin,random,False,5.0,0.3,1.5,0.3,1.0,1.0,,,,,,,,,,,,,,,,,,,,,,,,,,,,,,,,,,,,,,,,,,,,
J60_9.RCP,1,119.84,1.0405149459838867,DE_rand/1_fixedF_bin_fixedCR_noLS,75,1000,1,50.0,60.0,100.0,0.1,0.9,False,False,rand/1,bin,random,False,5.0,0.3,1.5,0.3,1.0,1.0,,,,,,,,,,,,,,,,,,,,,,,,,,,,,,,,,,,,,,,,,,,,
J60_9.RCP,0,114.98666666666666,1.1863608360290527,GA_roulette_single_point_random_random_none_noNeighborhood_noSA,75,1000,0,50.0,60.0,,,,,,random,single_point,random,,,,,,,,0.9,0.1,roulette,3.0,True,False,0.5,0.1,0.35,none,5.0,0.0,False,10.0,0.95,,,,,,,,,,,,,,,,,,,,,,,,,,,,,
J60_9.RCP,1,126.26666666666667,1.2006258964538574,GA_roulette_single_point_random_random_none_noNeighborhood_noSA,75,1000,1,50.0,60.0,,,,,,random,single_point,random,,,,,,,,0.9,0.1,roulette,3.0,True,False,0.5,0.1,0.35,none,5.0,0.0,False,10.0,0.95,,,,,,,,,,,,,,,,,,,,,,,,,,,,,
J60_9.RCP,0,87.04,0.7373678684234619,TS_static,75,1000,0,,60.0,100.0,,,,,,,,,,,,,,,,,,,,,,,,,,20.0,,,,10.0,True,static,1.0,4.0,10.0,,,,,,,,,,,,,,,,,,,,,,,
J60_9.RCP,1,95.92000000000002,0.749481201171875,TS_static,75,1000,1,,60.0,100.0,,,,,,,,,,,,,,,,,,,,,,,,,,20.0,,,,10.0,True,static,1.0,4.0,10.0,,,,,,,,,,,,,,,,,,,,,,,
J60_9.RCP,0,126.18666666666667,0.3133409023284912,PR_forward_best_noLS,75,1000,0,,60.0,100.0,,,,,,,,False,,,,,,,,,best,,,,,,,,,,,,,,,,,,,10.0,forward,50.0,,,,,,,,,,,,,,,,,,,,
J60_9.RCP,1,130.64,0.3049008846282959,PR_forward_best_noLS,75,1000,1,,60.0,100.0,,,,,,,,False,,,,,,,,,best,,,,,,,,,,,,,,,,,,,10.0,forward,50.0,,,,,,,,,,,,,,,,,,,,
J60_9.RCP,0,98.29333333333334,1.4888839721679688,PSO_none_none,75,1000,0,50.0,60.0,,,,,,,,,,,,,,,,,,,,,,,,,none,,,,80.0,0.9,,,,,,,,,,0.729,1.49445,1.49445,none,30.0,0.01,,,,,,,,,,,,,,
J60_9.RCP,1,109.6,1.4782969951629639,PSO_none_none,75,1000,1,50.0,60.0,,,,,,,,,,,,,,,,,,,,,,,,,none,,,,80.0,0.9,,,,,,,,,,0.729,1.49445,1.49445,none,30.0,0.01,,,,,,,,,,,,,,
J60_9.RCP,0,111.2,1.2368230819702148,BA_none,75,1000,0,50.0,60.0,,,,,,,,,,,,,,,,,,,,,,0.9,,,none,10.0,,,,,,,,,,,,,,,,,,,,0.0,2.0,1.0,0.5,0.9,,,,,,,,,
J60_9.RCP,1,113.14666666666666,1.2414088249206543,BA_none,75,1000,1,50.0,60.0,,,,,,,,,,,,,,,,,,,,,,0.9,,,none,10.0,,,,,,,,,,,,,,,,,,,,0.0,2.0,1.0,0.5,0.9,,,,,,,,,
J60_9.RCP,0,100.13333333333334,1.4403681755065918,HS_fixed_random,75,1000,0,,60.0,,,,,,,,random,,,,,,,,,,,,,,,,,,,,,,,,,,,,,,,,,,,,,,,,,,,50.0,0.9,0.3,2.0,0.1,0.9,1.0,5.0,fixed
J60_9.RCP,1,100.34666666666668,1.416435956954956,HS_fixed_random,75,1000,1,,60.0,,,,,,,,random,,,,,,,,,,,,,,,,,,,,,,,,,,,,,,,,,,,,,,,,,,,50.0,0.9,0.3,2.0,0.1,0.9,1.0,5.0,fixed
J60_10.RCP,0,82.57392659279779,1.0610182285308838,DE_rand/1_fixedF_bin_fixedCR_noLS,76,1000,0,50.0,60.0,100.0,0.1,0.9,False,False,rand/1,bin,random,False,5.0,0.3,1.5,0.3,1.0,1.0,,,,,,,,,,,,,,,,,,,,,,,,,,,,,,,,,,,,,,,,,,,,
J60_10.RCP,1,83.91603185595568,1.0577099323272705,DE_rand/1_fixedF_bin_fixedCR_noLS,76,1000,1,50.0,60.0,100.0,0.1,0.9,False,False,rand/1,bin,random,False,5.0,0.3,1.5,0.3,1.0,1.0,,,,,,,,,,,,,,,,,,,,,,,,,,,,,,,,,,,,,,,,,,,,
J60_10.RCP,0,88.73182132963989,1.274932861328125,GA_roulette_single_point_random_random_none_noNeighborhood_noSA,76,1000,0,50.0,60.0,,,,,,random,single_point,random,,,,,,,,0.9,0.1,roulette,3.0,True,False,0.5,0.1,0.35,none,5.0,0.0,False,10.0,0.95,,,,,,,,,,,,,,,,,,,,,,,,,,,,,
J60_10.RCP,1,95.17918975069252,1.2777888774871826,GA_roulette_single_point_random_random_none_noNeighborhood_noSA,76,1000,1,50.0,60.0,,,,,,random,single_point,random,,,,,,,,0.9,0.1,roulette,3.0,True,False,0.5,0.1,0.35,none,5.0,0.0,False,10.0,0.95,,,,,,,,,,,,,,,,,,,,,,,,,,,,,
J60_10.RCP,0,67.52129501385042,0.7659709453582764,TS_static,76,1000,0,,60.0,100.0,,,,,,,,,,,,,,,,,,,,,,,,,,20.0,,,,10.0,True,static,1.0,4.0,10.0,,,,,,,,,,,,,,,,,,,,,,,
J60_10.RCP,1,67.889716066482,0.7567958831787109,TS_static,76,1000,1,,60.0,100.0,,,,,,,,,,,,,,,,,,,,,,,,,,20.0,,,,10.0,True,static,1.0,4.0,10.0,,,,,,,,,,,,,,,,,,,,,,,
J60_10.RCP,0,94.91603185595568,0.34429025650024414,PR_forward_best_noLS,76,1000,0,,60.0,100.0,,,,,,,,False,,,,,,,,,best,,,,,,,,,,,,,,,,,,,10.0,forward,50.0,,,,,,,,,,,,,,,,,,,,
J60_10.RCP,1,99.15287396121884,0.3083009719848633,PR_forward_best_noLS,76,1000,1,,60.0,100.0,,,,,,,,False,,,,,,,,,best,,,,,,,,,,,,,,,,,,,10.0,forward,50.0,,,,,,,,,,,,,,,,,,,,
J60_10.RCP,0,75.67918975069252,1.4807538986206055,PSO_none_none,76,1000,0,50.0,60.0,,,,,,,,,,,,,,,,,,,,,,,,,none,,,,80.0,0.9,,,,,,,,,,0.729,1.49445,1.49445,none,30.0,0.01,,,,,,,,,,,,,,
J60_10.RCP,1,70.23182132963989,1.4925167560577393,PSO_none_none,76,1000,1,50.0,60.0,,,,,,,,,,,,,,,,,,,,,,,,,none,,,,80.0,0.9,,,,,,,,,,0.729,1.49445,1.49445,none,30.0,0.01,,,,,,,,,,,,,,
J60_10.RCP,0,74.49497922437673,1.2418527603149414,BA_none,76,1000,0,50.0,60.0,,,,,,,,,,,,,,,,,,,,,,0.9,,,none,10.0,,,,,,,,,,,,,,,,,,,,0.0,2.0,1.0,0.5,0.9,,,,,,,,,
J60_10.RCP,1,69.7055055401662,1.2466251850128174,BA_none,76,1000,1,50.0,60.0,,,,,,,,,,,,,,,,,,,,,,0.9,,,none,10.0,,,,,,,,,,,,,,,,,,,,0.0,2.0,1.0,0.5,0.9,,,,,,,,,
J60_10.RCP,0,73.0476108033241,1.414524793624878,HS_fixed_random,76,1000,0,,60.0,,,,,,,,random,,,,,,,,,,,,,,,,,,,,,,,,,,,,,,,,,,,,,,,,,,,50.0,0.9,0.3,2.0,0.1,0.9,1.0,5.0,fixed
J60_10.RCP,1,70.60024238227147,1.4155259132385254,HS_fixed_random,76,1000,1,,60.0,,,,,,,,random,,,,,,,,,,,,,,,,,,,,,,,,,,,,,,,,,,,,,,,,,,,50.0,0.9,0.3,2.0,0.1,0.9,1.0,5.0,fixed
J90_1.RCP,0,184.69993316997102,1.5446569919586182,DE_rand/1_fixedF_bin_fixedCR_noLS,67,1000,0,50.0,60.0,100.0,0.1,0.9,False,False,rand/1,bin,random,False,5.0,0.3,1.5,0.3,1.0,1.0,,,,,,,,,,,,,,,,,,,,,,,,,,,,,,,,,,,,,,,,,,,,
J90_1.RCP,1,188.43127645355312,1.5403268337249756,DE_rand/1_fixedF_bin_fixedCR_noLS,67,1000,1,50.0,60.0,100.0,0.1,0.9,False,False,rand/1,bin,random,False,5.0,0.3,1.5,0.3,1.0,1.0,,,,,,,,,,,,,,,,,,,,,,,,,,,,,,,,,,,,,,,,,,,,
J90_1.RCP,0,191.2073958565382,1.686363935470581,GA_roulette_single_point_random_random_none_noNeighborhood_noSA,67,1000,0,50.0,60.0,,,,,,random,single_point,random,,,,,,,,0.9,0.1,roulette,3.0,True,False,0.5,0.1,0.35,none,5.0,0.0,False,10.0,0.95,,,,,,,,,,,,,,,,,,,,,,,,,,,,,
J90_1.RCP,1,183.23724660280686,1.690993070602417,GA_roulette_single_point_random_random_none_noNeighborhood_noSA,67,1000,1,50.0,60.0,,,,,,random,single_point,random,,,,,,,,0.9,0.1,roulette,3.0,True,False,0.5,0.1,0.35,none,5.0,0.0,False,10.0,0.95,,,,,,,,,,,,,,,,,,,,,,,,,,,,,
J90_1.RCP,0,132.55067943862775,1.081394910812378,TS_static,67,1000,0,,60.0,100.0,,,,,,,,,,,,,,,,,,,,,,,,,,20.0,,,,10.0,True,static,1.0,4.0,10.0,,,,,,,,,,,,,,,,,,,,,,,
J90_1.RCP,1,118.2521719759412,1.0859839916229248,TS_static,67,1000,1,,60.0,100.0,,,,,,,,,,,,,,,,,,,,,,,,,,20.0,,,,10.0,True,static,1.0,4.0,10.0,,,,,,,,,,,,,,,,,,,,,,,
J90_1.RCP,0,233.44620182668743,0.38643574714660645,PR_forward_best_noLS,67,1000,0,,60.0,100.0,,,,,,,,False,,,,,,,,,best,,,,,,,,,,,,,,,,,,,10.0,forward,50.0,,,,,,,,,,,,,,,,,,,,
J90_1.RCP,1,170.8491869013143,0.5927019119262695,PR_forward_best_noLS,67,1000,1,,60.0,100.0,,,,,,,,False,,,,,,,,,best,,,,,,,,,,,,,,,,,,,10.0,forward,50.0,,,,,,,,,,,,,,,,,,,,
J90_1.RCP,0,134.0432167520606,2.179536819458008,PSO_none_none,67,1000,0,50.0,60.0,,,,,,,,,,,,,,,,,,,,,,,,,none,,,,80.0,0.9,,,,,,,,,,0.729,1.49445,1.49445,none,30.0,0.01,,,,,,,,,,,,,,
J90_1.RCP,1,126.43127645355314,2.163656234741211,PSO_none_none,67,1000,1,50.0,60.0,,,,,,,,,,,,,,,,,,,,,,,,,none,,,,80.0,0.9,,,,,,,,,,0.729,1.49445,1.49445,none,30.0,0.01,,,,,,,,,,,,,,
J90_1.RCP,0,143.8939630207173,1.8280408382415771,BA_none,67,1000,0,50.0,60.0,,,,,,,,,,,,,,,,,,,,,,0.9,,,none,10.0,,,,,,,,,,,,,,,,,,,,0.0,2.0,1.0,0.5,0.9,,,,,,,,,
J90_1.RCP,1,146.1924704834039,1.8386790752410889,BA_none,67,1000,1,50.0,60.0,,,,,,,,,,,,,,,,,,,,,,0.9,,,none,10.0,,,,,,,,,,,,,,,,,,,,0.0,2.0,1.0,0.5,0.9,,,,,,,,,
J90_1.RCP,0,155.23724660280683,2.0854380130767822,HS_fixed_random,67,1000,0,,60.0,,,,,,,,random,,,,,,,,,,,,,,,,,,,,,,,,,,,,,,,,,,,,,,,,,,,50.0,0.9,0.3,2.0,0.1,0.9,1.0,5.0,fixed
J90_1.RCP,1,159.65515705056805,2.1014938354492188,HS_fixed_random,67,1000,1,,60.0,,,,,,,,random,,,,,,,,,,,,,,,,,,,,,,,,,,,,,,,,,,,,,,,,,,,50.0,0.9,0.3,2.0,0.1,0.9,1.0,5.0,fixed
J90_2.RCP,0,102.07515495867769,1.5565330982208252,DE_rand/1_fixedF_bin_fixedCR_noLS,88,1000,0,50.0,60.0,100.0,0.1,0.9,False,False,rand/1,bin,random,False,5.0,0.3,1.5,0.3,1.0,1.0,,,,,,,,,,,,,,,,,,,,,,,,,,,,,,,,,,,,,,,,,,,,
J90_2.RCP,1,113.12060950413223,1.5447301864624023,DE_rand/1_fixedF_bin_fixedCR_noLS,88,1000,1,50.0,60.0,100.0,0.1,0.9,False,False,rand/1,bin,random,False,5.0,0.3,1.5,0.3,1.0,1.0,,,,,,,,,,,,,,,,,,,,,,,,,,,,,,,,,,,,,,,,,,,,
J90_2.RCP,0,111.1433367768595,1.730039119720459,GA_roulette_single_point_random_random_none_noNeighborhood_noSA,88,1000,0,50.0,60.0,,,,,,random,single_point,random,,,,,,,,0.9,0.1,roulette,3.0,True,False,0.5,0.1,0.35,none,5.0,0.0,False,10.0,0.95,,,,,,,,,,,,,,,,,,,,,,,,,,,,,
J90_2.RCP,1,118.23424586776859,1.742358684539795,GA_roulette_single_point_random_random_none_noNeighborhood_noSA,88,1000,1,50.0,60.0,,,,,,random,single_point,random,,,,,,,,0.9,0.1,roulette,3.0,True,False,0.5,0.1,0.35,none,5.0,0.0,False,10.0,0.95,,,,,,,,,,,,,,,,,,,,,,,,,,,,,
J90_2.RCP,0,72.21151859504133,1.0807301998138428,TS_static,88,1000,0,,60.0,100.0,,,,,,,,,,,,,,,,,,,,,,,,,,20.0,,,,10.0,True,static,1.0,4.0,10.0,,,,,,,,,,,,,,,,,,,,,,,
J90_2.RCP,1,87.57515495867769,1.052351951599121,TS_static,88,1000,1,,60.0,100.0,,,,,,,,,,,,,,,,,,,,,,,,,,20.0,,,,10.0,True,static,1.0,4.0,10.0,,,,,,,,,,,,,,,,,,,,,,,
J90_2.RCP,0,139.98424586776858,0.48727917671203613,PR_forward_best_noLS,88,1000,0,,60.0,100.0,,,,,,,,False,,,,,,,,,best,,,,,,,,,,,,,,,,,,,10.0,forward,50.0,,,,,,,,,,,,,,,,,,,,
J90_2.RCP,1,116.71151859504131,0.42741918563842773,PR_forward_best_noLS,88,1000,1,,60.0,100.0,,,,,,,,False,,,,,,,,,best,,,,,,,,,,,,,,,,,,,10.0,forward,50.0,,,,,,,,,,,,,,,,,,,,
J90_2.RCP,0,103.8024276859504,2.154510974884033,PSO_none_none,88,1000,0,50.0,60.0,,,,,,,,,,,,,,,,,,,,,,,,,none,,,,80.0,0.9,,,,,,,,,,0.729,1.49445,1.49445,none,30.0,0.01,,,,,,,,,,,,,,
J90_2.RCP,1,85.66606404958678,2.175762891769409,PSO_none_none,88,1000,1,50.0,60.0,,,,,,,,,,,,,,,,,,,,,,,,,none,,,,80.0,0.9,,,,,,,,,,0.729,1.49445,1.49445,none,30.0,0.01,,,,,,,,,,,,,,
J90_2.RCP,0,83.37060950413223,1.8445870876312256,BA_none,88,1000,0,50.0,60.0,,,,,,,,,,,,,,,,,,,,,,0.9,,,none,10.0,,,,,,,,,,,,,,,,,,,,0.0,2.0,1.0,0.5,0.9,,,,,,,,,
J90_2.RCP,1,102.8024276859504,1.8296220302581787,BA_none,88,1000,1,50.0,60.0,,,,,,,,,,,,,,,,,,,,,,0.9,,,none,10.0,,,,,,,,,,,,,,,,,,,,0.0,2.0,1.0,0.5,0.9,,,,,,,,,
J90_2.RCP,0,99.27970041322314,2.0742478370666504,HS_fixed_random,88,1000,0,,60.0,,,,,,,,random,,,,,,,,,,,,,,,,,,,,,,,,,,,,,,,,,,,,,,,,,,,50.0,0.9,0.3,2.0,0.1,0.9,1.0,5.0,fixed
J90_2.RCP,1,96.16606404958678,2.0828030109405518,HS_fixed_random,88,1000,1,,60.0,,,,,,,,random,,,,,,,,,,,,,,,,,,,,,,,,,,,,,,,,,,,,,,,,,,,50.0,0.9,0.3,2.0,0.1,0.9,1.0,5.0,fixed
J90_3.RCP,0,206.90089054869287,1.554839849472046,DE_rand/1_fixedF_bin_fixedCR_noLS,59,1000,0,50.0,60.0,100.0,0.1,0.9,False,False,rand/1,bin,random,False,5.0,0.3,1.5,0.3,1.0,1.0,,,,,,,,,,,,,,,,,,,,,,,,,,,,,,,,,,,,,,,,,,,,
J90_3.RCP,1,216.93478885377763,1.563910722732544,DE_rand/1_fixedF_bin_fixedCR_noLS,59,1000,1,50.0,60.0,100.0,0.1,0.9,False,False,rand/1,bin,random,False,5.0,0.3,1.5,0.3,1.0,1.0,,,,,,,,,,,,,,,,,,,,,,,,,,,,,,,,,,,,,,,,,,,,
J90_3.RCP,0,238.66360241309965,1.6972157955169678,GA_roulette_single_point_random_random_none_noNeighborhood_noSA,59,1000,0,50.0,60.0,,,,,,random,single_point,random,,,,,,,,0.9,0.1,roulette,3.0,True,False,0.5,0.1,0.35,none,5.0,0.0,False,10.0,0.95,,,,,,,,,,,,,,,,,,,,,,,,,,,,,
J90_3.RCP,1,247.8839413961505,1.6936228275299072,GA_roulette_single_point_random_random_none_noNeighborhood_noSA,59,1000,1,50.0,60.0,,,,,,random,single_point,random,,,,,,,,0.9,0.1,roulette,3.0,True,False,0.5,0.1,0.35,none,5.0,0.0,False,10.0,0.95,,,,,,,,,,,,,,,,,,,,,,,,,,,,,
J90_3.RCP,0,154.90089054869287,1.0799376964569092,TS_static,59,1000,0,,60.0,100.0,,,,,,,,,,,,,,,,,,,,,,,,,,20.0,,,,10.0,True,static,1.0,4.0,10.0,,,,,,,,,,,,,,,,,,,,,,,
J90_3.RCP,1,151.2737719046251,1.079787015914917,TS_static,59,1000,1,,60.0,100.0,,,,,,,,,,,,,,,,,,,,,,,,,,20.0,,,,10.0,True,static,1.0,4.0,10.0,,,,,,,,,,,,,,,,,,,,,,,
J90_3.RCP,0,278.08733122665905,0.47759008407592773,PR_forward_best_noLS,59,1000,0,,60.0,100.0,,,,,,,,False,,,,,,,,,best,,,,,,,,,,,,,,,,,,,10.0,forward,50.0,,,,,,,,,,,,,,,,,,,,
J90_3.RCP,1,246.49411088767593,0.5284080505371094,PR_forward_best_noLS,59,1000,1,,60.0,100.0,,,,,,,,False,,,,,,,,,best,,,,,,,,,,,,,,,,,,,10.0,forward,50.0,,,,,,,,,,,,,,,,,,,,
J90_3.RCP,0,167.3415685147946,2.1615731716156006,PSO_none_none,59,1000,0,50.0,60.0,,,,,,,,,,,,,,,,,,,,,,,,,none,,,,80.0,0.9,,,,,,,,,,0.729,1.49445,1.49445,none,30.0,0.01,,,,,,,,,,,,,,
J90_3.RCP,1,164.0195346164895,2.1773202419281006,PSO_none_none,59,1000,1,50.0,60.0,,,,,,,,,,,,,,,,,,,,,,,,,none,,,,80.0,0.9,,,,,,,,,,0.729,1.49445,1.49445,none,30.0,0.01,,,,,,,,,,,,,,
J90_3.RCP,0,185.54495834530306,1.8377149105072021,BA_none,59,1000,0,50.0,60.0,,,,,,,,,,,,,,,,,,,,,,0.9,,,none,10.0,,,,,,,,,,,,,,,,,,,,0.0,2.0,1.0,0.5,0.9,,,,,,,,,
J90_3.RCP,1,190.0195346164895,1.8175349235534668,BA_none,59,1000,1,50.0,60.0,,,,,,,,,,,,,,,,,,,,,,0.9,,,none,10.0,,,,,,,,,,,,,,,,,,,,0.0,2.0,1.0,0.5,0.9,,,,,,,,,
J90_3.RCP,0,185.30767020970984,2.0935797691345215,HS_fixed_random,59,1000,0,,60.0,,,,,,,,random,,,,,,,,,,,,,,,,,,,,,,,,,,,,,,,,,,,,,,,,,,,50.0,0.9,0.3,2.0,0.1,0.9,1.0,5.0,fixed
J90_3.RCP,1,174.52800919276066,2.096047878265381,HS_fixed_random,59,1000,1,,60.0,,,,,,,,random,,,,,,,,,,,,,,,,,,,,,,,,,,,,,,,,,,,,,,,,,,,50.0,0.9,0.3,2.0,0.1,0.9,1.0,5.0,fixed
J90_4.RCP,0,203.25121191135736,1.5557892322540283,DE_rand/1_fixedF_bin_fixedCR_noLS,76,1000,0,50.0,60.0,100.0,0.1,0.9,False,False,rand/1,bin,random,False,5.0,0.3,1.5,0.3,1.0,1.0,,,,,,,,,,,,,,,,,,,,,,,,,,,,,,,,,,,,,,,,,,,,
J90_4.RCP,1,196.4617382271468,1.551758050918579,DE_rand/1_fixedF_bin_fixedCR_noLS,76,1000,1,50.0,60.0,100.0,0.1,0.9,False,False,rand/1,bin,random,False,5.0,0.3,1.5,0.3,1.0,1.0,,,,,,,,,,,,,,,,,,,,,,,,,,,,,,,,,,,,,,,,,,,,
J90_4.RCP,0,224.6196329639889,1.722032070159912,GA_roulette_single_point_random_random_none_noNeighborhood_noSA,76,1000,0,50.0,60.0,,,,,,random,single_point,random,,,,,,,,0.9,0.1,roulette,3.0,True,False,0.5,0.1,0.35,none,5.0,0.0,False,10.0,0.95,,,,,,,,,,,,,,,,,,,,,,,,,,,,,
J90_4.RCP,1,206.1459487534626,1.7066991329193115,GA_roulette_single_point_random_random_none_noNeighborhood_noSA,76,1000,1,50.0,60.0,,,,,,random,single_point,random,,,,,,,,0.9,0.1,roulette,3.0,True,False,0.5,0.1,0.35,none,5.0,0.0,False,10.0,0.95,,,,,,,,,,,,,,,,,,,,,,,,,,,,,
J90_4.RCP,0,121.46173822714682,1.0695960521697998,TS_static,76,1000,0,,60.0,100.0,,,,,,,,,,,,,,,,,,,,,,,,,,20.0,,,,10.0,True,static,1.0,4.0,10.0,,,,,,,,,,,,,,,,,,,,,,,
J90_4.RCP,1,137.69858033241,1.0655608177185059,TS_static,76,1000,1,,60.0,100.0,,,,,,,,,,,,,,,,,,,,,,,,,,20.0,,,,10.0,True,static,1.0,4.0,10.0,,,,,,,,,,,,,,,,,,,,,,,
J90_4.RCP,0,229.6459487534626,0.8880391120910645,PR_forward_best_noLS,76,1000,0,,60.0,100.0,,,,,,,,False,,,,,,,,,best,,,,,,,,,,,,,,,,,,,10.0,forward,50.0,,,,,,,,,,,,,,,,,,,,
J90_4.RCP,1,211.9880540166205,0.6035330295562744,PR_forward_best_noLS,76,1000,1,,60.0,100.0,,,,,,,,False,,,,,,,,,best,,,,,,,,,,,,,,,,,,,10.0,forward,50.0,,,,,,,,,,,,,,,,,,,,
J90_4.RCP,0,149.40910664819947,2.174133062362671,PSO_none_none,76,1000,0,50.0,60.0,,,,,,,,,,,,,,,,,,,,,,,,,none,,,,80.0,0.9,,,,,,,,,,0.729,1.49445,1.49445,none,30.0,0.01,,,,,,,,,,,,,,
J90_4.RCP,1,125.277527700831,2.1760308742523193,PSO_none_none,76,1000,1,50.0,60.0,,,,,,,,,,,,,,,,,,,,,,,,,none,,,,80.0,0.9,,,,,,,,,,0.729,1.49445,1.49445,none,30.0,0.01,,,,,,,,,,,,,,
J90_4.RCP,0,172.61963296398895,1.834245204925537,BA_none,76,1000,0,50.0,60.0,,,,,,,,,,,,,,,,,,,,,,0.9,,,none,10.0,,,,,,,,,,,,,,,,,,,,0.0,2.0,1.0,0.5,0.9,,,,,,,,,
J90_4.RCP,1,150.67226454293626,1.8424251079559326,BA_none,76,1000,1,50.0,60.0,,,,,,,,,,,,,,,,,,,,,,0.9,,,none,10.0,,,,,,,,,,,,,,,,,,,,0.0,2.0,1.0,0.5,0.9,,,,,,,,,
J90_4.RCP,0,144.51436980609418,2.1000802516937256,HS_fixed_random,76,1000,0,,60.0,,,,,,,,random,,,,,,,,,,,,,,,,,,,,,,,,,,,,,,,,,,,,,,,,,,,50.0,0.9,0.3,2.0,0.1,0.9,1.0,5.0,fixed
J90_4.RCP,1,135.98805401662048,2.0809667110443115,HS_fixed_random,76,1000,1,,60.0,,,,,,,,random,,,,,,,,,,,,,,,,,,,,,,,,,,,,,,,,,,,,,,,,,,,50.0,0.9,0.3,2.0,0.1,0.9,1.0,5.0,fixed
J90_5.RCP,0,136.453373015873,1.5680172443389893,DE_rand/1_fixedF_bin_fixedCR_noLS,84,1000,0,50.0,60.0,100.0,0.1,0.9,False,False,rand/1,bin,random,False,5.0,0.3,1.5,0.3,1.0,1.0,,,,,,,,,,,,,,,,,,,,,,,,,,,,,,,,,,,,,,,,,,,,
J90_5.RCP,1,146.453373015873,1.5272200107574463,DE_rand/1_fixedF_bin_fixedCR_noLS,84,1000,1,50.0,60.0,100.0,0.1,0.9,False,False,rand/1,bin,random,False,5.0,0.3,1.5,0.3,1.0,1.0,,,,,,,,,,,,,,,,,,,,,,,,,,,,,,,,,,,,,,,,,,,,
J90_5.RCP,0,149.19146825396825,1.7277202606201172,GA_roulette_single_point_random_random_none_noNeighborhood_noSA,84,1000,0,50.0,60.0,,,,,,random,single_point,random,,,,,,,,0.9,0.1,roulette,3.0,True,False,0.5,0.1,0.35,none,5.0,0.0,False,10.0,0.95,,,,,,,,,,,,,,,,,,,,,,,,,,,,,
J90_5.RCP,1,153.57242063492063,1.7277648448944092,GA_roulette_single_point_random_random_none_noNeighborhood_noSA,84,1000,1,50.0,60.0,,,,,,random,single_point,random,,,,,,,,0.9,0.1,roulette,3.0,True,False,0.5,0.1,0.35,none,5.0,0.0,False,10.0,0.95,,,,,,,,,,,,,,,,,,,,,,,,,,,,,
J90_5.RCP,0,86.21527777777777,1.0893943309783936,TS_static,84,1000,0,,60.0,100.0,,,,,,,,,,,,,,,,,,,,,,,,,,20.0,,,,10.0,True,static,1.0,4.0,10.0,,,,,,,,,,,,,,,,,,,,,,,
J90_5.RCP,1,92.64384920634922,1.0672838687896729,TS_static,84,1000,1,,60.0,100.0,,,,,,,,,,,,,,,,,,,,,,,,,,20.0,,,,10.0,True,static,1.0,4.0,10.0,,,,,,,,,,,,,,,,,,,,,,,
J90_5.RCP,0,179.00099206349208,0.5295698642730713,PR_forward_best_noLS,84,1000,0,,60.0,100.0,,,,,,,,False,,,,,,,,,best,,,,,,,,,,,,,,,,,,,10.0,forward,50.0,,,,,,,,,,,,,,,,,,,,
J90_5.RCP,1,168.31051587301585,0.5183570384979248,PR_forward_best_noLS,84,1000,1,,60.0,100.0,,,,,,,,False,,,,,,,,,best,,,,,,,,,,,,,,,,,,,10.0,forward,50.0,,,,,,,,,,,,,,,,,,,,
J90_5.RCP,0,110.14384920634922,2.150783061981201,PSO_none_none,84,1000,0,50.0,60.0,,,,,,,,,,,,,,,,,,,,,,,,,none,,,,80.0,0.9,,,,,,,,,,0.729,1.49445,1.49445,none,30.0,0.01,,,,,,,,,,,,,,
J90_5.RCP,1,110.19146825396824,2.162588119506836,PSO_none_none,84,1000,1,50.0,60.0,,,,,,,,,,,,,,,,,,,,,,,,,none,,,,80.0,0.9,,,,,,,,,,0.729,1.49445,1.49445,none,30.0,0.01,,,,,,,,,,,,,,
J90_5.RCP,0,107.23908730158729,1.8114831447601318,BA_none,84,1000,0,50.0,60.0,,,,,,,,,,,,,,,,,,,,,,0.9,,,none,10.0,,,,,,,,,,,,,,,,,,,,0.0,2.0,1.0,0.5,0.9,,,,,,,,,
J90_5.RCP,1,122.38194444444443,1.8408160209655762,BA_none,84,1000,1,50.0,60.0,,,,,,,,,,,,,,,,,,,,,,0.9,,,none,10.0,,,,,,,,,,,,,,,,,,,,0.0,2.0,1.0,0.5,0.9,,,,,,,,,
J90_5.RCP,0,109.57242063492062,2.090895891189575,HS_fixed_random,84,1000,0,,60.0,,,,,,,,random,,,,,,,,,,,,,,,,,,,,,,,,,,,,,,,,,,,,,,,,,,,50.0,0.9,0.3,2.0,0.1,0.9,1.0,5.0,fixed
J90_5.RCP,1,103.40575396825395,2.0976898670196533,HS_fixed_random,84,1000,1,,60.0,,,,,,,,random,,,,,,,,,,,,,,,,,,,,,,,,,,,,,,,,,,,,,,,,,,,50.0,0.9,0.3,2.0,0.1,0.9,1.0,5.0,fixed
J90_6.RCP,0,172.60897608169844,1.568943977355957,DE_rand/1_fixedF_bin_fixedCR_noLS,61,1000,0,50.0,60.0,100.0,0.1,0.9,False,False,rand/1,bin,random,False,5.0,0.3,1.5,0.3,1.0,1.0,,,,,,,,,,,,,,,,,,,,,,,,,,,,,,,,,,,,,,,,,,,,
J90_6.RCP,1,169.7893039505509,1.5576729774475098,DE_rand/1_fixedF_bin_fixedCR_noLS,61,1000,1,50.0,60.0,100.0,0.1,0.9,False,False,rand/1,bin,random,False,5.0,0.3,1.5,0.3,1.0,1.0,,,,,,,,,,,,,,,,,,,,,,,,,,,,,,,,,,,,,,,,,,,,
J90_6.RCP,0,176.24832034399356,1.7805931568145752,GA_roulette_single_point_random_random_none_noNeighborhood_noSA,61,1000,0,50.0,60.0,,,,,,random,single_point,random,,,,,,,,0.9,0.1,roulette,3.0,True,False,0.5,0.1,0.35,none,5.0,0.0,False,10.0,0.95,,,,,,,,,,,,,,,,,,,,,,,,,,,,,
J90_6.RCP,1,188.5106154259608,1.7512121200561523,GA_roulette_single_point_random_random_none_noNeighborhood_noSA,61,1000,1,50.0,60.0,,,,,,random,single_point,random,,,,,,,,0.9,0.1,roulette,3.0,True,False,0.5,0.1,0.35,none,5.0,0.0,False,10.0,0.95,,,,,,,,,,,,,,,,,,,,,,,,,,,,,
J90_6.RCP,0,118.18274657350173,1.0760576725006104,TS_static,61,1000,0,,60.0,100.0,,,,,,,,,,,,,,,,,,,,,,,,,,20.0,,,,10.0,True,static,1.0,4.0,10.0,,,,,,,,,,,,,,,,,,,,,,,
J90_6.RCP,1,122.01881214727224,1.0806121826171875,TS_static,61,1000,1,,60.0,100.0,,,,,,,,,,,,,,,,,,,,,,,,,,20.0,,,,10.0,True,static,1.0,4.0,10.0,,,,,,,,,,,,,,,,,,,,,,,
J90_6.RCP,0,205.16635313087878,0.4727351665496826,PR_forward_best_noLS,61,1000,0,,60.0,100.0,,,,,,,,False,,,,,,,,,best,,,,,,,,,,,,,,,,,,,10.0,forward,50.0,,,,,,,,,,,,,,,,,,,,
J90_6.RCP,1,199.3630744423542,0.5977060794830322,PR_forward_best_noLS,61,1000,1,,60.0,100.0,,,,,,,,False,,,,,,,,,best,,,,,,,,,,,,,,,,,,,10.0,forward,50.0,,,,,,,,,,,,,,,,,,,,
J90_6.RCP,0,155.55979575382963,2.1580810546875,PSO_none_none,61,1000,0,50.0,60.0,,,,,,,,,,,,,,,,,,,,,,,,,none,,,,80.0,0.9,,,,,,,,,,0.729,1.49445,1.49445,none,30.0,0.01,,,,,,,,,,,,,,
J90_6.RCP,1,167.29750067186242,2.1580281257629395,PSO_none_none,61,1000,1,50.0,60.0,,,,,,,,,,,,,,,,,,,,,,,,,none,,,,80.0,0.9,,,,,,,,,,0.729,1.49445,1.49445,none,30.0,0.01,,,,,,,,,,,,,,
J90_6.RCP,0,161.85487772104275,1.831974983215332,BA_none,61,1000,0,50.0,60.0,,,,,,,,,,,,,,,,,,,,,,0.9,,,none,10.0,,,,,,,,,,,,,,,,,,,,0.0,2.0,1.0,0.5,0.9,,,,,,,,,
J90_6.RCP,1,141.85487772104275,1.8447868824005127,BA_none,61,1000,1,50.0,60.0,,,,,,,,,,,,,,,,,,,,,,0.9,,,none,10.0,,,,,,,,,,,,,,,,,,,,0.0,2.0,1.0,0.5,0.9,,,,,,,,,
J90_6.RCP,0,127.78930395055092,2.090427875518799,HS_fixed_random,61,1000,0,,60.0,,,,,,,,random,,,,,,,,,,,,,,,,,,,,,,,,,,,,,,,,,,,,,,,,,,,50.0,0.9,0.3,2.0,0.1,0.9,1.0,5.0,fixed
J90_6.RCP,1,142.44504165546897,2.0957798957824707,HS_fixed_random,61,1000,1,,60.0,,,,,,,,random,,,,,,,,,,,,,,,,,,,,,,,,,,,,,,,,,,,,,,,,,,,50.0,0.9,0.3,2.0,0.1,0.9,1.0,5.0,fixed
J90_7.RCP,0,171.21091595296852,1.55063796043396,DE_rand/1_fixedF_bin_fixedCR_noLS,83,1000,0,50.0,60.0,100.0,0.1,0.9,False,False,rand/1,bin,random,False,5.0,0.3,1.5,0.3,1.0,1.0,,,,,,,,,,,,,,,,,,,,,,,,,,,,,,,,,,,,,,,,,,,,
J90_7.RCP,1,150.9699520975468,1.5497181415557861,DE_rand/1_fixedF_bin_fixedCR_noLS,83,1000,1,50.0,60.0,100.0,0.1,0.9,False,False,rand/1,bin,random,False,5.0,0.3,1.5,0.3,1.0,1.0,,,,,,,,,,,,,,,,,,,,,,,,,,,,,,,,,,,,,,,,,,,,
J90_7.RCP,0,192.43983161561908,1.684117078781128,GA_roulette_single_point_random_random_none_noNeighborhood_noSA,83,1000,0,50.0,60.0,,,,,,random,single_point,random,,,,,,,,0.9,0.1,roulette,3.0,True,False,0.5,0.1,0.35,none,5.0,0.0,False,10.0,0.95,,,,,,,,,,,,,,,,,,,,,,,,,,,,,
J90_7.RCP,1,185.5964581216432,1.7027220726013184,GA_roulette_single_point_random_random_none_noNeighborhood_noSA,83,1000,1,50.0,60.0,,,,,,random,single_point,random,,,,,,,,0.9,0.1,roulette,3.0,True,False,0.5,0.1,0.35,none,5.0,0.0,False,10.0,0.95,,,,,,,,,,,,,,,,,,,,,,,,,,,,,
J90_7.RCP,0,135.88561474814924,1.0727698802947998,TS_static,83,1000,0,,60.0,100.0,,,,,,,,,,,,,,,,,,,,,,,,,,20.0,,,,10.0,True,static,1.0,4.0,10.0,,,,,,,,,,,,,,,,,,,,,,,
J90_7.RCP,1,122.05428944694442,1.064661979675293,TS_static,83,1000,1,,60.0,100.0,,,,,,,,,,,,,,,,,,,,,,,,,,20.0,,,,10.0,True,static,1.0,4.0,10.0,,,,,,,,,,,,,,,,,,,,,,,
J90_7.RCP,0,182.82537378429382,0.8099713325500488,PR_forward_best_noLS,83,1000,0,,60.0,100.0,,,,,,,,False,,,,,,,,,best,,,,,,,,,,,,,,,,,,,10.0,forward,50.0,,,,,,,,,,,,,,,,,,,,
J90_7.RCP,1,185.57236173610104,0.4550468921661377,PR_forward_best_noLS,83,1000,1,,60.0,100.0,,,,,,,,False,,,,,,,,,best,,,,,,,,,,,,,,,,,,,10.0,forward,50.0,,,,,,,,,,,,,,,,,,,,
J90_7.RCP,0,147.4518798083902,2.194981813430786,PSO_none_none,83,1000,0,50.0,60.0,,,,,,,,,,,,,,,,,,,,,,,,,none,,,,80.0,0.9,,,,,,,,,,0.729,1.49445,1.49445,none,30.0,0.01,,,,,,,,,,,,,,
J90_7.RCP,1,142.9699520975468,2.18697190284729,PSO_none_none,83,1000,1,50.0,60.0,,,,,,,,,,,,,,,,,,,,,,,,,none,,,,80.0,0.9,,,,,,,,,,0.729,1.49445,1.49445,none,30.0,0.01,,,,,,,,,,,,,,
J90_7.RCP,0,154.58440992887213,1.8416240215301514,BA_none,83,1000,0,50.0,60.0,,,,,,,,,,,,,,,,,,,,,,0.9,,,none,10.0,,,,,,,,,,,,,,,,,,,,0.0,2.0,1.0,0.5,0.9,,,,,,,,,
J90_7.RCP,1,134.94585571200466,1.827929973602295,BA_none,83,1000,1,50.0,60.0,,,,,,,,,,,,,,,,,,,,,,0.9,,,none,10.0,,,,,,,,,,,,,,,,,,,,0.0,2.0,1.0,0.5,0.9,,,,,,,,,
J90_7.RCP,0,129.54826535055886,2.1112380027770996,HS_fixed_random,83,1000,0,,60.0,,,,,,,,random,,,,,,,,,,,,,,,,,,,,,,,,,,,,,,,,,,,,,,,,,,,50.0,0.9,0.3,2.0,0.1,0.9,1.0,5.0,fixed
J90_7.RCP,1,134.65669908549864,2.0948610305786133,HS_fixed_random,83,1000,1,,60.0,,,,,,,,random,,,,,,,,,,,,,,,,,,,,,,,,,,,,,,,,,,,,,,,,,,,50.0,0.9,0.3,2.0,0.1,0.9,1.0,5.0,fixed
J90_8.RCP,0,194.22117647058823,1.5754311084747314,DE_rand/1_fixedF_bin_fixedCR_noLS,85,1000,0,50.0,60.0,100.0,0.1,0.9,False,False,rand/1,bin,random,False,5.0,0.3,1.5,0.3,1.0,1.0,,,,,,,,,,,,,,,,,,,,,,,,,,,,,,,,,,,,,,,,,,,,
J90_8.RCP,1,205.3976470588235,1.5627059936523438,DE_rand/1_fixedF_bin_fixedCR_noLS,85,1000,1,50.0,60.0,100.0,0.1,0.9,False,False,rand/1,bin,random,False,5.0,0.3,1.5,0.3,1.0,1.0,,,,,,,,,,,,,,,,,,,,,,,,,,,,,,,,,,,,,,,,,,,,
J90_8.RCP,0,198.90352941176474,1.8427619934082031,GA_roulette_single_point_random_random_none_noNeighborhood_noSA,85,1000,0,50.0,60.0,,,,,,random,single_point,random,,,,,,,,0.9,0.1,roulette,3.0,True,False,0.5,0.1,0.35,none,5.0,0.0,False,10.0,0.95,,,,,,,,,,,,,,,,,,,,,,,,,,,,,
J90_8.RCP,1,222.52705882352944,1.8169498443603516,GA_roulette_single_point_random_random_none_noNeighborhood_noSA,85,1000,1,50.0,60.0,,,,,,random,single_point,random,,,,,,,,0.9,0.1,roulette,3.0,True,False,0.5,0.1,0.35,none,5.0,0.0,False,10.0,0.95,,,,,,,,,,,,,,,,,,,,,,,,,,,,,
J90_8.RCP,0,132.50352941176473,1.085334062576294,TS_static,85,1000,0,,60.0,100.0,,,,,,,,,,,,,,,,,,,,,,,,,,20.0,,,,10.0,True,static,1.0,4.0,10.0,,,,,,,,,,,,,,,,,,,,,,,
J90_8.RCP,1,128.83294117647057,1.0907542705535889,TS_static,85,1000,1,,60.0,100.0,,,,,,,,,,,,,,,,,,,,,,,,,,20.0,,,,10.0,True,static,1.0,4.0,10.0,,,,,,,,,,,,,,,,,,,,,,,
J90_8.RCP,0,260.48,0.46923184394836426,PR_forward_best_noLS,85,1000,0,,60.0,100.0,,,,,,,,False,,,,,,,,,best,,,,,,,,,,,,,,,,,,,10.0,forward,50.0,,,,,,,,,,,,,,,,,,,,
J90_8.RCP,1,235.30352941176469,0.5145809650421143,PR_forward_best_noLS,85,1000,1,,60.0,100.0,,,,,,,,False,,,,,,,,,best,,,,,,,,,,,,,,,,,,,10.0,forward,50.0,,,,,,,,,,,,,,,,,,,,
J90_8.RCP,0,170.85647058823528,2.1738359928131104,PSO_none_none,85,1000,0,50.0,60.0,,,,,,,,,,,,,,,,,,,,,,,,,none,,,,80.0,0.9,,,,,,,,,,0.729,1.49445,1.49445,none,30.0,0.01,,,,,,,,,,,,,,
J90_8.RCP,1,156.17411764705884,2.178351879119873,PSO_none_none,85,1000,1,50.0,60.0,,,,,,,,,,,,,,,,,,,,,,,,,none,,,,80.0,0.9,,,,,,,,,,0.729,1.49445,1.49445,none,30.0,0.01,,,,,,,,,,,,,,
J90_8.RCP,0,167.35058823529414,1.8479268550872803,BA_none,85,1000,0,50.0,60.0,,,,,,,,,,,,,,,,,,,,,,0.9,,,none,10.0,,,,,,,,,,,,,,,,,,,,0.0,2.0,1.0,0.5,0.9,,,,,,,,,
J90_8.RCP,1,152.36235294117645,1.8396520614624023,BA_none,85,1000,1,50.0,60.0,,,,,,,,,,,,,,,,,,,,,,0.9,,,none,10.0,,,,,,,,,,,,,,,,,,,,0.0,2.0,1.0,0.5,0.9,,,,,,,,,
J90_8.RCP,0,155.16235294117647,2.088913917541504,HS_fixed_random,85,1000,0,,60.0,,,,,,,,random,,,,,,,,,,,,,,,,,,,,,,,,,,,,,,,,,,,,,,,,,,,50.0,0.9,0.3,2.0,0.1,0.9,1.0,5.0,fixed
J90_8.RCP,1,172.83294117647057,2.1292431354522705,HS_fixed_random,85,1000,1,,60.0,,,,,,,,random,,,,,,,,,,,,,,,,,,,,,,,,,,,,,,,,,,,,,,,,,,,50.0,0.9,0.3,2.0,0.1,0.9,1.0,5.0,fixed
J90_9.RCP,0,249.04453627180902,1.564262866973877,DE_rand/1_fixedF_bin_fixedCR_noLS,66,1000,0,50.0,60.0,100.0,0.1,0.9,False,False,rand/1,bin,random,False,5.0,0.3,1.5,0.3,1.0,1.0,,,,,,,,,,,,,,,,,,,,,,,,,,,,,,,,,,,,,,,,,,,,
J90_9.RCP,1,239.7415059687787,1.5425188541412354,DE_rand/1_fixedF_bin_fixedCR_noLS,66,1000,1,50.0,60.0,100.0,0.1,0.9,False,False,rand/1,bin,random,False,5.0,0.3,1.5,0.3,1.0,1.0,,,,,,,,,,,,,,,,,,,,,,,,,,,,,,,,,,,,,,,,,,,,
J90_9.RCP,0,263.43847566574834,1.7951321601867676,GA_roulette_single_point_random_random_none_noNeighborhood_noSA,66,1000,0,50.0,60.0,,,,,,random,single_point,random,,,,,,,,0.9,0.1,roulette,3.0,True,False,0.5,0.1,0.35,none,5.0,0.0,False,10.0,0.95,,,,,,,,,,,,,,,,,,,,,,,,,,,,,
J90_9.RCP,1,257.6505968778697,1.8046619892120361,GA_roulette_single_point_random_random_none_noNeighborhood_noSA,66,1000,1,50.0,60.0,,,,,,random,single_point,random,,,,,,,,0.9,0.1,roulette,3.0,True,False,0.5,0.1,0.35,none,5.0,0.0,False,10.0,0.95,,,,,,,,,,,,,,,,,,,,,,,,,,,,,
J90_9.RCP,0,161.10514233241506,1.0717482566833496,TS_static,66,1000,0,,60.0,100.0,,,,,,,,,,,,,,,,,,,,,,,,,,20.0,,,,10.0,True,static,1.0,4.0,10.0,,,,,,,,,,,,,,,,,,,,,,,
J90_9.RCP,1,173.25665748393024,1.0755457878112793,TS_static,66,1000,1,,60.0,100.0,,,,,,,,,,,,,,,,,,,,,,,,,,20.0,,,,10.0,True,static,1.0,4.0,10.0,,,,,,,,,,,,,,,,,,,,,,,
J90_9.RCP,0,260.2263544536272,0.6185271739959717,PR_forward_best_noLS,66,1000,0,,60.0,100.0,,,,,,,,False,,,,,,,,,best,,,,,,,,,,,,,,,,,,,10.0,forward,50.0,,,,,,,,,,,,,,,,,,,,
J90_9.RCP,1,260.5293847566575,0.5832841396331787,PR_forward_best_noLS,66,1000,1,,60.0,100.0,,,,,,,,False,,,,,,,,,best,,,,,,,,,,,,,,,,,,,10.0,forward,50.0,,,,,,,,,,,,,,,,,,,,
J90_9.RCP,0,215.34756657483933,2.164665937423706,PSO_none_none,66,1000,0,50.0,60.0,,,,,,,,,,,,,,,,,,,,,,,,,none,,,,80.0,0.9,,,,,,,,,,0.729,1.49445,1.49445,none,30.0,0.01,,,,,,,,,,,,,,
J90_9.RCP,1,220.86271808999078,2.170703887939453,PSO_none_none,66,1000,1,50.0,60.0,,,,,,,,,,,,,,,,,,,,,,,,,none,,,,80.0,0.9,,,,,,,,,,0.729,1.49445,1.49445,none,30.0,0.01,,,,,,,,,,,,,,
J90_9.RCP,0,202.92332415059687,1.8126640319824219,BA_none,66,1000,0,50.0,60.0,,,,,,,,,,,,,,,,,,,,,,0.9,,,none,10.0,,,,,,,,,,,,,,,,,,,,0.0,2.0,1.0,0.5,0.9,,,,,,,,,
J90_9.RCP,1,201.04453627180902,1.839883804321289,BA_none,66,1000,1,50.0,60.0,,,,,,,,,,,,,,,,,,,,,,0.9,,,none,10.0,,,,,,,,,,,,,,,,,,,,0.0,2.0,1.0,0.5,0.9,,,,,,,,,
J90_9.RCP,0,216.3475665748393,2.0908799171447754,HS_fixed_random,66,1000,0,,60.0,,,,,,,,random,,,,,,,,,,,,,,,,,,,,,,,,,,,,,,,,,,,,,,,,,,,50.0,0.9,0.3,2.0,0.1,0.9,1.0,5.0,fixed
J90_9.RCP,1,206.43847566574843,2.1018900871276855,HS_fixed_random,66,1000,1,,60.0,,,,,,,,random,,,,,,,,,,,,,,,,,,,,,,,,,,,,,,,,,,,,,,,,,,,50.0,0.9,0.3,2.0,0.1,0.9,1.0,5.0,fixed
J90_10.RCP,0,163.64962346413,1.5506699085235596,DE_rand/1_fixedF_bin_fixedCR_noLS,87,1000,0,50.0,60.0,100.0,0.1,0.9,False,False,rand/1,bin,random,False,5.0,0.3,1.5,0.3,1.0,1.0,,,,,,,,,,,,,,,,,,,,,,,,,,,,,,,,,,,,,,,,,,,,
J90_10.RCP,1,141.90249702734837,1.5295662879943848,DE_rand/1_fixedF_bin_fixedCR_noLS,87,1000,1,50.0,60.0,100.0,0.1,0.9,False,False,rand/1,bin,random,False,5.0,0.3,1.5,0.3,1.0,1.0,,,,,,,,,,,,,,,,,,,,,,,,,,,,,,,,,,,,,,,,,,,,
J90_10.RCP,0,164.3392786365438,1.6932590007781982,GA_roulette_single_point_random_random_none_noNeighborhood_noSA,87,1000,0,50.0,60.0,,,,,,random,single_point,random,,,,,,,,0.9,0.1,roulette,3.0,True,False,0.5,0.1,0.35,none,5.0,0.0,False,10.0,0.95,,,,,,,,,,,,,,,,,,,,,,,,,,,,,
J90_10.RCP,1,157.14387633769323,1.7071220874786377,GA_roulette_single_point_random_random_none_noNeighborhood_noSA,87,1000,1,50.0,60.0,,,,,,random,single_point,random,,,,,,,,0.9,0.1,roulette,3.0,True,False,0.5,0.1,0.35,none,5.0,0.0,False,10.0,0.95,,,,,,,,,,,,,,,,,,,,,,,,,,,,,
J90_10.RCP,0,115.55766944114151,1.0540070533752441,TS_static,87,1000,0,,60.0,100.0,,,,,,,,,,,,,,,,,,,,,,,,,,20.0,,,,10.0,True,static,1.0,4.0,10.0,,,,,,,,,,,,,,,,,,,,,,,
J90_10.RCP,1,109.53468093539436,1.0546510219573975,TS_static,87,1000,1,,60.0,100.0,,,,,,,,,,,,,,,,,,,,,,,,,,20.0,,,,10.0,True,static,1.0,4.0,10.0,,,,,,,,,,,,,,,,,,,,,,,
J90_10.RCP,0,169.37376139516448,0.4496138095855713,PR_forward_best_noLS,87,1000,0,,60.0,100.0,,,,,,,,False,,,,,,,,,best,,,,,,,,,,,,,,,,,,,10.0,forward,50.0,,,,,,,,,,,,,,,,,,,,
J90_10.RCP,1,194.8680142687277,0.48825812339782715,PR_forward_best_noLS,87,1000,1,,60.0,100.0,,,,,,,,False,,,,,,,,,best,,,,,,,,,,,,,,,,,,,10.0,forward,50.0,,,,,,,,,,,,,,,,,,,,
J90_10.RCP,0,144.47720967102651,2.1856210231781006,PSO_none_none,87,1000,0,50.0,60.0,,,,,,,,,,,,,,,,,,,,,,,,,none,,,,80.0,0.9,,,,,,,,,,0.729,1.49445,1.49445,none,30.0,0.01,,,,,,,,,,,,,,
J90_10.RCP,1,134.84502576298058,2.1743242740631104,PSO_none_none,87,1000,1,50.0,60.0,,,,,,,,,,,,,,,,,,,,,,,,,none,,,,80.0,0.9,,,,,,,,,,0.729,1.49445,1.49445,none,30.0,0.01,,,,,,,,,,,,,,
J90_10.RCP,0,136.98295679746334,1.8407390117645264,BA_none,87,1000,0,50.0,60.0,,,,,,,,,,,,,,,,,,,,,,0.9,,,none,10.0,,,,,,,,,,,,,,,,,,,,0.0,2.0,1.0,0.5,0.9,,,,,,,,,
J90_10.RCP,1,130.89100277447483,1.832740068435669,BA_none,87,1000,1,50.0,60.0,,,,,,,,,,,,,,,,,,,,,,0.9,,,none,10.0,,,,,,,,,,,,,,,,,,,,0.0,2.0,1.0,0.5,0.9,,,,,,,,,
J90_10.RCP,0,131.41973840665872,2.110008955001831,HS_fixed_random,87,1000,0,,60.0,,,,,,,,random,,,,,,,,,,,,,,,,,,,,,,,,,,,,,,,,,,,,,,,,,,,50.0,0.9,0.3,2.0,0.1,0.9,1.0,5.0,fixed
J90_10.RCP,1,130.9599682917162,2.1010098457336426,HS_fixed_random,87,1000,1,,60.0,,,,,,,,random,,,,,,,,,,,,,,,,,,,,,,,,,,,,,,,,,,,,,,,,,,,50.0,0.9,0.3,2.0,0.1,0.9,1.0,5.0,fixed
j120_1.rcp,0,178.24915824915826,2.022709846496582,DE_rand/1_fixedF_bin_fixedCR_noLS,99,1000,0,50.0,60.0,100.0,0.1,0.9,False,False,rand/1,bin,random,False,5.0,0.3,1.5,0.3,1.0,1.0,,,,,,,,,,,,,,,,,,,,,,,,,,,,,,,,,,,,,,,,,,,,
j120_1.rcp,1,180.83501683501686,2.0083279609680176,DE_rand/1_fixedF_bin_fixedCR_noLS,99,1000,1,50.0,60.0,100.0,0.1,0.9,False,False,rand/1,bin,random,False,5.0,0.3,1.5,0.3,1.0,1.0,,,,,,,,,,,,,,,,,,,,,,,,,,,,,,,,,,,,,,,,,,,,
j120_1.rcp,0,199.90572390572393,2.2546918392181396,GA_roulette_single_point_random_random_none_noNeighborhood_noSA,99,1000,0,50.0,60.0,,,,,,random,single_point,random,,,,,,,,0.9,0.1,roulette,3.0,True,False,0.5,0.1,0.35,none,5.0,0.0,False,10.0,0.95,,,,,,,,,,,,,,,,,,,,,,,,,,,,,
j120_1.rcp,1,208.5925925925926,2.2323620319366455,GA_roulette_single_point_random_random_none_noNeighborhood_noSA,99,1000,1,50.0,60.0,,,,,,random,single_point,random,,,,,,,,0.9,0.1,roulette,3.0,True,False,0.5,0.1,0.35,none,5.0,0.0,False,10.0,0.95,,,,,,,,,,,,,,,,,,,,,,,,,,,,,
j120_1.rcp,0,106.97643097643099,1.408055067062378,TS_static,99,1000,0,,60.0,100.0,,,,,,,,,,,,,,,,,,,,,,,,,,20.0,,,,10.0,True,static,1.0,4.0,10.0,,,,,,,,,,,,,,,,,,,,,,,
j120_1.rcp,1,125.44107744107745,1.3953940868377686,TS_static,99,1000,1,,60.0,100.0,,,,,,,,,,,,,,,,,,,,,,,,,,20.0,,,,10.0,True,static,1.0,4.0,10.0,,,,,,,,,,,,,,,,,,,,,,,
j120_1.rcp,0,250.51178451178453,0.6441333293914795,PR_forward_best_noLS,99,1000,0,,60.0,100.0,,,,,,,,False,,,,,,,,,best,,,,,,,,,,,,,,,,,,,10.0,forward,50.0,,,,,,,,,,,,,,,,,,,,
j120_1.rcp,1,211.3602693602694,0.8567359447479248,PR_forward_best_noLS,99,1000,1,,60.0,100.0,,,,,,,,False,,,,,,,,,best,,,,,,,,,,,,,,,,,,,10.0,forward,50.0,,,,,,,,,,,,,,,,,,,,
j120_1.rcp,0,143.74410774410774,2.8895530700683594,PSO_none_none,99,1000,0,50.0,60.0,,,,,,,,,,,,,,,,,,,,,,,,,none,,,,80.0,0.9,,,,,,,,,,0.729,1.49445,1.49445,none,30.0,0.01,,,,,,,,,,,,,,
j120_1.rcp,1,129.62289562289564,2.8694400787353516,PSO_none_none,99,1000,1,50.0,60.0,,,,,,,,,,,,,,,,,,,,,,,,,none,,,,80.0,0.9,,,,,,,,,,0.729,1.49445,1.49445,none,30.0,0.01,,,,,,,,,,,,,,
j120_1.rcp,0,167.0976430976431,2.414776086807251,BA_none,99,1000,0,50.0,60.0,,,,,,,,,,,,,,,,,,,,,,0.9,,,none,10.0,,,,,,,,,,,,,,,,,,,,0.0,2.0,1.0,0.5,0.9,,,,,,,,,
j120_1.rcp,1,150.20875420875421,2.4217348098754883,BA_none,99,1000,1,50.0,60.0,,,,,,,,,,,,,,,,,,,,,,0.9,,,none,10.0,,,,,,,,,,,,,,,,,,,,0.0,2.0,1.0,0.5,0.9,,,,,,,,,
j120_1.rcp,0,161.0976430976431,2.7765321731567383,HS_fixed_random,99,1000,0,,60.0,,,,,,,,random,,,,,,,,,,,,,,,,,,,,,,,,,,,,,,,,,,,,,,,,,,,50.0,0.9,0.3,2.0,0.1,0.9,1.0,5.0,fixed
j120_1.rcp,1,143.3804713804714,2.7598512172698975,HS_fixed_random,99,1000,1,,60.0,,,,,,,,random,,,,,,,,,,,,,,,,,,,,,,,,,,,,,,,,,,,,,,,,,,,50.0,0.9,0.3,2.0,0.1,0.9,1.0,5.0,fixed
j120_2.rcp,0,250.04678204434825,2.0406131744384766,DE_rand/1_fixedF_bin_fixedCR_noLS,86,1000,0,50.0,60.0,100.0,0.1,0.9,False,False,rand/1,bin,random,False,5.0,0.3,1.5,0.3,1.0,1.0,,,,,,,,,,,,,,,,,,,,,,,,,,,,,,,,,,,,,,,,,,,,
j120_2.rcp,1,268.9072471606274,2.0578341484069824,DE_rand/1_fixedF_bin_fixedCR_noLS,86,1000,1,50.0,60.0,100.0,0.1,0.9,False,False,rand/1,bin,random,False,5.0,0.3,1.5,0.3,1.0,1.0,,,,,,,,,,,,,,,,,,,,,,,,,,,,,,,,,,,,,,,,,,,,
j120_2.rcp,0,306.39561925365064,2.3129820823669434,GA_roulette_single_point_random_random_none_noNeighborhood_noSA,86,1000,0,50.0,60.0,,,,,,random,single_point,random,,,,,,,,0.9,0.1,roulette,3.0,True,False,0.5,0.1,0.35,none,5.0,0.0,False,10.0,0.95,,,,,,,,,,,,,,,,,,,,,,,,,,,,,
j120_2.rcp,1,285.0700378583018,2.285329818725586,GA_roulette_single_point_random_random_none_noNeighborhood_noSA,86,1000,1,50.0,60.0,,,,,,random,single_point,random,,,,,,,,0.9,0.1,roulette,3.0,True,False,0.5,0.1,0.35,none,5.0,0.0,False,10.0,0.95,,,,,,,,,,,,,,,,,,,,,,,,,,,,,
j120_2.rcp,0,189.79096809085993,1.3849701881408691,TS_static,86,1000,0,,60.0,100.0,,,,,,,,,,,,,,,,,,,,,,,,,,20.0,,,,10.0,True,static,1.0,4.0,10.0,,,,,,,,,,,,,,,,,,,,,,,
j120_2.rcp,1,173.32585181179016,1.4143657684326172,TS_static,86,1000,1,,60.0,100.0,,,,,,,,,,,,,,,,,,,,,,,,,,20.0,,,,10.0,True,static,1.0,4.0,10.0,,,,,,,,,,,,,,,,,,,,,,,
j120_2.rcp,0,332.53515413737153,0.7054648399353027,PR_forward_best_noLS,86,1000,0,,60.0,100.0,,,,,,,,False,,,,,,,,,best,,,,,,,,,,,,,,,,,,,10.0,forward,50.0,,,,,,,,,,,,,,,,,,,,
j120_2.rcp,1,293.1863169280692,0.8042638301849365,PR_forward_best_noLS,86,1000,1,,60.0,100.0,,,,,,,,False,,,,,,,,,best,,,,,,,,,,,,,,,,,,,10.0,forward,50.0,,,,,,,,,,,,,,,,,,,,
j120_2.rcp,0,239.27934018388314,2.857541084289551,PSO_none_none,86,1000,0,50.0,60.0,,,,,,,,,,,,,,,,,,,,,,,,,none,,,,80.0,0.9,,,,,,,,,,0.729,1.49445,1.49445,none,30.0,0.01,,,,,,,,,,,,,,
j120_2.rcp,1,243.09329367225524,2.8548290729522705,PSO_none_none,86,1000,1,50.0,60.0,,,,,,,,,,,,,,,,,,,,,,,,,none,,,,80.0,0.9,,,,,,,,,,0.729,1.49445,1.49445,none,30.0,0.01,,,,,,,,,,,,,,
j120_2.rcp,0,240.81422390481342,2.3921430110931396,BA_none,86,1000,0,50.0,60.0,,,,,,,,,,,,,,,,,,,,,,0.9,,,none,10.0,,,,,,,,,,,,,,,,,,,,0.0,2.0,1.0,0.5,0.9,,,,,,,,,
j120_2.rcp,1,231.58166576527853,2.406764030456543,BA_none,86,1000,1,50.0,60.0,,,,,,,,,,,,,,,,,,,,,,0.9,,,none,10.0,,,,,,,,,,,,,,,,,,,,0.0,2.0,1.0,0.5,0.9,,,,,,,,,
j120_2.rcp,0,228.86073553272038,2.7587149143218994,HS_fixed_random,86,1000,0,,60.0,,,,,,,,random,,,,,,,,,,,,,,,,,,,,,,,,,,,,,,,,,,,,,,,,,,,50.0,0.9,0.3,2.0,0.1,0.9,1.0,5.0,fixed
j120_2.rcp,1,229.95375878853434,2.752760171890259,HS_fixed_random,86,1000,1,,60.0,,,,,,,,random,,,,,,,,,,,,,,,,,,,,,,,,,,,,,,,,,,,,,,,,,,,50.0,0.9,0.3,2.0,0.1,0.9,1.0,5.0,fixed
j120_3.rcp,0,221.98914336704343,2.0264341831207275,DE_rand/1_fixedF_bin_fixedCR_noLS,82,1000,0,50.0,60.0,100.0,0.1,0.9,False,False,rand/1,bin,random,False,5.0,0.3,1.5,0.3,1.0,1.0,,,,,,,,,,,,,,,,,,,,,,,,,,,,,,,,,,,,,,,,,,,,
j120_3.rcp,1,242.40377751338485,2.018800735473633,DE_rand/1_fixedF_bin_fixedCR_noLS,82,1000,1,50.0,60.0,100.0,0.1,0.9,False,False,rand/1,bin,random,False,5.0,0.3,1.5,0.3,1.0,1.0,,,,,,,,,,,,,,,,,,,,,,,,,,,,,,,,,,,,,,,,,,,,
j120_3.rcp,0,249.81841165972637,2.247511148452759,GA_roulette_single_point_random_random_none_noNeighborhood_noSA,82,1000,0,50.0,60.0,,,,,,random,single_point,random,,,,,,,,0.9,0.1,roulette,3.0,True,False,0.5,0.1,0.35,none,5.0,0.0,False,10.0,0.95,,,,,,,,,,,,,,,,,,,,,,,,,,,,,
j120_3.rcp,1,260.57450922070194,2.2164909839630127,GA_roulette_single_point_random_random_none_noNeighborhood_noSA,82,1000,1,50.0,60.0,,,,,,random,single_point,random,,,,,,,,0.9,0.1,roulette,3.0,True,False,0.5,0.1,0.35,none,5.0,0.0,False,10.0,0.95,,,,,,,,,,,,,,,,,,,,,,,,,,,,,
j120_3.rcp,0,154.81841165972637,1.3902080059051514,TS_static,82,1000,0,,60.0,100.0,,,,,,,,,,,,,,,,,,,,,,,,,,20.0,,,,10.0,True,static,1.0,4.0,10.0,,,,,,,,,,,,,,,,,,,,,,,
j120_3.rcp,1,174.1598750743605,1.3939599990844727,TS_static,82,1000,1,,60.0,100.0,,,,,,,,,,,,,,,,,,,,,,,,,,20.0,,,,10.0,True,static,1.0,4.0,10.0,,,,,,,,,,,,,,,,,,,,,,,
j120_3.rcp,0,312.06231409875073,0.5647521018981934,PR_forward_best_noLS,82,1000,0,,60.0,100.0,,,,,,,,False,,,,,,,,,best,,,,,,,,,,,,,,,,,,,10.0,forward,50.0,,,,,,,,,,,,,,,,,,,,
j120_3.rcp,1,264.2086555621654,1.1604280471801758,PR_forward_best_noLS,82,1000,1,,60.0,100.0,,,,,,,,False,,,,,,,,,best,,,,,,,,,,,,,,,,,,,10.0,forward,50.0,,,,,,,,,,,,,,,,,,,,
j120_3.rcp,0,202.57450922070197,2.840532064437866,PSO_none_none,82,1000,0,50.0,60.0,,,,,,,,,,,,,,,,,,,,,,,,,none,,,,80.0,0.9,,,,,,,,,,0.729,1.49445,1.49445,none,30.0,0.01,,,,,,,,,,,,,,
j120_3.rcp,1,165.52572873289708,2.855915069580078,PSO_none_none,82,1000,1,50.0,60.0,,,,,,,,,,,,,,,,,,,,,,,,,none,,,,80.0,0.9,,,,,,,,,,0.729,1.49445,1.49445,none,30.0,0.01,,,,,,,,,,,,,,
j120_3.rcp,0,204.37938726948246,2.4210550785064697,BA_none,82,1000,0,50.0,60.0,,,,,,,,,,,,,,,,,,,,,,0.9,,,none,10.0,,,,,,,,,,,,,,,,,,,,0.0,2.0,1.0,0.5,0.9,,,,,,,,,
j120_3.rcp,1,168.50133848899463,2.387910842895508,BA_none,82,1000,1,50.0,60.0,,,,,,,,,,,,,,,,,,,,,,0.9,,,none,10.0,,,,,,,,,,,,,,,,,,,,0.0,2.0,1.0,0.5,0.9,,,,,,,,,
j120_3.rcp,0,183.79402141582392,2.7585673332214355,HS_fixed_random,82,1000,0,,60.0,,,,,,,,random,,,,,,,,,,,,,,,,,,,,,,,,,,,,,,,,,,,,,,,,,,,50.0,0.9,0.3,2.0,0.1,0.9,1.0,5.0,fixed
j120_3.rcp,1,179.81841165972637,2.768104076385498,HS_fixed_random,82,1000,1,,60.0,,,,,,,,random,,,,,,,,,,,,,,,,,,,,,,,,,,,,,,,,,,,,,,,,,,,50.0,0.9,0.3,2.0,0.1,0.9,1.0,5.0,fixed
j120_4.rcp,0,199.10495112962667,2.0406949520111084,DE_rand/1_fixedF_bin_fixedCR_noLS,79,1000,0,50.0,60.0,100.0,0.1,0.9,False,False,rand/1,bin,random,False,5.0,0.3,1.5,0.3,1.0,1.0,,,,,,,,,,,,,,,,,,,,,,,,,,,,,,,,,,,,,,,,,,,,
j120_4.rcp,1,192.80115366127222,2.035551071166992,DE_rand/1_fixedF_bin_fixedCR_noLS,79,1000,1,50.0,60.0,100.0,0.1,0.9,False,False,rand/1,bin,random,False,5.0,0.3,1.5,0.3,1.0,1.0,,,,,,,,,,,,,,,,,,,,,,,,,,,,,,,,,,,,,,,,,,,,
j120_4.rcp,0,240.09229290177856,2.2718358039855957,GA_roulette_single_point_random_random_none_noNeighborhood_noSA,79,1000,0,50.0,60.0,,,,,,random,single_point,random,,,,,,,,0.9,0.1,roulette,3.0,True,False,0.5,0.1,0.35,none,5.0,0.0,False,10.0,0.95,,,,,,,,,,,,,,,,,,,,,,,,,,,,,
j120_4.rcp,1,202.3201410030444,2.229311943054199,GA_roulette_single_point_random_random_none_noNeighborhood_noSA,79,1000,1,50.0,60.0,,,,,,random,single_point,random,,,,,,,,0.9,0.1,roulette,3.0,True,False,0.5,0.1,0.35,none,5.0,0.0,False,10.0,0.95,,,,,,,,,,,,,,,,,,,,,,,,,,,,,
j120_4.rcp,0,128.11760935747478,1.3924579620361328,TS_static,79,1000,0,,60.0,100.0,,,,,,,,,,,,,,,,,,,,,,,,,,20.0,,,,10.0,True,static,1.0,4.0,10.0,,,,,,,,,,,,,,,,,,,,,,,
j120_4.rcp,1,144.54798910431023,1.3949618339538574,TS_static,79,1000,1,,60.0,100.0,,,,,,,,,,,,,,,,,,,,,,,,,,20.0,,,,10.0,True,static,1.0,4.0,10.0,,,,,,,,,,,,,,,,,,,,,,,
j120_4.rcp,0,227.13026758532288,1.634793996810913,PR_forward_best_noLS,79,1000,0,,60.0,100.0,,,,,,,,False,,,,,,,,,best,,,,,,,,,,,,,,,,,,,10.0,forward,50.0,,,,,,,,,,,,,,,,,,,,
j120_4.rcp,1,242.29482454734818,0.5791819095611572,PR_forward_best_noLS,79,1000,1,,60.0,100.0,,,,,,,,False,,,,,,,,,best,,,,,,,,,,,,,,,,,,,10.0,forward,50.0,,,,,,,,,,,,,,,,,,,,
j120_4.rcp,0,134.09229290177856,2.8750052452087402,PSO_none_none,79,1000,0,50.0,60.0,,,,,,,,,,,,,,,,,,,,,,,,,none,,,,80.0,0.9,,,,,,,,,,0.729,1.49445,1.49445,none,30.0,0.01,,,,,,,,,,,,,,
j120_4.rcp,1,165.78849543342415,2.8784971237182617,PSO_none_none,79,1000,1,50.0,60.0,,,,,,,,,,,,,,,,,,,,,,,,,none,,,,80.0,0.9,,,,,,,,,,0.729,1.49445,1.49445,none,30.0,0.01,,,,,,,,,,,,,,
j120_4.rcp,0,164.14292581317096,2.406986951828003,BA_none,79,1000,0,50.0,60.0,,,,,,,,,,,,,,,,,,,,,,0.9,,,none,10.0,,,,,,,,,,,,,,,,,,,,0.0,2.0,1.0,0.5,0.9,,,,,,,,,
j120_4.rcp,1,169.88976125620897,2.4033989906311035,BA_none,79,1000,1,50.0,60.0,,,,,,,,,,,,,,,,,,,,,,0.9,,,none,10.0,,,,,,,,,,,,,,,,,,,,0.0,2.0,1.0,0.5,0.9,,,,,,,,,
j120_4.rcp,0,174.85178657266462,2.7461161613464355,HS_fixed_random,79,1000,0,,60.0,,,,,,,,random,,,,,,,,,,,,,,,,,,,,,,,,,,,,,,,,,,,,,,,,,,,50.0,0.9,0.3,2.0,0.1,0.9,1.0,5.0,fixed
j120_4.rcp,1,176.69988783848743,2.76590895652771,HS_fixed_random,79,1000,1,,60.0,,,,,,,,random,,,,,,,,,,,,,,,,,,,,,,,,,,,,,,,,,,,,,,,,,,,50.0,0.9,0.3,2.0,0.1,0.9,1.0,5.0,fixed
j120_5.rcp,0,198.7871208691716,2.03246808052063,DE_rand/1_fixedF_bin_fixedCR_noLS,94,1000,0,50.0,60.0,100.0,0.1,0.9,False,False,rand/1,bin,random,False,5.0,0.3,1.5,0.3,1.0,1.0,,,,,,,,,,,,,,,,,,,,,,,,,,,,,,,,,,,,,,,,,,,,
j120_5.rcp,1,191.6594612947035,2.02459716796875,DE_rand/1_fixedF_bin_fixedCR_noLS,94,1000,1,50.0,60.0,100.0,0.1,0.9,False,False,rand/1,bin,random,False,5.0,0.3,1.5,0.3,1.0,1.0,,,,,,,,,,,,,,,,,,,,,,,,,,,,,,,,,,,,,,,,,,,,
j120_5.rcp,0,212.57435491172478,2.211542844772339,GA_roulette_single_point_random_random_none_noNeighborhood_noSA,94,1000,0,50.0,60.0,,,,,,random,single_point,random,,,,,,,,0.9,0.1,roulette,3.0,True,False,0.5,0.1,0.35,none,5.0,0.0,False,10.0,0.95,,,,,,,,,,,,,,,,,,,,,,,,,,,,,
j120_5.rcp,1,197.8509506564056,2.201104164123535,GA_roulette_single_point_random_random_none_noNeighborhood_noSA,94,1000,1,50.0,60.0,,,,,,random,single_point,random,,,,,,,,0.9,0.1,roulette,3.0,True,False,0.5,0.1,0.35,none,5.0,0.0,False,10.0,0.95,,,,,,,,,,,,,,,,,,,,,,,,,,,,,
j120_5.rcp,0,138.46797193300134,1.4038960933685303,TS_static,94,1000,0,,60.0,100.0,,,,,,,,,,,,,,,,,,,,,,,,,,20.0,,,,10.0,True,static,1.0,4.0,10.0,,,,,,,,,,,,,,,,,,,,,,,
j120_5.rcp,1,146.9998868266184,1.4178369045257568,TS_static,94,1000,1,,60.0,100.0,,,,,,,,,,,,,,,,,,,,,,,,,,20.0,,,,10.0,True,static,1.0,4.0,10.0,,,,,,,,,,,,,,,,,,,,,,,
j120_5.rcp,0,214.91478044363964,0.9722740650177002,PR_forward_best_noLS,94,1000,0,,60.0,100.0,,,,,,,,False,,,,,,,,,best,,,,,,,,,,,,,,,,,,,10.0,forward,50.0,,,,,,,,,,,,,,,,,,,,
j120_5.rcp,1,221.42541874151198,1.0295472145080566,PR_forward_best_noLS,94,1000,1,,60.0,100.0,,,,,,,,False,,,,,,,,,best,,,,,,,,,,,,,,,,,,,10.0,forward,50.0,,,,,,,,,,,,,,,,,,,,
j120_5.rcp,0,196.7871208691716,2.8801159858703613,PSO_none_none,94,1000,0,50.0,60.0,,,,,,,,,,,,,,,,,,,,,,,,,none,,,,80.0,0.9,,,,,,,,,,0.729,1.49445,1.49445,none,30.0,0.01,,,,,,,,,,,,,,
j120_5.rcp,1,172.48924852874603,2.846517324447632,PSO_none_none,94,1000,1,50.0,60.0,,,,,,,,,,,,,,,,,,,,,,,,,none,,,,80.0,0.9,,,,,,,,,,0.729,1.49445,1.49445,none,30.0,0.01,,,,,,,,,,,,,,
j120_5.rcp,0,167.10626980534178,2.436473846435547,BA_none,94,1000,0,50.0,60.0,,,,,,,,,,,,,,,,,,,,,,0.9,,,none,10.0,,,,,,,,,,,,,,,,,,,,0.0,2.0,1.0,0.5,0.9,,,,,,,,,
j120_5.rcp,1,173.72329108193753,2.4040069580078125,BA_none,94,1000,1,50.0,60.0,,,,,,,,,,,,,,,,,,,,,,0.9,,,none,10.0,,,,,,,,,,,,,,,,,,,,0.0,2.0,1.0,0.5,0.9,,,,,,,,,
j120_5.rcp,0,184.82967406066092,2.7787930965423584,HS_fixed_random,94,1000,0,,60.0,,,,,,,,random,,,,,,,,,,,,,,,,,,,,,,,,,,,,,,,,,,,,,,,,,,,50.0,0.9,0.3,2.0,0.1,0.9,1.0,5.0,fixed
j120_5.rcp,1,182.9360570393843,2.789832830429077,HS_fixed_random,94,1000,1,,60.0,,,,,,,,random,,,,,,,,,,,,,,,,,,,,,,,,,,,,,,,,,,,,,,,,,,,50.0,0.9,0.3,2.0,0.1,0.9,1.0,5.0,fixed
j120_6.rcp,0,289.0726627218935,2.0323128700256348,DE_rand/1_fixedF_bin_fixedCR_noLS,65,1000,0,50.0,60.0,100.0,0.1,0.9,False,False,rand/1,bin,random,False,5.0,0.3,1.5,0.3,1.0,1.0,,,,,,,,,,,,,,,,,,,,,,,,,,,,,,,,,,,,,,,,,,,,
j120_6.rcp,1,277.1034319526628,2.018994092941284,DE_rand/1_fixedF_bin_fixedCR_noLS,65,1000,1,50.0,60.0,100.0,0.1,0.9,False,False,rand/1,bin,random,False,5.0,0.3,1.5,0.3,1.0,1.0,,,,,,,,,,,,,,,,,,,,,,,,,,,,,,,,,,,,,,,,,,,,
j120_6.rcp,0,332.1495857988166,2.534477949142456,GA_roulette_single_point_random_random_none_noNeighborhood_noSA,65,1000,0,50.0,60.0,,,,,,random,single_point,random,,,,,,,,0.9,0.1,roulette,3.0,True,False,0.5,0.1,0.35,none,5.0,0.0,False,10.0,0.95,,,,,,,,,,,,,,,,,,,,,,,,,,,,,
j120_6.rcp,1,322.98035502958584,2.138807773590088,GA_roulette_single_point_random_random_none_noNeighborhood_noSA,65,1000,1,50.0,60.0,,,,,,random,single_point,random,,,,,,,,0.9,0.1,roulette,3.0,True,False,0.5,0.1,0.35,none,5.0,0.0,False,10.0,0.95,,,,,,,,,,,,,,,,,,,,,,,,,,,,,
j120_6.rcp,0,190.8572781065089,1.3979237079620361,TS_static,65,1000,0,,60.0,100.0,,,,,,,,,,,,,,,,,,,,,,,,,,20.0,,,,10.0,True,static,1.0,4.0,10.0,,,,,,,,,,,,,,,,,,,,,,,
j120_6.rcp,1,165.84189349112427,1.4074060916900635,TS_static,65,1000,1,,60.0,100.0,,,,,,,,,,,,,,,,,,,,,,,,,,20.0,,,,10.0,True,static,1.0,4.0,10.0,,,,,,,,,,,,,,,,,,,,,,,
j120_6.rcp,0,352.7034319526627,0.570544958114624,PR_forward_best_noLS,65,1000,0,,60.0,100.0,,,,,,,,False,,,,,,,,,best,,,,,,,,,,,,,,,,,,,10.0,forward,50.0,,,,,,,,,,,,,,,,,,,,
j120_6.rcp,1,317.2572781065088,1.2983407974243164,PR_forward_best_noLS,65,1000,1,,60.0,100.0,,,,,,,,False,,,,,,,,,best,,,,,,,,,,,,,,,,,,,10.0,forward,50.0,,,,,,,,,,,,,,,,,,,,
j120_6.rcp,0,215.2880473372781,2.910043954849243,PSO_none_none,65,1000,0,50.0,60.0,,,,,,,,,,,,,,,,,,,,,,,,,none,,,,80.0,0.9,,,,,,,,,,0.729,1.49445,1.49445,none,30.0,0.01,,,,,,,,,,,,,,
j120_6.rcp,1,207.9649704142012,2.8632142543792725,PSO_none_none,65,1000,1,50.0,60.0,,,,,,,,,,,,,,,,,,,,,,,,,none,,,,80.0,0.9,,,,,,,,,,0.729,1.49445,1.49445,none,30.0,0.01,,,,,,,,,,,,,,
j120_6.rcp,0,242.8572781065089,2.4301979541778564,BA_none,65,1000,0,50.0,60.0,,,,,,,,,,,,,,,,,,,,,,0.9,,,none,10.0,,,,,,,,,,,,,,,,,,,,0.0,2.0,1.0,0.5,0.9,,,,,,,,,
j120_6.rcp,1,225.59573964497045,2.408281087875366,BA_none,65,1000,1,50.0,60.0,,,,,,,,,,,,,,,,,,,,,,0.9,,,none,10.0,,,,,,,,,,,,,,,,,,,,0.0,2.0,1.0,0.5,0.9,,,,,,,,,
j120_6.rcp,0,226.58035502958577,2.7516040802001953,HS_fixed_random,65,1000,0,,60.0,,,,,,,,random,,,,,,,,,,,,,,,,,,,,,,,,,,,,,,,,,,,,,,,,,,,50.0,0.9,0.3,2.0,0.1,0.9,1.0,5.0,fixed
j120_6.rcp,1,215.16497041420118,2.7265841960906982,HS_fixed_random,65,1000,1,,60.0,,,,,,,,random,,,,,,,,,,,,,,,,,,,,,,,,,,,,,,,,,,,,,,,,,,,50.0,0.9,0.3,2.0,0.1,0.9,1.0,5.0,fixed
j120_7.rcp,0,196.08746355685133,2.0332939624786377,DE_rand/1_fixedF_bin_fixedCR_noLS,98,1000,0,50.0,60.0,100.0,0.1,0.9,False,False,rand/1,bin,random,False,5.0,0.3,1.5,0.3,1.0,1.0,,,,,,,,,,,,,,,,,,,,,,,,,,,,,,,,,,,,,,,,,,,,
j120_7.rcp,1,176.96501457725947,2.0161232948303223,DE_rand/1_fixedF_bin_fixedCR_noLS,98,1000,1,50.0,60.0,100.0,0.1,0.9,False,False,rand/1,bin,random,False,5.0,0.3,1.5,0.3,1.0,1.0,,,,,,,,,,,,,,,,,,,,,,,,,,,,,,,,,,,,,,,,,,,,
j120_7.rcp,0,201.33236151603498,2.269221067428589,GA_roulette_single_point_random_random_none_noNeighborhood_noSA,98,1000,0,50.0,60.0,,,,,,random,single_point,random,,,,,,,,0.9,0.1,roulette,3.0,True,False,0.5,0.1,0.35,none,5.0,0.0,False,10.0,0.95,,,,,,,,,,,,,,,,,,,,,,,,,,,,,
j120_7.rcp,1,216.45481049562682,2.234686851501465,GA_roulette_single_point_random_random_none_noNeighborhood_noSA,98,1000,1,50.0,60.0,,,,,,random,single_point,random,,,,,,,,0.9,0.1,roulette,3.0,True,False,0.5,0.1,0.35,none,5.0,0.0,False,10.0,0.95,,,,,,,,,,,,,,,,,,,,,,,,,,,,,
j120_7.rcp,0,137.067055393586,1.3756182193756104,TS_static,98,1000,0,,60.0,100.0,,,,,,,,,,,,,,,,,,,,,,,,,,20.0,,,,10.0,True,static,1.0,4.0,10.0,,,,,,,,,,,,,,,,,,,,,,,
j120_7.rcp,1,142.88338192419823,1.4045376777648926,TS_static,98,1000,1,,60.0,100.0,,,,,,,,,,,,,,,,,,,,,,,,,,20.0,,,,10.0,True,static,1.0,4.0,10.0,,,,,,,,,,,,,,,,,,,,,,,
j120_7.rcp,0,226.53644314868802,1.1800308227539062,PR_forward_best_noLS,98,1000,0,,60.0,100.0,,,,,,,,False,,,,,,,,,best,,,,,,,,,,,,,,,,,,,10.0,forward,50.0,,,,,,,,,,,,,,,,,,,,
j120_7.rcp,1,224.59766763848395,0.5649480819702148,PR_forward_best_noLS,98,1000,1,,60.0,100.0,,,,,,,,False,,,,,,,,,best,,,,,,,,,,,,,,,,,,,10.0,forward,50.0,,,,,,,,,,,,,,,,,,,,
j120_7.rcp,0,140.12827988338194,2.8472959995269775,PSO_none_none,98,1000,0,50.0,60.0,,,,,,,,,,,,,,,,,,,,,,,,,none,,,,80.0,0.9,,,,,,,,,,0.729,1.49445,1.49445,none,30.0,0.01,,,,,,,,,,,,,,
j120_7.rcp,1,162.78134110787173,2.85030198097229,PSO_none_none,98,1000,1,50.0,60.0,,,,,,,,,,,,,,,,,,,,,,,,,none,,,,80.0,0.9,,,,,,,,,,0.729,1.49445,1.49445,none,30.0,0.01,,,,,,,,,,,,,,
j120_7.rcp,0,168.9650145772595,2.373915195465088,BA_none,98,1000,0,50.0,60.0,,,,,,,,,,,,,,,,,,,,,,0.9,,,none,10.0,,,,,,,,,,,,,,,,,,,,0.0,2.0,1.0,0.5,0.9,,,,,,,,,
j120_7.rcp,1,181.51603498542272,2.42266583442688,BA_none,98,1000,1,50.0,60.0,,,,,,,,,,,,,,,,,,,,,,0.9,,,none,10.0,,,,,,,,,,,,,,,,,,,,0.0,2.0,1.0,0.5,0.9,,,,,,,,,
j120_7.rcp,0,147.20991253644314,2.770115852355957,HS_fixed_random,98,1000,0,,60.0,,,,,,,,random,,,,,,,,,,,,,,,,,,,,,,,,,,,,,,,,,,,,,,,,,,,50.0,0.9,0.3,2.0,0.1,0.9,1.0,5.0,fixed
j120_7.rcp,1,150.0058309037901,2.7242980003356934,HS_fixed_random,98,1000,1,,60.0,,,,,,,,random,,,,,,,,,,,,,,,,,,,,,,,,,,,,,,,,,,,,,,,,,,,50.0,0.9,0.3,2.0,0.1,0.9,1.0,5.0,fixed
j120_8.rcp,0,241.10615916955018,2.0051138401031494,DE_rand/1_fixedF_bin_fixedCR_noLS,85,1000,0,50.0,60.0,100.0,0.1,0.9,False,False,rand/1,bin,random,False,5.0,0.3,1.5,0.3,1.0,1.0,,,,,,,,,,,,,,,,,,,,,,,,,,,,,,,,,,,,,,,,,,,,
j120_8.rcp,1,230.2826297577855,2.020555019378662,DE_rand/1_fixedF_bin_fixedCR_noLS,85,1000,1,50.0,60.0,100.0,0.1,0.9,False,False,rand/1,bin,random,False,5.0,0.3,1.5,0.3,1.0,1.0,,,,,,,,,,,,,,,,,,,,,,,,,,,,,,,,,,,,,,,,,,,,
j120_8.rcp,0,242.16498269896195,2.2002851963043213,GA_roulette_single_point_random_random_none_noNeighborhood_noSA,85,1000,0,50.0,60.0,,,,,,random,single_point,random,,,,,,,,0.9,0.1,roulette,3.0,True,False,0.5,0.1,0.35,none,5.0,0.0,False,10.0,0.95,,,,,,,,,,,,,,,,,,,,,,,,,,,,,
j120_8.rcp,1,235.88262975778548,2.1621901988983154,GA_roulette_single_point_random_random_none_noNeighborhood_noSA,85,1000,1,50.0,60.0,,,,,,random,single_point,random,,,,,,,,0.9,0.1,roulette,3.0,True,False,0.5,0.1,0.35,none,5.0,0.0,False,10.0,0.95,,,,,,,,,,,,,,,,,,,,,,,,,,,,,
j120_8.rcp,0,153.83557093425605,1.3727128505706787,TS_static,85,1000,0,,60.0,100.0,,,,,,,,,,,,,,,,,,,,,,,,,,20.0,,,,10.0,True,static,1.0,4.0,10.0,,,,,,,,,,,,,,,,,,,,,,,
j120_8.rcp,1,134.44733564013842,1.3964998722076416,TS_static,85,1000,1,,60.0,100.0,,,,,,,,,,,,,,,,,,,,,,,,,,20.0,,,,10.0,True,static,1.0,4.0,10.0,,,,,,,,,,,,,,,,,,,,,,,
j120_8.rcp,0,257.31792387543254,0.8653390407562256,PR_forward_best_noLS,85,1000,0,,60.0,100.0,,,,,,,,False,,,,,,,,,best,,,,,,,,,,,,,,,,,,,10.0,forward,50.0,,,,,,,,,,,,,,,,,,,,
j120_8.rcp,1,282.8943944636678,0.7162830829620361,PR_forward_best_noLS,85,1000,1,,60.0,100.0,,,,,,,,False,,,,,,,,,best,,,,,,,,,,,,,,,,,,,10.0,forward,50.0,,,,,,,,,,,,,,,,,,,,
j120_8.rcp,0,140.65910034602075,2.8581249713897705,PSO_none_none,85,1000,0,50.0,60.0,,,,,,,,,,,,,,,,,,,,,,,,,none,,,,80.0,0.9,,,,,,,,,,0.729,1.49445,1.49445,none,30.0,0.01,,,,,,,,,,,,,,
j120_8.rcp,1,223.7414532871972,2.849095106124878,PSO_none_none,85,1000,1,50.0,60.0,,,,,,,,,,,,,,,,,,,,,,,,,none,,,,80.0,0.9,,,,,,,,,,0.729,1.49445,1.49445,none,30.0,0.01,,,,,,,,,,,,,,
j120_8.rcp,0,201.29439446366783,2.4113101959228516,BA_none,85,1000,0,50.0,60.0,,,,,,,,,,,,,,,,,,,,,,0.9,,,none,10.0,,,,,,,,,,,,,,,,,,,,0.0,2.0,1.0,0.5,0.9,,,,,,,,,
j120_8.rcp,1,210.28262975778546,2.376922845840454,BA_none,85,1000,1,50.0,60.0,,,,,,,,,,,,,,,,,,,,,,0.9,,,none,10.0,,,,,,,,,,,,,,,,,,,,0.0,2.0,1.0,0.5,0.9,,,,,,,,,
j120_8.rcp,0,177.36498269896194,2.7597880363464355,HS_fixed_random,85,1000,0,,60.0,,,,,,,,random,,,,,,,,,,,,,,,,,,,,,,,,,,,,,,,,,,,,,,,,,,,50.0,0.9,0.3,2.0,0.1,0.9,1.0,5.0,fixed
j120_8.rcp,1,173.90615916955016,2.771038055419922,HS_fixed_random,85,1000,1,,60.0,,,,,,,,random,,,,,,,,,,,,,,,,,,,,,,,,,,,,,,,,,,,,,,,,,,,50.0,0.9,0.3,2.0,0.1,0.9,1.0,5.0,fixed
j120_9.rcp,0,299.8116399444515,2.025804042816162,DE_rand/1_fixedF_bin_fixedCR_noLS,89,1000,0,50.0,60.0,100.0,0.1,0.9,False,False,rand/1,bin,random,False,5.0,0.3,1.5,0.3,1.0,1.0,,,,,,,,,,,,,,,,,,,,,,,,,,,,,,,,,,,,,,,,,,,,
j120_9.rcp,1,300.0138871354627,2.0451149940490723,DE_rand/1_fixedF_bin_fixedCR_noLS,89,1000,1,50.0,60.0,100.0,0.1,0.9,False,False,rand/1,bin,random,False,5.0,0.3,1.5,0.3,1.0,1.0,,,,,,,,,,,,,,,,,,,,,,,,,,,,,,,,,,,,,,,,,,,,
j120_9.rcp,0,305.94647140512564,2.327437162399292,GA_roulette_single_point_random_random_none_noNeighborhood_noSA,89,1000,0,50.0,60.0,,,,,,random,single_point,random,,,,,,,,0.9,0.1,roulette,3.0,True,False,0.5,0.1,0.35,none,5.0,0.0,False,10.0,0.95,,,,,,,,,,,,,,,,,,,,,,,,,,,,,
j120_9.rcp,1,326.41838151748516,2.3249337673187256,GA_roulette_single_point_random_random_none_noNeighborhood_noSA,89,1000,1,50.0,60.0,,,,,,random,single_point,random,,,,,,,,0.9,0.1,roulette,3.0,True,False,0.5,0.1,0.35,none,5.0,0.0,False,10.0,0.95,,,,,,,,,,,,,,,,,,,,,,,,,,,,,
j120_9.rcp,0,163.2273702815301,1.4204108715057373,TS_static,89,1000,0,,60.0,100.0,,,,,,,,,,,,,,,,,,,,,,,,,,20.0,,,,10.0,True,static,1.0,4.0,10.0,,,,,,,,,,,,,,,,,,,,,,,
j120_9.rcp,1,195.00265118040653,1.416729211807251,TS_static,89,1000,1,,60.0,100.0,,,,,,,,,,,,,,,,,,,,,,,,,,20.0,,,,10.0,True,static,1.0,4.0,10.0,,,,,,,,,,,,,,,,,,,,,,,
j120_9.rcp,0,374.66557252872116,0.7839298248291016,PR_forward_best_noLS,89,1000,0,,60.0,100.0,,,,,,,,False,,,,,,,,,best,,,,,,,,,,,,,,,,,,,10.0,forward,50.0,,,,,,,,,,,,,,,,,,,,
j120_9.rcp,1,359.8565837646762,0.9173519611358643,PR_forward_best_noLS,89,1000,1,,60.0,100.0,,,,,,,,False,,,,,,,,,best,,,,,,,,,,,,,,,,,,,10.0,forward,50.0,,,,,,,,,,,,,,,,,,,,
j120_9.rcp,0,187.04759500063125,2.848759651184082,PSO_none_none,89,1000,0,50.0,60.0,,,,,,,,,,,,,,,,,,,,,,,,,none,,,,80.0,0.9,,,,,,,,,,0.729,1.49445,1.49445,none,30.0,0.01,,,,,,,,,,,,,,
j120_9.rcp,1,247.49703320287844,2.8581130504608154,PSO_none_none,89,1000,1,50.0,60.0,,,,,,,,,,,,,,,,,,,,,,,,,none,,,,80.0,0.9,,,,,,,,,,0.729,1.49445,1.49445,none,30.0,0.01,,,,,,,,,,,,,,
j120_9.rcp,0,247.3846736523166,2.3862509727478027,BA_none,89,1000,0,50.0,60.0,,,,,,,,,,,,,,,,,,,,,,0.9,,,none,10.0,,,,,,,,,,,,,,,,,,,,0.0,2.0,1.0,0.5,0.9,,,,,,,,,
j120_9.rcp,1,253.7442242141144,2.403650999069214,BA_none,89,1000,1,50.0,60.0,,,,,,,,,,,,,,,,,,,,,,0.9,,,none,10.0,,,,,,,,,,,,,,,,,,,,0.0,2.0,1.0,0.5,0.9,,,,,,,,,
j120_9.rcp,0,222.08130286579978,2.7519009113311768,HS_fixed_random,89,1000,0,,60.0,,,,,,,,random,,,,,,,,,,,,,,,,,,,,,,,,,,,,,,,,,,,,,,,,,,,50.0,0.9,0.3,2.0,0.1,0.9,1.0,5.0,fixed
j120_9.rcp,1,224.95770736018181,2.724558115005493,HS_fixed_random,89,1000,1,,60.0,,,,,,,,random,,,,,,,,,,,,,,,,,,,,,,,,,,,,,,,,,,,,,,,,,,,50.0,0.9,0.3,2.0,0.1,0.9,1.0,5.0,fixed
j120_10.rcp,0,214.64815048604976,2.009131908416748,DE_rand/1_fixedF_bin_fixedCR_noLS,89,1000,0,50.0,60.0,100.0,0.1,0.9,False,False,rand/1,bin,random,False,5.0,0.3,1.5,0.3,1.0,1.0,,,,,,,,,,,,,,,,,,,,,,,,,,,,,,,,,,,,,,,,,,,,
j120_10.rcp,1,212.71556621638683,2.028761148452759,DE_rand/1_fixedF_bin_fixedCR_noLS,89,1000,1,50.0,60.0,100.0,0.1,0.9,False,False,rand/1,bin,random,False,5.0,0.3,1.5,0.3,1.0,1.0,,,,,,,,,,,,,,,,,,,,,,,,,,,,,,,,,,,,,,,,,,,,
j120_10.rcp,0,229.2324201489711,2.2894139289855957,GA_roulette_single_point_random_random_none_noNeighborhood_noSA,89,1000,0,50.0,60.0,,,,,,random,single_point,random,,,,,,,,0.9,0.1,roulette,3.0,True,False,0.5,0.1,0.35,none,5.0,0.0,False,10.0,0.95,,,,,,,,,,,,,,,,,,,,,,,,,,,,,
j120_10.rcp,1,223.59197071076883,2.2678298950195312,GA_roulette_single_point_random_random_none_noNeighborhood_noSA,89,1000,1,50.0,60.0,,,,,,random,single_point,random,,,,,,,,0.9,0.1,roulette,3.0,True,False,0.5,0.1,0.35,none,5.0,0.0,False,10.0,0.95,,,,,,,,,,,,,,,,,,,,,,,,,,,,,
j120_10.rcp,0,153.56949880065648,1.4222328662872314,TS_static,89,1000,0,,60.0,100.0,,,,,,,,,,,,,,,,,,,,,,,,,,20.0,,,,10.0,True,static,1.0,4.0,10.0,,,,,,,,,,,,,,,,,,,,,,,
j120_10.rcp,1,159.1425325085216,1.4029581546783447,TS_static,89,1000,1,,60.0,100.0,,,,,,,,,,,,,,,,,,,,,,,,,,20.0,,,,10.0,True,static,1.0,4.0,10.0,,,,,,,,,,,,,,,,,,,,,,,
j120_10.rcp,0,259.165004418634,0.5689730644226074,PR_forward_best_noLS,89,1000,0,,60.0,100.0,,,,,,,,False,,,,,,,,,best,,,,,,,,,,,,,,,,,,,10.0,forward,50.0,,,,,,,,,,,,,,,,,,,,
j120_10.rcp,1,246.67062239616212,0.740868091583252,PR_forward_best_noLS,89,1000,1,,60.0,100.0,,,,,,,,False,,,,,,,,,best,,,,,,,,,,,,,,,,,,,10.0,forward,50.0,,,,,,,,,,,,,,,,,,,,
j120_10.rcp,0,169.6144426208812,2.8474009037017822,PSO_none_none,89,1000,0,50.0,60.0,,,,,,,,,,,,,,,,,,,,,,,,,none,,,,80.0,0.9,,,,,,,,,,0.729,1.49445,1.49445,none,30.0,0.01,,,,,,,,,,,,,,
j120_10.rcp,1,175.9290493624542,2.848134994506836,PSO_none_none,89,1000,1,50.0,60.0,,,,,,,,,,,,,,,,,,,,,,,,,none,,,,80.0,0.9,,,,,,,,,,0.729,1.49445,1.49445,none,30.0,0.01,,,,,,,,,,,,,,
j120_10.rcp,0,181.18747632874638,2.388765335083008,BA_none,89,1000,0,50.0,60.0,,,,,,,,,,,,,,,,,,,,,,0.9,,,none,10.0,,,,,,,,,,,,,,,,,,,,0.0,2.0,1.0,0.5,0.9,,,,,,,,,
j120_10.rcp,1,173.16500441863403,2.394860029220581,BA_none,89,1000,1,50.0,60.0,,,,,,,,,,,,,,,,,,,,,,0.9,,,none,10.0,,,,,,,,,,,,,,,,,,,,0.0,2.0,1.0,0.5,0.9,,,,,,,,,
j120_10.rcp,0,175.25489205908346,2.733658790588379,HS_fixed_random,89,1000,0,,60.0,,,,,,,,random,,,,,,,,,,,,,,,,,,,,,,,,,,,,,,,,,,,,,,,,,,,50.0,0.9,0.3,2.0,0.1,0.9,1.0,5.0,fixed
j120_10.rcp,1,158.51331902537558,2.7329609394073486,HS_fixed_random,89,1000,1,,60.0,,,,,,,,random,,,,,,,,,,,,,,,,,,,,,,,,,,,,,,,,,,,,,,,,,,,50.0,0.9,0.3,2.0,0.1,0.9,1.0,5.0,fixed
