instance_id,seed,best_objective,runtime,algorithm_name,deadline,encoding_type,param_max_evaluations,param_seed,param_population_size,param_crossover_rate,param_mutation_rate,param_time_limit,param_selection_strategy,param_crossover_strategy,param_mutation_strategy,param_initialization_strategy,param_tournament_size,param_use_repair,param_elitism,param_local_search_strategy,param_local_search_interval,param_max_iterations,param_F,param_CR,param_use_adaptive_F,param_use_adaptive_CR,param_use_local_search,param_local_search_top,param_F_min,param_F_max,param_CR_min,param_CR_max,param_elite_size,param_path_strategy,param_local_search_eval_limit,param_tabu_tenure,param_neighborhood_size,param_aspiration_criterion,param_tabu_strategy,param_neighborhood_type,param_min_factor,param_max_factor,param_noimprove_threshold,param_w,param_c1,param_c2,param_restart_strategy,param_restart_threshold,param_f_min,param_f_max,param_A0,param_r0,param_alpha,param_gamma,param_hm_size,param_hmcr,param_par,param_par_min,param_par_max,param_parameter_strategy,param_initial_temperature,param_cooling_rate,param_iterations_per_temperature,param_neighborhood_strategy
J30_1.RCP,,156.51315789473688,0.6931459903717041,GA_roulette_ox1_swap_random_repair_elitism_none,38,activity_list,1000,0,50.0,0.9,0.1,60.0,roulette,ox1,swap,random,3.0,True,True,none,5.0,,,,,,,,,,,,,,,,,,,,,,,,,,,,,,,,,,,,,,,,,,,
J30_1.RCP,,156.51315789473688,0.6731817722320557,GA_roulette_ox1_swap_random_repair_elitism_swap,38,activity_list,1000,0,50.0,0.9,0.1,60.0,roulette,ox1,swap,random,3.0,True,True,swap,5.0,,,,,,,,,,,,,,,,,,,,,,,,,,,,,,,,,,,,,,,,,,,
J30_1.RCP,,156.51315789473688,0.6936290264129639,GA_roulette_ox1_swap_random_repair_noElitism_none,38,activity_list,1000,0,50.0,0.9,0.1,60.0,roulette,ox1,swap,random,3.0,True,False,none,5.0,,,,,,,,,,,,,,,,,,,,,,,,,,,,,,,,,,,,,,,,,,,
J30_1.RCP,,156.51315789473688,0.6698219776153564,GA_roulette_ox1_swap_random_repair_noElitism_swap,38,activity_list,1000,0,50.0,0.9,0.1,60.0,roulette,ox1,swap,random,3.0,True,False,swap,5.0,,,,,,,,,,,,,,,,,,,,,,,,,,,,,,,,,,,,,,,,,,,
J30_1.RCP,,156.51315789473688,0.39289307594299316,GA_roulette_ox1_swap_random_noRepair_elitism_none,38,activity_list,1000,0,50.0,0.9,0.1,60.0,roulette,ox1,swap,random,3.0,False,True,none,5.0,,,,,,,,,,,,,,,,,,,,,,,,,,,,,,,,,,,,,,,,,,,
J30_1.RCP,,156.51315789473688,0.3947882652282715,GA_roulette_ox1_swap_random_noRepair_elitism_swap,38,activity_list,1000,0,50.0,0.9,0.1,60.0,roulette,ox1,swap,random,3.0,False,True,swap,5.0,,,,,,,,,,,,,,,,,,,,,,,,,,,,,,,,,,,,,,,,,,,
J30_1.RCP,,156.51315789473688,0.39717626571655273,GA_roulette_ox1_swap_random_noRepair_noElitism_none,38,activity_list,1000,0,50.0,0.9,0.1,60.0,roulette,ox1,swap,random,3.0,False,False,none,5.0,,,,,,,,,,,,,,,,,,,,,,,,,,,,,,,,,,,,,,,,,,,
J30_1.RCP,,156.51315789473688,0.39453721046447754,GA_roulette_ox1_swap_random_noRepair_noElitism_swap,38,activity_list,1000,0,50.0,0.9,0.1,60.0,roulette,ox1,swap,random,3.0,False,False,swap,5.0,,,,,,,,,,,,,,,,,,,,,,,,,,,,,,,,,,,,,,,,,,,
J30_1.RCP,,156.51315789473688,0.6717808246612549,GA_roulette_ox1_swap_forward_repair_elitism_none,38,activity_list,1000,0,50.0,0.9,0.1,60.0,roulette,ox1,swap,forward,3.0,True,True,none,5.0,,,,,,,,,,,,,,,,,,,,,,,,,,,,,,,,,,,,,,,,,,,
J30_1.RCP,,156.51315789473688,0.6665873527526855,GA_roulette_ox1_swap_forward_repair_elitism_swap,38,activity_list,1000,0,50.0,0.9,0.1,60.0,roulette,ox1,swap,forward,3.0,True,True,swap,5.0,,,,,,,,,,,,,,,,,,,,,,,,,,,,,,,,,,,,,,,,,,,
J30_1.RCP,,156.51315789473688,0.6705920696258545,GA_roulette_ox1_swap_forward_repair_noElitism_none,38,activity_list,1000,0,50.0,0.9,0.1,60.0,roulette,ox1,swap,forward,3.0,True,False,none,5.0,,,,,,,,,,,,,,,,,,,,,,,,,,,,,,,,,,,,,,,,,,,
J30_1.RCP,,156.51315789473688,0.6677877902984619,GA_roulette_ox1_swap_forward_repair_noElitism_swap,38,activity_list,1000,0,50.0,0.9,0.1,60.0,roulette,ox1,swap,forward,3.0,True,False,swap,5.0,,,,,,,,,,,,,,,,,,,,,,,,,,,,,,,,,,,,,,,,,,,
J30_1.RCP,,156.51315789473688,0.39737701416015625,GA_roulette_ox1_swap_forward_noRepair_elitism_none,38,activity_list,1000,0,50.0,0.9,0.1,60.0,roulette,ox1,swap,forward,3.0,False,True,none,5.0,,,,,,,,,,,,,,,,,,,,,,,,,,,,,,,,,,,,,,,,,,,
J30_1.RCP,,156.51315789473688,0.4051508903503418,GA_roulette_ox1_swap_forward_noRepair_elitism_swap,38,activity_list,1000,0,50.0,0.9,0.1,60.0,roulette,ox1,swap,forward,3.0,False,True,swap,5.0,,,,,,,,,,,,,,,,,,,,,,,,,,,,,,,,,,,,,,,,,,,
J30_1.RCP,,156.51315789473688,0.4124011993408203,GA_roulette_ox1_swap_forward_noRepair_noElitism_none,38,activity_list,1000,0,50.0,0.9,0.1,60.0,roulette,ox1,swap,forward,3.0,False,False,none,5.0,,,,,,,,,,,,,,,,,,,,,,,,,,,,,,,,,,,,,,,,,,,
J30_1.RCP,,156.51315789473688,0.4142887592315674,GA_roulette_ox1_swap_forward_noRepair_noElitism_swap,38,activity_list,1000,0,50.0,0.9,0.1,60.0,roulette,ox1,swap,forward,3.0,False,False,swap,5.0,,,,,,,,,,,,,,,,,,,,,,,,,,,,,,,,,,,,,,,,,,,
J30_1.RCP,,156.51315789473688,0.712655782699585,GA_roulette_ox1_insertion_random_repair_elitism_none,38,activity_list,1000,0,50.0,0.9,0.1,60.0,roulette,ox1,insertion,random,3.0,True,True,none,5.0,,,,,,,,,,,,,,,,,,,,,,,,,,,,,,,,,,,,,,,,,,,
J30_1.RCP,,156.51315789473688,0.6963248252868652,GA_roulette_ox1_insertion_random_repair_elitism_swap,38,activity_list,1000,0,50.0,0.9,0.1,60.0,roulette,ox1,insertion,random,3.0,True,True,swap,5.0,,,,,,,,,,,,,,,,,,,,,,,,,,,,,,,,,,,,,,,,,,,
J30_1.RCP,,156.51315789473688,0.7019572257995605,GA_roulette_ox1_insertion_random_repair_noElitism_none,38,activity_list,1000,0,50.0,0.9,0.1,60.0,roulette,ox1,insertion,random,3.0,True,False,none,5.0,,,,,,,,,,,,,,,,,,,,,,,,,,,,,,,,,,,,,,,,,,,
J30_1.RCP,,156.51315789473688,0.6948220729827881,GA_roulette_ox1_insertion_random_repair_noElitism_swap,38,activity_list,1000,0,50.0,0.9,0.1,60.0,roulette,ox1,insertion,random,3.0,True,False,swap,5.0,,,,,,,,,,,,,,,,,,,,,,,,,,,,,,,,,,,,,,,,,,,
J30_1.RCP,,156.51315789473688,0.41584110260009766,GA_roulette_ox1_insertion_random_noRepair_elitism_none,38,activity_list,1000,0,50.0,0.9,0.1,60.0,roulette,ox1,insertion,random,3.0,False,True,none,5.0,,,,,,,,,,,,,,,,,,,,,,,,,,,,,,,,,,,,,,,,,,,
J30_1.RCP,,156.51315789473688,0.3987159729003906,GA_roulette_ox1_insertion_random_noRepair_elitism_swap,38,activity_list,1000,0,50.0,0.9,0.1,60.0,roulette,ox1,insertion,random,3.0,False,True,swap,5.0,,,,,,,,,,,,,,,,,,,,,,,,,,,,,,,,,,,,,,,,,,,
J30_1.RCP,,156.51315789473688,0.3941328525543213,GA_roulette_ox1_insertion_random_noRepair_noElitism_none,38,activity_list,1000,0,50.0,0.9,0.1,60.0,roulette,ox1,insertion,random,3.0,False,False,none,5.0,,,,,,,,,,,,,,,,,,,,,,,,,,,,,,,,,,,,,,,,,,,
J30_1.RCP,,156.51315789473688,0.40418004989624023,GA_roulette_ox1_insertion_random_noRepair_noElitism_swap,38,activity_list,1000,0,50.0,0.9,0.1,60.0,roulette,ox1,insertion,random,3.0,False,False,swap,5.0,,,,,,,,,,,,,,,,,,,,,,,,,,,,,,,,,,,,,,,,,,,
J30_1.RCP,,156.51315789473688,0.67671799659729,GA_roulette_ox1_insertion_forward_repair_elitism_none,38,activity_list,1000,0,50.0,0.9,0.1,60.0,roulette,ox1,insertion,forward,3.0,True,True,none,5.0,,,,,,,,,,,,,,,,,,,,,,,,,,,,,,,,,,,,,,,,,,,
J30_1.RCP,,156.51315789473688,0.6710898876190186,GA_roulette_ox1_insertion_forward_repair_elitism_swap,38,activity_list,1000,0,50.0,0.9,0.1,60.0,roulette,ox1,insertion,forward,3.0,True,True,swap,5.0,,,,,,,,,,,,,,,,,,,,,,,,,,,,,,,,,,,,,,,,,,,
J30_1.RCP,,156.51315789473688,0.6779599189758301,GA_roulette_ox1_insertion_forward_repair_noElitism_none,38,activity_list,1000,0,50.0,0.9,0.1,60.0,roulette,ox1,insertion,forward,3.0,True,False,none,5.0,,,,,,,,,,,,,,,,,,,,,,,,,,,,,,,,,,,,,,,,,,,
J30_1.RCP,,156.51315789473688,0.671309232711792,GA_roulette_ox1_insertion_forward_repair_noElitism_swap,38,activity_list,1000,0,50.0,0.9,0.1,60.0,roulette,ox1,insertion,forward,3.0,True,False,swap,5.0,,,,,,,,,,,,,,,,,,,,,,,,,,,,,,,,,,,,,,,,,,,
J30_1.RCP,,156.51315789473688,0.40381884574890137,GA_roulette_ox1_insertion_forward_noRepair_elitism_none,38,activity_list,1000,0,50.0,0.9,0.1,60.0,roulette,ox1,insertion,forward,3.0,False,True,none,5.0,,,,,,,,,,,,,,,,,,,,,,,,,,,,,,,,,,,,,,,,,,,
J30_1.RCP,,156.51315789473688,0.3992588520050049,GA_roulette_ox1_insertion_forward_noRepair_elitism_swap,38,activity_list,1000,0,50.0,0.9,0.1,60.0,roulette,ox1,insertion,forward,3.0,False,True,swap,5.0,,,,,,,,,,,,,,,,,,,,,,,,,,,,,,,,,,,,,,,,,,,
J30_1.RCP,,156.51315789473688,0.3978688716888428,GA_roulette_ox1_insertion_forward_noRepair_noElitism_none,38,activity_list,1000,0,50.0,0.9,0.1,60.0,roulette,ox1,insertion,forward,3.0,False,False,none,5.0,,,,,,,,,,,,,,,,,,,,,,,,,,,,,,,,,,,,,,,,,,,
J30_1.RCP,,156.51315789473688,0.40128016471862793,GA_roulette_ox1_insertion_forward_noRepair_noElitism_swap,38,activity_list,1000,0,50.0,0.9,0.1,60.0,roulette,ox1,insertion,forward,3.0,False,False,swap,5.0,,,,,,,,,,,,,,,,,,,,,,,,,,,,,,,,,,,,,,,,,,,
J30_1.RCP,,156.51315789473688,0.6698241233825684,GA_roulette_ox1_inversion_random_repair_elitism_none,38,activity_list,1000,0,50.0,0.9,0.1,60.0,roulette,ox1,inversion,random,3.0,True,True,none,5.0,,,,,,,,,,,,,,,,,,,,,,,,,,,,,,,,,,,,,,,,,,,
J30_1.RCP,,156.51315789473688,0.6658859252929688,GA_roulette_ox1_inversion_random_repair_elitism_swap,38,activity_list,1000,0,50.0,0.9,0.1,60.0,roulette,ox1,inversion,random,3.0,True,True,swap,5.0,,,,,,,,,,,,,,,,,,,,,,,,,,,,,,,,,,,,,,,,,,,
J30_1.RCP,,156.51315789473688,0.6748168468475342,GA_roulette_ox1_inversion_random_repair_noElitism_none,38,activity_list,1000,0,50.0,0.9,0.1,60.0,roulette,ox1,inversion,random,3.0,True,False,none,5.0,,,,,,,,,,,,,,,,,,,,,,,,,,,,,,,,,,,,,,,,,,,
J30_1.RCP,,156.51315789473688,0.6652071475982666,GA_roulette_ox1_inversion_random_repair_noElitism_swap,38,activity_list,1000,0,50.0,0.9,0.1,60.0,roulette,ox1,inversion,random,3.0,True,False,swap,5.0,,,,,,,,,,,,,,,,,,,,,,,,,,,,,,,,,,,,,,,,,,,
J30_1.RCP,,156.51315789473688,0.39774417877197266,GA_roulette_ox1_inversion_random_noRepair_elitism_none,38,activity_list,1000,0,50.0,0.9,0.1,60.0,roulette,ox1,inversion,random,3.0,False,True,none,5.0,,,,,,,,,,,,,,,,,,,,,,,,,,,,,,,,,,,,,,,,,,,
J30_1.RCP,,156.51315789473688,0.3954141139984131,GA_roulette_ox1_inversion_random_noRepair_elitism_swap,38,activity_list,1000,0,50.0,0.9,0.1,60.0,roulette,ox1,inversion,random,3.0,False,True,swap,5.0,,,,,,,,,,,,,,,,,,,,,,,,,,,,,,,,,,,,,,,,,,,
J30_1.RCP,,156.51315789473688,0.3927919864654541,GA_roulette_ox1_inversion_random_noRepair_noElitism_none,38,activity_list,1000,0,50.0,0.9,0.1,60.0,roulette,ox1,inversion,random,3.0,False,False,none,5.0,,,,,,,,,,,,,,,,,,,,,,,,,,,,,,,,,,,,,,,,,,,
J30_1.RCP,,156.51315789473688,0.3967900276184082,GA_roulette_ox1_inversion_random_noRepair_noElitism_swap,38,activity_list,1000,0,50.0,0.9,0.1,60.0,roulette,ox1,inversion,random,3.0,False,False,swap,5.0,,,,,,,,,,,,,,,,,,,,,,,,,,,,,,,,,,,,,,,,,,,
J30_1.RCP,,156.51315789473688,0.6750848293304443,GA_roulette_ox1_inversion_forward_repair_elitism_none,38,activity_list,1000,0,50.0,0.9,0.1,60.0,roulette,ox1,inversion,forward,3.0,True,True,none,5.0,,,,,,,,,,,,,,,,,,,,,,,,,,,,,,,,,,,,,,,,,,,
J30_1.RCP,,156.51315789473688,0.6801087856292725,GA_roulette_ox1_inversion_forward_repair_elitism_swap,38,activity_list,1000,0,50.0,0.9,0.1,60.0,roulette,ox1,inversion,forward,3.0,True,True,swap,5.0,,,,,,,,,,,,,,,,,,,,,,,,,,,,,,,,,,,,,,,,,,,
J30_1.RCP,,156.51315789473688,0.702549934387207,GA_roulette_ox1_inversion_forward_repair_noElitism_none,38,activity_list,1000,0,50.0,0.9,0.1,60.0,roulette,ox1,inversion,forward,3.0,True,False,none,5.0,,,,,,,,,,,,,,,,,,,,,,,,,,,,,,,,,,,,,,,,,,,
J30_1.RCP,,156.51315789473688,0.6914379596710205,GA_roulette_ox1_inversion_forward_repair_noElitism_swap,38,activity_list,1000,0,50.0,0.9,0.1,60.0,roulette,ox1,inversion,forward,3.0,True,False,swap,5.0,,,,,,,,,,,,,,,,,,,,,,,,,,,,,,,,,,,,,,,,,,,
J30_1.RCP,,156.51315789473688,0.4216609001159668,GA_roulette_ox1_inversion_forward_noRepair_elitism_none,38,activity_list,1000,0,50.0,0.9,0.1,60.0,roulette,ox1,inversion,forward,3.0,False,True,none,5.0,,,,,,,,,,,,,,,,,,,,,,,,,,,,,,,,,,,,,,,,,,,
J30_1.RCP,,156.51315789473688,0.41257381439208984,GA_roulette_ox1_inversion_forward_noRepair_elitism_swap,38,activity_list,1000,0,50.0,0.9,0.1,60.0,roulette,ox1,inversion,forward,3.0,False,True,swap,5.0,,,,,,,,,,,,,,,,,,,,,,,,,,,,,,,,,,,,,,,,,,,
J30_1.RCP,,156.51315789473688,0.4123537540435791,GA_roulette_ox1_inversion_forward_noRepair_noElitism_none,38,activity_list,1000,0,50.0,0.9,0.1,60.0,roulette,ox1,inversion,forward,3.0,False,False,none,5.0,,,,,,,,,,,,,,,,,,,,,,,,,,,,,,,,,,,,,,,,,,,
J30_1.RCP,,156.51315789473688,0.41136884689331055,GA_roulette_ox1_inversion_forward_noRepair_noElitism_swap,38,activity_list,1000,0,50.0,0.9,0.1,60.0,roulette,ox1,inversion,forward,3.0,False,False,swap,5.0,,,,,,,,,,,,,,,,,,,,,,,,,,,,,,,,,,,,,,,,,,,
J30_1.RCP,,156.51315789473688,0.6980478763580322,GA_roulette_ox1_scramble_random_repair_elitism_none,38,activity_list,1000,0,50.0,0.9,0.1,60.0,roulette,ox1,scramble,random,3.0,True,True,none,5.0,,,,,,,,,,,,,,,,,,,,,,,,,,,,,,,,,,,,,,,,,,,
J30_1.RCP,,156.51315789473688,0.6917788982391357,GA_roulette_ox1_scramble_random_repair_elitism_swap,38,activity_list,1000,0,50.0,0.9,0.1,60.0,roulette,ox1,scramble,random,3.0,True,True,swap,5.0,,,,,,,,,,,,,,,,,,,,,,,,,,,,,,,,,,,,,,,,,,,
J30_1.RCP,,156.51315789473688,0.6991510391235352,GA_roulette_ox1_scramble_random_repair_noElitism_none,38,activity_list,1000,0,50.0,0.9,0.1,60.0,roulette,ox1,scramble,random,3.0,True,False,none,5.0,,,,,,,,,,,,,,,,,,,,,,,,,,,,,,,,,,,,,,,,,,,
J30_1.RCP,,156.51315789473688,0.6950259208679199,GA_roulette_ox1_scramble_random_repair_noElitism_swap,38,activity_list,1000,0,50.0,0.9,0.1,60.0,roulette,ox1,scramble,random,3.0,True,False,swap,5.0,,,,,,,,,,,,,,,,,,,,,,,,,,,,,,,,,,,,,,,,,,,
J30_1.RCP,,156.51315789473688,0.4107630252838135,GA_roulette_ox1_scramble_random_noRepair_elitism_none,38,activity_list,1000,0,50.0,0.9,0.1,60.0,roulette,ox1,scramble,random,3.0,False,True,none,5.0,,,,,,,,,,,,,,,,,,,,,,,,,,,,,,,,,,,,,,,,,,,
J30_1.RCP,,156.51315789473688,0.41577601432800293,GA_roulette_ox1_scramble_random_noRepair_elitism_swap,38,activity_list,1000,0,50.0,0.9,0.1,60.0,roulette,ox1,scramble,random,3.0,False,True,swap,5.0,,,,,,,,,,,,,,,,,,,,,,,,,,,,,,,,,,,,,,,,,,,
J30_1.RCP,,156.51315789473688,0.4157130718231201,GA_roulette_ox1_scramble_random_noRepair_noElitism_none,38,activity_list,1000,0,50.0,0.9,0.1,60.0,roulette,ox1,scramble,random,3.0,False,False,none,5.0,,,,,,,,,,,,,,,,,,,,,,,,,,,,,,,,,,,,,,,,,,,
J30_1.RCP,,156.51315789473688,0.41686487197875977,GA_roulette_ox1_scramble_random_noRepair_noElitism_swap,38,activity_list,1000,0,50.0,0.9,0.1,60.0,roulette,ox1,scramble,random,3.0,False,False,swap,5.0,,,,,,,,,,,,,,,,,,,,,,,,,,,,,,,,,,,,,,,,,,,
J30_1.RCP,,156.51315789473688,0.7036583423614502,GA_roulette_ox1_scramble_forward_repair_elitism_none,38,activity_list,1000,0,50.0,0.9,0.1,60.0,roulette,ox1,scramble,forward,3.0,True,True,none,5.0,,,,,,,,,,,,,,,,,,,,,,,,,,,,,,,,,,,,,,,,,,,
J30_1.RCP,,156.51315789473688,0.7082247734069824,GA_roulette_ox1_scramble_forward_repair_elitism_swap,38,activity_list,1000,0,50.0,0.9,0.1,60.0,roulette,ox1,scramble,forward,3.0,True,True,swap,5.0,,,,,,,,,,,,,,,,,,,,,,,,,,,,,,,,,,,,,,,,,,,
J30_1.RCP,,156.51315789473688,0.6734669208526611,GA_roulette_ox1_scramble_forward_repair_noElitism_none,38,activity_list,1000,0,50.0,0.9,0.1,60.0,roulette,ox1,scramble,forward,3.0,True,False,none,5.0,,,,,,,,,,,,,,,,,,,,,,,,,,,,,,,,,,,,,,,,,,,
J30_1.RCP,,156.51315789473688,0.675015926361084,GA_roulette_ox1_scramble_forward_repair_noElitism_swap,38,activity_list,1000,0,50.0,0.9,0.1,60.0,roulette,ox1,scramble,forward,3.0,True,False,swap,5.0,,,,,,,,,,,,,,,,,,,,,,,,,,,,,,,,,,,,,,,,,,,
J30_1.RCP,,156.51315789473688,0.40007877349853516,GA_roulette_ox1_scramble_forward_noRepair_elitism_none,38,activity_list,1000,0,50.0,0.9,0.1,60.0,roulette,ox1,scramble,forward,3.0,False,True,none,5.0,,,,,,,,,,,,,,,,,,,,,,,,,,,,,,,,,,,,,,,,,,,
J30_1.RCP,,156.51315789473688,0.40435361862182617,GA_roulette_ox1_scramble_forward_noRepair_elitism_swap,38,activity_list,1000,0,50.0,0.9,0.1,60.0,roulette,ox1,scramble,forward,3.0,False,True,swap,5.0,,,,,,,,,,,,,,,,,,,,,,,,,,,,,,,,,,,,,,,,,,,
J30_1.RCP,,156.51315789473688,0.4012260437011719,GA_roulette_ox1_scramble_forward_noRepair_noElitism_none,38,activity_list,1000,0,50.0,0.9,0.1,60.0,roulette,ox1,scramble,forward,3.0,False,False,none,5.0,,,,,,,,,,,,,,,,,,,,,,,,,,,,,,,,,,,,,,,,,,,
J30_1.RCP,,156.51315789473688,0.4036538600921631,GA_roulette_ox1_scramble_forward_noRepair_noElitism_swap,38,activity_list,1000,0,50.0,0.9,0.1,60.0,roulette,ox1,scramble,forward,3.0,False,False,swap,5.0,,,,,,,,,,,,,,,,,,,,,,,,,,,,,,,,,,,,,,,,,,,
J30_1.RCP,,156.51315789473688,0.6232271194458008,GA_roulette_pmx_swap_random_repair_elitism_none,38,activity_list,1000,0,50.0,0.9,0.1,60.0,roulette,pmx,swap,random,3.0,True,True,none,5.0,,,,,,,,,,,,,,,,,,,,,,,,,,,,,,,,,,,,,,,,,,,
J30_1.RCP,,156.51315789473688,0.625709056854248,GA_roulette_pmx_swap_random_repair_elitism_swap,38,activity_list,1000,0,50.0,0.9,0.1,60.0,roulette,pmx,swap,random,3.0,True,True,swap,5.0,,,,,,,,,,,,,,,,,,,,,,,,,,,,,,,,,,,,,,,,,,,
J30_1.RCP,,156.51315789473688,0.6255919933319092,GA_roulette_pmx_swap_random_repair_noElitism_none,38,activity_list,1000,0,50.0,0.9,0.1,60.0,roulette,pmx,swap,random,3.0,True,False,none,5.0,,,,,,,,,,,,,,,,,,,,,,,,,,,,,,,,,,,,,,,,,,,
J30_1.RCP,,156.51315789473688,0.6293838024139404,GA_roulette_pmx_swap_random_repair_noElitism_swap,38,activity_list,1000,0,50.0,0.9,0.1,60.0,roulette,pmx,swap,random,3.0,True,False,swap,5.0,,,,,,,,,,,,,,,,,,,,,,,,,,,,,,,,,,,,,,,,,,,
J30_1.RCP,,156.51315789473688,0.36856698989868164,GA_roulette_pmx_swap_random_noRepair_elitism_none,38,activity_list,1000,0,50.0,0.9,0.1,60.0,roulette,pmx,swap,random,3.0,False,True,none,5.0,,,,,,,,,,,,,,,,,,,,,,,,,,,,,,,,,,,,,,,,,,,
J30_1.RCP,,156.51315789473688,0.3730618953704834,GA_roulette_pmx_swap_random_noRepair_elitism_swap,38,activity_list,1000,0,50.0,0.9,0.1,60.0,roulette,pmx,swap,random,3.0,False,True,swap,5.0,,,,,,,,,,,,,,,,,,,,,,,,,,,,,,,,,,,,,,,,,,,
J30_1.RCP,,156.51315789473688,0.36759233474731445,GA_roulette_pmx_swap_random_noRepair_noElitism_none,38,activity_list,1000,0,50.0,0.9,0.1,60.0,roulette,pmx,swap,random,3.0,False,False,none,5.0,,,,,,,,,,,,,,,,,,,,,,,,,,,,,,,,,,,,,,,,,,,
J30_1.RCP,,156.51315789473688,0.3702669143676758,GA_roulette_pmx_swap_random_noRepair_noElitism_swap,38,activity_list,1000,0,50.0,0.9,0.1,60.0,roulette,pmx,swap,random,3.0,False,False,swap,5.0,,,,,,,,,,,,,,,,,,,,,,,,,,,,,,,,,,,,,,,,,,,
J30_1.RCP,,156.51315789473688,0.6513290405273438,GA_roulette_pmx_swap_forward_repair_elitism_none,38,activity_list,1000,0,50.0,0.9,0.1,60.0,roulette,pmx,swap,forward,3.0,True,True,none,5.0,,,,,,,,,,,,,,,,,,,,,,,,,,,,,,,,,,,,,,,,,,,
J30_1.RCP,,156.51315789473688,0.6422238349914551,GA_roulette_pmx_swap_forward_repair_elitism_swap,38,activity_list,1000,0,50.0,0.9,0.1,60.0,roulette,pmx,swap,forward,3.0,True,True,swap,5.0,,,,,,,,,,,,,,,,,,,,,,,,,,,,,,,,,,,,,,,,,,,
J30_1.RCP,,156.51315789473688,0.636660099029541,GA_roulette_pmx_swap_forward_repair_noElitism_none,38,activity_list,1000,0,50.0,0.9,0.1,60.0,roulette,pmx,swap,forward,3.0,True,False,none,5.0,,,,,,,,,,,,,,,,,,,,,,,,,,,,,,,,,,,,,,,,,,,
J30_1.RCP,,156.51315789473688,0.6342508792877197,GA_roulette_pmx_swap_forward_repair_noElitism_swap,38,activity_list,1000,0,50.0,0.9,0.1,60.0,roulette,pmx,swap,forward,3.0,True,False,swap,5.0,,,,,,,,,,,,,,,,,,,,,,,,,,,,,,,,,,,,,,,,,,,
J30_1.RCP,,156.51315789473688,0.36437416076660156,GA_roulette_pmx_swap_forward_noRepair_elitism_none,38,activity_list,1000,0,50.0,0.9,0.1,60.0,roulette,pmx,swap,forward,3.0,False,True,none,5.0,,,,,,,,,,,,,,,,,,,,,,,,,,,,,,,,,,,,,,,,,,,
J30_1.RCP,,156.51315789473688,0.3687429428100586,GA_roulette_pmx_swap_forward_noRepair_elitism_swap,38,activity_list,1000,0,50.0,0.9,0.1,60.0,roulette,pmx,swap,forward,3.0,False,True,swap,5.0,,,,,,,,,,,,,,,,,,,,,,,,,,,,,,,,,,,,,,,,,,,
J30_1.RCP,,156.51315789473688,0.36224794387817383,GA_roulette_pmx_swap_forward_noRepair_noElitism_none,38,activity_list,1000,0,50.0,0.9,0.1,60.0,roulette,pmx,swap,forward,3.0,False,False,none,5.0,,,,,,,,,,,,,,,,,,,,,,,,,,,,,,,,,,,,,,,,,,,
J30_1.RCP,,156.51315789473688,0.36686205863952637,GA_roulette_pmx_swap_forward_noRepair_noElitism_swap,38,activity_list,1000,0,50.0,0.9,0.1,60.0,roulette,pmx,swap,forward,3.0,False,False,swap,5.0,,,,,,,,,,,,,,,,,,,,,,,,,,,,,,,,,,,,,,,,,,,
J30_1.RCP,,156.51315789473688,0.6300370693206787,GA_roulette_pmx_insertion_random_repair_elitism_none,38,activity_list,1000,0,50.0,0.9,0.1,60.0,roulette,pmx,insertion,random,3.0,True,True,none,5.0,,,,,,,,,,,,,,,,,,,,,,,,,,,,,,,,,,,,,,,,,,,
J30_1.RCP,,156.51315789473688,0.629075288772583,GA_roulette_pmx_insertion_random_repair_elitism_swap,38,activity_list,1000,0,50.0,0.9,0.1,60.0,roulette,pmx,insertion,random,3.0,True,True,swap,5.0,,,,,,,,,,,,,,,,,,,,,,,,,,,,,,,,,,,,,,,,,,,
J30_1.RCP,,156.51315789473688,0.6290218830108643,GA_roulette_pmx_insertion_random_repair_noElitism_none,38,activity_list,1000,0,50.0,0.9,0.1,60.0,roulette,pmx,insertion,random,3.0,True,False,none,5.0,,,,,,,,,,,,,,,,,,,,,,,,,,,,,,,,,,,,,,,,,,,
J30_1.RCP,,156.51315789473688,0.631417989730835,GA_roulette_pmx_insertion_random_repair_noElitism_swap,38,activity_list,1000,0,50.0,0.9,0.1,60.0,roulette,pmx,insertion,random,3.0,True,False,swap,5.0,,,,,,,,,,,,,,,,,,,,,,,,,,,,,,,,,,,,,,,,,,,
J30_1.RCP,,156.51315789473688,0.37295985221862793,GA_roulette_pmx_insertion_random_noRepair_elitism_none,38,activity_list,1000,0,50.0,0.9,0.1,60.0,roulette,pmx,insertion,random,3.0,False,True,none,5.0,,,,,,,,,,,,,,,,,,,,,,,,,,,,,,,,,,,,,,,,,,,
J30_1.RCP,,156.51315789473688,0.3727138042449951,GA_roulette_pmx_insertion_random_noRepair_elitism_swap,38,activity_list,1000,0,50.0,0.9,0.1,60.0,roulette,pmx,insertion,random,3.0,False,True,swap,5.0,,,,,,,,,,,,,,,,,,,,,,,,,,,,,,,,,,,,,,,,,,,
J30_1.RCP,,156.51315789473688,0.3696022033691406,GA_roulette_pmx_insertion_random_noRepair_noElitism_none,38,activity_list,1000,0,50.0,0.9,0.1,60.0,roulette,pmx,insertion,random,3.0,False,False,none,5.0,,,,,,,,,,,,,,,,,,,,,,,,,,,,,,,,,,,,,,,,,,,
J30_1.RCP,,156.51315789473688,0.3703022003173828,GA_roulette_pmx_insertion_random_noRepair_noElitism_swap,38,activity_list,1000,0,50.0,0.9,0.1,60.0,roulette,pmx,insertion,random,3.0,False,False,swap,5.0,,,,,,,,,,,,,,,,,,,,,,,,,,,,,,,,,,,,,,,,,,,
J30_1.RCP,,156.51315789473688,0.6377658843994141,GA_roulette_pmx_insertion_forward_repair_elitism_none,38,activity_list,1000,0,50.0,0.9,0.1,60.0,roulette,pmx,insertion,forward,3.0,True,True,none,5.0,,,,,,,,,,,,,,,,,,,,,,,,,,,,,,,,,,,,,,,,,,,
J30_1.RCP,,156.51315789473688,0.6368379592895508,GA_roulette_pmx_insertion_forward_repair_elitism_swap,38,activity_list,1000,0,50.0,0.9,0.1,60.0,roulette,pmx,insertion,forward,3.0,True,True,swap,5.0,,,,,,,,,,,,,,,,,,,,,,,,,,,,,,,,,,,,,,,,,,,
J30_1.RCP,,156.51315789473688,0.6412720680236816,GA_roulette_pmx_insertion_forward_repair_noElitism_none,38,activity_list,1000,0,50.0,0.9,0.1,60.0,roulette,pmx,insertion,forward,3.0,True,False,none,5.0,,,,,,,,,,,,,,,,,,,,,,,,,,,,,,,,,,,,,,,,,,,
J30_1.RCP,,156.51315789473688,0.642132043838501,GA_roulette_pmx_insertion_forward_repair_noElitism_swap,38,activity_list,1000,0,50.0,0.9,0.1,60.0,roulette,pmx,insertion,forward,3.0,True,False,swap,5.0,,,,,,,,,,,,,,,,,,,,,,,,,,,,,,,,,,,,,,,,,,,
J30_1.RCP,,156.51315789473688,0.3656198978424072,GA_roulette_pmx_insertion_forward_noRepair_elitism_none,38,activity_list,1000,0,50.0,0.9,0.1,60.0,roulette,pmx,insertion,forward,3.0,False,True,none,5.0,,,,,,,,,,,,,,,,,,,,,,,,,,,,,,,,,,,,,,,,,,,
J30_1.RCP,,156.51315789473688,0.36752796173095703,GA_roulette_pmx_insertion_forward_noRepair_elitism_swap,38,activity_list,1000,0,50.0,0.9,0.1,60.0,roulette,pmx,insertion,forward,3.0,False,True,swap,5.0,,,,,,,,,,,,,,,,,,,,,,,,,,,,,,,,,,,,,,,,,,,
J30_1.RCP,,156.51315789473688,0.36594510078430176,GA_roulette_pmx_insertion_forward_noRepair_noElitism_none,38,activity_list,1000,0,50.0,0.9,0.1,60.0,roulette,pmx,insertion,forward,3.0,False,False,none,5.0,,,,,,,,,,,,,,,,,,,,,,,,,,,,,,,,,,,,,,,,,,,
J30_1.RCP,,156.51315789473688,0.36949610710144043,GA_roulette_pmx_insertion_forward_noRepair_noElitism_swap,38,activity_list,1000,0,50.0,0.9,0.1,60.0,roulette,pmx,insertion,forward,3.0,False,False,swap,5.0,,,,,,,,,,,,,,,,,,,,,,,,,,,,,,,,,,,,,,,,,,,
J30_1.RCP,,156.51315789473688,0.6239817142486572,GA_roulette_pmx_inversion_random_repair_elitism_none,38,activity_list,1000,0,50.0,0.9,0.1,60.0,roulette,pmx,inversion,random,3.0,True,True,none,5.0,,,,,,,,,,,,,,,,,,,,,,,,,,,,,,,,,,,,,,,,,,,
J30_1.RCP,,156.51315789473688,0.6244323253631592,GA_roulette_pmx_inversion_random_repair_elitism_swap,38,activity_list,1000,0,50.0,0.9,0.1,60.0,roulette,pmx,inversion,random,3.0,True,True,swap,5.0,,,,,,,,,,,,,,,,,,,,,,,,,,,,,,,,,,,,,,,,,,,
J30_1.RCP,,156.51315789473688,0.6303150653839111,GA_roulette_pmx_inversion_random_repair_noElitism_none,38,activity_list,1000,0,50.0,0.9,0.1,60.0,roulette,pmx,inversion,random,3.0,True,False,none,5.0,,,,,,,,,,,,,,,,,,,,,,,,,,,,,,,,,,,,,,,,,,,
J30_1.RCP,,156.51315789473688,0.6446168422698975,GA_roulette_pmx_inversion_random_repair_noElitism_swap,38,activity_list,1000,0,50.0,0.9,0.1,60.0,roulette,pmx,inversion,random,3.0,True,False,swap,5.0,,,,,,,,,,,,,,,,,,,,,,,,,,,,,,,,,,,,,,,,,,,
J30_1.RCP,,156.51315789473688,0.38132405281066895,GA_roulette_pmx_inversion_random_noRepair_elitism_none,38,activity_list,1000,0,50.0,0.9,0.1,60.0,roulette,pmx,inversion,random,3.0,False,True,none,5.0,,,,,,,,,,,,,,,,,,,,,,,,,,,,,,,,,,,,,,,,,,,
J30_1.RCP,,156.51315789473688,0.38475632667541504,GA_roulette_pmx_inversion_random_noRepair_elitism_swap,38,activity_list,1000,0,50.0,0.9,0.1,60.0,roulette,pmx,inversion,random,3.0,False,True,swap,5.0,,,,,,,,,,,,,,,,,,,,,,,,,,,,,,,,,,,,,,,,,,,
J30_1.RCP,,156.51315789473688,0.3814127445220947,GA_roulette_pmx_inversion_random_noRepair_noElitism_none,38,activity_list,1000,0,50.0,0.9,0.1,60.0,roulette,pmx,inversion,random,3.0,False,False,none,5.0,,,,,,,,,,,,,,,,,,,,,,,,,,,,,,,,,,,,,,,,,,,
J30_1.RCP,,156.51315789473688,0.387955904006958,GA_roulette_pmx_inversion_random_noRepair_noElitism_swap,38,activity_list,1000,0,50.0,0.9,0.1,60.0,roulette,pmx,inversion,random,3.0,False,False,swap,5.0,,,,,,,,,,,,,,,,,,,,,,,,,,,,,,,,,,,,,,,,,,,
J30_1.RCP,,156.51315789473688,0.6561169624328613,GA_roulette_pmx_inversion_forward_repair_elitism_none,38,activity_list,1000,0,50.0,0.9,0.1,60.0,roulette,pmx,inversion,forward,3.0,True,True,none,5.0,,,,,,,,,,,,,,,,,,,,,,,,,,,,,,,,,,,,,,,,,,,
J30_1.RCP,,156.51315789473688,0.6557812690734863,GA_roulette_pmx_inversion_forward_repair_elitism_swap,38,activity_list,1000,0,50.0,0.9,0.1,60.0,roulette,pmx,inversion,forward,3.0,True,True,swap,5.0,,,,,,,,,,,,,,,,,,,,,,,,,,,,,,,,,,,,,,,,,,,
J30_1.RCP,,156.51315789473688,0.6542778015136719,GA_roulette_pmx_inversion_forward_repair_noElitism_none,38,activity_list,1000,0,50.0,0.9,0.1,60.0,roulette,pmx,inversion,forward,3.0,True,False,none,5.0,,,,,,,,,,,,,,,,,,,,,,,,,,,,,,,,,,,,,,,,,,,
J30_1.RCP,,156.51315789473688,0.6512022018432617,GA_roulette_pmx_inversion_forward_repair_noElitism_swap,38,activity_list,1000,0,50.0,0.9,0.1,60.0,roulette,pmx,inversion,forward,3.0,True,False,swap,5.0,,,,,,,,,,,,,,,,,,,,,,,,,,,,,,,,,,,,,,,,,,,
J30_1.RCP,,156.51315789473688,0.38057684898376465,GA_roulette_pmx_inversion_forward_noRepair_elitism_none,38,activity_list,1000,0,50.0,0.9,0.1,60.0,roulette,pmx,inversion,forward,3.0,False,True,none,5.0,,,,,,,,,,,,,,,,,,,,,,,,,,,,,,,,,,,,,,,,,,,
J30_1.RCP,,156.51315789473688,0.37895703315734863,GA_roulette_pmx_inversion_forward_noRepair_elitism_swap,38,activity_list,1000,0,50.0,0.9,0.1,60.0,roulette,pmx,inversion,forward,3.0,False,True,swap,5.0,,,,,,,,,,,,,,,,,,,,,,,,,,,,,,,,,,,,,,,,,,,
J30_1.RCP,,156.51315789473688,0.38201117515563965,GA_roulette_pmx_inversion_forward_noRepair_noElitism_none,38,activity_list,1000,0,50.0,0.9,0.1,60.0,roulette,pmx,inversion,forward,3.0,False,False,none,5.0,,,,,,,,,,,,,,,,,,,,,,,,,,,,,,,,,,,,,,,,,,,
J30_1.RCP,,156.51315789473688,0.3856668472290039,GA_roulette_pmx_inversion_forward_noRepair_noElitism_swap,38,activity_list,1000,0,50.0,0.9,0.1,60.0,roulette,pmx,inversion,forward,3.0,False,False,swap,5.0,,,,,,,,,,,,,,,,,,,,,,,,,,,,,,,,,,,,,,,,,,,
J30_1.RCP,,156.51315789473688,0.6552200317382812,GA_roulette_pmx_scramble_random_repair_elitism_none,38,activity_list,1000,0,50.0,0.9,0.1,60.0,roulette,pmx,scramble,random,3.0,True,True,none,5.0,,,,,,,,,,,,,,,,,,,,,,,,,,,,,,,,,,,,,,,,,,,
J30_1.RCP,,156.51315789473688,0.6484200954437256,GA_roulette_pmx_scramble_random_repair_elitism_swap,38,activity_list,1000,0,50.0,0.9,0.1,60.0,roulette,pmx,scramble,random,3.0,True,True,swap,5.0,,,,,,,,,,,,,,,,,,,,,,,,,,,,,,,,,,,,,,,,,,,
J30_1.RCP,,156.51315789473688,0.6516568660736084,GA_roulette_pmx_scramble_random_repair_noElitism_none,38,activity_list,1000,0,50.0,0.9,0.1,60.0,roulette,pmx,scramble,random,3.0,True,False,none,5.0,,,,,,,,,,,,,,,,,,,,,,,,,,,,,,,,,,,,,,,,,,,
J30_1.RCP,,156.51315789473688,0.6278159618377686,GA_roulette_pmx_scramble_random_repair_noElitism_swap,38,activity_list,1000,0,50.0,0.9,0.1,60.0,roulette,pmx,scramble,random,3.0,True,False,swap,5.0,,,,,,,,,,,,,,,,,,,,,,,,,,,,,,,,,,,,,,,,,,,
J30_1.RCP,,156.51315789473688,0.3704559803009033,GA_roulette_pmx_scramble_random_noRepair_elitism_none,38,activity_list,1000,0,50.0,0.9,0.1,60.0,roulette,pmx,scramble,random,3.0,False,True,none,5.0,,,,,,,,,,,,,,,,,,,,,,,,,,,,,,,,,,,,,,,,,,,
J30_1.RCP,,156.51315789473688,0.3713059425354004,GA_roulette_pmx_scramble_random_noRepair_elitism_swap,38,activity_list,1000,0,50.0,0.9,0.1,60.0,roulette,pmx,scramble,random,3.0,False,True,swap,5.0,,,,,,,,,,,,,,,,,,,,,,,,,,,,,,,,,,,,,,,,,,,
J30_1.RCP,,156.51315789473688,0.37218403816223145,GA_roulette_pmx_scramble_random_noRepair_noElitism_none,38,activity_list,1000,0,50.0,0.9,0.1,60.0,roulette,pmx,scramble,random,3.0,False,False,none,5.0,,,,,,,,,,,,,,,,,,,,,,,,,,,,,,,,,,,,,,,,,,,
J30_1.RCP,,156.51315789473688,0.374011754989624,GA_roulette_pmx_scramble_random_noRepair_noElitism_swap,38,activity_list,1000,0,50.0,0.9,0.1,60.0,roulette,pmx,scramble,random,3.0,False,False,swap,5.0,,,,,,,,,,,,,,,,,,,,,,,,,,,,,,,,,,,,,,,,,,,
J30_1.RCP,,156.51315789473688,0.6383140087127686,GA_roulette_pmx_scramble_forward_repair_elitism_none,38,activity_list,1000,0,50.0,0.9,0.1,60.0,roulette,pmx,scramble,forward,3.0,True,True,none,5.0,,,,,,,,,,,,,,,,,,,,,,,,,,,,,,,,,,,,,,,,,,,
J30_1.RCP,,156.51315789473688,0.6327207088470459,GA_roulette_pmx_scramble_forward_repair_elitism_swap,38,activity_list,1000,0,50.0,0.9,0.1,60.0,roulette,pmx,scramble,forward,3.0,True,True,swap,5.0,,,,,,,,,,,,,,,,,,,,,,,,,,,,,,,,,,,,,,,,,,,
J30_1.RCP,,156.51315789473688,0.6397137641906738,GA_roulette_pmx_scramble_forward_repair_noElitism_none,38,activity_list,1000,0,50.0,0.9,0.1,60.0,roulette,pmx,scramble,forward,3.0,True,False,none,5.0,,,,,,,,,,,,,,,,,,,,,,,,,,,,,,,,,,,,,,,,,,,
J30_1.RCP,,156.51315789473688,0.630699872970581,GA_roulette_pmx_scramble_forward_repair_noElitism_swap,38,activity_list,1000,0,50.0,0.9,0.1,60.0,roulette,pmx,scramble,forward,3.0,True,False,swap,5.0,,,,,,,,,,,,,,,,,,,,,,,,,,,,,,,,,,,,,,,,,,,
J30_1.RCP,,156.51315789473688,0.36467981338500977,GA_roulette_pmx_scramble_forward_noRepair_elitism_none,38,activity_list,1000,0,50.0,0.9,0.1,60.0,roulette,pmx,scramble,forward,3.0,False,True,none,5.0,,,,,,,,,,,,,,,,,,,,,,,,,,,,,,,,,,,,,,,,,,,
J30_1.RCP,,156.51315789473688,0.37093091011047363,GA_roulette_pmx_scramble_forward_noRepair_elitism_swap,38,activity_list,1000,0,50.0,0.9,0.1,60.0,roulette,pmx,scramble,forward,3.0,False,True,swap,5.0,,,,,,,,,,,,,,,,,,,,,,,,,,,,,,,,,,,,,,,,,,,
J30_1.RCP,,156.51315789473688,0.3679842948913574,GA_roulette_pmx_scramble_forward_noRepair_noElitism_none,38,activity_list,1000,0,50.0,0.9,0.1,60.0,roulette,pmx,scramble,forward,3.0,False,False,none,5.0,,,,,,,,,,,,,,,,,,,,,,,,,,,,,,,,,,,,,,,,,,,
J30_1.RCP,,156.51315789473688,0.3753538131713867,GA_roulette_pmx_scramble_forward_noRepair_noElitism_swap,38,activity_list,1000,0,50.0,0.9,0.1,60.0,roulette,pmx,scramble,forward,3.0,False,False,swap,5.0,,,,,,,,,,,,,,,,,,,,,,,,,,,,,,,,,,,,,,,,,,,
J30_1.RCP,,156.51315789473688,0.638916015625,GA_roulette_order_swap_random_repair_elitism_none,38,activity_list,1000,0,50.0,0.9,0.1,60.0,roulette,order,swap,random,3.0,True,True,none,5.0,,,,,,,,,,,,,,,,,,,,,,,,,,,,,,,,,,,,,,,,,,,
J30_1.RCP,,156.51315789473688,0.6466939449310303,GA_roulette_order_swap_random_repair_elitism_swap,38,activity_list,1000,0,50.0,0.9,0.1,60.0,roulette,order,swap,random,3.0,True,True,swap,5.0,,,,,,,,,,,,,,,,,,,,,,,,,,,,,,,,,,,,,,,,,,,
J30_1.RCP,,156.51315789473688,0.6596291065216064,GA_roulette_order_swap_random_repair_noElitism_none,38,activity_list,1000,0,50.0,0.9,0.1,60.0,roulette,order,swap,random,3.0,True,False,none,5.0,,,,,,,,,,,,,,,,,,,,,,,,,,,,,,,,,,,,,,,,,,,
J30_1.RCP,,156.51315789473688,0.6447486877441406,GA_roulette_order_swap_random_repair_noElitism_swap,38,activity_list,1000,0,50.0,0.9,0.1,60.0,roulette,order,swap,random,3.0,True,False,swap,5.0,,,,,,,,,,,,,,,,,,,,,,,,,,,,,,,,,,,,,,,,,,,
J30_1.RCP,,156.51315789473688,0.35875892639160156,GA_roulette_order_swap_random_noRepair_elitism_none,38,activity_list,1000,0,50.0,0.9,0.1,60.0,roulette,order,swap,random,3.0,False,True,none,5.0,,,,,,,,,,,,,,,,,,,,,,,,,,,,,,,,,,,,,,,,,,,
J30_1.RCP,,156.51315789473688,0.3653111457824707,GA_roulette_order_swap_random_noRepair_elitism_swap,38,activity_list,1000,0,50.0,0.9,0.1,60.0,roulette,order,swap,random,3.0,False,True,swap,5.0,,,,,,,,,,,,,,,,,,,,,,,,,,,,,,,,,,,,,,,,,,,
J30_1.RCP,,156.51315789473688,0.35718202590942383,GA_roulette_order_swap_random_noRepair_noElitism_none,38,activity_list,1000,0,50.0,0.9,0.1,60.0,roulette,order,swap,random,3.0,False,False,none,5.0,,,,,,,,,,,,,,,,,,,,,,,,,,,,,,,,,,,,,,,,,,,
J30_1.RCP,,156.51315789473688,0.3654770851135254,GA_roulette_order_swap_random_noRepair_noElitism_swap,38,activity_list,1000,0,50.0,0.9,0.1,60.0,roulette,order,swap,random,3.0,False,False,swap,5.0,,,,,,,,,,,,,,,,,,,,,,,,,,,,,,,,,,,,,,,,,,,
J30_1.RCP,,156.51315789473688,0.6544311046600342,GA_roulette_order_swap_forward_repair_elitism_none,38,activity_list,1000,0,50.0,0.9,0.1,60.0,roulette,order,swap,forward,3.0,True,True,none,5.0,,,,,,,,,,,,,,,,,,,,,,,,,,,,,,,,,,,,,,,,,,,
J30_1.RCP,,156.51315789473688,0.6525321006774902,GA_roulette_order_swap_forward_repair_elitism_swap,38,activity_list,1000,0,50.0,0.9,0.1,60.0,roulette,order,swap,forward,3.0,True,True,swap,5.0,,,,,,,,,,,,,,,,,,,,,,,,,,,,,,,,,,,,,,,,,,,
J30_1.RCP,,156.51315789473688,0.6563501358032227,GA_roulette_order_swap_forward_repair_noElitism_none,38,activity_list,1000,0,50.0,0.9,0.1,60.0,roulette,order,swap,forward,3.0,True,False,none,5.0,,,,,,,,,,,,,,,,,,,,,,,,,,,,,,,,,,,,,,,,,,,
J30_1.RCP,,156.51315789473688,0.648291826248169,GA_roulette_order_swap_forward_repair_noElitism_swap,38,activity_list,1000,0,50.0,0.9,0.1,60.0,roulette,order,swap,forward,3.0,True,False,swap,5.0,,,,,,,,,,,,,,,,,,,,,,,,,,,,,,,,,,,,,,,,,,,
J30_1.RCP,,156.51315789473688,0.3671989440917969,GA_roulette_order_swap_forward_noRepair_elitism_none,38,activity_list,1000,0,50.0,0.9,0.1,60.0,roulette,order,swap,forward,3.0,False,True,none,5.0,,,,,,,,,,,,,,,,,,,,,,,,,,,,,,,,,,,,,,,,,,,
J30_1.RCP,,156.51315789473688,0.3731420040130615,GA_roulette_order_swap_forward_noRepair_elitism_swap,38,activity_list,1000,0,50.0,0.9,0.1,60.0,roulette,order,swap,forward,3.0,False,True,swap,5.0,,,,,,,,,,,,,,,,,,,,,,,,,,,,,,,,,,,,,,,,,,,
J30_1.RCP,,156.51315789473688,0.3704380989074707,GA_roulette_order_swap_forward_noRepair_noElitism_none,38,activity_list,1000,0,50.0,0.9,0.1,60.0,roulette,order,swap,forward,3.0,False,False,none,5.0,,,,,,,,,,,,,,,,,,,,,,,,,,,,,,,,,,,,,,,,,,,
J30_1.RCP,,156.51315789473688,0.3738839626312256,GA_roulette_order_swap_forward_noRepair_noElitism_swap,38,activity_list,1000,0,50.0,0.9,0.1,60.0,roulette,order,swap,forward,3.0,False,False,swap,5.0,,,,,,,,,,,,,,,,,,,,,,,,,,,,,,,,,,,,,,,,,,,
J30_1.RCP,,156.51315789473688,0.6467430591583252,GA_roulette_order_insertion_random_repair_elitism_none,38,activity_list,1000,0,50.0,0.9,0.1,60.0,roulette,order,insertion,random,3.0,True,True,none,5.0,,,,,,,,,,,,,,,,,,,,,,,,,,,,,,,,,,,,,,,,,,,
J30_1.RCP,,156.51315789473688,0.645287036895752,GA_roulette_order_insertion_random_repair_elitism_swap,38,activity_list,1000,0,50.0,0.9,0.1,60.0,roulette,order,insertion,random,3.0,True,True,swap,5.0,,,,,,,,,,,,,,,,,,,,,,,,,,,,,,,,,,,,,,,,,,,
J30_1.RCP,,156.51315789473688,0.6438288688659668,GA_roulette_order_insertion_random_repair_noElitism_none,38,activity_list,1000,0,50.0,0.9,0.1,60.0,roulette,order,insertion,random,3.0,True,False,none,5.0,,,,,,,,,,,,,,,,,,,,,,,,,,,,,,,,,,,,,,,,,,,
J30_1.RCP,,156.51315789473688,0.6404240131378174,GA_roulette_order_insertion_random_repair_noElitism_swap,38,activity_list,1000,0,50.0,0.9,0.1,60.0,roulette,order,insertion,random,3.0,True,False,swap,5.0,,,,,,,,,,,,,,,,,,,,,,,,,,,,,,,,,,,,,,,,,,,
J30_1.RCP,,156.51315789473688,0.3637399673461914,GA_roulette_order_insertion_random_noRepair_elitism_none,38,activity_list,1000,0,50.0,0.9,0.1,60.0,roulette,order,insertion,random,3.0,False,True,none,5.0,,,,,,,,,,,,,,,,,,,,,,,,,,,,,,,,,,,,,,,,,,,
J30_1.RCP,,156.51315789473688,0.36386895179748535,GA_roulette_order_insertion_random_noRepair_elitism_swap,38,activity_list,1000,0,50.0,0.9,0.1,60.0,roulette,order,insertion,random,3.0,False,True,swap,5.0,,,,,,,,,,,,,,,,,,,,,,,,,,,,,,,,,,,,,,,,,,,
J30_1.RCP,,156.51315789473688,0.36335301399230957,GA_roulette_order_insertion_random_noRepair_noElitism_none,38,activity_list,1000,0,50.0,0.9,0.1,60.0,roulette,order,insertion,random,3.0,False,False,none,5.0,,,,,,,,,,,,,,,,,,,,,,,,,,,,,,,,,,,,,,,,,,,
J30_1.RCP,,156.51315789473688,0.3634917736053467,GA_roulette_order_insertion_random_noRepair_noElitism_swap,38,activity_list,1000,0,50.0,0.9,0.1,60.0,roulette,order,insertion,random,3.0,False,False,swap,5.0,,,,,,,,,,,,,,,,,,,,,,,,,,,,,,,,,,,,,,,,,,,
J30_1.RCP,,156.51315789473688,0.6639108657836914,GA_roulette_order_insertion_forward_repair_elitism_none,38,activity_list,1000,0,50.0,0.9,0.1,60.0,roulette,order,insertion,forward,3.0,True,True,none,5.0,,,,,,,,,,,,,,,,,,,,,,,,,,,,,,,,,,,,,,,,,,,
J30_1.RCP,,156.51315789473688,0.6597871780395508,GA_roulette_order_insertion_forward_repair_elitism_swap,38,activity_list,1000,0,50.0,0.9,0.1,60.0,roulette,order,insertion,forward,3.0,True,True,swap,5.0,,,,,,,,,,,,,,,,,,,,,,,,,,,,,,,,,,,,,,,,,,,
J30_1.RCP,,156.51315789473688,0.6562590599060059,GA_roulette_order_insertion_forward_repair_noElitism_none,38,activity_list,1000,0,50.0,0.9,0.1,60.0,roulette,order,insertion,forward,3.0,True,False,none,5.0,,,,,,,,,,,,,,,,,,,,,,,,,,,,,,,,,,,,,,,,,,,
J30_1.RCP,,156.51315789473688,0.6653878688812256,GA_roulette_order_insertion_forward_repair_noElitism_swap,38,activity_list,1000,0,50.0,0.9,0.1,60.0,roulette,order,insertion,forward,3.0,True,False,swap,5.0,,,,,,,,,,,,,,,,,,,,,,,,,,,,,,,,,,,,,,,,,,,
J30_1.RCP,,156.51315789473688,0.36977386474609375,GA_roulette_order_insertion_forward_noRepair_elitism_none,38,activity_list,1000,0,50.0,0.9,0.1,60.0,roulette,order,insertion,forward,3.0,False,True,none,5.0,,,,,,,,,,,,,,,,,,,,,,,,,,,,,,,,,,,,,,,,,,,
J30_1.RCP,,156.51315789473688,0.37390685081481934,GA_roulette_order_insertion_forward_noRepair_elitism_swap,38,activity_list,1000,0,50.0,0.9,0.1,60.0,roulette,order,insertion,forward,3.0,False,True,swap,5.0,,,,,,,,,,,,,,,,,,,,,,,,,,,,,,,,,,,,,,,,,,,
J30_1.RCP,,156.51315789473688,0.3687608242034912,GA_roulette_order_insertion_forward_noRepair_noElitism_none,38,activity_list,1000,0,50.0,0.9,0.1,60.0,roulette,order,insertion,forward,3.0,False,False,none,5.0,,,,,,,,,,,,,,,,,,,,,,,,,,,,,,,,,,,,,,,,,,,
J30_1.RCP,,156.51315789473688,0.37467074394226074,GA_roulette_order_insertion_forward_noRepair_noElitism_swap,38,activity_list,1000,0,50.0,0.9,0.1,60.0,roulette,order,insertion,forward,3.0,False,False,swap,5.0,,,,,,,,,,,,,,,,,,,,,,,,,,,,,,,,,,,,,,,,,,,
J30_1.RCP,,156.51315789473688,0.6446347236633301,GA_roulette_order_inversion_random_repair_elitism_none,38,activity_list,1000,0,50.0,0.9,0.1,60.0,roulette,order,inversion,random,3.0,True,True,none,5.0,,,,,,,,,,,,,,,,,,,,,,,,,,,,,,,,,,,,,,,,,,,
J30_1.RCP,,156.51315789473688,0.650587797164917,GA_roulette_order_inversion_random_repair_elitism_swap,38,activity_list,1000,0,50.0,0.9,0.1,60.0,roulette,order,inversion,random,3.0,True,True,swap,5.0,,,,,,,,,,,,,,,,,,,,,,,,,,,,,,,,,,,,,,,,,,,
J30_1.RCP,,156.51315789473688,0.6469931602478027,GA_roulette_order_inversion_random_repair_noElitism_none,38,activity_list,1000,0,50.0,0.9,0.1,60.0,roulette,order,inversion,random,3.0,True,False,none,5.0,,,,,,,,,,,,,,,,,,,,,,,,,,,,,,,,,,,,,,,,,,,
J30_1.RCP,,156.51315789473688,0.6430830955505371,GA_roulette_order_inversion_random_repair_noElitism_swap,38,activity_list,1000,0,50.0,0.9,0.1,60.0,roulette,order,inversion,random,3.0,True,False,swap,5.0,,,,,,,,,,,,,,,,,,,,,,,,,,,,,,,,,,,,,,,,,,,
J30_1.RCP,,156.51315789473688,0.3626978397369385,GA_roulette_order_inversion_random_noRepair_elitism_none,38,activity_list,1000,0,50.0,0.9,0.1,60.0,roulette,order,inversion,random,3.0,False,True,none,5.0,,,,,,,,,,,,,,,,,,,,,,,,,,,,,,,,,,,,,,,,,,,
J30_1.RCP,,156.51315789473688,0.36792588233947754,GA_roulette_order_inversion_random_noRepair_elitism_swap,38,activity_list,1000,0,50.0,0.9,0.1,60.0,roulette,order,inversion,random,3.0,False,True,swap,5.0,,,,,,,,,,,,,,,,,,,,,,,,,,,,,,,,,,,,,,,,,,,
J30_1.RCP,,156.51315789473688,0.36253786087036133,GA_roulette_order_inversion_random_noRepair_noElitism_none,38,activity_list,1000,0,50.0,0.9,0.1,60.0,roulette,order,inversion,random,3.0,False,False,none,5.0,,,,,,,,,,,,,,,,,,,,,,,,,,,,,,,,,,,,,,,,,,,
J30_1.RCP,,156.51315789473688,0.36638832092285156,GA_roulette_order_inversion_random_noRepair_noElitism_swap,38,activity_list,1000,0,50.0,0.9,0.1,60.0,roulette,order,inversion,random,3.0,False,False,swap,5.0,,,,,,,,,,,,,,,,,,,,,,,,,,,,,,,,,,,,,,,,,,,
J30_1.RCP,,156.51315789473688,0.6575610637664795,GA_roulette_order_inversion_forward_repair_elitism_none,38,activity_list,1000,0,50.0,0.9,0.1,60.0,roulette,order,inversion,forward,3.0,True,True,none,5.0,,,,,,,,,,,,,,,,,,,,,,,,,,,,,,,,,,,,,,,,,,,
J30_1.RCP,,156.51315789473688,0.6487479209899902,GA_roulette_order_inversion_forward_repair_elitism_swap,38,activity_list,1000,0,50.0,0.9,0.1,60.0,roulette,order,inversion,forward,3.0,True,True,swap,5.0,,,,,,,,,,,,,,,,,,,,,,,,,,,,,,,,,,,,,,,,,,,
J30_1.RCP,,156.51315789473688,0.6537809371948242,GA_roulette_order_inversion_forward_repair_noElitism_none,38,activity_list,1000,0,50.0,0.9,0.1,60.0,roulette,order,inversion,forward,3.0,True,False,none,5.0,,,,,,,,,,,,,,,,,,,,,,,,,,,,,,,,,,,,,,,,,,,
J30_1.RCP,,156.51315789473688,0.6517622470855713,GA_roulette_order_inversion_forward_repair_noElitism_swap,38,activity_list,1000,0,50.0,0.9,0.1,60.0,roulette,order,inversion,forward,3.0,True,False,swap,5.0,,,,,,,,,,,,,,,,,,,,,,,,,,,,,,,,,,,,,,,,,,,
J30_1.RCP,,156.51315789473688,0.3697071075439453,GA_roulette_order_inversion_forward_noRepair_elitism_none,38,activity_list,1000,0,50.0,0.9,0.1,60.0,roulette,order,inversion,forward,3.0,False,True,none,5.0,,,,,,,,,,,,,,,,,,,,,,,,,,,,,,,,,,,,,,,,,,,
J30_1.RCP,,156.51315789473688,0.3734602928161621,GA_roulette_order_inversion_forward_noRepair_elitism_swap,38,activity_list,1000,0,50.0,0.9,0.1,60.0,roulette,order,inversion,forward,3.0,False,True,swap,5.0,,,,,,,,,,,,,,,,,,,,,,,,,,,,,,,,,,,,,,,,,,,
J30_1.RCP,,156.51315789473688,0.3691248893737793,GA_roulette_order_inversion_forward_noRepair_noElitism_none,38,activity_list,1000,0,50.0,0.9,0.1,60.0,roulette,order,inversion,forward,3.0,False,False,none,5.0,,,,,,,,,,,,,,,,,,,,,,,,,,,,,,,,,,,,,,,,,,,
J30_1.RCP,,156.51315789473688,0.37230587005615234,GA_roulette_order_inversion_forward_noRepair_noElitism_swap,38,activity_list,1000,0,50.0,0.9,0.1,60.0,roulette,order,inversion,forward,3.0,False,False,swap,5.0,,,,,,,,,,,,,,,,,,,,,,,,,,,,,,,,,,,,,,,,,,,
J30_1.RCP,,156.51315789473688,0.6544308662414551,GA_roulette_order_scramble_random_repair_elitism_none,38,activity_list,1000,0,50.0,0.9,0.1,60.0,roulette,order,scramble,random,3.0,True,True,none,5.0,,,,,,,,,,,,,,,,,,,,,,,,,,,,,,,,,,,,,,,,,,,
J30_1.RCP,,156.51315789473688,0.6473710536956787,GA_roulette_order_scramble_random_repair_elitism_swap,38,activity_list,1000,0,50.0,0.9,0.1,60.0,roulette,order,scramble,random,3.0,True,True,swap,5.0,,,,,,,,,,,,,,,,,,,,,,,,,,,,,,,,,,,,,,,,,,,
J30_1.RCP,,156.51315789473688,0.6500089168548584,GA_roulette_order_scramble_random_repair_noElitism_none,38,activity_list,1000,0,50.0,0.9,0.1,60.0,roulette,order,scramble,random,3.0,True,False,none,5.0,,,,,,,,,,,,,,,,,,,,,,,,,,,,,,,,,,,,,,,,,,,
J30_1.RCP,,156.51315789473688,0.6507711410522461,GA_roulette_order_scramble_random_repair_noElitism_swap,38,activity_list,1000,0,50.0,0.9,0.1,60.0,roulette,order,scramble,random,3.0,True,False,swap,5.0,,,,,,,,,,,,,,,,,,,,,,,,,,,,,,,,,,,,,,,,,,,
J30_1.RCP,,156.51315789473688,0.35642170906066895,GA_roulette_order_scramble_random_noRepair_elitism_none,38,activity_list,1000,0,50.0,0.9,0.1,60.0,roulette,order,scramble,random,3.0,False,True,none,5.0,,,,,,,,,,,,,,,,,,,,,,,,,,,,,,,,,,,,,,,,,,,
J30_1.RCP,,156.51315789473688,0.36223506927490234,GA_roulette_order_scramble_random_noRepair_elitism_swap,38,activity_list,1000,0,50.0,0.9,0.1,60.0,roulette,order,scramble,random,3.0,False,True,swap,5.0,,,,,,,,,,,,,,,,,,,,,,,,,,,,,,,,,,,,,,,,,,,
J30_1.RCP,,156.51315789473688,0.36081790924072266,GA_roulette_order_scramble_random_noRepair_noElitism_none,38,activity_list,1000,0,50.0,0.9,0.1,60.0,roulette,order,scramble,random,3.0,False,False,none,5.0,,,,,,,,,,,,,,,,,,,,,,,,,,,,,,,,,,,,,,,,,,,
J30_1.RCP,,156.51315789473688,0.3671400547027588,GA_roulette_order_scramble_random_noRepair_noElitism_swap,38,activity_list,1000,0,50.0,0.9,0.1,60.0,roulette,order,scramble,random,3.0,False,False,swap,5.0,,,,,,,,,,,,,,,,,,,,,,,,,,,,,,,,,,,,,,,,,,,
J30_1.RCP,,156.51315789473688,0.6586968898773193,GA_roulette_order_scramble_forward_repair_elitism_none,38,activity_list,1000,0,50.0,0.9,0.1,60.0,roulette,order,scramble,forward,3.0,True,True,none,5.0,,,,,,,,,,,,,,,,,,,,,,,,,,,,,,,,,,,,,,,,,,,
J30_1.RCP,,156.51315789473688,0.6557281017303467,GA_roulette_order_scramble_forward_repair_elitism_swap,38,activity_list,1000,0,50.0,0.9,0.1,60.0,roulette,order,scramble,forward,3.0,True,True,swap,5.0,,,,,,,,,,,,,,,,,,,,,,,,,,,,,,,,,,,,,,,,,,,
J30_1.RCP,,156.51315789473688,0.6606190204620361,GA_roulette_order_scramble_forward_repair_noElitism_none,38,activity_list,1000,0,50.0,0.9,0.1,60.0,roulette,order,scramble,forward,3.0,True,False,none,5.0,,,,,,,,,,,,,,,,,,,,,,,,,,,,,,,,,,,,,,,,,,,
J30_1.RCP,,156.51315789473688,0.6574709415435791,GA_roulette_order_scramble_forward_repair_noElitism_swap,38,activity_list,1000,0,50.0,0.9,0.1,60.0,roulette,order,scramble,forward,3.0,True,False,swap,5.0,,,,,,,,,,,,,,,,,,,,,,,,,,,,,,,,,,,,,,,,,,,
J30_1.RCP,,156.51315789473688,0.3713521957397461,GA_roulette_order_scramble_forward_noRepair_elitism_none,38,activity_list,1000,0,50.0,0.9,0.1,60.0,roulette,order,scramble,forward,3.0,False,True,none,5.0,,,,,,,,,,,,,,,,,,,,,,,,,,,,,,,,,,,,,,,,,,,
J30_1.RCP,,156.51315789473688,0.3827672004699707,GA_roulette_order_scramble_forward_noRepair_elitism_swap,38,activity_list,1000,0,50.0,0.9,0.1,60.0,roulette,order,scramble,forward,3.0,False,True,swap,5.0,,,,,,,,,,,,,,,,,,,,,,,,,,,,,,,,,,,,,,,,,,,
J30_1.RCP,,156.51315789473688,0.373518705368042,GA_roulette_order_scramble_forward_noRepair_noElitism_none,38,activity_list,1000,0,50.0,0.9,0.1,60.0,roulette,order,scramble,forward,3.0,False,False,none,5.0,,,,,,,,,,,,,,,,,,,,,,,,,,,,,,,,,,,,,,,,,,,
J30_1.RCP,,156.51315789473688,0.3697667121887207,GA_roulette_order_scramble_forward_noRepair_noElitism_swap,38,activity_list,1000,0,50.0,0.9,0.1,60.0,roulette,order,scramble,forward,3.0,False,False,swap,5.0,,,,,,,,,,,,,,,,,,,,,,,,,,,,,,,,,,,,,,,,,,,
J30_1.RCP,,156.51315789473688,0.47002625465393066,GA_tournament_ox1_swap_random_repair_elitism_none,38,activity_list,1000,0,50.0,0.9,0.1,60.0,tournament,ox1,swap,random,3.0,True,True,none,5.0,,,,,,,,,,,,,,,,,,,,,,,,,,,,,,,,,,,,,,,,,,,
J30_1.RCP,,156.51315789473688,0.47896695137023926,GA_tournament_ox1_swap_random_repair_elitism_swap,38,activity_list,1000,0,50.0,0.9,0.1,60.0,tournament,ox1,swap,random,3.0,True,True,swap,5.0,,,,,,,,,,,,,,,,,,,,,,,,,,,,,,,,,,,,,,,,,,,
J30_1.RCP,,156.51315789473688,0.647244930267334,GA_tournament_ox1_swap_random_repair_noElitism_none,38,activity_list,1000,0,50.0,0.9,0.1,60.0,tournament,ox1,swap,random,3.0,True,False,none,5.0,,,,,,,,,,,,,,,,,,,,,,,,,,,,,,,,,,,,,,,,,,,
J30_1.RCP,,156.51315789473688,0.6445567607879639,GA_tournament_ox1_swap_random_repair_noElitism_swap,38,activity_list,1000,0,50.0,0.9,0.1,60.0,tournament,ox1,swap,random,3.0,True,False,swap,5.0,,,,,,,,,,,,,,,,,,,,,,,,,,,,,,,,,,,,,,,,,,,
J30_1.RCP,,156.51315789473688,0.36707091331481934,GA_tournament_ox1_swap_random_noRepair_elitism_none,38,activity_list,1000,0,50.0,0.9,0.1,60.0,tournament,ox1,swap,random,3.0,False,True,none,5.0,,,,,,,,,,,,,,,,,,,,,,,,,,,,,,,,,,,,,,,,,,,
J30_1.RCP,,156.51315789473688,0.3823399543762207,GA_tournament_ox1_swap_random_noRepair_elitism_swap,38,activity_list,1000,0,50.0,0.9,0.1,60.0,tournament,ox1,swap,random,3.0,False,True,swap,5.0,,,,,,,,,,,,,,,,,,,,,,,,,,,,,,,,,,,,,,,,,,,
J30_1.RCP,,156.51315789473688,0.37888598442077637,GA_tournament_ox1_swap_random_noRepair_noElitism_none,38,activity_list,1000,0,50.0,0.9,0.1,60.0,tournament,ox1,swap,random,3.0,False,False,none,5.0,,,,,,,,,,,,,,,,,,,,,,,,,,,,,,,,,,,,,,,,,,,
J30_1.RCP,,156.51315789473688,0.38027381896972656,GA_tournament_ox1_swap_random_noRepair_noElitism_swap,38,activity_list,1000,0,50.0,0.9,0.1,60.0,tournament,ox1,swap,random,3.0,False,False,swap,5.0,,,,,,,,,,,,,,,,,,,,,,,,,,,,,,,,,,,,,,,,,,,
J30_1.RCP,,156.51315789473688,0.47331714630126953,GA_tournament_ox1_swap_forward_repair_elitism_none,38,activity_list,1000,0,50.0,0.9,0.1,60.0,tournament,ox1,swap,forward,3.0,True,True,none,5.0,,,,,,,,,,,,,,,,,,,,,,,,,,,,,,,,,,,,,,,,,,,
J30_1.RCP,,156.51315789473688,0.4841160774230957,GA_tournament_ox1_swap_forward_repair_elitism_swap,38,activity_list,1000,0,50.0,0.9,0.1,60.0,tournament,ox1,swap,forward,3.0,True,True,swap,5.0,,,,,,,,,,,,,,,,,,,,,,,,,,,,,,,,,,,,,,,,,,,
J30_1.RCP,,156.51315789473688,0.6539950370788574,GA_tournament_ox1_swap_forward_repair_noElitism_none,38,activity_list,1000,0,50.0,0.9,0.1,60.0,tournament,ox1,swap,forward,3.0,True,False,none,5.0,,,,,,,,,,,,,,,,,,,,,,,,,,,,,,,,,,,,,,,,,,,
J30_1.RCP,,156.51315789473688,0.6627829074859619,GA_tournament_ox1_swap_forward_repair_noElitism_swap,38,activity_list,1000,0,50.0,0.9,0.1,60.0,tournament,ox1,swap,forward,3.0,True,False,swap,5.0,,,,,,,,,,,,,,,,,,,,,,,,,,,,,,,,,,,,,,,,,,,
J30_1.RCP,,156.51315789473688,0.37383604049682617,GA_tournament_ox1_swap_forward_noRepair_elitism_none,38,activity_list,1000,0,50.0,0.9,0.1,60.0,tournament,ox1,swap,forward,3.0,False,True,none,5.0,,,,,,,,,,,,,,,,,,,,,,,,,,,,,,,,,,,,,,,,,,,
J30_1.RCP,,156.51315789473688,0.3821229934692383,GA_tournament_ox1_swap_forward_noRepair_elitism_swap,38,activity_list,1000,0,50.0,0.9,0.1,60.0,tournament,ox1,swap,forward,3.0,False,True,swap,5.0,,,,,,,,,,,,,,,,,,,,,,,,,,,,,,,,,,,,,,,,,,,
J30_1.RCP,,156.51315789473688,0.3834531307220459,GA_tournament_ox1_swap_forward_noRepair_noElitism_none,38,activity_list,1000,0,50.0,0.9,0.1,60.0,tournament,ox1,swap,forward,3.0,False,False,none,5.0,,,,,,,,,,,,,,,,,,,,,,,,,,,,,,,,,,,,,,,,,,,
J30_1.RCP,,156.51315789473688,0.3809812068939209,GA_tournament_ox1_swap_forward_noRepair_noElitism_swap,38,activity_list,1000,0,50.0,0.9,0.1,60.0,tournament,ox1,swap,forward,3.0,False,False,swap,5.0,,,,,,,,,,,,,,,,,,,,,,,,,,,,,,,,,,,,,,,,,,,
J30_1.RCP,,156.51315789473688,0.46409082412719727,GA_tournament_ox1_insertion_random_repair_elitism_none,38,activity_list,1000,0,50.0,0.9,0.1,60.0,tournament,ox1,insertion,random,3.0,True,True,none,5.0,,,,,,,,,,,,,,,,,,,,,,,,,,,,,,,,,,,,,,,,,,,
J30_1.RCP,,156.51315789473688,0.47685766220092773,GA_tournament_ox1_insertion_random_repair_elitism_swap,38,activity_list,1000,0,50.0,0.9,0.1,60.0,tournament,ox1,insertion,random,3.0,True,True,swap,5.0,,,,,,,,,,,,,,,,,,,,,,,,,,,,,,,,,,,,,,,,,,,
J30_1.RCP,,156.51315789473688,0.6556699275970459,GA_tournament_ox1_insertion_random_repair_noElitism_none,38,activity_list,1000,0,50.0,0.9,0.1,60.0,tournament,ox1,insertion,random,3.0,True,False,none,5.0,,,,,,,,,,,,,,,,,,,,,,,,,,,,,,,,,,,,,,,,,,,
J30_1.RCP,,156.51315789473688,0.6509559154510498,GA_tournament_ox1_insertion_random_repair_noElitism_swap,38,activity_list,1000,0,50.0,0.9,0.1,60.0,tournament,ox1,insertion,random,3.0,True,False,swap,5.0,,,,,,,,,,,,,,,,,,,,,,,,,,,,,,,,,,,,,,,,,,,
J30_1.RCP,,156.51315789473688,0.37001609802246094,GA_tournament_ox1_insertion_random_noRepair_elitism_none,38,activity_list,1000,0,50.0,0.9,0.1,60.0,tournament,ox1,insertion,random,3.0,False,True,none,5.0,,,,,,,,,,,,,,,,,,,,,,,,,,,,,,,,,,,,,,,,,,,
J30_1.RCP,,156.51315789473688,0.3784019947052002,GA_tournament_ox1_insertion_random_noRepair_elitism_swap,38,activity_list,1000,0,50.0,0.9,0.1,60.0,tournament,ox1,insertion,random,3.0,False,True,swap,5.0,,,,,,,,,,,,,,,,,,,,,,,,,,,,,,,,,,,,,,,,,,,
J30_1.RCP,,156.51315789473688,0.3827331066131592,GA_tournament_ox1_insertion_random_noRepair_noElitism_none,38,activity_list,1000,0,50.0,0.9,0.1,60.0,tournament,ox1,insertion,random,3.0,False,False,none,5.0,,,,,,,,,,,,,,,,,,,,,,,,,,,,,,,,,,,,,,,,,,,
J30_1.RCP,,156.51315789473688,0.3831450939178467,GA_tournament_ox1_insertion_random_noRepair_noElitism_swap,38,activity_list,1000,0,50.0,0.9,0.1,60.0,tournament,ox1,insertion,random,3.0,False,False,swap,5.0,,,,,,,,,,,,,,,,,,,,,,,,,,,,,,,,,,,,,,,,,,,
J30_1.RCP,,156.51315789473688,0.47394514083862305,GA_tournament_ox1_insertion_forward_repair_elitism_none,38,activity_list,1000,0,50.0,0.9,0.1,60.0,tournament,ox1,insertion,forward,3.0,True,True,none,5.0,,,,,,,,,,,,,,,,,,,,,,,,,,,,,,,,,,,,,,,,,,,
J30_1.RCP,,156.51315789473688,0.48719000816345215,GA_tournament_ox1_insertion_forward_repair_elitism_swap,38,activity_list,1000,0,50.0,0.9,0.1,60.0,tournament,ox1,insertion,forward,3.0,True,True,swap,5.0,,,,,,,,,,,,,,,,,,,,,,,,,,,,,,,,,,,,,,,,,,,
J30_1.RCP,,156.51315789473688,0.6641261577606201,GA_tournament_ox1_insertion_forward_repair_noElitism_none,38,activity_list,1000,0,50.0,0.9,0.1,60.0,tournament,ox1,insertion,forward,3.0,True,False,none,5.0,,,,,,,,,,,,,,,,,,,,,,,,,,,,,,,,,,,,,,,,,,,
J30_1.RCP,,156.51315789473688,0.6732332706451416,GA_tournament_ox1_insertion_forward_repair_noElitism_swap,38,activity_list,1000,0,50.0,0.9,0.1,60.0,tournament,ox1,insertion,forward,3.0,True,False,swap,5.0,,,,,,,,,,,,,,,,,,,,,,,,,,,,,,,,,,,,,,,,,,,
J30_1.RCP,,156.51315789473688,0.38402724266052246,GA_tournament_ox1_insertion_forward_noRepair_elitism_none,38,activity_list,1000,0,50.0,0.9,0.1,60.0,tournament,ox1,insertion,forward,3.0,False,True,none,5.0,,,,,,,,,,,,,,,,,,,,,,,,,,,,,,,,,,,,,,,,,,,
J30_1.RCP,,156.51315789473688,0.39542675018310547,GA_tournament_ox1_insertion_forward_noRepair_elitism_swap,38,activity_list,1000,0,50.0,0.9,0.1,60.0,tournament,ox1,insertion,forward,3.0,False,True,swap,5.0,,,,,,,,,,,,,,,,,,,,,,,,,,,,,,,,,,,,,,,,,,,
J30_1.RCP,,156.51315789473688,0.39359426498413086,GA_tournament_ox1_insertion_forward_noRepair_noElitism_none,38,activity_list,1000,0,50.0,0.9,0.1,60.0,tournament,ox1,insertion,forward,3.0,False,False,none,5.0,,,,,,,,,,,,,,,,,,,,,,,,,,,,,,,,,,,,,,,,,,,
J30_1.RCP,,156.51315789473688,0.4008808135986328,GA_tournament_ox1_insertion_forward_noRepair_noElitism_swap,38,activity_list,1000,0,50.0,0.9,0.1,60.0,tournament,ox1,insertion,forward,3.0,False,False,swap,5.0,,,,,,,,,,,,,,,,,,,,,,,,,,,,,,,,,,,,,,,,,,,
J30_1.RCP,,156.51315789473688,0.47783327102661133,GA_tournament_ox1_inversion_random_repair_elitism_none,38,activity_list,1000,0,50.0,0.9,0.1,60.0,tournament,ox1,inversion,random,3.0,True,True,none,5.0,,,,,,,,,,,,,,,,,,,,,,,,,,,,,,,,,,,,,,,,,,,
J30_1.RCP,,156.51315789473688,0.4964449405670166,GA_tournament_ox1_inversion_random_repair_elitism_swap,38,activity_list,1000,0,50.0,0.9,0.1,60.0,tournament,ox1,inversion,random,3.0,True,True,swap,5.0,,,,,,,,,,,,,,,,,,,,,,,,,,,,,,,,,,,,,,,,,,,
J30_1.RCP,,156.51315789473688,0.6675152778625488,GA_tournament_ox1_inversion_random_repair_noElitism_none,38,activity_list,1000,0,50.0,0.9,0.1,60.0,tournament,ox1,inversion,random,3.0,True,False,none,5.0,,,,,,,,,,,,,,,,,,,,,,,,,,,,,,,,,,,,,,,,,,,
J30_1.RCP,,156.51315789473688,0.6676738262176514,GA_tournament_ox1_inversion_random_repair_noElitism_swap,38,activity_list,1000,0,50.0,0.9,0.1,60.0,tournament,ox1,inversion,random,3.0,True,False,swap,5.0,,,,,,,,,,,,,,,,,,,,,,,,,,,,,,,,,,,,,,,,,,,
J30_1.RCP,,156.51315789473688,0.38001394271850586,GA_tournament_ox1_inversion_random_noRepair_elitism_none,38,activity_list,1000,0,50.0,0.9,0.1,60.0,tournament,ox1,inversion,random,3.0,False,True,none,5.0,,,,,,,,,,,,,,,,,,,,,,,,,,,,,,,,,,,,,,,,,,,
J30_1.RCP,,156.51315789473688,0.39232802391052246,GA_tournament_ox1_inversion_random_noRepair_elitism_swap,38,activity_list,1000,0,50.0,0.9,0.1,60.0,tournament,ox1,inversion,random,3.0,False,True,swap,5.0,,,,,,,,,,,,,,,,,,,,,,,,,,,,,,,,,,,,,,,,,,,
J30_1.RCP,,156.51315789473688,0.39275193214416504,GA_tournament_ox1_inversion_random_noRepair_noElitism_none,38,activity_list,1000,0,50.0,0.9,0.1,60.0,tournament,ox1,inversion,random,3.0,False,False,none,5.0,,,,,,,,,,,,,,,,,,,,,,,,,,,,,,,,,,,,,,,,,,,
J30_1.RCP,,156.51315789473688,0.39485692977905273,GA_tournament_ox1_inversion_random_noRepair_noElitism_swap,38,activity_list,1000,0,50.0,0.9,0.1,60.0,tournament,ox1,inversion,random,3.0,False,False,swap,5.0,,,,,,,,,,,,,,,,,,,,,,,,,,,,,,,,,,,,,,,,,,,
J30_1.RCP,,156.51315789473688,0.49674081802368164,GA_tournament_ox1_inversion_forward_repair_elitism_none,38,activity_list,1000,0,50.0,0.9,0.1,60.0,tournament,ox1,inversion,forward,3.0,True,True,none,5.0,,,,,,,,,,,,,,,,,,,,,,,,,,,,,,,,,,,,,,,,,,,
J30_1.RCP,,156.51315789473688,0.5016970634460449,GA_tournament_ox1_inversion_forward_repair_elitism_swap,38,activity_list,1000,0,50.0,0.9,0.1,60.0,tournament,ox1,inversion,forward,3.0,True,True,swap,5.0,,,,,,,,,,,,,,,,,,,,,,,,,,,,,,,,,,,,,,,,,,,
J30_1.RCP,,156.51315789473688,0.6830840110778809,GA_tournament_ox1_inversion_forward_repair_noElitism_none,38,activity_list,1000,0,50.0,0.9,0.1,60.0,tournament,ox1,inversion,forward,3.0,True,False,none,5.0,,,,,,,,,,,,,,,,,,,,,,,,,,,,,,,,,,,,,,,,,,,
J30_1.RCP,,156.51315789473688,0.6670448780059814,GA_tournament_ox1_inversion_forward_repair_noElitism_swap,38,activity_list,1000,0,50.0,0.9,0.1,60.0,tournament,ox1,inversion,forward,3.0,True,False,swap,5.0,,,,,,,,,,,,,,,,,,,,,,,,,,,,,,,,,,,,,,,,,,,
J30_1.RCP,,156.51315789473688,0.372711181640625,GA_tournament_ox1_inversion_forward_noRepair_elitism_none,38,activity_list,1000,0,50.0,0.9,0.1,60.0,tournament,ox1,inversion,forward,3.0,False,True,none,5.0,,,,,,,,,,,,,,,,,,,,,,,,,,,,,,,,,,,,,,,,,,,
J30_1.RCP,,156.51315789473688,0.3838169574737549,GA_tournament_ox1_inversion_forward_noRepair_elitism_swap,38,activity_list,1000,0,50.0,0.9,0.1,60.0,tournament,ox1,inversion,forward,3.0,False,True,swap,5.0,,,,,,,,,,,,,,,,,,,,,,,,,,,,,,,,,,,,,,,,,,,
J30_1.RCP,,156.51315789473688,0.3835272789001465,GA_tournament_ox1_inversion_forward_noRepair_noElitism_none,38,activity_list,1000,0,50.0,0.9,0.1,60.0,tournament,ox1,inversion,forward,3.0,False,False,none,5.0,,,,,,,,,,,,,,,,,,,,,,,,,,,,,,,,,,,,,,,,,,,
J30_1.RCP,,156.51315789473688,0.38226318359375,GA_tournament_ox1_inversion_forward_noRepair_noElitism_swap,38,activity_list,1000,0,50.0,0.9,0.1,60.0,tournament,ox1,inversion,forward,3.0,False,False,swap,5.0,,,,,,,,,,,,,,,,,,,,,,,,,,,,,,,,,,,,,,,,,,,
J30_1.RCP,,156.51315789473688,0.46779799461364746,GA_tournament_ox1_scramble_random_repair_elitism_none,38,activity_list,1000,0,50.0,0.9,0.1,60.0,tournament,ox1,scramble,random,3.0,True,True,none,5.0,,,,,,,,,,,,,,,,,,,,,,,,,,,,,,,,,,,,,,,,,,,
J30_1.RCP,,156.51315789473688,0.48278307914733887,GA_tournament_ox1_scramble_random_repair_elitism_swap,38,activity_list,1000,0,50.0,0.9,0.1,60.0,tournament,ox1,scramble,random,3.0,True,True,swap,5.0,,,,,,,,,,,,,,,,,,,,,,,,,,,,,,,,,,,,,,,,,,,
J30_1.RCP,,156.51315789473688,0.6475279331207275,GA_tournament_ox1_scramble_random_repair_noElitism_none,38,activity_list,1000,0,50.0,0.9,0.1,60.0,tournament,ox1,scramble,random,3.0,True,False,none,5.0,,,,,,,,,,,,,,,,,,,,,,,,,,,,,,,,,,,,,,,,,,,
J30_1.RCP,,156.51315789473688,0.6438231468200684,GA_tournament_ox1_scramble_random_repair_noElitism_swap,38,activity_list,1000,0,50.0,0.9,0.1,60.0,tournament,ox1,scramble,random,3.0,True,False,swap,5.0,,,,,,,,,,,,,,,,,,,,,,,,,,,,,,,,,,,,,,,,,,,
J30_1.RCP,,156.51315789473688,0.36826419830322266,GA_tournament_ox1_scramble_random_noRepair_elitism_none,38,activity_list,1000,0,50.0,0.9,0.1,60.0,tournament,ox1,scramble,random,3.0,False,True,none,5.0,,,,,,,,,,,,,,,,,,,,,,,,,,,,,,,,,,,,,,,,,,,
J30_1.RCP,,156.51315789473688,0.3815007209777832,GA_tournament_ox1_scramble_random_noRepair_elitism_swap,38,activity_list,1000,0,50.0,0.9,0.1,60.0,tournament,ox1,scramble,random,3.0,False,True,swap,5.0,,,,,,,,,,,,,,,,,,,,,,,,,,,,,,,,,,,,,,,,,,,
J30_1.RCP,,156.51315789473688,0.3782637119293213,GA_tournament_ox1_scramble_random_noRepair_noElitism_none,38,activity_list,1000,0,50.0,0.9,0.1,60.0,tournament,ox1,scramble,random,3.0,False,False,none,5.0,,,,,,,,,,,,,,,,,,,,,,,,,,,,,,,,,,,,,,,,,,,
J30_1.RCP,,156.51315789473688,0.3804621696472168,GA_tournament_ox1_scramble_random_noRepair_noElitism_swap,38,activity_list,1000,0,50.0,0.9,0.1,60.0,tournament,ox1,scramble,random,3.0,False,False,swap,5.0,,,,,,,,,,,,,,,,,,,,,,,,,,,,,,,,,,,,,,,,,,,
J30_1.RCP,,156.51315789473688,0.4711289405822754,GA_tournament_ox1_scramble_forward_repair_elitism_none,38,activity_list,1000,0,50.0,0.9,0.1,60.0,tournament,ox1,scramble,forward,3.0,True,True,none,5.0,,,,,,,,,,,,,,,,,,,,,,,,,,,,,,,,,,,,,,,,,,,
J30_1.RCP,,156.51315789473688,0.48989415168762207,GA_tournament_ox1_scramble_forward_repair_elitism_swap,38,activity_list,1000,0,50.0,0.9,0.1,60.0,tournament,ox1,scramble,forward,3.0,True,True,swap,5.0,,,,,,,,,,,,,,,,,,,,,,,,,,,,,,,,,,,,,,,,,,,
J30_1.RCP,,156.51315789473688,0.6583077907562256,GA_tournament_ox1_scramble_forward_repair_noElitism_none,38,activity_list,1000,0,50.0,0.9,0.1,60.0,tournament,ox1,scramble,forward,3.0,True,False,none,5.0,,,,,,,,,,,,,,,,,,,,,,,,,,,,,,,,,,,,,,,,,,,
J30_1.RCP,,156.51315789473688,0.6524028778076172,GA_tournament_ox1_scramble_forward_repair_noElitism_swap,38,activity_list,1000,0,50.0,0.9,0.1,60.0,tournament,ox1,scramble,forward,3.0,True,False,swap,5.0,,,,,,,,,,,,,,,,,,,,,,,,,,,,,,,,,,,,,,,,,,,
J30_1.RCP,,156.51315789473688,0.38413214683532715,GA_tournament_ox1_scramble_forward_noRepair_elitism_none,38,activity_list,1000,0,50.0,0.9,0.1,60.0,tournament,ox1,scramble,forward,3.0,False,True,none,5.0,,,,,,,,,,,,,,,,,,,,,,,,,,,,,,,,,,,,,,,,,,,
J30_1.RCP,,156.51315789473688,0.3859729766845703,GA_tournament_ox1_scramble_forward_noRepair_elitism_swap,38,activity_list,1000,0,50.0,0.9,0.1,60.0,tournament,ox1,scramble,forward,3.0,False,True,swap,5.0,,,,,,,,,,,,,,,,,,,,,,,,,,,,,,,,,,,,,,,,,,,
J30_1.RCP,,156.51315789473688,0.38266897201538086,GA_tournament_ox1_scramble_forward_noRepair_noElitism_none,38,activity_list,1000,0,50.0,0.9,0.1,60.0,tournament,ox1,scramble,forward,3.0,False,False,none,5.0,,,,,,,,,,,,,,,,,,,,,,,,,,,,,,,,,,,,,,,,,,,
J30_1.RCP,,156.51315789473688,0.38533687591552734,GA_tournament_ox1_scramble_forward_noRepair_noElitism_swap,38,activity_list,1000,0,50.0,0.9,0.1,60.0,tournament,ox1,scramble,forward,3.0,False,False,swap,5.0,,,,,,,,,,,,,,,,,,,,,,,,,,,,,,,,,,,,,,,,,,,
J30_1.RCP,,156.51315789473688,0.45977306365966797,GA_tournament_pmx_swap_random_repair_elitism_none,38,activity_list,1000,0,50.0,0.9,0.1,60.0,tournament,pmx,swap,random,3.0,True,True,none,5.0,,,,,,,,,,,,,,,,,,,,,,,,,,,,,,,,,,,,,,,,,,,
J30_1.RCP,,156.51315789473688,0.47104382514953613,GA_tournament_pmx_swap_random_repair_elitism_swap,38,activity_list,1000,0,50.0,0.9,0.1,60.0,tournament,pmx,swap,random,3.0,True,True,swap,5.0,,,,,,,,,,,,,,,,,,,,,,,,,,,,,,,,,,,,,,,,,,,
J30_1.RCP,,156.51315789473688,0.6220316886901855,GA_tournament_pmx_swap_random_repair_noElitism_none,38,activity_list,1000,0,50.0,0.9,0.1,60.0,tournament,pmx,swap,random,3.0,True,False,none,5.0,,,,,,,,,,,,,,,,,,,,,,,,,,,,,,,,,,,,,,,,,,,
J30_1.RCP,,156.51315789473688,0.6180808544158936,GA_tournament_pmx_swap_random_repair_noElitism_swap,38,activity_list,1000,0,50.0,0.9,0.1,60.0,tournament,pmx,swap,random,3.0,True,False,swap,5.0,,,,,,,,,,,,,,,,,,,,,,,,,,,,,,,,,,,,,,,,,,,
J30_1.RCP,,156.51315789473688,0.37137627601623535,GA_tournament_pmx_swap_random_noRepair_elitism_none,38,activity_list,1000,0,50.0,0.9,0.1,60.0,tournament,pmx,swap,random,3.0,False,True,none,5.0,,,,,,,,,,,,,,,,,,,,,,,,,,,,,,,,,,,,,,,,,,,
J30_1.RCP,,156.51315789473688,0.3831770420074463,GA_tournament_pmx_swap_random_noRepair_elitism_swap,38,activity_list,1000,0,50.0,0.9,0.1,60.0,tournament,pmx,swap,random,3.0,False,True,swap,5.0,,,,,,,,,,,,,,,,,,,,,,,,,,,,,,,,,,,,,,,,,,,
J30_1.RCP,,156.51315789473688,0.3689308166503906,GA_tournament_pmx_swap_random_noRepair_noElitism_none,38,activity_list,1000,0,50.0,0.9,0.1,60.0,tournament,pmx,swap,random,3.0,False,False,none,5.0,,,,,,,,,,,,,,,,,,,,,,,,,,,,,,,,,,,,,,,,,,,
J30_1.RCP,,156.51315789473688,0.37044596672058105,GA_tournament_pmx_swap_random_noRepair_noElitism_swap,38,activity_list,1000,0,50.0,0.9,0.1,60.0,tournament,pmx,swap,random,3.0,False,False,swap,5.0,,,,,,,,,,,,,,,,,,,,,,,,,,,,,,,,,,,,,,,,,,,
J30_1.RCP,,156.51315789473688,0.4617307186126709,GA_tournament_pmx_swap_forward_repair_elitism_none,38,activity_list,1000,0,50.0,0.9,0.1,60.0,tournament,pmx,swap,forward,3.0,True,True,none,5.0,,,,,,,,,,,,,,,,,,,,,,,,,,,,,,,,,,,,,,,,,,,
J30_1.RCP,,156.51315789473688,0.4793581962585449,GA_tournament_pmx_swap_forward_repair_elitism_swap,38,activity_list,1000,0,50.0,0.9,0.1,60.0,tournament,pmx,swap,forward,3.0,True,True,swap,5.0,,,,,,,,,,,,,,,,,,,,,,,,,,,,,,,,,,,,,,,,,,,
J30_1.RCP,,156.51315789473688,0.6375570297241211,GA_tournament_pmx_swap_forward_repair_noElitism_none,38,activity_list,1000,0,50.0,0.9,0.1,60.0,tournament,pmx,swap,forward,3.0,True,False,none,5.0,,,,,,,,,,,,,,,,,,,,,,,,,,,,,,,,,,,,,,,,,,,
J30_1.RCP,,156.51315789473688,0.6320791244506836,GA_tournament_pmx_swap_forward_repair_noElitism_swap,38,activity_list,1000,0,50.0,0.9,0.1,60.0,tournament,pmx,swap,forward,3.0,True,False,swap,5.0,,,,,,,,,,,,,,,,,,,,,,,,,,,,,,,,,,,,,,,,,,,
J30_1.RCP,,156.51315789473688,0.3660449981689453,GA_tournament_pmx_swap_forward_noRepair_elitism_none,38,activity_list,1000,0,50.0,0.9,0.1,60.0,tournament,pmx,swap,forward,3.0,False,True,none,5.0,,,,,,,,,,,,,,,,,,,,,,,,,,,,,,,,,,,,,,,,,,,
J30_1.RCP,,156.51315789473688,0.3774089813232422,GA_tournament_pmx_swap_forward_noRepair_elitism_swap,38,activity_list,1000,0,50.0,0.9,0.1,60.0,tournament,pmx,swap,forward,3.0,False,True,swap,5.0,,,,,,,,,,,,,,,,,,,,,,,,,,,,,,,,,,,,,,,,,,,
J30_1.RCP,,156.51315789473688,0.3669450283050537,GA_tournament_pmx_swap_forward_noRepair_noElitism_none,38,activity_list,1000,0,50.0,0.9,0.1,60.0,tournament,pmx,swap,forward,3.0,False,False,none,5.0,,,,,,,,,,,,,,,,,,,,,,,,,,,,,,,,,,,,,,,,,,,
J30_1.RCP,,156.51315789473688,0.3659987449645996,GA_tournament_pmx_swap_forward_noRepair_noElitism_swap,38,activity_list,1000,0,50.0,0.9,0.1,60.0,tournament,pmx,swap,forward,3.0,False,False,swap,5.0,,,,,,,,,,,,,,,,,,,,,,,,,,,,,,,,,,,,,,,,,,,
J30_1.RCP,,156.51315789473688,0.46141481399536133,GA_tournament_pmx_insertion_random_repair_elitism_none,38,activity_list,1000,0,50.0,0.9,0.1,60.0,tournament,pmx,insertion,random,3.0,True,True,none,5.0,,,,,,,,,,,,,,,,,,,,,,,,,,,,,,,,,,,,,,,,,,,
J30_1.RCP,,156.51315789473688,0.4729769229888916,GA_tournament_pmx_insertion_random_repair_elitism_swap,38,activity_list,1000,0,50.0,0.9,0.1,60.0,tournament,pmx,insertion,random,3.0,True,True,swap,5.0,,,,,,,,,,,,,,,,,,,,,,,,,,,,,,,,,,,,,,,,,,,
J30_1.RCP,,156.51315789473688,0.6290230751037598,GA_tournament_pmx_insertion_random_repair_noElitism_none,38,activity_list,1000,0,50.0,0.9,0.1,60.0,tournament,pmx,insertion,random,3.0,True,False,none,5.0,,,,,,,,,,,,,,,,,,,,,,,,,,,,,,,,,,,,,,,,,,,
J30_1.RCP,,156.51315789473688,0.6294207572937012,GA_tournament_pmx_insertion_random_repair_noElitism_swap,38,activity_list,1000,0,50.0,0.9,0.1,60.0,tournament,pmx,insertion,random,3.0,True,False,swap,5.0,,,,,,,,,,,,,,,,,,,,,,,,,,,,,,,,,,,,,,,,,,,
J30_1.RCP,,156.51315789473688,0.3663289546966553,GA_tournament_pmx_insertion_random_noRepair_elitism_none,38,activity_list,1000,0,50.0,0.9,0.1,60.0,tournament,pmx,insertion,random,3.0,False,True,none,5.0,,,,,,,,,,,,,,,,,,,,,,,,,,,,,,,,,,,,,,,,,,,
J30_1.RCP,,156.51315789473688,0.37815284729003906,GA_tournament_pmx_insertion_random_noRepair_elitism_swap,38,activity_list,1000,0,50.0,0.9,0.1,60.0,tournament,pmx,insertion,random,3.0,False,True,swap,5.0,,,,,,,,,,,,,,,,,,,,,,,,,,,,,,,,,,,,,,,,,,,
J30_1.RCP,,156.51315789473688,0.37067484855651855,GA_tournament_pmx_insertion_random_noRepair_noElitism_none,38,activity_list,1000,0,50.0,0.9,0.1,60.0,tournament,pmx,insertion,random,3.0,False,False,none,5.0,,,,,,,,,,,,,,,,,,,,,,,,,,,,,,,,,,,,,,,,,,,
J30_1.RCP,,156.51315789473688,0.3753037452697754,GA_tournament_pmx_insertion_random_noRepair_noElitism_swap,38,activity_list,1000,0,50.0,0.9,0.1,60.0,tournament,pmx,insertion,random,3.0,False,False,swap,5.0,,,,,,,,,,,,,,,,,,,,,,,,,,,,,,,,,,,,,,,,,,,
J30_1.RCP,,156.51315789473688,0.4688858985900879,GA_tournament_pmx_insertion_forward_repair_elitism_none,38,activity_list,1000,0,50.0,0.9,0.1,60.0,tournament,pmx,insertion,forward,3.0,True,True,none,5.0,,,,,,,,,,,,,,,,,,,,,,,,,,,,,,,,,,,,,,,,,,,
J30_1.RCP,,156.51315789473688,0.48005175590515137,GA_tournament_pmx_insertion_forward_repair_elitism_swap,38,activity_list,1000,0,50.0,0.9,0.1,60.0,tournament,pmx,insertion,forward,3.0,True,True,swap,5.0,,,,,,,,,,,,,,,,,,,,,,,,,,,,,,,,,,,,,,,,,,,
J30_1.RCP,,156.51315789473688,0.6347329616546631,GA_tournament_pmx_insertion_forward_repair_noElitism_none,38,activity_list,1000,0,50.0,0.9,0.1,60.0,tournament,pmx,insertion,forward,3.0,True,False,none,5.0,,,,,,,,,,,,,,,,,,,,,,,,,,,,,,,,,,,,,,,,,,,
J30_1.RCP,,156.51315789473688,0.6280591487884521,GA_tournament_pmx_insertion_forward_repair_noElitism_swap,38,activity_list,1000,0,50.0,0.9,0.1,60.0,tournament,pmx,insertion,forward,3.0,True,False,swap,5.0,,,,,,,,,,,,,,,,,,,,,,,,,,,,,,,,,,,,,,,,,,,
J30_1.RCP,,156.51315789473688,0.3650541305541992,GA_tournament_pmx_insertion_forward_noRepair_elitism_none,38,activity_list,1000,0,50.0,0.9,0.1,60.0,tournament,pmx,insertion,forward,3.0,False,True,none,5.0,,,,,,,,,,,,,,,,,,,,,,,,,,,,,,,,,,,,,,,,,,,
J30_1.RCP,,156.51315789473688,0.3769071102142334,GA_tournament_pmx_insertion_forward_noRepair_elitism_swap,38,activity_list,1000,0,50.0,0.9,0.1,60.0,tournament,pmx,insertion,forward,3.0,False,True,swap,5.0,,,,,,,,,,,,,,,,,,,,,,,,,,,,,,,,,,,,,,,,,,,
J30_1.RCP,,156.51315789473688,0.3694288730621338,GA_tournament_pmx_insertion_forward_noRepair_noElitism_none,38,activity_list,1000,0,50.0,0.9,0.1,60.0,tournament,pmx,insertion,forward,3.0,False,False,none,5.0,,,,,,,,,,,,,,,,,,,,,,,,,,,,,,,,,,,,,,,,,,,
J30_1.RCP,,156.51315789473688,0.36760425567626953,GA_tournament_pmx_insertion_forward_noRepair_noElitism_swap,38,activity_list,1000,0,50.0,0.9,0.1,60.0,tournament,pmx,insertion,forward,3.0,False,False,swap,5.0,,,,,,,,,,,,,,,,,,,,,,,,,,,,,,,,,,,,,,,,,,,
J30_1.RCP,,156.51315789473688,0.45777010917663574,GA_tournament_pmx_inversion_random_repair_elitism_none,38,activity_list,1000,0,50.0,0.9,0.1,60.0,tournament,pmx,inversion,random,3.0,True,True,none,5.0,,,,,,,,,,,,,,,,,,,,,,,,,,,,,,,,,,,,,,,,,,,
J30_1.RCP,,156.51315789473688,0.4710731506347656,GA_tournament_pmx_inversion_random_repair_elitism_swap,38,activity_list,1000,0,50.0,0.9,0.1,60.0,tournament,pmx,inversion,random,3.0,True,True,swap,5.0,,,,,,,,,,,,,,,,,,,,,,,,,,,,,,,,,,,,,,,,,,,
J30_1.RCP,,156.51315789473688,0.6208629608154297,GA_tournament_pmx_inversion_random_repair_noElitism_none,38,activity_list,1000,0,50.0,0.9,0.1,60.0,tournament,pmx,inversion,random,3.0,True,False,none,5.0,,,,,,,,,,,,,,,,,,,,,,,,,,,,,,,,,,,,,,,,,,,
J30_1.RCP,,156.51315789473688,0.6207659244537354,GA_tournament_pmx_inversion_random_repair_noElitism_swap,38,activity_list,1000,0,50.0,0.9,0.1,60.0,tournament,pmx,inversion,random,3.0,True,False,swap,5.0,,,,,,,,,,,,,,,,,,,,,,,,,,,,,,,,,,,,,,,,,,,
J30_1.RCP,,156.51315789473688,0.3683929443359375,GA_tournament_pmx_inversion_random_noRepair_elitism_none,38,activity_list,1000,0,50.0,0.9,0.1,60.0,tournament,pmx,inversion,random,3.0,False,True,none,5.0,,,,,,,,,,,,,,,,,,,,,,,,,,,,,,,,,,,,,,,,,,,
J30_1.RCP,,156.51315789473688,0.3771169185638428,GA_tournament_pmx_inversion_random_noRepair_elitism_swap,38,activity_list,1000,0,50.0,0.9,0.1,60.0,tournament,pmx,inversion,random,3.0,False,True,swap,5.0,,,,,,,,,,,,,,,,,,,,,,,,,,,,,,,,,,,,,,,,,,,
J30_1.RCP,,156.51315789473688,0.37078094482421875,GA_tournament_pmx_inversion_random_noRepair_noElitism_none,38,activity_list,1000,0,50.0,0.9,0.1,60.0,tournament,pmx,inversion,random,3.0,False,False,none,5.0,,,,,,,,,,,,,,,,,,,,,,,,,,,,,,,,,,,,,,,,,,,
J30_1.RCP,,156.51315789473688,0.36807703971862793,GA_tournament_pmx_inversion_random_noRepair_noElitism_swap,38,activity_list,1000,0,50.0,0.9,0.1,60.0,tournament,pmx,inversion,random,3.0,False,False,swap,5.0,,,,,,,,,,,,,,,,,,,,,,,,,,,,,,,,,,,,,,,,,,,
J30_1.RCP,,156.51315789473688,0.46132898330688477,GA_tournament_pmx_inversion_forward_repair_elitism_none,38,activity_list,1000,0,50.0,0.9,0.1,60.0,tournament,pmx,inversion,forward,3.0,True,True,none,5.0,,,,,,,,,,,,,,,,,,,,,,,,,,,,,,,,,,,,,,,,,,,
J30_1.RCP,,156.51315789473688,0.47759389877319336,GA_tournament_pmx_inversion_forward_repair_elitism_swap,38,activity_list,1000,0,50.0,0.9,0.1,60.0,tournament,pmx,inversion,forward,3.0,True,True,swap,5.0,,,,,,,,,,,,,,,,,,,,,,,,,,,,,,,,,,,,,,,,,,,
J30_1.RCP,,156.51315789473688,0.6411080360412598,GA_tournament_pmx_inversion_forward_repair_noElitism_none,38,activity_list,1000,0,50.0,0.9,0.1,60.0,tournament,pmx,inversion,forward,3.0,True,False,none,5.0,,,,,,,,,,,,,,,,,,,,,,,,,,,,,,,,,,,,,,,,,,,
J30_1.RCP,,156.51315789473688,0.6327548027038574,GA_tournament_pmx_inversion_forward_repair_noElitism_swap,38,activity_list,1000,0,50.0,0.9,0.1,60.0,tournament,pmx,inversion,forward,3.0,True,False,swap,5.0,,,,,,,,,,,,,,,,,,,,,,,,,,,,,,,,,,,,,,,,,,,
J30_1.RCP,,156.51315789473688,0.36911678314208984,GA_tournament_pmx_inversion_forward_noRepair_elitism_none,38,activity_list,1000,0,50.0,0.9,0.1,60.0,tournament,pmx,inversion,forward,3.0,False,True,none,5.0,,,,,,,,,,,,,,,,,,,,,,,,,,,,,,,,,,,,,,,,,,,
J30_1.RCP,,156.51315789473688,0.37441110610961914,GA_tournament_pmx_inversion_forward_noRepair_elitism_swap,38,activity_list,1000,0,50.0,0.9,0.1,60.0,tournament,pmx,inversion,forward,3.0,False,True,swap,5.0,,,,,,,,,,,,,,,,,,,,,,,,,,,,,,,,,,,,,,,,,,,
J30_1.RCP,,156.51315789473688,0.36508893966674805,GA_tournament_pmx_inversion_forward_noRepair_noElitism_none,38,activity_list,1000,0,50.0,0.9,0.1,60.0,tournament,pmx,inversion,forward,3.0,False,False,none,5.0,,,,,,,,,,,,,,,,,,,,,,,,,,,,,,,,,,,,,,,,,,,
J30_1.RCP,,156.51315789473688,0.3733208179473877,GA_tournament_pmx_inversion_forward_noRepair_noElitism_swap,38,activity_list,1000,0,50.0,0.9,0.1,60.0,tournament,pmx,inversion,forward,3.0,False,False,swap,5.0,,,,,,,,,,,,,,,,,,,,,,,,,,,,,,,,,,,,,,,,,,,
J30_1.RCP,,156.51315789473688,0.45453500747680664,GA_tournament_pmx_scramble_random_repair_elitism_none,38,activity_list,1000,0,50.0,0.9,0.1,60.0,tournament,pmx,scramble,random,3.0,True,True,none,5.0,,,,,,,,,,,,,,,,,,,,,,,,,,,,,,,,,,,,,,,,,,,
J30_1.RCP,,156.51315789473688,0.47386908531188965,GA_tournament_pmx_scramble_random_repair_elitism_swap,38,activity_list,1000,0,50.0,0.9,0.1,60.0,tournament,pmx,scramble,random,3.0,True,True,swap,5.0,,,,,,,,,,,,,,,,,,,,,,,,,,,,,,,,,,,,,,,,,,,
J30_1.RCP,,156.51315789473688,0.6250510215759277,GA_tournament_pmx_scramble_random_repair_noElitism_none,38,activity_list,1000,0,50.0,0.9,0.1,60.0,tournament,pmx,scramble,random,3.0,True,False,none,5.0,,,,,,,,,,,,,,,,,,,,,,,,,,,,,,,,,,,,,,,,,,,
J30_1.RCP,,156.51315789473688,0.6254210472106934,GA_tournament_pmx_scramble_random_repair_noElitism_swap,38,activity_list,1000,0,50.0,0.9,0.1,60.0,tournament,pmx,scramble,random,3.0,True,False,swap,5.0,,,,,,,,,,,,,,,,,,,,,,,,,,,,,,,,,,,,,,,,,,,
J30_1.RCP,,156.51315789473688,0.36676812171936035,GA_tournament_pmx_scramble_random_noRepair_elitism_none,38,activity_list,1000,0,50.0,0.9,0.1,60.0,tournament,pmx,scramble,random,3.0,False,True,none,5.0,,,,,,,,,,,,,,,,,,,,,,,,,,,,,,,,,,,,,,,,,,,
J30_1.RCP,,156.51315789473688,0.3764629364013672,GA_tournament_pmx_scramble_random_noRepair_elitism_swap,38,activity_list,1000,0,50.0,0.9,0.1,60.0,tournament,pmx,scramble,random,3.0,False,True,swap,5.0,,,,,,,,,,,,,,,,,,,,,,,,,,,,,,,,,,,,,,,,,,,
J30_1.RCP,,156.51315789473688,0.3722970485687256,GA_tournament_pmx_scramble_random_noRepair_noElitism_none,38,activity_list,1000,0,50.0,0.9,0.1,60.0,tournament,pmx,scramble,random,3.0,False,False,none,5.0,,,,,,,,,,,,,,,,,,,,,,,,,,,,,,,,,,,,,,,,,,,
J30_1.RCP,,156.51315789473688,0.37138891220092773,GA_tournament_pmx_scramble_random_noRepair_noElitism_swap,38,activity_list,1000,0,50.0,0.9,0.1,60.0,tournament,pmx,scramble,random,3.0,False,False,swap,5.0,,,,,,,,,,,,,,,,,,,,,,,,,,,,,,,,,,,,,,,,,,,
J30_1.RCP,,156.51315789473688,0.4655187129974365,GA_tournament_pmx_scramble_forward_repair_elitism_none,38,activity_list,1000,0,50.0,0.9,0.1,60.0,tournament,pmx,scramble,forward,3.0,True,True,none,5.0,,,,,,,,,,,,,,,,,,,,,,,,,,,,,,,,,,,,,,,,,,,
J30_1.RCP,,156.51315789473688,0.4824037551879883,GA_tournament_pmx_scramble_forward_repair_elitism_swap,38,activity_list,1000,0,50.0,0.9,0.1,60.0,tournament,pmx,scramble,forward,3.0,True,True,swap,5.0,,,,,,,,,,,,,,,,,,,,,,,,,,,,,,,,,,,,,,,,,,,
J30_1.RCP,,156.51315789473688,0.6362020969390869,GA_tournament_pmx_scramble_forward_repair_noElitism_none,38,activity_list,1000,0,50.0,0.9,0.1,60.0,tournament,pmx,scramble,forward,3.0,True,False,none,5.0,,,,,,,,,,,,,,,,,,,,,,,,,,,,,,,,,,,,,,,,,,,
J30_1.RCP,,156.51315789473688,0.6338968276977539,GA_tournament_pmx_scramble_forward_repair_noElitism_swap,38,activity_list,1000,0,50.0,0.9,0.1,60.0,tournament,pmx,scramble,forward,3.0,True,False,swap,5.0,,,,,,,,,,,,,,,,,,,,,,,,,,,,,,,,,,,,,,,,,,,
J30_1.RCP,,156.51315789473688,0.36694788932800293,GA_tournament_pmx_scramble_forward_noRepair_elitism_none,38,activity_list,1000,0,50.0,0.9,0.1,60.0,tournament,pmx,scramble,forward,3.0,False,True,none,5.0,,,,,,,,,,,,,,,,,,,,,,,,,,,,,,,,,,,,,,,,,,,
J30_1.RCP,,156.51315789473688,0.3879070281982422,GA_tournament_pmx_scramble_forward_noRepair_elitism_swap,38,activity_list,1000,0,50.0,0.9,0.1,60.0,tournament,pmx,scramble,forward,3.0,False,True,swap,5.0,,,,,,,,,,,,,,,,,,,,,,,,,,,,,,,,,,,,,,,,,,,
J30_1.RCP,,156.51315789473688,0.3678548336029053,GA_tournament_pmx_scramble_forward_noRepair_noElitism_none,38,activity_list,1000,0,50.0,0.9,0.1,60.0,tournament,pmx,scramble,forward,3.0,False,False,none,5.0,,,,,,,,,,,,,,,,,,,,,,,,,,,,,,,,,,,,,,,,,,,
J30_1.RCP,,156.51315789473688,0.37458014488220215,GA_tournament_pmx_scramble_forward_noRepair_noElitism_swap,38,activity_list,1000,0,50.0,0.9,0.1,60.0,tournament,pmx,scramble,forward,3.0,False,False,swap,5.0,,,,,,,,,,,,,,,,,,,,,,,,,,,,,,,,,,,,,,,,,,,
J30_1.RCP,,156.51315789473688,0.45934319496154785,GA_tournament_order_swap_random_repair_elitism_none,38,activity_list,1000,0,50.0,0.9,0.1,60.0,tournament,order,swap,random,3.0,True,True,none,5.0,,,,,,,,,,,,,,,,,,,,,,,,,,,,,,,,,,,,,,,,,,,
J30_1.RCP,,156.51315789473688,0.47482776641845703,GA_tournament_order_swap_random_repair_elitism_swap,38,activity_list,1000,0,50.0,0.9,0.1,60.0,tournament,order,swap,random,3.0,True,True,swap,5.0,,,,,,,,,,,,,,,,,,,,,,,,,,,,,,,,,,,,,,,,,,,
J30_1.RCP,,156.51315789473688,0.6244809627532959,GA_tournament_order_swap_random_repair_noElitism_none,38,activity_list,1000,0,50.0,0.9,0.1,60.0,tournament,order,swap,random,3.0,True,False,none,5.0,,,,,,,,,,,,,,,,,,,,,,,,,,,,,,,,,,,,,,,,,,,
J30_1.RCP,,156.51315789473688,0.630281925201416,GA_tournament_order_swap_random_repair_noElitism_swap,38,activity_list,1000,0,50.0,0.9,0.1,60.0,tournament,order,swap,random,3.0,True,False,swap,5.0,,,,,,,,,,,,,,,,,,,,,,,,,,,,,,,,,,,,,,,,,,,
J30_1.RCP,,156.51315789473688,0.36277198791503906,GA_tournament_order_swap_random_noRepair_elitism_none,38,activity_list,1000,0,50.0,0.9,0.1,60.0,tournament,order,swap,random,3.0,False,True,none,5.0,,,,,,,,,,,,,,,,,,,,,,,,,,,,,,,,,,,,,,,,,,,
J30_1.RCP,,156.51315789473688,0.3796229362487793,GA_tournament_order_swap_random_noRepair_elitism_swap,38,activity_list,1000,0,50.0,0.9,0.1,60.0,tournament,order,swap,random,3.0,False,True,swap,5.0,,,,,,,,,,,,,,,,,,,,,,,,,,,,,,,,,,,,,,,,,,,
J30_1.RCP,,156.51315789473688,0.3616502285003662,GA_tournament_order_swap_random_noRepair_noElitism_none,38,activity_list,1000,0,50.0,0.9,0.1,60.0,tournament,order,swap,random,3.0,False,False,none,5.0,,,,,,,,,,,,,,,,,,,,,,,,,,,,,,,,,,,,,,,,,,,
J30_1.RCP,,156.51315789473688,0.36420297622680664,GA_tournament_order_swap_random_noRepair_noElitism_swap,38,activity_list,1000,0,50.0,0.9,0.1,60.0,tournament,order,swap,random,3.0,False,False,swap,5.0,,,,,,,,,,,,,,,,,,,,,,,,,,,,,,,,,,,,,,,,,,,
J30_1.RCP,,156.51315789473688,0.46863293647766113,GA_tournament_order_swap_forward_repair_elitism_none,38,activity_list,1000,0,50.0,0.9,0.1,60.0,tournament,order,swap,forward,3.0,True,True,none,5.0,,,,,,,,,,,,,,,,,,,,,,,,,,,,,,,,,,,,,,,,,,,
J30_1.RCP,,156.51315789473688,0.4803731441497803,GA_tournament_order_swap_forward_repair_elitism_swap,38,activity_list,1000,0,50.0,0.9,0.1,60.0,tournament,order,swap,forward,3.0,True,True,swap,5.0,,,,,,,,,,,,,,,,,,,,,,,,,,,,,,,,,,,,,,,,,,,
J30_1.RCP,,156.51315789473688,0.6461539268493652,GA_tournament_order_swap_forward_repair_noElitism_none,38,activity_list,1000,0,50.0,0.9,0.1,60.0,tournament,order,swap,forward,3.0,True,False,none,5.0,,,,,,,,,,,,,,,,,,,,,,,,,,,,,,,,,,,,,,,,,,,
J30_1.RCP,,156.51315789473688,0.6410131454467773,GA_tournament_order_swap_forward_repair_noElitism_swap,38,activity_list,1000,0,50.0,0.9,0.1,60.0,tournament,order,swap,forward,3.0,True,False,swap,5.0,,,,,,,,,,,,,,,,,,,,,,,,,,,,,,,,,,,,,,,,,,,
J30_1.RCP,,156.51315789473688,0.37622594833374023,GA_tournament_order_swap_forward_noRepair_elitism_none,38,activity_list,1000,0,50.0,0.9,0.1,60.0,tournament,order,swap,forward,3.0,False,True,none,5.0,,,,,,,,,,,,,,,,,,,,,,,,,,,,,,,,,,,,,,,,,,,
J30_1.RCP,,156.51315789473688,0.37921929359436035,GA_tournament_order_swap_forward_noRepair_elitism_swap,38,activity_list,1000,0,50.0,0.9,0.1,60.0,tournament,order,swap,forward,3.0,False,True,swap,5.0,,,,,,,,,,,,,,,,,,,,,,,,,,,,,,,,,,,,,,,,,,,
J30_1.RCP,,156.51315789473688,0.3656120300292969,GA_tournament_order_swap_forward_noRepair_noElitism_none,38,activity_list,1000,0,50.0,0.9,0.1,60.0,tournament,order,swap,forward,3.0,False,False,none,5.0,,,,,,,,,,,,,,,,,,,,,,,,,,,,,,,,,,,,,,,,,,,
J30_1.RCP,,156.51315789473688,0.3717498779296875,GA_tournament_order_swap_forward_noRepair_noElitism_swap,38,activity_list,1000,0,50.0,0.9,0.1,60.0,tournament,order,swap,forward,3.0,False,False,swap,5.0,,,,,,,,,,,,,,,,,,,,,,,,,,,,,,,,,,,,,,,,,,,
J30_1.RCP,,156.51315789473688,0.45470190048217773,GA_tournament_order_insertion_random_repair_elitism_none,38,activity_list,1000,0,50.0,0.9,0.1,60.0,tournament,order,insertion,random,3.0,True,True,none,5.0,,,,,,,,,,,,,,,,,,,,,,,,,,,,,,,,,,,,,,,,,,,
J30_1.RCP,,156.51315789473688,0.4743611812591553,GA_tournament_order_insertion_random_repair_elitism_swap,38,activity_list,1000,0,50.0,0.9,0.1,60.0,tournament,order,insertion,random,3.0,True,True,swap,5.0,,,,,,,,,,,,,,,,,,,,,,,,,,,,,,,,,,,,,,,,,,,
J30_1.RCP,,156.51315789473688,0.636728048324585,GA_tournament_order_insertion_random_repair_noElitism_none,38,activity_list,1000,0,50.0,0.9,0.1,60.0,tournament,order,insertion,random,3.0,True,False,none,5.0,,,,,,,,,,,,,,,,,,,,,,,,,,,,,,,,,,,,,,,,,,,
J30_1.RCP,,156.51315789473688,0.62996506690979,GA_tournament_order_insertion_random_repair_noElitism_swap,38,activity_list,1000,0,50.0,0.9,0.1,60.0,tournament,order,insertion,random,3.0,True,False,swap,5.0,,,,,,,,,,,,,,,,,,,,,,,,,,,,,,,,,,,,,,,,,,,
J30_1.RCP,,156.51315789473688,0.36464929580688477,GA_tournament_order_insertion_random_noRepair_elitism_none,38,activity_list,1000,0,50.0,0.9,0.1,60.0,tournament,order,insertion,random,3.0,False,True,none,5.0,,,,,,,,,,,,,,,,,,,,,,,,,,,,,,,,,,,,,,,,,,,
J30_1.RCP,,156.51315789473688,0.37852907180786133,GA_tournament_order_insertion_random_noRepair_elitism_swap,38,activity_list,1000,0,50.0,0.9,0.1,60.0,tournament,order,insertion,random,3.0,False,True,swap,5.0,,,,,,,,,,,,,,,,,,,,,,,,,,,,,,,,,,,,,,,,,,,
J30_1.RCP,,156.51315789473688,0.3632040023803711,GA_tournament_order_insertion_random_noRepair_noElitism_none,38,activity_list,1000,0,50.0,0.9,0.1,60.0,tournament,order,insertion,random,3.0,False,False,none,5.0,,,,,,,,,,,,,,,,,,,,,,,,,,,,,,,,,,,,,,,,,,,
J30_1.RCP,,156.51315789473688,0.3644239902496338,GA_tournament_order_insertion_random_noRepair_noElitism_swap,38,activity_list,1000,0,50.0,0.9,0.1,60.0,tournament,order,insertion,random,3.0,False,False,swap,5.0,,,,,,,,,,,,,,,,,,,,,,,,,,,,,,,,,,,,,,,,,,,
J30_1.RCP,,156.51315789473688,0.4702568054199219,GA_tournament_order_insertion_forward_repair_elitism_none,38,activity_list,1000,0,50.0,0.9,0.1,60.0,tournament,order,insertion,forward,3.0,True,True,none,5.0,,,,,,,,,,,,,,,,,,,,,,,,,,,,,,,,,,,,,,,,,,,
J30_1.RCP,,156.51315789473688,0.4809889793395996,GA_tournament_order_insertion_forward_repair_elitism_swap,38,activity_list,1000,0,50.0,0.9,0.1,60.0,tournament,order,insertion,forward,3.0,True,True,swap,5.0,,,,,,,,,,,,,,,,,,,,,,,,,,,,,,,,,,,,,,,,,,,
J30_1.RCP,,156.51315789473688,0.6474041938781738,GA_tournament_order_insertion_forward_repair_noElitism_none,38,activity_list,1000,0,50.0,0.9,0.1,60.0,tournament,order,insertion,forward,3.0,True,False,none,5.0,,,,,,,,,,,,,,,,,,,,,,,,,,,,,,,,,,,,,,,,,,,
J30_1.RCP,,156.51315789473688,0.6339437961578369,GA_tournament_order_insertion_forward_repair_noElitism_swap,38,activity_list,1000,0,50.0,0.9,0.1,60.0,tournament,order,insertion,forward,3.0,True,False,swap,5.0,,,,,,,,,,,,,,,,,,,,,,,,,,,,,,,,,,,,,,,,,,,
J30_1.RCP,,156.51315789473688,0.36759090423583984,GA_tournament_order_insertion_forward_noRepair_elitism_none,38,activity_list,1000,0,50.0,0.9,0.1,60.0,tournament,order,insertion,forward,3.0,False,True,none,5.0,,,,,,,,,,,,,,,,,,,,,,,,,,,,,,,,,,,,,,,,,,,
J30_1.RCP,,156.51315789473688,0.37923097610473633,GA_tournament_order_insertion_forward_noRepair_elitism_swap,38,activity_list,1000,0,50.0,0.9,0.1,60.0,tournament,order,insertion,forward,3.0,False,True,swap,5.0,,,,,,,,,,,,,,,,,,,,,,,,,,,,,,,,,,,,,,,,,,,
J30_1.RCP,,156.51315789473688,0.37125086784362793,GA_tournament_order_insertion_forward_noRepair_noElitism_none,38,activity_list,1000,0,50.0,0.9,0.1,60.0,tournament,order,insertion,forward,3.0,False,False,none,5.0,,,,,,,,,,,,,,,,,,,,,,,,,,,,,,,,,,,,,,,,,,,
J30_1.RCP,,156.51315789473688,0.3731980323791504,GA_tournament_order_insertion_forward_noRepair_noElitism_swap,38,activity_list,1000,0,50.0,0.9,0.1,60.0,tournament,order,insertion,forward,3.0,False,False,swap,5.0,,,,,,,,,,,,,,,,,,,,,,,,,,,,,,,,,,,,,,,,,,,
J30_1.RCP,,156.51315789473688,0.4588899612426758,GA_tournament_order_inversion_random_repair_elitism_none,38,activity_list,1000,0,50.0,0.9,0.1,60.0,tournament,order,inversion,random,3.0,True,True,none,5.0,,,,,,,,,,,,,,,,,,,,,,,,,,,,,,,,,,,,,,,,,,,
J30_1.RCP,,156.51315789473688,0.47322607040405273,GA_tournament_order_inversion_random_repair_elitism_swap,38,activity_list,1000,0,50.0,0.9,0.1,60.0,tournament,order,inversion,random,3.0,True,True,swap,5.0,,,,,,,,,,,,,,,,,,,,,,,,,,,,,,,,,,,,,,,,,,,
J30_1.RCP,,156.51315789473688,0.6296401023864746,GA_tournament_order_inversion_random_repair_noElitism_none,38,activity_list,1000,0,50.0,0.9,0.1,60.0,tournament,order,inversion,random,3.0,True,False,none,5.0,,,,,,,,,,,,,,,,,,,,,,,,,,,,,,,,,,,,,,,,,,,
J30_1.RCP,,156.51315789473688,0.6273331642150879,GA_tournament_order_inversion_random_repair_noElitism_swap,38,activity_list,1000,0,50.0,0.9,0.1,60.0,tournament,order,inversion,random,3.0,True,False,swap,5.0,,,,,,,,,,,,,,,,,,,,,,,,,,,,,,,,,,,,,,,,,,,
J30_1.RCP,,156.51315789473688,0.3675267696380615,GA_tournament_order_inversion_random_noRepair_elitism_none,38,activity_list,1000,0,50.0,0.9,0.1,60.0,tournament,order,inversion,random,3.0,False,True,none,5.0,,,,,,,,,,,,,,,,,,,,,,,,,,,,,,,,,,,,,,,,,,,
J30_1.RCP,,156.51315789473688,0.37686872482299805,GA_tournament_order_inversion_random_noRepair_elitism_swap,38,activity_list,1000,0,50.0,0.9,0.1,60.0,tournament,order,inversion,random,3.0,False,True,swap,5.0,,,,,,,,,,,,,,,,,,,,,,,,,,,,,,,,,,,,,,,,,,,
J30_1.RCP,,156.51315789473688,0.36483311653137207,GA_tournament_order_inversion_random_noRepair_noElitism_none,38,activity_list,1000,0,50.0,0.9,0.1,60.0,tournament,order,inversion,random,3.0,False,False,none,5.0,,,,,,,,,,,,,,,,,,,,,,,,,,,,,,,,,,,,,,,,,,,
J30_1.RCP,,156.51315789473688,0.36321496963500977,GA_tournament_order_inversion_random_noRepair_noElitism_swap,38,activity_list,1000,0,50.0,0.9,0.1,60.0,tournament,order,inversion,random,3.0,False,False,swap,5.0,,,,,,,,,,,,,,,,,,,,,,,,,,,,,,,,,,,,,,,,,,,
J30_1.RCP,,156.51315789473688,0.46865010261535645,GA_tournament_order_inversion_forward_repair_elitism_none,38,activity_list,1000,0,50.0,0.9,0.1,60.0,tournament,order,inversion,forward,3.0,True,True,none,5.0,,,,,,,,,,,,,,,,,,,,,,,,,,,,,,,,,,,,,,,,,,,
J30_1.RCP,,156.51315789473688,0.47669076919555664,GA_tournament_order_inversion_forward_repair_elitism_swap,38,activity_list,1000,0,50.0,0.9,0.1,60.0,tournament,order,inversion,forward,3.0,True,True,swap,5.0,,,,,,,,,,,,,,,,,,,,,,,,,,,,,,,,,,,,,,,,,,,
J30_1.RCP,,156.51315789473688,0.6432220935821533,GA_tournament_order_inversion_forward_repair_noElitism_none,38,activity_list,1000,0,50.0,0.9,0.1,60.0,tournament,order,inversion,forward,3.0,True,False,none,5.0,,,,,,,,,,,,,,,,,,,,,,,,,,,,,,,,,,,,,,,,,,,
J30_1.RCP,,156.51315789473688,0.6394491195678711,GA_tournament_order_inversion_forward_repair_noElitism_swap,38,activity_list,1000,0,50.0,0.9,0.1,60.0,tournament,order,inversion,forward,3.0,True,False,swap,5.0,,,,,,,,,,,,,,,,,,,,,,,,,,,,,,,,,,,,,,,,,,,
J30_1.RCP,,156.51315789473688,0.36997389793395996,GA_tournament_order_inversion_forward_noRepair_elitism_none,38,activity_list,1000,0,50.0,0.9,0.1,60.0,tournament,order,inversion,forward,3.0,False,True,none,5.0,,,,,,,,,,,,,,,,,,,,,,,,,,,,,,,,,,,,,,,,,,,
J30_1.RCP,,156.51315789473688,0.37915515899658203,GA_tournament_order_inversion_forward_noRepair_elitism_swap,38,activity_list,1000,0,50.0,0.9,0.1,60.0,tournament,order,inversion,forward,3.0,False,True,swap,5.0,,,,,,,,,,,,,,,,,,,,,,,,,,,,,,,,,,,,,,,,,,,
J30_1.RCP,,156.51315789473688,0.37105512619018555,GA_tournament_order_inversion_forward_noRepair_noElitism_none,38,activity_list,1000,0,50.0,0.9,0.1,60.0,tournament,order,inversion,forward,3.0,False,False,none,5.0,,,,,,,,,,,,,,,,,,,,,,,,,,,,,,,,,,,,,,,,,,,
J30_1.RCP,,156.51315789473688,0.3722231388092041,GA_tournament_order_inversion_forward_noRepair_noElitism_swap,38,activity_list,1000,0,50.0,0.9,0.1,60.0,tournament,order,inversion,forward,3.0,False,False,swap,5.0,,,,,,,,,,,,,,,,,,,,,,,,,,,,,,,,,,,,,,,,,,,
J30_1.RCP,,156.51315789473688,0.45822787284851074,GA_tournament_order_scramble_random_repair_elitism_none,38,activity_list,1000,0,50.0,0.9,0.1,60.0,tournament,order,scramble,random,3.0,True,True,none,5.0,,,,,,,,,,,,,,,,,,,,,,,,,,,,,,,,,,,,,,,,,,,
J30_1.RCP,,156.51315789473688,0.4777190685272217,GA_tournament_order_scramble_random_repair_elitism_swap,38,activity_list,1000,0,50.0,0.9,0.1,60.0,tournament,order,scramble,random,3.0,True,True,swap,5.0,,,,,,,,,,,,,,,,,,,,,,,,,,,,,,,,,,,,,,,,,,,
J30_1.RCP,,156.51315789473688,0.6337950229644775,GA_tournament_order_scramble_random_repair_noElitism_none,38,activity_list,1000,0,50.0,0.9,0.1,60.0,tournament,order,scramble,random,3.0,True,False,none,5.0,,,,,,,,,,,,,,,,,,,,,,,,,,,,,,,,,,,,,,,,,,,
J30_1.RCP,,156.51315789473688,0.6382977962493896,GA_tournament_order_scramble_random_repair_noElitism_swap,38,activity_list,1000,0,50.0,0.9,0.1,60.0,tournament,order,scramble,random,3.0,True,False,swap,5.0,,,,,,,,,,,,,,,,,,,,,,,,,,,,,,,,,,,,,,,,,,,
J30_1.RCP,,156.51315789473688,0.3678560256958008,GA_tournament_order_scramble_random_noRepair_elitism_none,38,activity_list,1000,0,50.0,0.9,0.1,60.0,tournament,order,scramble,random,3.0,False,True,none,5.0,,,,,,,,,,,,,,,,,,,,,,,,,,,,,,,,,,,,,,,,,,,
J30_1.RCP,,156.51315789473688,0.3758890628814697,GA_tournament_order_scramble_random_noRepair_elitism_swap,38,activity_list,1000,0,50.0,0.9,0.1,60.0,tournament,order,scramble,random,3.0,False,True,swap,5.0,,,,,,,,,,,,,,,,,,,,,,,,,,,,,,,,,,,,,,,,,,,
J30_1.RCP,,156.51315789473688,0.366574764251709,GA_tournament_order_scramble_random_noRepair_noElitism_none,38,activity_list,1000,0,50.0,0.9,0.1,60.0,tournament,order,scramble,random,3.0,False,False,none,5.0,,,,,,,,,,,,,,,,,,,,,,,,,,,,,,,,,,,,,,,,,,,
J30_1.RCP,,156.51315789473688,0.36635494232177734,GA_tournament_order_scramble_random_noRepair_noElitism_swap,38,activity_list,1000,0,50.0,0.9,0.1,60.0,tournament,order,scramble,random,3.0,False,False,swap,5.0,,,,,,,,,,,,,,,,,,,,,,,,,,,,,,,,,,,,,,,,,,,
J30_1.RCP,,156.51315789473688,0.4657711982727051,GA_tournament_order_scramble_forward_repair_elitism_none,38,activity_list,1000,0,50.0,0.9,0.1,60.0,tournament,order,scramble,forward,3.0,True,True,none,5.0,,,,,,,,,,,,,,,,,,,,,,,,,,,,,,,,,,,,,,,,,,,
J30_1.RCP,,156.51315789473688,0.4841017723083496,GA_tournament_order_scramble_forward_repair_elitism_swap,38,activity_list,1000,0,50.0,0.9,0.1,60.0,tournament,order,scramble,forward,3.0,True,True,swap,5.0,,,,,,,,,,,,,,,,,,,,,,,,,,,,,,,,,,,,,,,,,,,
J30_1.RCP,,156.51315789473688,0.6466000080108643,GA_tournament_order_scramble_forward_repair_noElitism_none,38,activity_list,1000,0,50.0,0.9,0.1,60.0,tournament,order,scramble,forward,3.0,True,False,none,5.0,,,,,,,,,,,,,,,,,,,,,,,,,,,,,,,,,,,,,,,,,,,
J30_1.RCP,,156.51315789473688,0.6467180252075195,GA_tournament_order_scramble_forward_repair_noElitism_swap,38,activity_list,1000,0,50.0,0.9,0.1,60.0,tournament,order,scramble,forward,3.0,True,False,swap,5.0,,,,,,,,,,,,,,,,,,,,,,,,,,,,,,,,,,,,,,,,,,,
J30_1.RCP,,156.51315789473688,0.3665459156036377,GA_tournament_order_scramble_forward_noRepair_elitism_none,38,activity_list,1000,0,50.0,0.9,0.1,60.0,tournament,order,scramble,forward,3.0,False,True,none,5.0,,,,,,,,,,,,,,,,,,,,,,,,,,,,,,,,,,,,,,,,,,,
J30_1.RCP,,156.51315789473688,0.3799009323120117,GA_tournament_order_scramble_forward_noRepair_elitism_swap,38,activity_list,1000,0,50.0,0.9,0.1,60.0,tournament,order,scramble,forward,3.0,False,True,swap,5.0,,,,,,,,,,,,,,,,,,,,,,,,,,,,,,,,,,,,,,,,,,,
J30_1.RCP,,156.51315789473688,0.385800838470459,GA_tournament_order_scramble_forward_noRepair_noElitism_none,38,activity_list,1000,0,50.0,0.9,0.1,60.0,tournament,order,scramble,forward,3.0,False,False,none,5.0,,,,,,,,,,,,,,,,,,,,,,,,,,,,,,,,,,,,,,,,,,,
J30_1.RCP,,156.51315789473688,0.36873602867126465,GA_tournament_order_scramble_forward_noRepair_noElitism_swap,38,activity_list,1000,0,50.0,0.9,0.1,60.0,tournament,order,scramble,forward,3.0,False,False,swap,5.0,,,,,,,,,,,,,,,,,,,,,,,,,,,,,,,,,,,,,,,,,,,
J30_1.RCP,,156.51315789473688,0.45322322845458984,DE_rand_1_bin_random_withLS,38,activity_list,1000,0,50.0,,,60.0,,bin,rand/1,random,,,,,,100.0,0.5,0.9,False,False,True,5.0,0.3,1.5,0.3,1.0,,,,,,,,,,,,,,,,,,,,,,,,,,,,,,,,
J30_1.RCP,,156.51315789473688,0.44486308097839355,DE_rand_1_bin_random_noLS,38,activity_list,1000,0,50.0,,,60.0,,bin,rand/1,random,,,,,,100.0,0.5,0.9,False,False,False,5.0,0.3,1.5,0.3,1.0,,,,,,,,,,,,,,,,,,,,,,,,,,,,,,,,
J30_1.RCP,,156.51315789473688,0.4541051387786865,DE_rand_1_bin_forward_withLS,38,activity_list,1000,0,50.0,,,60.0,,bin,rand/1,forward,,,,,,100.0,0.5,0.9,False,False,True,5.0,0.3,1.5,0.3,1.0,,,,,,,,,,,,,,,,,,,,,,,,,,,,,,,,
J30_1.RCP,,156.51315789473688,0.4444270133972168,DE_rand_1_bin_forward_noLS,38,activity_list,1000,0,50.0,,,60.0,,bin,rand/1,forward,,,,,,100.0,0.5,0.9,False,False,False,5.0,0.3,1.5,0.3,1.0,,,,,,,,,,,,,,,,,,,,,,,,,,,,,,,,
J30_1.RCP,,156.51315789473688,0.44527673721313477,DE_rand_1_exp_random_withLS,38,activity_list,1000,0,50.0,,,60.0,,exp,rand/1,random,,,,,,100.0,0.5,0.9,False,False,True,5.0,0.3,1.5,0.3,1.0,,,,,,,,,,,,,,,,,,,,,,,,,,,,,,,,
J30_1.RCP,,156.51315789473688,0.44351887702941895,DE_rand_1_exp_random_noLS,38,activity_list,1000,0,50.0,,,60.0,,exp,rand/1,random,,,,,,100.0,0.5,0.9,False,False,False,5.0,0.3,1.5,0.3,1.0,,,,,,,,,,,,,,,,,,,,,,,,,,,,,,,,
J30_1.RCP,,156.51315789473688,0.45525217056274414,DE_rand_1_exp_forward_withLS,38,activity_list,1000,0,50.0,,,60.0,,exp,rand/1,forward,,,,,,100.0,0.5,0.9,False,False,True,5.0,0.3,1.5,0.3,1.0,,,,,,,,,,,,,,,,,,,,,,,,,,,,,,,,
J30_1.RCP,,156.51315789473688,0.44800877571105957,DE_rand_1_exp_forward_noLS,38,activity_list,1000,0,50.0,,,60.0,,exp,rand/1,forward,,,,,,100.0,0.5,0.9,False,False,False,5.0,0.3,1.5,0.3,1.0,,,,,,,,,,,,,,,,,,,,,,,,,,,,,,,,
J30_1.RCP,,156.51315789473688,0.4433131217956543,DE_best_1_bin_random_withLS,38,activity_list,1000,0,50.0,,,60.0,,bin,best/1,random,,,,,,100.0,0.5,0.9,False,False,True,5.0,0.3,1.5,0.3,1.0,,,,,,,,,,,,,,,,,,,,,,,,,,,,,,,,
J30_1.RCP,,156.51315789473688,0.4323239326477051,DE_best_1_bin_random_noLS,38,activity_list,1000,0,50.0,,,60.0,,bin,best/1,random,,,,,,100.0,0.5,0.9,False,False,False,5.0,0.3,1.5,0.3,1.0,,,,,,,,,,,,,,,,,,,,,,,,,,,,,,,,
J30_1.RCP,,156.51315789473688,0.45702505111694336,DE_best_1_bin_forward_withLS,38,activity_list,1000,0,50.0,,,60.0,,bin,best/1,forward,,,,,,100.0,0.5,0.9,False,False,True,5.0,0.3,1.5,0.3,1.0,,,,,,,,,,,,,,,,,,,,,,,,,,,,,,,,
J30_1.RCP,,156.51315789473688,0.4464728832244873,DE_best_1_bin_forward_noLS,38,activity_list,1000,0,50.0,,,60.0,,bin,best/1,forward,,,,,,100.0,0.5,0.9,False,False,False,5.0,0.3,1.5,0.3,1.0,,,,,,,,,,,,,,,,,,,,,,,,,,,,,,,,
J30_1.RCP,,156.51315789473688,0.4484689235687256,DE_best_1_exp_random_withLS,38,activity_list,1000,0,50.0,,,60.0,,exp,best/1,random,,,,,,100.0,0.5,0.9,False,False,True,5.0,0.3,1.5,0.3,1.0,,,,,,,,,,,,,,,,,,,,,,,,,,,,,,,,
J30_1.RCP,,156.51315789473688,0.4414989948272705,DE_best_1_exp_random_noLS,38,activity_list,1000,0,50.0,,,60.0,,exp,best/1,random,,,,,,100.0,0.5,0.9,False,False,False,5.0,0.3,1.5,0.3,1.0,,,,,,,,,,,,,,,,,,,,,,,,,,,,,,,,
J30_1.RCP,,156.51315789473688,0.4590582847595215,DE_best_1_exp_forward_withLS,38,activity_list,1000,0,50.0,,,60.0,,exp,best/1,forward,,,,,,100.0,0.5,0.9,False,False,True,5.0,0.3,1.5,0.3,1.0,,,,,,,,,,,,,,,,,,,,,,,,,,,,,,,,
J30_1.RCP,,156.51315789473688,0.45046496391296387,DE_best_1_exp_forward_noLS,38,activity_list,1000,0,50.0,,,60.0,,exp,best/1,forward,,,,,,100.0,0.5,0.9,False,False,False,5.0,0.3,1.5,0.3,1.0,,,,,,,,,,,,,,,,,,,,,,,,,,,,,,,,
J30_1.RCP,,156.51315789473688,0.4446449279785156,DE_rand_2_bin_random_withLS,38,activity_list,1000,0,50.0,,,60.0,,bin,rand/2,random,,,,,,100.0,0.5,0.9,False,False,True,5.0,0.3,1.5,0.3,1.0,,,,,,,,,,,,,,,,,,,,,,,,,,,,,,,,
J30_1.RCP,,156.51315789473688,0.43778300285339355,DE_rand_2_bin_random_noLS,38,activity_list,1000,0,50.0,,,60.0,,bin,rand/2,random,,,,,,100.0,0.5,0.9,False,False,False,5.0,0.3,1.5,0.3,1.0,,,,,,,,,,,,,,,,,,,,,,,,,,,,,,,,
J30_1.RCP,,156.51315789473688,0.4470810890197754,DE_rand_2_bin_forward_withLS,38,activity_list,1000,0,50.0,,,60.0,,bin,rand/2,forward,,,,,,100.0,0.5,0.9,False,False,True,5.0,0.3,1.5,0.3,1.0,,,,,,,,,,,,,,,,,,,,,,,,,,,,,,,,
J30_1.RCP,,156.51315789473688,0.44466090202331543,DE_rand_2_bin_forward_noLS,38,activity_list,1000,0,50.0,,,60.0,,bin,rand/2,forward,,,,,,100.0,0.5,0.9,False,False,False,5.0,0.3,1.5,0.3,1.0,,,,,,,,,,,,,,,,,,,,,,,,,,,,,,,,
J30_1.RCP,,156.51315789473688,0.44971799850463867,DE_rand_2_exp_random_withLS,38,activity_list,1000,0,50.0,,,60.0,,exp,rand/2,random,,,,,,100.0,0.5,0.9,False,False,True,5.0,0.3,1.5,0.3,1.0,,,,,,,,,,,,,,,,,,,,,,,,,,,,,,,,
J30_1.RCP,,156.51315789473688,0.4461202621459961,DE_rand_2_exp_random_noLS,38,activity_list,1000,0,50.0,,,60.0,,exp,rand/2,random,,,,,,100.0,0.5,0.9,False,False,False,5.0,0.3,1.5,0.3,1.0,,,,,,,,,,,,,,,,,,,,,,,,,,,,,,,,
J30_1.RCP,,156.51315789473688,0.453279972076416,DE_rand_2_exp_forward_withLS,38,activity_list,1000,0,50.0,,,60.0,,exp,rand/2,forward,,,,,,100.0,0.5,0.9,False,False,True,5.0,0.3,1.5,0.3,1.0,,,,,,,,,,,,,,,,,,,,,,,,,,,,,,,,
J30_1.RCP,,156.51315789473688,0.4465358257293701,DE_rand_2_exp_forward_noLS,38,activity_list,1000,0,50.0,,,60.0,,exp,rand/2,forward,,,,,,100.0,0.5,0.9,False,False,False,5.0,0.3,1.5,0.3,1.0,,,,,,,,,,,,,,,,,,,,,,,,,,,,,,,,
J30_1.RCP,,156.51315789473688,0.4422428607940674,DE_best_2_bin_random_withLS,38,activity_list,1000,0,50.0,,,60.0,,bin,best/2,random,,,,,,100.0,0.5,0.9,False,False,True,5.0,0.3,1.5,0.3,1.0,,,,,,,,,,,,,,,,,,,,,,,,,,,,,,,,
J30_1.RCP,,156.51315789473688,0.4356811046600342,DE_best_2_bin_random_noLS,38,activity_list,1000,0,50.0,,,60.0,,bin,best/2,random,,,,,,100.0,0.5,0.9,False,False,False,5.0,0.3,1.5,0.3,1.0,,,,,,,,,,,,,,,,,,,,,,,,,,,,,,,,
J30_1.RCP,,156.51315789473688,0.455456018447876,DE_best_2_bin_forward_withLS,38,activity_list,1000,0,50.0,,,60.0,,bin,best/2,forward,,,,,,100.0,0.5,0.9,False,False,True,5.0,0.3,1.5,0.3,1.0,,,,,,,,,,,,,,,,,,,,,,,,,,,,,,,,
J30_1.RCP,,156.51315789473688,0.45012712478637695,DE_best_2_bin_forward_noLS,38,activity_list,1000,0,50.0,,,60.0,,bin,best/2,forward,,,,,,100.0,0.5,0.9,False,False,False,5.0,0.3,1.5,0.3,1.0,,,,,,,,,,,,,,,,,,,,,,,,,,,,,,,,
J30_1.RCP,,156.51315789473688,0.4515700340270996,DE_best_2_exp_random_withLS,38,activity_list,1000,0,50.0,,,60.0,,exp,best/2,random,,,,,,100.0,0.5,0.9,False,False,True,5.0,0.3,1.5,0.3,1.0,,,,,,,,,,,,,,,,,,,,,,,,,,,,,,,,
J30_1.RCP,,156.51315789473688,0.4481039047241211,DE_best_2_exp_random_noLS,38,activity_list,1000,0,50.0,,,60.0,,exp,best/2,random,,,,,,100.0,0.5,0.9,False,False,False,5.0,0.3,1.5,0.3,1.0,,,,,,,,,,,,,,,,,,,,,,,,,,,,,,,,
J30_1.RCP,,156.51315789473688,0.4622988700866699,DE_best_2_exp_forward_withLS,38,activity_list,1000,0,50.0,,,60.0,,exp,best/2,forward,,,,,,100.0,0.5,0.9,False,False,True,5.0,0.3,1.5,0.3,1.0,,,,,,,,,,,,,,,,,,,,,,,,,,,,,,,,
J30_1.RCP,,156.51315789473688,0.4519491195678711,DE_best_2_exp_forward_noLS,38,activity_list,1000,0,50.0,,,60.0,,exp,best/2,forward,,,,,,100.0,0.5,0.9,False,False,False,5.0,0.3,1.5,0.3,1.0,,,,,,,,,,,,,,,,,,,,,,,,,,,,,,,,
J30_1.RCP,,156.51315789473688,0.4422268867492676,DE_current-to-best_1_bin_random_withLS,38,activity_list,1000,0,50.0,,,60.0,,bin,current-to-best/1,random,,,,,,100.0,0.5,0.9,False,False,True,5.0,0.3,1.5,0.3,1.0,,,,,,,,,,,,,,,,,,,,,,,,,,,,,,,,
J30_1.RCP,,156.51315789473688,0.44205713272094727,DE_current-to-best_1_bin_random_noLS,38,activity_list,1000,0,50.0,,,60.0,,bin,current-to-best/1,random,,,,,,100.0,0.5,0.9,False,False,False,5.0,0.3,1.5,0.3,1.0,,,,,,,,,,,,,,,,,,,,,,,,,,,,,,,,
J30_1.RCP,,156.51315789473688,0.45198702812194824,DE_current-to-best_1_bin_forward_withLS,38,activity_list,1000,0,50.0,,,60.0,,bin,current-to-best/1,forward,,,,,,100.0,0.5,0.9,False,False,True,5.0,0.3,1.5,0.3,1.0,,,,,,,,,,,,,,,,,,,,,,,,,,,,,,,,
J30_1.RCP,,156.51315789473688,0.4468989372253418,DE_current-to-best_1_bin_forward_noLS,38,activity_list,1000,0,50.0,,,60.0,,bin,current-to-best/1,forward,,,,,,100.0,0.5,0.9,False,False,False,5.0,0.3,1.5,0.3,1.0,,,,,,,,,,,,,,,,,,,,,,,,,,,,,,,,
J30_1.RCP,,156.51315789473688,0.4448390007019043,DE_current-to-best_1_exp_random_withLS,38,activity_list,1000,0,50.0,,,60.0,,exp,current-to-best/1,random,,,,,,100.0,0.5,0.9,False,False,True,5.0,0.3,1.5,0.3,1.0,,,,,,,,,,,,,,,,,,,,,,,,,,,,,,,,
J30_1.RCP,,156.51315789473688,0.44200992584228516,DE_current-to-best_1_exp_random_noLS,38,activity_list,1000,0,50.0,,,60.0,,exp,current-to-best/1,random,,,,,,100.0,0.5,0.9,False,False,False,5.0,0.3,1.5,0.3,1.0,,,,,,,,,,,,,,,,,,,,,,,,,,,,,,,,
J30_1.RCP,,156.51315789473688,0.4548931121826172,DE_current-to-best_1_exp_forward_withLS,38,activity_list,1000,0,50.0,,,60.0,,exp,current-to-best/1,forward,,,,,,100.0,0.5,0.9,False,False,True,5.0,0.3,1.5,0.3,1.0,,,,,,,,,,,,,,,,,,,,,,,,,,,,,,,,
J30_1.RCP,,156.51315789473688,0.45084619522094727,DE_current-to-best_1_exp_forward_noLS,38,activity_list,1000,0,50.0,,,60.0,,exp,current-to-best/1,forward,,,,,,100.0,0.5,0.9,False,False,False,5.0,0.3,1.5,0.3,1.0,,,,,,,,,,,,,,,,,,,,,,,,,,,,,,,,
J30_1.RCP,,156.51315789473688,0.4481821060180664,DE_adaptive_bin_random_withLS,38,activity_list,1000,0,50.0,,,60.0,,bin,adaptive,random,,,,,,100.0,0.5,0.9,False,False,True,5.0,0.3,1.5,0.3,1.0,,,,,,,,,,,,,,,,,,,,,,,,,,,,,,,,
J30_1.RCP,,156.51315789473688,0.4378540515899658,DE_adaptive_bin_random_noLS,38,activity_list,1000,0,50.0,,,60.0,,bin,adaptive,random,,,,,,100.0,0.5,0.9,False,False,False,5.0,0.3,1.5,0.3,1.0,,,,,,,,,,,,,,,,,,,,,,,,,,,,,,,,
J30_1.RCP,,156.51315789473688,0.4529571533203125,DE_adaptive_bin_forward_withLS,38,activity_list,1000,0,50.0,,,60.0,,bin,adaptive,forward,,,,,,100.0,0.5,0.9,False,False,True,5.0,0.3,1.5,0.3,1.0,,,,,,,,,,,,,,,,,,,,,,,,,,,,,,,,
J30_1.RCP,,156.51315789473688,0.4437699317932129,DE_adaptive_bin_forward_noLS,38,activity_list,1000,0,50.0,,,60.0,,bin,adaptive,forward,,,,,,100.0,0.5,0.9,False,False,False,5.0,0.3,1.5,0.3,1.0,,,,,,,,,,,,,,,,,,,,,,,,,,,,,,,,
J30_1.RCP,,156.51315789473688,0.45111703872680664,DE_adaptive_exp_random_withLS,38,activity_list,1000,0,50.0,,,60.0,,exp,adaptive,random,,,,,,100.0,0.5,0.9,False,False,True,5.0,0.3,1.5,0.3,1.0,,,,,,,,,,,,,,,,,,,,,,,,,,,,,,,,
J30_1.RCP,,156.51315789473688,0.45327210426330566,DE_adaptive_exp_random_noLS,38,activity_list,1000,0,50.0,,,60.0,,exp,adaptive,random,,,,,,100.0,0.5,0.9,False,False,False,5.0,0.3,1.5,0.3,1.0,,,,,,,,,,,,,,,,,,,,,,,,,,,,,,,,
J30_1.RCP,,156.51315789473688,0.45623087882995605,DE_adaptive_exp_forward_withLS,38,activity_list,1000,0,50.0,,,60.0,,exp,adaptive,forward,,,,,,100.0,0.5,0.9,False,False,True,5.0,0.3,1.5,0.3,1.0,,,,,,,,,,,,,,,,,,,,,,,,,,,,,,,,
J30_1.RCP,,156.51315789473688,0.448383092880249,DE_adaptive_exp_forward_noLS,38,activity_list,1000,0,50.0,,,60.0,,exp,adaptive,forward,,,,,,100.0,0.5,0.9,False,False,False,5.0,0.3,1.5,0.3,1.0,,,,,,,,,,,,,,,,,,,,,,,,,,,,,,,,
J30_1.RCP,,156.51315789473688,0.47081923484802246,PR_forward_best_withLS,38,activity_list,1000,0,,,,60.0,best,,,,,,,,,100.0,,,,,True,,,,,,10.0,forward,50.0,,,,,,,,,,,,,,,,,,,,,,,,,,,,,
J30_1.RCP,,156.51315789473688,0.47052788734436035,PR_forward_best_noLS,38,activity_list,1000,0,,,,60.0,best,,,,,,,,,100.0,,,,,False,,,,,,10.0,forward,50.0,,,,,,,,,,,,,,,,,,,,,,,,,,,,,
J30_1.RCP,,156.51315789473688,0.4653809070587158,PR_forward_random_two_withLS,38,activity_list,1000,0,,,,60.0,random_two,,,,,,,,,100.0,,,,,True,,,,,,10.0,forward,50.0,,,,,,,,,,,,,,,,,,,,,,,,,,,,,
J30_1.RCP,,156.51315789473688,0.10403823852539062,PR_forward_random_two_noLS,38,activity_list,1000,0,,,,60.0,random_two,,,,,,,,,100.0,,,,,False,,,,,,10.0,forward,50.0,,,,,,,,,,,,,,,,,,,,,,,,,,,,,
J30_1.RCP,,156.51315789473688,0.4632577896118164,PR_backward_best_withLS,38,activity_list,1000,0,,,,60.0,best,,,,,,,,,100.0,,,,,True,,,,,,10.0,backward,50.0,,,,,,,,,,,,,,,,,,,,,,,,,,,,,
J30_1.RCP,,156.51315789473688,0.4741201400756836,PR_backward_best_noLS,38,activity_list,1000,0,,,,60.0,best,,,,,,,,,100.0,,,,,False,,,,,,10.0,backward,50.0,,,,,,,,,,,,,,,,,,,,,,,,,,,,,
J30_1.RCP,,156.51315789473688,0.47057199478149414,PR_backward_random_two_withLS,38,activity_list,1000,0,,,,60.0,random_two,,,,,,,,,100.0,,,,,True,,,,,,10.0,backward,50.0,,,,,,,,,,,,,,,,,,,,,,,,,,,,,
J30_1.RCP,,156.51315789473688,0.1032719612121582,PR_backward_random_two_noLS,38,activity_list,1000,0,,,,60.0,random_two,,,,,,,,,100.0,,,,,False,,,,,,10.0,backward,50.0,,,,,,,,,,,,,,,,,,,,,,,,,,,,,
J30_1.RCP,,156.51315789473688,0.4670228958129883,PR_random_best_withLS,38,activity_list,1000,0,,,,60.0,best,,,,,,,,,100.0,,,,,True,,,,,,10.0,random,50.0,,,,,,,,,,,,,,,,,,,,,,,,,,,,,
J30_1.RCP,,156.51315789473688,0.4708387851715088,PR_random_best_noLS,38,activity_list,1000,0,,,,60.0,best,,,,,,,,,100.0,,,,,False,,,,,,10.0,random,50.0,,,,,,,,,,,,,,,,,,,,,,,,,,,,,
J30_1.RCP,,156.51315789473688,0.4678630828857422,PR_random_random_two_withLS,38,activity_list,1000,0,,,,60.0,random_two,,,,,,,,,100.0,,,,,True,,,,,,10.0,random,50.0,,,,,,,,,,,,,,,,,,,,,,,,,,,,,
J30_1.RCP,,156.51315789473688,0.10438299179077148,PR_random_random_two_noLS,38,activity_list,1000,0,,,,60.0,random_two,,,,,,,,,100.0,,,,,False,,,,,,10.0,random,50.0,,,,,,,,,,,,,,,,,,,,,,,,,,,,,
J30_1.RCP,,156.51315789473688,0.47053003311157227,PR_bidirectional_best_withLS,38,activity_list,1000,0,,,,60.0,best,,,,,,,,,100.0,,,,,True,,,,,,10.0,bidirectional,50.0,,,,,,,,,,,,,,,,,,,,,,,,,,,,,
J30_1.RCP,,156.51315789473688,0.4710078239440918,PR_bidirectional_best_noLS,38,activity_list,1000,0,,,,60.0,best,,,,,,,,,100.0,,,,,False,,,,,,10.0,bidirectional,50.0,,,,,,,,,,,,,,,,,,,,,,,,,,,,,
J30_1.RCP,,156.51315789473688,0.47043395042419434,PR_bidirectional_random_two_withLS,38,activity_list,1000,0,,,,60.0,random_two,,,,,,,,,100.0,,,,,True,,,,,,10.0,bidirectional,50.0,,,,,,,,,,,,,,,,,,,,,,,,,,,,,
J30_1.RCP,,156.51315789473688,0.10744023323059082,PR_bidirectional_random_two_noLS,38,activity_list,1000,0,,,,60.0,random_two,,,,,,,,,100.0,,,,,False,,,,,,10.0,bidirectional,50.0,,,,,,,,,,,,,,,,,,,,,,,,,,,,,
J30_1.RCP,,156.51315789473688,0.485353946685791,TS_static,38,activity_list,1000,0,,,,60.0,,,,,,,,,,100.0,,,,,,,,,,,,,,10.0,20.0,True,static,swap,1.0,4.0,10.0,,,,,,,,,,,,,,,,,,,,,
J30_1.RCP,,156.51315789473688,0.4880990982055664,TS_dynamic,38,activity_list,1000,0,,,,60.0,,,,,,,,,,100.0,,,,,,,,,,,,,,10.0,20.0,True,dynamic,swap,1.0,4.0,10.0,,,,,,,,,,,,,,,,,,,,,
J30_1.RCP,,156.51315789473688,0.5828907489776611,PSO_none_none,38,activity_list,1000,0,50.0,,,60.0,,,,,,,,none,,,,,,,,,,,,,,,,,,,,,,,,0.729,1.49445,1.49445,none,30.0,,,,,,,,,,,,,,,,
J30_1.RCP,,156.51315789473688,0.5984370708465576,PSO_none_adaptive,38,activity_list,1000,0,50.0,,,60.0,,,,,,,,none,,,,,,,,,,,,,,,,,,,,,,,,0.729,1.49445,1.49445,adaptive,30.0,,,,,,,,,,,,,,,,
J30_1.RCP,,156.51315789473688,0.5867102146148682,PSO_swap_none,38,activity_list,1000,0,50.0,,,60.0,,,,,,,,swap,,,,,,,,,,,,,,,,,,,,,,,,0.729,1.49445,1.49445,none,30.0,,,,,,,,,,,,,,,,
J30_1.RCP,,156.51315789473688,0.5624837875366211,PSO_swap_adaptive,38,activity_list,1000,0,50.0,,,60.0,,,,,,,,swap,,,,,,,,,,,,,,,,,,,,,,,,0.729,1.49445,1.49445,adaptive,30.0,,,,,,,,,,,,,,,,
J30_1.RCP,,156.51315789473688,0.48723578453063965,BA_none,38,activity_list,1000,0,50.0,,,60.0,,,,,,,,none,10.0,,,,,,,,,,,,,,,,,,,,,,,,,,,,0.0,2.0,1.0,0.5,0.9,0.9,,,,,,,,,,
J30_1.RCP,,156.51315789473688,0.47897911071777344,BA_swap,38,activity_list,1000,0,50.0,,,60.0,,,,,,,,swap,10.0,,,,,,,,,,,,,,,,,,,,,,,,,,,,0.0,2.0,1.0,0.5,0.9,0.9,,,,,,,,,,
J30_1.RCP,,156.51315789473688,0.9140679836273193,HS_fixed_random,38,activity_list,1000,0,,,,60.0,,,,random,,,,,,,,,,,,,,,,,,,,,,,,,,,,,,,,,,,,,,,50.0,0.9,0.3,0.1,0.9,fixed,,,,
J30_1.RCP,,156.51315789473688,0.8895611763000488,HS_fixed_forward,38,activity_list,1000,0,,,,60.0,,,,forward,,,,,,,,,,,,,,,,,,,,,,,,,,,,,,,,,,,,,,,50.0,0.9,0.3,0.1,0.9,fixed,,,,
J30_1.RCP,,156.51315789473688,0.9759361743927002,HS_adaptive_random,38,activity_list,1000,0,,,,60.0,,,,random,,,,,,,,,,,,,,,,,,,,,,,,,,,,,,,,,,,,,,,50.0,0.9,0.3,0.1,0.9,adaptive,,,,
J30_1.RCP,,156.51315789473688,0.9547159671783447,HS_adaptive_forward,38,activity_list,1000,0,,,,60.0,,,,forward,,,,,,,,,,,,,,,,,,,,,,,,,,,,,,,,,,,,,,,50.0,0.9,0.3,0.1,0.9,adaptive,,,,
J30_1.RCP,,156.51315789473688,0.48859214782714844,SA_swap,38,activity_list,1000,0,,,,60.0,,,,,,,,,,,,,,,,,,,,,,,,,,,,,,,,,,,,,,,,,,,,,,,,,10000.0,0.995,10.0,swap
J30_1.RCP,,156.51315789473688,0.48958802223205566,SA_insertion,38,activity_list,1000,0,,,,60.0,,,,,,,,,,,,,,,,,,,,,,,,,,,,,,,,,,,,,,,,,,,,,,,,,10000.0,0.995,10.0,insertion
J30_1.RCP,,156.51315789473688,0.4881620407104492,SA_inversion,38,activity_list,1000,0,,,,60.0,,,,,,,,,,,,,,,,,,,,,,,,,,,,,,,,,,,,,,,,,,,,,,,,,10000.0,0.995,10.0,inversion
