instance_id,seed,best_objective,runtime,algorithm_name,deadline,encoding_type,param_max_evaluations,param_seed,param_population_size,param_crossover_rate,param_mutation_rate,param_time_limit,param_selection_strategy,param_crossover_strategy,param_mutation_strategy,param_initialization_strategy,param_tournament_size,param_use_repair,param_elitism,param_local_search_strategy,param_local_search_interval,param_max_iterations,param_F,param_CR,param_use_adaptive_F,param_use_adaptive_CR,param_use_local_search,param_local_search_top,param_F_min,param_F_max,param_CR_min,param_CR_max,param_elite_size,param_path_strategy,param_local_search_eval_limit,param_tabu_tenure,param_neighborhood_size,param_aspiration_criterion,param_tabu_strategy,param_neighborhood_type,param_min_factor,param_max_factor,param_noimprove_threshold,param_w,param_c1,param_c2,param_restart_strategy,param_restart_threshold,param_f_min,param_f_max,param_A0,param_r0,param_alpha,param_gamma,param_hm_size,param_hmcr,param_par,param_par_min,param_par_max,param_parameter_strategy,param_initial_temperature,param_cooling_rate,param_iterations_per_temperature,param_neighborhood_strategy
J30_1.RCP,0,156.51315789473688,0.6926908493041992,GA_roulette_ox1_swap_random_repair_elitism_none,38,activity_list,1000.0,0.0,50.0,0.9,0.1,60.0,roulette,ox1,swap,random,3.0,True,True,none,5.0,,,,,,,,,,,,,,,,,,,,,,,,,,,,,,,,,,,,,,,,,,,
J30_1.RCP,1,156.51315789473688,0.6690750122070312,GA_roulette_ox1_swap_random_repair_elitism_none,38,activity_list,1000.0,1.0,50.0,0.9,0.1,60.0,roulette,ox1,swap,random,3.0,True,True,none,5.0,,,,,,,,,,,,,,,,,,,,,,,,,,,,,,,,,,,,,,,,,,,
J30_1.RCP,0,156.51315789473688,0.6618030071258545,GA_roulette_ox1_swap_random_repair_elitism_swap,38,activity_list,1000.0,0.0,50.0,0.9,0.1,60.0,roulette,ox1,swap,random,3.0,True,True,swap,5.0,,,,,,,,,,,,,,,,,,,,,,,,,,,,,,,,,,,,,,,,,,,
J30_1.RCP,1,156.51315789473688,0.6558527946472168,GA_roulette_ox1_swap_random_repair_elitism_swap,38,activity_list,1000.0,1.0,50.0,0.9,0.1,60.0,roulette,ox1,swap,random,3.0,True,True,swap,5.0,,,,,,,,,,,,,,,,,,,,,,,,,,,,,,,,,,,,,,,,,,,
J30_1.RCP,0,156.51315789473688,0.6752519607543945,GA_roulette_ox1_swap_random_repair_noElitism_none,38,activity_list,1000.0,0.0,50.0,0.9,0.1,60.0,roulette,ox1,swap,random,3.0,True,False,none,5.0,,,,,,,,,,,,,,,,,,,,,,,,,,,,,,,,,,,,,,,,,,,
J30_1.RCP,1,156.51315789473688,0.663823127746582,GA_roulette_ox1_swap_random_repair_noElitism_none,38,activity_list,1000.0,1.0,50.0,0.9,0.1,60.0,roulette,ox1,swap,random,3.0,True,False,none,5.0,,,,,,,,,,,,,,,,,,,,,,,,,,,,,,,,,,,,,,,,,,,
J30_1.RCP,0,156.51315789473688,0.7281339168548584,GA_roulette_ox1_swap_random_repair_noElitism_swap,38,activity_list,1000.0,0.0,50.0,0.9,0.1,60.0,roulette,ox1,swap,random,3.0,True,False,swap,5.0,,,,,,,,,,,,,,,,,,,,,,,,,,,,,,,,,,,,,,,,,,,
J30_1.RCP,1,156.51315789473688,0.7949697971343994,GA_roulette_ox1_swap_random_repair_noElitism_swap,38,activity_list,1000.0,1.0,50.0,0.9,0.1,60.0,roulette,ox1,swap,random,3.0,True,False,swap,5.0,,,,,,,,,,,,,,,,,,,,,,,,,,,,,,,,,,,,,,,,,,,
J30_1.RCP,0,156.51315789473688,0.393491268157959,GA_roulette_ox1_swap_random_noRepair_elitism_none,38,activity_list,1000.0,0.0,50.0,0.9,0.1,60.0,roulette,ox1,swap,random,3.0,False,True,none,5.0,,,,,,,,,,,,,,,,,,,,,,,,,,,,,,,,,,,,,,,,,,,
J30_1.RCP,1,156.51315789473688,0.41457676887512207,GA_roulette_ox1_swap_random_noRepair_elitism_none,38,activity_list,1000.0,1.0,50.0,0.9,0.1,60.0,roulette,ox1,swap,random,3.0,False,True,none,5.0,,,,,,,,,,,,,,,,,,,,,,,,,,,,,,,,,,,,,,,,,,,
J30_1.RCP,0,156.51315789473688,0.39792776107788086,GA_roulette_ox1_swap_random_noRepair_elitism_swap,38,activity_list,1000.0,0.0,50.0,0.9,0.1,60.0,roulette,ox1,swap,random,3.0,False,True,swap,5.0,,,,,,,,,,,,,,,,,,,,,,,,,,,,,,,,,,,,,,,,,,,
J30_1.RCP,1,156.51315789473688,0.3924379348754883,GA_roulette_ox1_swap_random_noRepair_elitism_swap,38,activity_list,1000.0,1.0,50.0,0.9,0.1,60.0,roulette,ox1,swap,random,3.0,False,True,swap,5.0,,,,,,,,,,,,,,,,,,,,,,,,,,,,,,,,,,,,,,,,,,,
J30_1.RCP,0,156.51315789473688,0.39229798316955566,GA_roulette_ox1_swap_random_noRepair_noElitism_none,38,activity_list,1000.0,0.0,50.0,0.9,0.1,60.0,roulette,ox1,swap,random,3.0,False,False,none,5.0,,,,,,,,,,,,,,,,,,,,,,,,,,,,,,,,,,,,,,,,,,,
J30_1.RCP,1,156.51315789473688,0.3933279514312744,GA_roulette_ox1_swap_random_noRepair_noElitism_none,38,activity_list,1000.0,1.0,50.0,0.9,0.1,60.0,roulette,ox1,swap,random,3.0,False,False,none,5.0,,,,,,,,,,,,,,,,,,,,,,,,,,,,,,,,,,,,,,,,,,,
J30_1.RCP,0,156.51315789473688,0.42753005027770996,GA_roulette_ox1_swap_random_noRepair_noElitism_swap,38,activity_list,1000.0,0.0,50.0,0.9,0.1,60.0,roulette,ox1,swap,random,3.0,False,False,swap,5.0,,,,,,,,,,,,,,,,,,,,,,,,,,,,,,,,,,,,,,,,,,,
J30_1.RCP,1,156.51315789473688,0.45578598976135254,GA_roulette_ox1_swap_random_noRepair_noElitism_swap,38,activity_list,1000.0,1.0,50.0,0.9,0.1,60.0,roulette,ox1,swap,random,3.0,False,False,swap,5.0,,,,,,,,,,,,,,,,,,,,,,,,,,,,,,,,,,,,,,,,,,,
J30_1.RCP,0,156.51315789473688,0.6844539642333984,GA_roulette_ox1_swap_forward_repair_elitism_none,38,activity_list,1000.0,0.0,50.0,0.9,0.1,60.0,roulette,ox1,swap,forward,3.0,True,True,none,5.0,,,,,,,,,,,,,,,,,,,,,,,,,,,,,,,,,,,,,,,,,,,
J30_1.RCP,1,156.51315789473688,0.6770710945129395,GA_roulette_ox1_swap_forward_repair_elitism_none,38,activity_list,1000.0,1.0,50.0,0.9,0.1,60.0,roulette,ox1,swap,forward,3.0,True,True,none,5.0,,,,,,,,,,,,,,,,,,,,,,,,,,,,,,,,,,,,,,,,,,,
J30_1.RCP,0,156.51315789473688,0.6671750545501709,GA_roulette_ox1_swap_forward_repair_elitism_swap,38,activity_list,1000.0,0.0,50.0,0.9,0.1,60.0,roulette,ox1,swap,forward,3.0,True,True,swap,5.0,,,,,,,,,,,,,,,,,,,,,,,,,,,,,,,,,,,,,,,,,,,
J30_1.RCP,1,156.51315789473688,0.6631929874420166,GA_roulette_ox1_swap_forward_repair_elitism_swap,38,activity_list,1000.0,1.0,50.0,0.9,0.1,60.0,roulette,ox1,swap,forward,3.0,True,True,swap,5.0,,,,,,,,,,,,,,,,,,,,,,,,,,,,,,,,,,,,,,,,,,,
J30_1.RCP,0,156.51315789473688,0.66721510887146,GA_roulette_ox1_swap_forward_repair_noElitism_none,38,activity_list,1000.0,0.0,50.0,0.9,0.1,60.0,roulette,ox1,swap,forward,3.0,True,False,none,5.0,,,,,,,,,,,,,,,,,,,,,,,,,,,,,,,,,,,,,,,,,,,
J30_1.RCP,1,156.51315789473688,0.669158935546875,GA_roulette_ox1_swap_forward_repair_noElitism_none,38,activity_list,1000.0,1.0,50.0,0.9,0.1,60.0,roulette,ox1,swap,forward,3.0,True,False,none,5.0,,,,,,,,,,,,,,,,,,,,,,,,,,,,,,,,,,,,,,,,,,,
J30_1.RCP,0,156.51315789473688,0.6758170127868652,GA_roulette_ox1_swap_forward_repair_noElitism_swap,38,activity_list,1000.0,0.0,50.0,0.9,0.1,60.0,roulette,ox1,swap,forward,3.0,True,False,swap,5.0,,,,,,,,,,,,,,,,,,,,,,,,,,,,,,,,,,,,,,,,,,,
J30_1.RCP,1,156.51315789473688,0.7126040458679199,GA_roulette_ox1_swap_forward_repair_noElitism_swap,38,activity_list,1000.0,1.0,50.0,0.9,0.1,60.0,roulette,ox1,swap,forward,3.0,True,False,swap,5.0,,,,,,,,,,,,,,,,,,,,,,,,,,,,,,,,,,,,,,,,,,,
J30_1.RCP,0,156.51315789473688,0.41301393508911133,GA_roulette_ox1_swap_forward_noRepair_elitism_none,38,activity_list,1000.0,0.0,50.0,0.9,0.1,60.0,roulette,ox1,swap,forward,3.0,False,True,none,5.0,,,,,,,,,,,,,,,,,,,,,,,,,,,,,,,,,,,,,,,,,,,
J30_1.RCP,1,156.51315789473688,0.43424010276794434,GA_roulette_ox1_swap_forward_noRepair_elitism_none,38,activity_list,1000.0,1.0,50.0,0.9,0.1,60.0,roulette,ox1,swap,forward,3.0,False,True,none,5.0,,,,,,,,,,,,,,,,,,,,,,,,,,,,,,,,,,,,,,,,,,,
J30_1.RCP,0,156.51315789473688,0.4101290702819824,GA_roulette_ox1_swap_forward_noRepair_elitism_swap,38,activity_list,1000.0,0.0,50.0,0.9,0.1,60.0,roulette,ox1,swap,forward,3.0,False,True,swap,5.0,,,,,,,,,,,,,,,,,,,,,,,,,,,,,,,,,,,,,,,,,,,
J30_1.RCP,1,156.51315789473688,0.39869117736816406,GA_roulette_ox1_swap_forward_noRepair_elitism_swap,38,activity_list,1000.0,1.0,50.0,0.9,0.1,60.0,roulette,ox1,swap,forward,3.0,False,True,swap,5.0,,,,,,,,,,,,,,,,,,,,,,,,,,,,,,,,,,,,,,,,,,,
J30_1.RCP,0,156.51315789473688,0.39627528190612793,GA_roulette_ox1_swap_forward_noRepair_noElitism_none,38,activity_list,1000.0,0.0,50.0,0.9,0.1,60.0,roulette,ox1,swap,forward,3.0,False,False,none,5.0,,,,,,,,,,,,,,,,,,,,,,,,,,,,,,,,,,,,,,,,,,,
J30_1.RCP,1,156.51315789473688,0.39755916595458984,GA_roulette_ox1_swap_forward_noRepair_noElitism_none,38,activity_list,1000.0,1.0,50.0,0.9,0.1,60.0,roulette,ox1,swap,forward,3.0,False,False,none,5.0,,,,,,,,,,,,,,,,,,,,,,,,,,,,,,,,,,,,,,,,,,,
J30_1.RCP,0,156.51315789473688,0.4142441749572754,GA_roulette_ox1_swap_forward_noRepair_noElitism_swap,38,activity_list,1000.0,0.0,50.0,0.9,0.1,60.0,roulette,ox1,swap,forward,3.0,False,False,swap,5.0,,,,,,,,,,,,,,,,,,,,,,,,,,,,,,,,,,,,,,,,,,,
J30_1.RCP,1,156.51315789473688,0.39812803268432617,GA_roulette_ox1_swap_forward_noRepair_noElitism_swap,38,activity_list,1000.0,1.0,50.0,0.9,0.1,60.0,roulette,ox1,swap,forward,3.0,False,False,swap,5.0,,,,,,,,,,,,,,,,,,,,,,,,,,,,,,,,,,,,,,,,,,,
J30_1.RCP,0,156.51315789473688,0.6665611267089844,GA_roulette_ox1_insertion_random_repair_elitism_none,38,activity_list,1000.0,0.0,50.0,0.9,0.1,60.0,roulette,ox1,insertion,random,3.0,True,True,none,5.0,,,,,,,,,,,,,,,,,,,,,,,,,,,,,,,,,,,,,,,,,,,
J30_1.RCP,1,156.51315789473688,0.6685118675231934,GA_roulette_ox1_insertion_random_repair_elitism_none,38,activity_list,1000.0,1.0,50.0,0.9,0.1,60.0,roulette,ox1,insertion,random,3.0,True,True,none,5.0,,,,,,,,,,,,,,,,,,,,,,,,,,,,,,,,,,,,,,,,,,,
J30_1.RCP,0,156.51315789473688,0.6803328990936279,GA_roulette_ox1_insertion_random_repair_elitism_swap,38,activity_list,1000.0,0.0,50.0,0.9,0.1,60.0,roulette,ox1,insertion,random,3.0,True,True,swap,5.0,,,,,,,,,,,,,,,,,,,,,,,,,,,,,,,,,,,,,,,,,,,
J30_1.RCP,1,156.51315789473688,0.6596410274505615,GA_roulette_ox1_insertion_random_repair_elitism_swap,38,activity_list,1000.0,1.0,50.0,0.9,0.1,60.0,roulette,ox1,insertion,random,3.0,True,True,swap,5.0,,,,,,,,,,,,,,,,,,,,,,,,,,,,,,,,,,,,,,,,,,,
J30_1.RCP,0,156.51315789473688,0.6656270027160645,GA_roulette_ox1_insertion_random_repair_noElitism_none,38,activity_list,1000.0,0.0,50.0,0.9,0.1,60.0,roulette,ox1,insertion,random,3.0,True,False,none,5.0,,,,,,,,,,,,,,,,,,,,,,,,,,,,,,,,,,,,,,,,,,,
J30_1.RCP,1,156.51315789473688,0.6660139560699463,GA_roulette_ox1_insertion_random_repair_noElitism_none,38,activity_list,1000.0,1.0,50.0,0.9,0.1,60.0,roulette,ox1,insertion,random,3.0,True,False,none,5.0,,,,,,,,,,,,,,,,,,,,,,,,,,,,,,,,,,,,,,,,,,,
J30_1.RCP,0,156.51315789473688,0.6671490669250488,GA_roulette_ox1_insertion_random_repair_noElitism_swap,38,activity_list,1000.0,0.0,50.0,0.9,0.1,60.0,roulette,ox1,insertion,random,3.0,True,False,swap,5.0,,,,,,,,,,,,,,,,,,,,,,,,,,,,,,,,,,,,,,,,,,,
J30_1.RCP,1,156.51315789473688,0.6551251411437988,GA_roulette_ox1_insertion_random_repair_noElitism_swap,38,activity_list,1000.0,1.0,50.0,0.9,0.1,60.0,roulette,ox1,insertion,random,3.0,True,False,swap,5.0,,,,,,,,,,,,,,,,,,,,,,,,,,,,,,,,,,,,,,,,,,,
J30_1.RCP,0,156.51315789473688,0.3952822685241699,GA_roulette_ox1_insertion_random_noRepair_elitism_none,38,activity_list,1000.0,0.0,50.0,0.9,0.1,60.0,roulette,ox1,insertion,random,3.0,False,True,none,5.0,,,,,,,,,,,,,,,,,,,,,,,,,,,,,,,,,,,,,,,,,,,
J30_1.RCP,1,156.51315789473688,0.39206671714782715,GA_roulette_ox1_insertion_random_noRepair_elitism_none,38,activity_list,1000.0,1.0,50.0,0.9,0.1,60.0,roulette,ox1,insertion,random,3.0,False,True,none,5.0,,,,,,,,,,,,,,,,,,,,,,,,,,,,,,,,,,,,,,,,,,,
J30_1.RCP,0,156.51315789473688,0.39740610122680664,GA_roulette_ox1_insertion_random_noRepair_elitism_swap,38,activity_list,1000.0,0.0,50.0,0.9,0.1,60.0,roulette,ox1,insertion,random,3.0,False,True,swap,5.0,,,,,,,,,,,,,,,,,,,,,,,,,,,,,,,,,,,,,,,,,,,
J30_1.RCP,1,156.51315789473688,0.39885687828063965,GA_roulette_ox1_insertion_random_noRepair_elitism_swap,38,activity_list,1000.0,1.0,50.0,0.9,0.1,60.0,roulette,ox1,insertion,random,3.0,False,True,swap,5.0,,,,,,,,,,,,,,,,,,,,,,,,,,,,,,,,,,,,,,,,,,,
J30_1.RCP,0,156.51315789473688,0.3919861316680908,GA_roulette_ox1_insertion_random_noRepair_noElitism_none,38,activity_list,1000.0,0.0,50.0,0.9,0.1,60.0,roulette,ox1,insertion,random,3.0,False,False,none,5.0,,,,,,,,,,,,,,,,,,,,,,,,,,,,,,,,,,,,,,,,,,,
J30_1.RCP,1,156.51315789473688,0.393779993057251,GA_roulette_ox1_insertion_random_noRepair_noElitism_none,38,activity_list,1000.0,1.0,50.0,0.9,0.1,60.0,roulette,ox1,insertion,random,3.0,False,False,none,5.0,,,,,,,,,,,,,,,,,,,,,,,,,,,,,,,,,,,,,,,,,,,
J30_1.RCP,0,156.51315789473688,0.4195840358734131,GA_roulette_ox1_insertion_random_noRepair_noElitism_swap,38,activity_list,1000.0,0.0,50.0,0.9,0.1,60.0,roulette,ox1,insertion,random,3.0,False,False,swap,5.0,,,,,,,,,,,,,,,,,,,,,,,,,,,,,,,,,,,,,,,,,,,
J30_1.RCP,1,156.51315789473688,0.4016592502593994,GA_roulette_ox1_insertion_random_noRepair_noElitism_swap,38,activity_list,1000.0,1.0,50.0,0.9,0.1,60.0,roulette,ox1,insertion,random,3.0,False,False,swap,5.0,,,,,,,,,,,,,,,,,,,,,,,,,,,,,,,,,,,,,,,,,,,
J30_1.RCP,0,156.51315789473688,0.6895859241485596,GA_roulette_ox1_insertion_forward_repair_elitism_none,38,activity_list,1000.0,0.0,50.0,0.9,0.1,60.0,roulette,ox1,insertion,forward,3.0,True,True,none,5.0,,,,,,,,,,,,,,,,,,,,,,,,,,,,,,,,,,,,,,,,,,,
J30_1.RCP,1,156.51315789473688,0.6707229614257812,GA_roulette_ox1_insertion_forward_repair_elitism_none,38,activity_list,1000.0,1.0,50.0,0.9,0.1,60.0,roulette,ox1,insertion,forward,3.0,True,True,none,5.0,,,,,,,,,,,,,,,,,,,,,,,,,,,,,,,,,,,,,,,,,,,
J30_1.RCP,0,156.51315789473688,0.6652700901031494,GA_roulette_ox1_insertion_forward_repair_elitism_swap,38,activity_list,1000.0,0.0,50.0,0.9,0.1,60.0,roulette,ox1,insertion,forward,3.0,True,True,swap,5.0,,,,,,,,,,,,,,,,,,,,,,,,,,,,,,,,,,,,,,,,,,,
J30_1.RCP,1,156.51315789473688,0.6711568832397461,GA_roulette_ox1_insertion_forward_repair_elitism_swap,38,activity_list,1000.0,1.0,50.0,0.9,0.1,60.0,roulette,ox1,insertion,forward,3.0,True,True,swap,5.0,,,,,,,,,,,,,,,,,,,,,,,,,,,,,,,,,,,,,,,,,,,
J30_1.RCP,0,156.51315789473688,0.6853480339050293,GA_roulette_ox1_insertion_forward_repair_noElitism_none,38,activity_list,1000.0,0.0,50.0,0.9,0.1,60.0,roulette,ox1,insertion,forward,3.0,True,False,none,5.0,,,,,,,,,,,,,,,,,,,,,,,,,,,,,,,,,,,,,,,,,,,
J30_1.RCP,1,156.51315789473688,0.6673080921173096,GA_roulette_ox1_insertion_forward_repair_noElitism_none,38,activity_list,1000.0,1.0,50.0,0.9,0.1,60.0,roulette,ox1,insertion,forward,3.0,True,False,none,5.0,,,,,,,,,,,,,,,,,,,,,,,,,,,,,,,,,,,,,,,,,,,
J30_1.RCP,0,156.51315789473688,0.6649279594421387,GA_roulette_ox1_insertion_forward_repair_noElitism_swap,38,activity_list,1000.0,0.0,50.0,0.9,0.1,60.0,roulette,ox1,insertion,forward,3.0,True,False,swap,5.0,,,,,,,,,,,,,,,,,,,,,,,,,,,,,,,,,,,,,,,,,,,
J30_1.RCP,1,156.51315789473688,0.6638262271881104,GA_roulette_ox1_insertion_forward_repair_noElitism_swap,38,activity_list,1000.0,1.0,50.0,0.9,0.1,60.0,roulette,ox1,insertion,forward,3.0,True,False,swap,5.0,,,,,,,,,,,,,,,,,,,,,,,,,,,,,,,,,,,,,,,,,,,
J30_1.RCP,0,156.51315789473688,0.3965940475463867,GA_roulette_ox1_insertion_forward_noRepair_elitism_none,38,activity_list,1000.0,0.0,50.0,0.9,0.1,60.0,roulette,ox1,insertion,forward,3.0,False,True,none,5.0,,,,,,,,,,,,,,,,,,,,,,,,,,,,,,,,,,,,,,,,,,,
J30_1.RCP,1,156.51315789473688,0.39702415466308594,GA_roulette_ox1_insertion_forward_noRepair_elitism_none,38,activity_list,1000.0,1.0,50.0,0.9,0.1,60.0,roulette,ox1,insertion,forward,3.0,False,True,none,5.0,,,,,,,,,,,,,,,,,,,,,,,,,,,,,,,,,,,,,,,,,,,
J30_1.RCP,0,156.51315789473688,0.4167029857635498,GA_roulette_ox1_insertion_forward_noRepair_elitism_swap,38,activity_list,1000.0,0.0,50.0,0.9,0.1,60.0,roulette,ox1,insertion,forward,3.0,False,True,swap,5.0,,,,,,,,,,,,,,,,,,,,,,,,,,,,,,,,,,,,,,,,,,,
J30_1.RCP,1,156.51315789473688,0.4080390930175781,GA_roulette_ox1_insertion_forward_noRepair_elitism_swap,38,activity_list,1000.0,1.0,50.0,0.9,0.1,60.0,roulette,ox1,insertion,forward,3.0,False,True,swap,5.0,,,,,,,,,,,,,,,,,,,,,,,,,,,,,,,,,,,,,,,,,,,
J30_1.RCP,0,156.51315789473688,0.40140604972839355,GA_roulette_ox1_insertion_forward_noRepair_noElitism_none,38,activity_list,1000.0,0.0,50.0,0.9,0.1,60.0,roulette,ox1,insertion,forward,3.0,False,False,none,5.0,,,,,,,,,,,,,,,,,,,,,,,,,,,,,,,,,,,,,,,,,,,
J30_1.RCP,1,156.51315789473688,0.4011509418487549,GA_roulette_ox1_insertion_forward_noRepair_noElitism_none,38,activity_list,1000.0,1.0,50.0,0.9,0.1,60.0,roulette,ox1,insertion,forward,3.0,False,False,none,5.0,,,,,,,,,,,,,,,,,,,,,,,,,,,,,,,,,,,,,,,,,,,
J30_1.RCP,0,156.51315789473688,0.40421295166015625,GA_roulette_ox1_insertion_forward_noRepair_noElitism_swap,38,activity_list,1000.0,0.0,50.0,0.9,0.1,60.0,roulette,ox1,insertion,forward,3.0,False,False,swap,5.0,,,,,,,,,,,,,,,,,,,,,,,,,,,,,,,,,,,,,,,,,,,
J30_1.RCP,1,156.51315789473688,0.4009711742401123,GA_roulette_ox1_insertion_forward_noRepair_noElitism_swap,38,activity_list,1000.0,1.0,50.0,0.9,0.1,60.0,roulette,ox1,insertion,forward,3.0,False,False,swap,5.0,,,,,,,,,,,,,,,,,,,,,,,,,,,,,,,,,,,,,,,,,,,
J30_1.RCP,0,156.51315789473688,0.6736419200897217,GA_roulette_ox1_inversion_random_repair_elitism_none,38,activity_list,1000.0,0.0,50.0,0.9,0.1,60.0,roulette,ox1,inversion,random,3.0,True,True,none,5.0,,,,,,,,,,,,,,,,,,,,,,,,,,,,,,,,,,,,,,,,,,,
J30_1.RCP,1,156.51315789473688,0.6715452671051025,GA_roulette_ox1_inversion_random_repair_elitism_none,38,activity_list,1000.0,1.0,50.0,0.9,0.1,60.0,roulette,ox1,inversion,random,3.0,True,True,none,5.0,,,,,,,,,,,,,,,,,,,,,,,,,,,,,,,,,,,,,,,,,,,
J30_1.RCP,0,156.51315789473688,0.6620879173278809,GA_roulette_ox1_inversion_random_repair_elitism_swap,38,activity_list,1000.0,0.0,50.0,0.9,0.1,60.0,roulette,ox1,inversion,random,3.0,True,True,swap,5.0,,,,,,,,,,,,,,,,,,,,,,,,,,,,,,,,,,,,,,,,,,,
J30_1.RCP,1,156.51315789473688,0.6509149074554443,GA_roulette_ox1_inversion_random_repair_elitism_swap,38,activity_list,1000.0,1.0,50.0,0.9,0.1,60.0,roulette,ox1,inversion,random,3.0,True,True,swap,5.0,,,,,,,,,,,,,,,,,,,,,,,,,,,,,,,,,,,,,,,,,,,
J30_1.RCP,0,156.51315789473688,0.6736211776733398,GA_roulette_ox1_inversion_random_repair_noElitism_none,38,activity_list,1000.0,0.0,50.0,0.9,0.1,60.0,roulette,ox1,inversion,random,3.0,True,False,none,5.0,,,,,,,,,,,,,,,,,,,,,,,,,,,,,,,,,,,,,,,,,,,
J30_1.RCP,1,156.51315789473688,0.6699659824371338,GA_roulette_ox1_inversion_random_repair_noElitism_none,38,activity_list,1000.0,1.0,50.0,0.9,0.1,60.0,roulette,ox1,inversion,random,3.0,True,False,none,5.0,,,,,,,,,,,,,,,,,,,,,,,,,,,,,,,,,,,,,,,,,,,
J30_1.RCP,0,156.51315789473688,0.6655101776123047,GA_roulette_ox1_inversion_random_repair_noElitism_swap,38,activity_list,1000.0,0.0,50.0,0.9,0.1,60.0,roulette,ox1,inversion,random,3.0,True,False,swap,5.0,,,,,,,,,,,,,,,,,,,,,,,,,,,,,,,,,,,,,,,,,,,
J30_1.RCP,1,156.51315789473688,0.655426025390625,GA_roulette_ox1_inversion_random_repair_noElitism_swap,38,activity_list,1000.0,1.0,50.0,0.9,0.1,60.0,roulette,ox1,inversion,random,3.0,True,False,swap,5.0,,,,,,,,,,,,,,,,,,,,,,,,,,,,,,,,,,,,,,,,,,,
J30_1.RCP,0,156.51315789473688,0.3944740295410156,GA_roulette_ox1_inversion_random_noRepair_elitism_none,38,activity_list,1000.0,0.0,50.0,0.9,0.1,60.0,roulette,ox1,inversion,random,3.0,False,True,none,5.0,,,,,,,,,,,,,,,,,,,,,,,,,,,,,,,,,,,,,,,,,,,
J30_1.RCP,1,156.51315789473688,0.400022029876709,GA_roulette_ox1_inversion_random_noRepair_elitism_none,38,activity_list,1000.0,1.0,50.0,0.9,0.1,60.0,roulette,ox1,inversion,random,3.0,False,True,none,5.0,,,,,,,,,,,,,,,,,,,,,,,,,,,,,,,,,,,,,,,,,,,
J30_1.RCP,0,156.51315789473688,0.3988821506500244,GA_roulette_ox1_inversion_random_noRepair_elitism_swap,38,activity_list,1000.0,0.0,50.0,0.9,0.1,60.0,roulette,ox1,inversion,random,3.0,False,True,swap,5.0,,,,,,,,,,,,,,,,,,,,,,,,,,,,,,,,,,,,,,,,,,,
J30_1.RCP,1,156.51315789473688,0.39667797088623047,GA_roulette_ox1_inversion_random_noRepair_elitism_swap,38,activity_list,1000.0,1.0,50.0,0.9,0.1,60.0,roulette,ox1,inversion,random,3.0,False,True,swap,5.0,,,,,,,,,,,,,,,,,,,,,,,,,,,,,,,,,,,,,,,,,,,
J30_1.RCP,0,156.51315789473688,0.3956882953643799,GA_roulette_ox1_inversion_random_noRepair_noElitism_none,38,activity_list,1000.0,0.0,50.0,0.9,0.1,60.0,roulette,ox1,inversion,random,3.0,False,False,none,5.0,,,,,,,,,,,,,,,,,,,,,,,,,,,,,,,,,,,,,,,,,,,
J30_1.RCP,1,156.51315789473688,0.3981609344482422,GA_roulette_ox1_inversion_random_noRepair_noElitism_none,38,activity_list,1000.0,1.0,50.0,0.9,0.1,60.0,roulette,ox1,inversion,random,3.0,False,False,none,5.0,,,,,,,,,,,,,,,,,,,,,,,,,,,,,,,,,,,,,,,,,,,
J30_1.RCP,0,156.51315789473688,0.39171504974365234,GA_roulette_ox1_inversion_random_noRepair_noElitism_swap,38,activity_list,1000.0,0.0,50.0,0.9,0.1,60.0,roulette,ox1,inversion,random,3.0,False,False,swap,5.0,,,,,,,,,,,,,,,,,,,,,,,,,,,,,,,,,,,,,,,,,,,
J30_1.RCP,1,156.51315789473688,0.3996572494506836,GA_roulette_ox1_inversion_random_noRepair_noElitism_swap,38,activity_list,1000.0,1.0,50.0,0.9,0.1,60.0,roulette,ox1,inversion,random,3.0,False,False,swap,5.0,,,,,,,,,,,,,,,,,,,,,,,,,,,,,,,,,,,,,,,,,,,
J30_1.RCP,0,156.51315789473688,0.660959005355835,GA_roulette_ox1_inversion_forward_repair_elitism_none,38,activity_list,1000.0,0.0,50.0,0.9,0.1,60.0,roulette,ox1,inversion,forward,3.0,True,True,none,5.0,,,,,,,,,,,,,,,,,,,,,,,,,,,,,,,,,,,,,,,,,,,
J30_1.RCP,1,156.51315789473688,0.666942834854126,GA_roulette_ox1_inversion_forward_repair_elitism_none,38,activity_list,1000.0,1.0,50.0,0.9,0.1,60.0,roulette,ox1,inversion,forward,3.0,True,True,none,5.0,,,,,,,,,,,,,,,,,,,,,,,,,,,,,,,,,,,,,,,,,,,
J30_1.RCP,0,156.51315789473688,0.6633803844451904,GA_roulette_ox1_inversion_forward_repair_elitism_swap,38,activity_list,1000.0,0.0,50.0,0.9,0.1,60.0,roulette,ox1,inversion,forward,3.0,True,True,swap,5.0,,,,,,,,,,,,,,,,,,,,,,,,,,,,,,,,,,,,,,,,,,,
J30_1.RCP,1,156.51315789473688,0.6589701175689697,GA_roulette_ox1_inversion_forward_repair_elitism_swap,38,activity_list,1000.0,1.0,50.0,0.9,0.1,60.0,roulette,ox1,inversion,forward,3.0,True,True,swap,5.0,,,,,,,,,,,,,,,,,,,,,,,,,,,,,,,,,,,,,,,,,,,
J30_1.RCP,0,156.51315789473688,0.6672568321228027,GA_roulette_ox1_inversion_forward_repair_noElitism_none,38,activity_list,1000.0,0.0,50.0,0.9,0.1,60.0,roulette,ox1,inversion,forward,3.0,True,False,none,5.0,,,,,,,,,,,,,,,,,,,,,,,,,,,,,,,,,,,,,,,,,,,
J30_1.RCP,1,156.51315789473688,0.664788007736206,GA_roulette_ox1_inversion_forward_repair_noElitism_none,38,activity_list,1000.0,1.0,50.0,0.9,0.1,60.0,roulette,ox1,inversion,forward,3.0,True,False,none,5.0,,,,,,,,,,,,,,,,,,,,,,,,,,,,,,,,,,,,,,,,,,,
J30_1.RCP,0,156.51315789473688,0.6670081615447998,GA_roulette_ox1_inversion_forward_repair_noElitism_swap,38,activity_list,1000.0,0.0,50.0,0.9,0.1,60.0,roulette,ox1,inversion,forward,3.0,True,False,swap,5.0,,,,,,,,,,,,,,,,,,,,,,,,,,,,,,,,,,,,,,,,,,,
J30_1.RCP,1,156.51315789473688,0.695626974105835,GA_roulette_ox1_inversion_forward_repair_noElitism_swap,38,activity_list,1000.0,1.0,50.0,0.9,0.1,60.0,roulette,ox1,inversion,forward,3.0,True,False,swap,5.0,,,,,,,,,,,,,,,,,,,,,,,,,,,,,,,,,,,,,,,,,,,
J30_1.RCP,0,156.51315789473688,0.42089009284973145,GA_roulette_ox1_inversion_forward_noRepair_elitism_none,38,activity_list,1000.0,0.0,50.0,0.9,0.1,60.0,roulette,ox1,inversion,forward,3.0,False,True,none,5.0,,,,,,,,,,,,,,,,,,,,,,,,,,,,,,,,,,,,,,,,,,,
J30_1.RCP,1,156.51315789473688,0.3985862731933594,GA_roulette_ox1_inversion_forward_noRepair_elitism_none,38,activity_list,1000.0,1.0,50.0,0.9,0.1,60.0,roulette,ox1,inversion,forward,3.0,False,True,none,5.0,,,,,,,,,,,,,,,,,,,,,,,,,,,,,,,,,,,,,,,,,,,
J30_1.RCP,0,156.51315789473688,0.3962218761444092,GA_roulette_ox1_inversion_forward_noRepair_elitism_swap,38,activity_list,1000.0,0.0,50.0,0.9,0.1,60.0,roulette,ox1,inversion,forward,3.0,False,True,swap,5.0,,,,,,,,,,,,,,,,,,,,,,,,,,,,,,,,,,,,,,,,,,,
J30_1.RCP,1,156.51315789473688,0.6805999279022217,GA_roulette_ox1_inversion_forward_noRepair_elitism_swap,38,activity_list,1000.0,1.0,50.0,0.9,0.1,60.0,roulette,ox1,inversion,forward,3.0,False,True,swap,5.0,,,,,,,,,,,,,,,,,,,,,,,,,,,,,,,,,,,,,,,,,,,
J30_1.RCP,0,156.51315789473688,0.4417259693145752,GA_roulette_ox1_inversion_forward_noRepair_noElitism_none,38,activity_list,1000.0,0.0,50.0,0.9,0.1,60.0,roulette,ox1,inversion,forward,3.0,False,False,none,5.0,,,,,,,,,,,,,,,,,,,,,,,,,,,,,,,,,,,,,,,,,,,
J30_1.RCP,1,156.51315789473688,0.43117499351501465,GA_roulette_ox1_inversion_forward_noRepair_noElitism_none,38,activity_list,1000.0,1.0,50.0,0.9,0.1,60.0,roulette,ox1,inversion,forward,3.0,False,False,none,5.0,,,,,,,,,,,,,,,,,,,,,,,,,,,,,,,,,,,,,,,,,,,
J30_1.RCP,0,156.51315789473688,0.398510217666626,GA_roulette_ox1_inversion_forward_noRepair_noElitism_swap,38,activity_list,1000.0,0.0,50.0,0.9,0.1,60.0,roulette,ox1,inversion,forward,3.0,False,False,swap,5.0,,,,,,,,,,,,,,,,,,,,,,,,,,,,,,,,,,,,,,,,,,,
J30_1.RCP,1,156.51315789473688,0.4050290584564209,GA_roulette_ox1_inversion_forward_noRepair_noElitism_swap,38,activity_list,1000.0,1.0,50.0,0.9,0.1,60.0,roulette,ox1,inversion,forward,3.0,False,False,swap,5.0,,,,,,,,,,,,,,,,,,,,,,,,,,,,,,,,,,,,,,,,,,,
J30_1.RCP,0,156.51315789473688,0.6797668933868408,GA_roulette_ox1_scramble_random_repair_elitism_none,38,activity_list,1000.0,0.0,50.0,0.9,0.1,60.0,roulette,ox1,scramble,random,3.0,True,True,none,5.0,,,,,,,,,,,,,,,,,,,,,,,,,,,,,,,,,,,,,,,,,,,
J30_1.RCP,1,156.51315789473688,0.6671149730682373,GA_roulette_ox1_scramble_random_repair_elitism_none,38,activity_list,1000.0,1.0,50.0,0.9,0.1,60.0,roulette,ox1,scramble,random,3.0,True,True,none,5.0,,,,,,,,,,,,,,,,,,,,,,,,,,,,,,,,,,,,,,,,,,,
J30_1.RCP,0,156.51315789473688,0.6696109771728516,GA_roulette_ox1_scramble_random_repair_elitism_swap,38,activity_list,1000.0,0.0,50.0,0.9,0.1,60.0,roulette,ox1,scramble,random,3.0,True,True,swap,5.0,,,,,,,,,,,,,,,,,,,,,,,,,,,,,,,,,,,,,,,,,,,
J30_1.RCP,1,156.51315789473688,0.6578969955444336,GA_roulette_ox1_scramble_random_repair_elitism_swap,38,activity_list,1000.0,1.0,50.0,0.9,0.1,60.0,roulette,ox1,scramble,random,3.0,True,True,swap,5.0,,,,,,,,,,,,,,,,,,,,,,,,,,,,,,,,,,,,,,,,,,,
J30_1.RCP,0,156.51315789473688,0.6646480560302734,GA_roulette_ox1_scramble_random_repair_noElitism_none,38,activity_list,1000.0,0.0,50.0,0.9,0.1,60.0,roulette,ox1,scramble,random,3.0,True,False,none,5.0,,,,,,,,,,,,,,,,,,,,,,,,,,,,,,,,,,,,,,,,,,,
J30_1.RCP,1,156.51315789473688,0.6629042625427246,GA_roulette_ox1_scramble_random_repair_noElitism_none,38,activity_list,1000.0,1.0,50.0,0.9,0.1,60.0,roulette,ox1,scramble,random,3.0,True,False,none,5.0,,,,,,,,,,,,,,,,,,,,,,,,,,,,,,,,,,,,,,,,,,,
J30_1.RCP,0,156.51315789473688,0.6780929565429688,GA_roulette_ox1_scramble_random_repair_noElitism_swap,38,activity_list,1000.0,0.0,50.0,0.9,0.1,60.0,roulette,ox1,scramble,random,3.0,True,False,swap,5.0,,,,,,,,,,,,,,,,,,,,,,,,,,,,,,,,,,,,,,,,,,,
J30_1.RCP,1,156.51315789473688,0.6662490367889404,GA_roulette_ox1_scramble_random_repair_noElitism_swap,38,activity_list,1000.0,1.0,50.0,0.9,0.1,60.0,roulette,ox1,scramble,random,3.0,True,False,swap,5.0,,,,,,,,,,,,,,,,,,,,,,,,,,,,,,,,,,,,,,,,,,,
J30_1.RCP,0,156.51315789473688,0.41126203536987305,GA_roulette_ox1_scramble_random_noRepair_elitism_none,38,activity_list,1000.0,0.0,50.0,0.9,0.1,60.0,roulette,ox1,scramble,random,3.0,False,True,none,5.0,,,,,,,,,,,,,,,,,,,,,,,,,,,,,,,,,,,,,,,,,,,
J30_1.RCP,1,156.51315789473688,0.3949289321899414,GA_roulette_ox1_scramble_random_noRepair_elitism_none,38,activity_list,1000.0,1.0,50.0,0.9,0.1,60.0,roulette,ox1,scramble,random,3.0,False,True,none,5.0,,,,,,,,,,,,,,,,,,,,,,,,,,,,,,,,,,,,,,,,,,,
J30_1.RCP,0,156.51315789473688,0.4054567813873291,GA_roulette_ox1_scramble_random_noRepair_elitism_swap,38,activity_list,1000.0,0.0,50.0,0.9,0.1,60.0,roulette,ox1,scramble,random,3.0,False,True,swap,5.0,,,,,,,,,,,,,,,,,,,,,,,,,,,,,,,,,,,,,,,,,,,
J30_1.RCP,1,156.51315789473688,0.389650821685791,GA_roulette_ox1_scramble_random_noRepair_elitism_swap,38,activity_list,1000.0,1.0,50.0,0.9,0.1,60.0,roulette,ox1,scramble,random,3.0,False,True,swap,5.0,,,,,,,,,,,,,,,,,,,,,,,,,,,,,,,,,,,,,,,,,,,
J30_1.RCP,0,156.51315789473688,0.3936009407043457,GA_roulette_ox1_scramble_random_noRepair_noElitism_none,38,activity_list,1000.0,0.0,50.0,0.9,0.1,60.0,roulette,ox1,scramble,random,3.0,False,False,none,5.0,,,,,,,,,,,,,,,,,,,,,,,,,,,,,,,,,,,,,,,,,,,
J30_1.RCP,1,156.51315789473688,0.39696478843688965,GA_roulette_ox1_scramble_random_noRepair_noElitism_none,38,activity_list,1000.0,1.0,50.0,0.9,0.1,60.0,roulette,ox1,scramble,random,3.0,False,False,none,5.0,,,,,,,,,,,,,,,,,,,,,,,,,,,,,,,,,,,,,,,,,,,
J30_1.RCP,0,156.51315789473688,0.3981807231903076,GA_roulette_ox1_scramble_random_noRepair_noElitism_swap,38,activity_list,1000.0,0.0,50.0,0.9,0.1,60.0,roulette,ox1,scramble,random,3.0,False,False,swap,5.0,,,,,,,,,,,,,,,,,,,,,,,,,,,,,,,,,,,,,,,,,,,
J30_1.RCP,1,156.51315789473688,0.41193604469299316,GA_roulette_ox1_scramble_random_noRepair_noElitism_swap,38,activity_list,1000.0,1.0,50.0,0.9,0.1,60.0,roulette,ox1,scramble,random,3.0,False,False,swap,5.0,,,,,,,,,,,,,,,,,,,,,,,,,,,,,,,,,,,,,,,,,,,
J30_1.RCP,0,156.51315789473688,0.6718990802764893,GA_roulette_ox1_scramble_forward_repair_elitism_none,38,activity_list,1000.0,0.0,50.0,0.9,0.1,60.0,roulette,ox1,scramble,forward,3.0,True,True,none,5.0,,,,,,,,,,,,,,,,,,,,,,,,,,,,,,,,,,,,,,,,,,,
J30_1.RCP,1,156.51315789473688,0.6755509376525879,GA_roulette_ox1_scramble_forward_repair_elitism_none,38,activity_list,1000.0,1.0,50.0,0.9,0.1,60.0,roulette,ox1,scramble,forward,3.0,True,True,none,5.0,,,,,,,,,,,,,,,,,,,,,,,,,,,,,,,,,,,,,,,,,,,
J30_1.RCP,0,156.51315789473688,0.6670870780944824,GA_roulette_ox1_scramble_forward_repair_elitism_swap,38,activity_list,1000.0,0.0,50.0,0.9,0.1,60.0,roulette,ox1,scramble,forward,3.0,True,True,swap,5.0,,,,,,,,,,,,,,,,,,,,,,,,,,,,,,,,,,,,,,,,,,,
J30_1.RCP,1,156.51315789473688,0.669921875,GA_roulette_ox1_scramble_forward_repair_elitism_swap,38,activity_list,1000.0,1.0,50.0,0.9,0.1,60.0,roulette,ox1,scramble,forward,3.0,True,True,swap,5.0,,,,,,,,,,,,,,,,,,,,,,,,,,,,,,,,,,,,,,,,,,,
J30_1.RCP,0,156.51315789473688,0.6768996715545654,GA_roulette_ox1_scramble_forward_repair_noElitism_none,38,activity_list,1000.0,0.0,50.0,0.9,0.1,60.0,roulette,ox1,scramble,forward,3.0,True,False,none,5.0,,,,,,,,,,,,,,,,,,,,,,,,,,,,,,,,,,,,,,,,,,,
J30_1.RCP,1,156.51315789473688,0.6649999618530273,GA_roulette_ox1_scramble_forward_repair_noElitism_none,38,activity_list,1000.0,1.0,50.0,0.9,0.1,60.0,roulette,ox1,scramble,forward,3.0,True,False,none,5.0,,,,,,,,,,,,,,,,,,,,,,,,,,,,,,,,,,,,,,,,,,,
J30_1.RCP,0,156.51315789473688,0.6711709499359131,GA_roulette_ox1_scramble_forward_repair_noElitism_swap,38,activity_list,1000.0,0.0,50.0,0.9,0.1,60.0,roulette,ox1,scramble,forward,3.0,True,False,swap,5.0,,,,,,,,,,,,,,,,,,,,,,,,,,,,,,,,,,,,,,,,,,,
J30_1.RCP,1,156.51315789473688,0.6624598503112793,GA_roulette_ox1_scramble_forward_repair_noElitism_swap,38,activity_list,1000.0,1.0,50.0,0.9,0.1,60.0,roulette,ox1,scramble,forward,3.0,True,False,swap,5.0,,,,,,,,,,,,,,,,,,,,,,,,,,,,,,,,,,,,,,,,,,,
J30_1.RCP,0,156.51315789473688,0.3957350254058838,GA_roulette_ox1_scramble_forward_noRepair_elitism_none,38,activity_list,1000.0,0.0,50.0,0.9,0.1,60.0,roulette,ox1,scramble,forward,3.0,False,True,none,5.0,,,,,,,,,,,,,,,,,,,,,,,,,,,,,,,,,,,,,,,,,,,
J30_1.RCP,1,156.51315789473688,0.3956773281097412,GA_roulette_ox1_scramble_forward_noRepair_elitism_none,38,activity_list,1000.0,1.0,50.0,0.9,0.1,60.0,roulette,ox1,scramble,forward,3.0,False,True,none,5.0,,,,,,,,,,,,,,,,,,,,,,,,,,,,,,,,,,,,,,,,,,,
J30_1.RCP,0,156.51315789473688,0.39781999588012695,GA_roulette_ox1_scramble_forward_noRepair_elitism_swap,38,activity_list,1000.0,0.0,50.0,0.9,0.1,60.0,roulette,ox1,scramble,forward,3.0,False,True,swap,5.0,,,,,,,,,,,,,,,,,,,,,,,,,,,,,,,,,,,,,,,,,,,
J30_1.RCP,1,156.51315789473688,0.39812517166137695,GA_roulette_ox1_scramble_forward_noRepair_elitism_swap,38,activity_list,1000.0,1.0,50.0,0.9,0.1,60.0,roulette,ox1,scramble,forward,3.0,False,True,swap,5.0,,,,,,,,,,,,,,,,,,,,,,,,,,,,,,,,,,,,,,,,,,,
J30_1.RCP,0,156.51315789473688,0.3972740173339844,GA_roulette_ox1_scramble_forward_noRepair_noElitism_none,38,activity_list,1000.0,0.0,50.0,0.9,0.1,60.0,roulette,ox1,scramble,forward,3.0,False,False,none,5.0,,,,,,,,,,,,,,,,,,,,,,,,,,,,,,,,,,,,,,,,,,,
J30_1.RCP,1,156.51315789473688,0.40129590034484863,GA_roulette_ox1_scramble_forward_noRepair_noElitism_none,38,activity_list,1000.0,1.0,50.0,0.9,0.1,60.0,roulette,ox1,scramble,forward,3.0,False,False,none,5.0,,,,,,,,,,,,,,,,,,,,,,,,,,,,,,,,,,,,,,,,,,,
J30_1.RCP,0,156.51315789473688,0.3948678970336914,GA_roulette_ox1_scramble_forward_noRepair_noElitism_swap,38,activity_list,1000.0,0.0,50.0,0.9,0.1,60.0,roulette,ox1,scramble,forward,3.0,False,False,swap,5.0,,,,,,,,,,,,,,,,,,,,,,,,,,,,,,,,,,,,,,,,,,,
J30_1.RCP,1,156.51315789473688,0.4085221290588379,GA_roulette_ox1_scramble_forward_noRepair_noElitism_swap,38,activity_list,1000.0,1.0,50.0,0.9,0.1,60.0,roulette,ox1,scramble,forward,3.0,False,False,swap,5.0,,,,,,,,,,,,,,,,,,,,,,,,,,,,,,,,,,,,,,,,,,,
J30_1.RCP,0,156.51315789473688,0.6237409114837646,GA_roulette_pmx_swap_random_repair_elitism_none,38,activity_list,1000.0,0.0,50.0,0.9,0.1,60.0,roulette,pmx,swap,random,3.0,True,True,none,5.0,,,,,,,,,,,,,,,,,,,,,,,,,,,,,,,,,,,,,,,,,,,
J30_1.RCP,1,156.51315789473688,0.6718671321868896,GA_roulette_pmx_swap_random_repair_elitism_none,38,activity_list,1000.0,1.0,50.0,0.9,0.1,60.0,roulette,pmx,swap,random,3.0,True,True,none,5.0,,,,,,,,,,,,,,,,,,,,,,,,,,,,,,,,,,,,,,,,,,,
J30_1.RCP,0,156.51315789473688,0.6844542026519775,GA_roulette_pmx_swap_random_repair_elitism_swap,38,activity_list,1000.0,0.0,50.0,0.9,0.1,60.0,roulette,pmx,swap,random,3.0,True,True,swap,5.0,,,,,,,,,,,,,,,,,,,,,,,,,,,,,,,,,,,,,,,,,,,
J30_1.RCP,1,156.51315789473688,0.6467609405517578,GA_roulette_pmx_swap_random_repair_elitism_swap,38,activity_list,1000.0,1.0,50.0,0.9,0.1,60.0,roulette,pmx,swap,random,3.0,True,True,swap,5.0,,,,,,,,,,,,,,,,,,,,,,,,,,,,,,,,,,,,,,,,,,,
J30_1.RCP,0,156.51315789473688,0.6478781700134277,GA_roulette_pmx_swap_random_repair_noElitism_none,38,activity_list,1000.0,0.0,50.0,0.9,0.1,60.0,roulette,pmx,swap,random,3.0,True,False,none,5.0,,,,,,,,,,,,,,,,,,,,,,,,,,,,,,,,,,,,,,,,,,,
J30_1.RCP,1,156.51315789473688,0.7906548976898193,GA_roulette_pmx_swap_random_repair_noElitism_none,38,activity_list,1000.0,1.0,50.0,0.9,0.1,60.0,roulette,pmx,swap,random,3.0,True,False,none,5.0,,,,,,,,,,,,,,,,,,,,,,,,,,,,,,,,,,,,,,,,,,,
J30_1.RCP,0,156.51315789473688,0.6312739849090576,GA_roulette_pmx_swap_random_repair_noElitism_swap,38,activity_list,1000.0,0.0,50.0,0.9,0.1,60.0,roulette,pmx,swap,random,3.0,True,False,swap,5.0,,,,,,,,,,,,,,,,,,,,,,,,,,,,,,,,,,,,,,,,,,,
J30_1.RCP,1,156.51315789473688,0.651972770690918,GA_roulette_pmx_swap_random_repair_noElitism_swap,38,activity_list,1000.0,1.0,50.0,0.9,0.1,60.0,roulette,pmx,swap,random,3.0,True,False,swap,5.0,,,,,,,,,,,,,,,,,,,,,,,,,,,,,,,,,,,,,,,,,,,
J30_1.RCP,0,156.51315789473688,0.4151790142059326,GA_roulette_pmx_swap_random_noRepair_elitism_none,38,activity_list,1000.0,0.0,50.0,0.9,0.1,60.0,roulette,pmx,swap,random,3.0,False,True,none,5.0,,,,,,,,,,,,,,,,,,,,,,,,,,,,,,,,,,,,,,,,,,,
J30_1.RCP,1,156.51315789473688,0.3921802043914795,GA_roulette_pmx_swap_random_noRepair_elitism_none,38,activity_list,1000.0,1.0,50.0,0.9,0.1,60.0,roulette,pmx,swap,random,3.0,False,True,none,5.0,,,,,,,,,,,,,,,,,,,,,,,,,,,,,,,,,,,,,,,,,,,
J30_1.RCP,0,156.51315789473688,0.39463281631469727,GA_roulette_pmx_swap_random_noRepair_elitism_swap,38,activity_list,1000.0,0.0,50.0,0.9,0.1,60.0,roulette,pmx,swap,random,3.0,False,True,swap,5.0,,,,,,,,,,,,,,,,,,,,,,,,,,,,,,,,,,,,,,,,,,,
J30_1.RCP,1,156.51315789473688,0.38154101371765137,GA_roulette_pmx_swap_random_noRepair_elitism_swap,38,activity_list,1000.0,1.0,50.0,0.9,0.1,60.0,roulette,pmx,swap,random,3.0,False,True,swap,5.0,,,,,,,,,,,,,,,,,,,,,,,,,,,,,,,,,,,,,,,,,,,
J30_1.RCP,0,156.51315789473688,0.433870792388916,GA_roulette_pmx_swap_random_noRepair_noElitism_none,38,activity_list,1000.0,0.0,50.0,0.9,0.1,60.0,roulette,pmx,swap,random,3.0,False,False,none,5.0,,,,,,,,,,,,,,,,,,,,,,,,,,,,,,,,,,,,,,,,,,,
J30_1.RCP,1,156.51315789473688,0.3785531520843506,GA_roulette_pmx_swap_random_noRepair_noElitism_none,38,activity_list,1000.0,1.0,50.0,0.9,0.1,60.0,roulette,pmx,swap,random,3.0,False,False,none,5.0,,,,,,,,,,,,,,,,,,,,,,,,,,,,,,,,,,,,,,,,,,,
J30_1.RCP,0,156.51315789473688,0.3728032112121582,GA_roulette_pmx_swap_random_noRepair_noElitism_swap,38,activity_list,1000.0,0.0,50.0,0.9,0.1,60.0,roulette,pmx,swap,random,3.0,False,False,swap,5.0,,,,,,,,,,,,,,,,,,,,,,,,,,,,,,,,,,,,,,,,,,,
J30_1.RCP,1,156.51315789473688,0.3669886589050293,GA_roulette_pmx_swap_random_noRepair_noElitism_swap,38,activity_list,1000.0,1.0,50.0,0.9,0.1,60.0,roulette,pmx,swap,random,3.0,False,False,swap,5.0,,,,,,,,,,,,,,,,,,,,,,,,,,,,,,,,,,,,,,,,,,,
J30_1.RCP,0,156.51315789473688,0.6267149448394775,GA_roulette_pmx_swap_forward_repair_elitism_none,38,activity_list,1000.0,0.0,50.0,0.9,0.1,60.0,roulette,pmx,swap,forward,3.0,True,True,none,5.0,,,,,,,,,,,,,,,,,,,,,,,,,,,,,,,,,,,,,,,,,,,
J30_1.RCP,1,156.51315789473688,0.6624901294708252,GA_roulette_pmx_swap_forward_repair_elitism_none,38,activity_list,1000.0,1.0,50.0,0.9,0.1,60.0,roulette,pmx,swap,forward,3.0,True,True,none,5.0,,,,,,,,,,,,,,,,,,,,,,,,,,,,,,,,,,,,,,,,,,,
J30_1.RCP,0,156.51315789473688,0.6717941761016846,GA_roulette_pmx_swap_forward_repair_elitism_swap,38,activity_list,1000.0,0.0,50.0,0.9,0.1,60.0,roulette,pmx,swap,forward,3.0,True,True,swap,5.0,,,,,,,,,,,,,,,,,,,,,,,,,,,,,,,,,,,,,,,,,,,
J30_1.RCP,1,156.51315789473688,0.6383442878723145,GA_roulette_pmx_swap_forward_repair_elitism_swap,38,activity_list,1000.0,1.0,50.0,0.9,0.1,60.0,roulette,pmx,swap,forward,3.0,True,True,swap,5.0,,,,,,,,,,,,,,,,,,,,,,,,,,,,,,,,,,,,,,,,,,,
J30_1.RCP,0,156.51315789473688,0.6316988468170166,GA_roulette_pmx_swap_forward_repair_noElitism_none,38,activity_list,1000.0,0.0,50.0,0.9,0.1,60.0,roulette,pmx,swap,forward,3.0,True,False,none,5.0,,,,,,,,,,,,,,,,,,,,,,,,,,,,,,,,,,,,,,,,,,,
J30_1.RCP,1,156.51315789473688,0.6694393157958984,GA_roulette_pmx_swap_forward_repair_noElitism_none,38,activity_list,1000.0,1.0,50.0,0.9,0.1,60.0,roulette,pmx,swap,forward,3.0,True,False,none,5.0,,,,,,,,,,,,,,,,,,,,,,,,,,,,,,,,,,,,,,,,,,,
J30_1.RCP,0,156.51315789473688,0.6505882740020752,GA_roulette_pmx_swap_forward_repair_noElitism_swap,38,activity_list,1000.0,0.0,50.0,0.9,0.1,60.0,roulette,pmx,swap,forward,3.0,True,False,swap,5.0,,,,,,,,,,,,,,,,,,,,,,,,,,,,,,,,,,,,,,,,,,,
J30_1.RCP,1,156.51315789473688,0.6293671131134033,GA_roulette_pmx_swap_forward_repair_noElitism_swap,38,activity_list,1000.0,1.0,50.0,0.9,0.1,60.0,roulette,pmx,swap,forward,3.0,True,False,swap,5.0,,,,,,,,,,,,,,,,,,,,,,,,,,,,,,,,,,,,,,,,,,,
J30_1.RCP,0,156.51315789473688,0.39583420753479004,GA_roulette_pmx_swap_forward_noRepair_elitism_none,38,activity_list,1000.0,0.0,50.0,0.9,0.1,60.0,roulette,pmx,swap,forward,3.0,False,True,none,5.0,,,,,,,,,,,,,,,,,,,,,,,,,,,,,,,,,,,,,,,,,,,
J30_1.RCP,1,156.51315789473688,0.39136528968811035,GA_roulette_pmx_swap_forward_noRepair_elitism_none,38,activity_list,1000.0,1.0,50.0,0.9,0.1,60.0,roulette,pmx,swap,forward,3.0,False,True,none,5.0,,,,,,,,,,,,,,,,,,,,,,,,,,,,,,,,,,,,,,,,,,,
J30_1.RCP,0,156.51315789473688,0.37480711936950684,GA_roulette_pmx_swap_forward_noRepair_elitism_swap,38,activity_list,1000.0,0.0,50.0,0.9,0.1,60.0,roulette,pmx,swap,forward,3.0,False,True,swap,5.0,,,,,,,,,,,,,,,,,,,,,,,,,,,,,,,,,,,,,,,,,,,
J30_1.RCP,1,156.51315789473688,0.4086148738861084,GA_roulette_pmx_swap_forward_noRepair_elitism_swap,38,activity_list,1000.0,1.0,50.0,0.9,0.1,60.0,roulette,pmx,swap,forward,3.0,False,True,swap,5.0,,,,,,,,,,,,,,,,,,,,,,,,,,,,,,,,,,,,,,,,,,,
J30_1.RCP,0,156.51315789473688,0.38602757453918457,GA_roulette_pmx_swap_forward_noRepair_noElitism_none,38,activity_list,1000.0,0.0,50.0,0.9,0.1,60.0,roulette,pmx,swap,forward,3.0,False,False,none,5.0,,,,,,,,,,,,,,,,,,,,,,,,,,,,,,,,,,,,,,,,,,,
J30_1.RCP,1,156.51315789473688,0.3671407699584961,GA_roulette_pmx_swap_forward_noRepair_noElitism_none,38,activity_list,1000.0,1.0,50.0,0.9,0.1,60.0,roulette,pmx,swap,forward,3.0,False,False,none,5.0,,,,,,,,,,,,,,,,,,,,,,,,,,,,,,,,,,,,,,,,,,,
J30_1.RCP,0,156.51315789473688,0.36851000785827637,GA_roulette_pmx_swap_forward_noRepair_noElitism_swap,38,activity_list,1000.0,0.0,50.0,0.9,0.1,60.0,roulette,pmx,swap,forward,3.0,False,False,swap,5.0,,,,,,,,,,,,,,,,,,,,,,,,,,,,,,,,,,,,,,,,,,,
J30_1.RCP,1,156.51315789473688,0.37633204460144043,GA_roulette_pmx_swap_forward_noRepair_noElitism_swap,38,activity_list,1000.0,1.0,50.0,0.9,0.1,60.0,roulette,pmx,swap,forward,3.0,False,False,swap,5.0,,,,,,,,,,,,,,,,,,,,,,,,,,,,,,,,,,,,,,,,,,,
J30_1.RCP,0,156.51315789473688,0.830873966217041,GA_roulette_pmx_insertion_random_repair_elitism_none,38,activity_list,1000.0,0.0,50.0,0.9,0.1,60.0,roulette,pmx,insertion,random,3.0,True,True,none,5.0,,,,,,,,,,,,,,,,,,,,,,,,,,,,,,,,,,,,,,,,,,,
J30_1.RCP,1,156.51315789473688,0.732050895690918,GA_roulette_pmx_insertion_random_repair_elitism_none,38,activity_list,1000.0,1.0,50.0,0.9,0.1,60.0,roulette,pmx,insertion,random,3.0,True,True,none,5.0,,,,,,,,,,,,,,,,,,,,,,,,,,,,,,,,,,,,,,,,,,,
J30_1.RCP,0,156.51315789473688,0.6530919075012207,GA_roulette_pmx_insertion_random_repair_elitism_swap,38,activity_list,1000.0,0.0,50.0,0.9,0.1,60.0,roulette,pmx,insertion,random,3.0,True,True,swap,5.0,,,,,,,,,,,,,,,,,,,,,,,,,,,,,,,,,,,,,,,,,,,
J30_1.RCP,1,156.51315789473688,0.6626288890838623,GA_roulette_pmx_insertion_random_repair_elitism_swap,38,activity_list,1000.0,1.0,50.0,0.9,0.1,60.0,roulette,pmx,insertion,random,3.0,True,True,swap,5.0,,,,,,,,,,,,,,,,,,,,,,,,,,,,,,,,,,,,,,,,,,,
J30_1.RCP,0,156.51315789473688,0.6464331150054932,GA_roulette_pmx_insertion_random_repair_noElitism_none,38,activity_list,1000.0,0.0,50.0,0.9,0.1,60.0,roulette,pmx,insertion,random,3.0,True,False,none,5.0,,,,,,,,,,,,,,,,,,,,,,,,,,,,,,,,,,,,,,,,,,,
J30_1.RCP,1,156.51315789473688,0.6265311241149902,GA_roulette_pmx_insertion_random_repair_noElitism_none,38,activity_list,1000.0,1.0,50.0,0.9,0.1,60.0,roulette,pmx,insertion,random,3.0,True,False,none,5.0,,,,,,,,,,,,,,,,,,,,,,,,,,,,,,,,,,,,,,,,,,,
J30_1.RCP,0,156.51315789473688,0.6298401355743408,GA_roulette_pmx_insertion_random_repair_noElitism_swap,38,activity_list,1000.0,0.0,50.0,0.9,0.1,60.0,roulette,pmx,insertion,random,3.0,True,False,swap,5.0,,,,,,,,,,,,,,,,,,,,,,,,,,,,,,,,,,,,,,,,,,,
J30_1.RCP,1,156.51315789473688,0.6194579601287842,GA_roulette_pmx_insertion_random_repair_noElitism_swap,38,activity_list,1000.0,1.0,50.0,0.9,0.1,60.0,roulette,pmx,insertion,random,3.0,True,False,swap,5.0,,,,,,,,,,,,,,,,,,,,,,,,,,,,,,,,,,,,,,,,,,,
J30_1.RCP,0,156.51315789473688,0.37486910820007324,GA_roulette_pmx_insertion_random_noRepair_elitism_none,38,activity_list,1000.0,0.0,50.0,0.9,0.1,60.0,roulette,pmx,insertion,random,3.0,False,True,none,5.0,,,,,,,,,,,,,,,,,,,,,,,,,,,,,,,,,,,,,,,,,,,
J30_1.RCP,1,156.51315789473688,0.3674190044403076,GA_roulette_pmx_insertion_random_noRepair_elitism_none,38,activity_list,1000.0,1.0,50.0,0.9,0.1,60.0,roulette,pmx,insertion,random,3.0,False,True,none,5.0,,,,,,,,,,,,,,,,,,,,,,,,,,,,,,,,,,,,,,,,,,,
J30_1.RCP,0,156.51315789473688,0.36925387382507324,GA_roulette_pmx_insertion_random_noRepair_elitism_swap,38,activity_list,1000.0,0.0,50.0,0.9,0.1,60.0,roulette,pmx,insertion,random,3.0,False,True,swap,5.0,,,,,,,,,,,,,,,,,,,,,,,,,,,,,,,,,,,,,,,,,,,
J30_1.RCP,1,156.51315789473688,0.3665437698364258,GA_roulette_pmx_insertion_random_noRepair_elitism_swap,38,activity_list,1000.0,1.0,50.0,0.9,0.1,60.0,roulette,pmx,insertion,random,3.0,False,True,swap,5.0,,,,,,,,,,,,,,,,,,,,,,,,,,,,,,,,,,,,,,,,,,,
J30_1.RCP,0,156.51315789473688,0.3659210205078125,GA_roulette_pmx_insertion_random_noRepair_noElitism_none,38,activity_list,1000.0,0.0,50.0,0.9,0.1,60.0,roulette,pmx,insertion,random,3.0,False,False,none,5.0,,,,,,,,,,,,,,,,,,,,,,,,,,,,,,,,,,,,,,,,,,,
J30_1.RCP,1,156.51315789473688,0.36515307426452637,GA_roulette_pmx_insertion_random_noRepair_noElitism_none,38,activity_list,1000.0,1.0,50.0,0.9,0.1,60.0,roulette,pmx,insertion,random,3.0,False,False,none,5.0,,,,,,,,,,,,,,,,,,,,,,,,,,,,,,,,,,,,,,,,,,,
J30_1.RCP,0,156.51315789473688,0.37007904052734375,GA_roulette_pmx_insertion_random_noRepair_noElitism_swap,38,activity_list,1000.0,0.0,50.0,0.9,0.1,60.0,roulette,pmx,insertion,random,3.0,False,False,swap,5.0,,,,,,,,,,,,,,,,,,,,,,,,,,,,,,,,,,,,,,,,,,,
J30_1.RCP,1,156.51315789473688,0.36475515365600586,GA_roulette_pmx_insertion_random_noRepair_noElitism_swap,38,activity_list,1000.0,1.0,50.0,0.9,0.1,60.0,roulette,pmx,insertion,random,3.0,False,False,swap,5.0,,,,,,,,,,,,,,,,,,,,,,,,,,,,,,,,,,,,,,,,,,,
J30_1.RCP,0,156.51315789473688,0.6282210350036621,GA_roulette_pmx_insertion_forward_repair_elitism_none,38,activity_list,1000.0,0.0,50.0,0.9,0.1,60.0,roulette,pmx,insertion,forward,3.0,True,True,none,5.0,,,,,,,,,,,,,,,,,,,,,,,,,,,,,,,,,,,,,,,,,,,
J30_1.RCP,1,156.51315789473688,0.6250660419464111,GA_roulette_pmx_insertion_forward_repair_elitism_none,38,activity_list,1000.0,1.0,50.0,0.9,0.1,60.0,roulette,pmx,insertion,forward,3.0,True,True,none,5.0,,,,,,,,,,,,,,,,,,,,,,,,,,,,,,,,,,,,,,,,,,,
J30_1.RCP,0,156.51315789473688,0.6294898986816406,GA_roulette_pmx_insertion_forward_repair_elitism_swap,38,activity_list,1000.0,0.0,50.0,0.9,0.1,60.0,roulette,pmx,insertion,forward,3.0,True,True,swap,5.0,,,,,,,,,,,,,,,,,,,,,,,,,,,,,,,,,,,,,,,,,,,
J30_1.RCP,1,156.51315789473688,0.6372580528259277,GA_roulette_pmx_insertion_forward_repair_elitism_swap,38,activity_list,1000.0,1.0,50.0,0.9,0.1,60.0,roulette,pmx,insertion,forward,3.0,True,True,swap,5.0,,,,,,,,,,,,,,,,,,,,,,,,,,,,,,,,,,,,,,,,,,,
J30_1.RCP,0,156.51315789473688,0.6380670070648193,GA_roulette_pmx_insertion_forward_repair_noElitism_none,38,activity_list,1000.0,0.0,50.0,0.9,0.1,60.0,roulette,pmx,insertion,forward,3.0,True,False,none,5.0,,,,,,,,,,,,,,,,,,,,,,,,,,,,,,,,,,,,,,,,,,,
J30_1.RCP,1,156.51315789473688,0.6375279426574707,GA_roulette_pmx_insertion_forward_repair_noElitism_none,38,activity_list,1000.0,1.0,50.0,0.9,0.1,60.0,roulette,pmx,insertion,forward,3.0,True,False,none,5.0,,,,,,,,,,,,,,,,,,,,,,,,,,,,,,,,,,,,,,,,,,,
J30_1.RCP,0,156.51315789473688,0.6350650787353516,GA_roulette_pmx_insertion_forward_repair_noElitism_swap,38,activity_list,1000.0,0.0,50.0,0.9,0.1,60.0,roulette,pmx,insertion,forward,3.0,True,False,swap,5.0,,,,,,,,,,,,,,,,,,,,,,,,,,,,,,,,,,,,,,,,,,,
J30_1.RCP,1,156.51315789473688,0.6257209777832031,GA_roulette_pmx_insertion_forward_repair_noElitism_swap,38,activity_list,1000.0,1.0,50.0,0.9,0.1,60.0,roulette,pmx,insertion,forward,3.0,True,False,swap,5.0,,,,,,,,,,,,,,,,,,,,,,,,,,,,,,,,,,,,,,,,,,,
J30_1.RCP,0,156.51315789473688,0.36054301261901855,GA_roulette_pmx_insertion_forward_noRepair_elitism_none,38,activity_list,1000.0,0.0,50.0,0.9,0.1,60.0,roulette,pmx,insertion,forward,3.0,False,True,none,5.0,,,,,,,,,,,,,,,,,,,,,,,,,,,,,,,,,,,,,,,,,,,
J30_1.RCP,1,156.51315789473688,0.3616950511932373,GA_roulette_pmx_insertion_forward_noRepair_elitism_none,38,activity_list,1000.0,1.0,50.0,0.9,0.1,60.0,roulette,pmx,insertion,forward,3.0,False,True,none,5.0,,,,,,,,,,,,,,,,,,,,,,,,,,,,,,,,,,,,,,,,,,,
J30_1.RCP,0,156.51315789473688,0.368135929107666,GA_roulette_pmx_insertion_forward_noRepair_elitism_swap,38,activity_list,1000.0,0.0,50.0,0.9,0.1,60.0,roulette,pmx,insertion,forward,3.0,False,True,swap,5.0,,,,,,,,,,,,,,,,,,,,,,,,,,,,,,,,,,,,,,,,,,,
J30_1.RCP,1,156.51315789473688,0.3664729595184326,GA_roulette_pmx_insertion_forward_noRepair_elitism_swap,38,activity_list,1000.0,1.0,50.0,0.9,0.1,60.0,roulette,pmx,insertion,forward,3.0,False,True,swap,5.0,,,,,,,,,,,,,,,,,,,,,,,,,,,,,,,,,,,,,,,,,,,
J30_1.RCP,0,156.51315789473688,0.3572230339050293,GA_roulette_pmx_insertion_forward_noRepair_noElitism_none,38,activity_list,1000.0,0.0,50.0,0.9,0.1,60.0,roulette,pmx,insertion,forward,3.0,False,False,none,5.0,,,,,,,,,,,,,,,,,,,,,,,,,,,,,,,,,,,,,,,,,,,
J30_1.RCP,1,156.51315789473688,0.3632538318634033,GA_roulette_pmx_insertion_forward_noRepair_noElitism_none,38,activity_list,1000.0,1.0,50.0,0.9,0.1,60.0,roulette,pmx,insertion,forward,3.0,False,False,none,5.0,,,,,,,,,,,,,,,,,,,,,,,,,,,,,,,,,,,,,,,,,,,
J30_1.RCP,0,156.51315789473688,0.36461591720581055,GA_roulette_pmx_insertion_forward_noRepair_noElitism_swap,38,activity_list,1000.0,0.0,50.0,0.9,0.1,60.0,roulette,pmx,insertion,forward,3.0,False,False,swap,5.0,,,,,,,,,,,,,,,,,,,,,,,,,,,,,,,,,,,,,,,,,,,
J30_1.RCP,1,156.51315789473688,0.3639352321624756,GA_roulette_pmx_insertion_forward_noRepair_noElitism_swap,38,activity_list,1000.0,1.0,50.0,0.9,0.1,60.0,roulette,pmx,insertion,forward,3.0,False,False,swap,5.0,,,,,,,,,,,,,,,,,,,,,,,,,,,,,,,,,,,,,,,,,,,
J30_1.RCP,0,156.51315789473688,0.6434638500213623,GA_roulette_pmx_inversion_random_repair_elitism_none,38,activity_list,1000.0,0.0,50.0,0.9,0.1,60.0,roulette,pmx,inversion,random,3.0,True,True,none,5.0,,,,,,,,,,,,,,,,,,,,,,,,,,,,,,,,,,,,,,,,,,,
J30_1.RCP,1,156.51315789473688,0.6117911338806152,GA_roulette_pmx_inversion_random_repair_elitism_none,38,activity_list,1000.0,1.0,50.0,0.9,0.1,60.0,roulette,pmx,inversion,random,3.0,True,True,none,5.0,,,,,,,,,,,,,,,,,,,,,,,,,,,,,,,,,,,,,,,,,,,
J30_1.RCP,0,156.51315789473688,0.6177160739898682,GA_roulette_pmx_inversion_random_repair_elitism_swap,38,activity_list,1000.0,0.0,50.0,0.9,0.1,60.0,roulette,pmx,inversion,random,3.0,True,True,swap,5.0,,,,,,,,,,,,,,,,,,,,,,,,,,,,,,,,,,,,,,,,,,,
J30_1.RCP,1,156.51315789473688,0.6223049163818359,GA_roulette_pmx_inversion_random_repair_elitism_swap,38,activity_list,1000.0,1.0,50.0,0.9,0.1,60.0,roulette,pmx,inversion,random,3.0,True,True,swap,5.0,,,,,,,,,,,,,,,,,,,,,,,,,,,,,,,,,,,,,,,,,,,
J30_1.RCP,0,156.51315789473688,0.625683069229126,GA_roulette_pmx_inversion_random_repair_noElitism_none,38,activity_list,1000.0,0.0,50.0,0.9,0.1,60.0,roulette,pmx,inversion,random,3.0,True,False,none,5.0,,,,,,,,,,,,,,,,,,,,,,,,,,,,,,,,,,,,,,,,,,,
J30_1.RCP,1,156.51315789473688,0.6223359107971191,GA_roulette_pmx_inversion_random_repair_noElitism_none,38,activity_list,1000.0,1.0,50.0,0.9,0.1,60.0,roulette,pmx,inversion,random,3.0,True,False,none,5.0,,,,,,,,,,,,,,,,,,,,,,,,,,,,,,,,,,,,,,,,,,,
J30_1.RCP,0,156.51315789473688,0.611703634262085,GA_roulette_pmx_inversion_random_repair_noElitism_swap,38,activity_list,1000.0,0.0,50.0,0.9,0.1,60.0,roulette,pmx,inversion,random,3.0,True,False,swap,5.0,,,,,,,,,,,,,,,,,,,,,,,,,,,,,,,,,,,,,,,,,,,
J30_1.RCP,1,156.51315789473688,0.6181282997131348,GA_roulette_pmx_inversion_random_repair_noElitism_swap,38,activity_list,1000.0,1.0,50.0,0.9,0.1,60.0,roulette,pmx,inversion,random,3.0,True,False,swap,5.0,,,,,,,,,,,,,,,,,,,,,,,,,,,,,,,,,,,,,,,,,,,
J30_1.RCP,0,156.51315789473688,0.3598620891571045,GA_roulette_pmx_inversion_random_noRepair_elitism_none,38,activity_list,1000.0,0.0,50.0,0.9,0.1,60.0,roulette,pmx,inversion,random,3.0,False,True,none,5.0,,,,,,,,,,,,,,,,,,,,,,,,,,,,,,,,,,,,,,,,,,,
J30_1.RCP,1,156.51315789473688,0.36246299743652344,GA_roulette_pmx_inversion_random_noRepair_elitism_none,38,activity_list,1000.0,1.0,50.0,0.9,0.1,60.0,roulette,pmx,inversion,random,3.0,False,True,none,5.0,,,,,,,,,,,,,,,,,,,,,,,,,,,,,,,,,,,,,,,,,,,
J30_1.RCP,0,156.51315789473688,0.3686199188232422,GA_roulette_pmx_inversion_random_noRepair_elitism_swap,38,activity_list,1000.0,0.0,50.0,0.9,0.1,60.0,roulette,pmx,inversion,random,3.0,False,True,swap,5.0,,,,,,,,,,,,,,,,,,,,,,,,,,,,,,,,,,,,,,,,,,,
J30_1.RCP,1,156.51315789473688,0.36478471755981445,GA_roulette_pmx_inversion_random_noRepair_elitism_swap,38,activity_list,1000.0,1.0,50.0,0.9,0.1,60.0,roulette,pmx,inversion,random,3.0,False,True,swap,5.0,,,,,,,,,,,,,,,,,,,,,,,,,,,,,,,,,,,,,,,,,,,
J30_1.RCP,0,156.51315789473688,0.3610880374908447,GA_roulette_pmx_inversion_random_noRepair_noElitism_none,38,activity_list,1000.0,0.0,50.0,0.9,0.1,60.0,roulette,pmx,inversion,random,3.0,False,False,none,5.0,,,,,,,,,,,,,,,,,,,,,,,,,,,,,,,,,,,,,,,,,,,
J30_1.RCP,1,156.51315789473688,0.3674149513244629,GA_roulette_pmx_inversion_random_noRepair_noElitism_none,38,activity_list,1000.0,1.0,50.0,0.9,0.1,60.0,roulette,pmx,inversion,random,3.0,False,False,none,5.0,,,,,,,,,,,,,,,,,,,,,,,,,,,,,,,,,,,,,,,,,,,
J30_1.RCP,0,156.51315789473688,0.37435102462768555,GA_roulette_pmx_inversion_random_noRepair_noElitism_swap,38,activity_list,1000.0,0.0,50.0,0.9,0.1,60.0,roulette,pmx,inversion,random,3.0,False,False,swap,5.0,,,,,,,,,,,,,,,,,,,,,,,,,,,,,,,,,,,,,,,,,,,
J30_1.RCP,1,156.51315789473688,0.37360715866088867,GA_roulette_pmx_inversion_random_noRepair_noElitism_swap,38,activity_list,1000.0,1.0,50.0,0.9,0.1,60.0,roulette,pmx,inversion,random,3.0,False,False,swap,5.0,,,,,,,,,,,,,,,,,,,,,,,,,,,,,,,,,,,,,,,,,,,
J30_1.RCP,0,156.51315789473688,0.6208600997924805,GA_roulette_pmx_inversion_forward_repair_elitism_none,38,activity_list,1000.0,0.0,50.0,0.9,0.1,60.0,roulette,pmx,inversion,forward,3.0,True,True,none,5.0,,,,,,,,,,,,,,,,,,,,,,,,,,,,,,,,,,,,,,,,,,,
J30_1.RCP,1,156.51315789473688,0.6259629726409912,GA_roulette_pmx_inversion_forward_repair_elitism_none,38,activity_list,1000.0,1.0,50.0,0.9,0.1,60.0,roulette,pmx,inversion,forward,3.0,True,True,none,5.0,,,,,,,,,,,,,,,,,,,,,,,,,,,,,,,,,,,,,,,,,,,
J30_1.RCP,0,156.51315789473688,0.6177840232849121,GA_roulette_pmx_inversion_forward_repair_elitism_swap,38,activity_list,1000.0,0.0,50.0,0.9,0.1,60.0,roulette,pmx,inversion,forward,3.0,True,True,swap,5.0,,,,,,,,,,,,,,,,,,,,,,,,,,,,,,,,,,,,,,,,,,,
J30_1.RCP,1,156.51315789473688,0.6234900951385498,GA_roulette_pmx_inversion_forward_repair_elitism_swap,38,activity_list,1000.0,1.0,50.0,0.9,0.1,60.0,roulette,pmx,inversion,forward,3.0,True,True,swap,5.0,,,,,,,,,,,,,,,,,,,,,,,,,,,,,,,,,,,,,,,,,,,
J30_1.RCP,0,156.51315789473688,0.6292176246643066,GA_roulette_pmx_inversion_forward_repair_noElitism_none,38,activity_list,1000.0,0.0,50.0,0.9,0.1,60.0,roulette,pmx,inversion,forward,3.0,True,False,none,5.0,,,,,,,,,,,,,,,,,,,,,,,,,,,,,,,,,,,,,,,,,,,
J30_1.RCP,1,156.51315789473688,0.6338818073272705,GA_roulette_pmx_inversion_forward_repair_noElitism_none,38,activity_list,1000.0,1.0,50.0,0.9,0.1,60.0,roulette,pmx,inversion,forward,3.0,True,False,none,5.0,,,,,,,,,,,,,,,,,,,,,,,,,,,,,,,,,,,,,,,,,,,
J30_1.RCP,0,156.51315789473688,0.62888503074646,GA_roulette_pmx_inversion_forward_repair_noElitism_swap,38,activity_list,1000.0,0.0,50.0,0.9,0.1,60.0,roulette,pmx,inversion,forward,3.0,True,False,swap,5.0,,,,,,,,,,,,,,,,,,,,,,,,,,,,,,,,,,,,,,,,,,,
J30_1.RCP,1,156.51315789473688,0.6158342361450195,GA_roulette_pmx_inversion_forward_repair_noElitism_swap,38,activity_list,1000.0,1.0,50.0,0.9,0.1,60.0,roulette,pmx,inversion,forward,3.0,True,False,swap,5.0,,,,,,,,,,,,,,,,,,,,,,,,,,,,,,,,,,,,,,,,,,,
J30_1.RCP,0,156.51315789473688,0.36298584938049316,GA_roulette_pmx_inversion_forward_noRepair_elitism_none,38,activity_list,1000.0,0.0,50.0,0.9,0.1,60.0,roulette,pmx,inversion,forward,3.0,False,True,none,5.0,,,,,,,,,,,,,,,,,,,,,,,,,,,,,,,,,,,,,,,,,,,
J30_1.RCP,1,156.51315789473688,0.36946892738342285,GA_roulette_pmx_inversion_forward_noRepair_elitism_none,38,activity_list,1000.0,1.0,50.0,0.9,0.1,60.0,roulette,pmx,inversion,forward,3.0,False,True,none,5.0,,,,,,,,,,,,,,,,,,,,,,,,,,,,,,,,,,,,,,,,,,,
J30_1.RCP,0,156.51315789473688,0.374190092086792,GA_roulette_pmx_inversion_forward_noRepair_elitism_swap,38,activity_list,1000.0,0.0,50.0,0.9,0.1,60.0,roulette,pmx,inversion,forward,3.0,False,True,swap,5.0,,,,,,,,,,,,,,,,,,,,,,,,,,,,,,,,,,,,,,,,,,,
J30_1.RCP,1,156.51315789473688,0.36837291717529297,GA_roulette_pmx_inversion_forward_noRepair_elitism_swap,38,activity_list,1000.0,1.0,50.0,0.9,0.1,60.0,roulette,pmx,inversion,forward,3.0,False,True,swap,5.0,,,,,,,,,,,,,,,,,,,,,,,,,,,,,,,,,,,,,,,,,,,
J30_1.RCP,0,156.51315789473688,0.3676159381866455,GA_roulette_pmx_inversion_forward_noRepair_noElitism_none,38,activity_list,1000.0,0.0,50.0,0.9,0.1,60.0,roulette,pmx,inversion,forward,3.0,False,False,none,5.0,,,,,,,,,,,,,,,,,,,,,,,,,,,,,,,,,,,,,,,,,,,
J30_1.RCP,1,156.51315789473688,0.36593103408813477,GA_roulette_pmx_inversion_forward_noRepair_noElitism_none,38,activity_list,1000.0,1.0,50.0,0.9,0.1,60.0,roulette,pmx,inversion,forward,3.0,False,False,none,5.0,,,,,,,,,,,,,,,,,,,,,,,,,,,,,,,,,,,,,,,,,,,
J30_1.RCP,0,156.51315789473688,0.37237095832824707,GA_roulette_pmx_inversion_forward_noRepair_noElitism_swap,38,activity_list,1000.0,0.0,50.0,0.9,0.1,60.0,roulette,pmx,inversion,forward,3.0,False,False,swap,5.0,,,,,,,,,,,,,,,,,,,,,,,,,,,,,,,,,,,,,,,,,,,
J30_1.RCP,1,156.51315789473688,0.36437416076660156,GA_roulette_pmx_inversion_forward_noRepair_noElitism_swap,38,activity_list,1000.0,1.0,50.0,0.9,0.1,60.0,roulette,pmx,inversion,forward,3.0,False,False,swap,5.0,,,,,,,,,,,,,,,,,,,,,,,,,,,,,,,,,,,,,,,,,,,
J30_1.RCP,0,156.51315789473688,0.6209330558776855,GA_roulette_pmx_scramble_random_repair_elitism_none,38,activity_list,1000.0,0.0,50.0,0.9,0.1,60.0,roulette,pmx,scramble,random,3.0,True,True,none,5.0,,,,,,,,,,,,,,,,,,,,,,,,,,,,,,,,,,,,,,,,,,,
J30_1.RCP,1,156.51315789473688,0.623953104019165,GA_roulette_pmx_scramble_random_repair_elitism_none,38,activity_list,1000.0,1.0,50.0,0.9,0.1,60.0,roulette,pmx,scramble,random,3.0,True,True,none,5.0,,,,,,,,,,,,,,,,,,,,,,,,,,,,,,,,,,,,,,,,,,,
J30_1.RCP,0,156.51315789473688,0.6434812545776367,GA_roulette_pmx_scramble_random_repair_elitism_swap,38,activity_list,1000.0,0.0,50.0,0.9,0.1,60.0,roulette,pmx,scramble,random,3.0,True,True,swap,5.0,,,,,,,,,,,,,,,,,,,,,,,,,,,,,,,,,,,,,,,,,,,
J30_1.RCP,1,156.51315789473688,0.6859190464019775,GA_roulette_pmx_scramble_random_repair_elitism_swap,38,activity_list,1000.0,1.0,50.0,0.9,0.1,60.0,roulette,pmx,scramble,random,3.0,True,True,swap,5.0,,,,,,,,,,,,,,,,,,,,,,,,,,,,,,,,,,,,,,,,,,,
J30_1.RCP,0,156.51315789473688,0.624506950378418,GA_roulette_pmx_scramble_random_repair_noElitism_none,38,activity_list,1000.0,0.0,50.0,0.9,0.1,60.0,roulette,pmx,scramble,random,3.0,True,False,none,5.0,,,,,,,,,,,,,,,,,,,,,,,,,,,,,,,,,,,,,,,,,,,
J30_1.RCP,1,156.51315789473688,0.6452517509460449,GA_roulette_pmx_scramble_random_repair_noElitism_none,38,activity_list,1000.0,1.0,50.0,0.9,0.1,60.0,roulette,pmx,scramble,random,3.0,True,False,none,5.0,,,,,,,,,,,,,,,,,,,,,,,,,,,,,,,,,,,,,,,,,,,
J30_1.RCP,0,156.51315789473688,0.6454269886016846,GA_roulette_pmx_scramble_random_repair_noElitism_swap,38,activity_list,1000.0,0.0,50.0,0.9,0.1,60.0,roulette,pmx,scramble,random,3.0,True,False,swap,5.0,,,,,,,,,,,,,,,,,,,,,,,,,,,,,,,,,,,,,,,,,,,
J30_1.RCP,1,156.51315789473688,0.6376152038574219,GA_roulette_pmx_scramble_random_repair_noElitism_swap,38,activity_list,1000.0,1.0,50.0,0.9,0.1,60.0,roulette,pmx,scramble,random,3.0,True,False,swap,5.0,,,,,,,,,,,,,,,,,,,,,,,,,,,,,,,,,,,,,,,,,,,
J30_1.RCP,0,156.51315789473688,0.37316083908081055,GA_roulette_pmx_scramble_random_noRepair_elitism_none,38,activity_list,1000.0,0.0,50.0,0.9,0.1,60.0,roulette,pmx,scramble,random,3.0,False,True,none,5.0,,,,,,,,,,,,,,,,,,,,,,,,,,,,,,,,,,,,,,,,,,,
J30_1.RCP,1,156.51315789473688,0.37402796745300293,GA_roulette_pmx_scramble_random_noRepair_elitism_none,38,activity_list,1000.0,1.0,50.0,0.9,0.1,60.0,roulette,pmx,scramble,random,3.0,False,True,none,5.0,,,,,,,,,,,,,,,,,,,,,,,,,,,,,,,,,,,,,,,,,,,
J30_1.RCP,0,156.51315789473688,0.38155078887939453,GA_roulette_pmx_scramble_random_noRepair_elitism_swap,38,activity_list,1000.0,0.0,50.0,0.9,0.1,60.0,roulette,pmx,scramble,random,3.0,False,True,swap,5.0,,,,,,,,,,,,,,,,,,,,,,,,,,,,,,,,,,,,,,,,,,,
J30_1.RCP,1,156.51315789473688,0.3770899772644043,GA_roulette_pmx_scramble_random_noRepair_elitism_swap,38,activity_list,1000.0,1.0,50.0,0.9,0.1,60.0,roulette,pmx,scramble,random,3.0,False,True,swap,5.0,,,,,,,,,,,,,,,,,,,,,,,,,,,,,,,,,,,,,,,,,,,
J30_1.RCP,0,156.51315789473688,0.37433505058288574,GA_roulette_pmx_scramble_random_noRepair_noElitism_none,38,activity_list,1000.0,0.0,50.0,0.9,0.1,60.0,roulette,pmx,scramble,random,3.0,False,False,none,5.0,,,,,,,,,,,,,,,,,,,,,,,,,,,,,,,,,,,,,,,,,,,
J30_1.RCP,1,156.51315789473688,0.37084078788757324,GA_roulette_pmx_scramble_random_noRepair_noElitism_none,38,activity_list,1000.0,1.0,50.0,0.9,0.1,60.0,roulette,pmx,scramble,random,3.0,False,False,none,5.0,,,,,,,,,,,,,,,,,,,,,,,,,,,,,,,,,,,,,,,,,,,
J30_1.RCP,0,156.51315789473688,0.37281107902526855,GA_roulette_pmx_scramble_random_noRepair_noElitism_swap,38,activity_list,1000.0,0.0,50.0,0.9,0.1,60.0,roulette,pmx,scramble,random,3.0,False,False,swap,5.0,,,,,,,,,,,,,,,,,,,,,,,,,,,,,,,,,,,,,,,,,,,
J30_1.RCP,1,156.51315789473688,0.3821878433227539,GA_roulette_pmx_scramble_random_noRepair_noElitism_swap,38,activity_list,1000.0,1.0,50.0,0.9,0.1,60.0,roulette,pmx,scramble,random,3.0,False,False,swap,5.0,,,,,,,,,,,,,,,,,,,,,,,,,,,,,,,,,,,,,,,,,,,
J30_1.RCP,0,156.51315789473688,0.6358928680419922,GA_roulette_pmx_scramble_forward_repair_elitism_none,38,activity_list,1000.0,0.0,50.0,0.9,0.1,60.0,roulette,pmx,scramble,forward,3.0,True,True,none,5.0,,,,,,,,,,,,,,,,,,,,,,,,,,,,,,,,,,,,,,,,,,,
J30_1.RCP,1,156.51315789473688,0.6225907802581787,GA_roulette_pmx_scramble_forward_repair_elitism_none,38,activity_list,1000.0,1.0,50.0,0.9,0.1,60.0,roulette,pmx,scramble,forward,3.0,True,True,none,5.0,,,,,,,,,,,,,,,,,,,,,,,,,,,,,,,,,,,,,,,,,,,
J30_1.RCP,0,156.51315789473688,0.6235620975494385,GA_roulette_pmx_scramble_forward_repair_elitism_swap,38,activity_list,1000.0,0.0,50.0,0.9,0.1,60.0,roulette,pmx,scramble,forward,3.0,True,True,swap,5.0,,,,,,,,,,,,,,,,,,,,,,,,,,,,,,,,,,,,,,,,,,,
J30_1.RCP,1,156.51315789473688,0.6182820796966553,GA_roulette_pmx_scramble_forward_repair_elitism_swap,38,activity_list,1000.0,1.0,50.0,0.9,0.1,60.0,roulette,pmx,scramble,forward,3.0,True,True,swap,5.0,,,,,,,,,,,,,,,,,,,,,,,,,,,,,,,,,,,,,,,,,,,
J30_1.RCP,0,156.51315789473688,0.6299898624420166,GA_roulette_pmx_scramble_forward_repair_noElitism_none,38,activity_list,1000.0,0.0,50.0,0.9,0.1,60.0,roulette,pmx,scramble,forward,3.0,True,False,none,5.0,,,,,,,,,,,,,,,,,,,,,,,,,,,,,,,,,,,,,,,,,,,
J30_1.RCP,1,156.51315789473688,0.6250159740447998,GA_roulette_pmx_scramble_forward_repair_noElitism_none,38,activity_list,1000.0,1.0,50.0,0.9,0.1,60.0,roulette,pmx,scramble,forward,3.0,True,False,none,5.0,,,,,,,,,,,,,,,,,,,,,,,,,,,,,,,,,,,,,,,,,,,
J30_1.RCP,0,156.51315789473688,0.6318190097808838,GA_roulette_pmx_scramble_forward_repair_noElitism_swap,38,activity_list,1000.0,0.0,50.0,0.9,0.1,60.0,roulette,pmx,scramble,forward,3.0,True,False,swap,5.0,,,,,,,,,,,,,,,,,,,,,,,,,,,,,,,,,,,,,,,,,,,
J30_1.RCP,1,156.51315789473688,0.6292452812194824,GA_roulette_pmx_scramble_forward_repair_noElitism_swap,38,activity_list,1000.0,1.0,50.0,0.9,0.1,60.0,roulette,pmx,scramble,forward,3.0,True,False,swap,5.0,,,,,,,,,,,,,,,,,,,,,,,,,,,,,,,,,,,,,,,,,,,
J30_1.RCP,0,156.51315789473688,0.3651430606842041,GA_roulette_pmx_scramble_forward_noRepair_elitism_none,38,activity_list,1000.0,0.0,50.0,0.9,0.1,60.0,roulette,pmx,scramble,forward,3.0,False,True,none,5.0,,,,,,,,,,,,,,,,,,,,,,,,,,,,,,,,,,,,,,,,,,,
J30_1.RCP,1,156.51315789473688,0.36734485626220703,GA_roulette_pmx_scramble_forward_noRepair_elitism_none,38,activity_list,1000.0,1.0,50.0,0.9,0.1,60.0,roulette,pmx,scramble,forward,3.0,False,True,none,5.0,,,,,,,,,,,,,,,,,,,,,,,,,,,,,,,,,,,,,,,,,,,
J30_1.RCP,0,156.51315789473688,0.3696560859680176,GA_roulette_pmx_scramble_forward_noRepair_elitism_swap,38,activity_list,1000.0,0.0,50.0,0.9,0.1,60.0,roulette,pmx,scramble,forward,3.0,False,True,swap,5.0,,,,,,,,,,,,,,,,,,,,,,,,,,,,,,,,,,,,,,,,,,,
J30_1.RCP,1,156.51315789473688,0.36261892318725586,GA_roulette_pmx_scramble_forward_noRepair_elitism_swap,38,activity_list,1000.0,1.0,50.0,0.9,0.1,60.0,roulette,pmx,scramble,forward,3.0,False,True,swap,5.0,,,,,,,,,,,,,,,,,,,,,,,,,,,,,,,,,,,,,,,,,,,
J30_1.RCP,0,156.51315789473688,0.3704378604888916,GA_roulette_pmx_scramble_forward_noRepair_noElitism_none,38,activity_list,1000.0,0.0,50.0,0.9,0.1,60.0,roulette,pmx,scramble,forward,3.0,False,False,none,5.0,,,,,,,,,,,,,,,,,,,,,,,,,,,,,,,,,,,,,,,,,,,
J30_1.RCP,1,156.51315789473688,0.35885000228881836,GA_roulette_pmx_scramble_forward_noRepair_noElitism_none,38,activity_list,1000.0,1.0,50.0,0.9,0.1,60.0,roulette,pmx,scramble,forward,3.0,False,False,none,5.0,,,,,,,,,,,,,,,,,,,,,,,,,,,,,,,,,,,,,,,,,,,
J30_1.RCP,0,156.51315789473688,0.36250805854797363,GA_roulette_pmx_scramble_forward_noRepair_noElitism_swap,38,activity_list,1000.0,0.0,50.0,0.9,0.1,60.0,roulette,pmx,scramble,forward,3.0,False,False,swap,5.0,,,,,,,,,,,,,,,,,,,,,,,,,,,,,,,,,,,,,,,,,,,
J30_1.RCP,1,156.51315789473688,0.36723995208740234,GA_roulette_pmx_scramble_forward_noRepair_noElitism_swap,38,activity_list,1000.0,1.0,50.0,0.9,0.1,60.0,roulette,pmx,scramble,forward,3.0,False,False,swap,5.0,,,,,,,,,,,,,,,,,,,,,,,,,,,,,,,,,,,,,,,,,,,
J30_1.RCP,0,156.51315789473688,0.6277530193328857,GA_roulette_order_swap_random_repair_elitism_none,38,activity_list,1000.0,0.0,50.0,0.9,0.1,60.0,roulette,order,swap,random,3.0,True,True,none,5.0,,,,,,,,,,,,,,,,,,,,,,,,,,,,,,,,,,,,,,,,,,,
J30_1.RCP,1,156.51315789473688,0.6338398456573486,GA_roulette_order_swap_random_repair_elitism_none,38,activity_list,1000.0,1.0,50.0,0.9,0.1,60.0,roulette,order,swap,random,3.0,True,True,none,5.0,,,,,,,,,,,,,,,,,,,,,,,,,,,,,,,,,,,,,,,,,,,
J30_1.RCP,0,156.51315789473688,0.6265308856964111,GA_roulette_order_swap_random_repair_elitism_swap,38,activity_list,1000.0,0.0,50.0,0.9,0.1,60.0,roulette,order,swap,random,3.0,True,True,swap,5.0,,,,,,,,,,,,,,,,,,,,,,,,,,,,,,,,,,,,,,,,,,,
J30_1.RCP,1,156.51315789473688,0.630490779876709,GA_roulette_order_swap_random_repair_elitism_swap,38,activity_list,1000.0,1.0,50.0,0.9,0.1,60.0,roulette,order,swap,random,3.0,True,True,swap,5.0,,,,,,,,,,,,,,,,,,,,,,,,,,,,,,,,,,,,,,,,,,,
J30_1.RCP,0,156.51315789473688,0.6295220851898193,GA_roulette_order_swap_random_repair_noElitism_none,38,activity_list,1000.0,0.0,50.0,0.9,0.1,60.0,roulette,order,swap,random,3.0,True,False,none,5.0,,,,,,,,,,,,,,,,,,,,,,,,,,,,,,,,,,,,,,,,,,,
J30_1.RCP,1,156.51315789473688,0.6305708885192871,GA_roulette_order_swap_random_repair_noElitism_none,38,activity_list,1000.0,1.0,50.0,0.9,0.1,60.0,roulette,order,swap,random,3.0,True,False,none,5.0,,,,,,,,,,,,,,,,,,,,,,,,,,,,,,,,,,,,,,,,,,,
J30_1.RCP,0,156.51315789473688,0.629065990447998,GA_roulette_order_swap_random_repair_noElitism_swap,38,activity_list,1000.0,0.0,50.0,0.9,0.1,60.0,roulette,order,swap,random,3.0,True,False,swap,5.0,,,,,,,,,,,,,,,,,,,,,,,,,,,,,,,,,,,,,,,,,,,
J30_1.RCP,1,156.51315789473688,0.626457929611206,GA_roulette_order_swap_random_repair_noElitism_swap,38,activity_list,1000.0,1.0,50.0,0.9,0.1,60.0,roulette,order,swap,random,3.0,True,False,swap,5.0,,,,,,,,,,,,,,,,,,,,,,,,,,,,,,,,,,,,,,,,,,,
data/psplib_raw/j30/J30_1.RCP,0,10000000000.0,0.0,GA_roulette_order_swap_random_noRepair_elitism_none,38,activity_list,,,,,,,,,,,,,,,,,,,,,,,,,,,,,,,,,,,,,,,,,,,,,,,,,,,,,,,,,,
data/psplib_raw/j30/J30_1.RCP,1,10000000000.0,0.0,GA_roulette_order_swap_random_noRepair_elitism_none,38,activity_list,,,,,,,,,,,,,,,,,,,,,,,,,,,,,,,,,,,,,,,,,,,,,,,,,,,,,,,,,,
data/psplib_raw/j30/J30_1.RCP,0,10000000000.0,0.0,GA_roulette_order_swap_random_noRepair_elitism_swap,38,activity_list,,,,,,,,,,,,,,,,,,,,,,,,,,,,,,,,,,,,,,,,,,,,,,,,,,,,,,,,,,
data/psplib_raw/j30/J30_1.RCP,1,10000000000.0,0.0,GA_roulette_order_swap_random_noRepair_elitism_swap,38,activity_list,,,,,,,,,,,,,,,,,,,,,,,,,,,,,,,,,,,,,,,,,,,,,,,,,,,,,,,,,,
data/psplib_raw/j30/J30_1.RCP,0,10000000000.0,0.0,GA_roulette_order_swap_random_noRepair_noElitism_none,38,activity_list,,,,,,,,,,,,,,,,,,,,,,,,,,,,,,,,,,,,,,,,,,,,,,,,,,,,,,,,,,
data/psplib_raw/j30/J30_1.RCP,1,10000000000.0,0.0,GA_roulette_order_swap_random_noRepair_noElitism_none,38,activity_list,,,,,,,,,,,,,,,,,,,,,,,,,,,,,,,,,,,,,,,,,,,,,,,,,,,,,,,,,,
data/psplib_raw/j30/J30_1.RCP,0,10000000000.0,0.0,GA_roulette_order_swap_random_noRepair_noElitism_swap,38,activity_list,,,,,,,,,,,,,,,,,,,,,,,,,,,,,,,,,,,,,,,,,,,,,,,,,,,,,,,,,,
data/psplib_raw/j30/J30_1.RCP,1,10000000000.0,0.0,GA_roulette_order_swap_random_noRepair_noElitism_swap,38,activity_list,,,,,,,,,,,,,,,,,,,,,,,,,,,,,,,,,,,,,,,,,,,,,,,,,,,,,,,,,,
J30_1.RCP,0,156.51315789473688,0.6413230895996094,GA_roulette_order_swap_forward_repair_elitism_none,38,activity_list,1000.0,0.0,50.0,0.9,0.1,60.0,roulette,order,swap,forward,3.0,True,True,none,5.0,,,,,,,,,,,,,,,,,,,,,,,,,,,,,,,,,,,,,,,,,,,
J30_1.RCP,1,156.51315789473688,0.6520349979400635,GA_roulette_order_swap_forward_repair_elitism_none,38,activity_list,1000.0,1.0,50.0,0.9,0.1,60.0,roulette,order,swap,forward,3.0,True,True,none,5.0,,,,,,,,,,,,,,,,,,,,,,,,,,,,,,,,,,,,,,,,,,,
J30_1.RCP,0,156.51315789473688,0.6519417762756348,GA_roulette_order_swap_forward_repair_elitism_swap,38,activity_list,1000.0,0.0,50.0,0.9,0.1,60.0,roulette,order,swap,forward,3.0,True,True,swap,5.0,,,,,,,,,,,,,,,,,,,,,,,,,,,,,,,,,,,,,,,,,,,
J30_1.RCP,1,156.51315789473688,0.6334199905395508,GA_roulette_order_swap_forward_repair_elitism_swap,38,activity_list,1000.0,1.0,50.0,0.9,0.1,60.0,roulette,order,swap,forward,3.0,True,True,swap,5.0,,,,,,,,,,,,,,,,,,,,,,,,,,,,,,,,,,,,,,,,,,,
J30_1.RCP,0,156.51315789473688,0.643143892288208,GA_roulette_order_swap_forward_repair_noElitism_none,38,activity_list,1000.0,0.0,50.0,0.9,0.1,60.0,roulette,order,swap,forward,3.0,True,False,none,5.0,,,,,,,,,,,,,,,,,,,,,,,,,,,,,,,,,,,,,,,,,,,
J30_1.RCP,1,156.51315789473688,0.6397919654846191,GA_roulette_order_swap_forward_repair_noElitism_none,38,activity_list,1000.0,1.0,50.0,0.9,0.1,60.0,roulette,order,swap,forward,3.0,True,False,none,5.0,,,,,,,,,,,,,,,,,,,,,,,,,,,,,,,,,,,,,,,,,,,
J30_1.RCP,0,156.51315789473688,0.645819902420044,GA_roulette_order_swap_forward_repair_noElitism_swap,38,activity_list,1000.0,0.0,50.0,0.9,0.1,60.0,roulette,order,swap,forward,3.0,True,False,swap,5.0,,,,,,,,,,,,,,,,,,,,,,,,,,,,,,,,,,,,,,,,,,,
J30_1.RCP,1,156.51315789473688,0.6435647010803223,GA_roulette_order_swap_forward_repair_noElitism_swap,38,activity_list,1000.0,1.0,50.0,0.9,0.1,60.0,roulette,order,swap,forward,3.0,True,False,swap,5.0,,,,,,,,,,,,,,,,,,,,,,,,,,,,,,,,,,,,,,,,,,,
data/psplib_raw/j30/J30_1.RCP,0,10000000000.0,0.0,GA_roulette_order_swap_forward_noRepair_elitism_none,38,activity_list,,,,,,,,,,,,,,,,,,,,,,,,,,,,,,,,,,,,,,,,,,,,,,,,,,,,,,,,,,
data/psplib_raw/j30/J30_1.RCP,1,10000000000.0,0.0,GA_roulette_order_swap_forward_noRepair_elitism_none,38,activity_list,,,,,,,,,,,,,,,,,,,,,,,,,,,,,,,,,,,,,,,,,,,,,,,,,,,,,,,,,,
data/psplib_raw/j30/J30_1.RCP,0,10000000000.0,0.0,GA_roulette_order_swap_forward_noRepair_elitism_swap,38,activity_list,,,,,,,,,,,,,,,,,,,,,,,,,,,,,,,,,,,,,,,,,,,,,,,,,,,,,,,,,,
data/psplib_raw/j30/J30_1.RCP,1,10000000000.0,0.0,GA_roulette_order_swap_forward_noRepair_elitism_swap,38,activity_list,,,,,,,,,,,,,,,,,,,,,,,,,,,,,,,,,,,,,,,,,,,,,,,,,,,,,,,,,,
data/psplib_raw/j30/J30_1.RCP,0,10000000000.0,0.0,GA_roulette_order_swap_forward_noRepair_noElitism_none,38,activity_list,,,,,,,,,,,,,,,,,,,,,,,,,,,,,,,,,,,,,,,,,,,,,,,,,,,,,,,,,,
data/psplib_raw/j30/J30_1.RCP,1,10000000000.0,0.0,GA_roulette_order_swap_forward_noRepair_noElitism_none,38,activity_list,,,,,,,,,,,,,,,,,,,,,,,,,,,,,,,,,,,,,,,,,,,,,,,,,,,,,,,,,,
data/psplib_raw/j30/J30_1.RCP,0,10000000000.0,0.0,GA_roulette_order_swap_forward_noRepair_noElitism_swap,38,activity_list,,,,,,,,,,,,,,,,,,,,,,,,,,,,,,,,,,,,,,,,,,,,,,,,,,,,,,,,,,
data/psplib_raw/j30/J30_1.RCP,1,10000000000.0,0.0,GA_roulette_order_swap_forward_noRepair_noElitism_swap,38,activity_list,,,,,,,,,,,,,,,,,,,,,,,,,,,,,,,,,,,,,,,,,,,,,,,,,,,,,,,,,,
J30_1.RCP,0,156.51315789473688,0.6344842910766602,GA_roulette_order_insertion_random_repair_elitism_none,38,activity_list,1000.0,0.0,50.0,0.9,0.1,60.0,roulette,order,insertion,random,3.0,True,True,none,5.0,,,,,,,,,,,,,,,,,,,,,,,,,,,,,,,,,,,,,,,,,,,
J30_1.RCP,1,156.51315789473688,0.6458261013031006,GA_roulette_order_insertion_random_repair_elitism_none,38,activity_list,1000.0,1.0,50.0,0.9,0.1,60.0,roulette,order,insertion,random,3.0,True,True,none,5.0,,,,,,,,,,,,,,,,,,,,,,,,,,,,,,,,,,,,,,,,,,,
J30_1.RCP,0,156.51315789473688,0.6359198093414307,GA_roulette_order_insertion_random_repair_elitism_swap,38,activity_list,1000.0,0.0,50.0,0.9,0.1,60.0,roulette,order,insertion,random,3.0,True,True,swap,5.0,,,,,,,,,,,,,,,,,,,,,,,,,,,,,,,,,,,,,,,,,,,
J30_1.RCP,1,156.51315789473688,0.6291251182556152,GA_roulette_order_insertion_random_repair_elitism_swap,38,activity_list,1000.0,1.0,50.0,0.9,0.1,60.0,roulette,order,insertion,random,3.0,True,True,swap,5.0,,,,,,,,,,,,,,,,,,,,,,,,,,,,,,,,,,,,,,,,,,,
J30_1.RCP,0,156.51315789473688,0.6416561603546143,GA_roulette_order_insertion_random_repair_noElitism_none,38,activity_list,1000.0,0.0,50.0,0.9,0.1,60.0,roulette,order,insertion,random,3.0,True,False,none,5.0,,,,,,,,,,,,,,,,,,,,,,,,,,,,,,,,,,,,,,,,,,,
J30_1.RCP,1,156.51315789473688,0.6376457214355469,GA_roulette_order_insertion_random_repair_noElitism_none,38,activity_list,1000.0,1.0,50.0,0.9,0.1,60.0,roulette,order,insertion,random,3.0,True,False,none,5.0,,,,,,,,,,,,,,,,,,,,,,,,,,,,,,,,,,,,,,,,,,,
J30_1.RCP,0,156.51315789473688,0.6245260238647461,GA_roulette_order_insertion_random_repair_noElitism_swap,38,activity_list,1000.0,0.0,50.0,0.9,0.1,60.0,roulette,order,insertion,random,3.0,True,False,swap,5.0,,,,,,,,,,,,,,,,,,,,,,,,,,,,,,,,,,,,,,,,,,,
J30_1.RCP,1,156.51315789473688,0.6382801532745361,GA_roulette_order_insertion_random_repair_noElitism_swap,38,activity_list,1000.0,1.0,50.0,0.9,0.1,60.0,roulette,order,insertion,random,3.0,True,False,swap,5.0,,,,,,,,,,,,,,,,,,,,,,,,,,,,,,,,,,,,,,,,,,,
data/psplib_raw/j30/J30_1.RCP,0,10000000000.0,0.0,GA_roulette_order_insertion_random_noRepair_elitism_none,38,activity_list,,,,,,,,,,,,,,,,,,,,,,,,,,,,,,,,,,,,,,,,,,,,,,,,,,,,,,,,,,
data/psplib_raw/j30/J30_1.RCP,1,10000000000.0,0.0,GA_roulette_order_insertion_random_noRepair_elitism_none,38,activity_list,,,,,,,,,,,,,,,,,,,,,,,,,,,,,,,,,,,,,,,,,,,,,,,,,,,,,,,,,,
data/psplib_raw/j30/J30_1.RCP,0,10000000000.0,0.0,GA_roulette_order_insertion_random_noRepair_elitism_swap,38,activity_list,,,,,,,,,,,,,,,,,,,,,,,,,,,,,,,,,,,,,,,,,,,,,,,,,,,,,,,,,,
data/psplib_raw/j30/J30_1.RCP,1,10000000000.0,0.0,GA_roulette_order_insertion_random_noRepair_elitism_swap,38,activity_list,,,,,,,,,,,,,,,,,,,,,,,,,,,,,,,,,,,,,,,,,,,,,,,,,,,,,,,,,,
data/psplib_raw/j30/J30_1.RCP,0,10000000000.0,0.0,GA_roulette_order_insertion_random_noRepair_noElitism_none,38,activity_list,,,,,,,,,,,,,,,,,,,,,,,,,,,,,,,,,,,,,,,,,,,,,,,,,,,,,,,,,,
data/psplib_raw/j30/J30_1.RCP,1,10000000000.0,0.0,GA_roulette_order_insertion_random_noRepair_noElitism_none,38,activity_list,,,,,,,,,,,,,,,,,,,,,,,,,,,,,,,,,,,,,,,,,,,,,,,,,,,,,,,,,,
data/psplib_raw/j30/J30_1.RCP,0,10000000000.0,0.0,GA_roulette_order_insertion_random_noRepair_noElitism_swap,38,activity_list,,,,,,,,,,,,,,,,,,,,,,,,,,,,,,,,,,,,,,,,,,,,,,,,,,,,,,,,,,
data/psplib_raw/j30/J30_1.RCP,1,10000000000.0,0.0,GA_roulette_order_insertion_random_noRepair_noElitism_swap,38,activity_list,,,,,,,,,,,,,,,,,,,,,,,,,,,,,,,,,,,,,,,,,,,,,,,,,,,,,,,,,,
J30_1.RCP,0,156.51315789473688,0.6534347534179688,GA_roulette_order_insertion_forward_repair_elitism_none,38,activity_list,1000.0,0.0,50.0,0.9,0.1,60.0,roulette,order,insertion,forward,3.0,True,True,none,5.0,,,,,,,,,,,,,,,,,,,,,,,,,,,,,,,,,,,,,,,,,,,
J30_1.RCP,1,156.51315789473688,0.6525561809539795,GA_roulette_order_insertion_forward_repair_elitism_none,38,activity_list,1000.0,1.0,50.0,0.9,0.1,60.0,roulette,order,insertion,forward,3.0,True,True,none,5.0,,,,,,,,,,,,,,,,,,,,,,,,,,,,,,,,,,,,,,,,,,,
J30_1.RCP,0,156.51315789473688,0.6557939052581787,GA_roulette_order_insertion_forward_repair_elitism_swap,38,activity_list,1000.0,0.0,50.0,0.9,0.1,60.0,roulette,order,insertion,forward,3.0,True,True,swap,5.0,,,,,,,,,,,,,,,,,,,,,,,,,,,,,,,,,,,,,,,,,,,
J30_1.RCP,1,156.51315789473688,0.6599781513214111,GA_roulette_order_insertion_forward_repair_elitism_swap,38,activity_list,1000.0,1.0,50.0,0.9,0.1,60.0,roulette,order,insertion,forward,3.0,True,True,swap,5.0,,,,,,,,,,,,,,,,,,,,,,,,,,,,,,,,,,,,,,,,,,,
J30_1.RCP,0,156.51315789473688,0.640812873840332,GA_roulette_order_insertion_forward_repair_noElitism_none,38,activity_list,1000.0,0.0,50.0,0.9,0.1,60.0,roulette,order,insertion,forward,3.0,True,False,none,5.0,,,,,,,,,,,,,,,,,,,,,,,,,,,,,,,,,,,,,,,,,,,
J30_1.RCP,1,156.51315789473688,0.6524710655212402,GA_roulette_order_insertion_forward_repair_noElitism_none,38,activity_list,1000.0,1.0,50.0,0.9,0.1,60.0,roulette,order,insertion,forward,3.0,True,False,none,5.0,,,,,,,,,,,,,,,,,,,,,,,,,,,,,,,,,,,,,,,,,,,
J30_1.RCP,0,156.51315789473688,0.6445770263671875,GA_roulette_order_insertion_forward_repair_noElitism_swap,38,activity_list,1000.0,0.0,50.0,0.9,0.1,60.0,roulette,order,insertion,forward,3.0,True,False,swap,5.0,,,,,,,,,,,,,,,,,,,,,,,,,,,,,,,,,,,,,,,,,,,
J30_1.RCP,1,156.51315789473688,0.653602123260498,GA_roulette_order_insertion_forward_repair_noElitism_swap,38,activity_list,1000.0,1.0,50.0,0.9,0.1,60.0,roulette,order,insertion,forward,3.0,True,False,swap,5.0,,,,,,,,,,,,,,,,,,,,,,,,,,,,,,,,,,,,,,,,,,,
data/psplib_raw/j30/J30_1.RCP,0,10000000000.0,0.0,GA_roulette_order_insertion_forward_noRepair_elitism_none,38,activity_list,,,,,,,,,,,,,,,,,,,,,,,,,,,,,,,,,,,,,,,,,,,,,,,,,,,,,,,,,,
data/psplib_raw/j30/J30_1.RCP,1,10000000000.0,0.0,GA_roulette_order_insertion_forward_noRepair_elitism_none,38,activity_list,,,,,,,,,,,,,,,,,,,,,,,,,,,,,,,,,,,,,,,,,,,,,,,,,,,,,,,,,,
data/psplib_raw/j30/J30_1.RCP,0,10000000000.0,0.0,GA_roulette_order_insertion_forward_noRepair_elitism_swap,38,activity_list,,,,,,,,,,,,,,,,,,,,,,,,,,,,,,,,,,,,,,,,,,,,,,,,,,,,,,,,,,
data/psplib_raw/j30/J30_1.RCP,1,10000000000.0,0.0,GA_roulette_order_insertion_forward_noRepair_elitism_swap,38,activity_list,,,,,,,,,,,,,,,,,,,,,,,,,,,,,,,,,,,,,,,,,,,,,,,,,,,,,,,,,,
data/psplib_raw/j30/J30_1.RCP,0,10000000000.0,0.0,GA_roulette_order_insertion_forward_noRepair_noElitism_none,38,activity_list,,,,,,,,,,,,,,,,,,,,,,,,,,,,,,,,,,,,,,,,,,,,,,,,,,,,,,,,,,
data/psplib_raw/j30/J30_1.RCP,1,10000000000.0,0.0,GA_roulette_order_insertion_forward_noRepair_noElitism_none,38,activity_list,,,,,,,,,,,,,,,,,,,,,,,,,,,,,,,,,,,,,,,,,,,,,,,,,,,,,,,,,,
data/psplib_raw/j30/J30_1.RCP,0,10000000000.0,0.0,GA_roulette_order_insertion_forward_noRepair_noElitism_swap,38,activity_list,,,,,,,,,,,,,,,,,,,,,,,,,,,,,,,,,,,,,,,,,,,,,,,,,,,,,,,,,,
data/psplib_raw/j30/J30_1.RCP,1,10000000000.0,0.0,GA_roulette_order_insertion_forward_noRepair_noElitism_swap,38,activity_list,,,,,,,,,,,,,,,,,,,,,,,,,,,,,,,,,,,,,,,,,,,,,,,,,,,,,,,,,,
J30_1.RCP,0,156.51315789473688,0.6496448516845703,GA_roulette_order_inversion_random_repair_elitism_none,38,activity_list,1000.0,0.0,50.0,0.9,0.1,60.0,roulette,order,inversion,random,3.0,True,True,none,5.0,,,,,,,,,,,,,,,,,,,,,,,,,,,,,,,,,,,,,,,,,,,
J30_1.RCP,1,156.51315789473688,0.6772539615631104,GA_roulette_order_inversion_random_repair_elitism_none,38,activity_list,1000.0,1.0,50.0,0.9,0.1,60.0,roulette,order,inversion,random,3.0,True,True,none,5.0,,,,,,,,,,,,,,,,,,,,,,,,,,,,,,,,,,,,,,,,,,,
J30_1.RCP,0,156.51315789473688,0.6565709114074707,GA_roulette_order_inversion_random_repair_elitism_swap,38,activity_list,1000.0,0.0,50.0,0.9,0.1,60.0,roulette,order,inversion,random,3.0,True,True,swap,5.0,,,,,,,,,,,,,,,,,,,,,,,,,,,,,,,,,,,,,,,,,,,
J30_1.RCP,1,156.51315789473688,0.6382830142974854,GA_roulette_order_inversion_random_repair_elitism_swap,38,activity_list,1000.0,1.0,50.0,0.9,0.1,60.0,roulette,order,inversion,random,3.0,True,True,swap,5.0,,,,,,,,,,,,,,,,,,,,,,,,,,,,,,,,,,,,,,,,,,,
J30_1.RCP,0,156.51315789473688,0.63907790184021,GA_roulette_order_inversion_random_repair_noElitism_none,38,activity_list,1000.0,0.0,50.0,0.9,0.1,60.0,roulette,order,inversion,random,3.0,True,False,none,5.0,,,,,,,,,,,,,,,,,,,,,,,,,,,,,,,,,,,,,,,,,,,
J30_1.RCP,1,156.51315789473688,0.6419007778167725,GA_roulette_order_inversion_random_repair_noElitism_none,38,activity_list,1000.0,1.0,50.0,0.9,0.1,60.0,roulette,order,inversion,random,3.0,True,False,none,5.0,,,,,,,,,,,,,,,,,,,,,,,,,,,,,,,,,,,,,,,,,,,
J30_1.RCP,0,156.51315789473688,0.6435301303863525,GA_roulette_order_inversion_random_repair_noElitism_swap,38,activity_list,1000.0,0.0,50.0,0.9,0.1,60.0,roulette,order,inversion,random,3.0,True,False,swap,5.0,,,,,,,,,,,,,,,,,,,,,,,,,,,,,,,,,,,,,,,,,,,
J30_1.RCP,1,156.51315789473688,0.6388509273529053,GA_roulette_order_inversion_random_repair_noElitism_swap,38,activity_list,1000.0,1.0,50.0,0.9,0.1,60.0,roulette,order,inversion,random,3.0,True,False,swap,5.0,,,,,,,,,,,,,,,,,,,,,,,,,,,,,,,,,,,,,,,,,,,
data/psplib_raw/j30/J30_1.RCP,0,10000000000.0,0.0,GA_roulette_order_inversion_random_noRepair_elitism_none,38,activity_list,,,,,,,,,,,,,,,,,,,,,,,,,,,,,,,,,,,,,,,,,,,,,,,,,,,,,,,,,,
data/psplib_raw/j30/J30_1.RCP,1,10000000000.0,0.0,GA_roulette_order_inversion_random_noRepair_elitism_none,38,activity_list,,,,,,,,,,,,,,,,,,,,,,,,,,,,,,,,,,,,,,,,,,,,,,,,,,,,,,,,,,
data/psplib_raw/j30/J30_1.RCP,0,10000000000.0,0.0,GA_roulette_order_inversion_random_noRepair_elitism_swap,38,activity_list,,,,,,,,,,,,,,,,,,,,,,,,,,,,,,,,,,,,,,,,,,,,,,,,,,,,,,,,,,
data/psplib_raw/j30/J30_1.RCP,1,10000000000.0,0.0,GA_roulette_order_inversion_random_noRepair_elitism_swap,38,activity_list,,,,,,,,,,,,,,,,,,,,,,,,,,,,,,,,,,,,,,,,,,,,,,,,,,,,,,,,,,
data/psplib_raw/j30/J30_1.RCP,0,10000000000.0,0.0,GA_roulette_order_inversion_random_noRepair_noElitism_none,38,activity_list,,,,,,,,,,,,,,,,,,,,,,,,,,,,,,,,,,,,,,,,,,,,,,,,,,,,,,,,,,
data/psplib_raw/j30/J30_1.RCP,1,10000000000.0,0.0,GA_roulette_order_inversion_random_noRepair_noElitism_none,38,activity_list,,,,,,,,,,,,,,,,,,,,,,,,,,,,,,,,,,,,,,,,,,,,,,,,,,,,,,,,,,
data/psplib_raw/j30/J30_1.RCP,0,10000000000.0,0.0,GA_roulette_order_inversion_random_noRepair_noElitism_swap,38,activity_list,,,,,,,,,,,,,,,,,,,,,,,,,,,,,,,,,,,,,,,,,,,,,,,,,,,,,,,,,,
data/psplib_raw/j30/J30_1.RCP,1,10000000000.0,0.0,GA_roulette_order_inversion_random_noRepair_noElitism_swap,38,activity_list,,,,,,,,,,,,,,,,,,,,,,,,,,,,,,,,,,,,,,,,,,,,,,,,,,,,,,,,,,
J30_1.RCP,0,156.51315789473688,0.6477508544921875,GA_roulette_order_inversion_forward_repair_elitism_none,38,activity_list,1000.0,0.0,50.0,0.9,0.1,60.0,roulette,order,inversion,forward,3.0,True,True,none,5.0,,,,,,,,,,,,,,,,,,,,,,,,,,,,,,,,,,,,,,,,,,,
J30_1.RCP,1,156.51315789473688,0.6506712436676025,GA_roulette_order_inversion_forward_repair_elitism_none,38,activity_list,1000.0,1.0,50.0,0.9,0.1,60.0,roulette,order,inversion,forward,3.0,True,True,none,5.0,,,,,,,,,,,,,,,,,,,,,,,,,,,,,,,,,,,,,,,,,,,
J30_1.RCP,0,156.51315789473688,0.6531503200531006,GA_roulette_order_inversion_forward_repair_elitism_swap,38,activity_list,1000.0,0.0,50.0,0.9,0.1,60.0,roulette,order,inversion,forward,3.0,True,True,swap,5.0,,,,,,,,,,,,,,,,,,,,,,,,,,,,,,,,,,,,,,,,,,,
J30_1.RCP,1,156.51315789473688,0.7547039985656738,GA_roulette_order_inversion_forward_repair_elitism_swap,38,activity_list,1000.0,1.0,50.0,0.9,0.1,60.0,roulette,order,inversion,forward,3.0,True,True,swap,5.0,,,,,,,,,,,,,,,,,,,,,,,,,,,,,,,,,,,,,,,,,,,
J30_1.RCP,0,156.51315789473688,0.7775452136993408,GA_roulette_order_inversion_forward_repair_noElitism_none,38,activity_list,1000.0,0.0,50.0,0.9,0.1,60.0,roulette,order,inversion,forward,3.0,True,False,none,5.0,,,,,,,,,,,,,,,,,,,,,,,,,,,,,,,,,,,,,,,,,,,
J30_1.RCP,1,156.51315789473688,0.6662251949310303,GA_roulette_order_inversion_forward_repair_noElitism_none,38,activity_list,1000.0,1.0,50.0,0.9,0.1,60.0,roulette,order,inversion,forward,3.0,True,False,none,5.0,,,,,,,,,,,,,,,,,,,,,,,,,,,,,,,,,,,,,,,,,,,
J30_1.RCP,0,156.51315789473688,0.6457626819610596,GA_roulette_order_inversion_forward_repair_noElitism_swap,38,activity_list,1000.0,0.0,50.0,0.9,0.1,60.0,roulette,order,inversion,forward,3.0,True,False,swap,5.0,,,,,,,,,,,,,,,,,,,,,,,,,,,,,,,,,,,,,,,,,,,
J30_1.RCP,1,156.51315789473688,0.644993782043457,GA_roulette_order_inversion_forward_repair_noElitism_swap,38,activity_list,1000.0,1.0,50.0,0.9,0.1,60.0,roulette,order,inversion,forward,3.0,True,False,swap,5.0,,,,,,,,,,,,,,,,,,,,,,,,,,,,,,,,,,,,,,,,,,,
data/psplib_raw/j30/J30_1.RCP,0,10000000000.0,0.0,GA_roulette_order_inversion_forward_noRepair_elitism_none,38,activity_list,,,,,,,,,,,,,,,,,,,,,,,,,,,,,,,,,,,,,,,,,,,,,,,,,,,,,,,,,,
data/psplib_raw/j30/J30_1.RCP,1,10000000000.0,0.0,GA_roulette_order_inversion_forward_noRepair_elitism_none,38,activity_list,,,,,,,,,,,,,,,,,,,,,,,,,,,,,,,,,,,,,,,,,,,,,,,,,,,,,,,,,,
data/psplib_raw/j30/J30_1.RCP,0,10000000000.0,0.0,GA_roulette_order_inversion_forward_noRepair_elitism_swap,38,activity_list,,,,,,,,,,,,,,,,,,,,,,,,,,,,,,,,,,,,,,,,,,,,,,,,,,,,,,,,,,
data/psplib_raw/j30/J30_1.RCP,1,10000000000.0,0.0,GA_roulette_order_inversion_forward_noRepair_elitism_swap,38,activity_list,,,,,,,,,,,,,,,,,,,,,,,,,,,,,,,,,,,,,,,,,,,,,,,,,,,,,,,,,,
data/psplib_raw/j30/J30_1.RCP,0,10000000000.0,0.0,GA_roulette_order_inversion_forward_noRepair_noElitism_none,38,activity_list,,,,,,,,,,,,,,,,,,,,,,,,,,,,,,,,,,,,,,,,,,,,,,,,,,,,,,,,,,
data/psplib_raw/j30/J30_1.RCP,1,10000000000.0,0.0,GA_roulette_order_inversion_forward_noRepair_noElitism_none,38,activity_list,,,,,,,,,,,,,,,,,,,,,,,,,,,,,,,,,,,,,,,,,,,,,,,,,,,,,,,,,,
data/psplib_raw/j30/J30_1.RCP,0,10000000000.0,0.0,GA_roulette_order_inversion_forward_noRepair_noElitism_swap,38,activity_list,,,,,,,,,,,,,,,,,,,,,,,,,,,,,,,,,,,,,,,,,,,,,,,,,,,,,,,,,,
data/psplib_raw/j30/J30_1.RCP,1,10000000000.0,0.0,GA_roulette_order_inversion_forward_noRepair_noElitism_swap,38,activity_list,,,,,,,,,,,,,,,,,,,,,,,,,,,,,,,,,,,,,,,,,,,,,,,,,,,,,,,,,,
J30_1.RCP,0,156.51315789473688,0.6696970462799072,GA_roulette_order_scramble_random_repair_elitism_none,38,activity_list,1000.0,0.0,50.0,0.9,0.1,60.0,roulette,order,scramble,random,3.0,True,True,none,5.0,,,,,,,,,,,,,,,,,,,,,,,,,,,,,,,,,,,,,,,,,,,
J30_1.RCP,1,156.51315789473688,0.6490249633789062,GA_roulette_order_scramble_random_repair_elitism_none,38,activity_list,1000.0,1.0,50.0,0.9,0.1,60.0,roulette,order,scramble,random,3.0,True,True,none,5.0,,,,,,,,,,,,,,,,,,,,,,,,,,,,,,,,,,,,,,,,,,,
J30_1.RCP,0,156.51315789473688,0.6412830352783203,GA_roulette_order_scramble_random_repair_elitism_swap,38,activity_list,1000.0,0.0,50.0,0.9,0.1,60.0,roulette,order,scramble,random,3.0,True,True,swap,5.0,,,,,,,,,,,,,,,,,,,,,,,,,,,,,,,,,,,,,,,,,,,
J30_1.RCP,1,156.51315789473688,0.6355431079864502,GA_roulette_order_scramble_random_repair_elitism_swap,38,activity_list,1000.0,1.0,50.0,0.9,0.1,60.0,roulette,order,scramble,random,3.0,True,True,swap,5.0,,,,,,,,,,,,,,,,,,,,,,,,,,,,,,,,,,,,,,,,,,,
J30_1.RCP,0,156.51315789473688,0.6485059261322021,GA_roulette_order_scramble_random_repair_noElitism_none,38,activity_list,1000.0,0.0,50.0,0.9,0.1,60.0,roulette,order,scramble,random,3.0,True,False,none,5.0,,,,,,,,,,,,,,,,,,,,,,,,,,,,,,,,,,,,,,,,,,,
J30_1.RCP,1,156.51315789473688,0.6452960968017578,GA_roulette_order_scramble_random_repair_noElitism_none,38,activity_list,1000.0,1.0,50.0,0.9,0.1,60.0,roulette,order,scramble,random,3.0,True,False,none,5.0,,,,,,,,,,,,,,,,,,,,,,,,,,,,,,,,,,,,,,,,,,,
J30_1.RCP,0,156.51315789473688,0.635333776473999,GA_roulette_order_scramble_random_repair_noElitism_swap,38,activity_list,1000.0,0.0,50.0,0.9,0.1,60.0,roulette,order,scramble,random,3.0,True,False,swap,5.0,,,,,,,,,,,,,,,,,,,,,,,,,,,,,,,,,,,,,,,,,,,
J30_1.RCP,1,156.51315789473688,0.6376252174377441,GA_roulette_order_scramble_random_repair_noElitism_swap,38,activity_list,1000.0,1.0,50.0,0.9,0.1,60.0,roulette,order,scramble,random,3.0,True,False,swap,5.0,,,,,,,,,,,,,,,,,,,,,,,,,,,,,,,,,,,,,,,,,,,
data/psplib_raw/j30/J30_1.RCP,0,10000000000.0,0.0,GA_roulette_order_scramble_random_noRepair_elitism_none,38,activity_list,,,,,,,,,,,,,,,,,,,,,,,,,,,,,,,,,,,,,,,,,,,,,,,,,,,,,,,,,,
data/psplib_raw/j30/J30_1.RCP,1,10000000000.0,0.0,GA_roulette_order_scramble_random_noRepair_elitism_none,38,activity_list,,,,,,,,,,,,,,,,,,,,,,,,,,,,,,,,,,,,,,,,,,,,,,,,,,,,,,,,,,
data/psplib_raw/j30/J30_1.RCP,0,10000000000.0,0.0,GA_roulette_order_scramble_random_noRepair_elitism_swap,38,activity_list,,,,,,,,,,,,,,,,,,,,,,,,,,,,,,,,,,,,,,,,,,,,,,,,,,,,,,,,,,
data/psplib_raw/j30/J30_1.RCP,1,10000000000.0,0.0,GA_roulette_order_scramble_random_noRepair_elitism_swap,38,activity_list,,,,,,,,,,,,,,,,,,,,,,,,,,,,,,,,,,,,,,,,,,,,,,,,,,,,,,,,,,
data/psplib_raw/j30/J30_1.RCP,0,10000000000.0,0.0,GA_roulette_order_scramble_random_noRepair_noElitism_none,38,activity_list,,,,,,,,,,,,,,,,,,,,,,,,,,,,,,,,,,,,,,,,,,,,,,,,,,,,,,,,,,
data/psplib_raw/j30/J30_1.RCP,1,10000000000.0,0.0,GA_roulette_order_scramble_random_noRepair_noElitism_none,38,activity_list,,,,,,,,,,,,,,,,,,,,,,,,,,,,,,,,,,,,,,,,,,,,,,,,,,,,,,,,,,
data/psplib_raw/j30/J30_1.RCP,0,10000000000.0,0.0,GA_roulette_order_scramble_random_noRepair_noElitism_swap,38,activity_list,,,,,,,,,,,,,,,,,,,,,,,,,,,,,,,,,,,,,,,,,,,,,,,,,,,,,,,,,,
data/psplib_raw/j30/J30_1.RCP,1,10000000000.0,0.0,GA_roulette_order_scramble_random_noRepair_noElitism_swap,38,activity_list,,,,,,,,,,,,,,,,,,,,,,,,,,,,,,,,,,,,,,,,,,,,,,,,,,,,,,,,,,
J30_1.RCP,0,156.51315789473688,0.651331901550293,GA_roulette_order_scramble_forward_repair_elitism_none,38,activity_list,1000.0,0.0,50.0,0.9,0.1,60.0,roulette,order,scramble,forward,3.0,True,True,none,5.0,,,,,,,,,,,,,,,,,,,,,,,,,,,,,,,,,,,,,,,,,,,
J30_1.RCP,1,156.51315789473688,0.6577730178833008,GA_roulette_order_scramble_forward_repair_elitism_none,38,activity_list,1000.0,1.0,50.0,0.9,0.1,60.0,roulette,order,scramble,forward,3.0,True,True,none,5.0,,,,,,,,,,,,,,,,,,,,,,,,,,,,,,,,,,,,,,,,,,,
J30_1.RCP,0,156.51315789473688,0.652630090713501,GA_roulette_order_scramble_forward_repair_elitism_swap,38,activity_list,1000.0,0.0,50.0,0.9,0.1,60.0,roulette,order,scramble,forward,3.0,True,True,swap,5.0,,,,,,,,,,,,,,,,,,,,,,,,,,,,,,,,,,,,,,,,,,,
J30_1.RCP,1,156.51315789473688,0.6426901817321777,GA_roulette_order_scramble_forward_repair_elitism_swap,38,activity_list,1000.0,1.0,50.0,0.9,0.1,60.0,roulette,order,scramble,forward,3.0,True,True,swap,5.0,,,,,,,,,,,,,,,,,,,,,,,,,,,,,,,,,,,,,,,,,,,
J30_1.RCP,0,156.51315789473688,0.6683042049407959,GA_roulette_order_scramble_forward_repair_noElitism_none,38,activity_list,1000.0,0.0,50.0,0.9,0.1,60.0,roulette,order,scramble,forward,3.0,True,False,none,5.0,,,,,,,,,,,,,,,,,,,,,,,,,,,,,,,,,,,,,,,,,,,
J30_1.RCP,1,156.51315789473688,0.652055025100708,GA_roulette_order_scramble_forward_repair_noElitism_none,38,activity_list,1000.0,1.0,50.0,0.9,0.1,60.0,roulette,order,scramble,forward,3.0,True,False,none,5.0,,,,,,,,,,,,,,,,,,,,,,,,,,,,,,,,,,,,,,,,,,,
J30_1.RCP,0,156.51315789473688,0.6531381607055664,GA_roulette_order_scramble_forward_repair_noElitism_swap,38,activity_list,1000.0,0.0,50.0,0.9,0.1,60.0,roulette,order,scramble,forward,3.0,True,False,swap,5.0,,,,,,,,,,,,,,,,,,,,,,,,,,,,,,,,,,,,,,,,,,,
J30_1.RCP,1,156.51315789473688,0.6450009346008301,GA_roulette_order_scramble_forward_repair_noElitism_swap,38,activity_list,1000.0,1.0,50.0,0.9,0.1,60.0,roulette,order,scramble,forward,3.0,True,False,swap,5.0,,,,,,,,,,,,,,,,,,,,,,,,,,,,,,,,,,,,,,,,,,,
data/psplib_raw/j30/J30_1.RCP,0,10000000000.0,0.0,GA_roulette_order_scramble_forward_noRepair_elitism_none,38,activity_list,,,,,,,,,,,,,,,,,,,,,,,,,,,,,,,,,,,,,,,,,,,,,,,,,,,,,,,,,,
data/psplib_raw/j30/J30_1.RCP,1,10000000000.0,0.0,GA_roulette_order_scramble_forward_noRepair_elitism_none,38,activity_list,,,,,,,,,,,,,,,,,,,,,,,,,,,,,,,,,,,,,,,,,,,,,,,,,,,,,,,,,,
data/psplib_raw/j30/J30_1.RCP,0,10000000000.0,0.0,GA_roulette_order_scramble_forward_noRepair_elitism_swap,38,activity_list,,,,,,,,,,,,,,,,,,,,,,,,,,,,,,,,,,,,,,,,,,,,,,,,,,,,,,,,,,
data/psplib_raw/j30/J30_1.RCP,1,10000000000.0,0.0,GA_roulette_order_scramble_forward_noRepair_elitism_swap,38,activity_list,,,,,,,,,,,,,,,,,,,,,,,,,,,,,,,,,,,,,,,,,,,,,,,,,,,,,,,,,,
data/psplib_raw/j30/J30_1.RCP,0,10000000000.0,0.0,GA_roulette_order_scramble_forward_noRepair_noElitism_none,38,activity_list,,,,,,,,,,,,,,,,,,,,,,,,,,,,,,,,,,,,,,,,,,,,,,,,,,,,,,,,,,
data/psplib_raw/j30/J30_1.RCP,1,10000000000.0,0.0,GA_roulette_order_scramble_forward_noRepair_noElitism_none,38,activity_list,,,,,,,,,,,,,,,,,,,,,,,,,,,,,,,,,,,,,,,,,,,,,,,,,,,,,,,,,,
data/psplib_raw/j30/J30_1.RCP,0,10000000000.0,0.0,GA_roulette_order_scramble_forward_noRepair_noElitism_swap,38,activity_list,,,,,,,,,,,,,,,,,,,,,,,,,,,,,,,,,,,,,,,,,,,,,,,,,,,,,,,,,,
data/psplib_raw/j30/J30_1.RCP,1,10000000000.0,0.0,GA_roulette_order_scramble_forward_noRepair_noElitism_swap,38,activity_list,,,,,,,,,,,,,,,,,,,,,,,,,,,,,,,,,,,,,,,,,,,,,,,,,,,,,,,,,,
J30_1.RCP,0,156.51315789473688,0.4696049690246582,GA_tournament_ox1_swap_random_repair_elitism_none,38,activity_list,1000.0,0.0,50.0,0.9,0.1,60.0,tournament,ox1,swap,random,3.0,True,True,none,5.0,,,,,,,,,,,,,,,,,,,,,,,,,,,,,,,,,,,,,,,,,,,
J30_1.RCP,1,156.51315789473688,0.4645700454711914,GA_tournament_ox1_swap_random_repair_elitism_none,38,activity_list,1000.0,1.0,50.0,0.9,0.1,60.0,tournament,ox1,swap,random,3.0,True,True,none,5.0,,,,,,,,,,,,,,,,,,,,,,,,,,,,,,,,,,,,,,,,,,,
J30_1.RCP,0,156.51315789473688,0.48531508445739746,GA_tournament_ox1_swap_random_repair_elitism_swap,38,activity_list,1000.0,0.0,50.0,0.9,0.1,60.0,tournament,ox1,swap,random,3.0,True,True,swap,5.0,,,,,,,,,,,,,,,,,,,,,,,,,,,,,,,,,,,,,,,,,,,
J30_1.RCP,1,156.51315789473688,0.47995924949645996,GA_tournament_ox1_swap_random_repair_elitism_swap,38,activity_list,1000.0,1.0,50.0,0.9,0.1,60.0,tournament,ox1,swap,random,3.0,True,True,swap,5.0,,,,,,,,,,,,,,,,,,,,,,,,,,,,,,,,,,,,,,,,,,,
J30_1.RCP,0,156.51315789473688,0.6593070030212402,GA_tournament_ox1_swap_random_repair_noElitism_none,38,activity_list,1000.0,0.0,50.0,0.9,0.1,60.0,tournament,ox1,swap,random,3.0,True,False,none,5.0,,,,,,,,,,,,,,,,,,,,,,,,,,,,,,,,,,,,,,,,,,,
J30_1.RCP,1,156.51315789473688,0.6513106822967529,GA_tournament_ox1_swap_random_repair_noElitism_none,38,activity_list,1000.0,1.0,50.0,0.9,0.1,60.0,tournament,ox1,swap,random,3.0,True,False,none,5.0,,,,,,,,,,,,,,,,,,,,,,,,,,,,,,,,,,,,,,,,,,,
J30_1.RCP,0,156.51315789473688,0.6504800319671631,GA_tournament_ox1_swap_random_repair_noElitism_swap,38,activity_list,1000.0,0.0,50.0,0.9,0.1,60.0,tournament,ox1,swap,random,3.0,True,False,swap,5.0,,,,,,,,,,,,,,,,,,,,,,,,,,,,,,,,,,,,,,,,,,,
J30_1.RCP,1,156.51315789473688,0.650444746017456,GA_tournament_ox1_swap_random_repair_noElitism_swap,38,activity_list,1000.0,1.0,50.0,0.9,0.1,60.0,tournament,ox1,swap,random,3.0,True,False,swap,5.0,,,,,,,,,,,,,,,,,,,,,,,,,,,,,,,,,,,,,,,,,,,
J30_1.RCP,0,156.51315789473688,0.36621999740600586,GA_tournament_ox1_swap_random_noRepair_elitism_none,38,activity_list,1000.0,0.0,50.0,0.9,0.1,60.0,tournament,ox1,swap,random,3.0,False,True,none,5.0,,,,,,,,,,,,,,,,,,,,,,,,,,,,,,,,,,,,,,,,,,,
J30_1.RCP,1,156.51315789473688,0.36699700355529785,GA_tournament_ox1_swap_random_noRepair_elitism_none,38,activity_list,1000.0,1.0,50.0,0.9,0.1,60.0,tournament,ox1,swap,random,3.0,False,True,none,5.0,,,,,,,,,,,,,,,,,,,,,,,,,,,,,,,,,,,,,,,,,,,
J30_1.RCP,0,156.51315789473688,0.3776700496673584,GA_tournament_ox1_swap_random_noRepair_elitism_swap,38,activity_list,1000.0,0.0,50.0,0.9,0.1,60.0,tournament,ox1,swap,random,3.0,False,True,swap,5.0,,,,,,,,,,,,,,,,,,,,,,,,,,,,,,,,,,,,,,,,,,,
J30_1.RCP,1,156.51315789473688,0.374392032623291,GA_tournament_ox1_swap_random_noRepair_elitism_swap,38,activity_list,1000.0,1.0,50.0,0.9,0.1,60.0,tournament,ox1,swap,random,3.0,False,True,swap,5.0,,,,,,,,,,,,,,,,,,,,,,,,,,,,,,,,,,,,,,,,,,,
J30_1.RCP,0,156.51315789473688,0.3740060329437256,GA_tournament_ox1_swap_random_noRepair_noElitism_none,38,activity_list,1000.0,0.0,50.0,0.9,0.1,60.0,tournament,ox1,swap,random,3.0,False,False,none,5.0,,,,,,,,,,,,,,,,,,,,,,,,,,,,,,,,,,,,,,,,,,,
J30_1.RCP,1,156.51315789473688,0.387357234954834,GA_tournament_ox1_swap_random_noRepair_noElitism_none,38,activity_list,1000.0,1.0,50.0,0.9,0.1,60.0,tournament,ox1,swap,random,3.0,False,False,none,5.0,,,,,,,,,,,,,,,,,,,,,,,,,,,,,,,,,,,,,,,,,,,
J30_1.RCP,0,156.51315789473688,0.3975789546966553,GA_tournament_ox1_swap_random_noRepair_noElitism_swap,38,activity_list,1000.0,0.0,50.0,0.9,0.1,60.0,tournament,ox1,swap,random,3.0,False,False,swap,5.0,,,,,,,,,,,,,,,,,,,,,,,,,,,,,,,,,,,,,,,,,,,
J30_1.RCP,1,156.51315789473688,0.3857109546661377,GA_tournament_ox1_swap_random_noRepair_noElitism_swap,38,activity_list,1000.0,1.0,50.0,0.9,0.1,60.0,tournament,ox1,swap,random,3.0,False,False,swap,5.0,,,,,,,,,,,,,,,,,,,,,,,,,,,,,,,,,,,,,,,,,,,
J30_1.RCP,0,156.51315789473688,0.46680498123168945,GA_tournament_ox1_swap_forward_repair_elitism_none,38,activity_list,1000.0,0.0,50.0,0.9,0.1,60.0,tournament,ox1,swap,forward,3.0,True,True,none,5.0,,,,,,,,,,,,,,,,,,,,,,,,,,,,,,,,,,,,,,,,,,,
J30_1.RCP,1,156.51315789473688,0.46793293952941895,GA_tournament_ox1_swap_forward_repair_elitism_none,38,activity_list,1000.0,1.0,50.0,0.9,0.1,60.0,tournament,ox1,swap,forward,3.0,True,True,none,5.0,,,,,,,,,,,,,,,,,,,,,,,,,,,,,,,,,,,,,,,,,,,
J30_1.RCP,0,156.51315789473688,0.5116920471191406,GA_tournament_ox1_swap_forward_repair_elitism_swap,38,activity_list,1000.0,0.0,50.0,0.9,0.1,60.0,tournament,ox1,swap,forward,3.0,True,True,swap,5.0,,,,,,,,,,,,,,,,,,,,,,,,,,,,,,,,,,,,,,,,,,,
J30_1.RCP,1,156.51315789473688,0.4925062656402588,GA_tournament_ox1_swap_forward_repair_elitism_swap,38,activity_list,1000.0,1.0,50.0,0.9,0.1,60.0,tournament,ox1,swap,forward,3.0,True,True,swap,5.0,,,,,,,,,,,,,,,,,,,,,,,,,,,,,,,,,,,,,,,,,,,
J30_1.RCP,0,156.51315789473688,0.6675910949707031,GA_tournament_ox1_swap_forward_repair_noElitism_none,38,activity_list,1000.0,0.0,50.0,0.9,0.1,60.0,tournament,ox1,swap,forward,3.0,True,False,none,5.0,,,,,,,,,,,,,,,,,,,,,,,,,,,,,,,,,,,,,,,,,,,
J30_1.RCP,1,156.51315789473688,0.6535980701446533,GA_tournament_ox1_swap_forward_repair_noElitism_none,38,activity_list,1000.0,1.0,50.0,0.9,0.1,60.0,tournament,ox1,swap,forward,3.0,True,False,none,5.0,,,,,,,,,,,,,,,,,,,,,,,,,,,,,,,,,,,,,,,,,,,
J30_1.RCP,0,156.51315789473688,0.6502878665924072,GA_tournament_ox1_swap_forward_repair_noElitism_swap,38,activity_list,1000.0,0.0,50.0,0.9,0.1,60.0,tournament,ox1,swap,forward,3.0,True,False,swap,5.0,,,,,,,,,,,,,,,,,,,,,,,,,,,,,,,,,,,,,,,,,,,
J30_1.RCP,1,156.51315789473688,0.6554298400878906,GA_tournament_ox1_swap_forward_repair_noElitism_swap,38,activity_list,1000.0,1.0,50.0,0.9,0.1,60.0,tournament,ox1,swap,forward,3.0,True,False,swap,5.0,,,,,,,,,,,,,,,,,,,,,,,,,,,,,,,,,,,,,,,,,,,
J30_1.RCP,0,156.51315789473688,0.36919593811035156,GA_tournament_ox1_swap_forward_noRepair_elitism_none,38,activity_list,1000.0,0.0,50.0,0.9,0.1,60.0,tournament,ox1,swap,forward,3.0,False,True,none,5.0,,,,,,,,,,,,,,,,,,,,,,,,,,,,,,,,,,,,,,,,,,,
J30_1.RCP,1,156.51315789473688,0.371776819229126,GA_tournament_ox1_swap_forward_noRepair_elitism_none,38,activity_list,1000.0,1.0,50.0,0.9,0.1,60.0,tournament,ox1,swap,forward,3.0,False,True,none,5.0,,,,,,,,,,,,,,,,,,,,,,,,,,,,,,,,,,,,,,,,,,,
J30_1.RCP,0,156.51315789473688,0.3806111812591553,GA_tournament_ox1_swap_forward_noRepair_elitism_swap,38,activity_list,1000.0,0.0,50.0,0.9,0.1,60.0,tournament,ox1,swap,forward,3.0,False,True,swap,5.0,,,,,,,,,,,,,,,,,,,,,,,,,,,,,,,,,,,,,,,,,,,
J30_1.RCP,1,156.51315789473688,0.3798189163208008,GA_tournament_ox1_swap_forward_noRepair_elitism_swap,38,activity_list,1000.0,1.0,50.0,0.9,0.1,60.0,tournament,ox1,swap,forward,3.0,False,True,swap,5.0,,,,,,,,,,,,,,,,,,,,,,,,,,,,,,,,,,,,,,,,,,,
J30_1.RCP,0,156.51315789473688,0.3832521438598633,GA_tournament_ox1_swap_forward_noRepair_noElitism_none,38,activity_list,1000.0,0.0,50.0,0.9,0.1,60.0,tournament,ox1,swap,forward,3.0,False,False,none,5.0,,,,,,,,,,,,,,,,,,,,,,,,,,,,,,,,,,,,,,,,,,,
J30_1.RCP,1,156.51315789473688,0.37921595573425293,GA_tournament_ox1_swap_forward_noRepair_noElitism_none,38,activity_list,1000.0,1.0,50.0,0.9,0.1,60.0,tournament,ox1,swap,forward,3.0,False,False,none,5.0,,,,,,,,,,,,,,,,,,,,,,,,,,,,,,,,,,,,,,,,,,,
J30_1.RCP,0,156.51315789473688,0.3836071491241455,GA_tournament_ox1_swap_forward_noRepair_noElitism_swap,38,activity_list,1000.0,0.0,50.0,0.9,0.1,60.0,tournament,ox1,swap,forward,3.0,False,False,swap,5.0,,,,,,,,,,,,,,,,,,,,,,,,,,,,,,,,,,,,,,,,,,,
J30_1.RCP,1,156.51315789473688,0.3958921432495117,GA_tournament_ox1_swap_forward_noRepair_noElitism_swap,38,activity_list,1000.0,1.0,50.0,0.9,0.1,60.0,tournament,ox1,swap,forward,3.0,False,False,swap,5.0,,,,,,,,,,,,,,,,,,,,,,,,,,,,,,,,,,,,,,,,,,,
J30_1.RCP,0,156.51315789473688,0.47490525245666504,GA_tournament_ox1_insertion_random_repair_elitism_none,38,activity_list,1000.0,0.0,50.0,0.9,0.1,60.0,tournament,ox1,insertion,random,3.0,True,True,none,5.0,,,,,,,,,,,,,,,,,,,,,,,,,,,,,,,,,,,,,,,,,,,
J30_1.RCP,1,156.51315789473688,0.46515989303588867,GA_tournament_ox1_insertion_random_repair_elitism_none,38,activity_list,1000.0,1.0,50.0,0.9,0.1,60.0,tournament,ox1,insertion,random,3.0,True,True,none,5.0,,,,,,,,,,,,,,,,,,,,,,,,,,,,,,,,,,,,,,,,,,,
J30_1.RCP,0,156.51315789473688,0.476503849029541,GA_tournament_ox1_insertion_random_repair_elitism_swap,38,activity_list,1000.0,0.0,50.0,0.9,0.1,60.0,tournament,ox1,insertion,random,3.0,True,True,swap,5.0,,,,,,,,,,,,,,,,,,,,,,,,,,,,,,,,,,,,,,,,,,,
J30_1.RCP,1,156.51315789473688,0.48391222953796387,GA_tournament_ox1_insertion_random_repair_elitism_swap,38,activity_list,1000.0,1.0,50.0,0.9,0.1,60.0,tournament,ox1,insertion,random,3.0,True,True,swap,5.0,,,,,,,,,,,,,,,,,,,,,,,,,,,,,,,,,,,,,,,,,,,
J30_1.RCP,0,156.51315789473688,0.6536147594451904,GA_tournament_ox1_insertion_random_repair_noElitism_none,38,activity_list,1000.0,0.0,50.0,0.9,0.1,60.0,tournament,ox1,insertion,random,3.0,True,False,none,5.0,,,,,,,,,,,,,,,,,,,,,,,,,,,,,,,,,,,,,,,,,,,
J30_1.RCP,1,156.51315789473688,0.6684539318084717,GA_tournament_ox1_insertion_random_repair_noElitism_none,38,activity_list,1000.0,1.0,50.0,0.9,0.1,60.0,tournament,ox1,insertion,random,3.0,True,False,none,5.0,,,,,,,,,,,,,,,,,,,,,,,,,,,,,,,,,,,,,,,,,,,
J30_1.RCP,0,156.51315789473688,0.6821019649505615,GA_tournament_ox1_insertion_random_repair_noElitism_swap,38,activity_list,1000.0,0.0,50.0,0.9,0.1,60.0,tournament,ox1,insertion,random,3.0,True,False,swap,5.0,,,,,,,,,,,,,,,,,,,,,,,,,,,,,,,,,,,,,,,,,,,
J30_1.RCP,1,156.51315789473688,0.6509280204772949,GA_tournament_ox1_insertion_random_repair_noElitism_swap,38,activity_list,1000.0,1.0,50.0,0.9,0.1,60.0,tournament,ox1,insertion,random,3.0,True,False,swap,5.0,,,,,,,,,,,,,,,,,,,,,,,,,,,,,,,,,,,,,,,,,,,
J30_1.RCP,0,156.51315789473688,0.3694581985473633,GA_tournament_ox1_insertion_random_noRepair_elitism_none,38,activity_list,1000.0,0.0,50.0,0.9,0.1,60.0,tournament,ox1,insertion,random,3.0,False,True,none,5.0,,,,,,,,,,,,,,,,,,,,,,,,,,,,,,,,,,,,,,,,,,,
J30_1.RCP,1,156.51315789473688,0.37743091583251953,GA_tournament_ox1_insertion_random_noRepair_elitism_none,38,activity_list,1000.0,1.0,50.0,0.9,0.1,60.0,tournament,ox1,insertion,random,3.0,False,True,none,5.0,,,,,,,,,,,,,,,,,,,,,,,,,,,,,,,,,,,,,,,,,,,
J30_1.RCP,0,156.51315789473688,0.3907968997955322,GA_tournament_ox1_insertion_random_noRepair_elitism_swap,38,activity_list,1000.0,0.0,50.0,0.9,0.1,60.0,tournament,ox1,insertion,random,3.0,False,True,swap,5.0,,,,,,,,,,,,,,,,,,,,,,,,,,,,,,,,,,,,,,,,,,,
J30_1.RCP,1,156.51315789473688,0.38103389739990234,GA_tournament_ox1_insertion_random_noRepair_elitism_swap,38,activity_list,1000.0,1.0,50.0,0.9,0.1,60.0,tournament,ox1,insertion,random,3.0,False,True,swap,5.0,,,,,,,,,,,,,,,,,,,,,,,,,,,,,,,,,,,,,,,,,,,
J30_1.RCP,0,156.51315789473688,0.38111305236816406,GA_tournament_ox1_insertion_random_noRepair_noElitism_none,38,activity_list,1000.0,0.0,50.0,0.9,0.1,60.0,tournament,ox1,insertion,random,3.0,False,False,none,5.0,,,,,,,,,,,,,,,,,,,,,,,,,,,,,,,,,,,,,,,,,,,
J30_1.RCP,1,156.51315789473688,0.38209986686706543,GA_tournament_ox1_insertion_random_noRepair_noElitism_none,38,activity_list,1000.0,1.0,50.0,0.9,0.1,60.0,tournament,ox1,insertion,random,3.0,False,False,none,5.0,,,,,,,,,,,,,,,,,,,,,,,,,,,,,,,,,,,,,,,,,,,
J30_1.RCP,0,156.51315789473688,0.39443302154541016,GA_tournament_ox1_insertion_random_noRepair_noElitism_swap,38,activity_list,1000.0,0.0,50.0,0.9,0.1,60.0,tournament,ox1,insertion,random,3.0,False,False,swap,5.0,,,,,,,,,,,,,,,,,,,,,,,,,,,,,,,,,,,,,,,,,,,
J30_1.RCP,1,156.51315789473688,0.4313478469848633,GA_tournament_ox1_insertion_random_noRepair_noElitism_swap,38,activity_list,1000.0,1.0,50.0,0.9,0.1,60.0,tournament,ox1,insertion,random,3.0,False,False,swap,5.0,,,,,,,,,,,,,,,,,,,,,,,,,,,,,,,,,,,,,,,,,,,
J30_1.RCP,0,156.51315789473688,0.6144530773162842,GA_tournament_ox1_insertion_forward_repair_elitism_none,38,activity_list,1000.0,0.0,50.0,0.9,0.1,60.0,tournament,ox1,insertion,forward,3.0,True,True,none,5.0,,,,,,,,,,,,,,,,,,,,,,,,,,,,,,,,,,,,,,,,,,,
J30_1.RCP,1,156.51315789473688,0.49694108963012695,GA_tournament_ox1_insertion_forward_repair_elitism_none,38,activity_list,1000.0,1.0,50.0,0.9,0.1,60.0,tournament,ox1,insertion,forward,3.0,True,True,none,5.0,,,,,,,,,,,,,,,,,,,,,,,,,,,,,,,,,,,,,,,,,,,
J30_1.RCP,0,156.51315789473688,0.5025908946990967,GA_tournament_ox1_insertion_forward_repair_elitism_swap,38,activity_list,1000.0,0.0,50.0,0.9,0.1,60.0,tournament,ox1,insertion,forward,3.0,True,True,swap,5.0,,,,,,,,,,,,,,,,,,,,,,,,,,,,,,,,,,,,,,,,,,,
J30_1.RCP,1,156.51315789473688,0.5134871006011963,GA_tournament_ox1_insertion_forward_repair_elitism_swap,38,activity_list,1000.0,1.0,50.0,0.9,0.1,60.0,tournament,ox1,insertion,forward,3.0,True,True,swap,5.0,,,,,,,,,,,,,,,,,,,,,,,,,,,,,,,,,,,,,,,,,,,
J30_1.RCP,0,156.51315789473688,0.6721460819244385,GA_tournament_ox1_insertion_forward_repair_noElitism_none,38,activity_list,1000.0,0.0,50.0,0.9,0.1,60.0,tournament,ox1,insertion,forward,3.0,True,False,none,5.0,,,,,,,,,,,,,,,,,,,,,,,,,,,,,,,,,,,,,,,,,,,
J30_1.RCP,1,156.51315789473688,0.7059640884399414,GA_tournament_ox1_insertion_forward_repair_noElitism_none,38,activity_list,1000.0,1.0,50.0,0.9,0.1,60.0,tournament,ox1,insertion,forward,3.0,True,False,none,5.0,,,,,,,,,,,,,,,,,,,,,,,,,,,,,,,,,,,,,,,,,,,
J30_1.RCP,0,156.51315789473688,0.6755108833312988,GA_tournament_ox1_insertion_forward_repair_noElitism_swap,38,activity_list,1000.0,0.0,50.0,0.9,0.1,60.0,tournament,ox1,insertion,forward,3.0,True,False,swap,5.0,,,,,,,,,,,,,,,,,,,,,,,,,,,,,,,,,,,,,,,,,,,
J30_1.RCP,1,156.51315789473688,0.6813719272613525,GA_tournament_ox1_insertion_forward_repair_noElitism_swap,38,activity_list,1000.0,1.0,50.0,0.9,0.1,60.0,tournament,ox1,insertion,forward,3.0,True,False,swap,5.0,,,,,,,,,,,,,,,,,,,,,,,,,,,,,,,,,,,,,,,,,,,
J30_1.RCP,0,156.51315789473688,0.3850080966949463,GA_tournament_ox1_insertion_forward_noRepair_elitism_none,38,activity_list,1000.0,0.0,50.0,0.9,0.1,60.0,tournament,ox1,insertion,forward,3.0,False,True,none,5.0,,,,,,,,,,,,,,,,,,,,,,,,,,,,,,,,,,,,,,,,,,,
J30_1.RCP,1,156.51315789473688,0.3826467990875244,GA_tournament_ox1_insertion_forward_noRepair_elitism_none,38,activity_list,1000.0,1.0,50.0,0.9,0.1,60.0,tournament,ox1,insertion,forward,3.0,False,True,none,5.0,,,,,,,,,,,,,,,,,,,,,,,,,,,,,,,,,,,,,,,,,,,
J30_1.RCP,0,156.51315789473688,0.3846597671508789,GA_tournament_ox1_insertion_forward_noRepair_elitism_swap,38,activity_list,1000.0,0.0,50.0,0.9,0.1,60.0,tournament,ox1,insertion,forward,3.0,False,True,swap,5.0,,,,,,,,,,,,,,,,,,,,,,,,,,,,,,,,,,,,,,,,,,,
J30_1.RCP,1,156.51315789473688,0.39892101287841797,GA_tournament_ox1_insertion_forward_noRepair_elitism_swap,38,activity_list,1000.0,1.0,50.0,0.9,0.1,60.0,tournament,ox1,insertion,forward,3.0,False,True,swap,5.0,,,,,,,,,,,,,,,,,,,,,,,,,,,,,,,,,,,,,,,,,,,
J30_1.RCP,0,156.51315789473688,0.39424800872802734,GA_tournament_ox1_insertion_forward_noRepair_noElitism_none,38,activity_list,1000.0,0.0,50.0,0.9,0.1,60.0,tournament,ox1,insertion,forward,3.0,False,False,none,5.0,,,,,,,,,,,,,,,,,,,,,,,,,,,,,,,,,,,,,,,,,,,
J30_1.RCP,1,156.51315789473688,0.40642881393432617,GA_tournament_ox1_insertion_forward_noRepair_noElitism_none,38,activity_list,1000.0,1.0,50.0,0.9,0.1,60.0,tournament,ox1,insertion,forward,3.0,False,False,none,5.0,,,,,,,,,,,,,,,,,,,,,,,,,,,,,,,,,,,,,,,,,,,
J30_1.RCP,0,156.51315789473688,0.3877108097076416,GA_tournament_ox1_insertion_forward_noRepair_noElitism_swap,38,activity_list,1000.0,0.0,50.0,0.9,0.1,60.0,tournament,ox1,insertion,forward,3.0,False,False,swap,5.0,,,,,,,,,,,,,,,,,,,,,,,,,,,,,,,,,,,,,,,,,,,
J30_1.RCP,1,156.51315789473688,0.3896019458770752,GA_tournament_ox1_insertion_forward_noRepair_noElitism_swap,38,activity_list,1000.0,1.0,50.0,0.9,0.1,60.0,tournament,ox1,insertion,forward,3.0,False,False,swap,5.0,,,,,,,,,,,,,,,,,,,,,,,,,,,,,,,,,,,,,,,,,,,
J30_1.RCP,0,156.51315789473688,0.4694530963897705,GA_tournament_ox1_inversion_random_repair_elitism_none,38,activity_list,1000.0,0.0,50.0,0.9,0.1,60.0,tournament,ox1,inversion,random,3.0,True,True,none,5.0,,,,,,,,,,,,,,,,,,,,,,,,,,,,,,,,,,,,,,,,,,,
J30_1.RCP,1,156.51315789473688,0.46713709831237793,GA_tournament_ox1_inversion_random_repair_elitism_none,38,activity_list,1000.0,1.0,50.0,0.9,0.1,60.0,tournament,ox1,inversion,random,3.0,True,True,none,5.0,,,,,,,,,,,,,,,,,,,,,,,,,,,,,,,,,,,,,,,,,,,
J30_1.RCP,0,156.51315789473688,0.48340916633605957,GA_tournament_ox1_inversion_random_repair_elitism_swap,38,activity_list,1000.0,0.0,50.0,0.9,0.1,60.0,tournament,ox1,inversion,random,3.0,True,True,swap,5.0,,,,,,,,,,,,,,,,,,,,,,,,,,,,,,,,,,,,,,,,,,,
J30_1.RCP,1,156.51315789473688,0.4810497760772705,GA_tournament_ox1_inversion_random_repair_elitism_swap,38,activity_list,1000.0,1.0,50.0,0.9,0.1,60.0,tournament,ox1,inversion,random,3.0,True,True,swap,5.0,,,,,,,,,,,,,,,,,,,,,,,,,,,,,,,,,,,,,,,,,,,
J30_1.RCP,0,156.51315789473688,0.6500489711761475,GA_tournament_ox1_inversion_random_repair_noElitism_none,38,activity_list,1000.0,0.0,50.0,0.9,0.1,60.0,tournament,ox1,inversion,random,3.0,True,False,none,5.0,,,,,,,,,,,,,,,,,,,,,,,,,,,,,,,,,,,,,,,,,,,
J30_1.RCP,1,156.51315789473688,0.6625049114227295,GA_tournament_ox1_inversion_random_repair_noElitism_none,38,activity_list,1000.0,1.0,50.0,0.9,0.1,60.0,tournament,ox1,inversion,random,3.0,True,False,none,5.0,,,,,,,,,,,,,,,,,,,,,,,,,,,,,,,,,,,,,,,,,,,
J30_1.RCP,0,156.51315789473688,0.6606781482696533,GA_tournament_ox1_inversion_random_repair_noElitism_swap,38,activity_list,1000.0,0.0,50.0,0.9,0.1,60.0,tournament,ox1,inversion,random,3.0,True,False,swap,5.0,,,,,,,,,,,,,,,,,,,,,,,,,,,,,,,,,,,,,,,,,,,
J30_1.RCP,1,156.51315789473688,0.6455049514770508,GA_tournament_ox1_inversion_random_repair_noElitism_swap,38,activity_list,1000.0,1.0,50.0,0.9,0.1,60.0,tournament,ox1,inversion,random,3.0,True,False,swap,5.0,,,,,,,,,,,,,,,,,,,,,,,,,,,,,,,,,,,,,,,,,,,
J30_1.RCP,0,156.51315789473688,0.36661481857299805,GA_tournament_ox1_inversion_random_noRepair_elitism_none,38,activity_list,1000.0,0.0,50.0,0.9,0.1,60.0,tournament,ox1,inversion,random,3.0,False,True,none,5.0,,,,,,,,,,,,,,,,,,,,,,,,,,,,,,,,,,,,,,,,,,,
J30_1.RCP,1,156.51315789473688,0.37949419021606445,GA_tournament_ox1_inversion_random_noRepair_elitism_none,38,activity_list,1000.0,1.0,50.0,0.9,0.1,60.0,tournament,ox1,inversion,random,3.0,False,True,none,5.0,,,,,,,,,,,,,,,,,,,,,,,,,,,,,,,,,,,,,,,,,,,
J30_1.RCP,0,156.51315789473688,0.4295651912689209,GA_tournament_ox1_inversion_random_noRepair_elitism_swap,38,activity_list,1000.0,0.0,50.0,0.9,0.1,60.0,tournament,ox1,inversion,random,3.0,False,True,swap,5.0,,,,,,,,,,,,,,,,,,,,,,,,,,,,,,,,,,,,,,,,,,,
J30_1.RCP,1,156.51315789473688,0.39072108268737793,GA_tournament_ox1_inversion_random_noRepair_elitism_swap,38,activity_list,1000.0,1.0,50.0,0.9,0.1,60.0,tournament,ox1,inversion,random,3.0,False,True,swap,5.0,,,,,,,,,,,,,,,,,,,,,,,,,,,,,,,,,,,,,,,,,,,
J30_1.RCP,0,156.51315789473688,0.38657212257385254,GA_tournament_ox1_inversion_random_noRepair_noElitism_none,38,activity_list,1000.0,0.0,50.0,0.9,0.1,60.0,tournament,ox1,inversion,random,3.0,False,False,none,5.0,,,,,,,,,,,,,,,,,,,,,,,,,,,,,,,,,,,,,,,,,,,
J30_1.RCP,1,156.51315789473688,0.3782689571380615,GA_tournament_ox1_inversion_random_noRepair_noElitism_none,38,activity_list,1000.0,1.0,50.0,0.9,0.1,60.0,tournament,ox1,inversion,random,3.0,False,False,none,5.0,,,,,,,,,,,,,,,,,,,,,,,,,,,,,,,,,,,,,,,,,,,
J30_1.RCP,0,156.51315789473688,0.38088488578796387,GA_tournament_ox1_inversion_random_noRepair_noElitism_swap,38,activity_list,1000.0,0.0,50.0,0.9,0.1,60.0,tournament,ox1,inversion,random,3.0,False,False,swap,5.0,,,,,,,,,,,,,,,,,,,,,,,,,,,,,,,,,,,,,,,,,,,
J30_1.RCP,1,156.51315789473688,0.3968470096588135,GA_tournament_ox1_inversion_random_noRepair_noElitism_swap,38,activity_list,1000.0,1.0,50.0,0.9,0.1,60.0,tournament,ox1,inversion,random,3.0,False,False,swap,5.0,,,,,,,,,,,,,,,,,,,,,,,,,,,,,,,,,,,,,,,,,,,
J30_1.RCP,0,156.51315789473688,0.47538208961486816,GA_tournament_ox1_inversion_forward_repair_elitism_none,38,activity_list,1000.0,0.0,50.0,0.9,0.1,60.0,tournament,ox1,inversion,forward,3.0,True,True,none,5.0,,,,,,,,,,,,,,,,,,,,,,,,,,,,,,,,,,,,,,,,,,,
J30_1.RCP,1,156.51315789473688,0.4736781120300293,GA_tournament_ox1_inversion_forward_repair_elitism_none,38,activity_list,1000.0,1.0,50.0,0.9,0.1,60.0,tournament,ox1,inversion,forward,3.0,True,True,none,5.0,,,,,,,,,,,,,,,,,,,,,,,,,,,,,,,,,,,,,,,,,,,
J30_1.RCP,0,156.51315789473688,0.4905092716217041,GA_tournament_ox1_inversion_forward_repair_elitism_swap,38,activity_list,1000.0,0.0,50.0,0.9,0.1,60.0,tournament,ox1,inversion,forward,3.0,True,True,swap,5.0,,,,,,,,,,,,,,,,,,,,,,,,,,,,,,,,,,,,,,,,,,,
J30_1.RCP,1,156.51315789473688,0.494002103805542,GA_tournament_ox1_inversion_forward_repair_elitism_swap,38,activity_list,1000.0,1.0,50.0,0.9,0.1,60.0,tournament,ox1,inversion,forward,3.0,True,True,swap,5.0,,,,,,,,,,,,,,,,,,,,,,,,,,,,,,,,,,,,,,,,,,,
J30_1.RCP,0,156.51315789473688,0.6607980728149414,GA_tournament_ox1_inversion_forward_repair_noElitism_none,38,activity_list,1000.0,0.0,50.0,0.9,0.1,60.0,tournament,ox1,inversion,forward,3.0,True,False,none,5.0,,,,,,,,,,,,,,,,,,,,,,,,,,,,,,,,,,,,,,,,,,,
J30_1.RCP,1,156.51315789473688,0.6544439792633057,GA_tournament_ox1_inversion_forward_repair_noElitism_none,38,activity_list,1000.0,1.0,50.0,0.9,0.1,60.0,tournament,ox1,inversion,forward,3.0,True,False,none,5.0,,,,,,,,,,,,,,,,,,,,,,,,,,,,,,,,,,,,,,,,,,,
J30_1.RCP,0,156.51315789473688,0.6765468120574951,GA_tournament_ox1_inversion_forward_repair_noElitism_swap,38,activity_list,1000.0,0.0,50.0,0.9,0.1,60.0,tournament,ox1,inversion,forward,3.0,True,False,swap,5.0,,,,,,,,,,,,,,,,,,,,,,,,,,,,,,,,,,,,,,,,,,,
J30_1.RCP,1,156.51315789473688,0.664942741394043,GA_tournament_ox1_inversion_forward_repair_noElitism_swap,38,activity_list,1000.0,1.0,50.0,0.9,0.1,60.0,tournament,ox1,inversion,forward,3.0,True,False,swap,5.0,,,,,,,,,,,,,,,,,,,,,,,,,,,,,,,,,,,,,,,,,,,
J30_1.RCP,0,156.51315789473688,0.39090394973754883,GA_tournament_ox1_inversion_forward_noRepair_elitism_none,38,activity_list,1000.0,0.0,50.0,0.9,0.1,60.0,tournament,ox1,inversion,forward,3.0,False,True,none,5.0,,,,,,,,,,,,,,,,,,,,,,,,,,,,,,,,,,,,,,,,,,,
J30_1.RCP,1,156.51315789473688,0.3742227554321289,GA_tournament_ox1_inversion_forward_noRepair_elitism_none,38,activity_list,1000.0,1.0,50.0,0.9,0.1,60.0,tournament,ox1,inversion,forward,3.0,False,True,none,5.0,,,,,,,,,,,,,,,,,,,,,,,,,,,,,,,,,,,,,,,,,,,
J30_1.RCP,0,156.51315789473688,0.3848991394042969,GA_tournament_ox1_inversion_forward_noRepair_elitism_swap,38,activity_list,1000.0,0.0,50.0,0.9,0.1,60.0,tournament,ox1,inversion,forward,3.0,False,True,swap,5.0,,,,,,,,,,,,,,,,,,,,,,,,,,,,,,,,,,,,,,,,,,,
J30_1.RCP,1,156.51315789473688,0.3841402530670166,GA_tournament_ox1_inversion_forward_noRepair_elitism_swap,38,activity_list,1000.0,1.0,50.0,0.9,0.1,60.0,tournament,ox1,inversion,forward,3.0,False,True,swap,5.0,,,,,,,,,,,,,,,,,,,,,,,,,,,,,,,,,,,,,,,,,,,
J30_1.RCP,0,156.51315789473688,0.3871281147003174,GA_tournament_ox1_inversion_forward_noRepair_noElitism_none,38,activity_list,1000.0,0.0,50.0,0.9,0.1,60.0,tournament,ox1,inversion,forward,3.0,False,False,none,5.0,,,,,,,,,,,,,,,,,,,,,,,,,,,,,,,,,,,,,,,,,,,
J30_1.RCP,1,156.51315789473688,0.38422489166259766,GA_tournament_ox1_inversion_forward_noRepair_noElitism_none,38,activity_list,1000.0,1.0,50.0,0.9,0.1,60.0,tournament,ox1,inversion,forward,3.0,False,False,none,5.0,,,,,,,,,,,,,,,,,,,,,,,,,,,,,,,,,,,,,,,,,,,
J30_1.RCP,0,156.51315789473688,0.38330698013305664,GA_tournament_ox1_inversion_forward_noRepair_noElitism_swap,38,activity_list,1000.0,0.0,50.0,0.9,0.1,60.0,tournament,ox1,inversion,forward,3.0,False,False,swap,5.0,,,,,,,,,,,,,,,,,,,,,,,,,,,,,,,,,,,,,,,,,,,
J30_1.RCP,1,156.51315789473688,0.3892500400543213,GA_tournament_ox1_inversion_forward_noRepair_noElitism_swap,38,activity_list,1000.0,1.0,50.0,0.9,0.1,60.0,tournament,ox1,inversion,forward,3.0,False,False,swap,5.0,,,,,,,,,,,,,,,,,,,,,,,,,,,,,,,,,,,,,,,,,,,
J30_1.RCP,0,156.51315789473688,0.4779551029205322,GA_tournament_ox1_scramble_random_repair_elitism_none,38,activity_list,1000.0,0.0,50.0,0.9,0.1,60.0,tournament,ox1,scramble,random,3.0,True,True,none,5.0,,,,,,,,,,,,,,,,,,,,,,,,,,,,,,,,,,,,,,,,,,,
J30_1.RCP,1,156.51315789473688,0.4760150909423828,GA_tournament_ox1_scramble_random_repair_elitism_none,38,activity_list,1000.0,1.0,50.0,0.9,0.1,60.0,tournament,ox1,scramble,random,3.0,True,True,none,5.0,,,,,,,,,,,,,,,,,,,,,,,,,,,,,,,,,,,,,,,,,,,
J30_1.RCP,0,156.51315789473688,0.48264503479003906,GA_tournament_ox1_scramble_random_repair_elitism_swap,38,activity_list,1000.0,0.0,50.0,0.9,0.1,60.0,tournament,ox1,scramble,random,3.0,True,True,swap,5.0,,,,,,,,,,,,,,,,,,,,,,,,,,,,,,,,,,,,,,,,,,,
J30_1.RCP,1,156.51315789473688,0.48229026794433594,GA_tournament_ox1_scramble_random_repair_elitism_swap,38,activity_list,1000.0,1.0,50.0,0.9,0.1,60.0,tournament,ox1,scramble,random,3.0,True,True,swap,5.0,,,,,,,,,,,,,,,,,,,,,,,,,,,,,,,,,,,,,,,,,,,
J30_1.RCP,0,156.51315789473688,0.657649040222168,GA_tournament_ox1_scramble_random_repair_noElitism_none,38,activity_list,1000.0,0.0,50.0,0.9,0.1,60.0,tournament,ox1,scramble,random,3.0,True,False,none,5.0,,,,,,,,,,,,,,,,,,,,,,,,,,,,,,,,,,,,,,,,,,,
J30_1.RCP,1,156.51315789473688,0.6620769500732422,GA_tournament_ox1_scramble_random_repair_noElitism_none,38,activity_list,1000.0,1.0,50.0,0.9,0.1,60.0,tournament,ox1,scramble,random,3.0,True,False,none,5.0,,,,,,,,,,,,,,,,,,,,,,,,,,,,,,,,,,,,,,,,,,,
J30_1.RCP,0,156.51315789473688,0.6464841365814209,GA_tournament_ox1_scramble_random_repair_noElitism_swap,38,activity_list,1000.0,0.0,50.0,0.9,0.1,60.0,tournament,ox1,scramble,random,3.0,True,False,swap,5.0,,,,,,,,,,,,,,,,,,,,,,,,,,,,,,,,,,,,,,,,,,,
J30_1.RCP,1,156.51315789473688,0.6655480861663818,GA_tournament_ox1_scramble_random_repair_noElitism_swap,38,activity_list,1000.0,1.0,50.0,0.9,0.1,60.0,tournament,ox1,scramble,random,3.0,True,False,swap,5.0,,,,,,,,,,,,,,,,,,,,,,,,,,,,,,,,,,,,,,,,,,,
J30_1.RCP,0,156.51315789473688,0.37070512771606445,GA_tournament_ox1_scramble_random_noRepair_elitism_none,38,activity_list,1000.0,0.0,50.0,0.9,0.1,60.0,tournament,ox1,scramble,random,3.0,False,True,none,5.0,,,,,,,,,,,,,,,,,,,,,,,,,,,,,,,,,,,,,,,,,,,
J30_1.RCP,1,156.51315789473688,0.3721790313720703,GA_tournament_ox1_scramble_random_noRepair_elitism_none,38,activity_list,1000.0,1.0,50.0,0.9,0.1,60.0,tournament,ox1,scramble,random,3.0,False,True,none,5.0,,,,,,,,,,,,,,,,,,,,,,,,,,,,,,,,,,,,,,,,,,,
J30_1.RCP,0,156.51315789473688,0.37987709045410156,GA_tournament_ox1_scramble_random_noRepair_elitism_swap,38,activity_list,1000.0,0.0,50.0,0.9,0.1,60.0,tournament,ox1,scramble,random,3.0,False,True,swap,5.0,,,,,,,,,,,,,,,,,,,,,,,,,,,,,,,,,,,,,,,,,,,
J30_1.RCP,1,156.51315789473688,0.3826258182525635,GA_tournament_ox1_scramble_random_noRepair_elitism_swap,38,activity_list,1000.0,1.0,50.0,0.9,0.1,60.0,tournament,ox1,scramble,random,3.0,False,True,swap,5.0,,,,,,,,,,,,,,,,,,,,,,,,,,,,,,,,,,,,,,,,,,,
J30_1.RCP,0,156.51315789473688,0.38094401359558105,GA_tournament_ox1_scramble_random_noRepair_noElitism_none,38,activity_list,1000.0,0.0,50.0,0.9,0.1,60.0,tournament,ox1,scramble,random,3.0,False,False,none,5.0,,,,,,,,,,,,,,,,,,,,,,,,,,,,,,,,,,,,,,,,,,,
J30_1.RCP,1,156.51315789473688,0.3847839832305908,GA_tournament_ox1_scramble_random_noRepair_noElitism_none,38,activity_list,1000.0,1.0,50.0,0.9,0.1,60.0,tournament,ox1,scramble,random,3.0,False,False,none,5.0,,,,,,,,,,,,,,,,,,,,,,,,,,,,,,,,,,,,,,,,,,,
J30_1.RCP,0,156.51315789473688,0.3848421573638916,GA_tournament_ox1_scramble_random_noRepair_noElitism_swap,38,activity_list,1000.0,0.0,50.0,0.9,0.1,60.0,tournament,ox1,scramble,random,3.0,False,False,swap,5.0,,,,,,,,,,,,,,,,,,,,,,,,,,,,,,,,,,,,,,,,,,,
J30_1.RCP,1,156.51315789473688,0.38612985610961914,GA_tournament_ox1_scramble_random_noRepair_noElitism_swap,38,activity_list,1000.0,1.0,50.0,0.9,0.1,60.0,tournament,ox1,scramble,random,3.0,False,False,swap,5.0,,,,,,,,,,,,,,,,,,,,,,,,,,,,,,,,,,,,,,,,,,,
J30_1.RCP,0,156.51315789473688,0.47223401069641113,GA_tournament_ox1_scramble_forward_repair_elitism_none,38,activity_list,1000.0,0.0,50.0,0.9,0.1,60.0,tournament,ox1,scramble,forward,3.0,True,True,none,5.0,,,,,,,,,,,,,,,,,,,,,,,,,,,,,,,,,,,,,,,,,,,
J30_1.RCP,1,156.51315789473688,0.4714670181274414,GA_tournament_ox1_scramble_forward_repair_elitism_none,38,activity_list,1000.0,1.0,50.0,0.9,0.1,60.0,tournament,ox1,scramble,forward,3.0,True,True,none,5.0,,,,,,,,,,,,,,,,,,,,,,,,,,,,,,,,,,,,,,,,,,,
J30_1.RCP,0,156.51315789473688,0.48717212677001953,GA_tournament_ox1_scramble_forward_repair_elitism_swap,38,activity_list,1000.0,0.0,50.0,0.9,0.1,60.0,tournament,ox1,scramble,forward,3.0,True,True,swap,5.0,,,,,,,,,,,,,,,,,,,,,,,,,,,,,,,,,,,,,,,,,,,
J30_1.RCP,1,156.51315789473688,0.4887712001800537,GA_tournament_ox1_scramble_forward_repair_elitism_swap,38,activity_list,1000.0,1.0,50.0,0.9,0.1,60.0,tournament,ox1,scramble,forward,3.0,True,True,swap,5.0,,,,,,,,,,,,,,,,,,,,,,,,,,,,,,,,,,,,,,,,,,,
J30_1.RCP,0,156.51315789473688,0.6560580730438232,GA_tournament_ox1_scramble_forward_repair_noElitism_none,38,activity_list,1000.0,0.0,50.0,0.9,0.1,60.0,tournament,ox1,scramble,forward,3.0,True,False,none,5.0,,,,,,,,,,,,,,,,,,,,,,,,,,,,,,,,,,,,,,,,,,,
J30_1.RCP,1,156.51315789473688,0.6568818092346191,GA_tournament_ox1_scramble_forward_repair_noElitism_none,38,activity_list,1000.0,1.0,50.0,0.9,0.1,60.0,tournament,ox1,scramble,forward,3.0,True,False,none,5.0,,,,,,,,,,,,,,,,,,,,,,,,,,,,,,,,,,,,,,,,,,,
J30_1.RCP,0,156.51315789473688,0.6659221649169922,GA_tournament_ox1_scramble_forward_repair_noElitism_swap,38,activity_list,1000.0,0.0,50.0,0.9,0.1,60.0,tournament,ox1,scramble,forward,3.0,True,False,swap,5.0,,,,,,,,,,,,,,,,,,,,,,,,,,,,,,,,,,,,,,,,,,,
J30_1.RCP,1,156.51315789473688,0.6521821022033691,GA_tournament_ox1_scramble_forward_repair_noElitism_swap,38,activity_list,1000.0,1.0,50.0,0.9,0.1,60.0,tournament,ox1,scramble,forward,3.0,True,False,swap,5.0,,,,,,,,,,,,,,,,,,,,,,,,,,,,,,,,,,,,,,,,,,,
J30_1.RCP,0,156.51315789473688,0.37296295166015625,GA_tournament_ox1_scramble_forward_noRepair_elitism_none,38,activity_list,1000.0,0.0,50.0,0.9,0.1,60.0,tournament,ox1,scramble,forward,3.0,False,True,none,5.0,,,,,,,,,,,,,,,,,,,,,,,,,,,,,,,,,,,,,,,,,,,
J30_1.RCP,1,156.51315789473688,0.3746528625488281,GA_tournament_ox1_scramble_forward_noRepair_elitism_none,38,activity_list,1000.0,1.0,50.0,0.9,0.1,60.0,tournament,ox1,scramble,forward,3.0,False,True,none,5.0,,,,,,,,,,,,,,,,,,,,,,,,,,,,,,,,,,,,,,,,,,,
J30_1.RCP,0,156.51315789473688,0.38165926933288574,GA_tournament_ox1_scramble_forward_noRepair_elitism_swap,38,activity_list,1000.0,0.0,50.0,0.9,0.1,60.0,tournament,ox1,scramble,forward,3.0,False,True,swap,5.0,,,,,,,,,,,,,,,,,,,,,,,,,,,,,,,,,,,,,,,,,,,
J30_1.RCP,1,156.51315789473688,0.39777278900146484,GA_tournament_ox1_scramble_forward_noRepair_elitism_swap,38,activity_list,1000.0,1.0,50.0,0.9,0.1,60.0,tournament,ox1,scramble,forward,3.0,False,True,swap,5.0,,,,,,,,,,,,,,,,,,,,,,,,,,,,,,,,,,,,,,,,,,,
J30_1.RCP,0,156.51315789473688,0.3876471519470215,GA_tournament_ox1_scramble_forward_noRepair_noElitism_none,38,activity_list,1000.0,0.0,50.0,0.9,0.1,60.0,tournament,ox1,scramble,forward,3.0,False,False,none,5.0,,,,,,,,,,,,,,,,,,,,,,,,,,,,,,,,,,,,,,,,,,,
J30_1.RCP,1,156.51315789473688,0.3847332000732422,GA_tournament_ox1_scramble_forward_noRepair_noElitism_none,38,activity_list,1000.0,1.0,50.0,0.9,0.1,60.0,tournament,ox1,scramble,forward,3.0,False,False,none,5.0,,,,,,,,,,,,,,,,,,,,,,,,,,,,,,,,,,,,,,,,,,,
J30_1.RCP,0,156.51315789473688,0.3892490863800049,GA_tournament_ox1_scramble_forward_noRepair_noElitism_swap,38,activity_list,1000.0,0.0,50.0,0.9,0.1,60.0,tournament,ox1,scramble,forward,3.0,False,False,swap,5.0,,,,,,,,,,,,,,,,,,,,,,,,,,,,,,,,,,,,,,,,,,,
J30_1.RCP,1,156.51315789473688,0.396359920501709,GA_tournament_ox1_scramble_forward_noRepair_noElitism_swap,38,activity_list,1000.0,1.0,50.0,0.9,0.1,60.0,tournament,ox1,scramble,forward,3.0,False,False,swap,5.0,,,,,,,,,,,,,,,,,,,,,,,,,,,,,,,,,,,,,,,,,,,
J30_1.RCP,0,156.51315789473688,0.4642491340637207,GA_tournament_pmx_swap_random_repair_elitism_none,38,activity_list,1000.0,0.0,50.0,0.9,0.1,60.0,tournament,pmx,swap,random,3.0,True,True,none,5.0,,,,,,,,,,,,,,,,,,,,,,,,,,,,,,,,,,,,,,,,,,,
J30_1.RCP,1,156.51315789473688,0.45479917526245117,GA_tournament_pmx_swap_random_repair_elitism_none,38,activity_list,1000.0,1.0,50.0,0.9,0.1,60.0,tournament,pmx,swap,random,3.0,True,True,none,5.0,,,,,,,,,,,,,,,,,,,,,,,,,,,,,,,,,,,,,,,,,,,
J30_1.RCP,0,156.51315789473688,0.47312307357788086,GA_tournament_pmx_swap_random_repair_elitism_swap,38,activity_list,1000.0,0.0,50.0,0.9,0.1,60.0,tournament,pmx,swap,random,3.0,True,True,swap,5.0,,,,,,,,,,,,,,,,,,,,,,,,,,,,,,,,,,,,,,,,,,,
J30_1.RCP,1,156.51315789473688,0.4737679958343506,GA_tournament_pmx_swap_random_repair_elitism_swap,38,activity_list,1000.0,1.0,50.0,0.9,0.1,60.0,tournament,pmx,swap,random,3.0,True,True,swap,5.0,,,,,,,,,,,,,,,,,,,,,,,,,,,,,,,,,,,,,,,,,,,
J30_1.RCP,0,156.51315789473688,0.6208832263946533,GA_tournament_pmx_swap_random_repair_noElitism_none,38,activity_list,1000.0,0.0,50.0,0.9,0.1,60.0,tournament,pmx,swap,random,3.0,True,False,none,5.0,,,,,,,,,,,,,,,,,,,,,,,,,,,,,,,,,,,,,,,,,,,
J30_1.RCP,1,156.51315789473688,0.6271800994873047,GA_tournament_pmx_swap_random_repair_noElitism_none,38,activity_list,1000.0,1.0,50.0,0.9,0.1,60.0,tournament,pmx,swap,random,3.0,True,False,none,5.0,,,,,,,,,,,,,,,,,,,,,,,,,,,,,,,,,,,,,,,,,,,
J30_1.RCP,0,156.51315789473688,0.6209518909454346,GA_tournament_pmx_swap_random_repair_noElitism_swap,38,activity_list,1000.0,0.0,50.0,0.9,0.1,60.0,tournament,pmx,swap,random,3.0,True,False,swap,5.0,,,,,,,,,,,,,,,,,,,,,,,,,,,,,,,,,,,,,,,,,,,
J30_1.RCP,1,156.51315789473688,0.6310768127441406,GA_tournament_pmx_swap_random_repair_noElitism_swap,38,activity_list,1000.0,1.0,50.0,0.9,0.1,60.0,tournament,pmx,swap,random,3.0,True,False,swap,5.0,,,,,,,,,,,,,,,,,,,,,,,,,,,,,,,,,,,,,,,,,,,
J30_1.RCP,0,156.51315789473688,0.37010908126831055,GA_tournament_pmx_swap_random_noRepair_elitism_none,38,activity_list,1000.0,0.0,50.0,0.9,0.1,60.0,tournament,pmx,swap,random,3.0,False,True,none,5.0,,,,,,,,,,,,,,,,,,,,,,,,,,,,,,,,,,,,,,,,,,,
J30_1.RCP,1,156.51315789473688,0.3702569007873535,GA_tournament_pmx_swap_random_noRepair_elitism_none,38,activity_list,1000.0,1.0,50.0,0.9,0.1,60.0,tournament,pmx,swap,random,3.0,False,True,none,5.0,,,,,,,,,,,,,,,,,,,,,,,,,,,,,,,,,,,,,,,,,,,
J30_1.RCP,0,156.51315789473688,0.3813309669494629,GA_tournament_pmx_swap_random_noRepair_elitism_swap,38,activity_list,1000.0,0.0,50.0,0.9,0.1,60.0,tournament,pmx,swap,random,3.0,False,True,swap,5.0,,,,,,,,,,,,,,,,,,,,,,,,,,,,,,,,,,,,,,,,,,,
J30_1.RCP,1,156.51315789473688,0.381519079208374,GA_tournament_pmx_swap_random_noRepair_elitism_swap,38,activity_list,1000.0,1.0,50.0,0.9,0.1,60.0,tournament,pmx,swap,random,3.0,False,True,swap,5.0,,,,,,,,,,,,,,,,,,,,,,,,,,,,,,,,,,,,,,,,,,,
J30_1.RCP,0,156.51315789473688,0.3713810443878174,GA_tournament_pmx_swap_random_noRepair_noElitism_none,38,activity_list,1000.0,0.0,50.0,0.9,0.1,60.0,tournament,pmx,swap,random,3.0,False,False,none,5.0,,,,,,,,,,,,,,,,,,,,,,,,,,,,,,,,,,,,,,,,,,,
J30_1.RCP,1,156.51315789473688,0.38246822357177734,GA_tournament_pmx_swap_random_noRepair_noElitism_none,38,activity_list,1000.0,1.0,50.0,0.9,0.1,60.0,tournament,pmx,swap,random,3.0,False,False,none,5.0,,,,,,,,,,,,,,,,,,,,,,,,,,,,,,,,,,,,,,,,,,,
J30_1.RCP,0,156.51315789473688,0.37412500381469727,GA_tournament_pmx_swap_random_noRepair_noElitism_swap,38,activity_list,1000.0,0.0,50.0,0.9,0.1,60.0,tournament,pmx,swap,random,3.0,False,False,swap,5.0,,,,,,,,,,,,,,,,,,,,,,,,,,,,,,,,,,,,,,,,,,,
J30_1.RCP,1,156.51315789473688,0.36907482147216797,GA_tournament_pmx_swap_random_noRepair_noElitism_swap,38,activity_list,1000.0,1.0,50.0,0.9,0.1,60.0,tournament,pmx,swap,random,3.0,False,False,swap,5.0,,,,,,,,,,,,,,,,,,,,,,,,,,,,,,,,,,,,,,,,,,,
J30_1.RCP,0,156.51315789473688,0.46562981605529785,GA_tournament_pmx_swap_forward_repair_elitism_none,38,activity_list,1000.0,0.0,50.0,0.9,0.1,60.0,tournament,pmx,swap,forward,3.0,True,True,none,5.0,,,,,,,,,,,,,,,,,,,,,,,,,,,,,,,,,,,,,,,,,,,
J30_1.RCP,1,156.51315789473688,0.4655458927154541,GA_tournament_pmx_swap_forward_repair_elitism_none,38,activity_list,1000.0,1.0,50.0,0.9,0.1,60.0,tournament,pmx,swap,forward,3.0,True,True,none,5.0,,,,,,,,,,,,,,,,,,,,,,,,,,,,,,,,,,,,,,,,,,,
J30_1.RCP,0,156.51315789473688,0.4845011234283447,GA_tournament_pmx_swap_forward_repair_elitism_swap,38,activity_list,1000.0,0.0,50.0,0.9,0.1,60.0,tournament,pmx,swap,forward,3.0,True,True,swap,5.0,,,,,,,,,,,,,,,,,,,,,,,,,,,,,,,,,,,,,,,,,,,
J30_1.RCP,1,156.51315789473688,0.48323512077331543,GA_tournament_pmx_swap_forward_repair_elitism_swap,38,activity_list,1000.0,1.0,50.0,0.9,0.1,60.0,tournament,pmx,swap,forward,3.0,True,True,swap,5.0,,,,,,,,,,,,,,,,,,,,,,,,,,,,,,,,,,,,,,,,,,,
J30_1.RCP,0,156.51315789473688,0.6377580165863037,GA_tournament_pmx_swap_forward_repair_noElitism_none,38,activity_list,1000.0,0.0,50.0,0.9,0.1,60.0,tournament,pmx,swap,forward,3.0,True,False,none,5.0,,,,,,,,,,,,,,,,,,,,,,,,,,,,,,,,,,,,,,,,,,,
J30_1.RCP,1,156.51315789473688,0.6357321739196777,GA_tournament_pmx_swap_forward_repair_noElitism_none,38,activity_list,1000.0,1.0,50.0,0.9,0.1,60.0,tournament,pmx,swap,forward,3.0,True,False,none,5.0,,,,,,,,,,,,,,,,,,,,,,,,,,,,,,,,,,,,,,,,,,,
J30_1.RCP,0,156.51315789473688,0.6412339210510254,GA_tournament_pmx_swap_forward_repair_noElitism_swap,38,activity_list,1000.0,0.0,50.0,0.9,0.1,60.0,tournament,pmx,swap,forward,3.0,True,False,swap,5.0,,,,,,,,,,,,,,,,,,,,,,,,,,,,,,,,,,,,,,,,,,,
J30_1.RCP,1,156.51315789473688,0.6402099132537842,GA_tournament_pmx_swap_forward_repair_noElitism_swap,38,activity_list,1000.0,1.0,50.0,0.9,0.1,60.0,tournament,pmx,swap,forward,3.0,True,False,swap,5.0,,,,,,,,,,,,,,,,,,,,,,,,,,,,,,,,,,,,,,,,,,,
J30_1.RCP,0,156.51315789473688,0.369312047958374,GA_tournament_pmx_swap_forward_noRepair_elitism_none,38,activity_list,1000.0,0.0,50.0,0.9,0.1,60.0,tournament,pmx,swap,forward,3.0,False,True,none,5.0,,,,,,,,,,,,,,,,,,,,,,,,,,,,,,,,,,,,,,,,,,,
J30_1.RCP,1,156.51315789473688,0.36662769317626953,GA_tournament_pmx_swap_forward_noRepair_elitism_none,38,activity_list,1000.0,1.0,50.0,0.9,0.1,60.0,tournament,pmx,swap,forward,3.0,False,True,none,5.0,,,,,,,,,,,,,,,,,,,,,,,,,,,,,,,,,,,,,,,,,,,
J30_1.RCP,0,156.51315789473688,0.38220906257629395,GA_tournament_pmx_swap_forward_noRepair_elitism_swap,38,activity_list,1000.0,0.0,50.0,0.9,0.1,60.0,tournament,pmx,swap,forward,3.0,False,True,swap,5.0,,,,,,,,,,,,,,,,,,,,,,,,,,,,,,,,,,,,,,,,,,,
J30_1.RCP,1,156.51315789473688,0.3758971691131592,GA_tournament_pmx_swap_forward_noRepair_elitism_swap,38,activity_list,1000.0,1.0,50.0,0.9,0.1,60.0,tournament,pmx,swap,forward,3.0,False,True,swap,5.0,,,,,,,,,,,,,,,,,,,,,,,,,,,,,,,,,,,,,,,,,,,
J30_1.RCP,0,156.51315789473688,0.362990140914917,GA_tournament_pmx_swap_forward_noRepair_noElitism_none,38,activity_list,1000.0,0.0,50.0,0.9,0.1,60.0,tournament,pmx,swap,forward,3.0,False,False,none,5.0,,,,,,,,,,,,,,,,,,,,,,,,,,,,,,,,,,,,,,,,,,,
J30_1.RCP,1,156.51315789473688,0.3660237789154053,GA_tournament_pmx_swap_forward_noRepair_noElitism_none,38,activity_list,1000.0,1.0,50.0,0.9,0.1,60.0,tournament,pmx,swap,forward,3.0,False,False,none,5.0,,,,,,,,,,,,,,,,,,,,,,,,,,,,,,,,,,,,,,,,,,,
J30_1.RCP,0,156.51315789473688,0.37079715728759766,GA_tournament_pmx_swap_forward_noRepair_noElitism_swap,38,activity_list,1000.0,0.0,50.0,0.9,0.1,60.0,tournament,pmx,swap,forward,3.0,False,False,swap,5.0,,,,,,,,,,,,,,,,,,,,,,,,,,,,,,,,,,,,,,,,,,,
J30_1.RCP,1,156.51315789473688,0.3692491054534912,GA_tournament_pmx_swap_forward_noRepair_noElitism_swap,38,activity_list,1000.0,1.0,50.0,0.9,0.1,60.0,tournament,pmx,swap,forward,3.0,False,False,swap,5.0,,,,,,,,,,,,,,,,,,,,,,,,,,,,,,,,,,,,,,,,,,,
J30_1.RCP,0,156.51315789473688,0.4589052200317383,GA_tournament_pmx_insertion_random_repair_elitism_none,38,activity_list,1000.0,0.0,50.0,0.9,0.1,60.0,tournament,pmx,insertion,random,3.0,True,True,none,5.0,,,,,,,,,,,,,,,,,,,,,,,,,,,,,,,,,,,,,,,,,,,
J30_1.RCP,1,156.51315789473688,0.4597601890563965,GA_tournament_pmx_insertion_random_repair_elitism_none,38,activity_list,1000.0,1.0,50.0,0.9,0.1,60.0,tournament,pmx,insertion,random,3.0,True,True,none,5.0,,,,,,,,,,,,,,,,,,,,,,,,,,,,,,,,,,,,,,,,,,,
J30_1.RCP,0,156.51315789473688,0.47822999954223633,GA_tournament_pmx_insertion_random_repair_elitism_swap,38,activity_list,1000.0,0.0,50.0,0.9,0.1,60.0,tournament,pmx,insertion,random,3.0,True,True,swap,5.0,,,,,,,,,,,,,,,,,,,,,,,,,,,,,,,,,,,,,,,,,,,
J30_1.RCP,1,156.51315789473688,0.4691329002380371,GA_tournament_pmx_insertion_random_repair_elitism_swap,38,activity_list,1000.0,1.0,50.0,0.9,0.1,60.0,tournament,pmx,insertion,random,3.0,True,True,swap,5.0,,,,,,,,,,,,,,,,,,,,,,,,,,,,,,,,,,,,,,,,,,,
J30_1.RCP,0,156.51315789473688,0.6240241527557373,GA_tournament_pmx_insertion_random_repair_noElitism_none,38,activity_list,1000.0,0.0,50.0,0.9,0.1,60.0,tournament,pmx,insertion,random,3.0,True,False,none,5.0,,,,,,,,,,,,,,,,,,,,,,,,,,,,,,,,,,,,,,,,,,,
J30_1.RCP,1,156.51315789473688,0.628680944442749,GA_tournament_pmx_insertion_random_repair_noElitism_none,38,activity_list,1000.0,1.0,50.0,0.9,0.1,60.0,tournament,pmx,insertion,random,3.0,True,False,none,5.0,,,,,,,,,,,,,,,,,,,,,,,,,,,,,,,,,,,,,,,,,,,
J30_1.RCP,0,156.51315789473688,0.624208927154541,GA_tournament_pmx_insertion_random_repair_noElitism_swap,38,activity_list,1000.0,0.0,50.0,0.9,0.1,60.0,tournament,pmx,insertion,random,3.0,True,False,swap,5.0,,,,,,,,,,,,,,,,,,,,,,,,,,,,,,,,,,,,,,,,,,,
J30_1.RCP,1,156.51315789473688,0.622459888458252,GA_tournament_pmx_insertion_random_repair_noElitism_swap,38,activity_list,1000.0,1.0,50.0,0.9,0.1,60.0,tournament,pmx,insertion,random,3.0,True,False,swap,5.0,,,,,,,,,,,,,,,,,,,,,,,,,,,,,,,,,,,,,,,,,,,
J30_1.RCP,0,156.51315789473688,0.37631702423095703,GA_tournament_pmx_insertion_random_noRepair_elitism_none,38,activity_list,1000.0,0.0,50.0,0.9,0.1,60.0,tournament,pmx,insertion,random,3.0,False,True,none,5.0,,,,,,,,,,,,,,,,,,,,,,,,,,,,,,,,,,,,,,,,,,,
J30_1.RCP,1,156.51315789473688,0.36612486839294434,GA_tournament_pmx_insertion_random_noRepair_elitism_none,38,activity_list,1000.0,1.0,50.0,0.9,0.1,60.0,tournament,pmx,insertion,random,3.0,False,True,none,5.0,,,,,,,,,,,,,,,,,,,,,,,,,,,,,,,,,,,,,,,,,,,
J30_1.RCP,0,156.51315789473688,0.3744850158691406,GA_tournament_pmx_insertion_random_noRepair_elitism_swap,38,activity_list,1000.0,0.0,50.0,0.9,0.1,60.0,tournament,pmx,insertion,random,3.0,False,True,swap,5.0,,,,,,,,,,,,,,,,,,,,,,,,,,,,,,,,,,,,,,,,,,,
J30_1.RCP,1,156.51315789473688,0.3854649066925049,GA_tournament_pmx_insertion_random_noRepair_elitism_swap,38,activity_list,1000.0,1.0,50.0,0.9,0.1,60.0,tournament,pmx,insertion,random,3.0,False,True,swap,5.0,,,,,,,,,,,,,,,,,,,,,,,,,,,,,,,,,,,,,,,,,,,
J30_1.RCP,0,156.51315789473688,0.37447094917297363,GA_tournament_pmx_insertion_random_noRepair_noElitism_none,38,activity_list,1000.0,0.0,50.0,0.9,0.1,60.0,tournament,pmx,insertion,random,3.0,False,False,none,5.0,,,,,,,,,,,,,,,,,,,,,,,,,,,,,,,,,,,,,,,,,,,
J30_1.RCP,1,156.51315789473688,0.36870908737182617,GA_tournament_pmx_insertion_random_noRepair_noElitism_none,38,activity_list,1000.0,1.0,50.0,0.9,0.1,60.0,tournament,pmx,insertion,random,3.0,False,False,none,5.0,,,,,,,,,,,,,,,,,,,,,,,,,,,,,,,,,,,,,,,,,,,
J30_1.RCP,0,156.51315789473688,0.37531208992004395,GA_tournament_pmx_insertion_random_noRepair_noElitism_swap,38,activity_list,1000.0,0.0,50.0,0.9,0.1,60.0,tournament,pmx,insertion,random,3.0,False,False,swap,5.0,,,,,,,,,,,,,,,,,,,,,,,,,,,,,,,,,,,,,,,,,,,
J30_1.RCP,1,156.51315789473688,0.37601304054260254,GA_tournament_pmx_insertion_random_noRepair_noElitism_swap,38,activity_list,1000.0,1.0,50.0,0.9,0.1,60.0,tournament,pmx,insertion,random,3.0,False,False,swap,5.0,,,,,,,,,,,,,,,,,,,,,,,,,,,,,,,,,,,,,,,,,,,
J30_1.RCP,0,156.51315789473688,0.4661588668823242,GA_tournament_pmx_insertion_forward_repair_elitism_none,38,activity_list,1000.0,0.0,50.0,0.9,0.1,60.0,tournament,pmx,insertion,forward,3.0,True,True,none,5.0,,,,,,,,,,,,,,,,,,,,,,,,,,,,,,,,,,,,,,,,,,,
J30_1.RCP,1,156.51315789473688,0.46624088287353516,GA_tournament_pmx_insertion_forward_repair_elitism_none,38,activity_list,1000.0,1.0,50.0,0.9,0.1,60.0,tournament,pmx,insertion,forward,3.0,True,True,none,5.0,,,,,,,,,,,,,,,,,,,,,,,,,,,,,,,,,,,,,,,,,,,
J30_1.RCP,0,156.51315789473688,0.48232197761535645,GA_tournament_pmx_insertion_forward_repair_elitism_swap,38,activity_list,1000.0,0.0,50.0,0.9,0.1,60.0,tournament,pmx,insertion,forward,3.0,True,True,swap,5.0,,,,,,,,,,,,,,,,,,,,,,,,,,,,,,,,,,,,,,,,,,,
J30_1.RCP,1,156.51315789473688,0.48445963859558105,GA_tournament_pmx_insertion_forward_repair_elitism_swap,38,activity_list,1000.0,1.0,50.0,0.9,0.1,60.0,tournament,pmx,insertion,forward,3.0,True,True,swap,5.0,,,,,,,,,,,,,,,,,,,,,,,,,,,,,,,,,,,,,,,,,,,
J30_1.RCP,0,156.51315789473688,0.6353192329406738,GA_tournament_pmx_insertion_forward_repair_noElitism_none,38,activity_list,1000.0,0.0,50.0,0.9,0.1,60.0,tournament,pmx,insertion,forward,3.0,True,False,none,5.0,,,,,,,,,,,,,,,,,,,,,,,,,,,,,,,,,,,,,,,,,,,
J30_1.RCP,1,156.51315789473688,0.6360597610473633,GA_tournament_pmx_insertion_forward_repair_noElitism_none,38,activity_list,1000.0,1.0,50.0,0.9,0.1,60.0,tournament,pmx,insertion,forward,3.0,True,False,none,5.0,,,,,,,,,,,,,,,,,,,,,,,,,,,,,,,,,,,,,,,,,,,
J30_1.RCP,0,156.51315789473688,0.630382776260376,GA_tournament_pmx_insertion_forward_repair_noElitism_swap,38,activity_list,1000.0,0.0,50.0,0.9,0.1,60.0,tournament,pmx,insertion,forward,3.0,True,False,swap,5.0,,,,,,,,,,,,,,,,,,,,,,,,,,,,,,,,,,,,,,,,,,,
J30_1.RCP,1,156.51315789473688,0.643618106842041,GA_tournament_pmx_insertion_forward_repair_noElitism_swap,38,activity_list,1000.0,1.0,50.0,0.9,0.1,60.0,tournament,pmx,insertion,forward,3.0,True,False,swap,5.0,,,,,,,,,,,,,,,,,,,,,,,,,,,,,,,,,,,,,,,,,,,
J30_1.RCP,0,156.51315789473688,0.3687751293182373,GA_tournament_pmx_insertion_forward_noRepair_elitism_none,38,activity_list,1000.0,0.0,50.0,0.9,0.1,60.0,tournament,pmx,insertion,forward,3.0,False,True,none,5.0,,,,,,,,,,,,,,,,,,,,,,,,,,,,,,,,,,,,,,,,,,,
J30_1.RCP,1,156.51315789473688,0.36545896530151367,GA_tournament_pmx_insertion_forward_noRepair_elitism_none,38,activity_list,1000.0,1.0,50.0,0.9,0.1,60.0,tournament,pmx,insertion,forward,3.0,False,True,none,5.0,,,,,,,,,,,,,,,,,,,,,,,,,,,,,,,,,,,,,,,,,,,
J30_1.RCP,0,156.51315789473688,0.3755812644958496,GA_tournament_pmx_insertion_forward_noRepair_elitism_swap,38,activity_list,1000.0,0.0,50.0,0.9,0.1,60.0,tournament,pmx,insertion,forward,3.0,False,True,swap,5.0,,,,,,,,,,,,,,,,,,,,,,,,,,,,,,,,,,,,,,,,,,,
J30_1.RCP,1,156.51315789473688,0.37410402297973633,GA_tournament_pmx_insertion_forward_noRepair_elitism_swap,38,activity_list,1000.0,1.0,50.0,0.9,0.1,60.0,tournament,pmx,insertion,forward,3.0,False,True,swap,5.0,,,,,,,,,,,,,,,,,,,,,,,,,,,,,,,,,,,,,,,,,,,
J30_1.RCP,0,156.51315789473688,0.36669206619262695,GA_tournament_pmx_insertion_forward_noRepair_noElitism_none,38,activity_list,1000.0,0.0,50.0,0.9,0.1,60.0,tournament,pmx,insertion,forward,3.0,False,False,none,5.0,,,,,,,,,,,,,,,,,,,,,,,,,,,,,,,,,,,,,,,,,,,
J30_1.RCP,1,156.51315789473688,0.3701050281524658,GA_tournament_pmx_insertion_forward_noRepair_noElitism_none,38,activity_list,1000.0,1.0,50.0,0.9,0.1,60.0,tournament,pmx,insertion,forward,3.0,False,False,none,5.0,,,,,,,,,,,,,,,,,,,,,,,,,,,,,,,,,,,,,,,,,,,
J30_1.RCP,0,156.51315789473688,0.3700089454650879,GA_tournament_pmx_insertion_forward_noRepair_noElitism_swap,38,activity_list,1000.0,0.0,50.0,0.9,0.1,60.0,tournament,pmx,insertion,forward,3.0,False,False,swap,5.0,,,,,,,,,,,,,,,,,,,,,,,,,,,,,,,,,,,,,,,,,,,
J30_1.RCP,1,156.51315789473688,0.3719909191131592,GA_tournament_pmx_insertion_forward_noRepair_noElitism_swap,38,activity_list,1000.0,1.0,50.0,0.9,0.1,60.0,tournament,pmx,insertion,forward,3.0,False,False,swap,5.0,,,,,,,,,,,,,,,,,,,,,,,,,,,,,,,,,,,,,,,,,,,
J30_1.RCP,0,156.51315789473688,0.4561920166015625,GA_tournament_pmx_inversion_random_repair_elitism_none,38,activity_list,1000.0,0.0,50.0,0.9,0.1,60.0,tournament,pmx,inversion,random,3.0,True,True,none,5.0,,,,,,,,,,,,,,,,,,,,,,,,,,,,,,,,,,,,,,,,,,,
J30_1.RCP,1,156.51315789473688,0.4550590515136719,GA_tournament_pmx_inversion_random_repair_elitism_none,38,activity_list,1000.0,1.0,50.0,0.9,0.1,60.0,tournament,pmx,inversion,random,3.0,True,True,none,5.0,,,,,,,,,,,,,,,,,,,,,,,,,,,,,,,,,,,,,,,,,,,
J30_1.RCP,0,156.51315789473688,0.47468996047973633,GA_tournament_pmx_inversion_random_repair_elitism_swap,38,activity_list,1000.0,0.0,50.0,0.9,0.1,60.0,tournament,pmx,inversion,random,3.0,True,True,swap,5.0,,,,,,,,,,,,,,,,,,,,,,,,,,,,,,,,,,,,,,,,,,,
J30_1.RCP,1,156.51315789473688,0.5007407665252686,GA_tournament_pmx_inversion_random_repair_elitism_swap,38,activity_list,1000.0,1.0,50.0,0.9,0.1,60.0,tournament,pmx,inversion,random,3.0,True,True,swap,5.0,,,,,,,,,,,,,,,,,,,,,,,,,,,,,,,,,,,,,,,,,,,
J30_1.RCP,0,156.51315789473688,0.6229441165924072,GA_tournament_pmx_inversion_random_repair_noElitism_none,38,activity_list,1000.0,0.0,50.0,0.9,0.1,60.0,tournament,pmx,inversion,random,3.0,True,False,none,5.0,,,,,,,,,,,,,,,,,,,,,,,,,,,,,,,,,,,,,,,,,,,
J30_1.RCP,1,156.51315789473688,0.6252560615539551,GA_tournament_pmx_inversion_random_repair_noElitism_none,38,activity_list,1000.0,1.0,50.0,0.9,0.1,60.0,tournament,pmx,inversion,random,3.0,True,False,none,5.0,,,,,,,,,,,,,,,,,,,,,,,,,,,,,,,,,,,,,,,,,,,
J30_1.RCP,0,156.51315789473688,0.6245689392089844,GA_tournament_pmx_inversion_random_repair_noElitism_swap,38,activity_list,1000.0,0.0,50.0,0.9,0.1,60.0,tournament,pmx,inversion,random,3.0,True,False,swap,5.0,,,,,,,,,,,,,,,,,,,,,,,,,,,,,,,,,,,,,,,,,,,
J30_1.RCP,1,156.51315789473688,0.6282532215118408,GA_tournament_pmx_inversion_random_repair_noElitism_swap,38,activity_list,1000.0,1.0,50.0,0.9,0.1,60.0,tournament,pmx,inversion,random,3.0,True,False,swap,5.0,,,,,,,,,,,,,,,,,,,,,,,,,,,,,,,,,,,,,,,,,,,
J30_1.RCP,0,156.51315789473688,0.3664529323577881,GA_tournament_pmx_inversion_random_noRepair_elitism_none,38,activity_list,1000.0,0.0,50.0,0.9,0.1,60.0,tournament,pmx,inversion,random,3.0,False,True,none,5.0,,,,,,,,,,,,,,,,,,,,,,,,,,,,,,,,,,,,,,,,,,,
J30_1.RCP,1,156.51315789473688,0.36539387702941895,GA_tournament_pmx_inversion_random_noRepair_elitism_none,38,activity_list,1000.0,1.0,50.0,0.9,0.1,60.0,tournament,pmx,inversion,random,3.0,False,True,none,5.0,,,,,,,,,,,,,,,,,,,,,,,,,,,,,,,,,,,,,,,,,,,
J30_1.RCP,0,156.51315789473688,0.38120293617248535,GA_tournament_pmx_inversion_random_noRepair_elitism_swap,38,activity_list,1000.0,0.0,50.0,0.9,0.1,60.0,tournament,pmx,inversion,random,3.0,False,True,swap,5.0,,,,,,,,,,,,,,,,,,,,,,,,,,,,,,,,,,,,,,,,,,,
J30_1.RCP,1,156.51315789473688,0.457827091217041,GA_tournament_pmx_inversion_random_noRepair_elitism_swap,38,activity_list,1000.0,1.0,50.0,0.9,0.1,60.0,tournament,pmx,inversion,random,3.0,False,True,swap,5.0,,,,,,,,,,,,,,,,,,,,,,,,,,,,,,,,,,,,,,,,,,,
J30_1.RCP,0,156.51315789473688,0.386577844619751,GA_tournament_pmx_inversion_random_noRepair_noElitism_none,38,activity_list,1000.0,0.0,50.0,0.9,0.1,60.0,tournament,pmx,inversion,random,3.0,False,False,none,5.0,,,,,,,,,,,,,,,,,,,,,,,,,,,,,,,,,,,,,,,,,,,
J30_1.RCP,1,156.51315789473688,0.3715381622314453,GA_tournament_pmx_inversion_random_noRepair_noElitism_none,38,activity_list,1000.0,1.0,50.0,0.9,0.1,60.0,tournament,pmx,inversion,random,3.0,False,False,none,5.0,,,,,,,,,,,,,,,,,,,,,,,,,,,,,,,,,,,,,,,,,,,
J30_1.RCP,0,156.51315789473688,0.3728902339935303,GA_tournament_pmx_inversion_random_noRepair_noElitism_swap,38,activity_list,1000.0,0.0,50.0,0.9,0.1,60.0,tournament,pmx,inversion,random,3.0,False,False,swap,5.0,,,,,,,,,,,,,,,,,,,,,,,,,,,,,,,,,,,,,,,,,,,
J30_1.RCP,1,156.51315789473688,0.3730440139770508,GA_tournament_pmx_inversion_random_noRepair_noElitism_swap,38,activity_list,1000.0,1.0,50.0,0.9,0.1,60.0,tournament,pmx,inversion,random,3.0,False,False,swap,5.0,,,,,,,,,,,,,,,,,,,,,,,,,,,,,,,,,,,,,,,,,,,
J30_1.RCP,0,156.51315789473688,0.46474289894104004,GA_tournament_pmx_inversion_forward_repair_elitism_none,38,activity_list,1000.0,0.0,50.0,0.9,0.1,60.0,tournament,pmx,inversion,forward,3.0,True,True,none,5.0,,,,,,,,,,,,,,,,,,,,,,,,,,,,,,,,,,,,,,,,,,,
J30_1.RCP,1,156.51315789473688,0.46497201919555664,GA_tournament_pmx_inversion_forward_repair_elitism_none,38,activity_list,1000.0,1.0,50.0,0.9,0.1,60.0,tournament,pmx,inversion,forward,3.0,True,True,none,5.0,,,,,,,,,,,,,,,,,,,,,,,,,,,,,,,,,,,,,,,,,,,
J30_1.RCP,0,156.51315789473688,0.47835397720336914,GA_tournament_pmx_inversion_forward_repair_elitism_swap,38,activity_list,1000.0,0.0,50.0,0.9,0.1,60.0,tournament,pmx,inversion,forward,3.0,True,True,swap,5.0,,,,,,,,,,,,,,,,,,,,,,,,,,,,,,,,,,,,,,,,,,,
J30_1.RCP,1,156.51315789473688,0.48286986351013184,GA_tournament_pmx_inversion_forward_repair_elitism_swap,38,activity_list,1000.0,1.0,50.0,0.9,0.1,60.0,tournament,pmx,inversion,forward,3.0,True,True,swap,5.0,,,,,,,,,,,,,,,,,,,,,,,,,,,,,,,,,,,,,,,,,,,
J30_1.RCP,0,156.51315789473688,0.6365959644317627,GA_tournament_pmx_inversion_forward_repair_noElitism_none,38,activity_list,1000.0,0.0,50.0,0.9,0.1,60.0,tournament,pmx,inversion,forward,3.0,True,False,none,5.0,,,,,,,,,,,,,,,,,,,,,,,,,,,,,,,,,,,,,,,,,,,
J30_1.RCP,1,156.51315789473688,0.6625363826751709,GA_tournament_pmx_inversion_forward_repair_noElitism_none,38,activity_list,1000.0,1.0,50.0,0.9,0.1,60.0,tournament,pmx,inversion,forward,3.0,True,False,none,5.0,,,,,,,,,,,,,,,,,,,,,,,,,,,,,,,,,,,,,,,,,,,
J30_1.RCP,0,156.51315789473688,0.6408500671386719,GA_tournament_pmx_inversion_forward_repair_noElitism_swap,38,activity_list,1000.0,0.0,50.0,0.9,0.1,60.0,tournament,pmx,inversion,forward,3.0,True,False,swap,5.0,,,,,,,,,,,,,,,,,,,,,,,,,,,,,,,,,,,,,,,,,,,
J30_1.RCP,1,156.51315789473688,0.6364748477935791,GA_tournament_pmx_inversion_forward_repair_noElitism_swap,38,activity_list,1000.0,1.0,50.0,0.9,0.1,60.0,tournament,pmx,inversion,forward,3.0,True,False,swap,5.0,,,,,,,,,,,,,,,,,,,,,,,,,,,,,,,,,,,,,,,,,,,
J30_1.RCP,0,156.51315789473688,0.3673720359802246,GA_tournament_pmx_inversion_forward_noRepair_elitism_none,38,activity_list,1000.0,0.0,50.0,0.9,0.1,60.0,tournament,pmx,inversion,forward,3.0,False,True,none,5.0,,,,,,,,,,,,,,,,,,,,,,,,,,,,,,,,,,,,,,,,,,,
J30_1.RCP,1,156.51315789473688,0.3679821491241455,GA_tournament_pmx_inversion_forward_noRepair_elitism_none,38,activity_list,1000.0,1.0,50.0,0.9,0.1,60.0,tournament,pmx,inversion,forward,3.0,False,True,none,5.0,,,,,,,,,,,,,,,,,,,,,,,,,,,,,,,,,,,,,,,,,,,
J30_1.RCP,0,156.51315789473688,0.37267589569091797,GA_tournament_pmx_inversion_forward_noRepair_elitism_swap,38,activity_list,1000.0,0.0,50.0,0.9,0.1,60.0,tournament,pmx,inversion,forward,3.0,False,True,swap,5.0,,,,,,,,,,,,,,,,,,,,,,,,,,,,,,,,,,,,,,,,,,,
J30_1.RCP,1,156.51315789473688,0.37430715560913086,GA_tournament_pmx_inversion_forward_noRepair_elitism_swap,38,activity_list,1000.0,1.0,50.0,0.9,0.1,60.0,tournament,pmx,inversion,forward,3.0,False,True,swap,5.0,,,,,,,,,,,,,,,,,,,,,,,,,,,,,,,,,,,,,,,,,,,
J30_1.RCP,0,156.51315789473688,0.3660008907318115,GA_tournament_pmx_inversion_forward_noRepair_noElitism_none,38,activity_list,1000.0,0.0,50.0,0.9,0.1,60.0,tournament,pmx,inversion,forward,3.0,False,False,none,5.0,,,,,,,,,,,,,,,,,,,,,,,,,,,,,,,,,,,,,,,,,,,
J30_1.RCP,1,156.51315789473688,0.36666321754455566,GA_tournament_pmx_inversion_forward_noRepair_noElitism_none,38,activity_list,1000.0,1.0,50.0,0.9,0.1,60.0,tournament,pmx,inversion,forward,3.0,False,False,none,5.0,,,,,,,,,,,,,,,,,,,,,,,,,,,,,,,,,,,,,,,,,,,
J30_1.RCP,0,156.51315789473688,0.3730313777923584,GA_tournament_pmx_inversion_forward_noRepair_noElitism_swap,38,activity_list,1000.0,0.0,50.0,0.9,0.1,60.0,tournament,pmx,inversion,forward,3.0,False,False,swap,5.0,,,,,,,,,,,,,,,,,,,,,,,,,,,,,,,,,,,,,,,,,,,
J30_1.RCP,1,156.51315789473688,0.37117886543273926,GA_tournament_pmx_inversion_forward_noRepair_noElitism_swap,38,activity_list,1000.0,1.0,50.0,0.9,0.1,60.0,tournament,pmx,inversion,forward,3.0,False,False,swap,5.0,,,,,,,,,,,,,,,,,,,,,,,,,,,,,,,,,,,,,,,,,,,
J30_1.RCP,0,156.51315789473688,0.4562859535217285,GA_tournament_pmx_scramble_random_repair_elitism_none,38,activity_list,1000.0,0.0,50.0,0.9,0.1,60.0,tournament,pmx,scramble,random,3.0,True,True,none,5.0,,,,,,,,,,,,,,,,,,,,,,,,,,,,,,,,,,,,,,,,,,,
J30_1.RCP,1,156.51315789473688,0.4605591297149658,GA_tournament_pmx_scramble_random_repair_elitism_none,38,activity_list,1000.0,1.0,50.0,0.9,0.1,60.0,tournament,pmx,scramble,random,3.0,True,True,none,5.0,,,,,,,,,,,,,,,,,,,,,,,,,,,,,,,,,,,,,,,,,,,
J30_1.RCP,0,156.51315789473688,0.4716792106628418,GA_tournament_pmx_scramble_random_repair_elitism_swap,38,activity_list,1000.0,0.0,50.0,0.9,0.1,60.0,tournament,pmx,scramble,random,3.0,True,True,swap,5.0,,,,,,,,,,,,,,,,,,,,,,,,,,,,,,,,,,,,,,,,,,,
J30_1.RCP,1,156.51315789473688,0.4757401943206787,GA_tournament_pmx_scramble_random_repair_elitism_swap,38,activity_list,1000.0,1.0,50.0,0.9,0.1,60.0,tournament,pmx,scramble,random,3.0,True,True,swap,5.0,,,,,,,,,,,,,,,,,,,,,,,,,,,,,,,,,,,,,,,,,,,
J30_1.RCP,0,156.51315789473688,0.6244878768920898,GA_tournament_pmx_scramble_random_repair_noElitism_none,38,activity_list,1000.0,0.0,50.0,0.9,0.1,60.0,tournament,pmx,scramble,random,3.0,True,False,none,5.0,,,,,,,,,,,,,,,,,,,,,,,,,,,,,,,,,,,,,,,,,,,
J30_1.RCP,1,156.51315789473688,0.6284160614013672,GA_tournament_pmx_scramble_random_repair_noElitism_none,38,activity_list,1000.0,1.0,50.0,0.9,0.1,60.0,tournament,pmx,scramble,random,3.0,True,False,none,5.0,,,,,,,,,,,,,,,,,,,,,,,,,,,,,,,,,,,,,,,,,,,
J30_1.RCP,0,156.51315789473688,0.619575023651123,GA_tournament_pmx_scramble_random_repair_noElitism_swap,38,activity_list,1000.0,0.0,50.0,0.9,0.1,60.0,tournament,pmx,scramble,random,3.0,True,False,swap,5.0,,,,,,,,,,,,,,,,,,,,,,,,,,,,,,,,,,,,,,,,,,,
J30_1.RCP,1,156.51315789473688,0.6221718788146973,GA_tournament_pmx_scramble_random_repair_noElitism_swap,38,activity_list,1000.0,1.0,50.0,0.9,0.1,60.0,tournament,pmx,scramble,random,3.0,True,False,swap,5.0,,,,,,,,,,,,,,,,,,,,,,,,,,,,,,,,,,,,,,,,,,,
J30_1.RCP,0,156.51315789473688,0.36098504066467285,GA_tournament_pmx_scramble_random_noRepair_elitism_none,38,activity_list,1000.0,0.0,50.0,0.9,0.1,60.0,tournament,pmx,scramble,random,3.0,False,True,none,5.0,,,,,,,,,,,,,,,,,,,,,,,,,,,,,,,,,,,,,,,,,,,
J30_1.RCP,1,156.51315789473688,0.36490607261657715,GA_tournament_pmx_scramble_random_noRepair_elitism_none,38,activity_list,1000.0,1.0,50.0,0.9,0.1,60.0,tournament,pmx,scramble,random,3.0,False,True,none,5.0,,,,,,,,,,,,,,,,,,,,,,,,,,,,,,,,,,,,,,,,,,,
J30_1.RCP,0,156.51315789473688,0.3762502670288086,GA_tournament_pmx_scramble_random_noRepair_elitism_swap,38,activity_list,1000.0,0.0,50.0,0.9,0.1,60.0,tournament,pmx,scramble,random,3.0,False,True,swap,5.0,,,,,,,,,,,,,,,,,,,,,,,,,,,,,,,,,,,,,,,,,,,
J30_1.RCP,1,156.51315789473688,0.3711678981781006,GA_tournament_pmx_scramble_random_noRepair_elitism_swap,38,activity_list,1000.0,1.0,50.0,0.9,0.1,60.0,tournament,pmx,scramble,random,3.0,False,True,swap,5.0,,,,,,,,,,,,,,,,,,,,,,,,,,,,,,,,,,,,,,,,,,,
J30_1.RCP,0,156.51315789473688,0.37310099601745605,GA_tournament_pmx_scramble_random_noRepair_noElitism_none,38,activity_list,1000.0,0.0,50.0,0.9,0.1,60.0,tournament,pmx,scramble,random,3.0,False,False,none,5.0,,,,,,,,,,,,,,,,,,,,,,,,,,,,,,,,,,,,,,,,,,,
J30_1.RCP,1,156.51315789473688,0.3708169460296631,GA_tournament_pmx_scramble_random_noRepair_noElitism_none,38,activity_list,1000.0,1.0,50.0,0.9,0.1,60.0,tournament,pmx,scramble,random,3.0,False,False,none,5.0,,,,,,,,,,,,,,,,,,,,,,,,,,,,,,,,,,,,,,,,,,,
J30_1.RCP,0,156.51315789473688,0.37347412109375,GA_tournament_pmx_scramble_random_noRepair_noElitism_swap,38,activity_list,1000.0,0.0,50.0,0.9,0.1,60.0,tournament,pmx,scramble,random,3.0,False,False,swap,5.0,,,,,,,,,,,,,,,,,,,,,,,,,,,,,,,,,,,,,,,,,,,
J30_1.RCP,1,156.51315789473688,0.37153196334838867,GA_tournament_pmx_scramble_random_noRepair_noElitism_swap,38,activity_list,1000.0,1.0,50.0,0.9,0.1,60.0,tournament,pmx,scramble,random,3.0,False,False,swap,5.0,,,,,,,,,,,,,,,,,,,,,,,,,,,,,,,,,,,,,,,,,,,
J30_1.RCP,0,156.51315789473688,0.46323204040527344,GA_tournament_pmx_scramble_forward_repair_elitism_none,38,activity_list,1000.0,0.0,50.0,0.9,0.1,60.0,tournament,pmx,scramble,forward,3.0,True,True,none,5.0,,,,,,,,,,,,,,,,,,,,,,,,,,,,,,,,,,,,,,,,,,,
J30_1.RCP,1,156.51315789473688,0.46279215812683105,GA_tournament_pmx_scramble_forward_repair_elitism_none,38,activity_list,1000.0,1.0,50.0,0.9,0.1,60.0,tournament,pmx,scramble,forward,3.0,True,True,none,5.0,,,,,,,,,,,,,,,,,,,,,,,,,,,,,,,,,,,,,,,,,,,
J30_1.RCP,0,156.51315789473688,0.47507596015930176,GA_tournament_pmx_scramble_forward_repair_elitism_swap,38,activity_list,1000.0,0.0,50.0,0.9,0.1,60.0,tournament,pmx,scramble,forward,3.0,True,True,swap,5.0,,,,,,,,,,,,,,,,,,,,,,,,,,,,,,,,,,,,,,,,,,,
J30_1.RCP,1,156.51315789473688,0.4759359359741211,GA_tournament_pmx_scramble_forward_repair_elitism_swap,38,activity_list,1000.0,1.0,50.0,0.9,0.1,60.0,tournament,pmx,scramble,forward,3.0,True,True,swap,5.0,,,,,,,,,,,,,,,,,,,,,,,,,,,,,,,,,,,,,,,,,,,
J30_1.RCP,0,156.51315789473688,0.6293010711669922,GA_tournament_pmx_scramble_forward_repair_noElitism_none,38,activity_list,1000.0,0.0,50.0,0.9,0.1,60.0,tournament,pmx,scramble,forward,3.0,True,False,none,5.0,,,,,,,,,,,,,,,,,,,,,,,,,,,,,,,,,,,,,,,,,,,
J30_1.RCP,1,156.51315789473688,0.633516788482666,GA_tournament_pmx_scramble_forward_repair_noElitism_none,38,activity_list,1000.0,1.0,50.0,0.9,0.1,60.0,tournament,pmx,scramble,forward,3.0,True,False,none,5.0,,,,,,,,,,,,,,,,,,,,,,,,,,,,,,,,,,,,,,,,,,,
J30_1.RCP,0,156.51315789473688,0.6275441646575928,GA_tournament_pmx_scramble_forward_repair_noElitism_swap,38,activity_list,1000.0,0.0,50.0,0.9,0.1,60.0,tournament,pmx,scramble,forward,3.0,True,False,swap,5.0,,,,,,,,,,,,,,,,,,,,,,,,,,,,,,,,,,,,,,,,,,,
J30_1.RCP,1,156.51315789473688,0.6439111232757568,GA_tournament_pmx_scramble_forward_repair_noElitism_swap,38,activity_list,1000.0,1.0,50.0,0.9,0.1,60.0,tournament,pmx,scramble,forward,3.0,True,False,swap,5.0,,,,,,,,,,,,,,,,,,,,,,,,,,,,,,,,,,,,,,,,,,,
J30_1.RCP,0,156.51315789473688,0.36278390884399414,GA_tournament_pmx_scramble_forward_noRepair_elitism_none,38,activity_list,1000.0,0.0,50.0,0.9,0.1,60.0,tournament,pmx,scramble,forward,3.0,False,True,none,5.0,,,,,,,,,,,,,,,,,,,,,,,,,,,,,,,,,,,,,,,,,,,
J30_1.RCP,1,156.51315789473688,0.36751794815063477,GA_tournament_pmx_scramble_forward_noRepair_elitism_none,38,activity_list,1000.0,1.0,50.0,0.9,0.1,60.0,tournament,pmx,scramble,forward,3.0,False,True,none,5.0,,,,,,,,,,,,,,,,,,,,,,,,,,,,,,,,,,,,,,,,,,,
J30_1.RCP,0,156.51315789473688,0.37915492057800293,GA_tournament_pmx_scramble_forward_noRepair_elitism_swap,38,activity_list,1000.0,0.0,50.0,0.9,0.1,60.0,tournament,pmx,scramble,forward,3.0,False,True,swap,5.0,,,,,,,,,,,,,,,,,,,,,,,,,,,,,,,,,,,,,,,,,,,
J30_1.RCP,1,156.51315789473688,0.38759875297546387,GA_tournament_pmx_scramble_forward_noRepair_elitism_swap,38,activity_list,1000.0,1.0,50.0,0.9,0.1,60.0,tournament,pmx,scramble,forward,3.0,False,True,swap,5.0,,,,,,,,,,,,,,,,,,,,,,,,,,,,,,,,,,,,,,,,,,,
J30_1.RCP,0,156.51315789473688,0.37621402740478516,GA_tournament_pmx_scramble_forward_noRepair_noElitism_none,38,activity_list,1000.0,0.0,50.0,0.9,0.1,60.0,tournament,pmx,scramble,forward,3.0,False,False,none,5.0,,,,,,,,,,,,,,,,,,,,,,,,,,,,,,,,,,,,,,,,,,,
J30_1.RCP,1,156.51315789473688,0.367509126663208,GA_tournament_pmx_scramble_forward_noRepair_noElitism_none,38,activity_list,1000.0,1.0,50.0,0.9,0.1,60.0,tournament,pmx,scramble,forward,3.0,False,False,none,5.0,,,,,,,,,,,,,,,,,,,,,,,,,,,,,,,,,,,,,,,,,,,
J30_1.RCP,0,156.51315789473688,0.373049259185791,GA_tournament_pmx_scramble_forward_noRepair_noElitism_swap,38,activity_list,1000.0,0.0,50.0,0.9,0.1,60.0,tournament,pmx,scramble,forward,3.0,False,False,swap,5.0,,,,,,,,,,,,,,,,,,,,,,,,,,,,,,,,,,,,,,,,,,,
J30_1.RCP,1,156.51315789473688,0.3707449436187744,GA_tournament_pmx_scramble_forward_noRepair_noElitism_swap,38,activity_list,1000.0,1.0,50.0,0.9,0.1,60.0,tournament,pmx,scramble,forward,3.0,False,False,swap,5.0,,,,,,,,,,,,,,,,,,,,,,,,,,,,,,,,,,,,,,,,,,,
J30_1.RCP,0,156.51315789473688,0.4580118656158447,GA_tournament_order_swap_random_repair_elitism_none,38,activity_list,1000.0,0.0,50.0,0.9,0.1,60.0,tournament,order,swap,random,3.0,True,True,none,5.0,,,,,,,,,,,,,,,,,,,,,,,,,,,,,,,,,,,,,,,,,,,
J30_1.RCP,1,156.51315789473688,0.46083664894104004,GA_tournament_order_swap_random_repair_elitism_none,38,activity_list,1000.0,1.0,50.0,0.9,0.1,60.0,tournament,order,swap,random,3.0,True,True,none,5.0,,,,,,,,,,,,,,,,,,,,,,,,,,,,,,,,,,,,,,,,,,,
J30_1.RCP,0,156.51315789473688,0.47263193130493164,GA_tournament_order_swap_random_repair_elitism_swap,38,activity_list,1000.0,0.0,50.0,0.9,0.1,60.0,tournament,order,swap,random,3.0,True,True,swap,5.0,,,,,,,,,,,,,,,,,,,,,,,,,,,,,,,,,,,,,,,,,,,
J30_1.RCP,1,156.51315789473688,0.47087597846984863,GA_tournament_order_swap_random_repair_elitism_swap,38,activity_list,1000.0,1.0,50.0,0.9,0.1,60.0,tournament,order,swap,random,3.0,True,True,swap,5.0,,,,,,,,,,,,,,,,,,,,,,,,,,,,,,,,,,,,,,,,,,,
J30_1.RCP,0,156.51315789473688,0.6345157623291016,GA_tournament_order_swap_random_repair_noElitism_none,38,activity_list,1000.0,0.0,50.0,0.9,0.1,60.0,tournament,order,swap,random,3.0,True,False,none,5.0,,,,,,,,,,,,,,,,,,,,,,,,,,,,,,,,,,,,,,,,,,,
J30_1.RCP,1,156.51315789473688,0.6320290565490723,GA_tournament_order_swap_random_repair_noElitism_none,38,activity_list,1000.0,1.0,50.0,0.9,0.1,60.0,tournament,order,swap,random,3.0,True,False,none,5.0,,,,,,,,,,,,,,,,,,,,,,,,,,,,,,,,,,,,,,,,,,,
J30_1.RCP,0,156.51315789473688,0.6253261566162109,GA_tournament_order_swap_random_repair_noElitism_swap,38,activity_list,1000.0,0.0,50.0,0.9,0.1,60.0,tournament,order,swap,random,3.0,True,False,swap,5.0,,,,,,,,,,,,,,,,,,,,,,,,,,,,,,,,,,,,,,,,,,,
J30_1.RCP,1,156.51315789473688,0.6228280067443848,GA_tournament_order_swap_random_repair_noElitism_swap,38,activity_list,1000.0,1.0,50.0,0.9,0.1,60.0,tournament,order,swap,random,3.0,True,False,swap,5.0,,,,,,,,,,,,,,,,,,,,,,,,,,,,,,,,,,,,,,,,,,,
data/psplib_raw/j30/J30_1.RCP,0,10000000000.0,0.0,GA_tournament_order_swap_random_noRepair_elitism_none,38,activity_list,,,,,,,,,,,,,,,,,,,,,,,,,,,,,,,,,,,,,,,,,,,,,,,,,,,,,,,,,,
data/psplib_raw/j30/J30_1.RCP,1,10000000000.0,0.0,GA_tournament_order_swap_random_noRepair_elitism_none,38,activity_list,,,,,,,,,,,,,,,,,,,,,,,,,,,,,,,,,,,,,,,,,,,,,,,,,,,,,,,,,,
data/psplib_raw/j30/J30_1.RCP,0,10000000000.0,0.0,GA_tournament_order_swap_random_noRepair_elitism_swap,38,activity_list,,,,,,,,,,,,,,,,,,,,,,,,,,,,,,,,,,,,,,,,,,,,,,,,,,,,,,,,,,
data/psplib_raw/j30/J30_1.RCP,1,10000000000.0,0.0,GA_tournament_order_swap_random_noRepair_elitism_swap,38,activity_list,,,,,,,,,,,,,,,,,,,,,,,,,,,,,,,,,,,,,,,,,,,,,,,,,,,,,,,,,,
data/psplib_raw/j30/J30_1.RCP,0,10000000000.0,0.0,GA_tournament_order_swap_random_noRepair_noElitism_none,38,activity_list,,,,,,,,,,,,,,,,,,,,,,,,,,,,,,,,,,,,,,,,,,,,,,,,,,,,,,,,,,
data/psplib_raw/j30/J30_1.RCP,1,10000000000.0,0.0,GA_tournament_order_swap_random_noRepair_noElitism_none,38,activity_list,,,,,,,,,,,,,,,,,,,,,,,,,,,,,,,,,,,,,,,,,,,,,,,,,,,,,,,,,,
data/psplib_raw/j30/J30_1.RCP,0,10000000000.0,0.0,GA_tournament_order_swap_random_noRepair_noElitism_swap,38,activity_list,,,,,,,,,,,,,,,,,,,,,,,,,,,,,,,,,,,,,,,,,,,,,,,,,,,,,,,,,,
data/psplib_raw/j30/J30_1.RCP,1,10000000000.0,0.0,GA_tournament_order_swap_random_noRepair_noElitism_swap,38,activity_list,,,,,,,,,,,,,,,,,,,,,,,,,,,,,,,,,,,,,,,,,,,,,,,,,,,,,,,,,,
J30_1.RCP,0,156.51315789473688,0.46508097648620605,GA_tournament_order_swap_forward_repair_elitism_none,38,activity_list,1000.0,0.0,50.0,0.9,0.1,60.0,tournament,order,swap,forward,3.0,True,True,none,5.0,,,,,,,,,,,,,,,,,,,,,,,,,,,,,,,,,,,,,,,,,,,
J30_1.RCP,1,156.51315789473688,0.4673268795013428,GA_tournament_order_swap_forward_repair_elitism_none,38,activity_list,1000.0,1.0,50.0,0.9,0.1,60.0,tournament,order,swap,forward,3.0,True,True,none,5.0,,,,,,,,,,,,,,,,,,,,,,,,,,,,,,,,,,,,,,,,,,,
J30_1.RCP,0,156.51315789473688,0.48186588287353516,GA_tournament_order_swap_forward_repair_elitism_swap,38,activity_list,1000.0,0.0,50.0,0.9,0.1,60.0,tournament,order,swap,forward,3.0,True,True,swap,5.0,,,,,,,,,,,,,,,,,,,,,,,,,,,,,,,,,,,,,,,,,,,
J30_1.RCP,1,156.51315789473688,0.48406505584716797,GA_tournament_order_swap_forward_repair_elitism_swap,38,activity_list,1000.0,1.0,50.0,0.9,0.1,60.0,tournament,order,swap,forward,3.0,True,True,swap,5.0,,,,,,,,,,,,,,,,,,,,,,,,,,,,,,,,,,,,,,,,,,,
J30_1.RCP,0,156.51315789473688,0.6445813179016113,GA_tournament_order_swap_forward_repair_noElitism_none,38,activity_list,1000.0,0.0,50.0,0.9,0.1,60.0,tournament,order,swap,forward,3.0,True,False,none,5.0,,,,,,,,,,,,,,,,,,,,,,,,,,,,,,,,,,,,,,,,,,,
J30_1.RCP,1,156.51315789473688,0.6393439769744873,GA_tournament_order_swap_forward_repair_noElitism_none,38,activity_list,1000.0,1.0,50.0,0.9,0.1,60.0,tournament,order,swap,forward,3.0,True,False,none,5.0,,,,,,,,,,,,,,,,,,,,,,,,,,,,,,,,,,,,,,,,,,,
J30_1.RCP,0,156.51315789473688,0.636591911315918,GA_tournament_order_swap_forward_repair_noElitism_swap,38,activity_list,1000.0,0.0,50.0,0.9,0.1,60.0,tournament,order,swap,forward,3.0,True,False,swap,5.0,,,,,,,,,,,,,,,,,,,,,,,,,,,,,,,,,,,,,,,,,,,
J30_1.RCP,1,156.51315789473688,0.6413910388946533,GA_tournament_order_swap_forward_repair_noElitism_swap,38,activity_list,1000.0,1.0,50.0,0.9,0.1,60.0,tournament,order,swap,forward,3.0,True,False,swap,5.0,,,,,,,,,,,,,,,,,,,,,,,,,,,,,,,,,,,,,,,,,,,
data/psplib_raw/j30/J30_1.RCP,0,10000000000.0,0.0,GA_tournament_order_swap_forward_noRepair_elitism_none,38,activity_list,,,,,,,,,,,,,,,,,,,,,,,,,,,,,,,,,,,,,,,,,,,,,,,,,,,,,,,,,,
data/psplib_raw/j30/J30_1.RCP,1,10000000000.0,0.0,GA_tournament_order_swap_forward_noRepair_elitism_none,38,activity_list,,,,,,,,,,,,,,,,,,,,,,,,,,,,,,,,,,,,,,,,,,,,,,,,,,,,,,,,,,
data/psplib_raw/j30/J30_1.RCP,0,10000000000.0,0.0,GA_tournament_order_swap_forward_noRepair_elitism_swap,38,activity_list,,,,,,,,,,,,,,,,,,,,,,,,,,,,,,,,,,,,,,,,,,,,,,,,,,,,,,,,,,
data/psplib_raw/j30/J30_1.RCP,1,10000000000.0,0.0,GA_tournament_order_swap_forward_noRepair_elitism_swap,38,activity_list,,,,,,,,,,,,,,,,,,,,,,,,,,,,,,,,,,,,,,,,,,,,,,,,,,,,,,,,,,
data/psplib_raw/j30/J30_1.RCP,0,10000000000.0,0.0,GA_tournament_order_swap_forward_noRepair_noElitism_none,38,activity_list,,,,,,,,,,,,,,,,,,,,,,,,,,,,,,,,,,,,,,,,,,,,,,,,,,,,,,,,,,
data/psplib_raw/j30/J30_1.RCP,1,10000000000.0,0.0,GA_tournament_order_swap_forward_noRepair_noElitism_none,38,activity_list,,,,,,,,,,,,,,,,,,,,,,,,,,,,,,,,,,,,,,,,,,,,,,,,,,,,,,,,,,
data/psplib_raw/j30/J30_1.RCP,0,10000000000.0,0.0,GA_tournament_order_swap_forward_noRepair_noElitism_swap,38,activity_list,,,,,,,,,,,,,,,,,,,,,,,,,,,,,,,,,,,,,,,,,,,,,,,,,,,,,,,,,,
data/psplib_raw/j30/J30_1.RCP,1,10000000000.0,0.0,GA_tournament_order_swap_forward_noRepair_noElitism_swap,38,activity_list,,,,,,,,,,,,,,,,,,,,,,,,,,,,,,,,,,,,,,,,,,,,,,,,,,,,,,,,,,
J30_1.RCP,0,156.51315789473688,0.4593837261199951,GA_tournament_order_insertion_random_repair_elitism_none,38,activity_list,1000.0,0.0,50.0,0.9,0.1,60.0,tournament,order,insertion,random,3.0,True,True,none,5.0,,,,,,,,,,,,,,,,,,,,,,,,,,,,,,,,,,,,,,,,,,,
J30_1.RCP,1,156.51315789473688,0.45610880851745605,GA_tournament_order_insertion_random_repair_elitism_none,38,activity_list,1000.0,1.0,50.0,0.9,0.1,60.0,tournament,order,insertion,random,3.0,True,True,none,5.0,,,,,,,,,,,,,,,,,,,,,,,,,,,,,,,,,,,,,,,,,,,
J30_1.RCP,0,156.51315789473688,0.4733860492706299,GA_tournament_order_insertion_random_repair_elitism_swap,38,activity_list,1000.0,0.0,50.0,0.9,0.1,60.0,tournament,order,insertion,random,3.0,True,True,swap,5.0,,,,,,,,,,,,,,,,,,,,,,,,,,,,,,,,,,,,,,,,,,,
J30_1.RCP,1,156.51315789473688,0.4733998775482178,GA_tournament_order_insertion_random_repair_elitism_swap,38,activity_list,1000.0,1.0,50.0,0.9,0.1,60.0,tournament,order,insertion,random,3.0,True,True,swap,5.0,,,,,,,,,,,,,,,,,,,,,,,,,,,,,,,,,,,,,,,,,,,
J30_1.RCP,0,156.51315789473688,0.6310179233551025,GA_tournament_order_insertion_random_repair_noElitism_none,38,activity_list,1000.0,0.0,50.0,0.9,0.1,60.0,tournament,order,insertion,random,3.0,True,False,none,5.0,,,,,,,,,,,,,,,,,,,,,,,,,,,,,,,,,,,,,,,,,,,
J30_1.RCP,1,156.51315789473688,0.6313033103942871,GA_tournament_order_insertion_random_repair_noElitism_none,38,activity_list,1000.0,1.0,50.0,0.9,0.1,60.0,tournament,order,insertion,random,3.0,True,False,none,5.0,,,,,,,,,,,,,,,,,,,,,,,,,,,,,,,,,,,,,,,,,,,
J30_1.RCP,0,156.51315789473688,0.6258358955383301,GA_tournament_order_insertion_random_repair_noElitism_swap,38,activity_list,1000.0,0.0,50.0,0.9,0.1,60.0,tournament,order,insertion,random,3.0,True,False,swap,5.0,,,,,,,,,,,,,,,,,,,,,,,,,,,,,,,,,,,,,,,,,,,
J30_1.RCP,1,156.51315789473688,0.6290228366851807,GA_tournament_order_insertion_random_repair_noElitism_swap,38,activity_list,1000.0,1.0,50.0,0.9,0.1,60.0,tournament,order,insertion,random,3.0,True,False,swap,5.0,,,,,,,,,,,,,,,,,,,,,,,,,,,,,,,,,,,,,,,,,,,
data/psplib_raw/j30/J30_1.RCP,0,10000000000.0,0.0,GA_tournament_order_insertion_random_noRepair_elitism_none,38,activity_list,,,,,,,,,,,,,,,,,,,,,,,,,,,,,,,,,,,,,,,,,,,,,,,,,,,,,,,,,,
data/psplib_raw/j30/J30_1.RCP,1,10000000000.0,0.0,GA_tournament_order_insertion_random_noRepair_elitism_none,38,activity_list,,,,,,,,,,,,,,,,,,,,,,,,,,,,,,,,,,,,,,,,,,,,,,,,,,,,,,,,,,
data/psplib_raw/j30/J30_1.RCP,0,10000000000.0,0.0,GA_tournament_order_insertion_random_noRepair_elitism_swap,38,activity_list,,,,,,,,,,,,,,,,,,,,,,,,,,,,,,,,,,,,,,,,,,,,,,,,,,,,,,,,,,
data/psplib_raw/j30/J30_1.RCP,1,10000000000.0,0.0,GA_tournament_order_insertion_random_noRepair_elitism_swap,38,activity_list,,,,,,,,,,,,,,,,,,,,,,,,,,,,,,,,,,,,,,,,,,,,,,,,,,,,,,,,,,
data/psplib_raw/j30/J30_1.RCP,0,10000000000.0,0.0,GA_tournament_order_insertion_random_noRepair_noElitism_none,38,activity_list,,,,,,,,,,,,,,,,,,,,,,,,,,,,,,,,,,,,,,,,,,,,,,,,,,,,,,,,,,
data/psplib_raw/j30/J30_1.RCP,1,10000000000.0,0.0,GA_tournament_order_insertion_random_noRepair_noElitism_none,38,activity_list,,,,,,,,,,,,,,,,,,,,,,,,,,,,,,,,,,,,,,,,,,,,,,,,,,,,,,,,,,
data/psplib_raw/j30/J30_1.RCP,0,10000000000.0,0.0,GA_tournament_order_insertion_random_noRepair_noElitism_swap,38,activity_list,,,,,,,,,,,,,,,,,,,,,,,,,,,,,,,,,,,,,,,,,,,,,,,,,,,,,,,,,,
data/psplib_raw/j30/J30_1.RCP,1,10000000000.0,0.0,GA_tournament_order_insertion_random_noRepair_noElitism_swap,38,activity_list,,,,,,,,,,,,,,,,,,,,,,,,,,,,,,,,,,,,,,,,,,,,,,,,,,,,,,,,,,
J30_1.RCP,0,156.51315789473688,0.46651220321655273,GA_tournament_order_insertion_forward_repair_elitism_none,38,activity_list,1000.0,0.0,50.0,0.9,0.1,60.0,tournament,order,insertion,forward,3.0,True,True,none,5.0,,,,,,,,,,,,,,,,,,,,,,,,,,,,,,,,,,,,,,,,,,,
J30_1.RCP,1,156.51315789473688,0.4712369441986084,GA_tournament_order_insertion_forward_repair_elitism_none,38,activity_list,1000.0,1.0,50.0,0.9,0.1,60.0,tournament,order,insertion,forward,3.0,True,True,none,5.0,,,,,,,,,,,,,,,,,,,,,,,,,,,,,,,,,,,,,,,,,,,
J30_1.RCP,0,156.51315789473688,0.4820427894592285,GA_tournament_order_insertion_forward_repair_elitism_swap,38,activity_list,1000.0,0.0,50.0,0.9,0.1,60.0,tournament,order,insertion,forward,3.0,True,True,swap,5.0,,,,,,,,,,,,,,,,,,,,,,,,,,,,,,,,,,,,,,,,,,,
J30_1.RCP,1,156.51315789473688,0.4827733039855957,GA_tournament_order_insertion_forward_repair_elitism_swap,38,activity_list,1000.0,1.0,50.0,0.9,0.1,60.0,tournament,order,insertion,forward,3.0,True,True,swap,5.0,,,,,,,,,,,,,,,,,,,,,,,,,,,,,,,,,,,,,,,,,,,
J30_1.RCP,0,156.51315789473688,0.6349079608917236,GA_tournament_order_insertion_forward_repair_noElitism_none,38,activity_list,1000.0,0.0,50.0,0.9,0.1,60.0,tournament,order,insertion,forward,3.0,True,False,none,5.0,,,,,,,,,,,,,,,,,,,,,,,,,,,,,,,,,,,,,,,,,,,
J30_1.RCP,1,156.51315789473688,0.6375818252563477,GA_tournament_order_insertion_forward_repair_noElitism_none,38,activity_list,1000.0,1.0,50.0,0.9,0.1,60.0,tournament,order,insertion,forward,3.0,True,False,none,5.0,,,,,,,,,,,,,,,,,,,,,,,,,,,,,,,,,,,,,,,,,,,
J30_1.RCP,0,156.51315789473688,0.6325178146362305,GA_tournament_order_insertion_forward_repair_noElitism_swap,38,activity_list,1000.0,0.0,50.0,0.9,0.1,60.0,tournament,order,insertion,forward,3.0,True,False,swap,5.0,,,,,,,,,,,,,,,,,,,,,,,,,,,,,,,,,,,,,,,,,,,
J30_1.RCP,1,156.51315789473688,0.641355037689209,GA_tournament_order_insertion_forward_repair_noElitism_swap,38,activity_list,1000.0,1.0,50.0,0.9,0.1,60.0,tournament,order,insertion,forward,3.0,True,False,swap,5.0,,,,,,,,,,,,,,,,,,,,,,,,,,,,,,,,,,,,,,,,,,,
data/psplib_raw/j30/J30_1.RCP,0,10000000000.0,0.0,GA_tournament_order_insertion_forward_noRepair_elitism_none,38,activity_list,,,,,,,,,,,,,,,,,,,,,,,,,,,,,,,,,,,,,,,,,,,,,,,,,,,,,,,,,,
data/psplib_raw/j30/J30_1.RCP,1,10000000000.0,0.0,GA_tournament_order_insertion_forward_noRepair_elitism_none,38,activity_list,,,,,,,,,,,,,,,,,,,,,,,,,,,,,,,,,,,,,,,,,,,,,,,,,,,,,,,,,,
data/psplib_raw/j30/J30_1.RCP,0,10000000000.0,0.0,GA_tournament_order_insertion_forward_noRepair_elitism_swap,38,activity_list,,,,,,,,,,,,,,,,,,,,,,,,,,,,,,,,,,,,,,,,,,,,,,,,,,,,,,,,,,
data/psplib_raw/j30/J30_1.RCP,1,10000000000.0,0.0,GA_tournament_order_insertion_forward_noRepair_elitism_swap,38,activity_list,,,,,,,,,,,,,,,,,,,,,,,,,,,,,,,,,,,,,,,,,,,,,,,,,,,,,,,,,,
data/psplib_raw/j30/J30_1.RCP,0,10000000000.0,0.0,GA_tournament_order_insertion_forward_noRepair_noElitism_none,38,activity_list,,,,,,,,,,,,,,,,,,,,,,,,,,,,,,,,,,,,,,,,,,,,,,,,,,,,,,,,,,
data/psplib_raw/j30/J30_1.RCP,1,10000000000.0,0.0,GA_tournament_order_insertion_forward_noRepair_noElitism_none,38,activity_list,,,,,,,,,,,,,,,,,,,,,,,,,,,,,,,,,,,,,,,,,,,,,,,,,,,,,,,,,,
data/psplib_raw/j30/J30_1.RCP,0,10000000000.0,0.0,GA_tournament_order_insertion_forward_noRepair_noElitism_swap,38,activity_list,,,,,,,,,,,,,,,,,,,,,,,,,,,,,,,,,,,,,,,,,,,,,,,,,,,,,,,,,,
data/psplib_raw/j30/J30_1.RCP,1,10000000000.0,0.0,GA_tournament_order_insertion_forward_noRepair_noElitism_swap,38,activity_list,,,,,,,,,,,,,,,,,,,,,,,,,,,,,,,,,,,,,,,,,,,,,,,,,,,,,,,,,,
J30_1.RCP,0,156.51315789473688,0.4579892158508301,GA_tournament_order_inversion_random_repair_elitism_none,38,activity_list,1000.0,0.0,50.0,0.9,0.1,60.0,tournament,order,inversion,random,3.0,True,True,none,5.0,,,,,,,,,,,,,,,,,,,,,,,,,,,,,,,,,,,,,,,,,,,
J30_1.RCP,1,156.51315789473688,0.46520495414733887,GA_tournament_order_inversion_random_repair_elitism_none,38,activity_list,1000.0,1.0,50.0,0.9,0.1,60.0,tournament,order,inversion,random,3.0,True,True,none,5.0,,,,,,,,,,,,,,,,,,,,,,,,,,,,,,,,,,,,,,,,,,,
J30_1.RCP,0,156.51315789473688,0.500770092010498,GA_tournament_order_inversion_random_repair_elitism_swap,38,activity_list,1000.0,0.0,50.0,0.9,0.1,60.0,tournament,order,inversion,random,3.0,True,True,swap,5.0,,,,,,,,,,,,,,,,,,,,,,,,,,,,,,,,,,,,,,,,,,,
J30_1.RCP,1,156.51315789473688,0.5210189819335938,GA_tournament_order_inversion_random_repair_elitism_swap,38,activity_list,1000.0,1.0,50.0,0.9,0.1,60.0,tournament,order,inversion,random,3.0,True,True,swap,5.0,,,,,,,,,,,,,,,,,,,,,,,,,,,,,,,,,,,,,,,,,,,
J30_1.RCP,0,156.51315789473688,0.6651420593261719,GA_tournament_order_inversion_random_repair_noElitism_none,38,activity_list,1000.0,0.0,50.0,0.9,0.1,60.0,tournament,order,inversion,random,3.0,True,False,none,5.0,,,,,,,,,,,,,,,,,,,,,,,,,,,,,,,,,,,,,,,,,,,
J30_1.RCP,1,156.51315789473688,0.6300222873687744,GA_tournament_order_inversion_random_repair_noElitism_none,38,activity_list,1000.0,1.0,50.0,0.9,0.1,60.0,tournament,order,inversion,random,3.0,True,False,none,5.0,,,,,,,,,,,,,,,,,,,,,,,,,,,,,,,,,,,,,,,,,,,
J30_1.RCP,0,156.51315789473688,0.6243767738342285,GA_tournament_order_inversion_random_repair_noElitism_swap,38,activity_list,1000.0,0.0,50.0,0.9,0.1,60.0,tournament,order,inversion,random,3.0,True,False,swap,5.0,,,,,,,,,,,,,,,,,,,,,,,,,,,,,,,,,,,,,,,,,,,
J30_1.RCP,1,156.51315789473688,0.6292381286621094,GA_tournament_order_inversion_random_repair_noElitism_swap,38,activity_list,1000.0,1.0,50.0,0.9,0.1,60.0,tournament,order,inversion,random,3.0,True,False,swap,5.0,,,,,,,,,,,,,,,,,,,,,,,,,,,,,,,,,,,,,,,,,,,
data/psplib_raw/j30/J30_1.RCP,0,10000000000.0,0.0,GA_tournament_order_inversion_random_noRepair_elitism_none,38,activity_list,,,,,,,,,,,,,,,,,,,,,,,,,,,,,,,,,,,,,,,,,,,,,,,,,,,,,,,,,,
data/psplib_raw/j30/J30_1.RCP,1,10000000000.0,0.0,GA_tournament_order_inversion_random_noRepair_elitism_none,38,activity_list,,,,,,,,,,,,,,,,,,,,,,,,,,,,,,,,,,,,,,,,,,,,,,,,,,,,,,,,,,
data/psplib_raw/j30/J30_1.RCP,0,10000000000.0,0.0,GA_tournament_order_inversion_random_noRepair_elitism_swap,38,activity_list,,,,,,,,,,,,,,,,,,,,,,,,,,,,,,,,,,,,,,,,,,,,,,,,,,,,,,,,,,
data/psplib_raw/j30/J30_1.RCP,1,10000000000.0,0.0,GA_tournament_order_inversion_random_noRepair_elitism_swap,38,activity_list,,,,,,,,,,,,,,,,,,,,,,,,,,,,,,,,,,,,,,,,,,,,,,,,,,,,,,,,,,
data/psplib_raw/j30/J30_1.RCP,0,10000000000.0,0.0,GA_tournament_order_inversion_random_noRepair_noElitism_none,38,activity_list,,,,,,,,,,,,,,,,,,,,,,,,,,,,,,,,,,,,,,,,,,,,,,,,,,,,,,,,,,
data/psplib_raw/j30/J30_1.RCP,1,10000000000.0,0.0,GA_tournament_order_inversion_random_noRepair_noElitism_none,38,activity_list,,,,,,,,,,,,,,,,,,,,,,,,,,,,,,,,,,,,,,,,,,,,,,,,,,,,,,,,,,
data/psplib_raw/j30/J30_1.RCP,0,10000000000.0,0.0,GA_tournament_order_inversion_random_noRepair_noElitism_swap,38,activity_list,,,,,,,,,,,,,,,,,,,,,,,,,,,,,,,,,,,,,,,,,,,,,,,,,,,,,,,,,,
data/psplib_raw/j30/J30_1.RCP,1,10000000000.0,0.0,GA_tournament_order_inversion_random_noRepair_noElitism_swap,38,activity_list,,,,,,,,,,,,,,,,,,,,,,,,,,,,,,,,,,,,,,,,,,,,,,,,,,,,,,,,,,
J30_1.RCP,0,156.51315789473688,0.46329784393310547,GA_tournament_order_inversion_forward_repair_elitism_none,38,activity_list,1000.0,0.0,50.0,0.9,0.1,60.0,tournament,order,inversion,forward,3.0,True,True,none,5.0,,,,,,,,,,,,,,,,,,,,,,,,,,,,,,,,,,,,,,,,,,,
J30_1.RCP,1,156.51315789473688,0.46527600288391113,GA_tournament_order_inversion_forward_repair_elitism_none,38,activity_list,1000.0,1.0,50.0,0.9,0.1,60.0,tournament,order,inversion,forward,3.0,True,True,none,5.0,,,,,,,,,,,,,,,,,,,,,,,,,,,,,,,,,,,,,,,,,,,
J30_1.RCP,0,156.51315789473688,0.4768061637878418,GA_tournament_order_inversion_forward_repair_elitism_swap,38,activity_list,1000.0,0.0,50.0,0.9,0.1,60.0,tournament,order,inversion,forward,3.0,True,True,swap,5.0,,,,,,,,,,,,,,,,,,,,,,,,,,,,,,,,,,,,,,,,,,,
J30_1.RCP,1,156.51315789473688,0.49109506607055664,GA_tournament_order_inversion_forward_repair_elitism_swap,38,activity_list,1000.0,1.0,50.0,0.9,0.1,60.0,tournament,order,inversion,forward,3.0,True,True,swap,5.0,,,,,,,,,,,,,,,,,,,,,,,,,,,,,,,,,,,,,,,,,,,
J30_1.RCP,0,156.51315789473688,0.6421878337860107,GA_tournament_order_inversion_forward_repair_noElitism_none,38,activity_list,1000.0,0.0,50.0,0.9,0.1,60.0,tournament,order,inversion,forward,3.0,True,False,none,5.0,,,,,,,,,,,,,,,,,,,,,,,,,,,,,,,,,,,,,,,,,,,
J30_1.RCP,1,156.51315789473688,0.6398952007293701,GA_tournament_order_inversion_forward_repair_noElitism_none,38,activity_list,1000.0,1.0,50.0,0.9,0.1,60.0,tournament,order,inversion,forward,3.0,True,False,none,5.0,,,,,,,,,,,,,,,,,,,,,,,,,,,,,,,,,,,,,,,,,,,
J30_1.RCP,0,156.51315789473688,0.6327929496765137,GA_tournament_order_inversion_forward_repair_noElitism_swap,38,activity_list,1000.0,0.0,50.0,0.9,0.1,60.0,tournament,order,inversion,forward,3.0,True,False,swap,5.0,,,,,,,,,,,,,,,,,,,,,,,,,,,,,,,,,,,,,,,,,,,
J30_1.RCP,1,156.51315789473688,0.6518919467926025,GA_tournament_order_inversion_forward_repair_noElitism_swap,38,activity_list,1000.0,1.0,50.0,0.9,0.1,60.0,tournament,order,inversion,forward,3.0,True,False,swap,5.0,,,,,,,,,,,,,,,,,,,,,,,,,,,,,,,,,,,,,,,,,,,
data/psplib_raw/j30/J30_1.RCP,0,10000000000.0,0.0,GA_tournament_order_inversion_forward_noRepair_elitism_none,38,activity_list,,,,,,,,,,,,,,,,,,,,,,,,,,,,,,,,,,,,,,,,,,,,,,,,,,,,,,,,,,
data/psplib_raw/j30/J30_1.RCP,1,10000000000.0,0.0,GA_tournament_order_inversion_forward_noRepair_elitism_none,38,activity_list,,,,,,,,,,,,,,,,,,,,,,,,,,,,,,,,,,,,,,,,,,,,,,,,,,,,,,,,,,
data/psplib_raw/j30/J30_1.RCP,0,10000000000.0,0.0,GA_tournament_order_inversion_forward_noRepair_elitism_swap,38,activity_list,,,,,,,,,,,,,,,,,,,,,,,,,,,,,,,,,,,,,,,,,,,,,,,,,,,,,,,,,,
data/psplib_raw/j30/J30_1.RCP,1,10000000000.0,0.0,GA_tournament_order_inversion_forward_noRepair_elitism_swap,38,activity_list,,,,,,,,,,,,,,,,,,,,,,,,,,,,,,,,,,,,,,,,,,,,,,,,,,,,,,,,,,
data/psplib_raw/j30/J30_1.RCP,0,10000000000.0,0.0,GA_tournament_order_inversion_forward_noRepair_noElitism_none,38,activity_list,,,,,,,,,,,,,,,,,,,,,,,,,,,,,,,,,,,,,,,,,,,,,,,,,,,,,,,,,,
data/psplib_raw/j30/J30_1.RCP,1,10000000000.0,0.0,GA_tournament_order_inversion_forward_noRepair_noElitism_none,38,activity_list,,,,,,,,,,,,,,,,,,,,,,,,,,,,,,,,,,,,,,,,,,,,,,,,,,,,,,,,,,
data/psplib_raw/j30/J30_1.RCP,0,10000000000.0,0.0,GA_tournament_order_inversion_forward_noRepair_noElitism_swap,38,activity_list,,,,,,,,,,,,,,,,,,,,,,,,,,,,,,,,,,,,,,,,,,,,,,,,,,,,,,,,,,
data/psplib_raw/j30/J30_1.RCP,1,10000000000.0,0.0,GA_tournament_order_inversion_forward_noRepair_noElitism_swap,38,activity_list,,,,,,,,,,,,,,,,,,,,,,,,,,,,,,,,,,,,,,,,,,,,,,,,,,,,,,,,,,
J30_1.RCP,0,156.51315789473688,0.45911502838134766,GA_tournament_order_scramble_random_repair_elitism_none,38,activity_list,1000.0,0.0,50.0,0.9,0.1,60.0,tournament,order,scramble,random,3.0,True,True,none,5.0,,,,,,,,,,,,,,,,,,,,,,,,,,,,,,,,,,,,,,,,,,,
J30_1.RCP,1,156.51315789473688,0.4617619514465332,GA_tournament_order_scramble_random_repair_elitism_none,38,activity_list,1000.0,1.0,50.0,0.9,0.1,60.0,tournament,order,scramble,random,3.0,True,True,none,5.0,,,,,,,,,,,,,,,,,,,,,,,,,,,,,,,,,,,,,,,,,,,
J30_1.RCP,0,156.51315789473688,0.4690859317779541,GA_tournament_order_scramble_random_repair_elitism_swap,38,activity_list,1000.0,0.0,50.0,0.9,0.1,60.0,tournament,order,scramble,random,3.0,True,True,swap,5.0,,,,,,,,,,,,,,,,,,,,,,,,,,,,,,,,,,,,,,,,,,,
J30_1.RCP,1,156.51315789473688,0.4752190113067627,GA_tournament_order_scramble_random_repair_elitism_swap,38,activity_list,1000.0,1.0,50.0,0.9,0.1,60.0,tournament,order,scramble,random,3.0,True,True,swap,5.0,,,,,,,,,,,,,,,,,,,,,,,,,,,,,,,,,,,,,,,,,,,
J30_1.RCP,0,156.51315789473688,0.627133846282959,GA_tournament_order_scramble_random_repair_noElitism_none,38,activity_list,1000.0,0.0,50.0,0.9,0.1,60.0,tournament,order,scramble,random,3.0,True,False,none,5.0,,,,,,,,,,,,,,,,,,,,,,,,,,,,,,,,,,,,,,,,,,,
J30_1.RCP,1,156.51315789473688,0.6342110633850098,GA_tournament_order_scramble_random_repair_noElitism_none,38,activity_list,1000.0,1.0,50.0,0.9,0.1,60.0,tournament,order,scramble,random,3.0,True,False,none,5.0,,,,,,,,,,,,,,,,,,,,,,,,,,,,,,,,,,,,,,,,,,,
J30_1.RCP,0,156.51315789473688,0.6283957958221436,GA_tournament_order_scramble_random_repair_noElitism_swap,38,activity_list,1000.0,0.0,50.0,0.9,0.1,60.0,tournament,order,scramble,random,3.0,True,False,swap,5.0,,,,,,,,,,,,,,,,,,,,,,,,,,,,,,,,,,,,,,,,,,,
J30_1.RCP,1,156.51315789473688,0.6302230358123779,GA_tournament_order_scramble_random_repair_noElitism_swap,38,activity_list,1000.0,1.0,50.0,0.9,0.1,60.0,tournament,order,scramble,random,3.0,True,False,swap,5.0,,,,,,,,,,,,,,,,,,,,,,,,,,,,,,,,,,,,,,,,,,,
data/psplib_raw/j30/J30_1.RCP,0,10000000000.0,0.0,GA_tournament_order_scramble_random_noRepair_elitism_none,38,activity_list,,,,,,,,,,,,,,,,,,,,,,,,,,,,,,,,,,,,,,,,,,,,,,,,,,,,,,,,,,
data/psplib_raw/j30/J30_1.RCP,1,10000000000.0,0.0,GA_tournament_order_scramble_random_noRepair_elitism_none,38,activity_list,,,,,,,,,,,,,,,,,,,,,,,,,,,,,,,,,,,,,,,,,,,,,,,,,,,,,,,,,,
data/psplib_raw/j30/J30_1.RCP,0,10000000000.0,0.0,GA_tournament_order_scramble_random_noRepair_elitism_swap,38,activity_list,,,,,,,,,,,,,,,,,,,,,,,,,,,,,,,,,,,,,,,,,,,,,,,,,,,,,,,,,,
data/psplib_raw/j30/J30_1.RCP,1,10000000000.0,0.0,GA_tournament_order_scramble_random_noRepair_elitism_swap,38,activity_list,,,,,,,,,,,,,,,,,,,,,,,,,,,,,,,,,,,,,,,,,,,,,,,,,,,,,,,,,,
data/psplib_raw/j30/J30_1.RCP,0,10000000000.0,0.0,GA_tournament_order_scramble_random_noRepair_noElitism_none,38,activity_list,,,,,,,,,,,,,,,,,,,,,,,,,,,,,,,,,,,,,,,,,,,,,,,,,,,,,,,,,,
data/psplib_raw/j30/J30_1.RCP,1,10000000000.0,0.0,GA_tournament_order_scramble_random_noRepair_noElitism_none,38,activity_list,,,,,,,,,,,,,,,,,,,,,,,,,,,,,,,,,,,,,,,,,,,,,,,,,,,,,,,,,,
data/psplib_raw/j30/J30_1.RCP,0,10000000000.0,0.0,GA_tournament_order_scramble_random_noRepair_noElitism_swap,38,activity_list,,,,,,,,,,,,,,,,,,,,,,,,,,,,,,,,,,,,,,,,,,,,,,,,,,,,,,,,,,
data/psplib_raw/j30/J30_1.RCP,1,10000000000.0,0.0,GA_tournament_order_scramble_random_noRepair_noElitism_swap,38,activity_list,,,,,,,,,,,,,,,,,,,,,,,,,,,,,,,,,,,,,,,,,,,,,,,,,,,,,,,,,,
J30_1.RCP,0,156.51315789473688,0.46680593490600586,GA_tournament_order_scramble_forward_repair_elitism_none,38,activity_list,1000.0,0.0,50.0,0.9,0.1,60.0,tournament,order,scramble,forward,3.0,True,True,none,5.0,,,,,,,,,,,,,,,,,,,,,,,,,,,,,,,,,,,,,,,,,,,
J30_1.RCP,1,156.51315789473688,0.4662330150604248,GA_tournament_order_scramble_forward_repair_elitism_none,38,activity_list,1000.0,1.0,50.0,0.9,0.1,60.0,tournament,order,scramble,forward,3.0,True,True,none,5.0,,,,,,,,,,,,,,,,,,,,,,,,,,,,,,,,,,,,,,,,,,,
J30_1.RCP,0,156.51315789473688,0.48243212699890137,GA_tournament_order_scramble_forward_repair_elitism_swap,38,activity_list,1000.0,0.0,50.0,0.9,0.1,60.0,tournament,order,scramble,forward,3.0,True,True,swap,5.0,,,,,,,,,,,,,,,,,,,,,,,,,,,,,,,,,,,,,,,,,,,
J30_1.RCP,1,156.51315789473688,0.48111605644226074,GA_tournament_order_scramble_forward_repair_elitism_swap,38,activity_list,1000.0,1.0,50.0,0.9,0.1,60.0,tournament,order,scramble,forward,3.0,True,True,swap,5.0,,,,,,,,,,,,,,,,,,,,,,,,,,,,,,,,,,,,,,,,,,,
J30_1.RCP,0,156.51315789473688,0.6348130702972412,GA_tournament_order_scramble_forward_repair_noElitism_none,38,activity_list,1000.0,0.0,50.0,0.9,0.1,60.0,tournament,order,scramble,forward,3.0,True,False,none,5.0,,,,,,,,,,,,,,,,,,,,,,,,,,,,,,,,,,,,,,,,,,,
J30_1.RCP,1,156.51315789473688,0.6375532150268555,GA_tournament_order_scramble_forward_repair_noElitism_none,38,activity_list,1000.0,1.0,50.0,0.9,0.1,60.0,tournament,order,scramble,forward,3.0,True,False,none,5.0,,,,,,,,,,,,,,,,,,,,,,,,,,,,,,,,,,,,,,,,,,,
J30_1.RCP,0,156.51315789473688,0.6345221996307373,GA_tournament_order_scramble_forward_repair_noElitism_swap,38,activity_list,1000.0,0.0,50.0,0.9,0.1,60.0,tournament,order,scramble,forward,3.0,True,False,swap,5.0,,,,,,,,,,,,,,,,,,,,,,,,,,,,,,,,,,,,,,,,,,,
J30_1.RCP,1,156.51315789473688,0.6343412399291992,GA_tournament_order_scramble_forward_repair_noElitism_swap,38,activity_list,1000.0,1.0,50.0,0.9,0.1,60.0,tournament,order,scramble,forward,3.0,True,False,swap,5.0,,,,,,,,,,,,,,,,,,,,,,,,,,,,,,,,,,,,,,,,,,,
data/psplib_raw/j30/J30_1.RCP,0,10000000000.0,0.0,GA_tournament_order_scramble_forward_noRepair_elitism_none,38,activity_list,,,,,,,,,,,,,,,,,,,,,,,,,,,,,,,,,,,,,,,,,,,,,,,,,,,,,,,,,,
data/psplib_raw/j30/J30_1.RCP,1,10000000000.0,0.0,GA_tournament_order_scramble_forward_noRepair_elitism_none,38,activity_list,,,,,,,,,,,,,,,,,,,,,,,,,,,,,,,,,,,,,,,,,,,,,,,,,,,,,,,,,,
data/psplib_raw/j30/J30_1.RCP,0,10000000000.0,0.0,GA_tournament_order_scramble_forward_noRepair_elitism_swap,38,activity_list,,,,,,,,,,,,,,,,,,,,,,,,,,,,,,,,,,,,,,,,,,,,,,,,,,,,,,,,,,
data/psplib_raw/j30/J30_1.RCP,1,10000000000.0,0.0,GA_tournament_order_scramble_forward_noRepair_elitism_swap,38,activity_list,,,,,,,,,,,,,,,,,,,,,,,,,,,,,,,,,,,,,,,,,,,,,,,,,,,,,,,,,,
data/psplib_raw/j30/J30_1.RCP,0,10000000000.0,0.0,GA_tournament_order_scramble_forward_noRepair_noElitism_none,38,activity_list,,,,,,,,,,,,,,,,,,,,,,,,,,,,,,,,,,,,,,,,,,,,,,,,,,,,,,,,,,
data/psplib_raw/j30/J30_1.RCP,1,10000000000.0,0.0,GA_tournament_order_scramble_forward_noRepair_noElitism_none,38,activity_list,,,,,,,,,,,,,,,,,,,,,,,,,,,,,,,,,,,,,,,,,,,,,,,,,,,,,,,,,,
data/psplib_raw/j30/J30_1.RCP,0,10000000000.0,0.0,GA_tournament_order_scramble_forward_noRepair_noElitism_swap,38,activity_list,,,,,,,,,,,,,,,,,,,,,,,,,,,,,,,,,,,,,,,,,,,,,,,,,,,,,,,,,,
data/psplib_raw/j30/J30_1.RCP,1,10000000000.0,0.0,GA_tournament_order_scramble_forward_noRepair_noElitism_swap,38,activity_list,,,,,,,,,,,,,,,,,,,,,,,,,,,,,,,,,,,,,,,,,,,,,,,,,,,,,,,,,,
J30_1.RCP,0,156.51315789473688,0.4415619373321533,DE_rand_1_bin_random_withLS,38,activity_list,1000.0,0.0,50.0,,,60.0,,bin,rand/1,random,,,,,,100.0,0.5,0.9,False,False,True,5.0,0.3,1.5,0.3,1.0,,,,,,,,,,,,,,,,,,,,,,,,,,,,,,,,
J30_1.RCP,1,156.51315789473688,0.44054698944091797,DE_rand_1_bin_random_withLS,38,activity_list,1000.0,1.0,50.0,,,60.0,,bin,rand/1,random,,,,,,100.0,0.5,0.9,False,False,True,5.0,0.3,1.5,0.3,1.0,,,,,,,,,,,,,,,,,,,,,,,,,,,,,,,,
J30_1.RCP,0,156.51315789473688,0.4359908103942871,DE_rand_1_bin_random_noLS,38,activity_list,1000.0,0.0,50.0,,,60.0,,bin,rand/1,random,,,,,,100.0,0.5,0.9,False,False,False,5.0,0.3,1.5,0.3,1.0,,,,,,,,,,,,,,,,,,,,,,,,,,,,,,,,
J30_1.RCP,1,156.51315789473688,0.43250608444213867,DE_rand_1_bin_random_noLS,38,activity_list,1000.0,1.0,50.0,,,60.0,,bin,rand/1,random,,,,,,100.0,0.5,0.9,False,False,False,5.0,0.3,1.5,0.3,1.0,,,,,,,,,,,,,,,,,,,,,,,,,,,,,,,,
J30_1.RCP,0,156.51315789473688,0.44748401641845703,DE_rand_1_bin_forward_withLS,38,activity_list,1000.0,0.0,50.0,,,60.0,,bin,rand/1,forward,,,,,,100.0,0.5,0.9,False,False,True,5.0,0.3,1.5,0.3,1.0,,,,,,,,,,,,,,,,,,,,,,,,,,,,,,,,
J30_1.RCP,1,156.51315789473688,0.4436068534851074,DE_rand_1_bin_forward_withLS,38,activity_list,1000.0,1.0,50.0,,,60.0,,bin,rand/1,forward,,,,,,100.0,0.5,0.9,False,False,True,5.0,0.3,1.5,0.3,1.0,,,,,,,,,,,,,,,,,,,,,,,,,,,,,,,,
J30_1.RCP,0,156.51315789473688,0.43857884407043457,DE_rand_1_bin_forward_noLS,38,activity_list,1000.0,0.0,50.0,,,60.0,,bin,rand/1,forward,,,,,,100.0,0.5,0.9,False,False,False,5.0,0.3,1.5,0.3,1.0,,,,,,,,,,,,,,,,,,,,,,,,,,,,,,,,
J30_1.RCP,1,156.51315789473688,0.4392080307006836,DE_rand_1_bin_forward_noLS,38,activity_list,1000.0,1.0,50.0,,,60.0,,bin,rand/1,forward,,,,,,100.0,0.5,0.9,False,False,False,5.0,0.3,1.5,0.3,1.0,,,,,,,,,,,,,,,,,,,,,,,,,,,,,,,,
J30_1.RCP,0,156.51315789473688,0.44121289253234863,DE_rand_1_exp_random_withLS,38,activity_list,1000.0,0.0,50.0,,,60.0,,exp,rand/1,random,,,,,,100.0,0.5,0.9,False,False,True,5.0,0.3,1.5,0.3,1.0,,,,,,,,,,,,,,,,,,,,,,,,,,,,,,,,
J30_1.RCP,1,156.51315789473688,0.44282102584838867,DE_rand_1_exp_random_withLS,38,activity_list,1000.0,1.0,50.0,,,60.0,,exp,rand/1,random,,,,,,100.0,0.5,0.9,False,False,True,5.0,0.3,1.5,0.3,1.0,,,,,,,,,,,,,,,,,,,,,,,,,,,,,,,,
J30_1.RCP,0,156.51315789473688,0.43544697761535645,DE_rand_1_exp_random_noLS,38,activity_list,1000.0,0.0,50.0,,,60.0,,exp,rand/1,random,,,,,,100.0,0.5,0.9,False,False,False,5.0,0.3,1.5,0.3,1.0,,,,,,,,,,,,,,,,,,,,,,,,,,,,,,,,
J30_1.RCP,1,156.51315789473688,0.4379599094390869,DE_rand_1_exp_random_noLS,38,activity_list,1000.0,1.0,50.0,,,60.0,,exp,rand/1,random,,,,,,100.0,0.5,0.9,False,False,False,5.0,0.3,1.5,0.3,1.0,,,,,,,,,,,,,,,,,,,,,,,,,,,,,,,,
J30_1.RCP,0,156.51315789473688,0.44736194610595703,DE_rand_1_exp_forward_withLS,38,activity_list,1000.0,0.0,50.0,,,60.0,,exp,rand/1,forward,,,,,,100.0,0.5,0.9,False,False,True,5.0,0.3,1.5,0.3,1.0,,,,,,,,,,,,,,,,,,,,,,,,,,,,,,,,
J30_1.RCP,1,156.51315789473688,0.4533991813659668,DE_rand_1_exp_forward_withLS,38,activity_list,1000.0,1.0,50.0,,,60.0,,exp,rand/1,forward,,,,,,100.0,0.5,0.9,False,False,True,5.0,0.3,1.5,0.3,1.0,,,,,,,,,,,,,,,,,,,,,,,,,,,,,,,,
J30_1.RCP,0,156.51315789473688,0.44130897521972656,DE_rand_1_exp_forward_noLS,38,activity_list,1000.0,0.0,50.0,,,60.0,,exp,rand/1,forward,,,,,,100.0,0.5,0.9,False,False,False,5.0,0.3,1.5,0.3,1.0,,,,,,,,,,,,,,,,,,,,,,,,,,,,,,,,
J30_1.RCP,1,156.51315789473688,0.440640926361084,DE_rand_1_exp_forward_noLS,38,activity_list,1000.0,1.0,50.0,,,60.0,,exp,rand/1,forward,,,,,,100.0,0.5,0.9,False,False,False,5.0,0.3,1.5,0.3,1.0,,,,,,,,,,,,,,,,,,,,,,,,,,,,,,,,
J30_1.RCP,0,156.51315789473688,0.4407081604003906,DE_best_1_bin_random_withLS,38,activity_list,1000.0,0.0,50.0,,,60.0,,bin,best/1,random,,,,,,100.0,0.5,0.9,False,False,True,5.0,0.3,1.5,0.3,1.0,,,,,,,,,,,,,,,,,,,,,,,,,,,,,,,,
J30_1.RCP,1,156.51315789473688,0.44149279594421387,DE_best_1_bin_random_withLS,38,activity_list,1000.0,1.0,50.0,,,60.0,,bin,best/1,random,,,,,,100.0,0.5,0.9,False,False,True,5.0,0.3,1.5,0.3,1.0,,,,,,,,,,,,,,,,,,,,,,,,,,,,,,,,
J30_1.RCP,0,156.51315789473688,0.4565470218658447,DE_best_1_bin_random_noLS,38,activity_list,1000.0,0.0,50.0,,,60.0,,bin,best/1,random,,,,,,100.0,0.5,0.9,False,False,False,5.0,0.3,1.5,0.3,1.0,,,,,,,,,,,,,,,,,,,,,,,,,,,,,,,,
J30_1.RCP,1,156.51315789473688,0.4334280490875244,DE_best_1_bin_random_noLS,38,activity_list,1000.0,1.0,50.0,,,60.0,,bin,best/1,random,,,,,,100.0,0.5,0.9,False,False,False,5.0,0.3,1.5,0.3,1.0,,,,,,,,,,,,,,,,,,,,,,,,,,,,,,,,
J30_1.RCP,0,156.51315789473688,0.45015406608581543,DE_best_1_bin_forward_withLS,38,activity_list,1000.0,0.0,50.0,,,60.0,,bin,best/1,forward,,,,,,100.0,0.5,0.9,False,False,True,5.0,0.3,1.5,0.3,1.0,,,,,,,,,,,,,,,,,,,,,,,,,,,,,,,,
J30_1.RCP,1,156.51315789473688,0.4539670944213867,DE_best_1_bin_forward_withLS,38,activity_list,1000.0,1.0,50.0,,,60.0,,bin,best/1,forward,,,,,,100.0,0.5,0.9,False,False,True,5.0,0.3,1.5,0.3,1.0,,,,,,,,,,,,,,,,,,,,,,,,,,,,,,,,
J30_1.RCP,0,156.51315789473688,0.5254771709442139,DE_best_1_bin_forward_noLS,38,activity_list,1000.0,0.0,50.0,,,60.0,,bin,best/1,forward,,,,,,100.0,0.5,0.9,False,False,False,5.0,0.3,1.5,0.3,1.0,,,,,,,,,,,,,,,,,,,,,,,,,,,,,,,,
J30_1.RCP,1,156.51315789473688,0.45301032066345215,DE_best_1_bin_forward_noLS,38,activity_list,1000.0,1.0,50.0,,,60.0,,bin,best/1,forward,,,,,,100.0,0.5,0.9,False,False,False,5.0,0.3,1.5,0.3,1.0,,,,,,,,,,,,,,,,,,,,,,,,,,,,,,,,
J30_1.RCP,0,156.51315789473688,0.45021820068359375,DE_best_1_exp_random_withLS,38,activity_list,1000.0,0.0,50.0,,,60.0,,exp,best/1,random,,,,,,100.0,0.5,0.9,False,False,True,5.0,0.3,1.5,0.3,1.0,,,,,,,,,,,,,,,,,,,,,,,,,,,,,,,,
J30_1.RCP,1,156.51315789473688,0.4599039554595947,DE_best_1_exp_random_withLS,38,activity_list,1000.0,1.0,50.0,,,60.0,,exp,best/1,random,,,,,,100.0,0.5,0.9,False,False,True,5.0,0.3,1.5,0.3,1.0,,,,,,,,,,,,,,,,,,,,,,,,,,,,,,,,
J30_1.RCP,0,156.51315789473688,0.43539929389953613,DE_best_1_exp_random_noLS,38,activity_list,1000.0,0.0,50.0,,,60.0,,exp,best/1,random,,,,,,100.0,0.5,0.9,False,False,False,5.0,0.3,1.5,0.3,1.0,,,,,,,,,,,,,,,,,,,,,,,,,,,,,,,,
J30_1.RCP,1,156.51315789473688,0.44217967987060547,DE_best_1_exp_random_noLS,38,activity_list,1000.0,1.0,50.0,,,60.0,,exp,best/1,random,,,,,,100.0,0.5,0.9,False,False,False,5.0,0.3,1.5,0.3,1.0,,,,,,,,,,,,,,,,,,,,,,,,,,,,,,,,
J30_1.RCP,0,156.51315789473688,0.4855530261993408,DE_best_1_exp_forward_withLS,38,activity_list,1000.0,0.0,50.0,,,60.0,,exp,best/1,forward,,,,,,100.0,0.5,0.9,False,False,True,5.0,0.3,1.5,0.3,1.0,,,,,,,,,,,,,,,,,,,,,,,,,,,,,,,,
J30_1.RCP,1,156.51315789473688,0.4785301685333252,DE_best_1_exp_forward_withLS,38,activity_list,1000.0,1.0,50.0,,,60.0,,exp,best/1,forward,,,,,,100.0,0.5,0.9,False,False,True,5.0,0.3,1.5,0.3,1.0,,,,,,,,,,,,,,,,,,,,,,,,,,,,,,,,
J30_1.RCP,0,156.51315789473688,0.4500880241394043,DE_best_1_exp_forward_noLS,38,activity_list,1000.0,0.0,50.0,,,60.0,,exp,best/1,forward,,,,,,100.0,0.5,0.9,False,False,False,5.0,0.3,1.5,0.3,1.0,,,,,,,,,,,,,,,,,,,,,,,,,,,,,,,,
J30_1.RCP,1,156.51315789473688,0.4590451717376709,DE_best_1_exp_forward_noLS,38,activity_list,1000.0,1.0,50.0,,,60.0,,exp,best/1,forward,,,,,,100.0,0.5,0.9,False,False,False,5.0,0.3,1.5,0.3,1.0,,,,,,,,,,,,,,,,,,,,,,,,,,,,,,,,
J30_1.RCP,0,156.51315789473688,0.44471192359924316,DE_rand_2_bin_random_withLS,38,activity_list,1000.0,0.0,50.0,,,60.0,,bin,rand/2,random,,,,,,100.0,0.5,0.9,False,False,True,5.0,0.3,1.5,0.3,1.0,,,,,,,,,,,,,,,,,,,,,,,,,,,,,,,,
J30_1.RCP,1,156.51315789473688,0.4416618347167969,DE_rand_2_bin_random_withLS,38,activity_list,1000.0,1.0,50.0,,,60.0,,bin,rand/2,random,,,,,,100.0,0.5,0.9,False,False,True,5.0,0.3,1.5,0.3,1.0,,,,,,,,,,,,,,,,,,,,,,,,,,,,,,,,
J30_1.RCP,0,156.51315789473688,0.4363288879394531,DE_rand_2_bin_random_noLS,38,activity_list,1000.0,0.0,50.0,,,60.0,,bin,rand/2,random,,,,,,100.0,0.5,0.9,False,False,False,5.0,0.3,1.5,0.3,1.0,,,,,,,,,,,,,,,,,,,,,,,,,,,,,,,,
J30_1.RCP,1,156.51315789473688,0.44093990325927734,DE_rand_2_bin_random_noLS,38,activity_list,1000.0,1.0,50.0,,,60.0,,bin,rand/2,random,,,,,,100.0,0.5,0.9,False,False,False,5.0,0.3,1.5,0.3,1.0,,,,,,,,,,,,,,,,,,,,,,,,,,,,,,,,
J30_1.RCP,0,156.51315789473688,0.4556539058685303,DE_rand_2_bin_forward_withLS,38,activity_list,1000.0,0.0,50.0,,,60.0,,bin,rand/2,forward,,,,,,100.0,0.5,0.9,False,False,True,5.0,0.3,1.5,0.3,1.0,,,,,,,,,,,,,,,,,,,,,,,,,,,,,,,,
J30_1.RCP,1,156.51315789473688,0.45011091232299805,DE_rand_2_bin_forward_withLS,38,activity_list,1000.0,1.0,50.0,,,60.0,,bin,rand/2,forward,,,,,,100.0,0.5,0.9,False,False,True,5.0,0.3,1.5,0.3,1.0,,,,,,,,,,,,,,,,,,,,,,,,,,,,,,,,
J30_1.RCP,0,156.51315789473688,0.4364330768585205,DE_rand_2_bin_forward_noLS,38,activity_list,1000.0,0.0,50.0,,,60.0,,bin,rand/2,forward,,,,,,100.0,0.5,0.9,False,False,False,5.0,0.3,1.5,0.3,1.0,,,,,,,,,,,,,,,,,,,,,,,,,,,,,,,,
J30_1.RCP,1,156.51315789473688,0.44072818756103516,DE_rand_2_bin_forward_noLS,38,activity_list,1000.0,1.0,50.0,,,60.0,,bin,rand/2,forward,,,,,,100.0,0.5,0.9,False,False,False,5.0,0.3,1.5,0.3,1.0,,,,,,,,,,,,,,,,,,,,,,,,,,,,,,,,
J30_1.RCP,0,156.51315789473688,0.4468989372253418,DE_rand_2_exp_random_withLS,38,activity_list,1000.0,0.0,50.0,,,60.0,,exp,rand/2,random,,,,,,100.0,0.5,0.9,False,False,True,5.0,0.3,1.5,0.3,1.0,,,,,,,,,,,,,,,,,,,,,,,,,,,,,,,,
J30_1.RCP,1,156.51315789473688,0.4476001262664795,DE_rand_2_exp_random_withLS,38,activity_list,1000.0,1.0,50.0,,,60.0,,exp,rand/2,random,,,,,,100.0,0.5,0.9,False,False,True,5.0,0.3,1.5,0.3,1.0,,,,,,,,,,,,,,,,,,,,,,,,,,,,,,,,
J30_1.RCP,0,156.51315789473688,0.44153809547424316,DE_rand_2_exp_random_noLS,38,activity_list,1000.0,0.0,50.0,,,60.0,,exp,rand/2,random,,,,,,100.0,0.5,0.9,False,False,False,5.0,0.3,1.5,0.3,1.0,,,,,,,,,,,,,,,,,,,,,,,,,,,,,,,,
J30_1.RCP,1,156.51315789473688,0.4657008647918701,DE_rand_2_exp_random_noLS,38,activity_list,1000.0,1.0,50.0,,,60.0,,exp,rand/2,random,,,,,,100.0,0.5,0.9,False,False,False,5.0,0.3,1.5,0.3,1.0,,,,,,,,,,,,,,,,,,,,,,,,,,,,,,,,
J30_1.RCP,0,156.51315789473688,0.47455430030822754,DE_rand_2_exp_forward_withLS,38,activity_list,1000.0,0.0,50.0,,,60.0,,exp,rand/2,forward,,,,,,100.0,0.5,0.9,False,False,True,5.0,0.3,1.5,0.3,1.0,,,,,,,,,,,,,,,,,,,,,,,,,,,,,,,,
J30_1.RCP,1,156.51315789473688,0.45379185676574707,DE_rand_2_exp_forward_withLS,38,activity_list,1000.0,1.0,50.0,,,60.0,,exp,rand/2,forward,,,,,,100.0,0.5,0.9,False,False,True,5.0,0.3,1.5,0.3,1.0,,,,,,,,,,,,,,,,,,,,,,,,,,,,,,,,
J30_1.RCP,0,156.51315789473688,0.44609713554382324,DE_rand_2_exp_forward_noLS,38,activity_list,1000.0,0.0,50.0,,,60.0,,exp,rand/2,forward,,,,,,100.0,0.5,0.9,False,False,False,5.0,0.3,1.5,0.3,1.0,,,,,,,,,,,,,,,,,,,,,,,,,,,,,,,,
J30_1.RCP,1,156.51315789473688,0.45258474349975586,DE_rand_2_exp_forward_noLS,38,activity_list,1000.0,1.0,50.0,,,60.0,,exp,rand/2,forward,,,,,,100.0,0.5,0.9,False,False,False,5.0,0.3,1.5,0.3,1.0,,,,,,,,,,,,,,,,,,,,,,,,,,,,,,,,
J30_1.RCP,0,156.51315789473688,0.4408142566680908,DE_best_2_bin_random_withLS,38,activity_list,1000.0,0.0,50.0,,,60.0,,bin,best/2,random,,,,,,100.0,0.5,0.9,False,False,True,5.0,0.3,1.5,0.3,1.0,,,,,,,,,,,,,,,,,,,,,,,,,,,,,,,,
J30_1.RCP,1,156.51315789473688,0.4399600028991699,DE_best_2_bin_random_withLS,38,activity_list,1000.0,1.0,50.0,,,60.0,,bin,best/2,random,,,,,,100.0,0.5,0.9,False,False,True,5.0,0.3,1.5,0.3,1.0,,,,,,,,,,,,,,,,,,,,,,,,,,,,,,,,
J30_1.RCP,0,156.51315789473688,0.43216991424560547,DE_best_2_bin_random_noLS,38,activity_list,1000.0,0.0,50.0,,,60.0,,bin,best/2,random,,,,,,100.0,0.5,0.9,False,False,False,5.0,0.3,1.5,0.3,1.0,,,,,,,,,,,,,,,,,,,,,,,,,,,,,,,,
J30_1.RCP,1,156.51315789473688,0.4349040985107422,DE_best_2_bin_random_noLS,38,activity_list,1000.0,1.0,50.0,,,60.0,,bin,best/2,random,,,,,,100.0,0.5,0.9,False,False,False,5.0,0.3,1.5,0.3,1.0,,,,,,,,,,,,,,,,,,,,,,,,,,,,,,,,
J30_1.RCP,0,156.51315789473688,0.45146775245666504,DE_best_2_bin_forward_withLS,38,activity_list,1000.0,0.0,50.0,,,60.0,,bin,best/2,forward,,,,,,100.0,0.5,0.9,False,False,True,5.0,0.3,1.5,0.3,1.0,,,,,,,,,,,,,,,,,,,,,,,,,,,,,,,,
J30_1.RCP,1,156.51315789473688,0.4536149501800537,DE_best_2_bin_forward_withLS,38,activity_list,1000.0,1.0,50.0,,,60.0,,bin,best/2,forward,,,,,,100.0,0.5,0.9,False,False,True,5.0,0.3,1.5,0.3,1.0,,,,,,,,,,,,,,,,,,,,,,,,,,,,,,,,
J30_1.RCP,0,156.51315789473688,0.4463207721710205,DE_best_2_bin_forward_noLS,38,activity_list,1000.0,0.0,50.0,,,60.0,,bin,best/2,forward,,,,,,100.0,0.5,0.9,False,False,False,5.0,0.3,1.5,0.3,1.0,,,,,,,,,,,,,,,,,,,,,,,,,,,,,,,,
J30_1.RCP,1,156.51315789473688,0.44666600227355957,DE_best_2_bin_forward_noLS,38,activity_list,1000.0,1.0,50.0,,,60.0,,bin,best/2,forward,,,,,,100.0,0.5,0.9,False,False,False,5.0,0.3,1.5,0.3,1.0,,,,,,,,,,,,,,,,,,,,,,,,,,,,,,,,
J30_1.RCP,0,156.51315789473688,0.4475746154785156,DE_best_2_exp_random_withLS,38,activity_list,1000.0,0.0,50.0,,,60.0,,exp,best/2,random,,,,,,100.0,0.5,0.9,False,False,True,5.0,0.3,1.5,0.3,1.0,,,,,,,,,,,,,,,,,,,,,,,,,,,,,,,,
J30_1.RCP,1,156.51315789473688,0.4502992630004883,DE_best_2_exp_random_withLS,38,activity_list,1000.0,1.0,50.0,,,60.0,,exp,best/2,random,,,,,,100.0,0.5,0.9,False,False,True,5.0,0.3,1.5,0.3,1.0,,,,,,,,,,,,,,,,,,,,,,,,,,,,,,,,
J30_1.RCP,0,156.51315789473688,0.44730496406555176,DE_best_2_exp_random_noLS,38,activity_list,1000.0,0.0,50.0,,,60.0,,exp,best/2,random,,,,,,100.0,0.5,0.9,False,False,False,5.0,0.3,1.5,0.3,1.0,,,,,,,,,,,,,,,,,,,,,,,,,,,,,,,,
J30_1.RCP,1,156.51315789473688,0.44468188285827637,DE_best_2_exp_random_noLS,38,activity_list,1000.0,1.0,50.0,,,60.0,,exp,best/2,random,,,,,,100.0,0.5,0.9,False,False,False,5.0,0.3,1.5,0.3,1.0,,,,,,,,,,,,,,,,,,,,,,,,,,,,,,,,
J30_1.RCP,0,156.51315789473688,0.45891809463500977,DE_best_2_exp_forward_withLS,38,activity_list,1000.0,0.0,50.0,,,60.0,,exp,best/2,forward,,,,,,100.0,0.5,0.9,False,False,True,5.0,0.3,1.5,0.3,1.0,,,,,,,,,,,,,,,,,,,,,,,,,,,,,,,,
J30_1.RCP,1,156.51315789473688,0.4571709632873535,DE_best_2_exp_forward_withLS,38,activity_list,1000.0,1.0,50.0,,,60.0,,exp,best/2,forward,,,,,,100.0,0.5,0.9,False,False,True,5.0,0.3,1.5,0.3,1.0,,,,,,,,,,,,,,,,,,,,,,,,,,,,,,,,
J30_1.RCP,0,156.51315789473688,0.44776129722595215,DE_best_2_exp_forward_noLS,38,activity_list,1000.0,0.0,50.0,,,60.0,,exp,best/2,forward,,,,,,100.0,0.5,0.9,False,False,False,5.0,0.3,1.5,0.3,1.0,,,,,,,,,,,,,,,,,,,,,,,,,,,,,,,,
J30_1.RCP,1,156.51315789473688,0.4429659843444824,DE_best_2_exp_forward_noLS,38,activity_list,1000.0,1.0,50.0,,,60.0,,exp,best/2,forward,,,,,,100.0,0.5,0.9,False,False,False,5.0,0.3,1.5,0.3,1.0,,,,,,,,,,,,,,,,,,,,,,,,,,,,,,,,
J30_1.RCP,0,156.51315789473688,0.4443819522857666,DE_current-to-best_1_bin_random_withLS,38,activity_list,1000.0,0.0,50.0,,,60.0,,bin,current-to-best/1,random,,,,,,100.0,0.5,0.9,False,False,True,5.0,0.3,1.5,0.3,1.0,,,,,,,,,,,,,,,,,,,,,,,,,,,,,,,,
J30_1.RCP,1,156.51315789473688,0.4467599391937256,DE_current-to-best_1_bin_random_withLS,38,activity_list,1000.0,1.0,50.0,,,60.0,,bin,current-to-best/1,random,,,,,,100.0,0.5,0.9,False,False,True,5.0,0.3,1.5,0.3,1.0,,,,,,,,,,,,,,,,,,,,,,,,,,,,,,,,
J30_1.RCP,0,156.51315789473688,0.43668198585510254,DE_current-to-best_1_bin_random_noLS,38,activity_list,1000.0,0.0,50.0,,,60.0,,bin,current-to-best/1,random,,,,,,100.0,0.5,0.9,False,False,False,5.0,0.3,1.5,0.3,1.0,,,,,,,,,,,,,,,,,,,,,,,,,,,,,,,,
J30_1.RCP,1,156.51315789473688,0.43926191329956055,DE_current-to-best_1_bin_random_noLS,38,activity_list,1000.0,1.0,50.0,,,60.0,,bin,current-to-best/1,random,,,,,,100.0,0.5,0.9,False,False,False,5.0,0.3,1.5,0.3,1.0,,,,,,,,,,,,,,,,,,,,,,,,,,,,,,,,
J30_1.RCP,0,156.51315789473688,0.44814395904541016,DE_current-to-best_1_bin_forward_withLS,38,activity_list,1000.0,0.0,50.0,,,60.0,,bin,current-to-best/1,forward,,,,,,100.0,0.5,0.9,False,False,True,5.0,0.3,1.5,0.3,1.0,,,,,,,,,,,,,,,,,,,,,,,,,,,,,,,,
J30_1.RCP,1,156.51315789473688,0.45284295082092285,DE_current-to-best_1_bin_forward_withLS,38,activity_list,1000.0,1.0,50.0,,,60.0,,bin,current-to-best/1,forward,,,,,,100.0,0.5,0.9,False,False,True,5.0,0.3,1.5,0.3,1.0,,,,,,,,,,,,,,,,,,,,,,,,,,,,,,,,
J30_1.RCP,0,156.51315789473688,0.4428529739379883,DE_current-to-best_1_bin_forward_noLS,38,activity_list,1000.0,0.0,50.0,,,60.0,,bin,current-to-best/1,forward,,,,,,100.0,0.5,0.9,False,False,False,5.0,0.3,1.5,0.3,1.0,,,,,,,,,,,,,,,,,,,,,,,,,,,,,,,,
J30_1.RCP,1,156.51315789473688,0.45295286178588867,DE_current-to-best_1_bin_forward_noLS,38,activity_list,1000.0,1.0,50.0,,,60.0,,bin,current-to-best/1,forward,,,,,,100.0,0.5,0.9,False,False,False,5.0,0.3,1.5,0.3,1.0,,,,,,,,,,,,,,,,,,,,,,,,,,,,,,,,
J30_1.RCP,0,156.51315789473688,0.45678114891052246,DE_current-to-best_1_exp_random_withLS,38,activity_list,1000.0,0.0,50.0,,,60.0,,exp,current-to-best/1,random,,,,,,100.0,0.5,0.9,False,False,True,5.0,0.3,1.5,0.3,1.0,,,,,,,,,,,,,,,,,,,,,,,,,,,,,,,,
J30_1.RCP,1,156.51315789473688,0.45492100715637207,DE_current-to-best_1_exp_random_withLS,38,activity_list,1000.0,1.0,50.0,,,60.0,,exp,current-to-best/1,random,,,,,,100.0,0.5,0.9,False,False,True,5.0,0.3,1.5,0.3,1.0,,,,,,,,,,,,,,,,,,,,,,,,,,,,,,,,
J30_1.RCP,0,156.51315789473688,0.46326494216918945,DE_current-to-best_1_exp_random_noLS,38,activity_list,1000.0,0.0,50.0,,,60.0,,exp,current-to-best/1,random,,,,,,100.0,0.5,0.9,False,False,False,5.0,0.3,1.5,0.3,1.0,,,,,,,,,,,,,,,,,,,,,,,,,,,,,,,,
J30_1.RCP,1,156.51315789473688,0.44272398948669434,DE_current-to-best_1_exp_random_noLS,38,activity_list,1000.0,1.0,50.0,,,60.0,,exp,current-to-best/1,random,,,,,,100.0,0.5,0.9,False,False,False,5.0,0.3,1.5,0.3,1.0,,,,,,,,,,,,,,,,,,,,,,,,,,,,,,,,
J30_1.RCP,0,156.51315789473688,0.4580109119415283,DE_current-to-best_1_exp_forward_withLS,38,activity_list,1000.0,0.0,50.0,,,60.0,,exp,current-to-best/1,forward,,,,,,100.0,0.5,0.9,False,False,True,5.0,0.3,1.5,0.3,1.0,,,,,,,,,,,,,,,,,,,,,,,,,,,,,,,,
J30_1.RCP,1,156.51315789473688,0.4568960666656494,DE_current-to-best_1_exp_forward_withLS,38,activity_list,1000.0,1.0,50.0,,,60.0,,exp,current-to-best/1,forward,,,,,,100.0,0.5,0.9,False,False,True,5.0,0.3,1.5,0.3,1.0,,,,,,,,,,,,,,,,,,,,,,,,,,,,,,,,
J30_1.RCP,0,156.51315789473688,0.4537081718444824,DE_current-to-best_1_exp_forward_noLS,38,activity_list,1000.0,0.0,50.0,,,60.0,,exp,current-to-best/1,forward,,,,,,100.0,0.5,0.9,False,False,False,5.0,0.3,1.5,0.3,1.0,,,,,,,,,,,,,,,,,,,,,,,,,,,,,,,,
J30_1.RCP,1,156.51315789473688,0.44765186309814453,DE_current-to-best_1_exp_forward_noLS,38,activity_list,1000.0,1.0,50.0,,,60.0,,exp,current-to-best/1,forward,,,,,,100.0,0.5,0.9,False,False,False,5.0,0.3,1.5,0.3,1.0,,,,,,,,,,,,,,,,,,,,,,,,,,,,,,,,
J30_1.RCP,0,156.51315789473688,0.44794607162475586,DE_adaptive_bin_random_withLS,38,activity_list,1000.0,0.0,50.0,,,60.0,,bin,adaptive,random,,,,,,100.0,0.5,0.9,False,False,True,5.0,0.3,1.5,0.3,1.0,,,,,,,,,,,,,,,,,,,,,,,,,,,,,,,,
J30_1.RCP,1,156.51315789473688,0.49999213218688965,DE_adaptive_bin_random_withLS,38,activity_list,1000.0,1.0,50.0,,,60.0,,bin,adaptive,random,,,,,,100.0,0.5,0.9,False,False,True,5.0,0.3,1.5,0.3,1.0,,,,,,,,,,,,,,,,,,,,,,,,,,,,,,,,
J30_1.RCP,0,156.51315789473688,0.5318379402160645,DE_adaptive_bin_random_noLS,38,activity_list,1000.0,0.0,50.0,,,60.0,,bin,adaptive,random,,,,,,100.0,0.5,0.9,False,False,False,5.0,0.3,1.5,0.3,1.0,,,,,,,,,,,,,,,,,,,,,,,,,,,,,,,,
J30_1.RCP,1,156.51315789473688,0.8595221042633057,DE_adaptive_bin_random_noLS,38,activity_list,1000.0,1.0,50.0,,,60.0,,bin,adaptive,random,,,,,,100.0,0.5,0.9,False,False,False,5.0,0.3,1.5,0.3,1.0,,,,,,,,,,,,,,,,,,,,,,,,,,,,,,,,
J30_1.RCP,0,156.51315789473688,0.5811488628387451,DE_adaptive_bin_forward_withLS,38,activity_list,1000.0,0.0,50.0,,,60.0,,bin,adaptive,forward,,,,,,100.0,0.5,0.9,False,False,True,5.0,0.3,1.5,0.3,1.0,,,,,,,,,,,,,,,,,,,,,,,,,,,,,,,,
J30_1.RCP,1,156.51315789473688,0.4717428684234619,DE_adaptive_bin_forward_withLS,38,activity_list,1000.0,1.0,50.0,,,60.0,,bin,adaptive,forward,,,,,,100.0,0.5,0.9,False,False,True,5.0,0.3,1.5,0.3,1.0,,,,,,,,,,,,,,,,,,,,,,,,,,,,,,,,
J30_1.RCP,0,156.51315789473688,0.45560693740844727,DE_adaptive_bin_forward_noLS,38,activity_list,1000.0,0.0,50.0,,,60.0,,bin,adaptive,forward,,,,,,100.0,0.5,0.9,False,False,False,5.0,0.3,1.5,0.3,1.0,,,,,,,,,,,,,,,,,,,,,,,,,,,,,,,,
J30_1.RCP,1,156.51315789473688,0.44405293464660645,DE_adaptive_bin_forward_noLS,38,activity_list,1000.0,1.0,50.0,,,60.0,,bin,adaptive,forward,,,,,,100.0,0.5,0.9,False,False,False,5.0,0.3,1.5,0.3,1.0,,,,,,,,,,,,,,,,,,,,,,,,,,,,,,,,
J30_1.RCP,0,156.51315789473688,0.45444512367248535,DE_adaptive_exp_random_withLS,38,activity_list,1000.0,0.0,50.0,,,60.0,,exp,adaptive,random,,,,,,100.0,0.5,0.9,False,False,True,5.0,0.3,1.5,0.3,1.0,,,,,,,,,,,,,,,,,,,,,,,,,,,,,,,,
J30_1.RCP,1,156.51315789473688,0.4513692855834961,DE_adaptive_exp_random_withLS,38,activity_list,1000.0,1.0,50.0,,,60.0,,exp,adaptive,random,,,,,,100.0,0.5,0.9,False,False,True,5.0,0.3,1.5,0.3,1.0,,,,,,,,,,,,,,,,,,,,,,,,,,,,,,,,
J30_1.RCP,0,156.51315789473688,0.4418818950653076,DE_adaptive_exp_random_noLS,38,activity_list,1000.0,0.0,50.0,,,60.0,,exp,adaptive,random,,,,,,100.0,0.5,0.9,False,False,False,5.0,0.3,1.5,0.3,1.0,,,,,,,,,,,,,,,,,,,,,,,,,,,,,,,,
J30_1.RCP,1,156.51315789473688,0.44149303436279297,DE_adaptive_exp_random_noLS,38,activity_list,1000.0,1.0,50.0,,,60.0,,exp,adaptive,random,,,,,,100.0,0.5,0.9,False,False,False,5.0,0.3,1.5,0.3,1.0,,,,,,,,,,,,,,,,,,,,,,,,,,,,,,,,
J30_1.RCP,0,156.51315789473688,0.4584159851074219,DE_adaptive_exp_forward_withLS,38,activity_list,1000.0,0.0,50.0,,,60.0,,exp,adaptive,forward,,,,,,100.0,0.5,0.9,False,False,True,5.0,0.3,1.5,0.3,1.0,,,,,,,,,,,,,,,,,,,,,,,,,,,,,,,,
J30_1.RCP,1,156.51315789473688,0.4659557342529297,DE_adaptive_exp_forward_withLS,38,activity_list,1000.0,1.0,50.0,,,60.0,,exp,adaptive,forward,,,,,,100.0,0.5,0.9,False,False,True,5.0,0.3,1.5,0.3,1.0,,,,,,,,,,,,,,,,,,,,,,,,,,,,,,,,
J30_1.RCP,0,156.51315789473688,0.4530489444732666,DE_adaptive_exp_forward_noLS,38,activity_list,1000.0,0.0,50.0,,,60.0,,exp,adaptive,forward,,,,,,100.0,0.5,0.9,False,False,False,5.0,0.3,1.5,0.3,1.0,,,,,,,,,,,,,,,,,,,,,,,,,,,,,,,,
J30_1.RCP,1,156.51315789473688,0.457719087600708,DE_adaptive_exp_forward_noLS,38,activity_list,1000.0,1.0,50.0,,,60.0,,exp,adaptive,forward,,,,,,100.0,0.5,0.9,False,False,False,5.0,0.3,1.5,0.3,1.0,,,,,,,,,,,,,,,,,,,,,,,,,,,,,,,,
J30_1.RCP,0,156.51315789473688,0.4738810062408447,PR_forward_best_withLS,38,activity_list,1000.0,0.0,,,,60.0,best,,,,,,,,,100.0,,,,,True,,,,,,10.0,forward,50.0,,,,,,,,,,,,,,,,,,,,,,,,,,,,,
J30_1.RCP,1,156.51315789473688,0.4753117561340332,PR_forward_best_withLS,38,activity_list,1000.0,1.0,,,,60.0,best,,,,,,,,,100.0,,,,,True,,,,,,10.0,forward,50.0,,,,,,,,,,,,,,,,,,,,,,,,,,,,,
J30_1.RCP,0,156.51315789473688,0.4760918617248535,PR_forward_best_noLS,38,activity_list,1000.0,0.0,,,,60.0,best,,,,,,,,,100.0,,,,,False,,,,,,10.0,forward,50.0,,,,,,,,,,,,,,,,,,,,,,,,,,,,,
J30_1.RCP,1,156.51315789473688,0.4728429317474365,PR_forward_best_noLS,38,activity_list,1000.0,1.0,,,,60.0,best,,,,,,,,,100.0,,,,,False,,,,,,10.0,forward,50.0,,,,,,,,,,,,,,,,,,,,,,,,,,,,,
J30_1.RCP,0,156.51315789473688,0.48754405975341797,PR_forward_random_two_withLS,38,activity_list,1000.0,0.0,,,,60.0,random_two,,,,,,,,,100.0,,,,,True,,,,,,10.0,forward,50.0,,,,,,,,,,,,,,,,,,,,,,,,,,,,,
J30_1.RCP,1,156.51315789473688,0.4819629192352295,PR_forward_random_two_withLS,38,activity_list,1000.0,1.0,,,,60.0,random_two,,,,,,,,,100.0,,,,,True,,,,,,10.0,forward,50.0,,,,,,,,,,,,,,,,,,,,,,,,,,,,,
J30_1.RCP,0,156.51315789473688,0.10761594772338867,PR_forward_random_two_noLS,38,activity_list,1000.0,0.0,,,,60.0,random_two,,,,,,,,,100.0,,,,,False,,,,,,10.0,forward,50.0,,,,,,,,,,,,,,,,,,,,,,,,,,,,,
J30_1.RCP,1,156.51315789473688,0.10559296607971191,PR_forward_random_two_noLS,38,activity_list,1000.0,1.0,,,,60.0,random_two,,,,,,,,,100.0,,,,,False,,,,,,10.0,forward,50.0,,,,,,,,,,,,,,,,,,,,,,,,,,,,,
J30_1.RCP,0,156.51315789473688,0.465559720993042,PR_backward_best_withLS,38,activity_list,1000.0,0.0,,,,60.0,best,,,,,,,,,100.0,,,,,True,,,,,,10.0,backward,50.0,,,,,,,,,,,,,,,,,,,,,,,,,,,,,
J30_1.RCP,1,156.51315789473688,0.47652292251586914,PR_backward_best_withLS,38,activity_list,1000.0,1.0,,,,60.0,best,,,,,,,,,100.0,,,,,True,,,,,,10.0,backward,50.0,,,,,,,,,,,,,,,,,,,,,,,,,,,,,
J30_1.RCP,0,156.51315789473688,0.47380924224853516,PR_backward_best_noLS,38,activity_list,1000.0,0.0,,,,60.0,best,,,,,,,,,100.0,,,,,False,,,,,,10.0,backward,50.0,,,,,,,,,,,,,,,,,,,,,,,,,,,,,
J30_1.RCP,1,156.51315789473688,0.4772012233734131,PR_backward_best_noLS,38,activity_list,1000.0,1.0,,,,60.0,best,,,,,,,,,100.0,,,,,False,,,,,,10.0,backward,50.0,,,,,,,,,,,,,,,,,,,,,,,,,,,,,
J30_1.RCP,0,156.51315789473688,0.4691009521484375,PR_backward_random_two_withLS,38,activity_list,1000.0,0.0,,,,60.0,random_two,,,,,,,,,100.0,,,,,True,,,,,,10.0,backward,50.0,,,,,,,,,,,,,,,,,,,,,,,,,,,,,
J30_1.RCP,1,156.51315789473688,0.4716920852661133,PR_backward_random_two_withLS,38,activity_list,1000.0,1.0,,,,60.0,random_two,,,,,,,,,100.0,,,,,True,,,,,,10.0,backward,50.0,,,,,,,,,,,,,,,,,,,,,,,,,,,,,
J30_1.RCP,0,156.51315789473688,0.10451126098632812,PR_backward_random_two_noLS,38,activity_list,1000.0,0.0,,,,60.0,random_two,,,,,,,,,100.0,,,,,False,,,,,,10.0,backward,50.0,,,,,,,,,,,,,,,,,,,,,,,,,,,,,
J30_1.RCP,1,156.51315789473688,0.10444784164428711,PR_backward_random_two_noLS,38,activity_list,1000.0,1.0,,,,60.0,random_two,,,,,,,,,100.0,,,,,False,,,,,,10.0,backward,50.0,,,,,,,,,,,,,,,,,,,,,,,,,,,,,
J30_1.RCP,0,156.51315789473688,0.47014403343200684,PR_random_best_withLS,38,activity_list,1000.0,0.0,,,,60.0,best,,,,,,,,,100.0,,,,,True,,,,,,10.0,random,50.0,,,,,,,,,,,,,,,,,,,,,,,,,,,,,
J30_1.RCP,1,156.51315789473688,0.4744570255279541,PR_random_best_withLS,38,activity_list,1000.0,1.0,,,,60.0,best,,,,,,,,,100.0,,,,,True,,,,,,10.0,random,50.0,,,,,,,,,,,,,,,,,,,,,,,,,,,,,
J30_1.RCP,0,156.51315789473688,0.484173059463501,PR_random_best_noLS,38,activity_list,1000.0,0.0,,,,60.0,best,,,,,,,,,100.0,,,,,False,,,,,,10.0,random,50.0,,,,,,,,,,,,,,,,,,,,,,,,,,,,,
J30_1.RCP,1,156.51315789473688,0.47090888023376465,PR_random_best_noLS,38,activity_list,1000.0,1.0,,,,60.0,best,,,,,,,,,100.0,,,,,False,,,,,,10.0,random,50.0,,,,,,,,,,,,,,,,,,,,,,,,,,,,,
J30_1.RCP,0,156.51315789473688,0.4695549011230469,PR_random_random_two_withLS,38,activity_list,1000.0,0.0,,,,60.0,random_two,,,,,,,,,100.0,,,,,True,,,,,,10.0,random,50.0,,,,,,,,,,,,,,,,,,,,,,,,,,,,,
J30_1.RCP,1,156.51315789473688,0.47054100036621094,PR_random_random_two_withLS,38,activity_list,1000.0,1.0,,,,60.0,random_two,,,,,,,,,100.0,,,,,True,,,,,,10.0,random,50.0,,,,,,,,,,,,,,,,,,,,,,,,,,,,,
J30_1.RCP,0,156.51315789473688,0.10521793365478516,PR_random_random_two_noLS,38,activity_list,1000.0,0.0,,,,60.0,random_two,,,,,,,,,100.0,,,,,False,,,,,,10.0,random,50.0,,,,,,,,,,,,,,,,,,,,,,,,,,,,,
J30_1.RCP,1,156.51315789473688,0.10587310791015625,PR_random_random_two_noLS,38,activity_list,1000.0,1.0,,,,60.0,random_two,,,,,,,,,100.0,,,,,False,,,,,,10.0,random,50.0,,,,,,,,,,,,,,,,,,,,,,,,,,,,,
J30_1.RCP,0,156.51315789473688,0.47202515602111816,PR_bidirectional_best_withLS,38,activity_list,1000.0,0.0,,,,60.0,best,,,,,,,,,100.0,,,,,True,,,,,,10.0,bidirectional,50.0,,,,,,,,,,,,,,,,,,,,,,,,,,,,,
J30_1.RCP,1,156.51315789473688,0.4744439125061035,PR_bidirectional_best_withLS,38,activity_list,1000.0,1.0,,,,60.0,best,,,,,,,,,100.0,,,,,True,,,,,,10.0,bidirectional,50.0,,,,,,,,,,,,,,,,,,,,,,,,,,,,,
J30_1.RCP,0,156.51315789473688,0.47597289085388184,PR_bidirectional_best_noLS,38,activity_list,1000.0,0.0,,,,60.0,best,,,,,,,,,100.0,,,,,False,,,,,,10.0,bidirectional,50.0,,,,,,,,,,,,,,,,,,,,,,,,,,,,,
J30_1.RCP,1,156.51315789473688,0.4729900360107422,PR_bidirectional_best_noLS,38,activity_list,1000.0,1.0,,,,60.0,best,,,,,,,,,100.0,,,,,False,,,,,,10.0,bidirectional,50.0,,,,,,,,,,,,,,,,,,,,,,,,,,,,,
J30_1.RCP,0,156.51315789473688,0.4682648181915283,PR_bidirectional_random_two_withLS,38,activity_list,1000.0,0.0,,,,60.0,random_two,,,,,,,,,100.0,,,,,True,,,,,,10.0,bidirectional,50.0,,,,,,,,,,,,,,,,,,,,,,,,,,,,,
J30_1.RCP,1,156.51315789473688,0.47173213958740234,PR_bidirectional_random_two_withLS,38,activity_list,1000.0,1.0,,,,60.0,random_two,,,,,,,,,100.0,,,,,True,,,,,,10.0,bidirectional,50.0,,,,,,,,,,,,,,,,,,,,,,,,,,,,,
J30_1.RCP,0,156.51315789473688,0.10771036148071289,PR_bidirectional_random_two_noLS,38,activity_list,1000.0,0.0,,,,60.0,random_two,,,,,,,,,100.0,,,,,False,,,,,,10.0,bidirectional,50.0,,,,,,,,,,,,,,,,,,,,,,,,,,,,,
J30_1.RCP,1,156.51315789473688,0.1054079532623291,PR_bidirectional_random_two_noLS,38,activity_list,1000.0,1.0,,,,60.0,random_two,,,,,,,,,100.0,,,,,False,,,,,,10.0,bidirectional,50.0,,,,,,,,,,,,,,,,,,,,,,,,,,,,,
J30_1.RCP,0,156.51315789473688,0.5125770568847656,TS_static,38,activity_list,1000.0,0.0,,,,60.0,,,,,,,,,,100.0,,,,,,,,,,,,,,10.0,20.0,True,static,swap,1.0,4.0,10.0,,,,,,,,,,,,,,,,,,,,,
J30_1.RCP,1,156.51315789473688,0.497251033782959,TS_static,38,activity_list,1000.0,1.0,,,,60.0,,,,,,,,,,100.0,,,,,,,,,,,,,,10.0,20.0,True,static,swap,1.0,4.0,10.0,,,,,,,,,,,,,,,,,,,,,
J30_1.RCP,0,156.51315789473688,0.49123501777648926,TS_dynamic,38,activity_list,1000.0,0.0,,,,60.0,,,,,,,,,,100.0,,,,,,,,,,,,,,10.0,20.0,True,dynamic,swap,1.0,4.0,10.0,,,,,,,,,,,,,,,,,,,,,
J30_1.RCP,1,156.51315789473688,0.48703813552856445,TS_dynamic,38,activity_list,1000.0,1.0,,,,60.0,,,,,,,,,,100.0,,,,,,,,,,,,,,10.0,20.0,True,dynamic,swap,1.0,4.0,10.0,,,,,,,,,,,,,,,,,,,,,
J30_1.RCP,0,156.51315789473688,0.5962390899658203,PSO_none_none,38,activity_list,1000.0,0.0,50.0,,,60.0,,,,,,,,none,,,,,,,,,,,,,,,,,,,,,,,,0.729,1.49445,1.49445,none,30.0,,,,,,,,,,,,,,,,
J30_1.RCP,1,156.51315789473688,0.5889389514923096,PSO_none_none,38,activity_list,1000.0,1.0,50.0,,,60.0,,,,,,,,none,,,,,,,,,,,,,,,,,,,,,,,,0.729,1.49445,1.49445,none,30.0,,,,,,,,,,,,,,,,
J30_1.RCP,0,156.51315789473688,0.5847959518432617,PSO_none_adaptive,38,activity_list,1000.0,0.0,50.0,,,60.0,,,,,,,,none,,,,,,,,,,,,,,,,,,,,,,,,0.729,1.49445,1.49445,adaptive,30.0,,,,,,,,,,,,,,,,
J30_1.RCP,1,156.51315789473688,0.5869591236114502,PSO_none_adaptive,38,activity_list,1000.0,1.0,50.0,,,60.0,,,,,,,,none,,,,,,,,,,,,,,,,,,,,,,,,0.729,1.49445,1.49445,adaptive,30.0,,,,,,,,,,,,,,,,
J30_1.RCP,0,156.51315789473688,0.5896561145782471,PSO_swap_none,38,activity_list,1000.0,0.0,50.0,,,60.0,,,,,,,,swap,,,,,,,,,,,,,,,,,,,,,,,,0.729,1.49445,1.49445,none,30.0,,,,,,,,,,,,,,,,
J30_1.RCP,1,156.51315789473688,0.5898230075836182,PSO_swap_none,38,activity_list,1000.0,1.0,50.0,,,60.0,,,,,,,,swap,,,,,,,,,,,,,,,,,,,,,,,,0.729,1.49445,1.49445,none,30.0,,,,,,,,,,,,,,,,
J30_1.RCP,0,156.51315789473688,0.562737226486206,PSO_swap_adaptive,38,activity_list,1000.0,0.0,50.0,,,60.0,,,,,,,,swap,,,,,,,,,,,,,,,,,,,,,,,,0.729,1.49445,1.49445,adaptive,30.0,,,,,,,,,,,,,,,,
J30_1.RCP,1,156.51315789473688,0.566352128982544,PSO_swap_adaptive,38,activity_list,1000.0,1.0,50.0,,,60.0,,,,,,,,swap,,,,,,,,,,,,,,,,,,,,,,,,0.729,1.49445,1.49445,adaptive,30.0,,,,,,,,,,,,,,,,
J30_1.RCP,0,156.51315789473688,0.48595094680786133,BA_none,38,activity_list,1000.0,0.0,50.0,,,60.0,,,,,,,,none,10.0,,,,,,,,,,,,,,,,,,,,,,,,,,,,0.0,2.0,1.0,0.5,0.9,0.9,,,,,,,,,,
J30_1.RCP,1,156.51315789473688,0.48533201217651367,BA_none,38,activity_list,1000.0,1.0,50.0,,,60.0,,,,,,,,none,10.0,,,,,,,,,,,,,,,,,,,,,,,,,,,,0.0,2.0,1.0,0.5,0.9,0.9,,,,,,,,,,
J30_1.RCP,0,156.51315789473688,0.4750237464904785,BA_swap,38,activity_list,1000.0,0.0,50.0,,,60.0,,,,,,,,swap,10.0,,,,,,,,,,,,,,,,,,,,,,,,,,,,0.0,2.0,1.0,0.5,0.9,0.9,,,,,,,,,,
J30_1.RCP,1,156.51315789473688,0.47852635383605957,BA_swap,38,activity_list,1000.0,1.0,50.0,,,60.0,,,,,,,,swap,10.0,,,,,,,,,,,,,,,,,,,,,,,,,,,,0.0,2.0,1.0,0.5,0.9,0.9,,,,,,,,,,
J30_1.RCP,0,156.51315789473688,0.9155409336090088,HS_fixed_random,38,activity_list,1000.0,0.0,,,,60.0,,,,random,,,,,,,,,,,,,,,,,,,,,,,,,,,,,,,,,,,,,,,50.0,0.9,0.3,0.1,0.9,fixed,,,,
J30_1.RCP,1,156.51315789473688,0.9137909412384033,HS_fixed_random,38,activity_list,1000.0,1.0,,,,60.0,,,,random,,,,,,,,,,,,,,,,,,,,,,,,,,,,,,,,,,,,,,,50.0,0.9,0.3,0.1,0.9,fixed,,,,
J30_1.RCP,0,156.51315789473688,0.8880128860473633,HS_fixed_forward,38,activity_list,1000.0,0.0,,,,60.0,,,,forward,,,,,,,,,,,,,,,,,,,,,,,,,,,,,,,,,,,,,,,50.0,0.9,0.3,0.1,0.9,fixed,,,,
J30_1.RCP,1,156.51315789473688,0.8819699287414551,HS_fixed_forward,38,activity_list,1000.0,1.0,,,,60.0,,,,forward,,,,,,,,,,,,,,,,,,,,,,,,,,,,,,,,,,,,,,,50.0,0.9,0.3,0.1,0.9,fixed,,,,
J30_1.RCP,0,156.51315789473688,0.9654679298400879,HS_adaptive_random,38,activity_list,1000.0,0.0,,,,60.0,,,,random,,,,,,,,,,,,,,,,,,,,,,,,,,,,,,,,,,,,,,,50.0,0.9,0.3,0.1,0.9,adaptive,,,,
J30_1.RCP,1,156.51315789473688,0.9672777652740479,HS_adaptive_random,38,activity_list,1000.0,1.0,,,,60.0,,,,random,,,,,,,,,,,,,,,,,,,,,,,,,,,,,,,,,,,,,,,50.0,0.9,0.3,0.1,0.9,adaptive,,,,
J30_1.RCP,0,156.51315789473688,0.9593551158905029,HS_adaptive_forward,38,activity_list,1000.0,0.0,,,,60.0,,,,forward,,,,,,,,,,,,,,,,,,,,,,,,,,,,,,,,,,,,,,,50.0,0.9,0.3,0.1,0.9,adaptive,,,,
J30_1.RCP,1,156.51315789473688,0.9575958251953125,HS_adaptive_forward,38,activity_list,1000.0,1.0,,,,60.0,,,,forward,,,,,,,,,,,,,,,,,,,,,,,,,,,,,,,,,,,,,,,50.0,0.9,0.3,0.1,0.9,adaptive,,,,
J30_1.RCP,0,156.51315789473688,0.48229002952575684,SA_swap,38,activity_list,1000.0,0.0,,,,60.0,,,,,,,,,,,,,,,,,,,,,,,,,,,,,,,,,,,,,,,,,,,,,,,,,10000.0,0.995,10.0,swap
J30_1.RCP,1,156.51315789473688,0.48557186126708984,SA_swap,38,activity_list,1000.0,1.0,,,,60.0,,,,,,,,,,,,,,,,,,,,,,,,,,,,,,,,,,,,,,,,,,,,,,,,,10000.0,0.995,10.0,swap
J30_1.RCP,0,156.51315789473688,0.4869229793548584,SA_insertion,38,activity_list,1000.0,0.0,,,,60.0,,,,,,,,,,,,,,,,,,,,,,,,,,,,,,,,,,,,,,,,,,,,,,,,,10000.0,0.995,10.0,insertion
J30_1.RCP,1,156.51315789473688,0.49233078956604004,SA_insertion,38,activity_list,1000.0,1.0,,,,60.0,,,,,,,,,,,,,,,,,,,,,,,,,,,,,,,,,,,,,,,,,,,,,,,,,10000.0,0.995,10.0,insertion
J30_1.RCP,0,156.51315789473688,0.4886348247528076,SA_inversion,38,activity_list,1000.0,0.0,,,,60.0,,,,,,,,,,,,,,,,,,,,,,,,,,,,,,,,,,,,,,,,,,,,,,,,,10000.0,0.995,10.0,inversion
J30_1.RCP,1,156.51315789473688,0.4859483242034912,SA_inversion,38,activity_list,1000.0,1.0,,,,60.0,,,,,,,,,,,,,,,,,,,,,,,,,,,,,,,,,,,,,,,,,,,,,,,,,10000.0,0.995,10.0,inversion
