instance_id,seed,best_objective,runtime,algorithm_name,deadline,encoding_type,param_max_evaluations,param_seed,param_population_size,param_crossover_rate,param_mutation_rate,param_time_limit,param_selection_strategy,param_crossover_strategy,param_mutation_strategy,param_initialization_strategy,param_tournament_size,param_use_repair,param_elitism,param_local_search_strategy,param_local_search_interval,param_max_iterations,param_F,param_CR,param_use_adaptive_F,param_use_adaptive_CR,param_use_local_search,param_local_search_top,param_F_min,param_F_max,param_CR_min,param_CR_max,param_elite_size,param_path_strategy,param_local_search_eval_limit,param_tabu_tenure,param_neighborhood_size,param_aspiration_criterion,param_tabu_strategy,param_neighborhood_type,param_min_factor,param_max_factor,param_noimprove_threshold,param_w,param_c1,param_c2,param_restart_strategy,param_restart_threshold,param_f_min,param_f_max,param_A0,param_r0,param_alpha,param_gamma,param_hm_size,param_hmcr,param_par,param_par_min,param_par_max,param_parameter_strategy,param_initial_temperature,param_cooling_rate,param_iterations_per_temperature,param_neighborhood_strategy
J30_1.RCP,,156.51315789473688,0.43505096435546875,GA_roulette_ox1_swap_random_repair_elitism_none,38,activity_list,1000,0,50.0,0.9,0.1,60.0,roulette,ox1,swap,random,3.0,True,True,none,5.0,,,,,,,,,,,,,,,,,,,,,,,,,,,,,,,,,,,,,,,,,,,
J30_1.RCP,,156.51315789473688,0.38158082962036133,GA_roulette_ox1_swap_random_repair_elitism_swap,38,activity_list,1000,0,50.0,0.9,0.1,60.0,roulette,ox1,swap,random,3.0,True,True,swap,5.0,,,,,,,,,,,,,,,,,,,,,,,,,,,,,,,,,,,,,,,,,,,
J30_1.RCP,,156.51315789473688,0.38003087043762207,GA_roulette_ox1_swap_random_repair_noElitism_none,38,activity_list,1000,0,50.0,0.9,0.1,60.0,roulette,ox1,swap,random,3.0,True,False,none,5.0,,,,,,,,,,,,,,,,,,,,,,,,,,,,,,,,,,,,,,,,,,,
J30_1.RCP,,156.51315789473688,0.3779268264770508,GA_roulette_ox1_swap_random_repair_noElitism_swap,38,activity_list,1000,0,50.0,0.9,0.1,60.0,roulette,ox1,swap,random,3.0,True,False,swap,5.0,,,,,,,,,,,,,,,,,,,,,,,,,,,,,,,,,,,,,,,,,,,
J30_1.RCP,,156.51315789473688,0.21912026405334473,GA_roulette_ox1_swap_random_noRepair_elitism_none,38,activity_list,1000,0,50.0,0.9,0.1,60.0,roulette,ox1,swap,random,3.0,False,True,none,5.0,,,,,,,,,,,,,,,,,,,,,,,,,,,,,,,,,,,,,,,,,,,
J30_1.RCP,,156.51315789473688,0.22263097763061523,GA_roulette_ox1_swap_random_noRepair_elitism_swap,38,activity_list,1000,0,50.0,0.9,0.1,60.0,roulette,ox1,swap,random,3.0,False,True,swap,5.0,,,,,,,,,,,,,,,,,,,,,,,,,,,,,,,,,,,,,,,,,,,
J30_1.RCP,,156.51315789473688,0.21713018417358398,GA_roulette_ox1_swap_random_noRepair_noElitism_none,38,activity_list,1000,0,50.0,0.9,0.1,60.0,roulette,ox1,swap,random,3.0,False,False,none,5.0,,,,,,,,,,,,,,,,,,,,,,,,,,,,,,,,,,,,,,,,,,,
J30_1.RCP,,156.51315789473688,0.2193458080291748,GA_roulette_ox1_swap_random_noRepair_noElitism_swap,38,activity_list,1000,0,50.0,0.9,0.1,60.0,roulette,ox1,swap,random,3.0,False,False,swap,5.0,,,,,,,,,,,,,,,,,,,,,,,,,,,,,,,,,,,,,,,,,,,
J30_1.RCP,,156.51315789473688,0.38114500045776367,GA_roulette_ox1_swap_forward_repair_elitism_none,38,activity_list,1000,0,50.0,0.9,0.1,60.0,roulette,ox1,swap,forward,3.0,True,True,none,5.0,,,,,,,,,,,,,,,,,,,,,,,,,,,,,,,,,,,,,,,,,,,
J30_1.RCP,,156.51315789473688,0.38159918785095215,GA_roulette_ox1_swap_forward_repair_elitism_swap,38,activity_list,1000,0,50.0,0.9,0.1,60.0,roulette,ox1,swap,forward,3.0,True,True,swap,5.0,,,,,,,,,,,,,,,,,,,,,,,,,,,,,,,,,,,,,,,,,,,
J30_1.RCP,,156.51315789473688,0.3819100856781006,GA_roulette_ox1_swap_forward_repair_noElitism_none,38,activity_list,1000,0,50.0,0.9,0.1,60.0,roulette,ox1,swap,forward,3.0,True,False,none,5.0,,,,,,,,,,,,,,,,,,,,,,,,,,,,,,,,,,,,,,,,,,,
J30_1.RCP,,156.51315789473688,0.37956881523132324,GA_roulette_ox1_swap_forward_repair_noElitism_swap,38,activity_list,1000,0,50.0,0.9,0.1,60.0,roulette,ox1,swap,forward,3.0,True,False,swap,5.0,,,,,,,,,,,,,,,,,,,,,,,,,,,,,,,,,,,,,,,,,,,
J30_1.RCP,,156.51315789473688,0.2189769744873047,GA_roulette_ox1_swap_forward_noRepair_elitism_none,38,activity_list,1000,0,50.0,0.9,0.1,60.0,roulette,ox1,swap,forward,3.0,False,True,none,5.0,,,,,,,,,,,,,,,,,,,,,,,,,,,,,,,,,,,,,,,,,,,
J30_1.RCP,,156.51315789473688,0.22094106674194336,GA_roulette_ox1_swap_forward_noRepair_elitism_swap,38,activity_list,1000,0,50.0,0.9,0.1,60.0,roulette,ox1,swap,forward,3.0,False,True,swap,5.0,,,,,,,,,,,,,,,,,,,,,,,,,,,,,,,,,,,,,,,,,,,
J30_1.RCP,,156.51315789473688,0.21880674362182617,GA_roulette_ox1_swap_forward_noRepair_noElitism_none,38,activity_list,1000,0,50.0,0.9,0.1,60.0,roulette,ox1,swap,forward,3.0,False,False,none,5.0,,,,,,,,,,,,,,,,,,,,,,,,,,,,,,,,,,,,,,,,,,,
J30_1.RCP,,156.51315789473688,0.2229938507080078,GA_roulette_ox1_swap_forward_noRepair_noElitism_swap,38,activity_list,1000,0,50.0,0.9,0.1,60.0,roulette,ox1,swap,forward,3.0,False,False,swap,5.0,,,,,,,,,,,,,,,,,,,,,,,,,,,,,,,,,,,,,,,,,,,
J30_1.RCP,,156.51315789473688,0.379910945892334,GA_roulette_ox1_insertion_random_repair_elitism_none,38,activity_list,1000,0,50.0,0.9,0.1,60.0,roulette,ox1,insertion,random,3.0,True,True,none,5.0,,,,,,,,,,,,,,,,,,,,,,,,,,,,,,,,,,,,,,,,,,,
J30_1.RCP,,156.51315789473688,0.37671494483947754,GA_roulette_ox1_insertion_random_repair_elitism_swap,38,activity_list,1000,0,50.0,0.9,0.1,60.0,roulette,ox1,insertion,random,3.0,True,True,swap,5.0,,,,,,,,,,,,,,,,,,,,,,,,,,,,,,,,,,,,,,,,,,,
J30_1.RCP,,156.51315789473688,0.38027405738830566,GA_roulette_ox1_insertion_random_repair_noElitism_none,38,activity_list,1000,0,50.0,0.9,0.1,60.0,roulette,ox1,insertion,random,3.0,True,False,none,5.0,,,,,,,,,,,,,,,,,,,,,,,,,,,,,,,,,,,,,,,,,,,
J30_1.RCP,,156.51315789473688,0.3759791851043701,GA_roulette_ox1_insertion_random_repair_noElitism_swap,38,activity_list,1000,0,50.0,0.9,0.1,60.0,roulette,ox1,insertion,random,3.0,True,False,swap,5.0,,,,,,,,,,,,,,,,,,,,,,,,,,,,,,,,,,,,,,,,,,,
J30_1.RCP,,156.51315789473688,0.21820330619812012,GA_roulette_ox1_insertion_random_noRepair_elitism_none,38,activity_list,1000,0,50.0,0.9,0.1,60.0,roulette,ox1,insertion,random,3.0,False,True,none,5.0,,,,,,,,,,,,,,,,,,,,,,,,,,,,,,,,,,,,,,,,,,,
J30_1.RCP,,156.51315789473688,0.21852684020996094,GA_roulette_ox1_insertion_random_noRepair_elitism_swap,38,activity_list,1000,0,50.0,0.9,0.1,60.0,roulette,ox1,insertion,random,3.0,False,True,swap,5.0,,,,,,,,,,,,,,,,,,,,,,,,,,,,,,,,,,,,,,,,,,,
J30_1.RCP,,156.51315789473688,0.219313383102417,GA_roulette_ox1_insertion_random_noRepair_noElitism_none,38,activity_list,1000,0,50.0,0.9,0.1,60.0,roulette,ox1,insertion,random,3.0,False,False,none,5.0,,,,,,,,,,,,,,,,,,,,,,,,,,,,,,,,,,,,,,,,,,,
J30_1.RCP,,156.51315789473688,0.21832013130187988,GA_roulette_ox1_insertion_random_noRepair_noElitism_swap,38,activity_list,1000,0,50.0,0.9,0.1,60.0,roulette,ox1,insertion,random,3.0,False,False,swap,5.0,,,,,,,,,,,,,,,,,,,,,,,,,,,,,,,,,,,,,,,,,,,
J30_1.RCP,,156.51315789473688,0.38280391693115234,GA_roulette_ox1_insertion_forward_repair_elitism_none,38,activity_list,1000,0,50.0,0.9,0.1,60.0,roulette,ox1,insertion,forward,3.0,True,True,none,5.0,,,,,,,,,,,,,,,,,,,,,,,,,,,,,,,,,,,,,,,,,,,
J30_1.RCP,,156.51315789473688,0.3826749324798584,GA_roulette_ox1_insertion_forward_repair_elitism_swap,38,activity_list,1000,0,50.0,0.9,0.1,60.0,roulette,ox1,insertion,forward,3.0,True,True,swap,5.0,,,,,,,,,,,,,,,,,,,,,,,,,,,,,,,,,,,,,,,,,,,
J30_1.RCP,,156.51315789473688,0.38201403617858887,GA_roulette_ox1_insertion_forward_repair_noElitism_none,38,activity_list,1000,0,50.0,0.9,0.1,60.0,roulette,ox1,insertion,forward,3.0,True,False,none,5.0,,,,,,,,,,,,,,,,,,,,,,,,,,,,,,,,,,,,,,,,,,,
J30_1.RCP,,156.51315789473688,0.4231300354003906,GA_roulette_ox1_insertion_forward_repair_noElitism_swap,38,activity_list,1000,0,50.0,0.9,0.1,60.0,roulette,ox1,insertion,forward,3.0,True,False,swap,5.0,,,,,,,,,,,,,,,,,,,,,,,,,,,,,,,,,,,,,,,,,,,
J30_1.RCP,,156.51315789473688,0.2211010456085205,GA_roulette_ox1_insertion_forward_noRepair_elitism_none,38,activity_list,1000,0,50.0,0.9,0.1,60.0,roulette,ox1,insertion,forward,3.0,False,True,none,5.0,,,,,,,,,,,,,,,,,,,,,,,,,,,,,,,,,,,,,,,,,,,
J30_1.RCP,,156.51315789473688,0.2601039409637451,GA_roulette_ox1_insertion_forward_noRepair_elitism_swap,38,activity_list,1000,0,50.0,0.9,0.1,60.0,roulette,ox1,insertion,forward,3.0,False,True,swap,5.0,,,,,,,,,,,,,,,,,,,,,,,,,,,,,,,,,,,,,,,,,,,
J30_1.RCP,,156.51315789473688,0.21982598304748535,GA_roulette_ox1_insertion_forward_noRepair_noElitism_none,38,activity_list,1000,0,50.0,0.9,0.1,60.0,roulette,ox1,insertion,forward,3.0,False,False,none,5.0,,,,,,,,,,,,,,,,,,,,,,,,,,,,,,,,,,,,,,,,,,,
J30_1.RCP,,156.51315789473688,0.221146821975708,GA_roulette_ox1_insertion_forward_noRepair_noElitism_swap,38,activity_list,1000,0,50.0,0.9,0.1,60.0,roulette,ox1,insertion,forward,3.0,False,False,swap,5.0,,,,,,,,,,,,,,,,,,,,,,,,,,,,,,,,,,,,,,,,,,,
J30_1.RCP,,156.51315789473688,0.38484621047973633,GA_roulette_ox1_inversion_random_repair_elitism_none,38,activity_list,1000,0,50.0,0.9,0.1,60.0,roulette,ox1,inversion,random,3.0,True,True,none,5.0,,,,,,,,,,,,,,,,,,,,,,,,,,,,,,,,,,,,,,,,,,,
J30_1.RCP,,156.51315789473688,0.3776369094848633,GA_roulette_ox1_inversion_random_repair_elitism_swap,38,activity_list,1000,0,50.0,0.9,0.1,60.0,roulette,ox1,inversion,random,3.0,True,True,swap,5.0,,,,,,,,,,,,,,,,,,,,,,,,,,,,,,,,,,,,,,,,,,,
J30_1.RCP,,156.51315789473688,0.38251805305480957,GA_roulette_ox1_inversion_random_repair_noElitism_none,38,activity_list,1000,0,50.0,0.9,0.1,60.0,roulette,ox1,inversion,random,3.0,True,False,none,5.0,,,,,,,,,,,,,,,,,,,,,,,,,,,,,,,,,,,,,,,,,,,
J30_1.RCP,,156.51315789473688,0.3800210952758789,GA_roulette_ox1_inversion_random_repair_noElitism_swap,38,activity_list,1000,0,50.0,0.9,0.1,60.0,roulette,ox1,inversion,random,3.0,True,False,swap,5.0,,,,,,,,,,,,,,,,,,,,,,,,,,,,,,,,,,,,,,,,,,,
J30_1.RCP,,156.51315789473688,0.21816110610961914,GA_roulette_ox1_inversion_random_noRepair_elitism_none,38,activity_list,1000,0,50.0,0.9,0.1,60.0,roulette,ox1,inversion,random,3.0,False,True,none,5.0,,,,,,,,,,,,,,,,,,,,,,,,,,,,,,,,,,,,,,,,,,,
J30_1.RCP,,156.51315789473688,0.2188258171081543,GA_roulette_ox1_inversion_random_noRepair_elitism_swap,38,activity_list,1000,0,50.0,0.9,0.1,60.0,roulette,ox1,inversion,random,3.0,False,True,swap,5.0,,,,,,,,,,,,,,,,,,,,,,,,,,,,,,,,,,,,,,,,,,,
J30_1.RCP,,156.51315789473688,0.21719598770141602,GA_roulette_ox1_inversion_random_noRepair_noElitism_none,38,activity_list,1000,0,50.0,0.9,0.1,60.0,roulette,ox1,inversion,random,3.0,False,False,none,5.0,,,,,,,,,,,,,,,,,,,,,,,,,,,,,,,,,,,,,,,,,,,
J30_1.RCP,,156.51315789473688,0.22014832496643066,GA_roulette_ox1_inversion_random_noRepair_noElitism_swap,38,activity_list,1000,0,50.0,0.9,0.1,60.0,roulette,ox1,inversion,random,3.0,False,False,swap,5.0,,,,,,,,,,,,,,,,,,,,,,,,,,,,,,,,,,,,,,,,,,,
J30_1.RCP,,156.51315789473688,0.37937402725219727,GA_roulette_ox1_inversion_forward_repair_elitism_none,38,activity_list,1000,0,50.0,0.9,0.1,60.0,roulette,ox1,inversion,forward,3.0,True,True,none,5.0,,,,,,,,,,,,,,,,,,,,,,,,,,,,,,,,,,,,,,,,,,,
J30_1.RCP,,156.51315789473688,0.37722301483154297,GA_roulette_ox1_inversion_forward_repair_elitism_swap,38,activity_list,1000,0,50.0,0.9,0.1,60.0,roulette,ox1,inversion,forward,3.0,True,True,swap,5.0,,,,,,,,,,,,,,,,,,,,,,,,,,,,,,,,,,,,,,,,,,,
J30_1.RCP,,156.51315789473688,0.3992950916290283,GA_roulette_ox1_inversion_forward_repair_noElitism_none,38,activity_list,1000,0,50.0,0.9,0.1,60.0,roulette,ox1,inversion,forward,3.0,True,False,none,5.0,,,,,,,,,,,,,,,,,,,,,,,,,,,,,,,,,,,,,,,,,,,
J30_1.RCP,,156.51315789473688,0.3778688907623291,GA_roulette_ox1_inversion_forward_repair_noElitism_swap,38,activity_list,1000,0,50.0,0.9,0.1,60.0,roulette,ox1,inversion,forward,3.0,True,False,swap,5.0,,,,,,,,,,,,,,,,,,,,,,,,,,,,,,,,,,,,,,,,,,,
J30_1.RCP,,156.51315789473688,0.22092580795288086,GA_roulette_ox1_inversion_forward_noRepair_elitism_none,38,activity_list,1000,0,50.0,0.9,0.1,60.0,roulette,ox1,inversion,forward,3.0,False,True,none,5.0,,,,,,,,,,,,,,,,,,,,,,,,,,,,,,,,,,,,,,,,,,,
J30_1.RCP,,156.51315789473688,0.2226090431213379,GA_roulette_ox1_inversion_forward_noRepair_elitism_swap,38,activity_list,1000,0,50.0,0.9,0.1,60.0,roulette,ox1,inversion,forward,3.0,False,True,swap,5.0,,,,,,,,,,,,,,,,,,,,,,,,,,,,,,,,,,,,,,,,,,,
J30_1.RCP,,156.51315789473688,0.21947503089904785,GA_roulette_ox1_inversion_forward_noRepair_noElitism_none,38,activity_list,1000,0,50.0,0.9,0.1,60.0,roulette,ox1,inversion,forward,3.0,False,False,none,5.0,,,,,,,,,,,,,,,,,,,,,,,,,,,,,,,,,,,,,,,,,,,
J30_1.RCP,,156.51315789473688,0.2190561294555664,GA_roulette_ox1_inversion_forward_noRepair_noElitism_swap,38,activity_list,1000,0,50.0,0.9,0.1,60.0,roulette,ox1,inversion,forward,3.0,False,False,swap,5.0,,,,,,,,,,,,,,,,,,,,,,,,,,,,,,,,,,,,,,,,,,,
J30_1.RCP,,156.51315789473688,0.38034915924072266,GA_roulette_ox1_scramble_random_repair_elitism_none,38,activity_list,1000,0,50.0,0.9,0.1,60.0,roulette,ox1,scramble,random,3.0,True,True,none,5.0,,,,,,,,,,,,,,,,,,,,,,,,,,,,,,,,,,,,,,,,,,,
J30_1.RCP,,156.51315789473688,0.37883710861206055,GA_roulette_ox1_scramble_random_repair_elitism_swap,38,activity_list,1000,0,50.0,0.9,0.1,60.0,roulette,ox1,scramble,random,3.0,True,True,swap,5.0,,,,,,,,,,,,,,,,,,,,,,,,,,,,,,,,,,,,,,,,,,,
J30_1.RCP,,156.51315789473688,0.3816871643066406,GA_roulette_ox1_scramble_random_repair_noElitism_none,38,activity_list,1000,0,50.0,0.9,0.1,60.0,roulette,ox1,scramble,random,3.0,True,False,none,5.0,,,,,,,,,,,,,,,,,,,,,,,,,,,,,,,,,,,,,,,,,,,
J30_1.RCP,,156.51315789473688,0.378399133682251,GA_roulette_ox1_scramble_random_repair_noElitism_swap,38,activity_list,1000,0,50.0,0.9,0.1,60.0,roulette,ox1,scramble,random,3.0,True,False,swap,5.0,,,,,,,,,,,,,,,,,,,,,,,,,,,,,,,,,,,,,,,,,,,
J30_1.RCP,,156.51315789473688,0.21956992149353027,GA_roulette_ox1_scramble_random_noRepair_elitism_none,38,activity_list,1000,0,50.0,0.9,0.1,60.0,roulette,ox1,scramble,random,3.0,False,True,none,5.0,,,,,,,,,,,,,,,,,,,,,,,,,,,,,,,,,,,,,,,,,,,
J30_1.RCP,,156.51315789473688,0.21949195861816406,GA_roulette_ox1_scramble_random_noRepair_elitism_swap,38,activity_list,1000,0,50.0,0.9,0.1,60.0,roulette,ox1,scramble,random,3.0,False,True,swap,5.0,,,,,,,,,,,,,,,,,,,,,,,,,,,,,,,,,,,,,,,,,,,
J30_1.RCP,,156.51315789473688,0.21864891052246094,GA_roulette_ox1_scramble_random_noRepair_noElitism_none,38,activity_list,1000,0,50.0,0.9,0.1,60.0,roulette,ox1,scramble,random,3.0,False,False,none,5.0,,,,,,,,,,,,,,,,,,,,,,,,,,,,,,,,,,,,,,,,,,,
J30_1.RCP,,156.51315789473688,0.22155284881591797,GA_roulette_ox1_scramble_random_noRepair_noElitism_swap,38,activity_list,1000,0,50.0,0.9,0.1,60.0,roulette,ox1,scramble,random,3.0,False,False,swap,5.0,,,,,,,,,,,,,,,,,,,,,,,,,,,,,,,,,,,,,,,,,,,
J30_1.RCP,,156.51315789473688,0.3818550109863281,GA_roulette_ox1_scramble_forward_repair_elitism_none,38,activity_list,1000,0,50.0,0.9,0.1,60.0,roulette,ox1,scramble,forward,3.0,True,True,none,5.0,,,,,,,,,,,,,,,,,,,,,,,,,,,,,,,,,,,,,,,,,,,
J30_1.RCP,,156.51315789473688,0.3793656826019287,GA_roulette_ox1_scramble_forward_repair_elitism_swap,38,activity_list,1000,0,50.0,0.9,0.1,60.0,roulette,ox1,scramble,forward,3.0,True,True,swap,5.0,,,,,,,,,,,,,,,,,,,,,,,,,,,,,,,,,,,,,,,,,,,
J30_1.RCP,,156.51315789473688,0.3793830871582031,GA_roulette_ox1_scramble_forward_repair_noElitism_none,38,activity_list,1000,0,50.0,0.9,0.1,60.0,roulette,ox1,scramble,forward,3.0,True,False,none,5.0,,,,,,,,,,,,,,,,,,,,,,,,,,,,,,,,,,,,,,,,,,,
J30_1.RCP,,156.51315789473688,0.38062024116516113,GA_roulette_ox1_scramble_forward_repair_noElitism_swap,38,activity_list,1000,0,50.0,0.9,0.1,60.0,roulette,ox1,scramble,forward,3.0,True,False,swap,5.0,,,,,,,,,,,,,,,,,,,,,,,,,,,,,,,,,,,,,,,,,,,
J30_1.RCP,,156.51315789473688,0.21857380867004395,GA_roulette_ox1_scramble_forward_noRepair_elitism_none,38,activity_list,1000,0,50.0,0.9,0.1,60.0,roulette,ox1,scramble,forward,3.0,False,True,none,5.0,,,,,,,,,,,,,,,,,,,,,,,,,,,,,,,,,,,,,,,,,,,
J30_1.RCP,,156.51315789473688,0.21960210800170898,GA_roulette_ox1_scramble_forward_noRepair_elitism_swap,38,activity_list,1000,0,50.0,0.9,0.1,60.0,roulette,ox1,scramble,forward,3.0,False,True,swap,5.0,,,,,,,,,,,,,,,,,,,,,,,,,,,,,,,,,,,,,,,,,,,
J30_1.RCP,,156.51315789473688,0.21863603591918945,GA_roulette_ox1_scramble_forward_noRepair_noElitism_none,38,activity_list,1000,0,50.0,0.9,0.1,60.0,roulette,ox1,scramble,forward,3.0,False,False,none,5.0,,,,,,,,,,,,,,,,,,,,,,,,,,,,,,,,,,,,,,,,,,,
J30_1.RCP,,156.51315789473688,0.22185111045837402,GA_roulette_ox1_scramble_forward_noRepair_noElitism_swap,38,activity_list,1000,0,50.0,0.9,0.1,60.0,roulette,ox1,scramble,forward,3.0,False,False,swap,5.0,,,,,,,,,,,,,,,,,,,,,,,,,,,,,,,,,,,,,,,,,,,
J30_1.RCP,,156.51315789473688,0.3551628589630127,GA_roulette_pmx_swap_random_repair_elitism_none,38,activity_list,1000,0,50.0,0.9,0.1,60.0,roulette,pmx,swap,random,3.0,True,True,none,5.0,,,,,,,,,,,,,,,,,,,,,,,,,,,,,,,,,,,,,,,,,,,
J30_1.RCP,,156.51315789473688,0.3637981414794922,GA_roulette_pmx_swap_random_repair_elitism_swap,38,activity_list,1000,0,50.0,0.9,0.1,60.0,roulette,pmx,swap,random,3.0,True,True,swap,5.0,,,,,,,,,,,,,,,,,,,,,,,,,,,,,,,,,,,,,,,,,,,
J30_1.RCP,,156.51315789473688,0.3564417362213135,GA_roulette_pmx_swap_random_repair_noElitism_none,38,activity_list,1000,0,50.0,0.9,0.1,60.0,roulette,pmx,swap,random,3.0,True,False,none,5.0,,,,,,,,,,,,,,,,,,,,,,,,,,,,,,,,,,,,,,,,,,,
J30_1.RCP,,156.51315789473688,0.3549971580505371,GA_roulette_pmx_swap_random_repair_noElitism_swap,38,activity_list,1000,0,50.0,0.9,0.1,60.0,roulette,pmx,swap,random,3.0,True,False,swap,5.0,,,,,,,,,,,,,,,,,,,,,,,,,,,,,,,,,,,,,,,,,,,
J30_1.RCP,,156.51315789473688,0.2010791301727295,GA_roulette_pmx_swap_random_noRepair_elitism_none,38,activity_list,1000,0,50.0,0.9,0.1,60.0,roulette,pmx,swap,random,3.0,False,True,none,5.0,,,,,,,,,,,,,,,,,,,,,,,,,,,,,,,,,,,,,,,,,,,
J30_1.RCP,,156.51315789473688,0.20374131202697754,GA_roulette_pmx_swap_random_noRepair_elitism_swap,38,activity_list,1000,0,50.0,0.9,0.1,60.0,roulette,pmx,swap,random,3.0,False,True,swap,5.0,,,,,,,,,,,,,,,,,,,,,,,,,,,,,,,,,,,,,,,,,,,
J30_1.RCP,,156.51315789473688,0.2027750015258789,GA_roulette_pmx_swap_random_noRepair_noElitism_none,38,activity_list,1000,0,50.0,0.9,0.1,60.0,roulette,pmx,swap,random,3.0,False,False,none,5.0,,,,,,,,,,,,,,,,,,,,,,,,,,,,,,,,,,,,,,,,,,,
J30_1.RCP,,156.51315789473688,0.203948974609375,GA_roulette_pmx_swap_random_noRepair_noElitism_swap,38,activity_list,1000,0,50.0,0.9,0.1,60.0,roulette,pmx,swap,random,3.0,False,False,swap,5.0,,,,,,,,,,,,,,,,,,,,,,,,,,,,,,,,,,,,,,,,,,,
J30_1.RCP,,156.51315789473688,0.35819387435913086,GA_roulette_pmx_swap_forward_repair_elitism_none,38,activity_list,1000,0,50.0,0.9,0.1,60.0,roulette,pmx,swap,forward,3.0,True,True,none,5.0,,,,,,,,,,,,,,,,,,,,,,,,,,,,,,,,,,,,,,,,,,,
J30_1.RCP,,156.51315789473688,0.35960888862609863,GA_roulette_pmx_swap_forward_repair_elitism_swap,38,activity_list,1000,0,50.0,0.9,0.1,60.0,roulette,pmx,swap,forward,3.0,True,True,swap,5.0,,,,,,,,,,,,,,,,,,,,,,,,,,,,,,,,,,,,,,,,,,,
J30_1.RCP,,156.51315789473688,0.48590898513793945,GA_roulette_pmx_swap_forward_repair_noElitism_none,38,activity_list,1000,0,50.0,0.9,0.1,60.0,roulette,pmx,swap,forward,3.0,True,False,none,5.0,,,,,,,,,,,,,,,,,,,,,,,,,,,,,,,,,,,,,,,,,,,
J30_1.RCP,,156.51315789473688,0.38071417808532715,GA_roulette_pmx_swap_forward_repair_noElitism_swap,38,activity_list,1000,0,50.0,0.9,0.1,60.0,roulette,pmx,swap,forward,3.0,True,False,swap,5.0,,,,,,,,,,,,,,,,,,,,,,,,,,,,,,,,,,,,,,,,,,,
J30_1.RCP,,156.51315789473688,0.20430707931518555,GA_roulette_pmx_swap_forward_noRepair_elitism_none,38,activity_list,1000,0,50.0,0.9,0.1,60.0,roulette,pmx,swap,forward,3.0,False,True,none,5.0,,,,,,,,,,,,,,,,,,,,,,,,,,,,,,,,,,,,,,,,,,,
J30_1.RCP,,156.51315789473688,0.20352602005004883,GA_roulette_pmx_swap_forward_noRepair_elitism_swap,38,activity_list,1000,0,50.0,0.9,0.1,60.0,roulette,pmx,swap,forward,3.0,False,True,swap,5.0,,,,,,,,,,,,,,,,,,,,,,,,,,,,,,,,,,,,,,,,,,,
J30_1.RCP,,156.51315789473688,0.19880008697509766,GA_roulette_pmx_swap_forward_noRepair_noElitism_none,38,activity_list,1000,0,50.0,0.9,0.1,60.0,roulette,pmx,swap,forward,3.0,False,False,none,5.0,,,,,,,,,,,,,,,,,,,,,,,,,,,,,,,,,,,,,,,,,,,
J30_1.RCP,,156.51315789473688,0.20124602317810059,GA_roulette_pmx_swap_forward_noRepair_noElitism_swap,38,activity_list,1000,0,50.0,0.9,0.1,60.0,roulette,pmx,swap,forward,3.0,False,False,swap,5.0,,,,,,,,,,,,,,,,,,,,,,,,,,,,,,,,,,,,,,,,,,,
J30_1.RCP,,156.51315789473688,0.35672712326049805,GA_roulette_pmx_insertion_random_repair_elitism_none,38,activity_list,1000,0,50.0,0.9,0.1,60.0,roulette,pmx,insertion,random,3.0,True,True,none,5.0,,,,,,,,,,,,,,,,,,,,,,,,,,,,,,,,,,,,,,,,,,,
J30_1.RCP,,156.51315789473688,0.35758113861083984,GA_roulette_pmx_insertion_random_repair_elitism_swap,38,activity_list,1000,0,50.0,0.9,0.1,60.0,roulette,pmx,insertion,random,3.0,True,True,swap,5.0,,,,,,,,,,,,,,,,,,,,,,,,,,,,,,,,,,,,,,,,,,,
J30_1.RCP,,156.51315789473688,0.3845951557159424,GA_roulette_pmx_insertion_random_repair_noElitism_none,38,activity_list,1000,0,50.0,0.9,0.1,60.0,roulette,pmx,insertion,random,3.0,True,False,none,5.0,,,,,,,,,,,,,,,,,,,,,,,,,,,,,,,,,,,,,,,,,,,
J30_1.RCP,,156.51315789473688,0.3558509349822998,GA_roulette_pmx_insertion_random_repair_noElitism_swap,38,activity_list,1000,0,50.0,0.9,0.1,60.0,roulette,pmx,insertion,random,3.0,True,False,swap,5.0,,,,,,,,,,,,,,,,,,,,,,,,,,,,,,,,,,,,,,,,,,,
J30_1.RCP,,156.51315789473688,0.2084980010986328,GA_roulette_pmx_insertion_random_noRepair_elitism_none,38,activity_list,1000,0,50.0,0.9,0.1,60.0,roulette,pmx,insertion,random,3.0,False,True,none,5.0,,,,,,,,,,,,,,,,,,,,,,,,,,,,,,,,,,,,,,,,,,,
J30_1.RCP,,156.51315789473688,0.20575308799743652,GA_roulette_pmx_insertion_random_noRepair_elitism_swap,38,activity_list,1000,0,50.0,0.9,0.1,60.0,roulette,pmx,insertion,random,3.0,False,True,swap,5.0,,,,,,,,,,,,,,,,,,,,,,,,,,,,,,,,,,,,,,,,,,,
J30_1.RCP,,156.51315789473688,0.20164990425109863,GA_roulette_pmx_insertion_random_noRepair_noElitism_none,38,activity_list,1000,0,50.0,0.9,0.1,60.0,roulette,pmx,insertion,random,3.0,False,False,none,5.0,,,,,,,,,,,,,,,,,,,,,,,,,,,,,,,,,,,,,,,,,,,
J30_1.RCP,,156.51315789473688,0.20426607131958008,GA_roulette_pmx_insertion_random_noRepair_noElitism_swap,38,activity_list,1000,0,50.0,0.9,0.1,60.0,roulette,pmx,insertion,random,3.0,False,False,swap,5.0,,,,,,,,,,,,,,,,,,,,,,,,,,,,,,,,,,,,,,,,,,,
J30_1.RCP,,156.51315789473688,0.3620600700378418,GA_roulette_pmx_insertion_forward_repair_elitism_none,38,activity_list,1000,0,50.0,0.9,0.1,60.0,roulette,pmx,insertion,forward,3.0,True,True,none,5.0,,,,,,,,,,,,,,,,,,,,,,,,,,,,,,,,,,,,,,,,,,,
J30_1.RCP,,156.51315789473688,0.3597841262817383,GA_roulette_pmx_insertion_forward_repair_elitism_swap,38,activity_list,1000,0,50.0,0.9,0.1,60.0,roulette,pmx,insertion,forward,3.0,True,True,swap,5.0,,,,,,,,,,,,,,,,,,,,,,,,,,,,,,,,,,,,,,,,,,,
J30_1.RCP,,156.51315789473688,0.3605937957763672,GA_roulette_pmx_insertion_forward_repair_noElitism_none,38,activity_list,1000,0,50.0,0.9,0.1,60.0,roulette,pmx,insertion,forward,3.0,True,False,none,5.0,,,,,,,,,,,,,,,,,,,,,,,,,,,,,,,,,,,,,,,,,,,
J30_1.RCP,,156.51315789473688,0.36221885681152344,GA_roulette_pmx_insertion_forward_repair_noElitism_swap,38,activity_list,1000,0,50.0,0.9,0.1,60.0,roulette,pmx,insertion,forward,3.0,True,False,swap,5.0,,,,,,,,,,,,,,,,,,,,,,,,,,,,,,,,,,,,,,,,,,,
J30_1.RCP,,156.51315789473688,0.2002701759338379,GA_roulette_pmx_insertion_forward_noRepair_elitism_none,38,activity_list,1000,0,50.0,0.9,0.1,60.0,roulette,pmx,insertion,forward,3.0,False,True,none,5.0,,,,,,,,,,,,,,,,,,,,,,,,,,,,,,,,,,,,,,,,,,,
J30_1.RCP,,156.51315789473688,0.20147418975830078,GA_roulette_pmx_insertion_forward_noRepair_elitism_swap,38,activity_list,1000,0,50.0,0.9,0.1,60.0,roulette,pmx,insertion,forward,3.0,False,True,swap,5.0,,,,,,,,,,,,,,,,,,,,,,,,,,,,,,,,,,,,,,,,,,,
J30_1.RCP,,156.51315789473688,0.19994020462036133,GA_roulette_pmx_insertion_forward_noRepair_noElitism_none,38,activity_list,1000,0,50.0,0.9,0.1,60.0,roulette,pmx,insertion,forward,3.0,False,False,none,5.0,,,,,,,,,,,,,,,,,,,,,,,,,,,,,,,,,,,,,,,,,,,
J30_1.RCP,,156.51315789473688,0.20190095901489258,GA_roulette_pmx_insertion_forward_noRepair_noElitism_swap,38,activity_list,1000,0,50.0,0.9,0.1,60.0,roulette,pmx,insertion,forward,3.0,False,False,swap,5.0,,,,,,,,,,,,,,,,,,,,,,,,,,,,,,,,,,,,,,,,,,,
J30_1.RCP,,156.51315789473688,0.35939598083496094,GA_roulette_pmx_inversion_random_repair_elitism_none,38,activity_list,1000,0,50.0,0.9,0.1,60.0,roulette,pmx,inversion,random,3.0,True,True,none,5.0,,,,,,,,,,,,,,,,,,,,,,,,,,,,,,,,,,,,,,,,,,,
J30_1.RCP,,156.51315789473688,0.3550269603729248,GA_roulette_pmx_inversion_random_repair_elitism_swap,38,activity_list,1000,0,50.0,0.9,0.1,60.0,roulette,pmx,inversion,random,3.0,True,True,swap,5.0,,,,,,,,,,,,,,,,,,,,,,,,,,,,,,,,,,,,,,,,,,,
J30_1.RCP,,156.51315789473688,0.35542988777160645,GA_roulette_pmx_inversion_random_repair_noElitism_none,38,activity_list,1000,0,50.0,0.9,0.1,60.0,roulette,pmx,inversion,random,3.0,True,False,none,5.0,,,,,,,,,,,,,,,,,,,,,,,,,,,,,,,,,,,,,,,,,,,
J30_1.RCP,,156.51315789473688,0.3573150634765625,GA_roulette_pmx_inversion_random_repair_noElitism_swap,38,activity_list,1000,0,50.0,0.9,0.1,60.0,roulette,pmx,inversion,random,3.0,True,False,swap,5.0,,,,,,,,,,,,,,,,,,,,,,,,,,,,,,,,,,,,,,,,,,,
J30_1.RCP,,156.51315789473688,0.20238614082336426,GA_roulette_pmx_inversion_random_noRepair_elitism_none,38,activity_list,1000,0,50.0,0.9,0.1,60.0,roulette,pmx,inversion,random,3.0,False,True,none,5.0,,,,,,,,,,,,,,,,,,,,,,,,,,,,,,,,,,,,,,,,,,,
J30_1.RCP,,156.51315789473688,0.2050940990447998,GA_roulette_pmx_inversion_random_noRepair_elitism_swap,38,activity_list,1000,0,50.0,0.9,0.1,60.0,roulette,pmx,inversion,random,3.0,False,True,swap,5.0,,,,,,,,,,,,,,,,,,,,,,,,,,,,,,,,,,,,,,,,,,,
J30_1.RCP,,156.51315789473688,0.20171117782592773,GA_roulette_pmx_inversion_random_noRepair_noElitism_none,38,activity_list,1000,0,50.0,0.9,0.1,60.0,roulette,pmx,inversion,random,3.0,False,False,none,5.0,,,,,,,,,,,,,,,,,,,,,,,,,,,,,,,,,,,,,,,,,,,
J30_1.RCP,,156.51315789473688,0.2072000503540039,GA_roulette_pmx_inversion_random_noRepair_noElitism_swap,38,activity_list,1000,0,50.0,0.9,0.1,60.0,roulette,pmx,inversion,random,3.0,False,False,swap,5.0,,,,,,,,,,,,,,,,,,,,,,,,,,,,,,,,,,,,,,,,,,,
J30_1.RCP,,156.51315789473688,0.35921788215637207,GA_roulette_pmx_inversion_forward_repair_elitism_none,38,activity_list,1000,0,50.0,0.9,0.1,60.0,roulette,pmx,inversion,forward,3.0,True,True,none,5.0,,,,,,,,,,,,,,,,,,,,,,,,,,,,,,,,,,,,,,,,,,,
J30_1.RCP,,156.51315789473688,0.35830092430114746,GA_roulette_pmx_inversion_forward_repair_elitism_swap,38,activity_list,1000,0,50.0,0.9,0.1,60.0,roulette,pmx,inversion,forward,3.0,True,True,swap,5.0,,,,,,,,,,,,,,,,,,,,,,,,,,,,,,,,,,,,,,,,,,,
J30_1.RCP,,156.51315789473688,0.364116907119751,GA_roulette_pmx_inversion_forward_repair_noElitism_none,38,activity_list,1000,0,50.0,0.9,0.1,60.0,roulette,pmx,inversion,forward,3.0,True,False,none,5.0,,,,,,,,,,,,,,,,,,,,,,,,,,,,,,,,,,,,,,,,,,,
J30_1.RCP,,156.51315789473688,0.3570899963378906,GA_roulette_pmx_inversion_forward_repair_noElitism_swap,38,activity_list,1000,0,50.0,0.9,0.1,60.0,roulette,pmx,inversion,forward,3.0,True,False,swap,5.0,,,,,,,,,,,,,,,,,,,,,,,,,,,,,,,,,,,,,,,,,,,
J30_1.RCP,,156.51315789473688,0.20010590553283691,GA_roulette_pmx_inversion_forward_noRepair_elitism_none,38,activity_list,1000,0,50.0,0.9,0.1,60.0,roulette,pmx,inversion,forward,3.0,False,True,none,5.0,,,,,,,,,,,,,,,,,,,,,,,,,,,,,,,,,,,,,,,,,,,
J30_1.RCP,,156.51315789473688,0.202301025390625,GA_roulette_pmx_inversion_forward_noRepair_elitism_swap,38,activity_list,1000,0,50.0,0.9,0.1,60.0,roulette,pmx,inversion,forward,3.0,False,True,swap,5.0,,,,,,,,,,,,,,,,,,,,,,,,,,,,,,,,,,,,,,,,,,,
J30_1.RCP,,156.51315789473688,0.20231294631958008,GA_roulette_pmx_inversion_forward_noRepair_noElitism_none,38,activity_list,1000,0,50.0,0.9,0.1,60.0,roulette,pmx,inversion,forward,3.0,False,False,none,5.0,,,,,,,,,,,,,,,,,,,,,,,,,,,,,,,,,,,,,,,,,,,
J30_1.RCP,,156.51315789473688,0.2018108367919922,GA_roulette_pmx_inversion_forward_noRepair_noElitism_swap,38,activity_list,1000,0,50.0,0.9,0.1,60.0,roulette,pmx,inversion,forward,3.0,False,False,swap,5.0,,,,,,,,,,,,,,,,,,,,,,,,,,,,,,,,,,,,,,,,,,,
J30_1.RCP,,156.51315789473688,0.3589200973510742,GA_roulette_pmx_scramble_random_repair_elitism_none,38,activity_list,1000,0,50.0,0.9,0.1,60.0,roulette,pmx,scramble,random,3.0,True,True,none,5.0,,,,,,,,,,,,,,,,,,,,,,,,,,,,,,,,,,,,,,,,,,,
J30_1.RCP,,156.51315789473688,0.3560478687286377,GA_roulette_pmx_scramble_random_repair_elitism_swap,38,activity_list,1000,0,50.0,0.9,0.1,60.0,roulette,pmx,scramble,random,3.0,True,True,swap,5.0,,,,,,,,,,,,,,,,,,,,,,,,,,,,,,,,,,,,,,,,,,,
J30_1.RCP,,156.51315789473688,0.3583097457885742,GA_roulette_pmx_scramble_random_repair_noElitism_none,38,activity_list,1000,0,50.0,0.9,0.1,60.0,roulette,pmx,scramble,random,3.0,True,False,none,5.0,,,,,,,,,,,,,,,,,,,,,,,,,,,,,,,,,,,,,,,,,,,
J30_1.RCP,,156.51315789473688,0.35548901557922363,GA_roulette_pmx_scramble_random_repair_noElitism_swap,38,activity_list,1000,0,50.0,0.9,0.1,60.0,roulette,pmx,scramble,random,3.0,True,False,swap,5.0,,,,,,,,,,,,,,,,,,,,,,,,,,,,,,,,,,,,,,,,,,,
J30_1.RCP,,156.51315789473688,0.20313668251037598,GA_roulette_pmx_scramble_random_noRepair_elitism_none,38,activity_list,1000,0,50.0,0.9,0.1,60.0,roulette,pmx,scramble,random,3.0,False,True,none,5.0,,,,,,,,,,,,,,,,,,,,,,,,,,,,,,,,,,,,,,,,,,,
J30_1.RCP,,156.51315789473688,0.20852303504943848,GA_roulette_pmx_scramble_random_noRepair_elitism_swap,38,activity_list,1000,0,50.0,0.9,0.1,60.0,roulette,pmx,scramble,random,3.0,False,True,swap,5.0,,,,,,,,,,,,,,,,,,,,,,,,,,,,,,,,,,,,,,,,,,,
J30_1.RCP,,156.51315789473688,0.20282626152038574,GA_roulette_pmx_scramble_random_noRepair_noElitism_none,38,activity_list,1000,0,50.0,0.9,0.1,60.0,roulette,pmx,scramble,random,3.0,False,False,none,5.0,,,,,,,,,,,,,,,,,,,,,,,,,,,,,,,,,,,,,,,,,,,
J30_1.RCP,,156.51315789473688,0.20386600494384766,GA_roulette_pmx_scramble_random_noRepair_noElitism_swap,38,activity_list,1000,0,50.0,0.9,0.1,60.0,roulette,pmx,scramble,random,3.0,False,False,swap,5.0,,,,,,,,,,,,,,,,,,,,,,,,,,,,,,,,,,,,,,,,,,,
J30_1.RCP,,156.51315789473688,0.36038994789123535,GA_roulette_pmx_scramble_forward_repair_elitism_none,38,activity_list,1000,0,50.0,0.9,0.1,60.0,roulette,pmx,scramble,forward,3.0,True,True,none,5.0,,,,,,,,,,,,,,,,,,,,,,,,,,,,,,,,,,,,,,,,,,,
J30_1.RCP,,156.51315789473688,0.3602101802825928,GA_roulette_pmx_scramble_forward_repair_elitism_swap,38,activity_list,1000,0,50.0,0.9,0.1,60.0,roulette,pmx,scramble,forward,3.0,True,True,swap,5.0,,,,,,,,,,,,,,,,,,,,,,,,,,,,,,,,,,,,,,,,,,,
J30_1.RCP,,156.51315789473688,0.36106181144714355,GA_roulette_pmx_scramble_forward_repair_noElitism_none,38,activity_list,1000,0,50.0,0.9,0.1,60.0,roulette,pmx,scramble,forward,3.0,True,False,none,5.0,,,,,,,,,,,,,,,,,,,,,,,,,,,,,,,,,,,,,,,,,,,
J30_1.RCP,,156.51315789473688,0.3581831455230713,GA_roulette_pmx_scramble_forward_repair_noElitism_swap,38,activity_list,1000,0,50.0,0.9,0.1,60.0,roulette,pmx,scramble,forward,3.0,True,False,swap,5.0,,,,,,,,,,,,,,,,,,,,,,,,,,,,,,,,,,,,,,,,,,,
J30_1.RCP,,156.51315789473688,0.2004680633544922,GA_roulette_pmx_scramble_forward_noRepair_elitism_none,38,activity_list,1000,0,50.0,0.9,0.1,60.0,roulette,pmx,scramble,forward,3.0,False,True,none,5.0,,,,,,,,,,,,,,,,,,,,,,,,,,,,,,,,,,,,,,,,,,,
J30_1.RCP,,156.51315789473688,0.20262503623962402,GA_roulette_pmx_scramble_forward_noRepair_elitism_swap,38,activity_list,1000,0,50.0,0.9,0.1,60.0,roulette,pmx,scramble,forward,3.0,False,True,swap,5.0,,,,,,,,,,,,,,,,,,,,,,,,,,,,,,,,,,,,,,,,,,,
J30_1.RCP,,156.51315789473688,0.20049309730529785,GA_roulette_pmx_scramble_forward_noRepair_noElitism_none,38,activity_list,1000,0,50.0,0.9,0.1,60.0,roulette,pmx,scramble,forward,3.0,False,False,none,5.0,,,,,,,,,,,,,,,,,,,,,,,,,,,,,,,,,,,,,,,,,,,
J30_1.RCP,,156.51315789473688,0.2024698257446289,GA_roulette_pmx_scramble_forward_noRepair_noElitism_swap,38,activity_list,1000,0,50.0,0.9,0.1,60.0,roulette,pmx,scramble,forward,3.0,False,False,swap,5.0,,,,,,,,,,,,,,,,,,,,,,,,,,,,,,,,,,,,,,,,,,,
J30_1.RCP,,156.51315789473688,0.36774301528930664,GA_roulette_order_swap_random_repair_elitism_none,38,activity_list,1000,0,50.0,0.9,0.1,60.0,roulette,order,swap,random,3.0,True,True,none,5.0,,,,,,,,,,,,,,,,,,,,,,,,,,,,,,,,,,,,,,,,,,,
J30_1.RCP,,156.51315789473688,0.36615777015686035,GA_roulette_order_swap_random_repair_elitism_swap,38,activity_list,1000,0,50.0,0.9,0.1,60.0,roulette,order,swap,random,3.0,True,True,swap,5.0,,,,,,,,,,,,,,,,,,,,,,,,,,,,,,,,,,,,,,,,,,,
J30_1.RCP,,156.51315789473688,0.3649129867553711,GA_roulette_order_swap_random_repair_noElitism_none,38,activity_list,1000,0,50.0,0.9,0.1,60.0,roulette,order,swap,random,3.0,True,False,none,5.0,,,,,,,,,,,,,,,,,,,,,,,,,,,,,,,,,,,,,,,,,,,
J30_1.RCP,,156.51315789473688,0.36535096168518066,GA_roulette_order_swap_random_repair_noElitism_swap,38,activity_list,1000,0,50.0,0.9,0.1,60.0,roulette,order,swap,random,3.0,True,False,swap,5.0,,,,,,,,,,,,,,,,,,,,,,,,,,,,,,,,,,,,,,,,,,,
J30_1.RCP,,156.51315789473688,0.21341300010681152,GA_roulette_order_swap_random_noRepair_elitism_none,38,activity_list,1000,0,50.0,0.9,0.1,60.0,roulette,order,swap,random,3.0,False,True,none,5.0,,,,,,,,,,,,,,,,,,,,,,,,,,,,,,,,,,,,,,,,,,,
J30_1.RCP,,156.51315789473688,0.20351886749267578,GA_roulette_order_swap_random_noRepair_elitism_swap,38,activity_list,1000,0,50.0,0.9,0.1,60.0,roulette,order,swap,random,3.0,False,True,swap,5.0,,,,,,,,,,,,,,,,,,,,,,,,,,,,,,,,,,,,,,,,,,,
J30_1.RCP,,156.51315789473688,0.1979210376739502,GA_roulette_order_swap_random_noRepair_noElitism_none,38,activity_list,1000,0,50.0,0.9,0.1,60.0,roulette,order,swap,random,3.0,False,False,none,5.0,,,,,,,,,,,,,,,,,,,,,,,,,,,,,,,,,,,,,,,,,,,
J30_1.RCP,,156.51315789473688,0.2010359764099121,GA_roulette_order_swap_random_noRepair_noElitism_swap,38,activity_list,1000,0,50.0,0.9,0.1,60.0,roulette,order,swap,random,3.0,False,False,swap,5.0,,,,,,,,,,,,,,,,,,,,,,,,,,,,,,,,,,,,,,,,,,,
J30_1.RCP,,156.51315789473688,0.3731038570404053,GA_roulette_order_swap_forward_repair_elitism_none,38,activity_list,1000,0,50.0,0.9,0.1,60.0,roulette,order,swap,forward,3.0,True,True,none,5.0,,,,,,,,,,,,,,,,,,,,,,,,,,,,,,,,,,,,,,,,,,,
J30_1.RCP,,156.51315789473688,0.36904191970825195,GA_roulette_order_swap_forward_repair_elitism_swap,38,activity_list,1000,0,50.0,0.9,0.1,60.0,roulette,order,swap,forward,3.0,True,True,swap,5.0,,,,,,,,,,,,,,,,,,,,,,,,,,,,,,,,,,,,,,,,,,,
J30_1.RCP,,156.51315789473688,0.37213706970214844,GA_roulette_order_swap_forward_repair_noElitism_none,38,activity_list,1000,0,50.0,0.9,0.1,60.0,roulette,order,swap,forward,3.0,True,False,none,5.0,,,,,,,,,,,,,,,,,,,,,,,,,,,,,,,,,,,,,,,,,,,
J30_1.RCP,,156.51315789473688,0.36898183822631836,GA_roulette_order_swap_forward_repair_noElitism_swap,38,activity_list,1000,0,50.0,0.9,0.1,60.0,roulette,order,swap,forward,3.0,True,False,swap,5.0,,,,,,,,,,,,,,,,,,,,,,,,,,,,,,,,,,,,,,,,,,,
J30_1.RCP,,156.51315789473688,0.20271992683410645,GA_roulette_order_swap_forward_noRepair_elitism_none,38,activity_list,1000,0,50.0,0.9,0.1,60.0,roulette,order,swap,forward,3.0,False,True,none,5.0,,,,,,,,,,,,,,,,,,,,,,,,,,,,,,,,,,,,,,,,,,,
J30_1.RCP,,156.51315789473688,0.20557522773742676,GA_roulette_order_swap_forward_noRepair_elitism_swap,38,activity_list,1000,0,50.0,0.9,0.1,60.0,roulette,order,swap,forward,3.0,False,True,swap,5.0,,,,,,,,,,,,,,,,,,,,,,,,,,,,,,,,,,,,,,,,,,,
J30_1.RCP,,156.51315789473688,0.20293092727661133,GA_roulette_order_swap_forward_noRepair_noElitism_none,38,activity_list,1000,0,50.0,0.9,0.1,60.0,roulette,order,swap,forward,3.0,False,False,none,5.0,,,,,,,,,,,,,,,,,,,,,,,,,,,,,,,,,,,,,,,,,,,
J30_1.RCP,,156.51315789473688,0.2068469524383545,GA_roulette_order_swap_forward_noRepair_noElitism_swap,38,activity_list,1000,0,50.0,0.9,0.1,60.0,roulette,order,swap,forward,3.0,False,False,swap,5.0,,,,,,,,,,,,,,,,,,,,,,,,,,,,,,,,,,,,,,,,,,,
J30_1.RCP,,156.51315789473688,0.3662137985229492,GA_roulette_order_insertion_random_repair_elitism_none,38,activity_list,1000,0,50.0,0.9,0.1,60.0,roulette,order,insertion,random,3.0,True,True,none,5.0,,,,,,,,,,,,,,,,,,,,,,,,,,,,,,,,,,,,,,,,,,,
J30_1.RCP,,156.51315789473688,0.3656330108642578,GA_roulette_order_insertion_random_repair_elitism_swap,38,activity_list,1000,0,50.0,0.9,0.1,60.0,roulette,order,insertion,random,3.0,True,True,swap,5.0,,,,,,,,,,,,,,,,,,,,,,,,,,,,,,,,,,,,,,,,,,,
J30_1.RCP,,156.51315789473688,0.38022398948669434,GA_roulette_order_insertion_random_repair_noElitism_none,38,activity_list,1000,0,50.0,0.9,0.1,60.0,roulette,order,insertion,random,3.0,True,False,none,5.0,,,,,,,,,,,,,,,,,,,,,,,,,,,,,,,,,,,,,,,,,,,
J30_1.RCP,,156.51315789473688,0.37023377418518066,GA_roulette_order_insertion_random_repair_noElitism_swap,38,activity_list,1000,0,50.0,0.9,0.1,60.0,roulette,order,insertion,random,3.0,True,False,swap,5.0,,,,,,,,,,,,,,,,,,,,,,,,,,,,,,,,,,,,,,,,,,,
J30_1.RCP,,156.51315789473688,0.20264291763305664,GA_roulette_order_insertion_random_noRepair_elitism_none,38,activity_list,1000,0,50.0,0.9,0.1,60.0,roulette,order,insertion,random,3.0,False,True,none,5.0,,,,,,,,,,,,,,,,,,,,,,,,,,,,,,,,,,,,,,,,,,,
J30_1.RCP,,156.51315789473688,0.2025599479675293,GA_roulette_order_insertion_random_noRepair_elitism_swap,38,activity_list,1000,0,50.0,0.9,0.1,60.0,roulette,order,insertion,random,3.0,False,True,swap,5.0,,,,,,,,,,,,,,,,,,,,,,,,,,,,,,,,,,,,,,,,,,,
J30_1.RCP,,156.51315789473688,0.20281291007995605,GA_roulette_order_insertion_random_noRepair_noElitism_none,38,activity_list,1000,0,50.0,0.9,0.1,60.0,roulette,order,insertion,random,3.0,False,False,none,5.0,,,,,,,,,,,,,,,,,,,,,,,,,,,,,,,,,,,,,,,,,,,
J30_1.RCP,,156.51315789473688,0.200592041015625,GA_roulette_order_insertion_random_noRepair_noElitism_swap,38,activity_list,1000,0,50.0,0.9,0.1,60.0,roulette,order,insertion,random,3.0,False,False,swap,5.0,,,,,,,,,,,,,,,,,,,,,,,,,,,,,,,,,,,,,,,,,,,
J30_1.RCP,,156.51315789473688,0.37355995178222656,GA_roulette_order_insertion_forward_repair_elitism_none,38,activity_list,1000,0,50.0,0.9,0.1,60.0,roulette,order,insertion,forward,3.0,True,True,none,5.0,,,,,,,,,,,,,,,,,,,,,,,,,,,,,,,,,,,,,,,,,,,
J30_1.RCP,,156.51315789473688,0.37868189811706543,GA_roulette_order_insertion_forward_repair_elitism_swap,38,activity_list,1000,0,50.0,0.9,0.1,60.0,roulette,order,insertion,forward,3.0,True,True,swap,5.0,,,,,,,,,,,,,,,,,,,,,,,,,,,,,,,,,,,,,,,,,,,
J30_1.RCP,,156.51315789473688,0.38057541847229004,GA_roulette_order_insertion_forward_repair_noElitism_none,38,activity_list,1000,0,50.0,0.9,0.1,60.0,roulette,order,insertion,forward,3.0,True,False,none,5.0,,,,,,,,,,,,,,,,,,,,,,,,,,,,,,,,,,,,,,,,,,,
J30_1.RCP,,156.51315789473688,0.37703490257263184,GA_roulette_order_insertion_forward_repair_noElitism_swap,38,activity_list,1000,0,50.0,0.9,0.1,60.0,roulette,order,insertion,forward,3.0,True,False,swap,5.0,,,,,,,,,,,,,,,,,,,,,,,,,,,,,,,,,,,,,,,,,,,
J30_1.RCP,,156.51315789473688,0.20709681510925293,GA_roulette_order_insertion_forward_noRepair_elitism_none,38,activity_list,1000,0,50.0,0.9,0.1,60.0,roulette,order,insertion,forward,3.0,False,True,none,5.0,,,,,,,,,,,,,,,,,,,,,,,,,,,,,,,,,,,,,,,,,,,
J30_1.RCP,,156.51315789473688,0.21118998527526855,GA_roulette_order_insertion_forward_noRepair_elitism_swap,38,activity_list,1000,0,50.0,0.9,0.1,60.0,roulette,order,insertion,forward,3.0,False,True,swap,5.0,,,,,,,,,,,,,,,,,,,,,,,,,,,,,,,,,,,,,,,,,,,
J30_1.RCP,,156.51315789473688,0.20662188529968262,GA_roulette_order_insertion_forward_noRepair_noElitism_none,38,activity_list,1000,0,50.0,0.9,0.1,60.0,roulette,order,insertion,forward,3.0,False,False,none,5.0,,,,,,,,,,,,,,,,,,,,,,,,,,,,,,,,,,,,,,,,,,,
J30_1.RCP,,156.51315789473688,0.20970606803894043,GA_roulette_order_insertion_forward_noRepair_noElitism_swap,38,activity_list,1000,0,50.0,0.9,0.1,60.0,roulette,order,insertion,forward,3.0,False,False,swap,5.0,,,,,,,,,,,,,,,,,,,,,,,,,,,,,,,,,,,,,,,,,,,
J30_1.RCP,,156.51315789473688,0.37475013732910156,GA_roulette_order_inversion_random_repair_elitism_none,38,activity_list,1000,0,50.0,0.9,0.1,60.0,roulette,order,inversion,random,3.0,True,True,none,5.0,,,,,,,,,,,,,,,,,,,,,,,,,,,,,,,,,,,,,,,,,,,
J30_1.RCP,,156.51315789473688,0.374269962310791,GA_roulette_order_inversion_random_repair_elitism_swap,38,activity_list,1000,0,50.0,0.9,0.1,60.0,roulette,order,inversion,random,3.0,True,True,swap,5.0,,,,,,,,,,,,,,,,,,,,,,,,,,,,,,,,,,,,,,,,,,,
J30_1.RCP,,156.51315789473688,0.374340295791626,GA_roulette_order_inversion_random_repair_noElitism_none,38,activity_list,1000,0,50.0,0.9,0.1,60.0,roulette,order,inversion,random,3.0,True,False,none,5.0,,,,,,,,,,,,,,,,,,,,,,,,,,,,,,,,,,,,,,,,,,,
J30_1.RCP,,156.51315789473688,0.37133002281188965,GA_roulette_order_inversion_random_repair_noElitism_swap,38,activity_list,1000,0,50.0,0.9,0.1,60.0,roulette,order,inversion,random,3.0,True,False,swap,5.0,,,,,,,,,,,,,,,,,,,,,,,,,,,,,,,,,,,,,,,,,,,
J30_1.RCP,,156.51315789473688,0.20449614524841309,GA_roulette_order_inversion_random_noRepair_elitism_none,38,activity_list,1000,0,50.0,0.9,0.1,60.0,roulette,order,inversion,random,3.0,False,True,none,5.0,,,,,,,,,,,,,,,,,,,,,,,,,,,,,,,,,,,,,,,,,,,
J30_1.RCP,,156.51315789473688,0.20542311668395996,GA_roulette_order_inversion_random_noRepair_elitism_swap,38,activity_list,1000,0,50.0,0.9,0.1,60.0,roulette,order,inversion,random,3.0,False,True,swap,5.0,,,,,,,,,,,,,,,,,,,,,,,,,,,,,,,,,,,,,,,,,,,
J30_1.RCP,,156.51315789473688,0.20231103897094727,GA_roulette_order_inversion_random_noRepair_noElitism_none,38,activity_list,1000,0,50.0,0.9,0.1,60.0,roulette,order,inversion,random,3.0,False,False,none,5.0,,,,,,,,,,,,,,,,,,,,,,,,,,,,,,,,,,,,,,,,,,,
J30_1.RCP,,156.51315789473688,0.2050917148590088,GA_roulette_order_inversion_random_noRepair_noElitism_swap,38,activity_list,1000,0,50.0,0.9,0.1,60.0,roulette,order,inversion,random,3.0,False,False,swap,5.0,,,,,,,,,,,,,,,,,,,,,,,,,,,,,,,,,,,,,,,,,,,
J30_1.RCP,,156.51315789473688,0.37831783294677734,GA_roulette_order_inversion_forward_repair_elitism_none,38,activity_list,1000,0,50.0,0.9,0.1,60.0,roulette,order,inversion,forward,3.0,True,True,none,5.0,,,,,,,,,,,,,,,,,,,,,,,,,,,,,,,,,,,,,,,,,,,
J30_1.RCP,,156.51315789473688,0.3772869110107422,GA_roulette_order_inversion_forward_repair_elitism_swap,38,activity_list,1000,0,50.0,0.9,0.1,60.0,roulette,order,inversion,forward,3.0,True,True,swap,5.0,,,,,,,,,,,,,,,,,,,,,,,,,,,,,,,,,,,,,,,,,,,
J30_1.RCP,,156.51315789473688,0.38204002380371094,GA_roulette_order_inversion_forward_repair_noElitism_none,38,activity_list,1000,0,50.0,0.9,0.1,60.0,roulette,order,inversion,forward,3.0,True,False,none,5.0,,,,,,,,,,,,,,,,,,,,,,,,,,,,,,,,,,,,,,,,,,,
J30_1.RCP,,156.51315789473688,0.3767130374908447,GA_roulette_order_inversion_forward_repair_noElitism_swap,38,activity_list,1000,0,50.0,0.9,0.1,60.0,roulette,order,inversion,forward,3.0,True,False,swap,5.0,,,,,,,,,,,,,,,,,,,,,,,,,,,,,,,,,,,,,,,,,,,
J30_1.RCP,,156.51315789473688,0.2067410945892334,GA_roulette_order_inversion_forward_noRepair_elitism_none,38,activity_list,1000,0,50.0,0.9,0.1,60.0,roulette,order,inversion,forward,3.0,False,True,none,5.0,,,,,,,,,,,,,,,,,,,,,,,,,,,,,,,,,,,,,,,,,,,
J30_1.RCP,,156.51315789473688,0.20720982551574707,GA_roulette_order_inversion_forward_noRepair_elitism_swap,38,activity_list,1000,0,50.0,0.9,0.1,60.0,roulette,order,inversion,forward,3.0,False,True,swap,5.0,,,,,,,,,,,,,,,,,,,,,,,,,,,,,,,,,,,,,,,,,,,
J30_1.RCP,,156.51315789473688,0.20545601844787598,GA_roulette_order_inversion_forward_noRepair_noElitism_none,38,activity_list,1000,0,50.0,0.9,0.1,60.0,roulette,order,inversion,forward,3.0,False,False,none,5.0,,,,,,,,,,,,,,,,,,,,,,,,,,,,,,,,,,,,,,,,,,,
J30_1.RCP,,156.51315789473688,0.2070908546447754,GA_roulette_order_inversion_forward_noRepair_noElitism_swap,38,activity_list,1000,0,50.0,0.9,0.1,60.0,roulette,order,inversion,forward,3.0,False,False,swap,5.0,,,,,,,,,,,,,,,,,,,,,,,,,,,,,,,,,,,,,,,,,,,
J30_1.RCP,,156.51315789473688,0.37531185150146484,GA_roulette_order_scramble_random_repair_elitism_none,38,activity_list,1000,0,50.0,0.9,0.1,60.0,roulette,order,scramble,random,3.0,True,True,none,5.0,,,,,,,,,,,,,,,,,,,,,,,,,,,,,,,,,,,,,,,,,,,
J30_1.RCP,,156.51315789473688,0.37010717391967773,GA_roulette_order_scramble_random_repair_elitism_swap,38,activity_list,1000,0,50.0,0.9,0.1,60.0,roulette,order,scramble,random,3.0,True,True,swap,5.0,,,,,,,,,,,,,,,,,,,,,,,,,,,,,,,,,,,,,,,,,,,
J30_1.RCP,,156.51315789473688,0.37604308128356934,GA_roulette_order_scramble_random_repair_noElitism_none,38,activity_list,1000,0,50.0,0.9,0.1,60.0,roulette,order,scramble,random,3.0,True,False,none,5.0,,,,,,,,,,,,,,,,,,,,,,,,,,,,,,,,,,,,,,,,,,,
J30_1.RCP,,156.51315789473688,0.37430500984191895,GA_roulette_order_scramble_random_repair_noElitism_swap,38,activity_list,1000,0,50.0,0.9,0.1,60.0,roulette,order,scramble,random,3.0,True,False,swap,5.0,,,,,,,,,,,,,,,,,,,,,,,,,,,,,,,,,,,,,,,,,,,
J30_1.RCP,,156.51315789473688,0.2018587589263916,GA_roulette_order_scramble_random_noRepair_elitism_none,38,activity_list,1000,0,50.0,0.9,0.1,60.0,roulette,order,scramble,random,3.0,False,True,none,5.0,,,,,,,,,,,,,,,,,,,,,,,,,,,,,,,,,,,,,,,,,,,
J30_1.RCP,,156.51315789473688,0.20710086822509766,GA_roulette_order_scramble_random_noRepair_elitism_swap,38,activity_list,1000,0,50.0,0.9,0.1,60.0,roulette,order,scramble,random,3.0,False,True,swap,5.0,,,,,,,,,,,,,,,,,,,,,,,,,,,,,,,,,,,,,,,,,,,
J30_1.RCP,,156.51315789473688,0.20305085182189941,GA_roulette_order_scramble_random_noRepair_noElitism_none,38,activity_list,1000,0,50.0,0.9,0.1,60.0,roulette,order,scramble,random,3.0,False,False,none,5.0,,,,,,,,,,,,,,,,,,,,,,,,,,,,,,,,,,,,,,,,,,,
J30_1.RCP,,156.51315789473688,0.20529627799987793,GA_roulette_order_scramble_random_noRepair_noElitism_swap,38,activity_list,1000,0,50.0,0.9,0.1,60.0,roulette,order,scramble,random,3.0,False,False,swap,5.0,,,,,,,,,,,,,,,,,,,,,,,,,,,,,,,,,,,,,,,,,,,
J30_1.RCP,,156.51315789473688,0.3772742748260498,GA_roulette_order_scramble_forward_repair_elitism_none,38,activity_list,1000,0,50.0,0.9,0.1,60.0,roulette,order,scramble,forward,3.0,True,True,none,5.0,,,,,,,,,,,,,,,,,,,,,,,,,,,,,,,,,,,,,,,,,,,
J30_1.RCP,,156.51315789473688,0.3755481243133545,GA_roulette_order_scramble_forward_repair_elitism_swap,38,activity_list,1000,0,50.0,0.9,0.1,60.0,roulette,order,scramble,forward,3.0,True,True,swap,5.0,,,,,,,,,,,,,,,,,,,,,,,,,,,,,,,,,,,,,,,,,,,
J30_1.RCP,,156.51315789473688,0.37995314598083496,GA_roulette_order_scramble_forward_repair_noElitism_none,38,activity_list,1000,0,50.0,0.9,0.1,60.0,roulette,order,scramble,forward,3.0,True,False,none,5.0,,,,,,,,,,,,,,,,,,,,,,,,,,,,,,,,,,,,,,,,,,,
J30_1.RCP,,156.51315789473688,0.3741579055786133,GA_roulette_order_scramble_forward_repair_noElitism_swap,38,activity_list,1000,0,50.0,0.9,0.1,60.0,roulette,order,scramble,forward,3.0,True,False,swap,5.0,,,,,,,,,,,,,,,,,,,,,,,,,,,,,,,,,,,,,,,,,,,
J30_1.RCP,,156.51315789473688,0.20601105690002441,GA_roulette_order_scramble_forward_noRepair_elitism_none,38,activity_list,1000,0,50.0,0.9,0.1,60.0,roulette,order,scramble,forward,3.0,False,True,none,5.0,,,,,,,,,,,,,,,,,,,,,,,,,,,,,,,,,,,,,,,,,,,
J30_1.RCP,,156.51315789473688,0.20930218696594238,GA_roulette_order_scramble_forward_noRepair_elitism_swap,38,activity_list,1000,0,50.0,0.9,0.1,60.0,roulette,order,scramble,forward,3.0,False,True,swap,5.0,,,,,,,,,,,,,,,,,,,,,,,,,,,,,,,,,,,,,,,,,,,
J30_1.RCP,,156.51315789473688,0.2090916633605957,GA_roulette_order_scramble_forward_noRepair_noElitism_none,38,activity_list,1000,0,50.0,0.9,0.1,60.0,roulette,order,scramble,forward,3.0,False,False,none,5.0,,,,,,,,,,,,,,,,,,,,,,,,,,,,,,,,,,,,,,,,,,,
J30_1.RCP,,156.51315789473688,0.2071690559387207,GA_roulette_order_scramble_forward_noRepair_noElitism_swap,38,activity_list,1000,0,50.0,0.9,0.1,60.0,roulette,order,scramble,forward,3.0,False,False,swap,5.0,,,,,,,,,,,,,,,,,,,,,,,,,,,,,,,,,,,,,,,,,,,
J30_1.RCP,,156.51315789473688,0.2670631408691406,GA_tournament_ox1_swap_random_repair_elitism_none,38,activity_list,1000,0,50.0,0.9,0.1,60.0,tournament,ox1,swap,random,3.0,True,True,none,5.0,,,,,,,,,,,,,,,,,,,,,,,,,,,,,,,,,,,,,,,,,,,
J30_1.RCP,,156.51315789473688,0.27427005767822266,GA_tournament_ox1_swap_random_repair_elitism_swap,38,activity_list,1000,0,50.0,0.9,0.1,60.0,tournament,ox1,swap,random,3.0,True,True,swap,5.0,,,,,,,,,,,,,,,,,,,,,,,,,,,,,,,,,,,,,,,,,,,
J30_1.RCP,,156.51315789473688,0.374589204788208,GA_tournament_ox1_swap_random_repair_noElitism_none,38,activity_list,1000,0,50.0,0.9,0.1,60.0,tournament,ox1,swap,random,3.0,True,False,none,5.0,,,,,,,,,,,,,,,,,,,,,,,,,,,,,,,,,,,,,,,,,,,
J30_1.RCP,,156.51315789473688,0.3729851245880127,GA_tournament_ox1_swap_random_repair_noElitism_swap,38,activity_list,1000,0,50.0,0.9,0.1,60.0,tournament,ox1,swap,random,3.0,True,False,swap,5.0,,,,,,,,,,,,,,,,,,,,,,,,,,,,,,,,,,,,,,,,,,,
J30_1.RCP,,156.51315789473688,0.2066357135772705,GA_tournament_ox1_swap_random_noRepair_elitism_none,38,activity_list,1000,0,50.0,0.9,0.1,60.0,tournament,ox1,swap,random,3.0,False,True,none,5.0,,,,,,,,,,,,,,,,,,,,,,,,,,,,,,,,,,,,,,,,,,,
J30_1.RCP,,156.51315789473688,0.21496009826660156,GA_tournament_ox1_swap_random_noRepair_elitism_swap,38,activity_list,1000,0,50.0,0.9,0.1,60.0,tournament,ox1,swap,random,3.0,False,True,swap,5.0,,,,,,,,,,,,,,,,,,,,,,,,,,,,,,,,,,,,,,,,,,,
J30_1.RCP,,156.51315789473688,0.21215319633483887,GA_tournament_ox1_swap_random_noRepair_noElitism_none,38,activity_list,1000,0,50.0,0.9,0.1,60.0,tournament,ox1,swap,random,3.0,False,False,none,5.0,,,,,,,,,,,,,,,,,,,,,,,,,,,,,,,,,,,,,,,,,,,
J30_1.RCP,,156.51315789473688,0.2132720947265625,GA_tournament_ox1_swap_random_noRepair_noElitism_swap,38,activity_list,1000,0,50.0,0.9,0.1,60.0,tournament,ox1,swap,random,3.0,False,False,swap,5.0,,,,,,,,,,,,,,,,,,,,,,,,,,,,,,,,,,,,,,,,,,,
J30_1.RCP,,156.51315789473688,0.26810216903686523,GA_tournament_ox1_swap_forward_repair_elitism_none,38,activity_list,1000,0,50.0,0.9,0.1,60.0,tournament,ox1,swap,forward,3.0,True,True,none,5.0,,,,,,,,,,,,,,,,,,,,,,,,,,,,,,,,,,,,,,,,,,,
J30_1.RCP,,156.51315789473688,0.276716947555542,GA_tournament_ox1_swap_forward_repair_elitism_swap,38,activity_list,1000,0,50.0,0.9,0.1,60.0,tournament,ox1,swap,forward,3.0,True,True,swap,5.0,,,,,,,,,,,,,,,,,,,,,,,,,,,,,,,,,,,,,,,,,,,
J30_1.RCP,,156.51315789473688,0.37866806983947754,GA_tournament_ox1_swap_forward_repair_noElitism_none,38,activity_list,1000,0,50.0,0.9,0.1,60.0,tournament,ox1,swap,forward,3.0,True,False,none,5.0,,,,,,,,,,,,,,,,,,,,,,,,,,,,,,,,,,,,,,,,,,,
J30_1.RCP,,156.51315789473688,0.4219498634338379,GA_tournament_ox1_swap_forward_repair_noElitism_swap,38,activity_list,1000,0,50.0,0.9,0.1,60.0,tournament,ox1,swap,forward,3.0,True,False,swap,5.0,,,,,,,,,,,,,,,,,,,,,,,,,,,,,,,,,,,,,,,,,,,
J30_1.RCP,,156.51315789473688,0.21042799949645996,GA_tournament_ox1_swap_forward_noRepair_elitism_none,38,activity_list,1000,0,50.0,0.9,0.1,60.0,tournament,ox1,swap,forward,3.0,False,True,none,5.0,,,,,,,,,,,,,,,,,,,,,,,,,,,,,,,,,,,,,,,,,,,
J30_1.RCP,,156.51315789473688,0.2146317958831787,GA_tournament_ox1_swap_forward_noRepair_elitism_swap,38,activity_list,1000,0,50.0,0.9,0.1,60.0,tournament,ox1,swap,forward,3.0,False,True,swap,5.0,,,,,,,,,,,,,,,,,,,,,,,,,,,,,,,,,,,,,,,,,,,
J30_1.RCP,,156.51315789473688,0.21496987342834473,GA_tournament_ox1_swap_forward_noRepair_noElitism_none,38,activity_list,1000,0,50.0,0.9,0.1,60.0,tournament,ox1,swap,forward,3.0,False,False,none,5.0,,,,,,,,,,,,,,,,,,,,,,,,,,,,,,,,,,,,,,,,,,,
J30_1.RCP,,156.51315789473688,0.21511220932006836,GA_tournament_ox1_swap_forward_noRepair_noElitism_swap,38,activity_list,1000,0,50.0,0.9,0.1,60.0,tournament,ox1,swap,forward,3.0,False,False,swap,5.0,,,,,,,,,,,,,,,,,,,,,,,,,,,,,,,,,,,,,,,,,,,
J30_1.RCP,,156.51315789473688,0.2661919593811035,GA_tournament_ox1_insertion_random_repair_elitism_none,38,activity_list,1000,0,50.0,0.9,0.1,60.0,tournament,ox1,insertion,random,3.0,True,True,none,5.0,,,,,,,,,,,,,,,,,,,,,,,,,,,,,,,,,,,,,,,,,,,
J30_1.RCP,,156.51315789473688,0.27567481994628906,GA_tournament_ox1_insertion_random_repair_elitism_swap,38,activity_list,1000,0,50.0,0.9,0.1,60.0,tournament,ox1,insertion,random,3.0,True,True,swap,5.0,,,,,,,,,,,,,,,,,,,,,,,,,,,,,,,,,,,,,,,,,,,
J30_1.RCP,,156.51315789473688,0.3771960735321045,GA_tournament_ox1_insertion_random_repair_noElitism_none,38,activity_list,1000,0,50.0,0.9,0.1,60.0,tournament,ox1,insertion,random,3.0,True,False,none,5.0,,,,,,,,,,,,,,,,,,,,,,,,,,,,,,,,,,,,,,,,,,,
J30_1.RCP,,156.51315789473688,0.37569403648376465,GA_tournament_ox1_insertion_random_repair_noElitism_swap,38,activity_list,1000,0,50.0,0.9,0.1,60.0,tournament,ox1,insertion,random,3.0,True,False,swap,5.0,,,,,,,,,,,,,,,,,,,,,,,,,,,,,,,,,,,,,,,,,,,
J30_1.RCP,,156.51315789473688,0.2132868766784668,GA_tournament_ox1_insertion_random_noRepair_elitism_none,38,activity_list,1000,0,50.0,0.9,0.1,60.0,tournament,ox1,insertion,random,3.0,False,True,none,5.0,,,,,,,,,,,,,,,,,,,,,,,,,,,,,,,,,,,,,,,,,,,
J30_1.RCP,,156.51315789473688,0.2133629322052002,GA_tournament_ox1_insertion_random_noRepair_elitism_swap,38,activity_list,1000,0,50.0,0.9,0.1,60.0,tournament,ox1,insertion,random,3.0,False,True,swap,5.0,,,,,,,,,,,,,,,,,,,,,,,,,,,,,,,,,,,,,,,,,,,
J30_1.RCP,,156.51315789473688,0.2122499942779541,GA_tournament_ox1_insertion_random_noRepair_noElitism_none,38,activity_list,1000,0,50.0,0.9,0.1,60.0,tournament,ox1,insertion,random,3.0,False,False,none,5.0,,,,,,,,,,,,,,,,,,,,,,,,,,,,,,,,,,,,,,,,,,,
J30_1.RCP,,156.51315789473688,0.21430087089538574,GA_tournament_ox1_insertion_random_noRepair_noElitism_swap,38,activity_list,1000,0,50.0,0.9,0.1,60.0,tournament,ox1,insertion,random,3.0,False,False,swap,5.0,,,,,,,,,,,,,,,,,,,,,,,,,,,,,,,,,,,,,,,,,,,
J30_1.RCP,,156.51315789473688,0.2683687210083008,GA_tournament_ox1_insertion_forward_repair_elitism_none,38,activity_list,1000,0,50.0,0.9,0.1,60.0,tournament,ox1,insertion,forward,3.0,True,True,none,5.0,,,,,,,,,,,,,,,,,,,,,,,,,,,,,,,,,,,,,,,,,,,
J30_1.RCP,,156.51315789473688,0.27776217460632324,GA_tournament_ox1_insertion_forward_repair_elitism_swap,38,activity_list,1000,0,50.0,0.9,0.1,60.0,tournament,ox1,insertion,forward,3.0,True,True,swap,5.0,,,,,,,,,,,,,,,,,,,,,,,,,,,,,,,,,,,,,,,,,,,
J30_1.RCP,,156.51315789473688,0.3838930130004883,GA_tournament_ox1_insertion_forward_repair_noElitism_none,38,activity_list,1000,0,50.0,0.9,0.1,60.0,tournament,ox1,insertion,forward,3.0,True,False,none,5.0,,,,,,,,,,,,,,,,,,,,,,,,,,,,,,,,,,,,,,,,,,,
J30_1.RCP,,156.51315789473688,0.37499094009399414,GA_tournament_ox1_insertion_forward_repair_noElitism_swap,38,activity_list,1000,0,50.0,0.9,0.1,60.0,tournament,ox1,insertion,forward,3.0,True,False,swap,5.0,,,,,,,,,,,,,,,,,,,,,,,,,,,,,,,,,,,,,,,,,,,
J30_1.RCP,,156.51315789473688,0.20990514755249023,GA_tournament_ox1_insertion_forward_noRepair_elitism_none,38,activity_list,1000,0,50.0,0.9,0.1,60.0,tournament,ox1,insertion,forward,3.0,False,True,none,5.0,,,,,,,,,,,,,,,,,,,,,,,,,,,,,,,,,,,,,,,,,,,
J30_1.RCP,,156.51315789473688,0.21387577056884766,GA_tournament_ox1_insertion_forward_noRepair_elitism_swap,38,activity_list,1000,0,50.0,0.9,0.1,60.0,tournament,ox1,insertion,forward,3.0,False,True,swap,5.0,,,,,,,,,,,,,,,,,,,,,,,,,,,,,,,,,,,,,,,,,,,
J30_1.RCP,,156.51315789473688,0.2137761116027832,GA_tournament_ox1_insertion_forward_noRepair_noElitism_none,38,activity_list,1000,0,50.0,0.9,0.1,60.0,tournament,ox1,insertion,forward,3.0,False,False,none,5.0,,,,,,,,,,,,,,,,,,,,,,,,,,,,,,,,,,,,,,,,,,,
J30_1.RCP,,156.51315789473688,0.21456623077392578,GA_tournament_ox1_insertion_forward_noRepair_noElitism_swap,38,activity_list,1000,0,50.0,0.9,0.1,60.0,tournament,ox1,insertion,forward,3.0,False,False,swap,5.0,,,,,,,,,,,,,,,,,,,,,,,,,,,,,,,,,,,,,,,,,,,
J30_1.RCP,,156.51315789473688,0.26962733268737793,GA_tournament_ox1_inversion_random_repair_elitism_none,38,activity_list,1000,0,50.0,0.9,0.1,60.0,tournament,ox1,inversion,random,3.0,True,True,none,5.0,,,,,,,,,,,,,,,,,,,,,,,,,,,,,,,,,,,,,,,,,,,
J30_1.RCP,,156.51315789473688,0.27480292320251465,GA_tournament_ox1_inversion_random_repair_elitism_swap,38,activity_list,1000,0,50.0,0.9,0.1,60.0,tournament,ox1,inversion,random,3.0,True,True,swap,5.0,,,,,,,,,,,,,,,,,,,,,,,,,,,,,,,,,,,,,,,,,,,
J30_1.RCP,,156.51315789473688,0.3741288185119629,GA_tournament_ox1_inversion_random_repair_noElitism_none,38,activity_list,1000,0,50.0,0.9,0.1,60.0,tournament,ox1,inversion,random,3.0,True,False,none,5.0,,,,,,,,,,,,,,,,,,,,,,,,,,,,,,,,,,,,,,,,,,,
J30_1.RCP,,156.51315789473688,0.3749828338623047,GA_tournament_ox1_inversion_random_repair_noElitism_swap,38,activity_list,1000,0,50.0,0.9,0.1,60.0,tournament,ox1,inversion,random,3.0,True,False,swap,5.0,,,,,,,,,,,,,,,,,,,,,,,,,,,,,,,,,,,,,,,,,,,
J30_1.RCP,,156.51315789473688,0.20714497566223145,GA_tournament_ox1_inversion_random_noRepair_elitism_none,38,activity_list,1000,0,50.0,0.9,0.1,60.0,tournament,ox1,inversion,random,3.0,False,True,none,5.0,,,,,,,,,,,,,,,,,,,,,,,,,,,,,,,,,,,,,,,,,,,
J30_1.RCP,,156.51315789473688,0.2151179313659668,GA_tournament_ox1_inversion_random_noRepair_elitism_swap,38,activity_list,1000,0,50.0,0.9,0.1,60.0,tournament,ox1,inversion,random,3.0,False,True,swap,5.0,,,,,,,,,,,,,,,,,,,,,,,,,,,,,,,,,,,,,,,,,,,
J30_1.RCP,,156.51315789473688,0.21158576011657715,GA_tournament_ox1_inversion_random_noRepair_noElitism_none,38,activity_list,1000,0,50.0,0.9,0.1,60.0,tournament,ox1,inversion,random,3.0,False,False,none,5.0,,,,,,,,,,,,,,,,,,,,,,,,,,,,,,,,,,,,,,,,,,,
J30_1.RCP,,156.51315789473688,0.21394896507263184,GA_tournament_ox1_inversion_random_noRepair_noElitism_swap,38,activity_list,1000,0,50.0,0.9,0.1,60.0,tournament,ox1,inversion,random,3.0,False,False,swap,5.0,,,,,,,,,,,,,,,,,,,,,,,,,,,,,,,,,,,,,,,,,,,
J30_1.RCP,,156.51315789473688,0.2689549922943115,GA_tournament_ox1_inversion_forward_repair_elitism_none,38,activity_list,1000,0,50.0,0.9,0.1,60.0,tournament,ox1,inversion,forward,3.0,True,True,none,5.0,,,,,,,,,,,,,,,,,,,,,,,,,,,,,,,,,,,,,,,,,,,
J30_1.RCP,,156.51315789473688,0.2745490074157715,GA_tournament_ox1_inversion_forward_repair_elitism_swap,38,activity_list,1000,0,50.0,0.9,0.1,60.0,tournament,ox1,inversion,forward,3.0,True,True,swap,5.0,,,,,,,,,,,,,,,,,,,,,,,,,,,,,,,,,,,,,,,,,,,
J30_1.RCP,,156.51315789473688,0.3813788890838623,GA_tournament_ox1_inversion_forward_repair_noElitism_none,38,activity_list,1000,0,50.0,0.9,0.1,60.0,tournament,ox1,inversion,forward,3.0,True,False,none,5.0,,,,,,,,,,,,,,,,,,,,,,,,,,,,,,,,,,,,,,,,,,,
J30_1.RCP,,156.51315789473688,0.3808140754699707,GA_tournament_ox1_inversion_forward_repair_noElitism_swap,38,activity_list,1000,0,50.0,0.9,0.1,60.0,tournament,ox1,inversion,forward,3.0,True,False,swap,5.0,,,,,,,,,,,,,,,,,,,,,,,,,,,,,,,,,,,,,,,,,,,
J30_1.RCP,,156.51315789473688,0.2081902027130127,GA_tournament_ox1_inversion_forward_noRepair_elitism_none,38,activity_list,1000,0,50.0,0.9,0.1,60.0,tournament,ox1,inversion,forward,3.0,False,True,none,5.0,,,,,,,,,,,,,,,,,,,,,,,,,,,,,,,,,,,,,,,,,,,
J30_1.RCP,,156.51315789473688,0.21336603164672852,GA_tournament_ox1_inversion_forward_noRepair_elitism_swap,38,activity_list,1000,0,50.0,0.9,0.1,60.0,tournament,ox1,inversion,forward,3.0,False,True,swap,5.0,,,,,,,,,,,,,,,,,,,,,,,,,,,,,,,,,,,,,,,,,,,
J30_1.RCP,,156.51315789473688,0.21508574485778809,GA_tournament_ox1_inversion_forward_noRepair_noElitism_none,38,activity_list,1000,0,50.0,0.9,0.1,60.0,tournament,ox1,inversion,forward,3.0,False,False,none,5.0,,,,,,,,,,,,,,,,,,,,,,,,,,,,,,,,,,,,,,,,,,,
J30_1.RCP,,156.51315789473688,0.21417021751403809,GA_tournament_ox1_inversion_forward_noRepair_noElitism_swap,38,activity_list,1000,0,50.0,0.9,0.1,60.0,tournament,ox1,inversion,forward,3.0,False,False,swap,5.0,,,,,,,,,,,,,,,,,,,,,,,,,,,,,,,,,,,,,,,,,,,
J30_1.RCP,,156.51315789473688,0.2666962146759033,GA_tournament_ox1_scramble_random_repair_elitism_none,38,activity_list,1000,0,50.0,0.9,0.1,60.0,tournament,ox1,scramble,random,3.0,True,True,none,5.0,,,,,,,,,,,,,,,,,,,,,,,,,,,,,,,,,,,,,,,,,,,
J30_1.RCP,,156.51315789473688,0.27431607246398926,GA_tournament_ox1_scramble_random_repair_elitism_swap,38,activity_list,1000,0,50.0,0.9,0.1,60.0,tournament,ox1,scramble,random,3.0,True,True,swap,5.0,,,,,,,,,,,,,,,,,,,,,,,,,,,,,,,,,,,,,,,,,,,
J30_1.RCP,,156.51315789473688,0.37415003776550293,GA_tournament_ox1_scramble_random_repair_noElitism_none,38,activity_list,1000,0,50.0,0.9,0.1,60.0,tournament,ox1,scramble,random,3.0,True,False,none,5.0,,,,,,,,,,,,,,,,,,,,,,,,,,,,,,,,,,,,,,,,,,,
J30_1.RCP,,156.51315789473688,0.3758080005645752,GA_tournament_ox1_scramble_random_repair_noElitism_swap,38,activity_list,1000,0,50.0,0.9,0.1,60.0,tournament,ox1,scramble,random,3.0,True,False,swap,5.0,,,,,,,,,,,,,,,,,,,,,,,,,,,,,,,,,,,,,,,,,,,
J30_1.RCP,,156.51315789473688,0.2077159881591797,GA_tournament_ox1_scramble_random_noRepair_elitism_none,38,activity_list,1000,0,50.0,0.9,0.1,60.0,tournament,ox1,scramble,random,3.0,False,True,none,5.0,,,,,,,,,,,,,,,,,,,,,,,,,,,,,,,,,,,,,,,,,,,
J30_1.RCP,,156.51315789473688,0.21360397338867188,GA_tournament_ox1_scramble_random_noRepair_elitism_swap,38,activity_list,1000,0,50.0,0.9,0.1,60.0,tournament,ox1,scramble,random,3.0,False,True,swap,5.0,,,,,,,,,,,,,,,,,,,,,,,,,,,,,,,,,,,,,,,,,,,
J30_1.RCP,,156.51315789473688,0.21429872512817383,GA_tournament_ox1_scramble_random_noRepair_noElitism_none,38,activity_list,1000,0,50.0,0.9,0.1,60.0,tournament,ox1,scramble,random,3.0,False,False,none,5.0,,,,,,,,,,,,,,,,,,,,,,,,,,,,,,,,,,,,,,,,,,,
J30_1.RCP,,156.51315789473688,0.2154850959777832,GA_tournament_ox1_scramble_random_noRepair_noElitism_swap,38,activity_list,1000,0,50.0,0.9,0.1,60.0,tournament,ox1,scramble,random,3.0,False,False,swap,5.0,,,,,,,,,,,,,,,,,,,,,,,,,,,,,,,,,,,,,,,,,,,
J30_1.RCP,,156.51315789473688,0.2678048610687256,GA_tournament_ox1_scramble_forward_repair_elitism_none,38,activity_list,1000,0,50.0,0.9,0.1,60.0,tournament,ox1,scramble,forward,3.0,True,True,none,5.0,,,,,,,,,,,,,,,,,,,,,,,,,,,,,,,,,,,,,,,,,,,
J30_1.RCP,,156.51315789473688,0.27588415145874023,GA_tournament_ox1_scramble_forward_repair_elitism_swap,38,activity_list,1000,0,50.0,0.9,0.1,60.0,tournament,ox1,scramble,forward,3.0,True,True,swap,5.0,,,,,,,,,,,,,,,,,,,,,,,,,,,,,,,,,,,,,,,,,,,
J30_1.RCP,,156.51315789473688,0.3758847713470459,GA_tournament_ox1_scramble_forward_repair_noElitism_none,38,activity_list,1000,0,50.0,0.9,0.1,60.0,tournament,ox1,scramble,forward,3.0,True,False,none,5.0,,,,,,,,,,,,,,,,,,,,,,,,,,,,,,,,,,,,,,,,,,,
J30_1.RCP,,156.51315789473688,0.3783700466156006,GA_tournament_ox1_scramble_forward_repair_noElitism_swap,38,activity_list,1000,0,50.0,0.9,0.1,60.0,tournament,ox1,scramble,forward,3.0,True,False,swap,5.0,,,,,,,,,,,,,,,,,,,,,,,,,,,,,,,,,,,,,,,,,,,
J30_1.RCP,,156.51315789473688,0.2081599235534668,GA_tournament_ox1_scramble_forward_noRepair_elitism_none,38,activity_list,1000,0,50.0,0.9,0.1,60.0,tournament,ox1,scramble,forward,3.0,False,True,none,5.0,,,,,,,,,,,,,,,,,,,,,,,,,,,,,,,,,,,,,,,,,,,
J30_1.RCP,,156.51315789473688,0.21498799324035645,GA_tournament_ox1_scramble_forward_noRepair_elitism_swap,38,activity_list,1000,0,50.0,0.9,0.1,60.0,tournament,ox1,scramble,forward,3.0,False,True,swap,5.0,,,,,,,,,,,,,,,,,,,,,,,,,,,,,,,,,,,,,,,,,,,
J30_1.RCP,,156.51315789473688,0.21915912628173828,GA_tournament_ox1_scramble_forward_noRepair_noElitism_none,38,activity_list,1000,0,50.0,0.9,0.1,60.0,tournament,ox1,scramble,forward,3.0,False,False,none,5.0,,,,,,,,,,,,,,,,,,,,,,,,,,,,,,,,,,,,,,,,,,,
J30_1.RCP,,156.51315789473688,0.23419499397277832,GA_tournament_ox1_scramble_forward_noRepair_noElitism_swap,38,activity_list,1000,0,50.0,0.9,0.1,60.0,tournament,ox1,scramble,forward,3.0,False,False,swap,5.0,,,,,,,,,,,,,,,,,,,,,,,,,,,,,,,,,,,,,,,,,,,
J30_1.RCP,,156.51315789473688,0.2619040012359619,GA_tournament_pmx_swap_random_repair_elitism_none,38,activity_list,1000,0,50.0,0.9,0.1,60.0,tournament,pmx,swap,random,3.0,True,True,none,5.0,,,,,,,,,,,,,,,,,,,,,,,,,,,,,,,,,,,,,,,,,,,
J30_1.RCP,,156.51315789473688,0.27242588996887207,GA_tournament_pmx_swap_random_repair_elitism_swap,38,activity_list,1000,0,50.0,0.9,0.1,60.0,tournament,pmx,swap,random,3.0,True,True,swap,5.0,,,,,,,,,,,,,,,,,,,,,,,,,,,,,,,,,,,,,,,,,,,
J30_1.RCP,,156.51315789473688,0.36098194122314453,GA_tournament_pmx_swap_random_repair_noElitism_none,38,activity_list,1000,0,50.0,0.9,0.1,60.0,tournament,pmx,swap,random,3.0,True,False,none,5.0,,,,,,,,,,,,,,,,,,,,,,,,,,,,,,,,,,,,,,,,,,,
J30_1.RCP,,156.51315789473688,0.3620598316192627,GA_tournament_pmx_swap_random_repair_noElitism_swap,38,activity_list,1000,0,50.0,0.9,0.1,60.0,tournament,pmx,swap,random,3.0,True,False,swap,5.0,,,,,,,,,,,,,,,,,,,,,,,,,,,,,,,,,,,,,,,,,,,
J30_1.RCP,,156.51315789473688,0.20846104621887207,GA_tournament_pmx_swap_random_noRepair_elitism_none,38,activity_list,1000,0,50.0,0.9,0.1,60.0,tournament,pmx,swap,random,3.0,False,True,none,5.0,,,,,,,,,,,,,,,,,,,,,,,,,,,,,,,,,,,,,,,,,,,
J30_1.RCP,,156.51315789473688,0.21374201774597168,GA_tournament_pmx_swap_random_noRepair_elitism_swap,38,activity_list,1000,0,50.0,0.9,0.1,60.0,tournament,pmx,swap,random,3.0,False,True,swap,5.0,,,,,,,,,,,,,,,,,,,,,,,,,,,,,,,,,,,,,,,,,,,
J30_1.RCP,,156.51315789473688,0.207611083984375,GA_tournament_pmx_swap_random_noRepair_noElitism_none,38,activity_list,1000,0,50.0,0.9,0.1,60.0,tournament,pmx,swap,random,3.0,False,False,none,5.0,,,,,,,,,,,,,,,,,,,,,,,,,,,,,,,,,,,,,,,,,,,
J30_1.RCP,,156.51315789473688,0.2103726863861084,GA_tournament_pmx_swap_random_noRepair_noElitism_swap,38,activity_list,1000,0,50.0,0.9,0.1,60.0,tournament,pmx,swap,random,3.0,False,False,swap,5.0,,,,,,,,,,,,,,,,,,,,,,,,,,,,,,,,,,,,,,,,,,,
J30_1.RCP,,156.51315789473688,0.26748013496398926,GA_tournament_pmx_swap_forward_repair_elitism_none,38,activity_list,1000,0,50.0,0.9,0.1,60.0,tournament,pmx,swap,forward,3.0,True,True,none,5.0,,,,,,,,,,,,,,,,,,,,,,,,,,,,,,,,,,,,,,,,,,,
J30_1.RCP,,156.51315789473688,0.2723548412322998,GA_tournament_pmx_swap_forward_repair_elitism_swap,38,activity_list,1000,0,50.0,0.9,0.1,60.0,tournament,pmx,swap,forward,3.0,True,True,swap,5.0,,,,,,,,,,,,,,,,,,,,,,,,,,,,,,,,,,,,,,,,,,,
J30_1.RCP,,156.51315789473688,0.3683607578277588,GA_tournament_pmx_swap_forward_repair_noElitism_none,38,activity_list,1000,0,50.0,0.9,0.1,60.0,tournament,pmx,swap,forward,3.0,True,False,none,5.0,,,,,,,,,,,,,,,,,,,,,,,,,,,,,,,,,,,,,,,,,,,
J30_1.RCP,,156.51315789473688,0.36632204055786133,GA_tournament_pmx_swap_forward_repair_noElitism_swap,38,activity_list,1000,0,50.0,0.9,0.1,60.0,tournament,pmx,swap,forward,3.0,True,False,swap,5.0,,,,,,,,,,,,,,,,,,,,,,,,,,,,,,,,,,,,,,,,,,,
J30_1.RCP,,156.51315789473688,0.20738887786865234,GA_tournament_pmx_swap_forward_noRepair_elitism_none,38,activity_list,1000,0,50.0,0.9,0.1,60.0,tournament,pmx,swap,forward,3.0,False,True,none,5.0,,,,,,,,,,,,,,,,,,,,,,,,,,,,,,,,,,,,,,,,,,,
J30_1.RCP,,156.51315789473688,0.21062111854553223,GA_tournament_pmx_swap_forward_noRepair_elitism_swap,38,activity_list,1000,0,50.0,0.9,0.1,60.0,tournament,pmx,swap,forward,3.0,False,True,swap,5.0,,,,,,,,,,,,,,,,,,,,,,,,,,,,,,,,,,,,,,,,,,,
J30_1.RCP,,156.51315789473688,0.2035529613494873,GA_tournament_pmx_swap_forward_noRepair_noElitism_none,38,activity_list,1000,0,50.0,0.9,0.1,60.0,tournament,pmx,swap,forward,3.0,False,False,none,5.0,,,,,,,,,,,,,,,,,,,,,,,,,,,,,,,,,,,,,,,,,,,
J30_1.RCP,,156.51315789473688,0.20862603187561035,GA_tournament_pmx_swap_forward_noRepair_noElitism_swap,38,activity_list,1000,0,50.0,0.9,0.1,60.0,tournament,pmx,swap,forward,3.0,False,False,swap,5.0,,,,,,,,,,,,,,,,,,,,,,,,,,,,,,,,,,,,,,,,,,,
J30_1.RCP,,156.51315789473688,0.2617800235748291,GA_tournament_pmx_insertion_random_repair_elitism_none,38,activity_list,1000,0,50.0,0.9,0.1,60.0,tournament,pmx,insertion,random,3.0,True,True,none,5.0,,,,,,,,,,,,,,,,,,,,,,,,,,,,,,,,,,,,,,,,,,,
J30_1.RCP,,156.51315789473688,0.27031993865966797,GA_tournament_pmx_insertion_random_repair_elitism_swap,38,activity_list,1000,0,50.0,0.9,0.1,60.0,tournament,pmx,insertion,random,3.0,True,True,swap,5.0,,,,,,,,,,,,,,,,,,,,,,,,,,,,,,,,,,,,,,,,,,,
J30_1.RCP,,156.51315789473688,0.3627440929412842,GA_tournament_pmx_insertion_random_repair_noElitism_none,38,activity_list,1000,0,50.0,0.9,0.1,60.0,tournament,pmx,insertion,random,3.0,True,False,none,5.0,,,,,,,,,,,,,,,,,,,,,,,,,,,,,,,,,,,,,,,,,,,
J30_1.RCP,,156.51315789473688,0.36189794540405273,GA_tournament_pmx_insertion_random_repair_noElitism_swap,38,activity_list,1000,0,50.0,0.9,0.1,60.0,tournament,pmx,insertion,random,3.0,True,False,swap,5.0,,,,,,,,,,,,,,,,,,,,,,,,,,,,,,,,,,,,,,,,,,,
J30_1.RCP,,156.51315789473688,0.20735692977905273,GA_tournament_pmx_insertion_random_noRepair_elitism_none,38,activity_list,1000,0,50.0,0.9,0.1,60.0,tournament,pmx,insertion,random,3.0,False,True,none,5.0,,,,,,,,,,,,,,,,,,,,,,,,,,,,,,,,,,,,,,,,,,,
J30_1.RCP,,156.51315789473688,0.2134709358215332,GA_tournament_pmx_insertion_random_noRepair_elitism_swap,38,activity_list,1000,0,50.0,0.9,0.1,60.0,tournament,pmx,insertion,random,3.0,False,True,swap,5.0,,,,,,,,,,,,,,,,,,,,,,,,,,,,,,,,,,,,,,,,,,,
J30_1.RCP,,156.51315789473688,0.20513701438903809,GA_tournament_pmx_insertion_random_noRepair_noElitism_none,38,activity_list,1000,0,50.0,0.9,0.1,60.0,tournament,pmx,insertion,random,3.0,False,False,none,5.0,,,,,,,,,,,,,,,,,,,,,,,,,,,,,,,,,,,,,,,,,,,
J30_1.RCP,,156.51315789473688,0.2140488624572754,GA_tournament_pmx_insertion_random_noRepair_noElitism_swap,38,activity_list,1000,0,50.0,0.9,0.1,60.0,tournament,pmx,insertion,random,3.0,False,False,swap,5.0,,,,,,,,,,,,,,,,,,,,,,,,,,,,,,,,,,,,,,,,,,,
J30_1.RCP,,156.51315789473688,0.2695949077606201,GA_tournament_pmx_insertion_forward_repair_elitism_none,38,activity_list,1000,0,50.0,0.9,0.1,60.0,tournament,pmx,insertion,forward,3.0,True,True,none,5.0,,,,,,,,,,,,,,,,,,,,,,,,,,,,,,,,,,,,,,,,,,,
J30_1.RCP,,156.51315789473688,0.27517175674438477,GA_tournament_pmx_insertion_forward_repair_elitism_swap,38,activity_list,1000,0,50.0,0.9,0.1,60.0,tournament,pmx,insertion,forward,3.0,True,True,swap,5.0,,,,,,,,,,,,,,,,,,,,,,,,,,,,,,,,,,,,,,,,,,,
J30_1.RCP,,156.51315789473688,0.37680792808532715,GA_tournament_pmx_insertion_forward_repair_noElitism_none,38,activity_list,1000,0,50.0,0.9,0.1,60.0,tournament,pmx,insertion,forward,3.0,True,False,none,5.0,,,,,,,,,,,,,,,,,,,,,,,,,,,,,,,,,,,,,,,,,,,
J30_1.RCP,,156.51315789473688,0.3619980812072754,GA_tournament_pmx_insertion_forward_repair_noElitism_swap,38,activity_list,1000,0,50.0,0.9,0.1,60.0,tournament,pmx,insertion,forward,3.0,True,False,swap,5.0,,,,,,,,,,,,,,,,,,,,,,,,,,,,,,,,,,,,,,,,,,,
J30_1.RCP,,156.51315789473688,0.2052931785583496,GA_tournament_pmx_insertion_forward_noRepair_elitism_none,38,activity_list,1000,0,50.0,0.9,0.1,60.0,tournament,pmx,insertion,forward,3.0,False,True,none,5.0,,,,,,,,,,,,,,,,,,,,,,,,,,,,,,,,,,,,,,,,,,,
J30_1.RCP,,156.51315789473688,0.21028709411621094,GA_tournament_pmx_insertion_forward_noRepair_elitism_swap,38,activity_list,1000,0,50.0,0.9,0.1,60.0,tournament,pmx,insertion,forward,3.0,False,True,swap,5.0,,,,,,,,,,,,,,,,,,,,,,,,,,,,,,,,,,,,,,,,,,,
J30_1.RCP,,156.51315789473688,0.25199389457702637,GA_tournament_pmx_insertion_forward_noRepair_noElitism_none,38,activity_list,1000,0,50.0,0.9,0.1,60.0,tournament,pmx,insertion,forward,3.0,False,False,none,5.0,,,,,,,,,,,,,,,,,,,,,,,,,,,,,,,,,,,,,,,,,,,
J30_1.RCP,,156.51315789473688,0.20697498321533203,GA_tournament_pmx_insertion_forward_noRepair_noElitism_swap,38,activity_list,1000,0,50.0,0.9,0.1,60.0,tournament,pmx,insertion,forward,3.0,False,False,swap,5.0,,,,,,,,,,,,,,,,,,,,,,,,,,,,,,,,,,,,,,,,,,,
J30_1.RCP,,156.51315789473688,0.2610619068145752,GA_tournament_pmx_inversion_random_repair_elitism_none,38,activity_list,1000,0,50.0,0.9,0.1,60.0,tournament,pmx,inversion,random,3.0,True,True,none,5.0,,,,,,,,,,,,,,,,,,,,,,,,,,,,,,,,,,,,,,,,,,,
J30_1.RCP,,156.51315789473688,0.2700469493865967,GA_tournament_pmx_inversion_random_repair_elitism_swap,38,activity_list,1000,0,50.0,0.9,0.1,60.0,tournament,pmx,inversion,random,3.0,True,True,swap,5.0,,,,,,,,,,,,,,,,,,,,,,,,,,,,,,,,,,,,,,,,,,,
J30_1.RCP,,156.51315789473688,0.36300182342529297,GA_tournament_pmx_inversion_random_repair_noElitism_none,38,activity_list,1000,0,50.0,0.9,0.1,60.0,tournament,pmx,inversion,random,3.0,True,False,none,5.0,,,,,,,,,,,,,,,,,,,,,,,,,,,,,,,,,,,,,,,,,,,
J30_1.RCP,,156.51315789473688,0.36327195167541504,GA_tournament_pmx_inversion_random_repair_noElitism_swap,38,activity_list,1000,0,50.0,0.9,0.1,60.0,tournament,pmx,inversion,random,3.0,True,False,swap,5.0,,,,,,,,,,,,,,,,,,,,,,,,,,,,,,,,,,,,,,,,,,,
J30_1.RCP,,156.51315789473688,0.20721220970153809,GA_tournament_pmx_inversion_random_noRepair_elitism_none,38,activity_list,1000,0,50.0,0.9,0.1,60.0,tournament,pmx,inversion,random,3.0,False,True,none,5.0,,,,,,,,,,,,,,,,,,,,,,,,,,,,,,,,,,,,,,,,,,,
J30_1.RCP,,156.51315789473688,0.21589303016662598,GA_tournament_pmx_inversion_random_noRepair_elitism_swap,38,activity_list,1000,0,50.0,0.9,0.1,60.0,tournament,pmx,inversion,random,3.0,False,True,swap,5.0,,,,,,,,,,,,,,,,,,,,,,,,,,,,,,,,,,,,,,,,,,,
J30_1.RCP,,156.51315789473688,0.20835614204406738,GA_tournament_pmx_inversion_random_noRepair_noElitism_none,38,activity_list,1000,0,50.0,0.9,0.1,60.0,tournament,pmx,inversion,random,3.0,False,False,none,5.0,,,,,,,,,,,,,,,,,,,,,,,,,,,,,,,,,,,,,,,,,,,
J30_1.RCP,,156.51315789473688,0.20860695838928223,GA_tournament_pmx_inversion_random_noRepair_noElitism_swap,38,activity_list,1000,0,50.0,0.9,0.1,60.0,tournament,pmx,inversion,random,3.0,False,False,swap,5.0,,,,,,,,,,,,,,,,,,,,,,,,,,,,,,,,,,,,,,,,,,,
J30_1.RCP,,156.51315789473688,0.2643270492553711,GA_tournament_pmx_inversion_forward_repair_elitism_none,38,activity_list,1000,0,50.0,0.9,0.1,60.0,tournament,pmx,inversion,forward,3.0,True,True,none,5.0,,,,,,,,,,,,,,,,,,,,,,,,,,,,,,,,,,,,,,,,,,,
J30_1.RCP,,156.51315789473688,0.2722761631011963,GA_tournament_pmx_inversion_forward_repair_elitism_swap,38,activity_list,1000,0,50.0,0.9,0.1,60.0,tournament,pmx,inversion,forward,3.0,True,True,swap,5.0,,,,,,,,,,,,,,,,,,,,,,,,,,,,,,,,,,,,,,,,,,,
J30_1.RCP,,156.51315789473688,0.36858701705932617,GA_tournament_pmx_inversion_forward_repair_noElitism_none,38,activity_list,1000,0,50.0,0.9,0.1,60.0,tournament,pmx,inversion,forward,3.0,True,False,none,5.0,,,,,,,,,,,,,,,,,,,,,,,,,,,,,,,,,,,,,,,,,,,
J30_1.RCP,,156.51315789473688,0.36418795585632324,GA_tournament_pmx_inversion_forward_repair_noElitism_swap,38,activity_list,1000,0,50.0,0.9,0.1,60.0,tournament,pmx,inversion,forward,3.0,True,False,swap,5.0,,,,,,,,,,,,,,,,,,,,,,,,,,,,,,,,,,,,,,,,,,,
J30_1.RCP,,156.51315789473688,0.20548510551452637,GA_tournament_pmx_inversion_forward_noRepair_elitism_none,38,activity_list,1000,0,50.0,0.9,0.1,60.0,tournament,pmx,inversion,forward,3.0,False,True,none,5.0,,,,,,,,,,,,,,,,,,,,,,,,,,,,,,,,,,,,,,,,,,,
J30_1.RCP,,156.51315789473688,0.21147608757019043,GA_tournament_pmx_inversion_forward_noRepair_elitism_swap,38,activity_list,1000,0,50.0,0.9,0.1,60.0,tournament,pmx,inversion,forward,3.0,False,True,swap,5.0,,,,,,,,,,,,,,,,,,,,,,,,,,,,,,,,,,,,,,,,,,,
J30_1.RCP,,156.51315789473688,0.23836493492126465,GA_tournament_pmx_inversion_forward_noRepair_noElitism_none,38,activity_list,1000,0,50.0,0.9,0.1,60.0,tournament,pmx,inversion,forward,3.0,False,False,none,5.0,,,,,,,,,,,,,,,,,,,,,,,,,,,,,,,,,,,,,,,,,,,
J30_1.RCP,,156.51315789473688,0.21693801879882812,GA_tournament_pmx_inversion_forward_noRepair_noElitism_swap,38,activity_list,1000,0,50.0,0.9,0.1,60.0,tournament,pmx,inversion,forward,3.0,False,False,swap,5.0,,,,,,,,,,,,,,,,,,,,,,,,,,,,,,,,,,,,,,,,,,,
J30_1.RCP,,156.51315789473688,0.26397204399108887,GA_tournament_pmx_scramble_random_repair_elitism_none,38,activity_list,1000,0,50.0,0.9,0.1,60.0,tournament,pmx,scramble,random,3.0,True,True,none,5.0,,,,,,,,,,,,,,,,,,,,,,,,,,,,,,,,,,,,,,,,,,,
J30_1.RCP,,156.51315789473688,0.27068519592285156,GA_tournament_pmx_scramble_random_repair_elitism_swap,38,activity_list,1000,0,50.0,0.9,0.1,60.0,tournament,pmx,scramble,random,3.0,True,True,swap,5.0,,,,,,,,,,,,,,,,,,,,,,,,,,,,,,,,,,,,,,,,,,,
J30_1.RCP,,156.51315789473688,0.3648698329925537,GA_tournament_pmx_scramble_random_repair_noElitism_none,38,activity_list,1000,0,50.0,0.9,0.1,60.0,tournament,pmx,scramble,random,3.0,True,False,none,5.0,,,,,,,,,,,,,,,,,,,,,,,,,,,,,,,,,,,,,,,,,,,
J30_1.RCP,,156.51315789473688,0.3612947463989258,GA_tournament_pmx_scramble_random_repair_noElitism_swap,38,activity_list,1000,0,50.0,0.9,0.1,60.0,tournament,pmx,scramble,random,3.0,True,False,swap,5.0,,,,,,,,,,,,,,,,,,,,,,,,,,,,,,,,,,,,,,,,,,,
J30_1.RCP,,156.51315789473688,0.20815277099609375,GA_tournament_pmx_scramble_random_noRepair_elitism_none,38,activity_list,1000,0,50.0,0.9,0.1,60.0,tournament,pmx,scramble,random,3.0,False,True,none,5.0,,,,,,,,,,,,,,,,,,,,,,,,,,,,,,,,,,,,,,,,,,,
J30_1.RCP,,156.51315789473688,0.2128751277923584,GA_tournament_pmx_scramble_random_noRepair_elitism_swap,38,activity_list,1000,0,50.0,0.9,0.1,60.0,tournament,pmx,scramble,random,3.0,False,True,swap,5.0,,,,,,,,,,,,,,,,,,,,,,,,,,,,,,,,,,,,,,,,,,,
J30_1.RCP,,156.51315789473688,0.20985865592956543,GA_tournament_pmx_scramble_random_noRepair_noElitism_none,38,activity_list,1000,0,50.0,0.9,0.1,60.0,tournament,pmx,scramble,random,3.0,False,False,none,5.0,,,,,,,,,,,,,,,,,,,,,,,,,,,,,,,,,,,,,,,,,,,
J30_1.RCP,,156.51315789473688,0.20797419548034668,GA_tournament_pmx_scramble_random_noRepair_noElitism_swap,38,activity_list,1000,0,50.0,0.9,0.1,60.0,tournament,pmx,scramble,random,3.0,False,False,swap,5.0,,,,,,,,,,,,,,,,,,,,,,,,,,,,,,,,,,,,,,,,,,,
J30_1.RCP,,156.51315789473688,0.26369380950927734,GA_tournament_pmx_scramble_forward_repair_elitism_none,38,activity_list,1000,0,50.0,0.9,0.1,60.0,tournament,pmx,scramble,forward,3.0,True,True,none,5.0,,,,,,,,,,,,,,,,,,,,,,,,,,,,,,,,,,,,,,,,,,,
J30_1.RCP,,156.51315789473688,0.2742006778717041,GA_tournament_pmx_scramble_forward_repair_elitism_swap,38,activity_list,1000,0,50.0,0.9,0.1,60.0,tournament,pmx,scramble,forward,3.0,True,True,swap,5.0,,,,,,,,,,,,,,,,,,,,,,,,,,,,,,,,,,,,,,,,,,,
J30_1.RCP,,156.51315789473688,0.37007689476013184,GA_tournament_pmx_scramble_forward_repair_noElitism_none,38,activity_list,1000,0,50.0,0.9,0.1,60.0,tournament,pmx,scramble,forward,3.0,True,False,none,5.0,,,,,,,,,,,,,,,,,,,,,,,,,,,,,,,,,,,,,,,,,,,
J30_1.RCP,,156.51315789473688,0.36530613899230957,GA_tournament_pmx_scramble_forward_repair_noElitism_swap,38,activity_list,1000,0,50.0,0.9,0.1,60.0,tournament,pmx,scramble,forward,3.0,True,False,swap,5.0,,,,,,,,,,,,,,,,,,,,,,,,,,,,,,,,,,,,,,,,,,,
J30_1.RCP,,156.51315789473688,0.20508980751037598,GA_tournament_pmx_scramble_forward_noRepair_elitism_none,38,activity_list,1000,0,50.0,0.9,0.1,60.0,tournament,pmx,scramble,forward,3.0,False,True,none,5.0,,,,,,,,,,,,,,,,,,,,,,,,,,,,,,,,,,,,,,,,,,,
J30_1.RCP,,156.51315789473688,0.21251916885375977,GA_tournament_pmx_scramble_forward_noRepair_elitism_swap,38,activity_list,1000,0,50.0,0.9,0.1,60.0,tournament,pmx,scramble,forward,3.0,False,True,swap,5.0,,,,,,,,,,,,,,,,,,,,,,,,,,,,,,,,,,,,,,,,,,,
J30_1.RCP,,156.51315789473688,0.20842695236206055,GA_tournament_pmx_scramble_forward_noRepair_noElitism_none,38,activity_list,1000,0,50.0,0.9,0.1,60.0,tournament,pmx,scramble,forward,3.0,False,False,none,5.0,,,,,,,,,,,,,,,,,,,,,,,,,,,,,,,,,,,,,,,,,,,
J30_1.RCP,,156.51315789473688,0.20728826522827148,GA_tournament_pmx_scramble_forward_noRepair_noElitism_swap,38,activity_list,1000,0,50.0,0.9,0.1,60.0,tournament,pmx,scramble,forward,3.0,False,False,swap,5.0,,,,,,,,,,,,,,,,,,,,,,,,,,,,,,,,,,,,,,,,,,,
J30_1.RCP,,156.51315789473688,0.26276302337646484,GA_tournament_order_swap_random_repair_elitism_none,38,activity_list,1000,0,50.0,0.9,0.1,60.0,tournament,order,swap,random,3.0,True,True,none,5.0,,,,,,,,,,,,,,,,,,,,,,,,,,,,,,,,,,,,,,,,,,,
J30_1.RCP,,156.51315789473688,0.27185606956481934,GA_tournament_order_swap_random_repair_elitism_swap,38,activity_list,1000,0,50.0,0.9,0.1,60.0,tournament,order,swap,random,3.0,True,True,swap,5.0,,,,,,,,,,,,,,,,,,,,,,,,,,,,,,,,,,,,,,,,,,,
J30_1.RCP,,156.51315789473688,0.36687421798706055,GA_tournament_order_swap_random_repair_noElitism_none,38,activity_list,1000,0,50.0,0.9,0.1,60.0,tournament,order,swap,random,3.0,True,False,none,5.0,,,,,,,,,,,,,,,,,,,,,,,,,,,,,,,,,,,,,,,,,,,
J30_1.RCP,,156.51315789473688,0.3642711639404297,GA_tournament_order_swap_random_repair_noElitism_swap,38,activity_list,1000,0,50.0,0.9,0.1,60.0,tournament,order,swap,random,3.0,True,False,swap,5.0,,,,,,,,,,,,,,,,,,,,,,,,,,,,,,,,,,,,,,,,,,,
J30_1.RCP,,156.51315789473688,0.2070472240447998,GA_tournament_order_swap_random_noRepair_elitism_none,38,activity_list,1000,0,50.0,0.9,0.1,60.0,tournament,order,swap,random,3.0,False,True,none,5.0,,,,,,,,,,,,,,,,,,,,,,,,,,,,,,,,,,,,,,,,,,,
J30_1.RCP,,156.51315789473688,0.2163090705871582,GA_tournament_order_swap_random_noRepair_elitism_swap,38,activity_list,1000,0,50.0,0.9,0.1,60.0,tournament,order,swap,random,3.0,False,True,swap,5.0,,,,,,,,,,,,,,,,,,,,,,,,,,,,,,,,,,,,,,,,,,,
J30_1.RCP,,156.51315789473688,0.20527887344360352,GA_tournament_order_swap_random_noRepair_noElitism_none,38,activity_list,1000,0,50.0,0.9,0.1,60.0,tournament,order,swap,random,3.0,False,False,none,5.0,,,,,,,,,,,,,,,,,,,,,,,,,,,,,,,,,,,,,,,,,,,
J30_1.RCP,,156.51315789473688,0.2048659324645996,GA_tournament_order_swap_random_noRepair_noElitism_swap,38,activity_list,1000,0,50.0,0.9,0.1,60.0,tournament,order,swap,random,3.0,False,False,swap,5.0,,,,,,,,,,,,,,,,,,,,,,,,,,,,,,,,,,,,,,,,,,,
J30_1.RCP,,156.51315789473688,0.2667570114135742,GA_tournament_order_swap_forward_repair_elitism_none,38,activity_list,1000,0,50.0,0.9,0.1,60.0,tournament,order,swap,forward,3.0,True,True,none,5.0,,,,,,,,,,,,,,,,,,,,,,,,,,,,,,,,,,,,,,,,,,,
J30_1.RCP,,156.51315789473688,0.2746610641479492,GA_tournament_order_swap_forward_repair_elitism_swap,38,activity_list,1000,0,50.0,0.9,0.1,60.0,tournament,order,swap,forward,3.0,True,True,swap,5.0,,,,,,,,,,,,,,,,,,,,,,,,,,,,,,,,,,,,,,,,,,,
J30_1.RCP,,156.51315789473688,0.37526416778564453,GA_tournament_order_swap_forward_repair_noElitism_none,38,activity_list,1000,0,50.0,0.9,0.1,60.0,tournament,order,swap,forward,3.0,True,False,none,5.0,,,,,,,,,,,,,,,,,,,,,,,,,,,,,,,,,,,,,,,,,,,
J30_1.RCP,,156.51315789473688,0.37276792526245117,GA_tournament_order_swap_forward_repair_noElitism_swap,38,activity_list,1000,0,50.0,0.9,0.1,60.0,tournament,order,swap,forward,3.0,True,False,swap,5.0,,,,,,,,,,,,,,,,,,,,,,,,,,,,,,,,,,,,,,,,,,,
J30_1.RCP,,156.51315789473688,0.20697712898254395,GA_tournament_order_swap_forward_noRepair_elitism_none,38,activity_list,1000,0,50.0,0.9,0.1,60.0,tournament,order,swap,forward,3.0,False,True,none,5.0,,,,,,,,,,,,,,,,,,,,,,,,,,,,,,,,,,,,,,,,,,,
J30_1.RCP,,156.51315789473688,0.21439695358276367,GA_tournament_order_swap_forward_noRepair_elitism_swap,38,activity_list,1000,0,50.0,0.9,0.1,60.0,tournament,order,swap,forward,3.0,False,True,swap,5.0,,,,,,,,,,,,,,,,,,,,,,,,,,,,,,,,,,,,,,,,,,,
J30_1.RCP,,156.51315789473688,0.20612883567810059,GA_tournament_order_swap_forward_noRepair_noElitism_none,38,activity_list,1000,0,50.0,0.9,0.1,60.0,tournament,order,swap,forward,3.0,False,False,none,5.0,,,,,,,,,,,,,,,,,,,,,,,,,,,,,,,,,,,,,,,,,,,
J30_1.RCP,,156.51315789473688,0.20823884010314941,GA_tournament_order_swap_forward_noRepair_noElitism_swap,38,activity_list,1000,0,50.0,0.9,0.1,60.0,tournament,order,swap,forward,3.0,False,False,swap,5.0,,,,,,,,,,,,,,,,,,,,,,,,,,,,,,,,,,,,,,,,,,,
J30_1.RCP,,156.51315789473688,0.2650728225708008,GA_tournament_order_insertion_random_repair_elitism_none,38,activity_list,1000,0,50.0,0.9,0.1,60.0,tournament,order,insertion,random,3.0,True,True,none,5.0,,,,,,,,,,,,,,,,,,,,,,,,,,,,,,,,,,,,,,,,,,,
J30_1.RCP,,156.51315789473688,0.2725059986114502,GA_tournament_order_insertion_random_repair_elitism_swap,38,activity_list,1000,0,50.0,0.9,0.1,60.0,tournament,order,insertion,random,3.0,True,True,swap,5.0,,,,,,,,,,,,,,,,,,,,,,,,,,,,,,,,,,,,,,,,,,,
J30_1.RCP,,156.51315789473688,0.3682701587677002,GA_tournament_order_insertion_random_repair_noElitism_none,38,activity_list,1000,0,50.0,0.9,0.1,60.0,tournament,order,insertion,random,3.0,True,False,none,5.0,,,,,,,,,,,,,,,,,,,,,,,,,,,,,,,,,,,,,,,,,,,
J30_1.RCP,,156.51315789473688,0.3665740489959717,GA_tournament_order_insertion_random_repair_noElitism_swap,38,activity_list,1000,0,50.0,0.9,0.1,60.0,tournament,order,insertion,random,3.0,True,False,swap,5.0,,,,,,,,,,,,,,,,,,,,,,,,,,,,,,,,,,,,,,,,,,,
J30_1.RCP,,156.51315789473688,0.20644688606262207,GA_tournament_order_insertion_random_noRepair_elitism_none,38,activity_list,1000,0,50.0,0.9,0.1,60.0,tournament,order,insertion,random,3.0,False,True,none,5.0,,,,,,,,,,,,,,,,,,,,,,,,,,,,,,,,,,,,,,,,,,,
J30_1.RCP,,156.51315789473688,0.21358108520507812,GA_tournament_order_insertion_random_noRepair_elitism_swap,38,activity_list,1000,0,50.0,0.9,0.1,60.0,tournament,order,insertion,random,3.0,False,True,swap,5.0,,,,,,,,,,,,,,,,,,,,,,,,,,,,,,,,,,,,,,,,,,,
J30_1.RCP,,156.51315789473688,0.20478200912475586,GA_tournament_order_insertion_random_noRepair_noElitism_none,38,activity_list,1000,0,50.0,0.9,0.1,60.0,tournament,order,insertion,random,3.0,False,False,none,5.0,,,,,,,,,,,,,,,,,,,,,,,,,,,,,,,,,,,,,,,,,,,
J30_1.RCP,,156.51315789473688,0.20584702491760254,GA_tournament_order_insertion_random_noRepair_noElitism_swap,38,activity_list,1000,0,50.0,0.9,0.1,60.0,tournament,order,insertion,random,3.0,False,False,swap,5.0,,,,,,,,,,,,,,,,,,,,,,,,,,,,,,,,,,,,,,,,,,,
J30_1.RCP,,156.51315789473688,0.2671980857849121,GA_tournament_order_insertion_forward_repair_elitism_none,38,activity_list,1000,0,50.0,0.9,0.1,60.0,tournament,order,insertion,forward,3.0,True,True,none,5.0,,,,,,,,,,,,,,,,,,,,,,,,,,,,,,,,,,,,,,,,,,,
J30_1.RCP,,156.51315789473688,0.274655818939209,GA_tournament_order_insertion_forward_repair_elitism_swap,38,activity_list,1000,0,50.0,0.9,0.1,60.0,tournament,order,insertion,forward,3.0,True,True,swap,5.0,,,,,,,,,,,,,,,,,,,,,,,,,,,,,,,,,,,,,,,,,,,
J30_1.RCP,,156.51315789473688,0.37358999252319336,GA_tournament_order_insertion_forward_repair_noElitism_none,38,activity_list,1000,0,50.0,0.9,0.1,60.0,tournament,order,insertion,forward,3.0,True,False,none,5.0,,,,,,,,,,,,,,,,,,,,,,,,,,,,,,,,,,,,,,,,,,,
J30_1.RCP,,156.51315789473688,0.36791396141052246,GA_tournament_order_insertion_forward_repair_noElitism_swap,38,activity_list,1000,0,50.0,0.9,0.1,60.0,tournament,order,insertion,forward,3.0,True,False,swap,5.0,,,,,,,,,,,,,,,,,,,,,,,,,,,,,,,,,,,,,,,,,,,
J30_1.RCP,,156.51315789473688,0.20722603797912598,GA_tournament_order_insertion_forward_noRepair_elitism_none,38,activity_list,1000,0,50.0,0.9,0.1,60.0,tournament,order,insertion,forward,3.0,False,True,none,5.0,,,,,,,,,,,,,,,,,,,,,,,,,,,,,,,,,,,,,,,,,,,
J30_1.RCP,,156.51315789473688,0.21570467948913574,GA_tournament_order_insertion_forward_noRepair_elitism_swap,38,activity_list,1000,0,50.0,0.9,0.1,60.0,tournament,order,insertion,forward,3.0,False,True,swap,5.0,,,,,,,,,,,,,,,,,,,,,,,,,,,,,,,,,,,,,,,,,,,
J30_1.RCP,,156.51315789473688,0.23964190483093262,GA_tournament_order_insertion_forward_noRepair_noElitism_none,38,activity_list,1000,0,50.0,0.9,0.1,60.0,tournament,order,insertion,forward,3.0,False,False,none,5.0,,,,,,,,,,,,,,,,,,,,,,,,,,,,,,,,,,,,,,,,,,,
J30_1.RCP,,156.51315789473688,0.2203819751739502,GA_tournament_order_insertion_forward_noRepair_noElitism_swap,38,activity_list,1000,0,50.0,0.9,0.1,60.0,tournament,order,insertion,forward,3.0,False,False,swap,5.0,,,,,,,,,,,,,,,,,,,,,,,,,,,,,,,,,,,,,,,,,,,
J30_1.RCP,,156.51315789473688,0.26389288902282715,GA_tournament_order_inversion_random_repair_elitism_none,38,activity_list,1000,0,50.0,0.9,0.1,60.0,tournament,order,inversion,random,3.0,True,True,none,5.0,,,,,,,,,,,,,,,,,,,,,,,,,,,,,,,,,,,,,,,,,,,
J30_1.RCP,,156.51315789473688,0.2736048698425293,GA_tournament_order_inversion_random_repair_elitism_swap,38,activity_list,1000,0,50.0,0.9,0.1,60.0,tournament,order,inversion,random,3.0,True,True,swap,5.0,,,,,,,,,,,,,,,,,,,,,,,,,,,,,,,,,,,,,,,,,,,
J30_1.RCP,,156.51315789473688,0.3660452365875244,GA_tournament_order_inversion_random_repair_noElitism_none,38,activity_list,1000,0,50.0,0.9,0.1,60.0,tournament,order,inversion,random,3.0,True,False,none,5.0,,,,,,,,,,,,,,,,,,,,,,,,,,,,,,,,,,,,,,,,,,,
J30_1.RCP,,156.51315789473688,0.3665640354156494,GA_tournament_order_inversion_random_repair_noElitism_swap,38,activity_list,1000,0,50.0,0.9,0.1,60.0,tournament,order,inversion,random,3.0,True,False,swap,5.0,,,,,,,,,,,,,,,,,,,,,,,,,,,,,,,,,,,,,,,,,,,
J30_1.RCP,,156.51315789473688,0.2057349681854248,GA_tournament_order_inversion_random_noRepair_elitism_none,38,activity_list,1000,0,50.0,0.9,0.1,60.0,tournament,order,inversion,random,3.0,False,True,none,5.0,,,,,,,,,,,,,,,,,,,,,,,,,,,,,,,,,,,,,,,,,,,
J30_1.RCP,,156.51315789473688,0.21587800979614258,GA_tournament_order_inversion_random_noRepair_elitism_swap,38,activity_list,1000,0,50.0,0.9,0.1,60.0,tournament,order,inversion,random,3.0,False,True,swap,5.0,,,,,,,,,,,,,,,,,,,,,,,,,,,,,,,,,,,,,,,,,,,
J30_1.RCP,,156.51315789473688,0.2046961784362793,GA_tournament_order_inversion_random_noRepair_noElitism_none,38,activity_list,1000,0,50.0,0.9,0.1,60.0,tournament,order,inversion,random,3.0,False,False,none,5.0,,,,,,,,,,,,,,,,,,,,,,,,,,,,,,,,,,,,,,,,,,,
J30_1.RCP,,156.51315789473688,0.20870399475097656,GA_tournament_order_inversion_random_noRepair_noElitism_swap,38,activity_list,1000,0,50.0,0.9,0.1,60.0,tournament,order,inversion,random,3.0,False,False,swap,5.0,,,,,,,,,,,,,,,,,,,,,,,,,,,,,,,,,,,,,,,,,,,
J30_1.RCP,,156.51315789473688,0.2654151916503906,GA_tournament_order_inversion_forward_repair_elitism_none,38,activity_list,1000,0,50.0,0.9,0.1,60.0,tournament,order,inversion,forward,3.0,True,True,none,5.0,,,,,,,,,,,,,,,,,,,,,,,,,,,,,,,,,,,,,,,,,,,
J30_1.RCP,,156.51315789473688,0.2766737937927246,GA_tournament_order_inversion_forward_repair_elitism_swap,38,activity_list,1000,0,50.0,0.9,0.1,60.0,tournament,order,inversion,forward,3.0,True,True,swap,5.0,,,,,,,,,,,,,,,,,,,,,,,,,,,,,,,,,,,,,,,,,,,
J30_1.RCP,,156.51315789473688,0.37213611602783203,GA_tournament_order_inversion_forward_repair_noElitism_none,38,activity_list,1000,0,50.0,0.9,0.1,60.0,tournament,order,inversion,forward,3.0,True,False,none,5.0,,,,,,,,,,,,,,,,,,,,,,,,,,,,,,,,,,,,,,,,,,,
J30_1.RCP,,156.51315789473688,0.36955809593200684,GA_tournament_order_inversion_forward_repair_noElitism_swap,38,activity_list,1000,0,50.0,0.9,0.1,60.0,tournament,order,inversion,forward,3.0,True,False,swap,5.0,,,,,,,,,,,,,,,,,,,,,,,,,,,,,,,,,,,,,,,,,,,
J30_1.RCP,,156.51315789473688,0.20880818367004395,GA_tournament_order_inversion_forward_noRepair_elitism_none,38,activity_list,1000,0,50.0,0.9,0.1,60.0,tournament,order,inversion,forward,3.0,False,True,none,5.0,,,,,,,,,,,,,,,,,,,,,,,,,,,,,,,,,,,,,,,,,,,
J30_1.RCP,,156.51315789473688,0.2129669189453125,GA_tournament_order_inversion_forward_noRepair_elitism_swap,38,activity_list,1000,0,50.0,0.9,0.1,60.0,tournament,order,inversion,forward,3.0,False,True,swap,5.0,,,,,,,,,,,,,,,,,,,,,,,,,,,,,,,,,,,,,,,,,,,
J30_1.RCP,,156.51315789473688,0.20663189888000488,GA_tournament_order_inversion_forward_noRepair_noElitism_none,38,activity_list,1000,0,50.0,0.9,0.1,60.0,tournament,order,inversion,forward,3.0,False,False,none,5.0,,,,,,,,,,,,,,,,,,,,,,,,,,,,,,,,,,,,,,,,,,,
J30_1.RCP,,156.51315789473688,0.2098391056060791,GA_tournament_order_inversion_forward_noRepair_noElitism_swap,38,activity_list,1000,0,50.0,0.9,0.1,60.0,tournament,order,inversion,forward,3.0,False,False,swap,5.0,,,,,,,,,,,,,,,,,,,,,,,,,,,,,,,,,,,,,,,,,,,
J30_1.RCP,,156.51315789473688,0.27895092964172363,GA_tournament_order_scramble_random_repair_elitism_none,38,activity_list,1000,0,50.0,0.9,0.1,60.0,tournament,order,scramble,random,3.0,True,True,none,5.0,,,,,,,,,,,,,,,,,,,,,,,,,,,,,,,,,,,,,,,,,,,
J30_1.RCP,,156.51315789473688,0.2765369415283203,GA_tournament_order_scramble_random_repair_elitism_swap,38,activity_list,1000,0,50.0,0.9,0.1,60.0,tournament,order,scramble,random,3.0,True,True,swap,5.0,,,,,,,,,,,,,,,,,,,,,,,,,,,,,,,,,,,,,,,,,,,
J30_1.RCP,,156.51315789473688,0.36913108825683594,GA_tournament_order_scramble_random_repair_noElitism_none,38,activity_list,1000,0,50.0,0.9,0.1,60.0,tournament,order,scramble,random,3.0,True,False,none,5.0,,,,,,,,,,,,,,,,,,,,,,,,,,,,,,,,,,,,,,,,,,,
J30_1.RCP,,156.51315789473688,0.36725616455078125,GA_tournament_order_scramble_random_repair_noElitism_swap,38,activity_list,1000,0,50.0,0.9,0.1,60.0,tournament,order,scramble,random,3.0,True,False,swap,5.0,,,,,,,,,,,,,,,,,,,,,,,,,,,,,,,,,,,,,,,,,,,
J30_1.RCP,,156.51315789473688,0.208266019821167,GA_tournament_order_scramble_random_noRepair_elitism_none,38,activity_list,1000,0,50.0,0.9,0.1,60.0,tournament,order,scramble,random,3.0,False,True,none,5.0,,,,,,,,,,,,,,,,,,,,,,,,,,,,,,,,,,,,,,,,,,,
J30_1.RCP,,156.51315789473688,0.2129530906677246,GA_tournament_order_scramble_random_noRepair_elitism_swap,38,activity_list,1000,0,50.0,0.9,0.1,60.0,tournament,order,scramble,random,3.0,False,True,swap,5.0,,,,,,,,,,,,,,,,,,,,,,,,,,,,,,,,,,,,,,,,,,,
J30_1.RCP,,156.51315789473688,0.20541024208068848,GA_tournament_order_scramble_random_noRepair_noElitism_none,38,activity_list,1000,0,50.0,0.9,0.1,60.0,tournament,order,scramble,random,3.0,False,False,none,5.0,,,,,,,,,,,,,,,,,,,,,,,,,,,,,,,,,,,,,,,,,,,
J30_1.RCP,,156.51315789473688,0.20658397674560547,GA_tournament_order_scramble_random_noRepair_noElitism_swap,38,activity_list,1000,0,50.0,0.9,0.1,60.0,tournament,order,scramble,random,3.0,False,False,swap,5.0,,,,,,,,,,,,,,,,,,,,,,,,,,,,,,,,,,,,,,,,,,,
J30_1.RCP,,156.51315789473688,0.26671695709228516,GA_tournament_order_scramble_forward_repair_elitism_none,38,activity_list,1000,0,50.0,0.9,0.1,60.0,tournament,order,scramble,forward,3.0,True,True,none,5.0,,,,,,,,,,,,,,,,,,,,,,,,,,,,,,,,,,,,,,,,,,,
J30_1.RCP,,156.51315789473688,0.27732086181640625,GA_tournament_order_scramble_forward_repair_elitism_swap,38,activity_list,1000,0,50.0,0.9,0.1,60.0,tournament,order,scramble,forward,3.0,True,True,swap,5.0,,,,,,,,,,,,,,,,,,,,,,,,,,,,,,,,,,,,,,,,,,,
J30_1.RCP,,156.51315789473688,0.3721311092376709,GA_tournament_order_scramble_forward_repair_noElitism_none,38,activity_list,1000,0,50.0,0.9,0.1,60.0,tournament,order,scramble,forward,3.0,True,False,none,5.0,,,,,,,,,,,,,,,,,,,,,,,,,,,,,,,,,,,,,,,,,,,
J30_1.RCP,,156.51315789473688,0.36984992027282715,GA_tournament_order_scramble_forward_repair_noElitism_swap,38,activity_list,1000,0,50.0,0.9,0.1,60.0,tournament,order,scramble,forward,3.0,True,False,swap,5.0,,,,,,,,,,,,,,,,,,,,,,,,,,,,,,,,,,,,,,,,,,,
J30_1.RCP,,156.51315789473688,0.2090129852294922,GA_tournament_order_scramble_forward_noRepair_elitism_none,38,activity_list,1000,0,50.0,0.9,0.1,60.0,tournament,order,scramble,forward,3.0,False,True,none,5.0,,,,,,,,,,,,,,,,,,,,,,,,,,,,,,,,,,,,,,,,,,,
J30_1.RCP,,156.51315789473688,0.2156510353088379,GA_tournament_order_scramble_forward_noRepair_elitism_swap,38,activity_list,1000,0,50.0,0.9,0.1,60.0,tournament,order,scramble,forward,3.0,False,True,swap,5.0,,,,,,,,,,,,,,,,,,,,,,,,,,,,,,,,,,,,,,,,,,,
J30_1.RCP,,156.51315789473688,0.2062830924987793,GA_tournament_order_scramble_forward_noRepair_noElitism_none,38,activity_list,1000,0,50.0,0.9,0.1,60.0,tournament,order,scramble,forward,3.0,False,False,none,5.0,,,,,,,,,,,,,,,,,,,,,,,,,,,,,,,,,,,,,,,,,,,
J30_1.RCP,,156.51315789473688,0.20795607566833496,GA_tournament_order_scramble_forward_noRepair_noElitism_swap,38,activity_list,1000,0,50.0,0.9,0.1,60.0,tournament,order,scramble,forward,3.0,False,False,swap,5.0,,,,,,,,,,,,,,,,,,,,,,,,,,,,,,,,,,,,,,,,,,,
J30_1.RCP,,156.51315789473688,0.2578902244567871,DE_rand_1_bin_random_withLS,38,activity_list,1000,0,50.0,,,60.0,,bin,rand/1,random,,,,,,100.0,0.5,0.9,False,False,True,5.0,0.3,1.5,0.3,1.0,,,,,,,,,,,,,,,,,,,,,,,,,,,,,,,,
J30_1.RCP,,156.51315789473688,0.2511720657348633,DE_rand_1_bin_random_noLS,38,activity_list,1000,0,50.0,,,60.0,,bin,rand/1,random,,,,,,100.0,0.5,0.9,False,False,False,5.0,0.3,1.5,0.3,1.0,,,,,,,,,,,,,,,,,,,,,,,,,,,,,,,,
J30_1.RCP,,156.51315789473688,0.25380492210388184,DE_rand_1_bin_forward_withLS,38,activity_list,1000,0,50.0,,,60.0,,bin,rand/1,forward,,,,,,100.0,0.5,0.9,False,False,True,5.0,0.3,1.5,0.3,1.0,,,,,,,,,,,,,,,,,,,,,,,,,,,,,,,,
J30_1.RCP,,156.51315789473688,0.2489759922027588,DE_rand_1_bin_forward_noLS,38,activity_list,1000,0,50.0,,,60.0,,bin,rand/1,forward,,,,,,100.0,0.5,0.9,False,False,False,5.0,0.3,1.5,0.3,1.0,,,,,,,,,,,,,,,,,,,,,,,,,,,,,,,,
J30_1.RCP,,156.51315789473688,0.2541651725769043,DE_rand_1_exp_random_withLS,38,activity_list,1000,0,50.0,,,60.0,,exp,rand/1,random,,,,,,100.0,0.5,0.9,False,False,True,5.0,0.3,1.5,0.3,1.0,,,,,,,,,,,,,,,,,,,,,,,,,,,,,,,,
J30_1.RCP,,156.51315789473688,0.2529299259185791,DE_rand_1_exp_random_noLS,38,activity_list,1000,0,50.0,,,60.0,,exp,rand/1,random,,,,,,100.0,0.5,0.9,False,False,False,5.0,0.3,1.5,0.3,1.0,,,,,,,,,,,,,,,,,,,,,,,,,,,,,,,,
J30_1.RCP,,156.51315789473688,0.2561831474304199,DE_rand_1_exp_forward_withLS,38,activity_list,1000,0,50.0,,,60.0,,exp,rand/1,forward,,,,,,100.0,0.5,0.9,False,False,True,5.0,0.3,1.5,0.3,1.0,,,,,,,,,,,,,,,,,,,,,,,,,,,,,,,,
J30_1.RCP,,156.51315789473688,0.2505648136138916,DE_rand_1_exp_forward_noLS,38,activity_list,1000,0,50.0,,,60.0,,exp,rand/1,forward,,,,,,100.0,0.5,0.9,False,False,False,5.0,0.3,1.5,0.3,1.0,,,,,,,,,,,,,,,,,,,,,,,,,,,,,,,,
J30_1.RCP,,156.51315789473688,0.2519519329071045,DE_best_1_bin_random_withLS,38,activity_list,1000,0,50.0,,,60.0,,bin,best/1,random,,,,,,100.0,0.5,0.9,False,False,True,5.0,0.3,1.5,0.3,1.0,,,,,,,,,,,,,,,,,,,,,,,,,,,,,,,,
J30_1.RCP,,156.51315789473688,0.25075602531433105,DE_best_1_bin_random_noLS,38,activity_list,1000,0,50.0,,,60.0,,bin,best/1,random,,,,,,100.0,0.5,0.9,False,False,False,5.0,0.3,1.5,0.3,1.0,,,,,,,,,,,,,,,,,,,,,,,,,,,,,,,,
J30_1.RCP,,156.51315789473688,0.25706911087036133,DE_best_1_bin_forward_withLS,38,activity_list,1000,0,50.0,,,60.0,,bin,best/1,forward,,,,,,100.0,0.5,0.9,False,False,True,5.0,0.3,1.5,0.3,1.0,,,,,,,,,,,,,,,,,,,,,,,,,,,,,,,,
J30_1.RCP,,156.51315789473688,0.25153613090515137,DE_best_1_bin_forward_noLS,38,activity_list,1000,0,50.0,,,60.0,,bin,best/1,forward,,,,,,100.0,0.5,0.9,False,False,False,5.0,0.3,1.5,0.3,1.0,,,,,,,,,,,,,,,,,,,,,,,,,,,,,,,,
J30_1.RCP,,156.51315789473688,0.25232481956481934,DE_best_1_exp_random_withLS,38,activity_list,1000,0,50.0,,,60.0,,exp,best/1,random,,,,,,100.0,0.5,0.9,False,False,True,5.0,0.3,1.5,0.3,1.0,,,,,,,,,,,,,,,,,,,,,,,,,,,,,,,,
J30_1.RCP,,156.51315789473688,0.251162052154541,DE_best_1_exp_random_noLS,38,activity_list,1000,0,50.0,,,60.0,,exp,best/1,random,,,,,,100.0,0.5,0.9,False,False,False,5.0,0.3,1.5,0.3,1.0,,,,,,,,,,,,,,,,,,,,,,,,,,,,,,,,
J30_1.RCP,,156.51315789473688,0.2585129737854004,DE_best_1_exp_forward_withLS,38,activity_list,1000,0,50.0,,,60.0,,exp,best/1,forward,,,,,,100.0,0.5,0.9,False,False,True,5.0,0.3,1.5,0.3,1.0,,,,,,,,,,,,,,,,,,,,,,,,,,,,,,,,
J30_1.RCP,,156.51315789473688,0.2533400058746338,DE_best_1_exp_forward_noLS,38,activity_list,1000,0,50.0,,,60.0,,exp,best/1,forward,,,,,,100.0,0.5,0.9,False,False,False,5.0,0.3,1.5,0.3,1.0,,,,,,,,,,,,,,,,,,,,,,,,,,,,,,,,
J30_1.RCP,,156.51315789473688,0.2524867057800293,DE_rand_2_bin_random_withLS,38,activity_list,1000,0,50.0,,,60.0,,bin,rand/2,random,,,,,,100.0,0.5,0.9,False,False,True,5.0,0.3,1.5,0.3,1.0,,,,,,,,,,,,,,,,,,,,,,,,,,,,,,,,
J30_1.RCP,,156.51315789473688,0.2507326602935791,DE_rand_2_bin_random_noLS,38,activity_list,1000,0,50.0,,,60.0,,bin,rand/2,random,,,,,,100.0,0.5,0.9,False,False,False,5.0,0.3,1.5,0.3,1.0,,,,,,,,,,,,,,,,,,,,,,,,,,,,,,,,
J30_1.RCP,,156.51315789473688,0.2545599937438965,DE_rand_2_bin_forward_withLS,38,activity_list,1000,0,50.0,,,60.0,,bin,rand/2,forward,,,,,,100.0,0.5,0.9,False,False,True,5.0,0.3,1.5,0.3,1.0,,,,,,,,,,,,,,,,,,,,,,,,,,,,,,,,
J30_1.RCP,,156.51315789473688,0.24885916709899902,DE_rand_2_bin_forward_noLS,38,activity_list,1000,0,50.0,,,60.0,,bin,rand/2,forward,,,,,,100.0,0.5,0.9,False,False,False,5.0,0.3,1.5,0.3,1.0,,,,,,,,,,,,,,,,,,,,,,,,,,,,,,,,
J30_1.RCP,,156.51315789473688,0.2541379928588867,DE_rand_2_exp_random_withLS,38,activity_list,1000,0,50.0,,,60.0,,exp,rand/2,random,,,,,,100.0,0.5,0.9,False,False,True,5.0,0.3,1.5,0.3,1.0,,,,,,,,,,,,,,,,,,,,,,,,,,,,,,,,
J30_1.RCP,,156.51315789473688,0.25487303733825684,DE_rand_2_exp_random_noLS,38,activity_list,1000,0,50.0,,,60.0,,exp,rand/2,random,,,,,,100.0,0.5,0.9,False,False,False,5.0,0.3,1.5,0.3,1.0,,,,,,,,,,,,,,,,,,,,,,,,,,,,,,,,
J30_1.RCP,,156.51315789473688,0.2567570209503174,DE_rand_2_exp_forward_withLS,38,activity_list,1000,0,50.0,,,60.0,,exp,rand/2,forward,,,,,,100.0,0.5,0.9,False,False,True,5.0,0.3,1.5,0.3,1.0,,,,,,,,,,,,,,,,,,,,,,,,,,,,,,,,
J30_1.RCP,,156.51315789473688,0.2555561065673828,DE_rand_2_exp_forward_noLS,38,activity_list,1000,0,50.0,,,60.0,,exp,rand/2,forward,,,,,,100.0,0.5,0.9,False,False,False,5.0,0.3,1.5,0.3,1.0,,,,,,,,,,,,,,,,,,,,,,,,,,,,,,,,
J30_1.RCP,,156.51315789473688,0.2512016296386719,DE_best_2_bin_random_withLS,38,activity_list,1000,0,50.0,,,60.0,,bin,best/2,random,,,,,,100.0,0.5,0.9,False,False,True,5.0,0.3,1.5,0.3,1.0,,,,,,,,,,,,,,,,,,,,,,,,,,,,,,,,
J30_1.RCP,,156.51315789473688,0.2506413459777832,DE_best_2_bin_random_noLS,38,activity_list,1000,0,50.0,,,60.0,,bin,best/2,random,,,,,,100.0,0.5,0.9,False,False,False,5.0,0.3,1.5,0.3,1.0,,,,,,,,,,,,,,,,,,,,,,,,,,,,,,,,
J30_1.RCP,,156.51315789473688,0.2916901111602783,DE_best_2_bin_forward_withLS,38,activity_list,1000,0,50.0,,,60.0,,bin,best/2,forward,,,,,,100.0,0.5,0.9,False,False,True,5.0,0.3,1.5,0.3,1.0,,,,,,,,,,,,,,,,,,,,,,,,,,,,,,,,
J30_1.RCP,,156.51315789473688,0.25260186195373535,DE_best_2_bin_forward_noLS,38,activity_list,1000,0,50.0,,,60.0,,bin,best/2,forward,,,,,,100.0,0.5,0.9,False,False,False,5.0,0.3,1.5,0.3,1.0,,,,,,,,,,,,,,,,,,,,,,,,,,,,,,,,
J30_1.RCP,,156.51315789473688,0.2548789978027344,DE_best_2_exp_random_withLS,38,activity_list,1000,0,50.0,,,60.0,,exp,best/2,random,,,,,,100.0,0.5,0.9,False,False,True,5.0,0.3,1.5,0.3,1.0,,,,,,,,,,,,,,,,,,,,,,,,,,,,,,,,
J30_1.RCP,,156.51315789473688,0.25447773933410645,DE_best_2_exp_random_noLS,38,activity_list,1000,0,50.0,,,60.0,,exp,best/2,random,,,,,,100.0,0.5,0.9,False,False,False,5.0,0.3,1.5,0.3,1.0,,,,,,,,,,,,,,,,,,,,,,,,,,,,,,,,
J30_1.RCP,,156.51315789473688,0.25888824462890625,DE_best_2_exp_forward_withLS,38,activity_list,1000,0,50.0,,,60.0,,exp,best/2,forward,,,,,,100.0,0.5,0.9,False,False,True,5.0,0.3,1.5,0.3,1.0,,,,,,,,,,,,,,,,,,,,,,,,,,,,,,,,
J30_1.RCP,,156.51315789473688,0.2537672519683838,DE_best_2_exp_forward_noLS,38,activity_list,1000,0,50.0,,,60.0,,exp,best/2,forward,,,,,,100.0,0.5,0.9,False,False,False,5.0,0.3,1.5,0.3,1.0,,,,,,,,,,,,,,,,,,,,,,,,,,,,,,,,
J30_1.RCP,,156.51315789473688,0.2524840831756592,DE_current-to-best_1_bin_random_withLS,38,activity_list,1000,0,50.0,,,60.0,,bin,current-to-best/1,random,,,,,,100.0,0.5,0.9,False,False,True,5.0,0.3,1.5,0.3,1.0,,,,,,,,,,,,,,,,,,,,,,,,,,,,,,,,
J30_1.RCP,,156.51315789473688,0.2530190944671631,DE_current-to-best_1_bin_random_noLS,38,activity_list,1000,0,50.0,,,60.0,,bin,current-to-best/1,random,,,,,,100.0,0.5,0.9,False,False,False,5.0,0.3,1.5,0.3,1.0,,,,,,,,,,,,,,,,,,,,,,,,,,,,,,,,
J30_1.RCP,,156.51315789473688,0.2571220397949219,DE_current-to-best_1_bin_forward_withLS,38,activity_list,1000,0,50.0,,,60.0,,bin,current-to-best/1,forward,,,,,,100.0,0.5,0.9,False,False,True,5.0,0.3,1.5,0.3,1.0,,,,,,,,,,,,,,,,,,,,,,,,,,,,,,,,
J30_1.RCP,,156.51315789473688,0.25243091583251953,DE_current-to-best_1_bin_forward_noLS,38,activity_list,1000,0,50.0,,,60.0,,bin,current-to-best/1,forward,,,,,,100.0,0.5,0.9,False,False,False,5.0,0.3,1.5,0.3,1.0,,,,,,,,,,,,,,,,,,,,,,,,,,,,,,,,
J30_1.RCP,,156.51315789473688,0.2540462017059326,DE_current-to-best_1_exp_random_withLS,38,activity_list,1000,0,50.0,,,60.0,,exp,current-to-best/1,random,,,,,,100.0,0.5,0.9,False,False,True,5.0,0.3,1.5,0.3,1.0,,,,,,,,,,,,,,,,,,,,,,,,,,,,,,,,
J30_1.RCP,,156.51315789473688,0.25469112396240234,DE_current-to-best_1_exp_random_noLS,38,activity_list,1000,0,50.0,,,60.0,,exp,current-to-best/1,random,,,,,,100.0,0.5,0.9,False,False,False,5.0,0.3,1.5,0.3,1.0,,,,,,,,,,,,,,,,,,,,,,,,,,,,,,,,
J30_1.RCP,,156.51315789473688,0.2581210136413574,DE_current-to-best_1_exp_forward_withLS,38,activity_list,1000,0,50.0,,,60.0,,exp,current-to-best/1,forward,,,,,,100.0,0.5,0.9,False,False,True,5.0,0.3,1.5,0.3,1.0,,,,,,,,,,,,,,,,,,,,,,,,,,,,,,,,
J30_1.RCP,,156.51315789473688,0.2550230026245117,DE_current-to-best_1_exp_forward_noLS,38,activity_list,1000,0,50.0,,,60.0,,exp,current-to-best/1,forward,,,,,,100.0,0.5,0.9,False,False,False,5.0,0.3,1.5,0.3,1.0,,,,,,,,,,,,,,,,,,,,,,,,,,,,,,,,
J30_1.RCP,,156.51315789473688,0.2530219554901123,DE_adaptive_bin_random_withLS,38,activity_list,1000,0,50.0,,,60.0,,bin,adaptive,random,,,,,,100.0,0.5,0.9,False,False,True,5.0,0.3,1.5,0.3,1.0,,,,,,,,,,,,,,,,,,,,,,,,,,,,,,,,
J30_1.RCP,,156.51315789473688,0.2506859302520752,DE_adaptive_bin_random_noLS,38,activity_list,1000,0,50.0,,,60.0,,bin,adaptive,random,,,,,,100.0,0.5,0.9,False,False,False,5.0,0.3,1.5,0.3,1.0,,,,,,,,,,,,,,,,,,,,,,,,,,,,,,,,
J30_1.RCP,,156.51315789473688,0.2555201053619385,DE_adaptive_bin_forward_withLS,38,activity_list,1000,0,50.0,,,60.0,,bin,adaptive,forward,,,,,,100.0,0.5,0.9,False,False,True,5.0,0.3,1.5,0.3,1.0,,,,,,,,,,,,,,,,,,,,,,,,,,,,,,,,
J30_1.RCP,,156.51315789473688,0.25034523010253906,DE_adaptive_bin_forward_noLS,38,activity_list,1000,0,50.0,,,60.0,,bin,adaptive,forward,,,,,,100.0,0.5,0.9,False,False,False,5.0,0.3,1.5,0.3,1.0,,,,,,,,,,,,,,,,,,,,,,,,,,,,,,,,
J30_1.RCP,,156.51315789473688,0.25538110733032227,DE_adaptive_exp_random_withLS,38,activity_list,1000,0,50.0,,,60.0,,exp,adaptive,random,,,,,,100.0,0.5,0.9,False,False,True,5.0,0.3,1.5,0.3,1.0,,,,,,,,,,,,,,,,,,,,,,,,,,,,,,,,
J30_1.RCP,,156.51315789473688,0.2556159496307373,DE_adaptive_exp_random_noLS,38,activity_list,1000,0,50.0,,,60.0,,exp,adaptive,random,,,,,,100.0,0.5,0.9,False,False,False,5.0,0.3,1.5,0.3,1.0,,,,,,,,,,,,,,,,,,,,,,,,,,,,,,,,
J30_1.RCP,,156.51315789473688,0.2572469711303711,DE_adaptive_exp_forward_withLS,38,activity_list,1000,0,50.0,,,60.0,,exp,adaptive,forward,,,,,,100.0,0.5,0.9,False,False,True,5.0,0.3,1.5,0.3,1.0,,,,,,,,,,,,,,,,,,,,,,,,,,,,,,,,
J30_1.RCP,,156.51315789473688,0.25359511375427246,DE_adaptive_exp_forward_noLS,38,activity_list,1000,0,50.0,,,60.0,,exp,adaptive,forward,,,,,,100.0,0.5,0.9,False,False,False,5.0,0.3,1.5,0.3,1.0,,,,,,,,,,,,,,,,,,,,,,,,,,,,,,,,
J30_1.RCP,,156.51315789473688,0.2674751281738281,PR_forward_best_withLS,38,activity_list,1000,0,,,,60.0,best,,,,,,,,,100.0,,,,,True,,,,,,10.0,forward,50.0,,,,,,,,,,,,,,,,,,,,,,,,,,,,,
J30_1.RCP,,156.51315789473688,0.2725670337677002,PR_forward_best_noLS,38,activity_list,1000,0,,,,60.0,best,,,,,,,,,100.0,,,,,False,,,,,,10.0,forward,50.0,,,,,,,,,,,,,,,,,,,,,,,,,,,,,
J30_1.RCP,,156.51315789473688,0.26528501510620117,PR_forward_random_two_withLS,38,activity_list,1000,0,,,,60.0,random_two,,,,,,,,,100.0,,,,,True,,,,,,10.0,forward,50.0,,,,,,,,,,,,,,,,,,,,,,,,,,,,,
J30_1.RCP,,156.51315789473688,0.06104683876037598,PR_forward_random_two_noLS,38,activity_list,1000,0,,,,60.0,random_two,,,,,,,,,100.0,,,,,False,,,,,,10.0,forward,50.0,,,,,,,,,,,,,,,,,,,,,,,,,,,,,
J30_1.RCP,,156.51315789473688,0.26476097106933594,PR_backward_best_withLS,38,activity_list,1000,0,,,,60.0,best,,,,,,,,,100.0,,,,,True,,,,,,10.0,backward,50.0,,,,,,,,,,,,,,,,,,,,,,,,,,,,,
J30_1.RCP,,156.51315789473688,0.2706618309020996,PR_backward_best_noLS,38,activity_list,1000,0,,,,60.0,best,,,,,,,,,100.0,,,,,False,,,,,,10.0,backward,50.0,,,,,,,,,,,,,,,,,,,,,,,,,,,,,
J30_1.RCP,,156.51315789473688,0.2675199508666992,PR_backward_random_two_withLS,38,activity_list,1000,0,,,,60.0,random_two,,,,,,,,,100.0,,,,,True,,,,,,10.0,backward,50.0,,,,,,,,,,,,,,,,,,,,,,,,,,,,,
J30_1.RCP,,156.51315789473688,0.05981612205505371,PR_backward_random_two_noLS,38,activity_list,1000,0,,,,60.0,random_two,,,,,,,,,100.0,,,,,False,,,,,,10.0,backward,50.0,,,,,,,,,,,,,,,,,,,,,,,,,,,,,
J30_1.RCP,,156.51315789473688,0.2670891284942627,PR_random_best_withLS,38,activity_list,1000,0,,,,60.0,best,,,,,,,,,100.0,,,,,True,,,,,,10.0,random,50.0,,,,,,,,,,,,,,,,,,,,,,,,,,,,,
J30_1.RCP,,156.51315789473688,0.2705872058868408,PR_random_best_noLS,38,activity_list,1000,0,,,,60.0,best,,,,,,,,,100.0,,,,,False,,,,,,10.0,random,50.0,,,,,,,,,,,,,,,,,,,,,,,,,,,,,
J30_1.RCP,,156.51315789473688,0.2681138515472412,PR_random_random_two_withLS,38,activity_list,1000,0,,,,60.0,random_two,,,,,,,,,100.0,,,,,True,,,,,,10.0,random,50.0,,,,,,,,,,,,,,,,,,,,,,,,,,,,,
J30_1.RCP,,156.51315789473688,0.06193995475769043,PR_random_random_two_noLS,38,activity_list,1000,0,,,,60.0,random_two,,,,,,,,,100.0,,,,,False,,,,,,10.0,random,50.0,,,,,,,,,,,,,,,,,,,,,,,,,,,,,
J30_1.RCP,,156.51315789473688,0.2681710720062256,PR_bidirectional_best_withLS,38,activity_list,1000,0,,,,60.0,best,,,,,,,,,100.0,,,,,True,,,,,,10.0,bidirectional,50.0,,,,,,,,,,,,,,,,,,,,,,,,,,,,,
J30_1.RCP,,156.51315789473688,0.2700037956237793,PR_bidirectional_best_noLS,38,activity_list,1000,0,,,,60.0,best,,,,,,,,,100.0,,,,,False,,,,,,10.0,bidirectional,50.0,,,,,,,,,,,,,,,,,,,,,,,,,,,,,
J30_1.RCP,,156.51315789473688,0.2662022113800049,PR_bidirectional_random_two_withLS,38,activity_list,1000,0,,,,60.0,random_two,,,,,,,,,100.0,,,,,True,,,,,,10.0,bidirectional,50.0,,,,,,,,,,,,,,,,,,,,,,,,,,,,,
J30_1.RCP,,156.51315789473688,0.06079888343811035,PR_bidirectional_random_two_noLS,38,activity_list,1000,0,,,,60.0,random_two,,,,,,,,,100.0,,,,,False,,,,,,10.0,bidirectional,50.0,,,,,,,,,,,,,,,,,,,,,,,,,,,,,
J30_1.RCP,,156.51315789473688,0.2830660343170166,TS_static,38,activity_list,1000,0,,,,60.0,,,,,,,,,,100.0,,,,,,,,,,,,,,10.0,20.0,True,static,swap,1.0,4.0,10.0,,,,,,,,,,,,,,,,,,,,,
J30_1.RCP,,156.51315789473688,0.28296995162963867,TS_dynamic,38,activity_list,1000,0,,,,60.0,,,,,,,,,,100.0,,,,,,,,,,,,,,10.0,20.0,True,dynamic,swap,1.0,4.0,10.0,,,,,,,,,,,,,,,,,,,,,
J30_1.RCP,,156.51315789473688,0.34357714653015137,PSO_none_none,38,activity_list,1000,0,50.0,,,60.0,,,,,,,,none,,,,,,,,,,,,,,,,,,,,,,,,0.729,1.49445,1.49445,none,30.0,,,,,,,,,,,,,,,,
J30_1.RCP,,156.51315789473688,0.3432631492614746,PSO_none_adaptive,38,activity_list,1000,0,50.0,,,60.0,,,,,,,,none,,,,,,,,,,,,,,,,,,,,,,,,0.729,1.49445,1.49445,adaptive,30.0,,,,,,,,,,,,,,,,
J30_1.RCP,,156.51315789473688,0.3421139717102051,PSO_swap_none,38,activity_list,1000,0,50.0,,,60.0,,,,,,,,swap,,,,,,,,,,,,,,,,,,,,,,,,0.729,1.49445,1.49445,none,30.0,,,,,,,,,,,,,,,,
J30_1.RCP,,156.51315789473688,0.33107805252075195,PSO_swap_adaptive,38,activity_list,1000,0,50.0,,,60.0,,,,,,,,swap,,,,,,,,,,,,,,,,,,,,,,,,0.729,1.49445,1.49445,adaptive,30.0,,,,,,,,,,,,,,,,
J30_1.RCP,,156.51315789473688,0.2817409038543701,BA_none,38,activity_list,1000,0,50.0,,,60.0,,,,,,,,none,10.0,,,,,,,,,,,,,,,,,,,,,,,,,,,,0.0,2.0,1.0,0.5,0.9,0.9,,,,,,,,,,
J30_1.RCP,,156.51315789473688,0.2750530242919922,BA_swap,38,activity_list,1000,0,50.0,,,60.0,,,,,,,,swap,10.0,,,,,,,,,,,,,,,,,,,,,,,,,,,,0.0,2.0,1.0,0.5,0.9,0.9,,,,,,,,,,
J30_1.RCP,,156.51315789473688,0.5018877983093262,HS_fixed_random,38,activity_list,1000,0,,,,60.0,,,,random,,,,,,,,,,,,,,,,,,,,,,,,,,,,,,,,,,,,,,,50.0,0.9,0.3,0.1,0.9,fixed,,,,
J30_1.RCP,,156.51315789473688,0.4936959743499756,HS_fixed_forward,38,activity_list,1000,0,,,,60.0,,,,forward,,,,,,,,,,,,,,,,,,,,,,,,,,,,,,,,,,,,,,,50.0,0.9,0.3,0.1,0.9,fixed,,,,
J30_1.RCP,,156.51315789473688,0.5334029197692871,HS_adaptive_random,38,activity_list,1000,0,,,,60.0,,,,random,,,,,,,,,,,,,,,,,,,,,,,,,,,,,,,,,,,,,,,50.0,0.9,0.3,0.1,0.9,adaptive,,,,
J30_1.RCP,,156.51315789473688,0.5241920948028564,HS_adaptive_forward,38,activity_list,1000,0,,,,60.0,,,,forward,,,,,,,,,,,,,,,,,,,,,,,,,,,,,,,,,,,,,,,50.0,0.9,0.3,0.1,0.9,adaptive,,,,
J30_1.RCP,,156.51315789473688,0.2822000980377197,SA_swap,38,activity_list,1000,0,,,,60.0,,,,,,,,,,,,,,,,,,,,,,,,,,,,,,,,,,,,,,,,,,,,,,,,,10000.0,0.995,10.0,swap
J30_1.RCP,,156.51315789473688,0.2809450626373291,SA_insertion,38,activity_list,1000,0,,,,60.0,,,,,,,,,,,,,,,,,,,,,,,,,,,,,,,,,,,,,,,,,,,,,,,,,10000.0,0.995,10.0,insertion
J30_1.RCP,,156.51315789473688,0.2820878028869629,SA_inversion,38,activity_list,1000,0,,,,60.0,,,,,,,,,,,,,,,,,,,,,,,,,,,,,,,,,,,,,,,,,,,,,,,,,10000.0,0.995,10.0,inversion
