instance_id,seed,best_objective,runtime,algorithm_name,deadline,encoding_type,param_max_evaluations,param_seed,param_population_size,param_crossover_rate,param_mutation_rate,param_time_limit,param_selection_strategy,param_crossover_strategy,param_mutation_strategy,param_initialization_strategy,param_tournament_size,param_use_repair,param_elitism,param_local_search_strategy,param_local_search_interval,param_max_iterations,param_F,param_CR,param_use_adaptive_F,param_use_adaptive_CR,param_use_local_search,param_local_search_top,param_F_min,param_F_max,param_CR_min,param_CR_max,param_elite_size,param_path_strategy,param_local_search_eval_limit,param_tabu_tenure,param_neighborhood_size,param_aspiration_criterion,param_tabu_strategy,param_neighborhood_type,param_min_factor,param_max_factor,param_noimprove_threshold,param_w,param_c1,param_c2,param_restart_strategy,param_restart_threshold,param_f_min,param_f_max,param_A0,param_r0,param_alpha,param_gamma,param_hm_size,param_hmcr,param_par,param_par_min,param_par_max,param_parameter_strategy,param_initial_temperature,param_cooling_rate,param_iterations_per_temperature,param_neighborhood_strategy
J30_1.RCP,1,156.51315789473688,0.6849169731140137,GA_roulette_ox1_swap_random_repair_elitism_none,38,activity_list,1000,1,50.0,0.9,0.1,60.0,roulette,ox1,swap,random,3.0,True,True,none,5.0,,,,,,,,,,,,,,,,,,,,,,,,,,,,,,,,,,,,,,,,,,,
J30_1.RCP,1,156.51315789473688,0.6661031246185303,GA_roulette_ox1_swap_random_repair_elitism_swap,38,activity_list,1000,1,50.0,0.9,0.1,60.0,roulette,ox1,swap,random,3.0,True,True,swap,5.0,,,,,,,,,,,,,,,,,,,,,,,,,,,,,,,,,,,,,,,,,,,
J30_1.RCP,1,156.51315789473688,0.663870096206665,GA_roulette_ox1_swap_random_repair_noElitism_none,38,activity_list,1000,1,50.0,0.9,0.1,60.0,roulette,ox1,swap,random,3.0,True,False,none,5.0,,,,,,,,,,,,,,,,,,,,,,,,,,,,,,,,,,,,,,,,,,,
J30_1.RCP,1,156.51315789473688,0.6572740077972412,GA_roulette_ox1_swap_random_repair_noElitism_swap,38,activity_list,1000,1,50.0,0.9,0.1,60.0,roulette,ox1,swap,random,3.0,True,False,swap,5.0,,,,,,,,,,,,,,,,,,,,,,,,,,,,,,,,,,,,,,,,,,,
J30_1.RCP,1,156.51315789473688,0.39383697509765625,GA_roulette_ox1_swap_random_noRepair_elitism_none,38,activity_list,1000,1,50.0,0.9,0.1,60.0,roulette,ox1,swap,random,3.0,False,True,none,5.0,,,,,,,,,,,,,,,,,,,,,,,,,,,,,,,,,,,,,,,,,,,
J30_1.RCP,1,156.51315789473688,0.4074082374572754,GA_roulette_ox1_swap_random_noRepair_elitism_swap,38,activity_list,1000,1,50.0,0.9,0.1,60.0,roulette,ox1,swap,random,3.0,False,True,swap,5.0,,,,,,,,,,,,,,,,,,,,,,,,,,,,,,,,,,,,,,,,,,,
J30_1.RCP,1,156.51315789473688,0.39786291122436523,GA_roulette_ox1_swap_random_noRepair_noElitism_none,38,activity_list,1000,1,50.0,0.9,0.1,60.0,roulette,ox1,swap,random,3.0,False,False,none,5.0,,,,,,,,,,,,,,,,,,,,,,,,,,,,,,,,,,,,,,,,,,,
J30_1.RCP,1,156.51315789473688,0.3950691223144531,GA_roulette_ox1_swap_random_noRepair_noElitism_swap,38,activity_list,1000,1,50.0,0.9,0.1,60.0,roulette,ox1,swap,random,3.0,False,False,swap,5.0,,,,,,,,,,,,,,,,,,,,,,,,,,,,,,,,,,,,,,,,,,,
J30_1.RCP,1,156.51315789473688,0.6688990592956543,GA_roulette_ox1_swap_forward_repair_elitism_none,38,activity_list,1000,1,50.0,0.9,0.1,60.0,roulette,ox1,swap,forward,3.0,True,True,none,5.0,,,,,,,,,,,,,,,,,,,,,,,,,,,,,,,,,,,,,,,,,,,
J30_1.RCP,1,156.51315789473688,0.6602890491485596,GA_roulette_ox1_swap_forward_repair_elitism_swap,38,activity_list,1000,1,50.0,0.9,0.1,60.0,roulette,ox1,swap,forward,3.0,True,True,swap,5.0,,,,,,,,,,,,,,,,,,,,,,,,,,,,,,,,,,,,,,,,,,,
J30_1.RCP,1,156.51315789473688,0.6666791439056396,GA_roulette_ox1_swap_forward_repair_noElitism_none,38,activity_list,1000,1,50.0,0.9,0.1,60.0,roulette,ox1,swap,forward,3.0,True,False,none,5.0,,,,,,,,,,,,,,,,,,,,,,,,,,,,,,,,,,,,,,,,,,,
J30_1.RCP,1,156.51315789473688,0.6592772006988525,GA_roulette_ox1_swap_forward_repair_noElitism_swap,38,activity_list,1000,1,50.0,0.9,0.1,60.0,roulette,ox1,swap,forward,3.0,True,False,swap,5.0,,,,,,,,,,,,,,,,,,,,,,,,,,,,,,,,,,,,,,,,,,,
J30_1.RCP,1,156.51315789473688,0.39908504486083984,GA_roulette_ox1_swap_forward_noRepair_elitism_none,38,activity_list,1000,1,50.0,0.9,0.1,60.0,roulette,ox1,swap,forward,3.0,False,True,none,5.0,,,,,,,,,,,,,,,,,,,,,,,,,,,,,,,,,,,,,,,,,,,
J30_1.RCP,1,156.51315789473688,0.39667606353759766,GA_roulette_ox1_swap_forward_noRepair_elitism_swap,38,activity_list,1000,1,50.0,0.9,0.1,60.0,roulette,ox1,swap,forward,3.0,False,True,swap,5.0,,,,,,,,,,,,,,,,,,,,,,,,,,,,,,,,,,,,,,,,,,,
J30_1.RCP,1,156.51315789473688,0.39840078353881836,GA_roulette_ox1_swap_forward_noRepair_noElitism_none,38,activity_list,1000,1,50.0,0.9,0.1,60.0,roulette,ox1,swap,forward,3.0,False,False,none,5.0,,,,,,,,,,,,,,,,,,,,,,,,,,,,,,,,,,,,,,,,,,,
J30_1.RCP,1,156.51315789473688,0.3989880084991455,GA_roulette_ox1_swap_forward_noRepair_noElitism_swap,38,activity_list,1000,1,50.0,0.9,0.1,60.0,roulette,ox1,swap,forward,3.0,False,False,swap,5.0,,,,,,,,,,,,,,,,,,,,,,,,,,,,,,,,,,,,,,,,,,,
J30_1.RCP,1,156.51315789473688,0.6654641628265381,GA_roulette_ox1_insertion_random_repair_elitism_none,38,activity_list,1000,1,50.0,0.9,0.1,60.0,roulette,ox1,insertion,random,3.0,True,True,none,5.0,,,,,,,,,,,,,,,,,,,,,,,,,,,,,,,,,,,,,,,,,,,
J30_1.RCP,1,156.51315789473688,0.6586759090423584,GA_roulette_ox1_insertion_random_repair_elitism_swap,38,activity_list,1000,1,50.0,0.9,0.1,60.0,roulette,ox1,insertion,random,3.0,True,True,swap,5.0,,,,,,,,,,,,,,,,,,,,,,,,,,,,,,,,,,,,,,,,,,,
J30_1.RCP,1,156.51315789473688,0.6657650470733643,GA_roulette_ox1_insertion_random_repair_noElitism_none,38,activity_list,1000,1,50.0,0.9,0.1,60.0,roulette,ox1,insertion,random,3.0,True,False,none,5.0,,,,,,,,,,,,,,,,,,,,,,,,,,,,,,,,,,,,,,,,,,,
J30_1.RCP,1,156.51315789473688,0.6597549915313721,GA_roulette_ox1_insertion_random_repair_noElitism_swap,38,activity_list,1000,1,50.0,0.9,0.1,60.0,roulette,ox1,insertion,random,3.0,True,False,swap,5.0,,,,,,,,,,,,,,,,,,,,,,,,,,,,,,,,,,,,,,,,,,,
J30_1.RCP,1,156.51315789473688,0.3947629928588867,GA_roulette_ox1_insertion_random_noRepair_elitism_none,38,activity_list,1000,1,50.0,0.9,0.1,60.0,roulette,ox1,insertion,random,3.0,False,True,none,5.0,,,,,,,,,,,,,,,,,,,,,,,,,,,,,,,,,,,,,,,,,,,
J30_1.RCP,1,156.51315789473688,0.39296412467956543,GA_roulette_ox1_insertion_random_noRepair_elitism_swap,38,activity_list,1000,1,50.0,0.9,0.1,60.0,roulette,ox1,insertion,random,3.0,False,True,swap,5.0,,,,,,,,,,,,,,,,,,,,,,,,,,,,,,,,,,,,,,,,,,,
J30_1.RCP,1,156.51315789473688,0.39218997955322266,GA_roulette_ox1_insertion_random_noRepair_noElitism_none,38,activity_list,1000,1,50.0,0.9,0.1,60.0,roulette,ox1,insertion,random,3.0,False,False,none,5.0,,,,,,,,,,,,,,,,,,,,,,,,,,,,,,,,,,,,,,,,,,,
J30_1.RCP,1,156.51315789473688,0.39527201652526855,GA_roulette_ox1_insertion_random_noRepair_noElitism_swap,38,activity_list,1000,1,50.0,0.9,0.1,60.0,roulette,ox1,insertion,random,3.0,False,False,swap,5.0,,,,,,,,,,,,,,,,,,,,,,,,,,,,,,,,,,,,,,,,,,,
J30_1.RCP,1,156.51315789473688,0.6666381359100342,GA_roulette_ox1_insertion_forward_repair_elitism_none,38,activity_list,1000,1,50.0,0.9,0.1,60.0,roulette,ox1,insertion,forward,3.0,True,True,none,5.0,,,,,,,,,,,,,,,,,,,,,,,,,,,,,,,,,,,,,,,,,,,
J30_1.RCP,1,156.51315789473688,0.6702067852020264,GA_roulette_ox1_insertion_forward_repair_elitism_swap,38,activity_list,1000,1,50.0,0.9,0.1,60.0,roulette,ox1,insertion,forward,3.0,True,True,swap,5.0,,,,,,,,,,,,,,,,,,,,,,,,,,,,,,,,,,,,,,,,,,,
J30_1.RCP,1,156.51315789473688,0.6679251194000244,GA_roulette_ox1_insertion_forward_repair_noElitism_none,38,activity_list,1000,1,50.0,0.9,0.1,60.0,roulette,ox1,insertion,forward,3.0,True,False,none,5.0,,,,,,,,,,,,,,,,,,,,,,,,,,,,,,,,,,,,,,,,,,,
J30_1.RCP,1,156.51315789473688,0.6616928577423096,GA_roulette_ox1_insertion_forward_repair_noElitism_swap,38,activity_list,1000,1,50.0,0.9,0.1,60.0,roulette,ox1,insertion,forward,3.0,True,False,swap,5.0,,,,,,,,,,,,,,,,,,,,,,,,,,,,,,,,,,,,,,,,,,,
J30_1.RCP,1,156.51315789473688,0.39796924591064453,GA_roulette_ox1_insertion_forward_noRepair_elitism_none,38,activity_list,1000,1,50.0,0.9,0.1,60.0,roulette,ox1,insertion,forward,3.0,False,True,none,5.0,,,,,,,,,,,,,,,,,,,,,,,,,,,,,,,,,,,,,,,,,,,
J30_1.RCP,1,156.51315789473688,0.4066779613494873,GA_roulette_ox1_insertion_forward_noRepair_elitism_swap,38,activity_list,1000,1,50.0,0.9,0.1,60.0,roulette,ox1,insertion,forward,3.0,False,True,swap,5.0,,,,,,,,,,,,,,,,,,,,,,,,,,,,,,,,,,,,,,,,,,,
J30_1.RCP,1,156.51315789473688,0.4035637378692627,GA_roulette_ox1_insertion_forward_noRepair_noElitism_none,38,activity_list,1000,1,50.0,0.9,0.1,60.0,roulette,ox1,insertion,forward,3.0,False,False,none,5.0,,,,,,,,,,,,,,,,,,,,,,,,,,,,,,,,,,,,,,,,,,,
J30_1.RCP,1,156.51315789473688,0.40369582176208496,GA_roulette_ox1_insertion_forward_noRepair_noElitism_swap,38,activity_list,1000,1,50.0,0.9,0.1,60.0,roulette,ox1,insertion,forward,3.0,False,False,swap,5.0,,,,,,,,,,,,,,,,,,,,,,,,,,,,,,,,,,,,,,,,,,,
J30_1.RCP,1,156.51315789473688,0.6641149520874023,GA_roulette_ox1_inversion_random_repair_elitism_none,38,activity_list,1000,1,50.0,0.9,0.1,60.0,roulette,ox1,inversion,random,3.0,True,True,none,5.0,,,,,,,,,,,,,,,,,,,,,,,,,,,,,,,,,,,,,,,,,,,
J30_1.RCP,1,156.51315789473688,0.6674039363861084,GA_roulette_ox1_inversion_random_repair_elitism_swap,38,activity_list,1000,1,50.0,0.9,0.1,60.0,roulette,ox1,inversion,random,3.0,True,True,swap,5.0,,,,,,,,,,,,,,,,,,,,,,,,,,,,,,,,,,,,,,,,,,,
J30_1.RCP,1,156.51315789473688,0.6672279834747314,GA_roulette_ox1_inversion_random_repair_noElitism_none,38,activity_list,1000,1,50.0,0.9,0.1,60.0,roulette,ox1,inversion,random,3.0,True,False,none,5.0,,,,,,,,,,,,,,,,,,,,,,,,,,,,,,,,,,,,,,,,,,,
J30_1.RCP,1,156.51315789473688,0.656174898147583,GA_roulette_ox1_inversion_random_repair_noElitism_swap,38,activity_list,1000,1,50.0,0.9,0.1,60.0,roulette,ox1,inversion,random,3.0,True,False,swap,5.0,,,,,,,,,,,,,,,,,,,,,,,,,,,,,,,,,,,,,,,,,,,
J30_1.RCP,1,156.51315789473688,0.39785313606262207,GA_roulette_ox1_inversion_random_noRepair_elitism_none,38,activity_list,1000,1,50.0,0.9,0.1,60.0,roulette,ox1,inversion,random,3.0,False,True,none,5.0,,,,,,,,,,,,,,,,,,,,,,,,,,,,,,,,,,,,,,,,,,,
J30_1.RCP,1,156.51315789473688,0.3939509391784668,GA_roulette_ox1_inversion_random_noRepair_elitism_swap,38,activity_list,1000,1,50.0,0.9,0.1,60.0,roulette,ox1,inversion,random,3.0,False,True,swap,5.0,,,,,,,,,,,,,,,,,,,,,,,,,,,,,,,,,,,,,,,,,,,
J30_1.RCP,1,156.51315789473688,0.3933219909667969,GA_roulette_ox1_inversion_random_noRepair_noElitism_none,38,activity_list,1000,1,50.0,0.9,0.1,60.0,roulette,ox1,inversion,random,3.0,False,False,none,5.0,,,,,,,,,,,,,,,,,,,,,,,,,,,,,,,,,,,,,,,,,,,
J30_1.RCP,1,156.51315789473688,0.39420604705810547,GA_roulette_ox1_inversion_random_noRepair_noElitism_swap,38,activity_list,1000,1,50.0,0.9,0.1,60.0,roulette,ox1,inversion,random,3.0,False,False,swap,5.0,,,,,,,,,,,,,,,,,,,,,,,,,,,,,,,,,,,,,,,,,,,
J30_1.RCP,1,156.51315789473688,0.6767258644104004,GA_roulette_ox1_inversion_forward_repair_elitism_none,38,activity_list,1000,1,50.0,0.9,0.1,60.0,roulette,ox1,inversion,forward,3.0,True,True,none,5.0,,,,,,,,,,,,,,,,,,,,,,,,,,,,,,,,,,,,,,,,,,,
J30_1.RCP,1,156.51315789473688,0.6621360778808594,GA_roulette_ox1_inversion_forward_repair_elitism_swap,38,activity_list,1000,1,50.0,0.9,0.1,60.0,roulette,ox1,inversion,forward,3.0,True,True,swap,5.0,,,,,,,,,,,,,,,,,,,,,,,,,,,,,,,,,,,,,,,,,,,
J30_1.RCP,1,156.51315789473688,0.6744740009307861,GA_roulette_ox1_inversion_forward_repair_noElitism_none,38,activity_list,1000,1,50.0,0.9,0.1,60.0,roulette,ox1,inversion,forward,3.0,True,False,none,5.0,,,,,,,,,,,,,,,,,,,,,,,,,,,,,,,,,,,,,,,,,,,
J30_1.RCP,1,156.51315789473688,0.6622631549835205,GA_roulette_ox1_inversion_forward_repair_noElitism_swap,38,activity_list,1000,1,50.0,0.9,0.1,60.0,roulette,ox1,inversion,forward,3.0,True,False,swap,5.0,,,,,,,,,,,,,,,,,,,,,,,,,,,,,,,,,,,,,,,,,,,
J30_1.RCP,1,156.51315789473688,0.39766669273376465,GA_roulette_ox1_inversion_forward_noRepair_elitism_none,38,activity_list,1000,1,50.0,0.9,0.1,60.0,roulette,ox1,inversion,forward,3.0,False,True,none,5.0,,,,,,,,,,,,,,,,,,,,,,,,,,,,,,,,,,,,,,,,,,,
J30_1.RCP,1,156.51315789473688,0.39664292335510254,GA_roulette_ox1_inversion_forward_noRepair_elitism_swap,38,activity_list,1000,1,50.0,0.9,0.1,60.0,roulette,ox1,inversion,forward,3.0,False,True,swap,5.0,,,,,,,,,,,,,,,,,,,,,,,,,,,,,,,,,,,,,,,,,,,
J30_1.RCP,1,156.51315789473688,0.39643192291259766,GA_roulette_ox1_inversion_forward_noRepair_noElitism_none,38,activity_list,1000,1,50.0,0.9,0.1,60.0,roulette,ox1,inversion,forward,3.0,False,False,none,5.0,,,,,,,,,,,,,,,,,,,,,,,,,,,,,,,,,,,,,,,,,,,
J30_1.RCP,1,156.51315789473688,0.3976271152496338,GA_roulette_ox1_inversion_forward_noRepair_noElitism_swap,38,activity_list,1000,1,50.0,0.9,0.1,60.0,roulette,ox1,inversion,forward,3.0,False,False,swap,5.0,,,,,,,,,,,,,,,,,,,,,,,,,,,,,,,,,,,,,,,,,,,
J30_1.RCP,1,156.51315789473688,0.6654460430145264,GA_roulette_ox1_scramble_random_repair_elitism_none,38,activity_list,1000,1,50.0,0.9,0.1,60.0,roulette,ox1,scramble,random,3.0,True,True,none,5.0,,,,,,,,,,,,,,,,,,,,,,,,,,,,,,,,,,,,,,,,,,,
J30_1.RCP,1,156.51315789473688,0.6676888465881348,GA_roulette_ox1_scramble_random_repair_elitism_swap,38,activity_list,1000,1,50.0,0.9,0.1,60.0,roulette,ox1,scramble,random,3.0,True,True,swap,5.0,,,,,,,,,,,,,,,,,,,,,,,,,,,,,,,,,,,,,,,,,,,
J30_1.RCP,1,156.51315789473688,0.6634349822998047,GA_roulette_ox1_scramble_random_repair_noElitism_none,38,activity_list,1000,1,50.0,0.9,0.1,60.0,roulette,ox1,scramble,random,3.0,True,False,none,5.0,,,,,,,,,,,,,,,,,,,,,,,,,,,,,,,,,,,,,,,,,,,
J30_1.RCP,1,156.51315789473688,0.6577138900756836,GA_roulette_ox1_scramble_random_repair_noElitism_swap,38,activity_list,1000,1,50.0,0.9,0.1,60.0,roulette,ox1,scramble,random,3.0,True,False,swap,5.0,,,,,,,,,,,,,,,,,,,,,,,,,,,,,,,,,,,,,,,,,,,
J30_1.RCP,1,156.51315789473688,0.3949909210205078,GA_roulette_ox1_scramble_random_noRepair_elitism_none,38,activity_list,1000,1,50.0,0.9,0.1,60.0,roulette,ox1,scramble,random,3.0,False,True,none,5.0,,,,,,,,,,,,,,,,,,,,,,,,,,,,,,,,,,,,,,,,,,,
J30_1.RCP,1,156.51315789473688,0.39678406715393066,GA_roulette_ox1_scramble_random_noRepair_elitism_swap,38,activity_list,1000,1,50.0,0.9,0.1,60.0,roulette,ox1,scramble,random,3.0,False,True,swap,5.0,,,,,,,,,,,,,,,,,,,,,,,,,,,,,,,,,,,,,,,,,,,
J30_1.RCP,1,156.51315789473688,0.4000980854034424,GA_roulette_ox1_scramble_random_noRepair_noElitism_none,38,activity_list,1000,1,50.0,0.9,0.1,60.0,roulette,ox1,scramble,random,3.0,False,False,none,5.0,,,,,,,,,,,,,,,,,,,,,,,,,,,,,,,,,,,,,,,,,,,
J30_1.RCP,1,156.51315789473688,0.39275407791137695,GA_roulette_ox1_scramble_random_noRepair_noElitism_swap,38,activity_list,1000,1,50.0,0.9,0.1,60.0,roulette,ox1,scramble,random,3.0,False,False,swap,5.0,,,,,,,,,,,,,,,,,,,,,,,,,,,,,,,,,,,,,,,,,,,
J30_1.RCP,1,156.51315789473688,0.6687021255493164,GA_roulette_ox1_scramble_forward_repair_elitism_none,38,activity_list,1000,1,50.0,0.9,0.1,60.0,roulette,ox1,scramble,forward,3.0,True,True,none,5.0,,,,,,,,,,,,,,,,,,,,,,,,,,,,,,,,,,,,,,,,,,,
J30_1.RCP,1,156.51315789473688,0.6599159240722656,GA_roulette_ox1_scramble_forward_repair_elitism_swap,38,activity_list,1000,1,50.0,0.9,0.1,60.0,roulette,ox1,scramble,forward,3.0,True,True,swap,5.0,,,,,,,,,,,,,,,,,,,,,,,,,,,,,,,,,,,,,,,,,,,
J30_1.RCP,1,156.51315789473688,0.6675689220428467,GA_roulette_ox1_scramble_forward_repair_noElitism_none,38,activity_list,1000,1,50.0,0.9,0.1,60.0,roulette,ox1,scramble,forward,3.0,True,False,none,5.0,,,,,,,,,,,,,,,,,,,,,,,,,,,,,,,,,,,,,,,,,,,
J30_1.RCP,1,156.51315789473688,0.6612598896026611,GA_roulette_ox1_scramble_forward_repair_noElitism_swap,38,activity_list,1000,1,50.0,0.9,0.1,60.0,roulette,ox1,scramble,forward,3.0,True,False,swap,5.0,,,,,,,,,,,,,,,,,,,,,,,,,,,,,,,,,,,,,,,,,,,
J30_1.RCP,1,156.51315789473688,0.3951988220214844,GA_roulette_ox1_scramble_forward_noRepair_elitism_none,38,activity_list,1000,1,50.0,0.9,0.1,60.0,roulette,ox1,scramble,forward,3.0,False,True,none,5.0,,,,,,,,,,,,,,,,,,,,,,,,,,,,,,,,,,,,,,,,,,,
J30_1.RCP,1,156.51315789473688,0.39670705795288086,GA_roulette_ox1_scramble_forward_noRepair_elitism_swap,38,activity_list,1000,1,50.0,0.9,0.1,60.0,roulette,ox1,scramble,forward,3.0,False,True,swap,5.0,,,,,,,,,,,,,,,,,,,,,,,,,,,,,,,,,,,,,,,,,,,
J30_1.RCP,1,156.51315789473688,0.39821290969848633,GA_roulette_ox1_scramble_forward_noRepair_noElitism_none,38,activity_list,1000,1,50.0,0.9,0.1,60.0,roulette,ox1,scramble,forward,3.0,False,False,none,5.0,,,,,,,,,,,,,,,,,,,,,,,,,,,,,,,,,,,,,,,,,,,
J30_1.RCP,1,156.51315789473688,0.3960249423980713,GA_roulette_ox1_scramble_forward_noRepair_noElitism_swap,38,activity_list,1000,1,50.0,0.9,0.1,60.0,roulette,ox1,scramble,forward,3.0,False,False,swap,5.0,,,,,,,,,,,,,,,,,,,,,,,,,,,,,,,,,,,,,,,,,,,
J30_1.RCP,1,156.51315789473688,0.6225531101226807,GA_roulette_pmx_swap_random_repair_elitism_none,38,activity_list,1000,1,50.0,0.9,0.1,60.0,roulette,pmx,swap,random,3.0,True,True,none,5.0,,,,,,,,,,,,,,,,,,,,,,,,,,,,,,,,,,,,,,,,,,,
J30_1.RCP,1,156.51315789473688,0.6210391521453857,GA_roulette_pmx_swap_random_repair_elitism_swap,38,activity_list,1000,1,50.0,0.9,0.1,60.0,roulette,pmx,swap,random,3.0,True,True,swap,5.0,,,,,,,,,,,,,,,,,,,,,,,,,,,,,,,,,,,,,,,,,,,
J30_1.RCP,1,156.51315789473688,0.6252710819244385,GA_roulette_pmx_swap_random_repair_noElitism_none,38,activity_list,1000,1,50.0,0.9,0.1,60.0,roulette,pmx,swap,random,3.0,True,False,none,5.0,,,,,,,,,,,,,,,,,,,,,,,,,,,,,,,,,,,,,,,,,,,
J30_1.RCP,1,156.51315789473688,0.6220998764038086,GA_roulette_pmx_swap_random_repair_noElitism_swap,38,activity_list,1000,1,50.0,0.9,0.1,60.0,roulette,pmx,swap,random,3.0,True,False,swap,5.0,,,,,,,,,,,,,,,,,,,,,,,,,,,,,,,,,,,,,,,,,,,
J30_1.RCP,1,156.51315789473688,0.36583971977233887,GA_roulette_pmx_swap_random_noRepair_elitism_none,38,activity_list,1000,1,50.0,0.9,0.1,60.0,roulette,pmx,swap,random,3.0,False,True,none,5.0,,,,,,,,,,,,,,,,,,,,,,,,,,,,,,,,,,,,,,,,,,,
J30_1.RCP,1,156.51315789473688,0.36838388442993164,GA_roulette_pmx_swap_random_noRepair_elitism_swap,38,activity_list,1000,1,50.0,0.9,0.1,60.0,roulette,pmx,swap,random,3.0,False,True,swap,5.0,,,,,,,,,,,,,,,,,,,,,,,,,,,,,,,,,,,,,,,,,,,
J30_1.RCP,1,156.51315789473688,0.36411404609680176,GA_roulette_pmx_swap_random_noRepair_noElitism_none,38,activity_list,1000,1,50.0,0.9,0.1,60.0,roulette,pmx,swap,random,3.0,False,False,none,5.0,,,,,,,,,,,,,,,,,,,,,,,,,,,,,,,,,,,,,,,,,,,
J30_1.RCP,1,156.51315789473688,0.3688497543334961,GA_roulette_pmx_swap_random_noRepair_noElitism_swap,38,activity_list,1000,1,50.0,0.9,0.1,60.0,roulette,pmx,swap,random,3.0,False,False,swap,5.0,,,,,,,,,,,,,,,,,,,,,,,,,,,,,,,,,,,,,,,,,,,
J30_1.RCP,1,156.51315789473688,0.6305909156799316,GA_roulette_pmx_swap_forward_repair_elitism_none,38,activity_list,1000,1,50.0,0.9,0.1,60.0,roulette,pmx,swap,forward,3.0,True,True,none,5.0,,,,,,,,,,,,,,,,,,,,,,,,,,,,,,,,,,,,,,,,,,,
J30_1.RCP,1,156.51315789473688,0.6262588500976562,GA_roulette_pmx_swap_forward_repair_elitism_swap,38,activity_list,1000,1,50.0,0.9,0.1,60.0,roulette,pmx,swap,forward,3.0,True,True,swap,5.0,,,,,,,,,,,,,,,,,,,,,,,,,,,,,,,,,,,,,,,,,,,
J30_1.RCP,1,156.51315789473688,0.6320059299468994,GA_roulette_pmx_swap_forward_repair_noElitism_none,38,activity_list,1000,1,50.0,0.9,0.1,60.0,roulette,pmx,swap,forward,3.0,True,False,none,5.0,,,,,,,,,,,,,,,,,,,,,,,,,,,,,,,,,,,,,,,,,,,
J30_1.RCP,1,156.51315789473688,0.6279869079589844,GA_roulette_pmx_swap_forward_repair_noElitism_swap,38,activity_list,1000,1,50.0,0.9,0.1,60.0,roulette,pmx,swap,forward,3.0,True,False,swap,5.0,,,,,,,,,,,,,,,,,,,,,,,,,,,,,,,,,,,,,,,,,,,
J30_1.RCP,1,156.51315789473688,0.3620288372039795,GA_roulette_pmx_swap_forward_noRepair_elitism_none,38,activity_list,1000,1,50.0,0.9,0.1,60.0,roulette,pmx,swap,forward,3.0,False,True,none,5.0,,,,,,,,,,,,,,,,,,,,,,,,,,,,,,,,,,,,,,,,,,,
J30_1.RCP,1,156.51315789473688,0.3678572177886963,GA_roulette_pmx_swap_forward_noRepair_elitism_swap,38,activity_list,1000,1,50.0,0.9,0.1,60.0,roulette,pmx,swap,forward,3.0,False,True,swap,5.0,,,,,,,,,,,,,,,,,,,,,,,,,,,,,,,,,,,,,,,,,,,
J30_1.RCP,1,156.51315789473688,0.3595759868621826,GA_roulette_pmx_swap_forward_noRepair_noElitism_none,38,activity_list,1000,1,50.0,0.9,0.1,60.0,roulette,pmx,swap,forward,3.0,False,False,none,5.0,,,,,,,,,,,,,,,,,,,,,,,,,,,,,,,,,,,,,,,,,,,
J30_1.RCP,1,156.51315789473688,0.36525392532348633,GA_roulette_pmx_swap_forward_noRepair_noElitism_swap,38,activity_list,1000,1,50.0,0.9,0.1,60.0,roulette,pmx,swap,forward,3.0,False,False,swap,5.0,,,,,,,,,,,,,,,,,,,,,,,,,,,,,,,,,,,,,,,,,,,
J30_1.RCP,1,156.51315789473688,0.6193220615386963,GA_roulette_pmx_insertion_random_repair_elitism_none,38,activity_list,1000,1,50.0,0.9,0.1,60.0,roulette,pmx,insertion,random,3.0,True,True,none,5.0,,,,,,,,,,,,,,,,,,,,,,,,,,,,,,,,,,,,,,,,,,,
J30_1.RCP,1,156.51315789473688,0.6194159984588623,GA_roulette_pmx_insertion_random_repair_elitism_swap,38,activity_list,1000,1,50.0,0.9,0.1,60.0,roulette,pmx,insertion,random,3.0,True,True,swap,5.0,,,,,,,,,,,,,,,,,,,,,,,,,,,,,,,,,,,,,,,,,,,
J30_1.RCP,1,156.51315789473688,0.620387077331543,GA_roulette_pmx_insertion_random_repair_noElitism_none,38,activity_list,1000,1,50.0,0.9,0.1,60.0,roulette,pmx,insertion,random,3.0,True,False,none,5.0,,,,,,,,,,,,,,,,,,,,,,,,,,,,,,,,,,,,,,,,,,,
J30_1.RCP,1,156.51315789473688,0.619635820388794,GA_roulette_pmx_insertion_random_repair_noElitism_swap,38,activity_list,1000,1,50.0,0.9,0.1,60.0,roulette,pmx,insertion,random,3.0,True,False,swap,5.0,,,,,,,,,,,,,,,,,,,,,,,,,,,,,,,,,,,,,,,,,,,
J30_1.RCP,1,156.51315789473688,0.363889217376709,GA_roulette_pmx_insertion_random_noRepair_elitism_none,38,activity_list,1000,1,50.0,0.9,0.1,60.0,roulette,pmx,insertion,random,3.0,False,True,none,5.0,,,,,,,,,,,,,,,,,,,,,,,,,,,,,,,,,,,,,,,,,,,
J30_1.RCP,1,156.51315789473688,0.3717939853668213,GA_roulette_pmx_insertion_random_noRepair_elitism_swap,38,activity_list,1000,1,50.0,0.9,0.1,60.0,roulette,pmx,insertion,random,3.0,False,True,swap,5.0,,,,,,,,,,,,,,,,,,,,,,,,,,,,,,,,,,,,,,,,,,,
J30_1.RCP,1,156.51315789473688,0.3647270202636719,GA_roulette_pmx_insertion_random_noRepair_noElitism_none,38,activity_list,1000,1,50.0,0.9,0.1,60.0,roulette,pmx,insertion,random,3.0,False,False,none,5.0,,,,,,,,,,,,,,,,,,,,,,,,,,,,,,,,,,,,,,,,,,,
J30_1.RCP,1,156.51315789473688,0.3703129291534424,GA_roulette_pmx_insertion_random_noRepair_noElitism_swap,38,activity_list,1000,1,50.0,0.9,0.1,60.0,roulette,pmx,insertion,random,3.0,False,False,swap,5.0,,,,,,,,,,,,,,,,,,,,,,,,,,,,,,,,,,,,,,,,,,,
J30_1.RCP,1,156.51315789473688,0.6493191719055176,GA_roulette_pmx_insertion_forward_repair_elitism_none,38,activity_list,1000,1,50.0,0.9,0.1,60.0,roulette,pmx,insertion,forward,3.0,True,True,none,5.0,,,,,,,,,,,,,,,,,,,,,,,,,,,,,,,,,,,,,,,,,,,
J30_1.RCP,1,156.51315789473688,0.6359448432922363,GA_roulette_pmx_insertion_forward_repair_elitism_swap,38,activity_list,1000,1,50.0,0.9,0.1,60.0,roulette,pmx,insertion,forward,3.0,True,True,swap,5.0,,,,,,,,,,,,,,,,,,,,,,,,,,,,,,,,,,,,,,,,,,,
J30_1.RCP,1,156.51315789473688,0.6285512447357178,GA_roulette_pmx_insertion_forward_repair_noElitism_none,38,activity_list,1000,1,50.0,0.9,0.1,60.0,roulette,pmx,insertion,forward,3.0,True,False,none,5.0,,,,,,,,,,,,,,,,,,,,,,,,,,,,,,,,,,,,,,,,,,,
J30_1.RCP,1,156.51315789473688,0.6343879699707031,GA_roulette_pmx_insertion_forward_repair_noElitism_swap,38,activity_list,1000,1,50.0,0.9,0.1,60.0,roulette,pmx,insertion,forward,3.0,True,False,swap,5.0,,,,,,,,,,,,,,,,,,,,,,,,,,,,,,,,,,,,,,,,,,,
J30_1.RCP,1,156.51315789473688,0.36366820335388184,GA_roulette_pmx_insertion_forward_noRepair_elitism_none,38,activity_list,1000,1,50.0,0.9,0.1,60.0,roulette,pmx,insertion,forward,3.0,False,True,none,5.0,,,,,,,,,,,,,,,,,,,,,,,,,,,,,,,,,,,,,,,,,,,
J30_1.RCP,1,156.51315789473688,0.3678100109100342,GA_roulette_pmx_insertion_forward_noRepair_elitism_swap,38,activity_list,1000,1,50.0,0.9,0.1,60.0,roulette,pmx,insertion,forward,3.0,False,True,swap,5.0,,,,,,,,,,,,,,,,,,,,,,,,,,,,,,,,,,,,,,,,,,,
J30_1.RCP,1,156.51315789473688,0.3627052307128906,GA_roulette_pmx_insertion_forward_noRepair_noElitism_none,38,activity_list,1000,1,50.0,0.9,0.1,60.0,roulette,pmx,insertion,forward,3.0,False,False,none,5.0,,,,,,,,,,,,,,,,,,,,,,,,,,,,,,,,,,,,,,,,,,,
J30_1.RCP,1,156.51315789473688,0.3656120300292969,GA_roulette_pmx_insertion_forward_noRepair_noElitism_swap,38,activity_list,1000,1,50.0,0.9,0.1,60.0,roulette,pmx,insertion,forward,3.0,False,False,swap,5.0,,,,,,,,,,,,,,,,,,,,,,,,,,,,,,,,,,,,,,,,,,,
J30_1.RCP,1,156.51315789473688,0.6276829242706299,GA_roulette_pmx_inversion_random_repair_elitism_none,38,activity_list,1000,1,50.0,0.9,0.1,60.0,roulette,pmx,inversion,random,3.0,True,True,none,5.0,,,,,,,,,,,,,,,,,,,,,,,,,,,,,,,,,,,,,,,,,,,
J30_1.RCP,1,156.51315789473688,0.6241919994354248,GA_roulette_pmx_inversion_random_repair_elitism_swap,38,activity_list,1000,1,50.0,0.9,0.1,60.0,roulette,pmx,inversion,random,3.0,True,True,swap,5.0,,,,,,,,,,,,,,,,,,,,,,,,,,,,,,,,,,,,,,,,,,,
J30_1.RCP,1,156.51315789473688,0.6264739036560059,GA_roulette_pmx_inversion_random_repair_noElitism_none,38,activity_list,1000,1,50.0,0.9,0.1,60.0,roulette,pmx,inversion,random,3.0,True,False,none,5.0,,,,,,,,,,,,,,,,,,,,,,,,,,,,,,,,,,,,,,,,,,,
J30_1.RCP,1,156.51315789473688,0.6258091926574707,GA_roulette_pmx_inversion_random_repair_noElitism_swap,38,activity_list,1000,1,50.0,0.9,0.1,60.0,roulette,pmx,inversion,random,3.0,True,False,swap,5.0,,,,,,,,,,,,,,,,,,,,,,,,,,,,,,,,,,,,,,,,,,,
J30_1.RCP,1,156.51315789473688,0.3664100170135498,GA_roulette_pmx_inversion_random_noRepair_elitism_none,38,activity_list,1000,1,50.0,0.9,0.1,60.0,roulette,pmx,inversion,random,3.0,False,True,none,5.0,,,,,,,,,,,,,,,,,,,,,,,,,,,,,,,,,,,,,,,,,,,
J30_1.RCP,1,156.51315789473688,0.37122416496276855,GA_roulette_pmx_inversion_random_noRepair_elitism_swap,38,activity_list,1000,1,50.0,0.9,0.1,60.0,roulette,pmx,inversion,random,3.0,False,True,swap,5.0,,,,,,,,,,,,,,,,,,,,,,,,,,,,,,,,,,,,,,,,,,,
J30_1.RCP,1,156.51315789473688,0.36615896224975586,GA_roulette_pmx_inversion_random_noRepair_noElitism_none,38,activity_list,1000,1,50.0,0.9,0.1,60.0,roulette,pmx,inversion,random,3.0,False,False,none,5.0,,,,,,,,,,,,,,,,,,,,,,,,,,,,,,,,,,,,,,,,,,,
J30_1.RCP,1,156.51315789473688,0.3712320327758789,GA_roulette_pmx_inversion_random_noRepair_noElitism_swap,38,activity_list,1000,1,50.0,0.9,0.1,60.0,roulette,pmx,inversion,random,3.0,False,False,swap,5.0,,,,,,,,,,,,,,,,,,,,,,,,,,,,,,,,,,,,,,,,,,,
J30_1.RCP,1,156.51315789473688,0.6305279731750488,GA_roulette_pmx_inversion_forward_repair_elitism_none,38,activity_list,1000,1,50.0,0.9,0.1,60.0,roulette,pmx,inversion,forward,3.0,True,True,none,5.0,,,,,,,,,,,,,,,,,,,,,,,,,,,,,,,,,,,,,,,,,,,
J30_1.RCP,1,156.51315789473688,0.6265227794647217,GA_roulette_pmx_inversion_forward_repair_elitism_swap,38,activity_list,1000,1,50.0,0.9,0.1,60.0,roulette,pmx,inversion,forward,3.0,True,True,swap,5.0,,,,,,,,,,,,,,,,,,,,,,,,,,,,,,,,,,,,,,,,,,,
J30_1.RCP,1,156.51315789473688,0.6328399181365967,GA_roulette_pmx_inversion_forward_repair_noElitism_none,38,activity_list,1000,1,50.0,0.9,0.1,60.0,roulette,pmx,inversion,forward,3.0,True,False,none,5.0,,,,,,,,,,,,,,,,,,,,,,,,,,,,,,,,,,,,,,,,,,,
J30_1.RCP,1,156.51315789473688,0.627727746963501,GA_roulette_pmx_inversion_forward_repair_noElitism_swap,38,activity_list,1000,1,50.0,0.9,0.1,60.0,roulette,pmx,inversion,forward,3.0,True,False,swap,5.0,,,,,,,,,,,,,,,,,,,,,,,,,,,,,,,,,,,,,,,,,,,
J30_1.RCP,1,156.51315789473688,0.36298704147338867,GA_roulette_pmx_inversion_forward_noRepair_elitism_none,38,activity_list,1000,1,50.0,0.9,0.1,60.0,roulette,pmx,inversion,forward,3.0,False,True,none,5.0,,,,,,,,,,,,,,,,,,,,,,,,,,,,,,,,,,,,,,,,,,,
J30_1.RCP,1,156.51315789473688,0.367034912109375,GA_roulette_pmx_inversion_forward_noRepair_elitism_swap,38,activity_list,1000,1,50.0,0.9,0.1,60.0,roulette,pmx,inversion,forward,3.0,False,True,swap,5.0,,,,,,,,,,,,,,,,,,,,,,,,,,,,,,,,,,,,,,,,,,,
J30_1.RCP,1,156.51315789473688,0.364703893661499,GA_roulette_pmx_inversion_forward_noRepair_noElitism_none,38,activity_list,1000,1,50.0,0.9,0.1,60.0,roulette,pmx,inversion,forward,3.0,False,False,none,5.0,,,,,,,,,,,,,,,,,,,,,,,,,,,,,,,,,,,,,,,,,,,
J30_1.RCP,1,156.51315789473688,0.36648130416870117,GA_roulette_pmx_inversion_forward_noRepair_noElitism_swap,38,activity_list,1000,1,50.0,0.9,0.1,60.0,roulette,pmx,inversion,forward,3.0,False,False,swap,5.0,,,,,,,,,,,,,,,,,,,,,,,,,,,,,,,,,,,,,,,,,,,
J30_1.RCP,1,156.51315789473688,0.62127685546875,GA_roulette_pmx_scramble_random_repair_elitism_none,38,activity_list,1000,1,50.0,0.9,0.1,60.0,roulette,pmx,scramble,random,3.0,True,True,none,5.0,,,,,,,,,,,,,,,,,,,,,,,,,,,,,,,,,,,,,,,,,,,
J30_1.RCP,1,156.51315789473688,0.6200499534606934,GA_roulette_pmx_scramble_random_repair_elitism_swap,38,activity_list,1000,1,50.0,0.9,0.1,60.0,roulette,pmx,scramble,random,3.0,True,True,swap,5.0,,,,,,,,,,,,,,,,,,,,,,,,,,,,,,,,,,,,,,,,,,,
J30_1.RCP,1,156.51315789473688,0.6223659515380859,GA_roulette_pmx_scramble_random_repair_noElitism_none,38,activity_list,1000,1,50.0,0.9,0.1,60.0,roulette,pmx,scramble,random,3.0,True,False,none,5.0,,,,,,,,,,,,,,,,,,,,,,,,,,,,,,,,,,,,,,,,,,,
J30_1.RCP,1,156.51315789473688,0.6215078830718994,GA_roulette_pmx_scramble_random_repair_noElitism_swap,38,activity_list,1000,1,50.0,0.9,0.1,60.0,roulette,pmx,scramble,random,3.0,True,False,swap,5.0,,,,,,,,,,,,,,,,,,,,,,,,,,,,,,,,,,,,,,,,,,,
J30_1.RCP,1,156.51315789473688,0.37035202980041504,GA_roulette_pmx_scramble_random_noRepair_elitism_none,38,activity_list,1000,1,50.0,0.9,0.1,60.0,roulette,pmx,scramble,random,3.0,False,True,none,5.0,,,,,,,,,,,,,,,,,,,,,,,,,,,,,,,,,,,,,,,,,,,
J30_1.RCP,1,156.51315789473688,0.36937808990478516,GA_roulette_pmx_scramble_random_noRepair_elitism_swap,38,activity_list,1000,1,50.0,0.9,0.1,60.0,roulette,pmx,scramble,random,3.0,False,True,swap,5.0,,,,,,,,,,,,,,,,,,,,,,,,,,,,,,,,,,,,,,,,,,,
J30_1.RCP,1,156.51315789473688,0.3657569885253906,GA_roulette_pmx_scramble_random_noRepair_noElitism_none,38,activity_list,1000,1,50.0,0.9,0.1,60.0,roulette,pmx,scramble,random,3.0,False,False,none,5.0,,,,,,,,,,,,,,,,,,,,,,,,,,,,,,,,,,,,,,,,,,,
J30_1.RCP,1,156.51315789473688,0.37086009979248047,GA_roulette_pmx_scramble_random_noRepair_noElitism_swap,38,activity_list,1000,1,50.0,0.9,0.1,60.0,roulette,pmx,scramble,random,3.0,False,False,swap,5.0,,,,,,,,,,,,,,,,,,,,,,,,,,,,,,,,,,,,,,,,,,,
J30_1.RCP,1,156.51315789473688,0.6381986141204834,GA_roulette_pmx_scramble_forward_repair_elitism_none,38,activity_list,1000,1,50.0,0.9,0.1,60.0,roulette,pmx,scramble,forward,3.0,True,True,none,5.0,,,,,,,,,,,,,,,,,,,,,,,,,,,,,,,,,,,,,,,,,,,
J30_1.RCP,1,156.51315789473688,0.628925085067749,GA_roulette_pmx_scramble_forward_repair_elitism_swap,38,activity_list,1000,1,50.0,0.9,0.1,60.0,roulette,pmx,scramble,forward,3.0,True,True,swap,5.0,,,,,,,,,,,,,,,,,,,,,,,,,,,,,,,,,,,,,,,,,,,
J30_1.RCP,1,156.51315789473688,0.6324479579925537,GA_roulette_pmx_scramble_forward_repair_noElitism_none,38,activity_list,1000,1,50.0,0.9,0.1,60.0,roulette,pmx,scramble,forward,3.0,True,False,none,5.0,,,,,,,,,,,,,,,,,,,,,,,,,,,,,,,,,,,,,,,,,,,
J30_1.RCP,1,156.51315789473688,0.6290309429168701,GA_roulette_pmx_scramble_forward_repair_noElitism_swap,38,activity_list,1000,1,50.0,0.9,0.1,60.0,roulette,pmx,scramble,forward,3.0,True,False,swap,5.0,,,,,,,,,,,,,,,,,,,,,,,,,,,,,,,,,,,,,,,,,,,
J30_1.RCP,1,156.51315789473688,0.3646278381347656,GA_roulette_pmx_scramble_forward_noRepair_elitism_none,38,activity_list,1000,1,50.0,0.9,0.1,60.0,roulette,pmx,scramble,forward,3.0,False,True,none,5.0,,,,,,,,,,,,,,,,,,,,,,,,,,,,,,,,,,,,,,,,,,,
J30_1.RCP,1,156.51315789473688,0.36791491508483887,GA_roulette_pmx_scramble_forward_noRepair_elitism_swap,38,activity_list,1000,1,50.0,0.9,0.1,60.0,roulette,pmx,scramble,forward,3.0,False,True,swap,5.0,,,,,,,,,,,,,,,,,,,,,,,,,,,,,,,,,,,,,,,,,,,
J30_1.RCP,1,156.51315789473688,0.36142897605895996,GA_roulette_pmx_scramble_forward_noRepair_noElitism_none,38,activity_list,1000,1,50.0,0.9,0.1,60.0,roulette,pmx,scramble,forward,3.0,False,False,none,5.0,,,,,,,,,,,,,,,,,,,,,,,,,,,,,,,,,,,,,,,,,,,
J30_1.RCP,1,156.51315789473688,0.37119197845458984,GA_roulette_pmx_scramble_forward_noRepair_noElitism_swap,38,activity_list,1000,1,50.0,0.9,0.1,60.0,roulette,pmx,scramble,forward,3.0,False,False,swap,5.0,,,,,,,,,,,,,,,,,,,,,,,,,,,,,,,,,,,,,,,,,,,
J30_1.RCP,1,156.51315789473688,0.6412599086761475,GA_roulette_order_swap_random_repair_elitism_none,38,activity_list,1000,1,50.0,0.9,0.1,60.0,roulette,order,swap,random,3.0,True,True,none,5.0,,,,,,,,,,,,,,,,,,,,,,,,,,,,,,,,,,,,,,,,,,,
J30_1.RCP,1,156.51315789473688,0.6386768817901611,GA_roulette_order_swap_random_repair_elitism_swap,38,activity_list,1000,1,50.0,0.9,0.1,60.0,roulette,order,swap,random,3.0,True,True,swap,5.0,,,,,,,,,,,,,,,,,,,,,,,,,,,,,,,,,,,,,,,,,,,
J30_1.RCP,1,156.51315789473688,0.6403646469116211,GA_roulette_order_swap_random_repair_noElitism_none,38,activity_list,1000,1,50.0,0.9,0.1,60.0,roulette,order,swap,random,3.0,True,False,none,5.0,,,,,,,,,,,,,,,,,,,,,,,,,,,,,,,,,,,,,,,,,,,
J30_1.RCP,1,156.51315789473688,0.6419057846069336,GA_roulette_order_swap_random_repair_noElitism_swap,38,activity_list,1000,1,50.0,0.9,0.1,60.0,roulette,order,swap,random,3.0,True,False,swap,5.0,,,,,,,,,,,,,,,,,,,,,,,,,,,,,,,,,,,,,,,,,,,
J30_1.RCP,1,156.51315789473688,0.35597705841064453,GA_roulette_order_swap_random_noRepair_elitism_none,38,activity_list,1000,1,50.0,0.9,0.1,60.0,roulette,order,swap,random,3.0,False,True,none,5.0,,,,,,,,,,,,,,,,,,,,,,,,,,,,,,,,,,,,,,,,,,,
J30_1.RCP,1,156.51315789473688,0.36513209342956543,GA_roulette_order_swap_random_noRepair_elitism_swap,38,activity_list,1000,1,50.0,0.9,0.1,60.0,roulette,order,swap,random,3.0,False,True,swap,5.0,,,,,,,,,,,,,,,,,,,,,,,,,,,,,,,,,,,,,,,,,,,
J30_1.RCP,1,156.51315789473688,0.3553619384765625,GA_roulette_order_swap_random_noRepair_noElitism_none,38,activity_list,1000,1,50.0,0.9,0.1,60.0,roulette,order,swap,random,3.0,False,False,none,5.0,,,,,,,,,,,,,,,,,,,,,,,,,,,,,,,,,,,,,,,,,,,
J30_1.RCP,1,156.51315789473688,0.3616204261779785,GA_roulette_order_swap_random_noRepair_noElitism_swap,38,activity_list,1000,1,50.0,0.9,0.1,60.0,roulette,order,swap,random,3.0,False,False,swap,5.0,,,,,,,,,,,,,,,,,,,,,,,,,,,,,,,,,,,,,,,,,,,
J30_1.RCP,1,156.51315789473688,0.6565330028533936,GA_roulette_order_swap_forward_repair_elitism_none,38,activity_list,1000,1,50.0,0.9,0.1,60.0,roulette,order,swap,forward,3.0,True,True,none,5.0,,,,,,,,,,,,,,,,,,,,,,,,,,,,,,,,,,,,,,,,,,,
J30_1.RCP,1,156.51315789473688,0.6500208377838135,GA_roulette_order_swap_forward_repair_elitism_swap,38,activity_list,1000,1,50.0,0.9,0.1,60.0,roulette,order,swap,forward,3.0,True,True,swap,5.0,,,,,,,,,,,,,,,,,,,,,,,,,,,,,,,,,,,,,,,,,,,
J30_1.RCP,1,156.51315789473688,0.6542539596557617,GA_roulette_order_swap_forward_repair_noElitism_none,38,activity_list,1000,1,50.0,0.9,0.1,60.0,roulette,order,swap,forward,3.0,True,False,none,5.0,,,,,,,,,,,,,,,,,,,,,,,,,,,,,,,,,,,,,,,,,,,
J30_1.RCP,1,156.51315789473688,0.6464340686798096,GA_roulette_order_swap_forward_repair_noElitism_swap,38,activity_list,1000,1,50.0,0.9,0.1,60.0,roulette,order,swap,forward,3.0,True,False,swap,5.0,,,,,,,,,,,,,,,,,,,,,,,,,,,,,,,,,,,,,,,,,,,
J30_1.RCP,1,156.51315789473688,0.36715006828308105,GA_roulette_order_swap_forward_noRepair_elitism_none,38,activity_list,1000,1,50.0,0.9,0.1,60.0,roulette,order,swap,forward,3.0,False,True,none,5.0,,,,,,,,,,,,,,,,,,,,,,,,,,,,,,,,,,,,,,,,,,,
J30_1.RCP,1,156.51315789473688,0.3754260540008545,GA_roulette_order_swap_forward_noRepair_elitism_swap,38,activity_list,1000,1,50.0,0.9,0.1,60.0,roulette,order,swap,forward,3.0,False,True,swap,5.0,,,,,,,,,,,,,,,,,,,,,,,,,,,,,,,,,,,,,,,,,,,
J30_1.RCP,1,156.51315789473688,0.36666011810302734,GA_roulette_order_swap_forward_noRepair_noElitism_none,38,activity_list,1000,1,50.0,0.9,0.1,60.0,roulette,order,swap,forward,3.0,False,False,none,5.0,,,,,,,,,,,,,,,,,,,,,,,,,,,,,,,,,,,,,,,,,,,
J30_1.RCP,1,156.51315789473688,0.3748950958251953,GA_roulette_order_swap_forward_noRepair_noElitism_swap,38,activity_list,1000,1,50.0,0.9,0.1,60.0,roulette,order,swap,forward,3.0,False,False,swap,5.0,,,,,,,,,,,,,,,,,,,,,,,,,,,,,,,,,,,,,,,,,,,
J30_1.RCP,1,156.51315789473688,0.6399459838867188,GA_roulette_order_insertion_random_repair_elitism_none,38,activity_list,1000,1,50.0,0.9,0.1,60.0,roulette,order,insertion,random,3.0,True,True,none,5.0,,,,,,,,,,,,,,,,,,,,,,,,,,,,,,,,,,,,,,,,,,,
J30_1.RCP,1,156.51315789473688,0.6366338729858398,GA_roulette_order_insertion_random_repair_elitism_swap,38,activity_list,1000,1,50.0,0.9,0.1,60.0,roulette,order,insertion,random,3.0,True,True,swap,5.0,,,,,,,,,,,,,,,,,,,,,,,,,,,,,,,,,,,,,,,,,,,
J30_1.RCP,1,156.51315789473688,0.6387991905212402,GA_roulette_order_insertion_random_repair_noElitism_none,38,activity_list,1000,1,50.0,0.9,0.1,60.0,roulette,order,insertion,random,3.0,True,False,none,5.0,,,,,,,,,,,,,,,,,,,,,,,,,,,,,,,,,,,,,,,,,,,
J30_1.RCP,1,156.51315789473688,0.6535038948059082,GA_roulette_order_insertion_random_repair_noElitism_swap,38,activity_list,1000,1,50.0,0.9,0.1,60.0,roulette,order,insertion,random,3.0,True,False,swap,5.0,,,,,,,,,,,,,,,,,,,,,,,,,,,,,,,,,,,,,,,,,,,
J30_1.RCP,1,156.51315789473688,0.36270809173583984,GA_roulette_order_insertion_random_noRepair_elitism_none,38,activity_list,1000,1,50.0,0.9,0.1,60.0,roulette,order,insertion,random,3.0,False,True,none,5.0,,,,,,,,,,,,,,,,,,,,,,,,,,,,,,,,,,,,,,,,,,,
J30_1.RCP,1,156.51315789473688,0.3647470474243164,GA_roulette_order_insertion_random_noRepair_elitism_swap,38,activity_list,1000,1,50.0,0.9,0.1,60.0,roulette,order,insertion,random,3.0,False,True,swap,5.0,,,,,,,,,,,,,,,,,,,,,,,,,,,,,,,,,,,,,,,,,,,
J30_1.RCP,1,156.51315789473688,0.35749101638793945,GA_roulette_order_insertion_random_noRepair_noElitism_none,38,activity_list,1000,1,50.0,0.9,0.1,60.0,roulette,order,insertion,random,3.0,False,False,none,5.0,,,,,,,,,,,,,,,,,,,,,,,,,,,,,,,,,,,,,,,,,,,
J30_1.RCP,1,156.51315789473688,0.3593730926513672,GA_roulette_order_insertion_random_noRepair_noElitism_swap,38,activity_list,1000,1,50.0,0.9,0.1,60.0,roulette,order,insertion,random,3.0,False,False,swap,5.0,,,,,,,,,,,,,,,,,,,,,,,,,,,,,,,,,,,,,,,,,,,
J30_1.RCP,1,156.51315789473688,0.6506829261779785,GA_roulette_order_insertion_forward_repair_elitism_none,38,activity_list,1000,1,50.0,0.9,0.1,60.0,roulette,order,insertion,forward,3.0,True,True,none,5.0,,,,,,,,,,,,,,,,,,,,,,,,,,,,,,,,,,,,,,,,,,,
J30_1.RCP,1,156.51315789473688,0.6439299583435059,GA_roulette_order_insertion_forward_repair_elitism_swap,38,activity_list,1000,1,50.0,0.9,0.1,60.0,roulette,order,insertion,forward,3.0,True,True,swap,5.0,,,,,,,,,,,,,,,,,,,,,,,,,,,,,,,,,,,,,,,,,,,
J30_1.RCP,1,156.51315789473688,0.6544840335845947,GA_roulette_order_insertion_forward_repair_noElitism_none,38,activity_list,1000,1,50.0,0.9,0.1,60.0,roulette,order,insertion,forward,3.0,True,False,none,5.0,,,,,,,,,,,,,,,,,,,,,,,,,,,,,,,,,,,,,,,,,,,
J30_1.RCP,1,156.51315789473688,0.6499030590057373,GA_roulette_order_insertion_forward_repair_noElitism_swap,38,activity_list,1000,1,50.0,0.9,0.1,60.0,roulette,order,insertion,forward,3.0,True,False,swap,5.0,,,,,,,,,,,,,,,,,,,,,,,,,,,,,,,,,,,,,,,,,,,
J30_1.RCP,1,156.51315789473688,0.36530113220214844,GA_roulette_order_insertion_forward_noRepair_elitism_none,38,activity_list,1000,1,50.0,0.9,0.1,60.0,roulette,order,insertion,forward,3.0,False,True,none,5.0,,,,,,,,,,,,,,,,,,,,,,,,,,,,,,,,,,,,,,,,,,,
J30_1.RCP,1,156.51315789473688,0.3692469596862793,GA_roulette_order_insertion_forward_noRepair_elitism_swap,38,activity_list,1000,1,50.0,0.9,0.1,60.0,roulette,order,insertion,forward,3.0,False,True,swap,5.0,,,,,,,,,,,,,,,,,,,,,,,,,,,,,,,,,,,,,,,,,,,
J30_1.RCP,1,156.51315789473688,0.36713385581970215,GA_roulette_order_insertion_forward_noRepair_noElitism_none,38,activity_list,1000,1,50.0,0.9,0.1,60.0,roulette,order,insertion,forward,3.0,False,False,none,5.0,,,,,,,,,,,,,,,,,,,,,,,,,,,,,,,,,,,,,,,,,,,
J30_1.RCP,1,156.51315789473688,0.3690979480743408,GA_roulette_order_insertion_forward_noRepair_noElitism_swap,38,activity_list,1000,1,50.0,0.9,0.1,60.0,roulette,order,insertion,forward,3.0,False,False,swap,5.0,,,,,,,,,,,,,,,,,,,,,,,,,,,,,,,,,,,,,,,,,,,
J30_1.RCP,1,156.51315789473688,0.6433043479919434,GA_roulette_order_inversion_random_repair_elitism_none,38,activity_list,1000,1,50.0,0.9,0.1,60.0,roulette,order,inversion,random,3.0,True,True,none,5.0,,,,,,,,,,,,,,,,,,,,,,,,,,,,,,,,,,,,,,,,,,,
J30_1.RCP,1,156.51315789473688,0.6432030200958252,GA_roulette_order_inversion_random_repair_elitism_swap,38,activity_list,1000,1,50.0,0.9,0.1,60.0,roulette,order,inversion,random,3.0,True,True,swap,5.0,,,,,,,,,,,,,,,,,,,,,,,,,,,,,,,,,,,,,,,,,,,
J30_1.RCP,1,156.51315789473688,0.6463139057159424,GA_roulette_order_inversion_random_repair_noElitism_none,38,activity_list,1000,1,50.0,0.9,0.1,60.0,roulette,order,inversion,random,3.0,True,False,none,5.0,,,,,,,,,,,,,,,,,,,,,,,,,,,,,,,,,,,,,,,,,,,
J30_1.RCP,1,156.51315789473688,0.6493308544158936,GA_roulette_order_inversion_random_repair_noElitism_swap,38,activity_list,1000,1,50.0,0.9,0.1,60.0,roulette,order,inversion,random,3.0,True,False,swap,5.0,,,,,,,,,,,,,,,,,,,,,,,,,,,,,,,,,,,,,,,,,,,
J30_1.RCP,1,156.51315789473688,0.35875511169433594,GA_roulette_order_inversion_random_noRepair_elitism_none,38,activity_list,1000,1,50.0,0.9,0.1,60.0,roulette,order,inversion,random,3.0,False,True,none,5.0,,,,,,,,,,,,,,,,,,,,,,,,,,,,,,,,,,,,,,,,,,,
J30_1.RCP,1,156.51315789473688,0.3630790710449219,GA_roulette_order_inversion_random_noRepair_elitism_swap,38,activity_list,1000,1,50.0,0.9,0.1,60.0,roulette,order,inversion,random,3.0,False,True,swap,5.0,,,,,,,,,,,,,,,,,,,,,,,,,,,,,,,,,,,,,,,,,,,
J30_1.RCP,1,156.51315789473688,0.36154794692993164,GA_roulette_order_inversion_random_noRepair_noElitism_none,38,activity_list,1000,1,50.0,0.9,0.1,60.0,roulette,order,inversion,random,3.0,False,False,none,5.0,,,,,,,,,,,,,,,,,,,,,,,,,,,,,,,,,,,,,,,,,,,
J30_1.RCP,1,156.51315789473688,0.367034912109375,GA_roulette_order_inversion_random_noRepair_noElitism_swap,38,activity_list,1000,1,50.0,0.9,0.1,60.0,roulette,order,inversion,random,3.0,False,False,swap,5.0,,,,,,,,,,,,,,,,,,,,,,,,,,,,,,,,,,,,,,,,,,,
J30_1.RCP,1,156.51315789473688,0.654217004776001,GA_roulette_order_inversion_forward_repair_elitism_none,38,activity_list,1000,1,50.0,0.9,0.1,60.0,roulette,order,inversion,forward,3.0,True,True,none,5.0,,,,,,,,,,,,,,,,,,,,,,,,,,,,,,,,,,,,,,,,,,,
J30_1.RCP,1,156.51315789473688,0.6406581401824951,GA_roulette_order_inversion_forward_repair_elitism_swap,38,activity_list,1000,1,50.0,0.9,0.1,60.0,roulette,order,inversion,forward,3.0,True,True,swap,5.0,,,,,,,,,,,,,,,,,,,,,,,,,,,,,,,,,,,,,,,,,,,
J30_1.RCP,1,156.51315789473688,0.6563429832458496,GA_roulette_order_inversion_forward_repair_noElitism_none,38,activity_list,1000,1,50.0,0.9,0.1,60.0,roulette,order,inversion,forward,3.0,True,False,none,5.0,,,,,,,,,,,,,,,,,,,,,,,,,,,,,,,,,,,,,,,,,,,
J30_1.RCP,1,156.51315789473688,0.6443688869476318,GA_roulette_order_inversion_forward_repair_noElitism_swap,38,activity_list,1000,1,50.0,0.9,0.1,60.0,roulette,order,inversion,forward,3.0,True,False,swap,5.0,,,,,,,,,,,,,,,,,,,,,,,,,,,,,,,,,,,,,,,,,,,
J30_1.RCP,1,156.51315789473688,0.3699955940246582,GA_roulette_order_inversion_forward_noRepair_elitism_none,38,activity_list,1000,1,50.0,0.9,0.1,60.0,roulette,order,inversion,forward,3.0,False,True,none,5.0,,,,,,,,,,,,,,,,,,,,,,,,,,,,,,,,,,,,,,,,,,,
J30_1.RCP,1,156.51315789473688,0.37132906913757324,GA_roulette_order_inversion_forward_noRepair_elitism_swap,38,activity_list,1000,1,50.0,0.9,0.1,60.0,roulette,order,inversion,forward,3.0,False,True,swap,5.0,,,,,,,,,,,,,,,,,,,,,,,,,,,,,,,,,,,,,,,,,,,
J30_1.RCP,1,156.51315789473688,0.3703889846801758,GA_roulette_order_inversion_forward_noRepair_noElitism_none,38,activity_list,1000,1,50.0,0.9,0.1,60.0,roulette,order,inversion,forward,3.0,False,False,none,5.0,,,,,,,,,,,,,,,,,,,,,,,,,,,,,,,,,,,,,,,,,,,
J30_1.RCP,1,156.51315789473688,0.36940717697143555,GA_roulette_order_inversion_forward_noRepair_noElitism_swap,38,activity_list,1000,1,50.0,0.9,0.1,60.0,roulette,order,inversion,forward,3.0,False,False,swap,5.0,,,,,,,,,,,,,,,,,,,,,,,,,,,,,,,,,,,,,,,,,,,
J30_1.RCP,1,156.51315789473688,0.6428060531616211,GA_roulette_order_scramble_random_repair_elitism_none,38,activity_list,1000,1,50.0,0.9,0.1,60.0,roulette,order,scramble,random,3.0,True,True,none,5.0,,,,,,,,,,,,,,,,,,,,,,,,,,,,,,,,,,,,,,,,,,,
J30_1.RCP,1,156.51315789473688,0.6397769451141357,GA_roulette_order_scramble_random_repair_elitism_swap,38,activity_list,1000,1,50.0,0.9,0.1,60.0,roulette,order,scramble,random,3.0,True,True,swap,5.0,,,,,,,,,,,,,,,,,,,,,,,,,,,,,,,,,,,,,,,,,,,
J30_1.RCP,1,156.51315789473688,0.644860029220581,GA_roulette_order_scramble_random_repair_noElitism_none,38,activity_list,1000,1,50.0,0.9,0.1,60.0,roulette,order,scramble,random,3.0,True,False,none,5.0,,,,,,,,,,,,,,,,,,,,,,,,,,,,,,,,,,,,,,,,,,,
J30_1.RCP,1,156.51315789473688,0.6368308067321777,GA_roulette_order_scramble_random_repair_noElitism_swap,38,activity_list,1000,1,50.0,0.9,0.1,60.0,roulette,order,scramble,random,3.0,True,False,swap,5.0,,,,,,,,,,,,,,,,,,,,,,,,,,,,,,,,,,,,,,,,,,,
J30_1.RCP,1,156.51315789473688,0.36083030700683594,GA_roulette_order_scramble_random_noRepair_elitism_none,38,activity_list,1000,1,50.0,0.9,0.1,60.0,roulette,order,scramble,random,3.0,False,True,none,5.0,,,,,,,,,,,,,,,,,,,,,,,,,,,,,,,,,,,,,,,,,,,
J30_1.RCP,1,156.51315789473688,0.35993099212646484,GA_roulette_order_scramble_random_noRepair_elitism_swap,38,activity_list,1000,1,50.0,0.9,0.1,60.0,roulette,order,scramble,random,3.0,False,True,swap,5.0,,,,,,,,,,,,,,,,,,,,,,,,,,,,,,,,,,,,,,,,,,,
J30_1.RCP,1,156.51315789473688,0.358828067779541,GA_roulette_order_scramble_random_noRepair_noElitism_none,38,activity_list,1000,1,50.0,0.9,0.1,60.0,roulette,order,scramble,random,3.0,False,False,none,5.0,,,,,,,,,,,,,,,,,,,,,,,,,,,,,,,,,,,,,,,,,,,
J30_1.RCP,1,156.51315789473688,0.3633401393890381,GA_roulette_order_scramble_random_noRepair_noElitism_swap,38,activity_list,1000,1,50.0,0.9,0.1,60.0,roulette,order,scramble,random,3.0,False,False,swap,5.0,,,,,,,,,,,,,,,,,,,,,,,,,,,,,,,,,,,,,,,,,,,
J30_1.RCP,1,156.51315789473688,0.6485929489135742,GA_roulette_order_scramble_forward_repair_elitism_none,38,activity_list,1000,1,50.0,0.9,0.1,60.0,roulette,order,scramble,forward,3.0,True,True,none,5.0,,,,,,,,,,,,,,,,,,,,,,,,,,,,,,,,,,,,,,,,,,,
J30_1.RCP,1,156.51315789473688,0.6500210762023926,GA_roulette_order_scramble_forward_repair_elitism_swap,38,activity_list,1000,1,50.0,0.9,0.1,60.0,roulette,order,scramble,forward,3.0,True,True,swap,5.0,,,,,,,,,,,,,,,,,,,,,,,,,,,,,,,,,,,,,,,,,,,
J30_1.RCP,1,156.51315789473688,0.6515200138092041,GA_roulette_order_scramble_forward_repair_noElitism_none,38,activity_list,1000,1,50.0,0.9,0.1,60.0,roulette,order,scramble,forward,3.0,True,False,none,5.0,,,,,,,,,,,,,,,,,,,,,,,,,,,,,,,,,,,,,,,,,,,
J30_1.RCP,1,156.51315789473688,0.6446919441223145,GA_roulette_order_scramble_forward_repair_noElitism_swap,38,activity_list,1000,1,50.0,0.9,0.1,60.0,roulette,order,scramble,forward,3.0,True,False,swap,5.0,,,,,,,,,,,,,,,,,,,,,,,,,,,,,,,,,,,,,,,,,,,
J30_1.RCP,1,156.51315789473688,0.37149596214294434,GA_roulette_order_scramble_forward_noRepair_elitism_none,38,activity_list,1000,1,50.0,0.9,0.1,60.0,roulette,order,scramble,forward,3.0,False,True,none,5.0,,,,,,,,,,,,,,,,,,,,,,,,,,,,,,,,,,,,,,,,,,,
J30_1.RCP,1,156.51315789473688,0.3705449104309082,GA_roulette_order_scramble_forward_noRepair_elitism_swap,38,activity_list,1000,1,50.0,0.9,0.1,60.0,roulette,order,scramble,forward,3.0,False,True,swap,5.0,,,,,,,,,,,,,,,,,,,,,,,,,,,,,,,,,,,,,,,,,,,
J30_1.RCP,1,156.51315789473688,0.3711991310119629,GA_roulette_order_scramble_forward_noRepair_noElitism_none,38,activity_list,1000,1,50.0,0.9,0.1,60.0,roulette,order,scramble,forward,3.0,False,False,none,5.0,,,,,,,,,,,,,,,,,,,,,,,,,,,,,,,,,,,,,,,,,,,
J30_1.RCP,1,156.51315789473688,0.3715212345123291,GA_roulette_order_scramble_forward_noRepair_noElitism_swap,38,activity_list,1000,1,50.0,0.9,0.1,60.0,roulette,order,scramble,forward,3.0,False,False,swap,5.0,,,,,,,,,,,,,,,,,,,,,,,,,,,,,,,,,,,,,,,,,,,
J30_1.RCP,1,156.51315789473688,0.4628469944000244,GA_tournament_ox1_swap_random_repair_elitism_none,38,activity_list,1000,1,50.0,0.9,0.1,60.0,tournament,ox1,swap,random,3.0,True,True,none,5.0,,,,,,,,,,,,,,,,,,,,,,,,,,,,,,,,,,,,,,,,,,,
J30_1.RCP,1,156.51315789473688,0.47540903091430664,GA_tournament_ox1_swap_random_repair_elitism_swap,38,activity_list,1000,1,50.0,0.9,0.1,60.0,tournament,ox1,swap,random,3.0,True,True,swap,5.0,,,,,,,,,,,,,,,,,,,,,,,,,,,,,,,,,,,,,,,,,,,
J30_1.RCP,1,156.51315789473688,0.6448311805725098,GA_tournament_ox1_swap_random_repair_noElitism_none,38,activity_list,1000,1,50.0,0.9,0.1,60.0,tournament,ox1,swap,random,3.0,True,False,none,5.0,,,,,,,,,,,,,,,,,,,,,,,,,,,,,,,,,,,,,,,,,,,
J30_1.RCP,1,156.51315789473688,0.6462559700012207,GA_tournament_ox1_swap_random_repair_noElitism_swap,38,activity_list,1000,1,50.0,0.9,0.1,60.0,tournament,ox1,swap,random,3.0,True,False,swap,5.0,,,,,,,,,,,,,,,,,,,,,,,,,,,,,,,,,,,,,,,,,,,
J30_1.RCP,1,156.51315789473688,0.36728930473327637,GA_tournament_ox1_swap_random_noRepair_elitism_none,38,activity_list,1000,1,50.0,0.9,0.1,60.0,tournament,ox1,swap,random,3.0,False,True,none,5.0,,,,,,,,,,,,,,,,,,,,,,,,,,,,,,,,,,,,,,,,,,,
J30_1.RCP,1,156.51315789473688,0.3777928352355957,GA_tournament_ox1_swap_random_noRepair_elitism_swap,38,activity_list,1000,1,50.0,0.9,0.1,60.0,tournament,ox1,swap,random,3.0,False,True,swap,5.0,,,,,,,,,,,,,,,,,,,,,,,,,,,,,,,,,,,,,,,,,,,
J30_1.RCP,1,156.51315789473688,0.3784940242767334,GA_tournament_ox1_swap_random_noRepair_noElitism_none,38,activity_list,1000,1,50.0,0.9,0.1,60.0,tournament,ox1,swap,random,3.0,False,False,none,5.0,,,,,,,,,,,,,,,,,,,,,,,,,,,,,,,,,,,,,,,,,,,
J30_1.RCP,1,156.51315789473688,0.37876367568969727,GA_tournament_ox1_swap_random_noRepair_noElitism_swap,38,activity_list,1000,1,50.0,0.9,0.1,60.0,tournament,ox1,swap,random,3.0,False,False,swap,5.0,,,,,,,,,,,,,,,,,,,,,,,,,,,,,,,,,,,,,,,,,,,
J30_1.RCP,1,156.51315789473688,0.46792101860046387,GA_tournament_ox1_swap_forward_repair_elitism_none,38,activity_list,1000,1,50.0,0.9,0.1,60.0,tournament,ox1,swap,forward,3.0,True,True,none,5.0,,,,,,,,,,,,,,,,,,,,,,,,,,,,,,,,,,,,,,,,,,,
J30_1.RCP,1,156.51315789473688,0.4872879981994629,GA_tournament_ox1_swap_forward_repair_elitism_swap,38,activity_list,1000,1,50.0,0.9,0.1,60.0,tournament,ox1,swap,forward,3.0,True,True,swap,5.0,,,,,,,,,,,,,,,,,,,,,,,,,,,,,,,,,,,,,,,,,,,
J30_1.RCP,1,156.51315789473688,0.6528091430664062,GA_tournament_ox1_swap_forward_repair_noElitism_none,38,activity_list,1000,1,50.0,0.9,0.1,60.0,tournament,ox1,swap,forward,3.0,True,False,none,5.0,,,,,,,,,,,,,,,,,,,,,,,,,,,,,,,,,,,,,,,,,,,
J30_1.RCP,1,156.51315789473688,0.6540060043334961,GA_tournament_ox1_swap_forward_repair_noElitism_swap,38,activity_list,1000,1,50.0,0.9,0.1,60.0,tournament,ox1,swap,forward,3.0,True,False,swap,5.0,,,,,,,,,,,,,,,,,,,,,,,,,,,,,,,,,,,,,,,,,,,
J30_1.RCP,1,156.51315789473688,0.3728959560394287,GA_tournament_ox1_swap_forward_noRepair_elitism_none,38,activity_list,1000,1,50.0,0.9,0.1,60.0,tournament,ox1,swap,forward,3.0,False,True,none,5.0,,,,,,,,,,,,,,,,,,,,,,,,,,,,,,,,,,,,,,,,,,,
J30_1.RCP,1,156.51315789473688,0.38069772720336914,GA_tournament_ox1_swap_forward_noRepair_elitism_swap,38,activity_list,1000,1,50.0,0.9,0.1,60.0,tournament,ox1,swap,forward,3.0,False,True,swap,5.0,,,,,,,,,,,,,,,,,,,,,,,,,,,,,,,,,,,,,,,,,,,
J30_1.RCP,1,156.51315789473688,0.38059186935424805,GA_tournament_ox1_swap_forward_noRepair_noElitism_none,38,activity_list,1000,1,50.0,0.9,0.1,60.0,tournament,ox1,swap,forward,3.0,False,False,none,5.0,,,,,,,,,,,,,,,,,,,,,,,,,,,,,,,,,,,,,,,,,,,
J30_1.RCP,1,156.51315789473688,0.3838160037994385,GA_tournament_ox1_swap_forward_noRepair_noElitism_swap,38,activity_list,1000,1,50.0,0.9,0.1,60.0,tournament,ox1,swap,forward,3.0,False,False,swap,5.0,,,,,,,,,,,,,,,,,,,,,,,,,,,,,,,,,,,,,,,,,,,
J30_1.RCP,1,156.51315789473688,0.4875640869140625,GA_tournament_ox1_insertion_random_repair_elitism_none,38,activity_list,1000,1,50.0,0.9,0.1,60.0,tournament,ox1,insertion,random,3.0,True,True,none,5.0,,,,,,,,,,,,,,,,,,,,,,,,,,,,,,,,,,,,,,,,,,,
J30_1.RCP,1,156.51315789473688,0.4826529026031494,GA_tournament_ox1_insertion_random_repair_elitism_swap,38,activity_list,1000,1,50.0,0.9,0.1,60.0,tournament,ox1,insertion,random,3.0,True,True,swap,5.0,,,,,,,,,,,,,,,,,,,,,,,,,,,,,,,,,,,,,,,,,,,
J30_1.RCP,1,156.51315789473688,0.654818058013916,GA_tournament_ox1_insertion_random_repair_noElitism_none,38,activity_list,1000,1,50.0,0.9,0.1,60.0,tournament,ox1,insertion,random,3.0,True,False,none,5.0,,,,,,,,,,,,,,,,,,,,,,,,,,,,,,,,,,,,,,,,,,,
J30_1.RCP,1,156.51315789473688,0.6635587215423584,GA_tournament_ox1_insertion_random_repair_noElitism_swap,38,activity_list,1000,1,50.0,0.9,0.1,60.0,tournament,ox1,insertion,random,3.0,True,False,swap,5.0,,,,,,,,,,,,,,,,,,,,,,,,,,,,,,,,,,,,,,,,,,,
J30_1.RCP,1,156.51315789473688,0.3656189441680908,GA_tournament_ox1_insertion_random_noRepair_elitism_none,38,activity_list,1000,1,50.0,0.9,0.1,60.0,tournament,ox1,insertion,random,3.0,False,True,none,5.0,,,,,,,,,,,,,,,,,,,,,,,,,,,,,,,,,,,,,,,,,,,
J30_1.RCP,1,156.51315789473688,0.3783130645751953,GA_tournament_ox1_insertion_random_noRepair_elitism_swap,38,activity_list,1000,1,50.0,0.9,0.1,60.0,tournament,ox1,insertion,random,3.0,False,True,swap,5.0,,,,,,,,,,,,,,,,,,,,,,,,,,,,,,,,,,,,,,,,,,,
J30_1.RCP,1,156.51315789473688,0.3771402835845947,GA_tournament_ox1_insertion_random_noRepair_noElitism_none,38,activity_list,1000,1,50.0,0.9,0.1,60.0,tournament,ox1,insertion,random,3.0,False,False,none,5.0,,,,,,,,,,,,,,,,,,,,,,,,,,,,,,,,,,,,,,,,,,,
J30_1.RCP,1,156.51315789473688,0.3792388439178467,GA_tournament_ox1_insertion_random_noRepair_noElitism_swap,38,activity_list,1000,1,50.0,0.9,0.1,60.0,tournament,ox1,insertion,random,3.0,False,False,swap,5.0,,,,,,,,,,,,,,,,,,,,,,,,,,,,,,,,,,,,,,,,,,,
J30_1.RCP,1,156.51315789473688,0.4741330146789551,GA_tournament_ox1_insertion_forward_repair_elitism_none,38,activity_list,1000,1,50.0,0.9,0.1,60.0,tournament,ox1,insertion,forward,3.0,True,True,none,5.0,,,,,,,,,,,,,,,,,,,,,,,,,,,,,,,,,,,,,,,,,,,
J30_1.RCP,1,156.51315789473688,0.48303794860839844,GA_tournament_ox1_insertion_forward_repair_elitism_swap,38,activity_list,1000,1,50.0,0.9,0.1,60.0,tournament,ox1,insertion,forward,3.0,True,True,swap,5.0,,,,,,,,,,,,,,,,,,,,,,,,,,,,,,,,,,,,,,,,,,,
J30_1.RCP,1,156.51315789473688,0.6537191867828369,GA_tournament_ox1_insertion_forward_repair_noElitism_none,38,activity_list,1000,1,50.0,0.9,0.1,60.0,tournament,ox1,insertion,forward,3.0,True,False,none,5.0,,,,,,,,,,,,,,,,,,,,,,,,,,,,,,,,,,,,,,,,,,,
J30_1.RCP,1,156.51315789473688,0.6545519828796387,GA_tournament_ox1_insertion_forward_repair_noElitism_swap,38,activity_list,1000,1,50.0,0.9,0.1,60.0,tournament,ox1,insertion,forward,3.0,True,False,swap,5.0,,,,,,,,,,,,,,,,,,,,,,,,,,,,,,,,,,,,,,,,,,,
J30_1.RCP,1,156.51315789473688,0.3685622215270996,GA_tournament_ox1_insertion_forward_noRepair_elitism_none,38,activity_list,1000,1,50.0,0.9,0.1,60.0,tournament,ox1,insertion,forward,3.0,False,True,none,5.0,,,,,,,,,,,,,,,,,,,,,,,,,,,,,,,,,,,,,,,,,,,
J30_1.RCP,1,156.51315789473688,0.3847479820251465,GA_tournament_ox1_insertion_forward_noRepair_elitism_swap,38,activity_list,1000,1,50.0,0.9,0.1,60.0,tournament,ox1,insertion,forward,3.0,False,True,swap,5.0,,,,,,,,,,,,,,,,,,,,,,,,,,,,,,,,,,,,,,,,,,,
J30_1.RCP,1,156.51315789473688,0.3864881992340088,GA_tournament_ox1_insertion_forward_noRepair_noElitism_none,38,activity_list,1000,1,50.0,0.9,0.1,60.0,tournament,ox1,insertion,forward,3.0,False,False,none,5.0,,,,,,,,,,,,,,,,,,,,,,,,,,,,,,,,,,,,,,,,,,,
J30_1.RCP,1,156.51315789473688,0.38422393798828125,GA_tournament_ox1_insertion_forward_noRepair_noElitism_swap,38,activity_list,1000,1,50.0,0.9,0.1,60.0,tournament,ox1,insertion,forward,3.0,False,False,swap,5.0,,,,,,,,,,,,,,,,,,,,,,,,,,,,,,,,,,,,,,,,,,,
J30_1.RCP,1,156.51315789473688,0.46239614486694336,GA_tournament_ox1_inversion_random_repair_elitism_none,38,activity_list,1000,1,50.0,0.9,0.1,60.0,tournament,ox1,inversion,random,3.0,True,True,none,5.0,,,,,,,,,,,,,,,,,,,,,,,,,,,,,,,,,,,,,,,,,,,
J30_1.RCP,1,156.51315789473688,0.47721099853515625,GA_tournament_ox1_inversion_random_repair_elitism_swap,38,activity_list,1000,1,50.0,0.9,0.1,60.0,tournament,ox1,inversion,random,3.0,True,True,swap,5.0,,,,,,,,,,,,,,,,,,,,,,,,,,,,,,,,,,,,,,,,,,,
J30_1.RCP,1,156.51315789473688,0.6479332447052002,GA_tournament_ox1_inversion_random_repair_noElitism_none,38,activity_list,1000,1,50.0,0.9,0.1,60.0,tournament,ox1,inversion,random,3.0,True,False,none,5.0,,,,,,,,,,,,,,,,,,,,,,,,,,,,,,,,,,,,,,,,,,,
J30_1.RCP,1,156.51315789473688,0.6400859355926514,GA_tournament_ox1_inversion_random_repair_noElitism_swap,38,activity_list,1000,1,50.0,0.9,0.1,60.0,tournament,ox1,inversion,random,3.0,True,False,swap,5.0,,,,,,,,,,,,,,,,,,,,,,,,,,,,,,,,,,,,,,,,,,,
J30_1.RCP,1,156.51315789473688,0.3715031147003174,GA_tournament_ox1_inversion_random_noRepair_elitism_none,38,activity_list,1000,1,50.0,0.9,0.1,60.0,tournament,ox1,inversion,random,3.0,False,True,none,5.0,,,,,,,,,,,,,,,,,,,,,,,,,,,,,,,,,,,,,,,,,,,
J30_1.RCP,1,156.51315789473688,0.3776059150695801,GA_tournament_ox1_inversion_random_noRepair_elitism_swap,38,activity_list,1000,1,50.0,0.9,0.1,60.0,tournament,ox1,inversion,random,3.0,False,True,swap,5.0,,,,,,,,,,,,,,,,,,,,,,,,,,,,,,,,,,,,,,,,,,,
J30_1.RCP,1,156.51315789473688,0.3748188018798828,GA_tournament_ox1_inversion_random_noRepair_noElitism_none,38,activity_list,1000,1,50.0,0.9,0.1,60.0,tournament,ox1,inversion,random,3.0,False,False,none,5.0,,,,,,,,,,,,,,,,,,,,,,,,,,,,,,,,,,,,,,,,,,,
J30_1.RCP,1,156.51315789473688,0.3851621150970459,GA_tournament_ox1_inversion_random_noRepair_noElitism_swap,38,activity_list,1000,1,50.0,0.9,0.1,60.0,tournament,ox1,inversion,random,3.0,False,False,swap,5.0,,,,,,,,,,,,,,,,,,,,,,,,,,,,,,,,,,,,,,,,,,,
J30_1.RCP,1,156.51315789473688,0.4737510681152344,GA_tournament_ox1_inversion_forward_repair_elitism_none,38,activity_list,1000,1,50.0,0.9,0.1,60.0,tournament,ox1,inversion,forward,3.0,True,True,none,5.0,,,,,,,,,,,,,,,,,,,,,,,,,,,,,,,,,,,,,,,,,,,
J30_1.RCP,1,156.51315789473688,0.49394893646240234,GA_tournament_ox1_inversion_forward_repair_elitism_swap,38,activity_list,1000,1,50.0,0.9,0.1,60.0,tournament,ox1,inversion,forward,3.0,True,True,swap,5.0,,,,,,,,,,,,,,,,,,,,,,,,,,,,,,,,,,,,,,,,,,,
J30_1.RCP,1,156.51315789473688,0.6482832431793213,GA_tournament_ox1_inversion_forward_repair_noElitism_none,38,activity_list,1000,1,50.0,0.9,0.1,60.0,tournament,ox1,inversion,forward,3.0,True,False,none,5.0,,,,,,,,,,,,,,,,,,,,,,,,,,,,,,,,,,,,,,,,,,,
J30_1.RCP,1,156.51315789473688,0.6618809700012207,GA_tournament_ox1_inversion_forward_repair_noElitism_swap,38,activity_list,1000,1,50.0,0.9,0.1,60.0,tournament,ox1,inversion,forward,3.0,True,False,swap,5.0,,,,,,,,,,,,,,,,,,,,,,,,,,,,,,,,,,,,,,,,,,,
J30_1.RCP,1,156.51315789473688,0.3681221008300781,GA_tournament_ox1_inversion_forward_noRepair_elitism_none,38,activity_list,1000,1,50.0,0.9,0.1,60.0,tournament,ox1,inversion,forward,3.0,False,True,none,5.0,,,,,,,,,,,,,,,,,,,,,,,,,,,,,,,,,,,,,,,,,,,
J30_1.RCP,1,156.51315789473688,0.3829691410064697,GA_tournament_ox1_inversion_forward_noRepair_elitism_swap,38,activity_list,1000,1,50.0,0.9,0.1,60.0,tournament,ox1,inversion,forward,3.0,False,True,swap,5.0,,,,,,,,,,,,,,,,,,,,,,,,,,,,,,,,,,,,,,,,,,,
J30_1.RCP,1,156.51315789473688,0.38248395919799805,GA_tournament_ox1_inversion_forward_noRepair_noElitism_none,38,activity_list,1000,1,50.0,0.9,0.1,60.0,tournament,ox1,inversion,forward,3.0,False,False,none,5.0,,,,,,,,,,,,,,,,,,,,,,,,,,,,,,,,,,,,,,,,,,,
J30_1.RCP,1,156.51315789473688,0.3823432922363281,GA_tournament_ox1_inversion_forward_noRepair_noElitism_swap,38,activity_list,1000,1,50.0,0.9,0.1,60.0,tournament,ox1,inversion,forward,3.0,False,False,swap,5.0,,,,,,,,,,,,,,,,,,,,,,,,,,,,,,,,,,,,,,,,,,,
J30_1.RCP,1,156.51315789473688,0.46730899810791016,GA_tournament_ox1_scramble_random_repair_elitism_none,38,activity_list,1000,1,50.0,0.9,0.1,60.0,tournament,ox1,scramble,random,3.0,True,True,none,5.0,,,,,,,,,,,,,,,,,,,,,,,,,,,,,,,,,,,,,,,,,,,
J30_1.RCP,1,156.51315789473688,0.4844849109649658,GA_tournament_ox1_scramble_random_repair_elitism_swap,38,activity_list,1000,1,50.0,0.9,0.1,60.0,tournament,ox1,scramble,random,3.0,True,True,swap,5.0,,,,,,,,,,,,,,,,,,,,,,,,,,,,,,,,,,,,,,,,,,,
J30_1.RCP,1,156.51315789473688,0.6571850776672363,GA_tournament_ox1_scramble_random_repair_noElitism_none,38,activity_list,1000,1,50.0,0.9,0.1,60.0,tournament,ox1,scramble,random,3.0,True,False,none,5.0,,,,,,,,,,,,,,,,,,,,,,,,,,,,,,,,,,,,,,,,,,,
J30_1.RCP,1,156.51315789473688,0.6484746932983398,GA_tournament_ox1_scramble_random_repair_noElitism_swap,38,activity_list,1000,1,50.0,0.9,0.1,60.0,tournament,ox1,scramble,random,3.0,True,False,swap,5.0,,,,,,,,,,,,,,,,,,,,,,,,,,,,,,,,,,,,,,,,,,,
J30_1.RCP,1,156.51315789473688,0.37079811096191406,GA_tournament_ox1_scramble_random_noRepair_elitism_none,38,activity_list,1000,1,50.0,0.9,0.1,60.0,tournament,ox1,scramble,random,3.0,False,True,none,5.0,,,,,,,,,,,,,,,,,,,,,,,,,,,,,,,,,,,,,,,,,,,
J30_1.RCP,1,156.51315789473688,0.3774681091308594,GA_tournament_ox1_scramble_random_noRepair_elitism_swap,38,activity_list,1000,1,50.0,0.9,0.1,60.0,tournament,ox1,scramble,random,3.0,False,True,swap,5.0,,,,,,,,,,,,,,,,,,,,,,,,,,,,,,,,,,,,,,,,,,,
J30_1.RCP,1,156.51315789473688,0.3825240135192871,GA_tournament_ox1_scramble_random_noRepair_noElitism_none,38,activity_list,1000,1,50.0,0.9,0.1,60.0,tournament,ox1,scramble,random,3.0,False,False,none,5.0,,,,,,,,,,,,,,,,,,,,,,,,,,,,,,,,,,,,,,,,,,,
J30_1.RCP,1,156.51315789473688,0.3796730041503906,GA_tournament_ox1_scramble_random_noRepair_noElitism_swap,38,activity_list,1000,1,50.0,0.9,0.1,60.0,tournament,ox1,scramble,random,3.0,False,False,swap,5.0,,,,,,,,,,,,,,,,,,,,,,,,,,,,,,,,,,,,,,,,,,,
J30_1.RCP,1,156.51315789473688,0.47025299072265625,GA_tournament_ox1_scramble_forward_repair_elitism_none,38,activity_list,1000,1,50.0,0.9,0.1,60.0,tournament,ox1,scramble,forward,3.0,True,True,none,5.0,,,,,,,,,,,,,,,,,,,,,,,,,,,,,,,,,,,,,,,,,,,
J30_1.RCP,1,156.51315789473688,0.48451685905456543,GA_tournament_ox1_scramble_forward_repair_elitism_swap,38,activity_list,1000,1,50.0,0.9,0.1,60.0,tournament,ox1,scramble,forward,3.0,True,True,swap,5.0,,,,,,,,,,,,,,,,,,,,,,,,,,,,,,,,,,,,,,,,,,,
J30_1.RCP,1,156.51315789473688,0.6532831192016602,GA_tournament_ox1_scramble_forward_repair_noElitism_none,38,activity_list,1000,1,50.0,0.9,0.1,60.0,tournament,ox1,scramble,forward,3.0,True,False,none,5.0,,,,,,,,,,,,,,,,,,,,,,,,,,,,,,,,,,,,,,,,,,,
J30_1.RCP,1,156.51315789473688,0.647334098815918,GA_tournament_ox1_scramble_forward_repair_noElitism_swap,38,activity_list,1000,1,50.0,0.9,0.1,60.0,tournament,ox1,scramble,forward,3.0,True,False,swap,5.0,,,,,,,,,,,,,,,,,,,,,,,,,,,,,,,,,,,,,,,,,,,
J30_1.RCP,1,156.51315789473688,0.36875200271606445,GA_tournament_ox1_scramble_forward_noRepair_elitism_none,38,activity_list,1000,1,50.0,0.9,0.1,60.0,tournament,ox1,scramble,forward,3.0,False,True,none,5.0,,,,,,,,,,,,,,,,,,,,,,,,,,,,,,,,,,,,,,,,,,,
J30_1.RCP,1,156.51315789473688,0.3803446292877197,GA_tournament_ox1_scramble_forward_noRepair_elitism_swap,38,activity_list,1000,1,50.0,0.9,0.1,60.0,tournament,ox1,scramble,forward,3.0,False,True,swap,5.0,,,,,,,,,,,,,,,,,,,,,,,,,,,,,,,,,,,,,,,,,,,
J30_1.RCP,1,156.51315789473688,0.3821859359741211,GA_tournament_ox1_scramble_forward_noRepair_noElitism_none,38,activity_list,1000,1,50.0,0.9,0.1,60.0,tournament,ox1,scramble,forward,3.0,False,False,none,5.0,,,,,,,,,,,,,,,,,,,,,,,,,,,,,,,,,,,,,,,,,,,
J30_1.RCP,1,156.51315789473688,0.38854193687438965,GA_tournament_ox1_scramble_forward_noRepair_noElitism_swap,38,activity_list,1000,1,50.0,0.9,0.1,60.0,tournament,ox1,scramble,forward,3.0,False,False,swap,5.0,,,,,,,,,,,,,,,,,,,,,,,,,,,,,,,,,,,,,,,,,,,
J30_1.RCP,1,156.51315789473688,0.45313572883605957,GA_tournament_pmx_swap_random_repair_elitism_none,38,activity_list,1000,1,50.0,0.9,0.1,60.0,tournament,pmx,swap,random,3.0,True,True,none,5.0,,,,,,,,,,,,,,,,,,,,,,,,,,,,,,,,,,,,,,,,,,,
J30_1.RCP,1,156.51315789473688,0.4666268825531006,GA_tournament_pmx_swap_random_repair_elitism_swap,38,activity_list,1000,1,50.0,0.9,0.1,60.0,tournament,pmx,swap,random,3.0,True,True,swap,5.0,,,,,,,,,,,,,,,,,,,,,,,,,,,,,,,,,,,,,,,,,,,
J30_1.RCP,1,156.51315789473688,0.6205317974090576,GA_tournament_pmx_swap_random_repair_noElitism_none,38,activity_list,1000,1,50.0,0.9,0.1,60.0,tournament,pmx,swap,random,3.0,True,False,none,5.0,,,,,,,,,,,,,,,,,,,,,,,,,,,,,,,,,,,,,,,,,,,
J30_1.RCP,1,156.51315789473688,0.619591236114502,GA_tournament_pmx_swap_random_repair_noElitism_swap,38,activity_list,1000,1,50.0,0.9,0.1,60.0,tournament,pmx,swap,random,3.0,True,False,swap,5.0,,,,,,,,,,,,,,,,,,,,,,,,,,,,,,,,,,,,,,,,,,,
J30_1.RCP,1,156.51315789473688,0.3665170669555664,GA_tournament_pmx_swap_random_noRepair_elitism_none,38,activity_list,1000,1,50.0,0.9,0.1,60.0,tournament,pmx,swap,random,3.0,False,True,none,5.0,,,,,,,,,,,,,,,,,,,,,,,,,,,,,,,,,,,,,,,,,,,
J30_1.RCP,1,156.51315789473688,0.37464404106140137,GA_tournament_pmx_swap_random_noRepair_elitism_swap,38,activity_list,1000,1,50.0,0.9,0.1,60.0,tournament,pmx,swap,random,3.0,False,True,swap,5.0,,,,,,,,,,,,,,,,,,,,,,,,,,,,,,,,,,,,,,,,,,,
J30_1.RCP,1,156.51315789473688,0.36865901947021484,GA_tournament_pmx_swap_random_noRepair_noElitism_none,38,activity_list,1000,1,50.0,0.9,0.1,60.0,tournament,pmx,swap,random,3.0,False,False,none,5.0,,,,,,,,,,,,,,,,,,,,,,,,,,,,,,,,,,,,,,,,,,,
J30_1.RCP,1,156.51315789473688,0.3684570789337158,GA_tournament_pmx_swap_random_noRepair_noElitism_swap,38,activity_list,1000,1,50.0,0.9,0.1,60.0,tournament,pmx,swap,random,3.0,False,False,swap,5.0,,,,,,,,,,,,,,,,,,,,,,,,,,,,,,,,,,,,,,,,,,,
J30_1.RCP,1,156.51315789473688,0.46375083923339844,GA_tournament_pmx_swap_forward_repair_elitism_none,38,activity_list,1000,1,50.0,0.9,0.1,60.0,tournament,pmx,swap,forward,3.0,True,True,none,5.0,,,,,,,,,,,,,,,,,,,,,,,,,,,,,,,,,,,,,,,,,,,
J30_1.RCP,1,156.51315789473688,0.47540903091430664,GA_tournament_pmx_swap_forward_repair_elitism_swap,38,activity_list,1000,1,50.0,0.9,0.1,60.0,tournament,pmx,swap,forward,3.0,True,True,swap,5.0,,,,,,,,,,,,,,,,,,,,,,,,,,,,,,,,,,,,,,,,,,,
J30_1.RCP,1,156.51315789473688,0.6345670223236084,GA_tournament_pmx_swap_forward_repair_noElitism_none,38,activity_list,1000,1,50.0,0.9,0.1,60.0,tournament,pmx,swap,forward,3.0,True,False,none,5.0,,,,,,,,,,,,,,,,,,,,,,,,,,,,,,,,,,,,,,,,,,,
J30_1.RCP,1,156.51315789473688,0.6338489055633545,GA_tournament_pmx_swap_forward_repair_noElitism_swap,38,activity_list,1000,1,50.0,0.9,0.1,60.0,tournament,pmx,swap,forward,3.0,True,False,swap,5.0,,,,,,,,,,,,,,,,,,,,,,,,,,,,,,,,,,,,,,,,,,,
J30_1.RCP,1,156.51315789473688,0.36616992950439453,GA_tournament_pmx_swap_forward_noRepair_elitism_none,38,activity_list,1000,1,50.0,0.9,0.1,60.0,tournament,pmx,swap,forward,3.0,False,True,none,5.0,,,,,,,,,,,,,,,,,,,,,,,,,,,,,,,,,,,,,,,,,,,
J30_1.RCP,1,156.51315789473688,0.3746490478515625,GA_tournament_pmx_swap_forward_noRepair_elitism_swap,38,activity_list,1000,1,50.0,0.9,0.1,60.0,tournament,pmx,swap,forward,3.0,False,True,swap,5.0,,,,,,,,,,,,,,,,,,,,,,,,,,,,,,,,,,,,,,,,,,,
J30_1.RCP,1,156.51315789473688,0.3637199401855469,GA_tournament_pmx_swap_forward_noRepair_noElitism_none,38,activity_list,1000,1,50.0,0.9,0.1,60.0,tournament,pmx,swap,forward,3.0,False,False,none,5.0,,,,,,,,,,,,,,,,,,,,,,,,,,,,,,,,,,,,,,,,,,,
J30_1.RCP,1,156.51315789473688,0.36736512184143066,GA_tournament_pmx_swap_forward_noRepair_noElitism_swap,38,activity_list,1000,1,50.0,0.9,0.1,60.0,tournament,pmx,swap,forward,3.0,False,False,swap,5.0,,,,,,,,,,,,,,,,,,,,,,,,,,,,,,,,,,,,,,,,,,,
J30_1.RCP,1,156.51315789473688,0.4717068672180176,GA_tournament_pmx_insertion_random_repair_elitism_none,38,activity_list,1000,1,50.0,0.9,0.1,60.0,tournament,pmx,insertion,random,3.0,True,True,none,5.0,,,,,,,,,,,,,,,,,,,,,,,,,,,,,,,,,,,,,,,,,,,
J30_1.RCP,1,156.51315789473688,0.475053071975708,GA_tournament_pmx_insertion_random_repair_elitism_swap,38,activity_list,1000,1,50.0,0.9,0.1,60.0,tournament,pmx,insertion,random,3.0,True,True,swap,5.0,,,,,,,,,,,,,,,,,,,,,,,,,,,,,,,,,,,,,,,,,,,
J30_1.RCP,1,156.51315789473688,0.6300551891326904,GA_tournament_pmx_insertion_random_repair_noElitism_none,38,activity_list,1000,1,50.0,0.9,0.1,60.0,tournament,pmx,insertion,random,3.0,True,False,none,5.0,,,,,,,,,,,,,,,,,,,,,,,,,,,,,,,,,,,,,,,,,,,
J30_1.RCP,1,156.51315789473688,0.6251897811889648,GA_tournament_pmx_insertion_random_repair_noElitism_swap,38,activity_list,1000,1,50.0,0.9,0.1,60.0,tournament,pmx,insertion,random,3.0,True,False,swap,5.0,,,,,,,,,,,,,,,,,,,,,,,,,,,,,,,,,,,,,,,,,,,
J30_1.RCP,1,156.51315789473688,0.3675649166107178,GA_tournament_pmx_insertion_random_noRepair_elitism_none,38,activity_list,1000,1,50.0,0.9,0.1,60.0,tournament,pmx,insertion,random,3.0,False,True,none,5.0,,,,,,,,,,,,,,,,,,,,,,,,,,,,,,,,,,,,,,,,,,,
J30_1.RCP,1,156.51315789473688,0.37606000900268555,GA_tournament_pmx_insertion_random_noRepair_elitism_swap,38,activity_list,1000,1,50.0,0.9,0.1,60.0,tournament,pmx,insertion,random,3.0,False,True,swap,5.0,,,,,,,,,,,,,,,,,,,,,,,,,,,,,,,,,,,,,,,,,,,
J30_1.RCP,1,156.51315789473688,0.3699638843536377,GA_tournament_pmx_insertion_random_noRepair_noElitism_none,38,activity_list,1000,1,50.0,0.9,0.1,60.0,tournament,pmx,insertion,random,3.0,False,False,none,5.0,,,,,,,,,,,,,,,,,,,,,,,,,,,,,,,,,,,,,,,,,,,
J30_1.RCP,1,156.51315789473688,0.37637829780578613,GA_tournament_pmx_insertion_random_noRepair_noElitism_swap,38,activity_list,1000,1,50.0,0.9,0.1,60.0,tournament,pmx,insertion,random,3.0,False,False,swap,5.0,,,,,,,,,,,,,,,,,,,,,,,,,,,,,,,,,,,,,,,,,,,
J30_1.RCP,1,156.51315789473688,0.46802306175231934,GA_tournament_pmx_insertion_forward_repair_elitism_none,38,activity_list,1000,1,50.0,0.9,0.1,60.0,tournament,pmx,insertion,forward,3.0,True,True,none,5.0,,,,,,,,,,,,,,,,,,,,,,,,,,,,,,,,,,,,,,,,,,,
J30_1.RCP,1,156.51315789473688,0.47722887992858887,GA_tournament_pmx_insertion_forward_repair_elitism_swap,38,activity_list,1000,1,50.0,0.9,0.1,60.0,tournament,pmx,insertion,forward,3.0,True,True,swap,5.0,,,,,,,,,,,,,,,,,,,,,,,,,,,,,,,,,,,,,,,,,,,
J30_1.RCP,1,156.51315789473688,0.6399481296539307,GA_tournament_pmx_insertion_forward_repair_noElitism_none,38,activity_list,1000,1,50.0,0.9,0.1,60.0,tournament,pmx,insertion,forward,3.0,True,False,none,5.0,,,,,,,,,,,,,,,,,,,,,,,,,,,,,,,,,,,,,,,,,,,
J30_1.RCP,1,156.51315789473688,0.6361427307128906,GA_tournament_pmx_insertion_forward_repair_noElitism_swap,38,activity_list,1000,1,50.0,0.9,0.1,60.0,tournament,pmx,insertion,forward,3.0,True,False,swap,5.0,,,,,,,,,,,,,,,,,,,,,,,,,,,,,,,,,,,,,,,,,,,
J30_1.RCP,1,156.51315789473688,0.36358022689819336,GA_tournament_pmx_insertion_forward_noRepair_elitism_none,38,activity_list,1000,1,50.0,0.9,0.1,60.0,tournament,pmx,insertion,forward,3.0,False,True,none,5.0,,,,,,,,,,,,,,,,,,,,,,,,,,,,,,,,,,,,,,,,,,,
J30_1.RCP,1,156.51315789473688,0.3736248016357422,GA_tournament_pmx_insertion_forward_noRepair_elitism_swap,38,activity_list,1000,1,50.0,0.9,0.1,60.0,tournament,pmx,insertion,forward,3.0,False,True,swap,5.0,,,,,,,,,,,,,,,,,,,,,,,,,,,,,,,,,,,,,,,,,,,
J30_1.RCP,1,156.51315789473688,0.36632394790649414,GA_tournament_pmx_insertion_forward_noRepair_noElitism_none,38,activity_list,1000,1,50.0,0.9,0.1,60.0,tournament,pmx,insertion,forward,3.0,False,False,none,5.0,,,,,,,,,,,,,,,,,,,,,,,,,,,,,,,,,,,,,,,,,,,
J30_1.RCP,1,156.51315789473688,0.3743889331817627,GA_tournament_pmx_insertion_forward_noRepair_noElitism_swap,38,activity_list,1000,1,50.0,0.9,0.1,60.0,tournament,pmx,insertion,forward,3.0,False,False,swap,5.0,,,,,,,,,,,,,,,,,,,,,,,,,,,,,,,,,,,,,,,,,,,
J30_1.RCP,1,156.51315789473688,0.4517340660095215,GA_tournament_pmx_inversion_random_repair_elitism_none,38,activity_list,1000,1,50.0,0.9,0.1,60.0,tournament,pmx,inversion,random,3.0,True,True,none,5.0,,,,,,,,,,,,,,,,,,,,,,,,,,,,,,,,,,,,,,,,,,,
J30_1.RCP,1,156.51315789473688,0.47039198875427246,GA_tournament_pmx_inversion_random_repair_elitism_swap,38,activity_list,1000,1,50.0,0.9,0.1,60.0,tournament,pmx,inversion,random,3.0,True,True,swap,5.0,,,,,,,,,,,,,,,,,,,,,,,,,,,,,,,,,,,,,,,,,,,
J30_1.RCP,1,156.51315789473688,0.6442492008209229,GA_tournament_pmx_inversion_random_repair_noElitism_none,38,activity_list,1000,1,50.0,0.9,0.1,60.0,tournament,pmx,inversion,random,3.0,True,False,none,5.0,,,,,,,,,,,,,,,,,,,,,,,,,,,,,,,,,,,,,,,,,,,
J30_1.RCP,1,156.51315789473688,0.6507568359375,GA_tournament_pmx_inversion_random_repair_noElitism_swap,38,activity_list,1000,1,50.0,0.9,0.1,60.0,tournament,pmx,inversion,random,3.0,True,False,swap,5.0,,,,,,,,,,,,,,,,,,,,,,,,,,,,,,,,,,,,,,,,,,,
J30_1.RCP,1,156.51315789473688,0.3913450241088867,GA_tournament_pmx_inversion_random_noRepair_elitism_none,38,activity_list,1000,1,50.0,0.9,0.1,60.0,tournament,pmx,inversion,random,3.0,False,True,none,5.0,,,,,,,,,,,,,,,,,,,,,,,,,,,,,,,,,,,,,,,,,,,
J30_1.RCP,1,156.51315789473688,0.40074896812438965,GA_tournament_pmx_inversion_random_noRepair_elitism_swap,38,activity_list,1000,1,50.0,0.9,0.1,60.0,tournament,pmx,inversion,random,3.0,False,True,swap,5.0,,,,,,,,,,,,,,,,,,,,,,,,,,,,,,,,,,,,,,,,,,,
J30_1.RCP,1,156.51315789473688,0.3826618194580078,GA_tournament_pmx_inversion_random_noRepair_noElitism_none,38,activity_list,1000,1,50.0,0.9,0.1,60.0,tournament,pmx,inversion,random,3.0,False,False,none,5.0,,,,,,,,,,,,,,,,,,,,,,,,,,,,,,,,,,,,,,,,,,,
J30_1.RCP,1,156.51315789473688,0.3756248950958252,GA_tournament_pmx_inversion_random_noRepair_noElitism_swap,38,activity_list,1000,1,50.0,0.9,0.1,60.0,tournament,pmx,inversion,random,3.0,False,False,swap,5.0,,,,,,,,,,,,,,,,,,,,,,,,,,,,,,,,,,,,,,,,,,,
J30_1.RCP,1,156.51315789473688,0.4684121608734131,GA_tournament_pmx_inversion_forward_repair_elitism_none,38,activity_list,1000,1,50.0,0.9,0.1,60.0,tournament,pmx,inversion,forward,3.0,True,True,none,5.0,,,,,,,,,,,,,,,,,,,,,,,,,,,,,,,,,,,,,,,,,,,
J30_1.RCP,1,156.51315789473688,0.48338913917541504,GA_tournament_pmx_inversion_forward_repair_elitism_swap,38,activity_list,1000,1,50.0,0.9,0.1,60.0,tournament,pmx,inversion,forward,3.0,True,True,swap,5.0,,,,,,,,,,,,,,,,,,,,,,,,,,,,,,,,,,,,,,,,,,,
J30_1.RCP,1,156.51315789473688,0.6353299617767334,GA_tournament_pmx_inversion_forward_repair_noElitism_none,38,activity_list,1000,1,50.0,0.9,0.1,60.0,tournament,pmx,inversion,forward,3.0,True,False,none,5.0,,,,,,,,,,,,,,,,,,,,,,,,,,,,,,,,,,,,,,,,,,,
J30_1.RCP,1,156.51315789473688,0.637808084487915,GA_tournament_pmx_inversion_forward_repair_noElitism_swap,38,activity_list,1000,1,50.0,0.9,0.1,60.0,tournament,pmx,inversion,forward,3.0,True,False,swap,5.0,,,,,,,,,,,,,,,,,,,,,,,,,,,,,,,,,,,,,,,,,,,
J30_1.RCP,1,156.51315789473688,0.3656919002532959,GA_tournament_pmx_inversion_forward_noRepair_elitism_none,38,activity_list,1000,1,50.0,0.9,0.1,60.0,tournament,pmx,inversion,forward,3.0,False,True,none,5.0,,,,,,,,,,,,,,,,,,,,,,,,,,,,,,,,,,,,,,,,,,,
J30_1.RCP,1,156.51315789473688,0.37720704078674316,GA_tournament_pmx_inversion_forward_noRepair_elitism_swap,38,activity_list,1000,1,50.0,0.9,0.1,60.0,tournament,pmx,inversion,forward,3.0,False,True,swap,5.0,,,,,,,,,,,,,,,,,,,,,,,,,,,,,,,,,,,,,,,,,,,
J30_1.RCP,1,156.51315789473688,0.3720691204071045,GA_tournament_pmx_inversion_forward_noRepair_noElitism_none,38,activity_list,1000,1,50.0,0.9,0.1,60.0,tournament,pmx,inversion,forward,3.0,False,False,none,5.0,,,,,,,,,,,,,,,,,,,,,,,,,,,,,,,,,,,,,,,,,,,
J30_1.RCP,1,156.51315789473688,0.3688976764678955,GA_tournament_pmx_inversion_forward_noRepair_noElitism_swap,38,activity_list,1000,1,50.0,0.9,0.1,60.0,tournament,pmx,inversion,forward,3.0,False,False,swap,5.0,,,,,,,,,,,,,,,,,,,,,,,,,,,,,,,,,,,,,,,,,,,
J30_1.RCP,1,156.51315789473688,0.45758891105651855,GA_tournament_pmx_scramble_random_repair_elitism_none,38,activity_list,1000,1,50.0,0.9,0.1,60.0,tournament,pmx,scramble,random,3.0,True,True,none,5.0,,,,,,,,,,,,,,,,,,,,,,,,,,,,,,,,,,,,,,,,,,,
J30_1.RCP,1,156.51315789473688,0.476531982421875,GA_tournament_pmx_scramble_random_repair_elitism_swap,38,activity_list,1000,1,50.0,0.9,0.1,60.0,tournament,pmx,scramble,random,3.0,True,True,swap,5.0,,,,,,,,,,,,,,,,,,,,,,,,,,,,,,,,,,,,,,,,,,,
J30_1.RCP,1,156.51315789473688,0.6321642398834229,GA_tournament_pmx_scramble_random_repair_noElitism_none,38,activity_list,1000,1,50.0,0.9,0.1,60.0,tournament,pmx,scramble,random,3.0,True,False,none,5.0,,,,,,,,,,,,,,,,,,,,,,,,,,,,,,,,,,,,,,,,,,,
J30_1.RCP,1,156.51315789473688,0.6291227340698242,GA_tournament_pmx_scramble_random_repair_noElitism_swap,38,activity_list,1000,1,50.0,0.9,0.1,60.0,tournament,pmx,scramble,random,3.0,True,False,swap,5.0,,,,,,,,,,,,,,,,,,,,,,,,,,,,,,,,,,,,,,,,,,,
J30_1.RCP,1,156.51315789473688,0.3634920120239258,GA_tournament_pmx_scramble_random_noRepair_elitism_none,38,activity_list,1000,1,50.0,0.9,0.1,60.0,tournament,pmx,scramble,random,3.0,False,True,none,5.0,,,,,,,,,,,,,,,,,,,,,,,,,,,,,,,,,,,,,,,,,,,
J30_1.RCP,1,156.51315789473688,0.37842297554016113,GA_tournament_pmx_scramble_random_noRepair_elitism_swap,38,activity_list,1000,1,50.0,0.9,0.1,60.0,tournament,pmx,scramble,random,3.0,False,True,swap,5.0,,,,,,,,,,,,,,,,,,,,,,,,,,,,,,,,,,,,,,,,,,,
J30_1.RCP,1,156.51315789473688,0.37071895599365234,GA_tournament_pmx_scramble_random_noRepair_noElitism_none,38,activity_list,1000,1,50.0,0.9,0.1,60.0,tournament,pmx,scramble,random,3.0,False,False,none,5.0,,,,,,,,,,,,,,,,,,,,,,,,,,,,,,,,,,,,,,,,,,,
J30_1.RCP,1,156.51315789473688,0.3751969337463379,GA_tournament_pmx_scramble_random_noRepair_noElitism_swap,38,activity_list,1000,1,50.0,0.9,0.1,60.0,tournament,pmx,scramble,random,3.0,False,False,swap,5.0,,,,,,,,,,,,,,,,,,,,,,,,,,,,,,,,,,,,,,,,,,,
J30_1.RCP,1,156.51315789473688,0.46409082412719727,GA_tournament_pmx_scramble_forward_repair_elitism_none,38,activity_list,1000,1,50.0,0.9,0.1,60.0,tournament,pmx,scramble,forward,3.0,True,True,none,5.0,,,,,,,,,,,,,,,,,,,,,,,,,,,,,,,,,,,,,,,,,,,
J30_1.RCP,1,156.51315789473688,0.47725486755371094,GA_tournament_pmx_scramble_forward_repair_elitism_swap,38,activity_list,1000,1,50.0,0.9,0.1,60.0,tournament,pmx,scramble,forward,3.0,True,True,swap,5.0,,,,,,,,,,,,,,,,,,,,,,,,,,,,,,,,,,,,,,,,,,,
J30_1.RCP,1,156.51315789473688,0.6341512203216553,GA_tournament_pmx_scramble_forward_repair_noElitism_none,38,activity_list,1000,1,50.0,0.9,0.1,60.0,tournament,pmx,scramble,forward,3.0,True,False,none,5.0,,,,,,,,,,,,,,,,,,,,,,,,,,,,,,,,,,,,,,,,,,,
J30_1.RCP,1,156.51315789473688,0.6302218437194824,GA_tournament_pmx_scramble_forward_repair_noElitism_swap,38,activity_list,1000,1,50.0,0.9,0.1,60.0,tournament,pmx,scramble,forward,3.0,True,False,swap,5.0,,,,,,,,,,,,,,,,,,,,,,,,,,,,,,,,,,,,,,,,,,,
J30_1.RCP,1,156.51315789473688,0.36173391342163086,GA_tournament_pmx_scramble_forward_noRepair_elitism_none,38,activity_list,1000,1,50.0,0.9,0.1,60.0,tournament,pmx,scramble,forward,3.0,False,True,none,5.0,,,,,,,,,,,,,,,,,,,,,,,,,,,,,,,,,,,,,,,,,,,
J30_1.RCP,1,156.51315789473688,0.3739171028137207,GA_tournament_pmx_scramble_forward_noRepair_elitism_swap,38,activity_list,1000,1,50.0,0.9,0.1,60.0,tournament,pmx,scramble,forward,3.0,False,True,swap,5.0,,,,,,,,,,,,,,,,,,,,,,,,,,,,,,,,,,,,,,,,,,,
J30_1.RCP,1,156.51315789473688,0.36943721771240234,GA_tournament_pmx_scramble_forward_noRepair_noElitism_none,38,activity_list,1000,1,50.0,0.9,0.1,60.0,tournament,pmx,scramble,forward,3.0,False,False,none,5.0,,,,,,,,,,,,,,,,,,,,,,,,,,,,,,,,,,,,,,,,,,,
J30_1.RCP,1,156.51315789473688,0.36957597732543945,GA_tournament_pmx_scramble_forward_noRepair_noElitism_swap,38,activity_list,1000,1,50.0,0.9,0.1,60.0,tournament,pmx,scramble,forward,3.0,False,False,swap,5.0,,,,,,,,,,,,,,,,,,,,,,,,,,,,,,,,,,,,,,,,,,,
J30_1.RCP,1,156.51315789473688,0.45731186866760254,GA_tournament_order_swap_random_repair_elitism_none,38,activity_list,1000,1,50.0,0.9,0.1,60.0,tournament,order,swap,random,3.0,True,True,none,5.0,,,,,,,,,,,,,,,,,,,,,,,,,,,,,,,,,,,,,,,,,,,
J30_1.RCP,1,156.51315789473688,0.4731278419494629,GA_tournament_order_swap_random_repair_elitism_swap,38,activity_list,1000,1,50.0,0.9,0.1,60.0,tournament,order,swap,random,3.0,True,True,swap,5.0,,,,,,,,,,,,,,,,,,,,,,,,,,,,,,,,,,,,,,,,,,,
J30_1.RCP,1,156.51315789473688,0.634789228439331,GA_tournament_order_swap_random_repair_noElitism_none,38,activity_list,1000,1,50.0,0.9,0.1,60.0,tournament,order,swap,random,3.0,True,False,none,5.0,,,,,,,,,,,,,,,,,,,,,,,,,,,,,,,,,,,,,,,,,,,
J30_1.RCP,1,156.51315789473688,0.6286110877990723,GA_tournament_order_swap_random_repair_noElitism_swap,38,activity_list,1000,1,50.0,0.9,0.1,60.0,tournament,order,swap,random,3.0,True,False,swap,5.0,,,,,,,,,,,,,,,,,,,,,,,,,,,,,,,,,,,,,,,,,,,
J30_1.RCP,1,156.51315789473688,0.3632082939147949,GA_tournament_order_swap_random_noRepair_elitism_none,38,activity_list,1000,1,50.0,0.9,0.1,60.0,tournament,order,swap,random,3.0,False,True,none,5.0,,,,,,,,,,,,,,,,,,,,,,,,,,,,,,,,,,,,,,,,,,,
J30_1.RCP,1,156.51315789473688,0.3792150020599365,GA_tournament_order_swap_random_noRepair_elitism_swap,38,activity_list,1000,1,50.0,0.9,0.1,60.0,tournament,order,swap,random,3.0,False,True,swap,5.0,,,,,,,,,,,,,,,,,,,,,,,,,,,,,,,,,,,,,,,,,,,
J30_1.RCP,1,156.51315789473688,0.3601357936859131,GA_tournament_order_swap_random_noRepair_noElitism_none,38,activity_list,1000,1,50.0,0.9,0.1,60.0,tournament,order,swap,random,3.0,False,False,none,5.0,,,,,,,,,,,,,,,,,,,,,,,,,,,,,,,,,,,,,,,,,,,
J30_1.RCP,1,156.51315789473688,0.36669015884399414,GA_tournament_order_swap_random_noRepair_noElitism_swap,38,activity_list,1000,1,50.0,0.9,0.1,60.0,tournament,order,swap,random,3.0,False,False,swap,5.0,,,,,,,,,,,,,,,,,,,,,,,,,,,,,,,,,,,,,,,,,,,
J30_1.RCP,1,156.51315789473688,0.46985507011413574,GA_tournament_order_swap_forward_repair_elitism_none,38,activity_list,1000,1,50.0,0.9,0.1,60.0,tournament,order,swap,forward,3.0,True,True,none,5.0,,,,,,,,,,,,,,,,,,,,,,,,,,,,,,,,,,,,,,,,,,,
J30_1.RCP,1,156.51315789473688,0.4832010269165039,GA_tournament_order_swap_forward_repair_elitism_swap,38,activity_list,1000,1,50.0,0.9,0.1,60.0,tournament,order,swap,forward,3.0,True,True,swap,5.0,,,,,,,,,,,,,,,,,,,,,,,,,,,,,,,,,,,,,,,,,,,
J30_1.RCP,1,156.51315789473688,0.6401419639587402,GA_tournament_order_swap_forward_repair_noElitism_none,38,activity_list,1000,1,50.0,0.9,0.1,60.0,tournament,order,swap,forward,3.0,True,False,none,5.0,,,,,,,,,,,,,,,,,,,,,,,,,,,,,,,,,,,,,,,,,,,
J30_1.RCP,1,156.51315789473688,0.6470210552215576,GA_tournament_order_swap_forward_repair_noElitism_swap,38,activity_list,1000,1,50.0,0.9,0.1,60.0,tournament,order,swap,forward,3.0,True,False,swap,5.0,,,,,,,,,,,,,,,,,,,,,,,,,,,,,,,,,,,,,,,,,,,
J30_1.RCP,1,156.51315789473688,0.3657200336456299,GA_tournament_order_swap_forward_noRepair_elitism_none,38,activity_list,1000,1,50.0,0.9,0.1,60.0,tournament,order,swap,forward,3.0,False,True,none,5.0,,,,,,,,,,,,,,,,,,,,,,,,,,,,,,,,,,,,,,,,,,,
J30_1.RCP,1,156.51315789473688,0.3771698474884033,GA_tournament_order_swap_forward_noRepair_elitism_swap,38,activity_list,1000,1,50.0,0.9,0.1,60.0,tournament,order,swap,forward,3.0,False,True,swap,5.0,,,,,,,,,,,,,,,,,,,,,,,,,,,,,,,,,,,,,,,,,,,
J30_1.RCP,1,156.51315789473688,0.3690981864929199,GA_tournament_order_swap_forward_noRepair_noElitism_none,38,activity_list,1000,1,50.0,0.9,0.1,60.0,tournament,order,swap,forward,3.0,False,False,none,5.0,,,,,,,,,,,,,,,,,,,,,,,,,,,,,,,,,,,,,,,,,,,
J30_1.RCP,1,156.51315789473688,0.37049221992492676,GA_tournament_order_swap_forward_noRepair_noElitism_swap,38,activity_list,1000,1,50.0,0.9,0.1,60.0,tournament,order,swap,forward,3.0,False,False,swap,5.0,,,,,,,,,,,,,,,,,,,,,,,,,,,,,,,,,,,,,,,,,,,
J30_1.RCP,1,156.51315789473688,0.459867000579834,GA_tournament_order_insertion_random_repair_elitism_none,38,activity_list,1000,1,50.0,0.9,0.1,60.0,tournament,order,insertion,random,3.0,True,True,none,5.0,,,,,,,,,,,,,,,,,,,,,,,,,,,,,,,,,,,,,,,,,,,
J30_1.RCP,1,156.51315789473688,0.4868319034576416,GA_tournament_order_insertion_random_repair_elitism_swap,38,activity_list,1000,1,50.0,0.9,0.1,60.0,tournament,order,insertion,random,3.0,True,True,swap,5.0,,,,,,,,,,,,,,,,,,,,,,,,,,,,,,,,,,,,,,,,,,,
J30_1.RCP,1,156.51315789473688,0.6345260143280029,GA_tournament_order_insertion_random_repair_noElitism_none,38,activity_list,1000,1,50.0,0.9,0.1,60.0,tournament,order,insertion,random,3.0,True,False,none,5.0,,,,,,,,,,,,,,,,,,,,,,,,,,,,,,,,,,,,,,,,,,,
J30_1.RCP,1,156.51315789473688,0.6305029392242432,GA_tournament_order_insertion_random_repair_noElitism_swap,38,activity_list,1000,1,50.0,0.9,0.1,60.0,tournament,order,insertion,random,3.0,True,False,swap,5.0,,,,,,,,,,,,,,,,,,,,,,,,,,,,,,,,,,,,,,,,,,,
J30_1.RCP,1,156.51315789473688,0.36606311798095703,GA_tournament_order_insertion_random_noRepair_elitism_none,38,activity_list,1000,1,50.0,0.9,0.1,60.0,tournament,order,insertion,random,3.0,False,True,none,5.0,,,,,,,,,,,,,,,,,,,,,,,,,,,,,,,,,,,,,,,,,,,
J30_1.RCP,1,156.51315789473688,0.3746199607849121,GA_tournament_order_insertion_random_noRepair_elitism_swap,38,activity_list,1000,1,50.0,0.9,0.1,60.0,tournament,order,insertion,random,3.0,False,True,swap,5.0,,,,,,,,,,,,,,,,,,,,,,,,,,,,,,,,,,,,,,,,,,,
J30_1.RCP,1,156.51315789473688,0.36450910568237305,GA_tournament_order_insertion_random_noRepair_noElitism_none,38,activity_list,1000,1,50.0,0.9,0.1,60.0,tournament,order,insertion,random,3.0,False,False,none,5.0,,,,,,,,,,,,,,,,,,,,,,,,,,,,,,,,,,,,,,,,,,,
J30_1.RCP,1,156.51315789473688,0.37079310417175293,GA_tournament_order_insertion_random_noRepair_noElitism_swap,38,activity_list,1000,1,50.0,0.9,0.1,60.0,tournament,order,insertion,random,3.0,False,False,swap,5.0,,,,,,,,,,,,,,,,,,,,,,,,,,,,,,,,,,,,,,,,,,,
J30_1.RCP,1,156.51315789473688,0.475679874420166,GA_tournament_order_insertion_forward_repair_elitism_none,38,activity_list,1000,1,50.0,0.9,0.1,60.0,tournament,order,insertion,forward,3.0,True,True,none,5.0,,,,,,,,,,,,,,,,,,,,,,,,,,,,,,,,,,,,,,,,,,,
J30_1.RCP,1,156.51315789473688,0.4882223606109619,GA_tournament_order_insertion_forward_repair_elitism_swap,38,activity_list,1000,1,50.0,0.9,0.1,60.0,tournament,order,insertion,forward,3.0,True,True,swap,5.0,,,,,,,,,,,,,,,,,,,,,,,,,,,,,,,,,,,,,,,,,,,
J30_1.RCP,1,156.51315789473688,0.6479151248931885,GA_tournament_order_insertion_forward_repair_noElitism_none,38,activity_list,1000,1,50.0,0.9,0.1,60.0,tournament,order,insertion,forward,3.0,True,False,none,5.0,,,,,,,,,,,,,,,,,,,,,,,,,,,,,,,,,,,,,,,,,,,
J30_1.RCP,1,156.51315789473688,0.6469008922576904,GA_tournament_order_insertion_forward_repair_noElitism_swap,38,activity_list,1000,1,50.0,0.9,0.1,60.0,tournament,order,insertion,forward,3.0,True,False,swap,5.0,,,,,,,,,,,,,,,,,,,,,,,,,,,,,,,,,,,,,,,,,,,
J30_1.RCP,1,156.51315789473688,0.3654909133911133,GA_tournament_order_insertion_forward_noRepair_elitism_none,38,activity_list,1000,1,50.0,0.9,0.1,60.0,tournament,order,insertion,forward,3.0,False,True,none,5.0,,,,,,,,,,,,,,,,,,,,,,,,,,,,,,,,,,,,,,,,,,,
J30_1.RCP,1,156.51315789473688,0.3834528923034668,GA_tournament_order_insertion_forward_noRepair_elitism_swap,38,activity_list,1000,1,50.0,0.9,0.1,60.0,tournament,order,insertion,forward,3.0,False,True,swap,5.0,,,,,,,,,,,,,,,,,,,,,,,,,,,,,,,,,,,,,,,,,,,
J30_1.RCP,1,156.51315789473688,0.3694629669189453,GA_tournament_order_insertion_forward_noRepair_noElitism_none,38,activity_list,1000,1,50.0,0.9,0.1,60.0,tournament,order,insertion,forward,3.0,False,False,none,5.0,,,,,,,,,,,,,,,,,,,,,,,,,,,,,,,,,,,,,,,,,,,
J30_1.RCP,1,156.51315789473688,0.3758699893951416,GA_tournament_order_insertion_forward_noRepair_noElitism_swap,38,activity_list,1000,1,50.0,0.9,0.1,60.0,tournament,order,insertion,forward,3.0,False,False,swap,5.0,,,,,,,,,,,,,,,,,,,,,,,,,,,,,,,,,,,,,,,,,,,
J30_1.RCP,1,156.51315789473688,0.45699620246887207,GA_tournament_order_inversion_random_repair_elitism_none,38,activity_list,1000,1,50.0,0.9,0.1,60.0,tournament,order,inversion,random,3.0,True,True,none,5.0,,,,,,,,,,,,,,,,,,,,,,,,,,,,,,,,,,,,,,,,,,,
J30_1.RCP,1,156.51315789473688,0.47096705436706543,GA_tournament_order_inversion_random_repair_elitism_swap,38,activity_list,1000,1,50.0,0.9,0.1,60.0,tournament,order,inversion,random,3.0,True,True,swap,5.0,,,,,,,,,,,,,,,,,,,,,,,,,,,,,,,,,,,,,,,,,,,
J30_1.RCP,1,156.51315789473688,0.6306438446044922,GA_tournament_order_inversion_random_repair_noElitism_none,38,activity_list,1000,1,50.0,0.9,0.1,60.0,tournament,order,inversion,random,3.0,True,False,none,5.0,,,,,,,,,,,,,,,,,,,,,,,,,,,,,,,,,,,,,,,,,,,
J30_1.RCP,1,156.51315789473688,0.6290769577026367,GA_tournament_order_inversion_random_repair_noElitism_swap,38,activity_list,1000,1,50.0,0.9,0.1,60.0,tournament,order,inversion,random,3.0,True,False,swap,5.0,,,,,,,,,,,,,,,,,,,,,,,,,,,,,,,,,,,,,,,,,,,
J30_1.RCP,1,156.51315789473688,0.36615490913391113,GA_tournament_order_inversion_random_noRepair_elitism_none,38,activity_list,1000,1,50.0,0.9,0.1,60.0,tournament,order,inversion,random,3.0,False,True,none,5.0,,,,,,,,,,,,,,,,,,,,,,,,,,,,,,,,,,,,,,,,,,,
J30_1.RCP,1,156.51315789473688,0.37769389152526855,GA_tournament_order_inversion_random_noRepair_elitism_swap,38,activity_list,1000,1,50.0,0.9,0.1,60.0,tournament,order,inversion,random,3.0,False,True,swap,5.0,,,,,,,,,,,,,,,,,,,,,,,,,,,,,,,,,,,,,,,,,,,
J30_1.RCP,1,156.51315789473688,0.36099720001220703,GA_tournament_order_inversion_random_noRepair_noElitism_none,38,activity_list,1000,1,50.0,0.9,0.1,60.0,tournament,order,inversion,random,3.0,False,False,none,5.0,,,,,,,,,,,,,,,,,,,,,,,,,,,,,,,,,,,,,,,,,,,
J30_1.RCP,1,156.51315789473688,0.3687469959259033,GA_tournament_order_inversion_random_noRepair_noElitism_swap,38,activity_list,1000,1,50.0,0.9,0.1,60.0,tournament,order,inversion,random,3.0,False,False,swap,5.0,,,,,,,,,,,,,,,,,,,,,,,,,,,,,,,,,,,,,,,,,,,
J30_1.RCP,1,156.51315789473688,0.46506309509277344,GA_tournament_order_inversion_forward_repair_elitism_none,38,activity_list,1000,1,50.0,0.9,0.1,60.0,tournament,order,inversion,forward,3.0,True,True,none,5.0,,,,,,,,,,,,,,,,,,,,,,,,,,,,,,,,,,,,,,,,,,,
J30_1.RCP,1,156.51315789473688,0.4820239543914795,GA_tournament_order_inversion_forward_repair_elitism_swap,38,activity_list,1000,1,50.0,0.9,0.1,60.0,tournament,order,inversion,forward,3.0,True,True,swap,5.0,,,,,,,,,,,,,,,,,,,,,,,,,,,,,,,,,,,,,,,,,,,
J30_1.RCP,1,156.51315789473688,0.6363279819488525,GA_tournament_order_inversion_forward_repair_noElitism_none,38,activity_list,1000,1,50.0,0.9,0.1,60.0,tournament,order,inversion,forward,3.0,True,False,none,5.0,,,,,,,,,,,,,,,,,,,,,,,,,,,,,,,,,,,,,,,,,,,
J30_1.RCP,1,156.51315789473688,0.6417138576507568,GA_tournament_order_inversion_forward_repair_noElitism_swap,38,activity_list,1000,1,50.0,0.9,0.1,60.0,tournament,order,inversion,forward,3.0,True,False,swap,5.0,,,,,,,,,,,,,,,,,,,,,,,,,,,,,,,,,,,,,,,,,,,
J30_1.RCP,1,156.51315789473688,0.36990880966186523,GA_tournament_order_inversion_forward_noRepair_elitism_none,38,activity_list,1000,1,50.0,0.9,0.1,60.0,tournament,order,inversion,forward,3.0,False,True,none,5.0,,,,,,,,,,,,,,,,,,,,,,,,,,,,,,,,,,,,,,,,,,,
J30_1.RCP,1,156.51315789473688,0.38204288482666016,GA_tournament_order_inversion_forward_noRepair_elitism_swap,38,activity_list,1000,1,50.0,0.9,0.1,60.0,tournament,order,inversion,forward,3.0,False,True,swap,5.0,,,,,,,,,,,,,,,,,,,,,,,,,,,,,,,,,,,,,,,,,,,
J30_1.RCP,1,156.51315789473688,0.3688361644744873,GA_tournament_order_inversion_forward_noRepair_noElitism_none,38,activity_list,1000,1,50.0,0.9,0.1,60.0,tournament,order,inversion,forward,3.0,False,False,none,5.0,,,,,,,,,,,,,,,,,,,,,,,,,,,,,,,,,,,,,,,,,,,
J30_1.RCP,1,156.51315789473688,0.3710591793060303,GA_tournament_order_inversion_forward_noRepair_noElitism_swap,38,activity_list,1000,1,50.0,0.9,0.1,60.0,tournament,order,inversion,forward,3.0,False,False,swap,5.0,,,,,,,,,,,,,,,,,,,,,,,,,,,,,,,,,,,,,,,,,,,
J30_1.RCP,1,156.51315789473688,0.46272706985473633,GA_tournament_order_scramble_random_repair_elitism_none,38,activity_list,1000,1,50.0,0.9,0.1,60.0,tournament,order,scramble,random,3.0,True,True,none,5.0,,,,,,,,,,,,,,,,,,,,,,,,,,,,,,,,,,,,,,,,,,,
J30_1.RCP,1,156.51315789473688,0.47591233253479004,GA_tournament_order_scramble_random_repair_elitism_swap,38,activity_list,1000,1,50.0,0.9,0.1,60.0,tournament,order,scramble,random,3.0,True,True,swap,5.0,,,,,,,,,,,,,,,,,,,,,,,,,,,,,,,,,,,,,,,,,,,
J30_1.RCP,1,156.51315789473688,0.6428420543670654,GA_tournament_order_scramble_random_repair_noElitism_none,38,activity_list,1000,1,50.0,0.9,0.1,60.0,tournament,order,scramble,random,3.0,True,False,none,5.0,,,,,,,,,,,,,,,,,,,,,,,,,,,,,,,,,,,,,,,,,,,
J30_1.RCP,1,156.51315789473688,0.6360177993774414,GA_tournament_order_scramble_random_repair_noElitism_swap,38,activity_list,1000,1,50.0,0.9,0.1,60.0,tournament,order,scramble,random,3.0,True,False,swap,5.0,,,,,,,,,,,,,,,,,,,,,,,,,,,,,,,,,,,,,,,,,,,
J30_1.RCP,1,156.51315789473688,0.3685729503631592,GA_tournament_order_scramble_random_noRepair_elitism_none,38,activity_list,1000,1,50.0,0.9,0.1,60.0,tournament,order,scramble,random,3.0,False,True,none,5.0,,,,,,,,,,,,,,,,,,,,,,,,,,,,,,,,,,,,,,,,,,,
J30_1.RCP,1,156.51315789473688,0.3791038990020752,GA_tournament_order_scramble_random_noRepair_elitism_swap,38,activity_list,1000,1,50.0,0.9,0.1,60.0,tournament,order,scramble,random,3.0,False,True,swap,5.0,,,,,,,,,,,,,,,,,,,,,,,,,,,,,,,,,,,,,,,,,,,
J30_1.RCP,1,156.51315789473688,0.36091017723083496,GA_tournament_order_scramble_random_noRepair_noElitism_none,38,activity_list,1000,1,50.0,0.9,0.1,60.0,tournament,order,scramble,random,3.0,False,False,none,5.0,,,,,,,,,,,,,,,,,,,,,,,,,,,,,,,,,,,,,,,,,,,
J30_1.RCP,1,156.51315789473688,0.36644506454467773,GA_tournament_order_scramble_random_noRepair_noElitism_swap,38,activity_list,1000,1,50.0,0.9,0.1,60.0,tournament,order,scramble,random,3.0,False,False,swap,5.0,,,,,,,,,,,,,,,,,,,,,,,,,,,,,,,,,,,,,,,,,,,
J30_1.RCP,1,156.51315789473688,0.46526098251342773,GA_tournament_order_scramble_forward_repair_elitism_none,38,activity_list,1000,1,50.0,0.9,0.1,60.0,tournament,order,scramble,forward,3.0,True,True,none,5.0,,,,,,,,,,,,,,,,,,,,,,,,,,,,,,,,,,,,,,,,,,,
J30_1.RCP,1,156.51315789473688,0.4802091121673584,GA_tournament_order_scramble_forward_repair_elitism_swap,38,activity_list,1000,1,50.0,0.9,0.1,60.0,tournament,order,scramble,forward,3.0,True,True,swap,5.0,,,,,,,,,,,,,,,,,,,,,,,,,,,,,,,,,,,,,,,,,,,
J30_1.RCP,1,156.51315789473688,0.6401939392089844,GA_tournament_order_scramble_forward_repair_noElitism_none,38,activity_list,1000,1,50.0,0.9,0.1,60.0,tournament,order,scramble,forward,3.0,True,False,none,5.0,,,,,,,,,,,,,,,,,,,,,,,,,,,,,,,,,,,,,,,,,,,
J30_1.RCP,1,156.51315789473688,0.6375348567962646,GA_tournament_order_scramble_forward_repair_noElitism_swap,38,activity_list,1000,1,50.0,0.9,0.1,60.0,tournament,order,scramble,forward,3.0,True,False,swap,5.0,,,,,,,,,,,,,,,,,,,,,,,,,,,,,,,,,,,,,,,,,,,
J30_1.RCP,1,156.51315789473688,0.36664891242980957,GA_tournament_order_scramble_forward_noRepair_elitism_none,38,activity_list,1000,1,50.0,0.9,0.1,60.0,tournament,order,scramble,forward,3.0,False,True,none,5.0,,,,,,,,,,,,,,,,,,,,,,,,,,,,,,,,,,,,,,,,,,,
J30_1.RCP,1,156.51315789473688,0.3794441223144531,GA_tournament_order_scramble_forward_noRepair_elitism_swap,38,activity_list,1000,1,50.0,0.9,0.1,60.0,tournament,order,scramble,forward,3.0,False,True,swap,5.0,,,,,,,,,,,,,,,,,,,,,,,,,,,,,,,,,,,,,,,,,,,
J30_1.RCP,1,156.51315789473688,0.36989903450012207,GA_tournament_order_scramble_forward_noRepair_noElitism_none,38,activity_list,1000,1,50.0,0.9,0.1,60.0,tournament,order,scramble,forward,3.0,False,False,none,5.0,,,,,,,,,,,,,,,,,,,,,,,,,,,,,,,,,,,,,,,,,,,
J30_1.RCP,1,156.51315789473688,0.371431827545166,GA_tournament_order_scramble_forward_noRepair_noElitism_swap,38,activity_list,1000,1,50.0,0.9,0.1,60.0,tournament,order,scramble,forward,3.0,False,False,swap,5.0,,,,,,,,,,,,,,,,,,,,,,,,,,,,,,,,,,,,,,,,,,,
J30_1.RCP,1,156.51315789473688,0.44431519508361816,DE_rand_1_bin_random_withLS,38,activity_list,1000,1,50.0,,,60.0,,bin,rand/1,random,,,,,,100.0,0.5,0.9,False,False,True,5.0,0.3,1.5,0.3,1.0,,,,,,,,,,,,,,,,,,,,,,,,,,,,,,,,
J30_1.RCP,1,156.51315789473688,0.43067288398742676,DE_rand_1_bin_random_noLS,38,activity_list,1000,1,50.0,,,60.0,,bin,rand/1,random,,,,,,100.0,0.5,0.9,False,False,False,5.0,0.3,1.5,0.3,1.0,,,,,,,,,,,,,,,,,,,,,,,,,,,,,,,,
J30_1.RCP,1,156.51315789473688,0.44767308235168457,DE_rand_1_bin_forward_withLS,38,activity_list,1000,1,50.0,,,60.0,,bin,rand/1,forward,,,,,,100.0,0.5,0.9,False,False,True,5.0,0.3,1.5,0.3,1.0,,,,,,,,,,,,,,,,,,,,,,,,,,,,,,,,
J30_1.RCP,1,156.51315789473688,0.4379727840423584,DE_rand_1_bin_forward_noLS,38,activity_list,1000,1,50.0,,,60.0,,bin,rand/1,forward,,,,,,100.0,0.5,0.9,False,False,False,5.0,0.3,1.5,0.3,1.0,,,,,,,,,,,,,,,,,,,,,,,,,,,,,,,,
J30_1.RCP,1,156.51315789473688,0.44422197341918945,DE_rand_1_exp_random_withLS,38,activity_list,1000,1,50.0,,,60.0,,exp,rand/1,random,,,,,,100.0,0.5,0.9,False,False,True,5.0,0.3,1.5,0.3,1.0,,,,,,,,,,,,,,,,,,,,,,,,,,,,,,,,
J30_1.RCP,1,156.51315789473688,0.4353761672973633,DE_rand_1_exp_random_noLS,38,activity_list,1000,1,50.0,,,60.0,,exp,rand/1,random,,,,,,100.0,0.5,0.9,False,False,False,5.0,0.3,1.5,0.3,1.0,,,,,,,,,,,,,,,,,,,,,,,,,,,,,,,,
J30_1.RCP,1,156.51315789473688,0.4521467685699463,DE_rand_1_exp_forward_withLS,38,activity_list,1000,1,50.0,,,60.0,,exp,rand/1,forward,,,,,,100.0,0.5,0.9,False,False,True,5.0,0.3,1.5,0.3,1.0,,,,,,,,,,,,,,,,,,,,,,,,,,,,,,,,
J30_1.RCP,1,156.51315789473688,0.4460301399230957,DE_rand_1_exp_forward_noLS,38,activity_list,1000,1,50.0,,,60.0,,exp,rand/1,forward,,,,,,100.0,0.5,0.9,False,False,False,5.0,0.3,1.5,0.3,1.0,,,,,,,,,,,,,,,,,,,,,,,,,,,,,,,,
J30_1.RCP,1,156.51315789473688,0.4434390068054199,DE_best_1_bin_random_withLS,38,activity_list,1000,1,50.0,,,60.0,,bin,best/1,random,,,,,,100.0,0.5,0.9,False,False,True,5.0,0.3,1.5,0.3,1.0,,,,,,,,,,,,,,,,,,,,,,,,,,,,,,,,
J30_1.RCP,1,156.51315789473688,0.4327230453491211,DE_best_1_bin_random_noLS,38,activity_list,1000,1,50.0,,,60.0,,bin,best/1,random,,,,,,100.0,0.5,0.9,False,False,False,5.0,0.3,1.5,0.3,1.0,,,,,,,,,,,,,,,,,,,,,,,,,,,,,,,,
J30_1.RCP,1,156.51315789473688,0.45345568656921387,DE_best_1_bin_forward_withLS,38,activity_list,1000,1,50.0,,,60.0,,bin,best/1,forward,,,,,,100.0,0.5,0.9,False,False,True,5.0,0.3,1.5,0.3,1.0,,,,,,,,,,,,,,,,,,,,,,,,,,,,,,,,
J30_1.RCP,1,156.51315789473688,0.4444849491119385,DE_best_1_bin_forward_noLS,38,activity_list,1000,1,50.0,,,60.0,,bin,best/1,forward,,,,,,100.0,0.5,0.9,False,False,False,5.0,0.3,1.5,0.3,1.0,,,,,,,,,,,,,,,,,,,,,,,,,,,,,,,,
J30_1.RCP,1,156.51315789473688,0.4573190212249756,DE_best_1_exp_random_withLS,38,activity_list,1000,1,50.0,,,60.0,,exp,best/1,random,,,,,,100.0,0.5,0.9,False,False,True,5.0,0.3,1.5,0.3,1.0,,,,,,,,,,,,,,,,,,,,,,,,,,,,,,,,
J30_1.RCP,1,156.51315789473688,0.44459080696105957,DE_best_1_exp_random_noLS,38,activity_list,1000,1,50.0,,,60.0,,exp,best/1,random,,,,,,100.0,0.5,0.9,False,False,False,5.0,0.3,1.5,0.3,1.0,,,,,,,,,,,,,,,,,,,,,,,,,,,,,,,,
J30_1.RCP,1,156.51315789473688,0.460526704788208,DE_best_1_exp_forward_withLS,38,activity_list,1000,1,50.0,,,60.0,,exp,best/1,forward,,,,,,100.0,0.5,0.9,False,False,True,5.0,0.3,1.5,0.3,1.0,,,,,,,,,,,,,,,,,,,,,,,,,,,,,,,,
J30_1.RCP,1,156.51315789473688,0.44678282737731934,DE_best_1_exp_forward_noLS,38,activity_list,1000,1,50.0,,,60.0,,exp,best/1,forward,,,,,,100.0,0.5,0.9,False,False,False,5.0,0.3,1.5,0.3,1.0,,,,,,,,,,,,,,,,,,,,,,,,,,,,,,,,
J30_1.RCP,1,156.51315789473688,0.4392988681793213,DE_rand_2_bin_random_withLS,38,activity_list,1000,1,50.0,,,60.0,,bin,rand/2,random,,,,,,100.0,0.5,0.9,False,False,True,5.0,0.3,1.5,0.3,1.0,,,,,,,,,,,,,,,,,,,,,,,,,,,,,,,,
J30_1.RCP,1,156.51315789473688,0.43511223793029785,DE_rand_2_bin_random_noLS,38,activity_list,1000,1,50.0,,,60.0,,bin,rand/2,random,,,,,,100.0,0.5,0.9,False,False,False,5.0,0.3,1.5,0.3,1.0,,,,,,,,,,,,,,,,,,,,,,,,,,,,,,,,
J30_1.RCP,1,156.51315789473688,0.45778989791870117,DE_rand_2_bin_forward_withLS,38,activity_list,1000,1,50.0,,,60.0,,bin,rand/2,forward,,,,,,100.0,0.5,0.9,False,False,True,5.0,0.3,1.5,0.3,1.0,,,,,,,,,,,,,,,,,,,,,,,,,,,,,,,,
J30_1.RCP,1,156.51315789473688,0.44678282737731934,DE_rand_2_bin_forward_noLS,38,activity_list,1000,1,50.0,,,60.0,,bin,rand/2,forward,,,,,,100.0,0.5,0.9,False,False,False,5.0,0.3,1.5,0.3,1.0,,,,,,,,,,,,,,,,,,,,,,,,,,,,,,,,
J30_1.RCP,1,156.51315789473688,0.4451560974121094,DE_rand_2_exp_random_withLS,38,activity_list,1000,1,50.0,,,60.0,,exp,rand/2,random,,,,,,100.0,0.5,0.9,False,False,True,5.0,0.3,1.5,0.3,1.0,,,,,,,,,,,,,,,,,,,,,,,,,,,,,,,,
J30_1.RCP,1,156.51315789473688,0.43701696395874023,DE_rand_2_exp_random_noLS,38,activity_list,1000,1,50.0,,,60.0,,exp,rand/2,random,,,,,,100.0,0.5,0.9,False,False,False,5.0,0.3,1.5,0.3,1.0,,,,,,,,,,,,,,,,,,,,,,,,,,,,,,,,
J30_1.RCP,1,156.51315789473688,0.45488405227661133,DE_rand_2_exp_forward_withLS,38,activity_list,1000,1,50.0,,,60.0,,exp,rand/2,forward,,,,,,100.0,0.5,0.9,False,False,True,5.0,0.3,1.5,0.3,1.0,,,,,,,,,,,,,,,,,,,,,,,,,,,,,,,,
J30_1.RCP,1,156.51315789473688,0.44693803787231445,DE_rand_2_exp_forward_noLS,38,activity_list,1000,1,50.0,,,60.0,,exp,rand/2,forward,,,,,,100.0,0.5,0.9,False,False,False,5.0,0.3,1.5,0.3,1.0,,,,,,,,,,,,,,,,,,,,,,,,,,,,,,,,
J30_1.RCP,1,156.51315789473688,0.4472930431365967,DE_best_2_bin_random_withLS,38,activity_list,1000,1,50.0,,,60.0,,bin,best/2,random,,,,,,100.0,0.5,0.9,False,False,True,5.0,0.3,1.5,0.3,1.0,,,,,,,,,,,,,,,,,,,,,,,,,,,,,,,,
J30_1.RCP,1,156.51315789473688,0.43690013885498047,DE_best_2_bin_random_noLS,38,activity_list,1000,1,50.0,,,60.0,,bin,best/2,random,,,,,,100.0,0.5,0.9,False,False,False,5.0,0.3,1.5,0.3,1.0,,,,,,,,,,,,,,,,,,,,,,,,,,,,,,,,
J30_1.RCP,1,156.51315789473688,0.45036911964416504,DE_best_2_bin_forward_withLS,38,activity_list,1000,1,50.0,,,60.0,,bin,best/2,forward,,,,,,100.0,0.5,0.9,False,False,True,5.0,0.3,1.5,0.3,1.0,,,,,,,,,,,,,,,,,,,,,,,,,,,,,,,,
J30_1.RCP,1,156.51315789473688,0.4452958106994629,DE_best_2_bin_forward_noLS,38,activity_list,1000,1,50.0,,,60.0,,bin,best/2,forward,,,,,,100.0,0.5,0.9,False,False,False,5.0,0.3,1.5,0.3,1.0,,,,,,,,,,,,,,,,,,,,,,,,,,,,,,,,
J30_1.RCP,1,156.51315789473688,0.4469177722930908,DE_best_2_exp_random_withLS,38,activity_list,1000,1,50.0,,,60.0,,exp,best/2,random,,,,,,100.0,0.5,0.9,False,False,True,5.0,0.3,1.5,0.3,1.0,,,,,,,,,,,,,,,,,,,,,,,,,,,,,,,,
J30_1.RCP,1,156.51315789473688,0.440291166305542,DE_best_2_exp_random_noLS,38,activity_list,1000,1,50.0,,,60.0,,exp,best/2,random,,,,,,100.0,0.5,0.9,False,False,False,5.0,0.3,1.5,0.3,1.0,,,,,,,,,,,,,,,,,,,,,,,,,,,,,,,,
J30_1.RCP,1,156.51315789473688,0.4531731605529785,DE_best_2_exp_forward_withLS,38,activity_list,1000,1,50.0,,,60.0,,exp,best/2,forward,,,,,,100.0,0.5,0.9,False,False,True,5.0,0.3,1.5,0.3,1.0,,,,,,,,,,,,,,,,,,,,,,,,,,,,,,,,
J30_1.RCP,1,156.51315789473688,0.44916677474975586,DE_best_2_exp_forward_noLS,38,activity_list,1000,1,50.0,,,60.0,,exp,best/2,forward,,,,,,100.0,0.5,0.9,False,False,False,5.0,0.3,1.5,0.3,1.0,,,,,,,,,,,,,,,,,,,,,,,,,,,,,,,,
J30_1.RCP,1,156.51315789473688,0.4426858425140381,DE_current-to-best_1_bin_random_withLS,38,activity_list,1000,1,50.0,,,60.0,,bin,current-to-best/1,random,,,,,,100.0,0.5,0.9,False,False,True,5.0,0.3,1.5,0.3,1.0,,,,,,,,,,,,,,,,,,,,,,,,,,,,,,,,
J30_1.RCP,1,156.51315789473688,0.4415922164916992,DE_current-to-best_1_bin_random_noLS,38,activity_list,1000,1,50.0,,,60.0,,bin,current-to-best/1,random,,,,,,100.0,0.5,0.9,False,False,False,5.0,0.3,1.5,0.3,1.0,,,,,,,,,,,,,,,,,,,,,,,,,,,,,,,,
J30_1.RCP,1,156.51315789473688,0.4571571350097656,DE_current-to-best_1_bin_forward_withLS,38,activity_list,1000,1,50.0,,,60.0,,bin,current-to-best/1,forward,,,,,,100.0,0.5,0.9,False,False,True,5.0,0.3,1.5,0.3,1.0,,,,,,,,,,,,,,,,,,,,,,,,,,,,,,,,
J30_1.RCP,1,156.51315789473688,0.44396305084228516,DE_current-to-best_1_bin_forward_noLS,38,activity_list,1000,1,50.0,,,60.0,,bin,current-to-best/1,forward,,,,,,100.0,0.5,0.9,False,False,False,5.0,0.3,1.5,0.3,1.0,,,,,,,,,,,,,,,,,,,,,,,,,,,,,,,,
J30_1.RCP,1,156.51315789473688,0.45421695709228516,DE_current-to-best_1_exp_random_withLS,38,activity_list,1000,1,50.0,,,60.0,,exp,current-to-best/1,random,,,,,,100.0,0.5,0.9,False,False,True,5.0,0.3,1.5,0.3,1.0,,,,,,,,,,,,,,,,,,,,,,,,,,,,,,,,
J30_1.RCP,1,156.51315789473688,0.443310022354126,DE_current-to-best_1_exp_random_noLS,38,activity_list,1000,1,50.0,,,60.0,,exp,current-to-best/1,random,,,,,,100.0,0.5,0.9,False,False,False,5.0,0.3,1.5,0.3,1.0,,,,,,,,,,,,,,,,,,,,,,,,,,,,,,,,
J30_1.RCP,1,156.51315789473688,0.4559929370880127,DE_current-to-best_1_exp_forward_withLS,38,activity_list,1000,1,50.0,,,60.0,,exp,current-to-best/1,forward,,,,,,100.0,0.5,0.9,False,False,True,5.0,0.3,1.5,0.3,1.0,,,,,,,,,,,,,,,,,,,,,,,,,,,,,,,,
J30_1.RCP,1,156.51315789473688,0.4532279968261719,DE_current-to-best_1_exp_forward_noLS,38,activity_list,1000,1,50.0,,,60.0,,exp,current-to-best/1,forward,,,,,,100.0,0.5,0.9,False,False,False,5.0,0.3,1.5,0.3,1.0,,,,,,,,,,,,,,,,,,,,,,,,,,,,,,,,
J30_1.RCP,1,156.51315789473688,0.4467740058898926,DE_adaptive_bin_random_withLS,38,activity_list,1000,1,50.0,,,60.0,,bin,adaptive,random,,,,,,100.0,0.5,0.9,False,False,True,5.0,0.3,1.5,0.3,1.0,,,,,,,,,,,,,,,,,,,,,,,,,,,,,,,,
J30_1.RCP,1,156.51315789473688,0.466109037399292,DE_adaptive_bin_random_noLS,38,activity_list,1000,1,50.0,,,60.0,,bin,adaptive,random,,,,,,100.0,0.5,0.9,False,False,False,5.0,0.3,1.5,0.3,1.0,,,,,,,,,,,,,,,,,,,,,,,,,,,,,,,,
J30_1.RCP,1,156.51315789473688,0.4544026851654053,DE_adaptive_bin_forward_withLS,38,activity_list,1000,1,50.0,,,60.0,,bin,adaptive,forward,,,,,,100.0,0.5,0.9,False,False,True,5.0,0.3,1.5,0.3,1.0,,,,,,,,,,,,,,,,,,,,,,,,,,,,,,,,
J30_1.RCP,1,156.51315789473688,0.44194507598876953,DE_adaptive_bin_forward_noLS,38,activity_list,1000,1,50.0,,,60.0,,bin,adaptive,forward,,,,,,100.0,0.5,0.9,False,False,False,5.0,0.3,1.5,0.3,1.0,,,,,,,,,,,,,,,,,,,,,,,,,,,,,,,,
J30_1.RCP,1,156.51315789473688,0.44472193717956543,DE_adaptive_exp_random_withLS,38,activity_list,1000,1,50.0,,,60.0,,exp,adaptive,random,,,,,,100.0,0.5,0.9,False,False,True,5.0,0.3,1.5,0.3,1.0,,,,,,,,,,,,,,,,,,,,,,,,,,,,,,,,
J30_1.RCP,1,156.51315789473688,0.4407029151916504,DE_adaptive_exp_random_noLS,38,activity_list,1000,1,50.0,,,60.0,,exp,adaptive,random,,,,,,100.0,0.5,0.9,False,False,False,5.0,0.3,1.5,0.3,1.0,,,,,,,,,,,,,,,,,,,,,,,,,,,,,,,,
J30_1.RCP,1,156.51315789473688,0.45570898056030273,DE_adaptive_exp_forward_withLS,38,activity_list,1000,1,50.0,,,60.0,,exp,adaptive,forward,,,,,,100.0,0.5,0.9,False,False,True,5.0,0.3,1.5,0.3,1.0,,,,,,,,,,,,,,,,,,,,,,,,,,,,,,,,
J30_1.RCP,1,156.51315789473688,0.4476449489593506,DE_adaptive_exp_forward_noLS,38,activity_list,1000,1,50.0,,,60.0,,exp,adaptive,forward,,,,,,100.0,0.5,0.9,False,False,False,5.0,0.3,1.5,0.3,1.0,,,,,,,,,,,,,,,,,,,,,,,,,,,,,,,,
J30_1.RCP,1,156.51315789473688,0.4723939895629883,PR_forward_best_withLS,38,activity_list,1000,1,,,,60.0,best,,,,,,,,,100.0,,,,,True,,,,,,10.0,forward,50.0,,,,,,,,,,,,,,,,,,,,,,,,,,,,,
J30_1.RCP,1,156.51315789473688,0.47223687171936035,PR_forward_best_noLS,38,activity_list,1000,1,,,,60.0,best,,,,,,,,,100.0,,,,,False,,,,,,10.0,forward,50.0,,,,,,,,,,,,,,,,,,,,,,,,,,,,,
J30_1.RCP,1,156.51315789473688,0.472092866897583,PR_forward_random_two_withLS,38,activity_list,1000,1,,,,60.0,random_two,,,,,,,,,100.0,,,,,True,,,,,,10.0,forward,50.0,,,,,,,,,,,,,,,,,,,,,,,,,,,,,
J30_1.RCP,1,156.51315789473688,0.10367584228515625,PR_forward_random_two_noLS,38,activity_list,1000,1,,,,60.0,random_two,,,,,,,,,100.0,,,,,False,,,,,,10.0,forward,50.0,,,,,,,,,,,,,,,,,,,,,,,,,,,,,
J30_1.RCP,1,156.51315789473688,0.4730041027069092,PR_backward_best_withLS,38,activity_list,1000,1,,,,60.0,best,,,,,,,,,100.0,,,,,True,,,,,,10.0,backward,50.0,,,,,,,,,,,,,,,,,,,,,,,,,,,,,
J30_1.RCP,1,156.51315789473688,0.4740619659423828,PR_backward_best_noLS,38,activity_list,1000,1,,,,60.0,best,,,,,,,,,100.0,,,,,False,,,,,,10.0,backward,50.0,,,,,,,,,,,,,,,,,,,,,,,,,,,,,
J30_1.RCP,1,156.51315789473688,0.4725179672241211,PR_backward_random_two_withLS,38,activity_list,1000,1,,,,60.0,random_two,,,,,,,,,100.0,,,,,True,,,,,,10.0,backward,50.0,,,,,,,,,,,,,,,,,,,,,,,,,,,,,
J30_1.RCP,1,156.51315789473688,0.10433101654052734,PR_backward_random_two_noLS,38,activity_list,1000,1,,,,60.0,random_two,,,,,,,,,100.0,,,,,False,,,,,,10.0,backward,50.0,,,,,,,,,,,,,,,,,,,,,,,,,,,,,
J30_1.RCP,1,156.51315789473688,0.4753899574279785,PR_random_best_withLS,38,activity_list,1000,1,,,,60.0,best,,,,,,,,,100.0,,,,,True,,,,,,10.0,random,50.0,,,,,,,,,,,,,,,,,,,,,,,,,,,,,
J30_1.RCP,1,156.51315789473688,0.46952176094055176,PR_random_best_noLS,38,activity_list,1000,1,,,,60.0,best,,,,,,,,,100.0,,,,,False,,,,,,10.0,random,50.0,,,,,,,,,,,,,,,,,,,,,,,,,,,,,
J30_1.RCP,1,156.51315789473688,0.4686291217803955,PR_random_random_two_withLS,38,activity_list,1000,1,,,,60.0,random_two,,,,,,,,,100.0,,,,,True,,,,,,10.0,random,50.0,,,,,,,,,,,,,,,,,,,,,,,,,,,,,
J30_1.RCP,1,156.51315789473688,0.10536885261535645,PR_random_random_two_noLS,38,activity_list,1000,1,,,,60.0,random_two,,,,,,,,,100.0,,,,,False,,,,,,10.0,random,50.0,,,,,,,,,,,,,,,,,,,,,,,,,,,,,
J30_1.RCP,1,156.51315789473688,0.47530078887939453,PR_bidirectional_best_withLS,38,activity_list,1000,1,,,,60.0,best,,,,,,,,,100.0,,,,,True,,,,,,10.0,bidirectional,50.0,,,,,,,,,,,,,,,,,,,,,,,,,,,,,
J30_1.RCP,1,156.51315789473688,0.47287702560424805,PR_bidirectional_best_noLS,38,activity_list,1000,1,,,,60.0,best,,,,,,,,,100.0,,,,,False,,,,,,10.0,bidirectional,50.0,,,,,,,,,,,,,,,,,,,,,,,,,,,,,
J30_1.RCP,1,156.51315789473688,0.47435998916625977,PR_bidirectional_random_two_withLS,38,activity_list,1000,1,,,,60.0,random_two,,,,,,,,,100.0,,,,,True,,,,,,10.0,bidirectional,50.0,,,,,,,,,,,,,,,,,,,,,,,,,,,,,
J30_1.RCP,1,156.51315789473688,0.10797476768493652,PR_bidirectional_random_two_noLS,38,activity_list,1000,1,,,,60.0,random_two,,,,,,,,,100.0,,,,,False,,,,,,10.0,bidirectional,50.0,,,,,,,,,,,,,,,,,,,,,,,,,,,,,
J30_1.RCP,1,156.51315789473688,0.4854116439819336,TS_static,38,activity_list,1000,1,,,,60.0,,,,,,,,,,100.0,,,,,,,,,,,,,,10.0,20.0,True,static,swap,1.0,4.0,10.0,,,,,,,,,,,,,,,,,,,,,
J30_1.RCP,1,156.51315789473688,0.4915049076080322,TS_dynamic,38,activity_list,1000,1,,,,60.0,,,,,,,,,,100.0,,,,,,,,,,,,,,10.0,20.0,True,dynamic,swap,1.0,4.0,10.0,,,,,,,,,,,,,,,,,,,,,
J30_1.RCP,1,156.51315789473688,0.5898697376251221,PSO_none_none,38,activity_list,1000,1,50.0,,,60.0,,,,,,,,none,,,,,,,,,,,,,,,,,,,,,,,,0.729,1.49445,1.49445,none,30.0,,,,,,,,,,,,,,,,
J30_1.RCP,1,156.51315789473688,0.5890569686889648,PSO_none_adaptive,38,activity_list,1000,1,50.0,,,60.0,,,,,,,,none,,,,,,,,,,,,,,,,,,,,,,,,0.729,1.49445,1.49445,adaptive,30.0,,,,,,,,,,,,,,,,
J30_1.RCP,1,156.51315789473688,0.5889279842376709,PSO_swap_none,38,activity_list,1000,1,50.0,,,60.0,,,,,,,,swap,,,,,,,,,,,,,,,,,,,,,,,,0.729,1.49445,1.49445,none,30.0,,,,,,,,,,,,,,,,
J30_1.RCP,1,156.51315789473688,0.5648870468139648,PSO_swap_adaptive,38,activity_list,1000,1,50.0,,,60.0,,,,,,,,swap,,,,,,,,,,,,,,,,,,,,,,,,0.729,1.49445,1.49445,adaptive,30.0,,,,,,,,,,,,,,,,
J30_1.RCP,1,156.51315789473688,0.4852409362792969,BA_none,38,activity_list,1000,1,50.0,,,60.0,,,,,,,,none,10.0,,,,,,,,,,,,,,,,,,,,,,,,,,,,0.0,2.0,1.0,0.5,0.9,0.9,,,,,,,,,,
J30_1.RCP,1,156.51315789473688,0.47991204261779785,BA_swap,38,activity_list,1000,1,50.0,,,60.0,,,,,,,,swap,10.0,,,,,,,,,,,,,,,,,,,,,,,,,,,,0.0,2.0,1.0,0.5,0.9,0.9,,,,,,,,,,
J30_1.RCP,1,156.51315789473688,0.9074170589447021,HS_fixed_random,38,activity_list,1000,1,,,,60.0,,,,random,,,,,,,,,,,,,,,,,,,,,,,,,,,,,,,,,,,,,,,50.0,0.9,0.3,0.1,0.9,fixed,,,,
J30_1.RCP,1,156.51315789473688,0.8856849670410156,HS_fixed_forward,38,activity_list,1000,1,,,,60.0,,,,forward,,,,,,,,,,,,,,,,,,,,,,,,,,,,,,,,,,,,,,,50.0,0.9,0.3,0.1,0.9,fixed,,,,
J30_1.RCP,1,156.51315789473688,0.9731838703155518,HS_adaptive_random,38,activity_list,1000,1,,,,60.0,,,,random,,,,,,,,,,,,,,,,,,,,,,,,,,,,,,,,,,,,,,,50.0,0.9,0.3,0.1,0.9,adaptive,,,,
J30_1.RCP,1,156.51315789473688,0.9545018672943115,HS_adaptive_forward,38,activity_list,1000,1,,,,60.0,,,,forward,,,,,,,,,,,,,,,,,,,,,,,,,,,,,,,,,,,,,,,50.0,0.9,0.3,0.1,0.9,adaptive,,,,
J30_1.RCP,1,156.51315789473688,0.48369884490966797,SA_swap,38,activity_list,1000,1,,,,60.0,,,,,,,,,,,,,,,,,,,,,,,,,,,,,,,,,,,,,,,,,,,,,,,,,10000.0,0.995,10.0,swap
J30_1.RCP,1,156.51315789473688,0.4853975772857666,SA_insertion,38,activity_list,1000,1,,,,60.0,,,,,,,,,,,,,,,,,,,,,,,,,,,,,,,,,,,,,,,,,,,,,,,,,10000.0,0.995,10.0,insertion
J30_1.RCP,1,156.51315789473688,0.48462605476379395,SA_inversion,38,activity_list,1000,1,,,,60.0,,,,,,,,,,,,,,,,,,,,,,,,,,,,,,,,,,,,,,,,,,,,,,,,,10000.0,0.995,10.0,inversion
