instance_id,seed,best_objective,runtime,algorithm_name,deadline,encoding_type,param_max_evaluations,param_seed,param_population_size,param_crossover_rate,param_mutation_rate,param_time_limit,param_selection_strategy,param_crossover_strategy,param_mutation_strategy,param_initialization_strategy,param_tournament_size,param_use_repair,param_elitism,param_local_search_strategy,param_local_search_interval,param_max_iterations,param_F,param_CR,param_use_adaptive_F,param_use_adaptive_CR,param_use_local_search,param_local_search_top,param_F_min,param_F_max,param_CR_min,param_CR_max,param_elite_size,param_path_strategy,param_local_search_eval_limit,param_tabu_tenure,param_neighborhood_size,param_aspiration_criterion,param_tabu_strategy,param_w,param_c1,param_c2,param_restart_strategy,param_restart_threshold,param_f_min,param_f_max,param_A0,param_r0,param_alpha,param_gamma,param_hm_size,param_hmcr,param_par,param_par_min,param_par_max,param_parameter_strategy,param_initial_temperature,param_cooling_rate,param_iterations_per_temperature,param_neighborhood_strategy
J30_1.RCP,0,84.9342105263158,0.49622106552124023,GA_roulette_arithmetic_uniform_random_repair_elitism_none,38,shift_vector,1000,0,50.0,0.9,0.1,60.0,roulette,arithmetic,uniform,random,3.0,True,True,none,5.0,,,,,,,,,,,,,,,,,,,,,,,,,,,,,,,,,,,,,,,
J30_1.RCP,1,84.25,0.48423194885253906,GA_roulette_arithmetic_uniform_random_repair_elitism_none,38,shift_vector,1000,1,50.0,0.9,0.1,60.0,roulette,arithmetic,uniform,random,3.0,True,True,none,5.0,,,,,,,,,,,,,,,,,,,,,,,,,,,,,,,,,,,,,,,
J30_1.RCP,0,87.67105263157895,0.4879899024963379,GA_roulette_arithmetic_uniform_random_repair_elitism_swap,38,shift_vector,1000,0,50.0,0.9,0.1,60.0,roulette,arithmetic,uniform,random,3.0,True,True,swap,5.0,,,,,,,,,,,,,,,,,,,,,,,,,,,,,,,,,,,,,,,
J30_1.RCP,1,89.09210526315789,0.47916507720947266,GA_roulette_arithmetic_uniform_random_repair_elitism_swap,38,shift_vector,1000,1,50.0,0.9,0.1,60.0,roulette,arithmetic,uniform,random,3.0,True,True,swap,5.0,,,,,,,,,,,,,,,,,,,,,,,,,,,,,,,,,,,,,,,
J30_1.RCP,0,84.9342105263158,0.4885849952697754,GA_roulette_arithmetic_uniform_random_repair_noElitism_none,38,shift_vector,1000,0,50.0,0.9,0.1,60.0,roulette,arithmetic,uniform,random,3.0,True,False,none,5.0,,,,,,,,,,,,,,,,,,,,,,,,,,,,,,,,,,,,,,,
J30_1.RCP,1,84.25,0.48270416259765625,GA_roulette_arithmetic_uniform_random_repair_noElitism_none,38,shift_vector,1000,1,50.0,0.9,0.1,60.0,roulette,arithmetic,uniform,random,3.0,True,False,none,5.0,,,,,,,,,,,,,,,,,,,,,,,,,,,,,,,,,,,,,,,
J30_1.RCP,0,87.67105263157895,0.4820530414581299,GA_roulette_arithmetic_uniform_random_repair_noElitism_swap,38,shift_vector,1000,0,50.0,0.9,0.1,60.0,roulette,arithmetic,uniform,random,3.0,True,False,swap,5.0,,,,,,,,,,,,,,,,,,,,,,,,,,,,,,,,,,,,,,,
J30_1.RCP,1,89.09210526315789,0.47906994819641113,GA_roulette_arithmetic_uniform_random_repair_noElitism_swap,38,shift_vector,1000,1,50.0,0.9,0.1,60.0,roulette,arithmetic,uniform,random,3.0,True,False,swap,5.0,,,,,,,,,,,,,,,,,,,,,,,,,,,,,,,,,,,,,,,
J30_1.RCP,0,84.9342105263158,0.4859020709991455,GA_roulette_arithmetic_uniform_random_noRepair_elitism_none,38,shift_vector,1000,0,50.0,0.9,0.1,60.0,roulette,arithmetic,uniform,random,3.0,False,True,none,5.0,,,,,,,,,,,,,,,,,,,,,,,,,,,,,,,,,,,,,,,
J30_1.RCP,1,84.25,0.48972606658935547,GA_roulette_arithmetic_uniform_random_noRepair_elitism_none,38,shift_vector,1000,1,50.0,0.9,0.1,60.0,roulette,arithmetic,uniform,random,3.0,False,True,none,5.0,,,,,,,,,,,,,,,,,,,,,,,,,,,,,,,,,,,,,,,
J30_1.RCP,0,87.67105263157895,0.4905118942260742,GA_roulette_arithmetic_uniform_random_noRepair_elitism_swap,38,shift_vector,1000,0,50.0,0.9,0.1,60.0,roulette,arithmetic,uniform,random,3.0,False,True,swap,5.0,,,,,,,,,,,,,,,,,,,,,,,,,,,,,,,,,,,,,,,
J30_1.RCP,1,89.09210526315789,0.4788391590118408,GA_roulette_arithmetic_uniform_random_noRepair_elitism_swap,38,shift_vector,1000,1,50.0,0.9,0.1,60.0,roulette,arithmetic,uniform,random,3.0,False,True,swap,5.0,,,,,,,,,,,,,,,,,,,,,,,,,,,,,,,,,,,,,,,
J30_1.RCP,0,84.9342105263158,0.49453306198120117,GA_roulette_arithmetic_uniform_random_noRepair_noElitism_none,38,shift_vector,1000,0,50.0,0.9,0.1,60.0,roulette,arithmetic,uniform,random,3.0,False,False,none,5.0,,,,,,,,,,,,,,,,,,,,,,,,,,,,,,,,,,,,,,,
J30_1.RCP,1,84.25,0.4922637939453125,GA_roulette_arithmetic_uniform_random_noRepair_noElitism_none,38,shift_vector,1000,1,50.0,0.9,0.1,60.0,roulette,arithmetic,uniform,random,3.0,False,False,none,5.0,,,,,,,,,,,,,,,,,,,,,,,,,,,,,,,,,,,,,,,
J30_1.RCP,0,87.67105263157895,0.48645591735839844,GA_roulette_arithmetic_uniform_random_noRepair_noElitism_swap,38,shift_vector,1000,0,50.0,0.9,0.1,60.0,roulette,arithmetic,uniform,random,3.0,False,False,swap,5.0,,,,,,,,,,,,,,,,,,,,,,,,,,,,,,,,,,,,,,,
J30_1.RCP,1,89.09210526315789,0.478039026260376,GA_roulette_arithmetic_uniform_random_noRepair_noElitism_swap,38,shift_vector,1000,1,50.0,0.9,0.1,60.0,roulette,arithmetic,uniform,random,3.0,False,False,swap,5.0,,,,,,,,,,,,,,,,,,,,,,,,,,,,,,,,,,,,,,,
J30_1.RCP,0,84.9342105263158,0.4839928150177002,GA_roulette_arithmetic_uniform_zero_repair_elitism_none,38,shift_vector,1000,0,50.0,0.9,0.1,60.0,roulette,arithmetic,uniform,zero,3.0,True,True,none,5.0,,,,,,,,,,,,,,,,,,,,,,,,,,,,,,,,,,,,,,,
J30_1.RCP,1,84.25,0.4833047389984131,GA_roulette_arithmetic_uniform_zero_repair_elitism_none,38,shift_vector,1000,1,50.0,0.9,0.1,60.0,roulette,arithmetic,uniform,zero,3.0,True,True,none,5.0,,,,,,,,,,,,,,,,,,,,,,,,,,,,,,,,,,,,,,,
J30_1.RCP,0,87.67105263157895,0.4826650619506836,GA_roulette_arithmetic_uniform_zero_repair_elitism_swap,38,shift_vector,1000,0,50.0,0.9,0.1,60.0,roulette,arithmetic,uniform,zero,3.0,True,True,swap,5.0,,,,,,,,,,,,,,,,,,,,,,,,,,,,,,,,,,,,,,,
J30_1.RCP,1,89.09210526315789,0.47896385192871094,GA_roulette_arithmetic_uniform_zero_repair_elitism_swap,38,shift_vector,1000,1,50.0,0.9,0.1,60.0,roulette,arithmetic,uniform,zero,3.0,True,True,swap,5.0,,,,,,,,,,,,,,,,,,,,,,,,,,,,,,,,,,,,,,,
J30_1.RCP,0,84.9342105263158,0.48620128631591797,GA_roulette_arithmetic_uniform_zero_repair_noElitism_none,38,shift_vector,1000,0,50.0,0.9,0.1,60.0,roulette,arithmetic,uniform,zero,3.0,True,False,none,5.0,,,,,,,,,,,,,,,,,,,,,,,,,,,,,,,,,,,,,,,
J30_1.RCP,1,84.25,0.48331713676452637,GA_roulette_arithmetic_uniform_zero_repair_noElitism_none,38,shift_vector,1000,1,50.0,0.9,0.1,60.0,roulette,arithmetic,uniform,zero,3.0,True,False,none,5.0,,,,,,,,,,,,,,,,,,,,,,,,,,,,,,,,,,,,,,,
J30_1.RCP,0,87.67105263157895,0.48180294036865234,GA_roulette_arithmetic_uniform_zero_repair_noElitism_swap,38,shift_vector,1000,0,50.0,0.9,0.1,60.0,roulette,arithmetic,uniform,zero,3.0,True,False,swap,5.0,,,,,,,,,,,,,,,,,,,,,,,,,,,,,,,,,,,,,,,
J30_1.RCP,1,89.09210526315789,0.4788088798522949,GA_roulette_arithmetic_uniform_zero_repair_noElitism_swap,38,shift_vector,1000,1,50.0,0.9,0.1,60.0,roulette,arithmetic,uniform,zero,3.0,True,False,swap,5.0,,,,,,,,,,,,,,,,,,,,,,,,,,,,,,,,,,,,,,,
J30_1.RCP,0,84.9342105263158,0.48269081115722656,GA_roulette_arithmetic_uniform_zero_noRepair_elitism_none,38,shift_vector,1000,0,50.0,0.9,0.1,60.0,roulette,arithmetic,uniform,zero,3.0,False,True,none,5.0,,,,,,,,,,,,,,,,,,,,,,,,,,,,,,,,,,,,,,,
J30_1.RCP,1,84.25,0.4821491241455078,GA_roulette_arithmetic_uniform_zero_noRepair_elitism_none,38,shift_vector,1000,1,50.0,0.9,0.1,60.0,roulette,arithmetic,uniform,zero,3.0,False,True,none,5.0,,,,,,,,,,,,,,,,,,,,,,,,,,,,,,,,,,,,,,,
J30_1.RCP,0,87.67105263157895,0.4844658374786377,GA_roulette_arithmetic_uniform_zero_noRepair_elitism_swap,38,shift_vector,1000,0,50.0,0.9,0.1,60.0,roulette,arithmetic,uniform,zero,3.0,False,True,swap,5.0,,,,,,,,,,,,,,,,,,,,,,,,,,,,,,,,,,,,,,,
J30_1.RCP,1,89.09210526315789,0.48423123359680176,GA_roulette_arithmetic_uniform_zero_noRepair_elitism_swap,38,shift_vector,1000,1,50.0,0.9,0.1,60.0,roulette,arithmetic,uniform,zero,3.0,False,True,swap,5.0,,,,,,,,,,,,,,,,,,,,,,,,,,,,,,,,,,,,,,,
J30_1.RCP,0,84.9342105263158,0.4838700294494629,GA_roulette_arithmetic_uniform_zero_noRepair_noElitism_none,38,shift_vector,1000,0,50.0,0.9,0.1,60.0,roulette,arithmetic,uniform,zero,3.0,False,False,none,5.0,,,,,,,,,,,,,,,,,,,,,,,,,,,,,,,,,,,,,,,
J30_1.RCP,1,84.25,0.48236608505249023,GA_roulette_arithmetic_uniform_zero_noRepair_noElitism_none,38,shift_vector,1000,1,50.0,0.9,0.1,60.0,roulette,arithmetic,uniform,zero,3.0,False,False,none,5.0,,,,,,,,,,,,,,,,,,,,,,,,,,,,,,,,,,,,,,,
J30_1.RCP,0,87.67105263157895,0.48078107833862305,GA_roulette_arithmetic_uniform_zero_noRepair_noElitism_swap,38,shift_vector,1000,0,50.0,0.9,0.1,60.0,roulette,arithmetic,uniform,zero,3.0,False,False,swap,5.0,,,,,,,,,,,,,,,,,,,,,,,,,,,,,,,,,,,,,,,
J30_1.RCP,1,89.09210526315789,0.4804048538208008,GA_roulette_arithmetic_uniform_zero_noRepair_noElitism_swap,38,shift_vector,1000,1,50.0,0.9,0.1,60.0,roulette,arithmetic,uniform,zero,3.0,False,False,swap,5.0,,,,,,,,,,,,,,,,,,,,,,,,,,,,,,,,,,,,,,,
J30_1.RCP,0,91.77631578947368,0.479550838470459,GA_roulette_arithmetic_gaussian_random_repair_elitism_none,38,shift_vector,1000,0,50.0,0.9,0.1,60.0,roulette,arithmetic,gaussian,random,3.0,True,True,none,5.0,,,,,,,,,,,,,,,,,,,,,,,,,,,,,,,,,,,,,,,
J30_1.RCP,1,94.25,0.46936607360839844,GA_roulette_arithmetic_gaussian_random_repair_elitism_none,38,shift_vector,1000,1,50.0,0.9,0.1,60.0,roulette,arithmetic,gaussian,random,3.0,True,True,none,5.0,,,,,,,,,,,,,,,,,,,,,,,,,,,,,,,,,,,,,,,
J30_1.RCP,0,91.77631578947368,0.4723358154296875,GA_roulette_arithmetic_gaussian_random_repair_elitism_swap,38,shift_vector,1000,0,50.0,0.9,0.1,60.0,roulette,arithmetic,gaussian,random,3.0,True,True,swap,5.0,,,,,,,,,,,,,,,,,,,,,,,,,,,,,,,,,,,,,,,
J30_1.RCP,1,93.82894736842105,0.458035945892334,GA_roulette_arithmetic_gaussian_random_repair_elitism_swap,38,shift_vector,1000,1,50.0,0.9,0.1,60.0,roulette,arithmetic,gaussian,random,3.0,True,True,swap,5.0,,,,,,,,,,,,,,,,,,,,,,,,,,,,,,,,,,,,,,,
J30_1.RCP,0,91.77631578947368,0.4769163131713867,GA_roulette_arithmetic_gaussian_random_repair_noElitism_none,38,shift_vector,1000,0,50.0,0.9,0.1,60.0,roulette,arithmetic,gaussian,random,3.0,True,False,none,5.0,,,,,,,,,,,,,,,,,,,,,,,,,,,,,,,,,,,,,,,
J30_1.RCP,1,94.25,0.4688868522644043,GA_roulette_arithmetic_gaussian_random_repair_noElitism_none,38,shift_vector,1000,1,50.0,0.9,0.1,60.0,roulette,arithmetic,gaussian,random,3.0,True,False,none,5.0,,,,,,,,,,,,,,,,,,,,,,,,,,,,,,,,,,,,,,,
J30_1.RCP,0,91.77631578947368,0.473132848739624,GA_roulette_arithmetic_gaussian_random_repair_noElitism_swap,38,shift_vector,1000,0,50.0,0.9,0.1,60.0,roulette,arithmetic,gaussian,random,3.0,True,False,swap,5.0,,,,,,,,,,,,,,,,,,,,,,,,,,,,,,,,,,,,,,,
J30_1.RCP,1,93.82894736842105,0.4624290466308594,GA_roulette_arithmetic_gaussian_random_repair_noElitism_swap,38,shift_vector,1000,1,50.0,0.9,0.1,60.0,roulette,arithmetic,gaussian,random,3.0,True,False,swap,5.0,,,,,,,,,,,,,,,,,,,,,,,,,,,,,,,,,,,,,,,
J30_1.RCP,0,91.77631578947368,0.47526979446411133,GA_roulette_arithmetic_gaussian_random_noRepair_elitism_none,38,shift_vector,1000,0,50.0,0.9,0.1,60.0,roulette,arithmetic,gaussian,random,3.0,False,True,none,5.0,,,,,,,,,,,,,,,,,,,,,,,,,,,,,,,,,,,,,,,
J30_1.RCP,1,94.25,0.46665501594543457,GA_roulette_arithmetic_gaussian_random_noRepair_elitism_none,38,shift_vector,1000,1,50.0,0.9,0.1,60.0,roulette,arithmetic,gaussian,random,3.0,False,True,none,5.0,,,,,,,,,,,,,,,,,,,,,,,,,,,,,,,,,,,,,,,
J30_1.RCP,0,91.77631578947368,0.475006103515625,GA_roulette_arithmetic_gaussian_random_noRepair_elitism_swap,38,shift_vector,1000,0,50.0,0.9,0.1,60.0,roulette,arithmetic,gaussian,random,3.0,False,True,swap,5.0,,,,,,,,,,,,,,,,,,,,,,,,,,,,,,,,,,,,,,,
J30_1.RCP,1,93.82894736842105,0.4583449363708496,GA_roulette_arithmetic_gaussian_random_noRepair_elitism_swap,38,shift_vector,1000,1,50.0,0.9,0.1,60.0,roulette,arithmetic,gaussian,random,3.0,False,True,swap,5.0,,,,,,,,,,,,,,,,,,,,,,,,,,,,,,,,,,,,,,,
J30_1.RCP,0,91.77631578947368,0.4754812717437744,GA_roulette_arithmetic_gaussian_random_noRepair_noElitism_none,38,shift_vector,1000,0,50.0,0.9,0.1,60.0,roulette,arithmetic,gaussian,random,3.0,False,False,none,5.0,,,,,,,,,,,,,,,,,,,,,,,,,,,,,,,,,,,,,,,
J30_1.RCP,1,94.25,0.4721059799194336,GA_roulette_arithmetic_gaussian_random_noRepair_noElitism_none,38,shift_vector,1000,1,50.0,0.9,0.1,60.0,roulette,arithmetic,gaussian,random,3.0,False,False,none,5.0,,,,,,,,,,,,,,,,,,,,,,,,,,,,,,,,,,,,,,,
J30_1.RCP,0,91.77631578947368,0.47331905364990234,GA_roulette_arithmetic_gaussian_random_noRepair_noElitism_swap,38,shift_vector,1000,0,50.0,0.9,0.1,60.0,roulette,arithmetic,gaussian,random,3.0,False,False,swap,5.0,,,,,,,,,,,,,,,,,,,,,,,,,,,,,,,,,,,,,,,
J30_1.RCP,1,93.82894736842105,0.4586822986602783,GA_roulette_arithmetic_gaussian_random_noRepair_noElitism_swap,38,shift_vector,1000,1,50.0,0.9,0.1,60.0,roulette,arithmetic,gaussian,random,3.0,False,False,swap,5.0,,,,,,,,,,,,,,,,,,,,,,,,,,,,,,,,,,,,,,,
J30_1.RCP,0,91.77631578947368,0.47634387016296387,GA_roulette_arithmetic_gaussian_zero_repair_elitism_none,38,shift_vector,1000,0,50.0,0.9,0.1,60.0,roulette,arithmetic,gaussian,zero,3.0,True,True,none,5.0,,,,,,,,,,,,,,,,,,,,,,,,,,,,,,,,,,,,,,,
J30_1.RCP,1,94.25,0.46823883056640625,GA_roulette_arithmetic_gaussian_zero_repair_elitism_none,38,shift_vector,1000,1,50.0,0.9,0.1,60.0,roulette,arithmetic,gaussian,zero,3.0,True,True,none,5.0,,,,,,,,,,,,,,,,,,,,,,,,,,,,,,,,,,,,,,,
J30_1.RCP,0,91.77631578947368,0.47509217262268066,GA_roulette_arithmetic_gaussian_zero_repair_elitism_swap,38,shift_vector,1000,0,50.0,0.9,0.1,60.0,roulette,arithmetic,gaussian,zero,3.0,True,True,swap,5.0,,,,,,,,,,,,,,,,,,,,,,,,,,,,,,,,,,,,,,,
J30_1.RCP,1,93.82894736842105,0.45792508125305176,GA_roulette_arithmetic_gaussian_zero_repair_elitism_swap,38,shift_vector,1000,1,50.0,0.9,0.1,60.0,roulette,arithmetic,gaussian,zero,3.0,True,True,swap,5.0,,,,,,,,,,,,,,,,,,,,,,,,,,,,,,,,,,,,,,,
J30_1.RCP,0,91.77631578947368,0.47864317893981934,GA_roulette_arithmetic_gaussian_zero_repair_noElitism_none,38,shift_vector,1000,0,50.0,0.9,0.1,60.0,roulette,arithmetic,gaussian,zero,3.0,True,False,none,5.0,,,,,,,,,,,,,,,,,,,,,,,,,,,,,,,,,,,,,,,
J30_1.RCP,1,94.25,0.46860790252685547,GA_roulette_arithmetic_gaussian_zero_repair_noElitism_none,38,shift_vector,1000,1,50.0,0.9,0.1,60.0,roulette,arithmetic,gaussian,zero,3.0,True,False,none,5.0,,,,,,,,,,,,,,,,,,,,,,,,,,,,,,,,,,,,,,,
J30_1.RCP,0,91.77631578947368,0.4716348648071289,GA_roulette_arithmetic_gaussian_zero_repair_noElitism_swap,38,shift_vector,1000,0,50.0,0.9,0.1,60.0,roulette,arithmetic,gaussian,zero,3.0,True,False,swap,5.0,,,,,,,,,,,,,,,,,,,,,,,,,,,,,,,,,,,,,,,
J30_1.RCP,1,93.82894736842105,0.4581429958343506,GA_roulette_arithmetic_gaussian_zero_repair_noElitism_swap,38,shift_vector,1000,1,50.0,0.9,0.1,60.0,roulette,arithmetic,gaussian,zero,3.0,True,False,swap,5.0,,,,,,,,,,,,,,,,,,,,,,,,,,,,,,,,,,,,,,,
J30_1.RCP,0,91.77631578947368,0.4762430191040039,GA_roulette_arithmetic_gaussian_zero_noRepair_elitism_none,38,shift_vector,1000,0,50.0,0.9,0.1,60.0,roulette,arithmetic,gaussian,zero,3.0,False,True,none,5.0,,,,,,,,,,,,,,,,,,,,,,,,,,,,,,,,,,,,,,,
J30_1.RCP,1,94.25,0.4675419330596924,GA_roulette_arithmetic_gaussian_zero_noRepair_elitism_none,38,shift_vector,1000,1,50.0,0.9,0.1,60.0,roulette,arithmetic,gaussian,zero,3.0,False,True,none,5.0,,,,,,,,,,,,,,,,,,,,,,,,,,,,,,,,,,,,,,,
J30_1.RCP,0,91.77631578947368,0.4748871326446533,GA_roulette_arithmetic_gaussian_zero_noRepair_elitism_swap,38,shift_vector,1000,0,50.0,0.9,0.1,60.0,roulette,arithmetic,gaussian,zero,3.0,False,True,swap,5.0,,,,,,,,,,,,,,,,,,,,,,,,,,,,,,,,,,,,,,,
J30_1.RCP,1,93.82894736842105,0.4581460952758789,GA_roulette_arithmetic_gaussian_zero_noRepair_elitism_swap,38,shift_vector,1000,1,50.0,0.9,0.1,60.0,roulette,arithmetic,gaussian,zero,3.0,False,True,swap,5.0,,,,,,,,,,,,,,,,,,,,,,,,,,,,,,,,,,,,,,,
J30_1.RCP,0,91.77631578947368,0.47696900367736816,GA_roulette_arithmetic_gaussian_zero_noRepair_noElitism_none,38,shift_vector,1000,0,50.0,0.9,0.1,60.0,roulette,arithmetic,gaussian,zero,3.0,False,False,none,5.0,,,,,,,,,,,,,,,,,,,,,,,,,,,,,,,,,,,,,,,
J30_1.RCP,1,94.25,0.46839094161987305,GA_roulette_arithmetic_gaussian_zero_noRepair_noElitism_none,38,shift_vector,1000,1,50.0,0.9,0.1,60.0,roulette,arithmetic,gaussian,zero,3.0,False,False,none,5.0,,,,,,,,,,,,,,,,,,,,,,,,,,,,,,,,,,,,,,,
J30_1.RCP,0,91.77631578947368,0.47391271591186523,GA_roulette_arithmetic_gaussian_zero_noRepair_noElitism_swap,38,shift_vector,1000,0,50.0,0.9,0.1,60.0,roulette,arithmetic,gaussian,zero,3.0,False,False,swap,5.0,,,,,,,,,,,,,,,,,,,,,,,,,,,,,,,,,,,,,,,
J30_1.RCP,1,93.82894736842105,0.46799516677856445,GA_roulette_arithmetic_gaussian_zero_noRepair_noElitism_swap,38,shift_vector,1000,1,50.0,0.9,0.1,60.0,roulette,arithmetic,gaussian,zero,3.0,False,False,swap,5.0,,,,,,,,,,,,,,,,,,,,,,,,,,,,,,,,,,,,,,,
J30_1.RCP,0,91.77631578947368,0.47876596450805664,GA_roulette_arithmetic_polynomial_random_repair_elitism_none,38,shift_vector,1000,0,50.0,0.9,0.1,60.0,roulette,arithmetic,polynomial,random,3.0,True,True,none,5.0,,,,,,,,,,,,,,,,,,,,,,,,,,,,,,,,,,,,,,,
J30_1.RCP,1,93.98684210526316,0.4804108142852783,GA_roulette_arithmetic_polynomial_random_repair_elitism_none,38,shift_vector,1000,1,50.0,0.9,0.1,60.0,roulette,arithmetic,polynomial,random,3.0,True,True,none,5.0,,,,,,,,,,,,,,,,,,,,,,,,,,,,,,,,,,,,,,,
J30_1.RCP,0,91.77631578947368,0.43794703483581543,GA_roulette_arithmetic_polynomial_random_repair_elitism_swap,38,shift_vector,1000,0,50.0,0.9,0.1,60.0,roulette,arithmetic,polynomial,random,3.0,True,True,swap,5.0,,,,,,,,,,,,,,,,,,,,,,,,,,,,,,,,,,,,,,,
J30_1.RCP,1,92.5657894736842,0.47893309593200684,GA_roulette_arithmetic_polynomial_random_repair_elitism_swap,38,shift_vector,1000,1,50.0,0.9,0.1,60.0,roulette,arithmetic,polynomial,random,3.0,True,True,swap,5.0,,,,,,,,,,,,,,,,,,,,,,,,,,,,,,,,,,,,,,,
J30_1.RCP,0,91.77631578947368,0.478543758392334,GA_roulette_arithmetic_polynomial_random_repair_noElitism_none,38,shift_vector,1000,0,50.0,0.9,0.1,60.0,roulette,arithmetic,polynomial,random,3.0,True,False,none,5.0,,,,,,,,,,,,,,,,,,,,,,,,,,,,,,,,,,,,,,,
J30_1.RCP,1,93.98684210526316,0.47932004928588867,GA_roulette_arithmetic_polynomial_random_repair_noElitism_none,38,shift_vector,1000,1,50.0,0.9,0.1,60.0,roulette,arithmetic,polynomial,random,3.0,True,False,none,5.0,,,,,,,,,,,,,,,,,,,,,,,,,,,,,,,,,,,,,,,
J30_1.RCP,0,91.77631578947368,0.43741297721862793,GA_roulette_arithmetic_polynomial_random_repair_noElitism_swap,38,shift_vector,1000,0,50.0,0.9,0.1,60.0,roulette,arithmetic,polynomial,random,3.0,True,False,swap,5.0,,,,,,,,,,,,,,,,,,,,,,,,,,,,,,,,,,,,,,,
J30_1.RCP,1,92.5657894736842,0.4822201728820801,GA_roulette_arithmetic_polynomial_random_repair_noElitism_swap,38,shift_vector,1000,1,50.0,0.9,0.1,60.0,roulette,arithmetic,polynomial,random,3.0,True,False,swap,5.0,,,,,,,,,,,,,,,,,,,,,,,,,,,,,,,,,,,,,,,
J30_1.RCP,0,91.77631578947368,0.4767489433288574,GA_roulette_arithmetic_polynomial_random_noRepair_elitism_none,38,shift_vector,1000,0,50.0,0.9,0.1,60.0,roulette,arithmetic,polynomial,random,3.0,False,True,none,5.0,,,,,,,,,,,,,,,,,,,,,,,,,,,,,,,,,,,,,,,
J30_1.RCP,1,93.98684210526316,0.47838687896728516,GA_roulette_arithmetic_polynomial_random_noRepair_elitism_none,38,shift_vector,1000,1,50.0,0.9,0.1,60.0,roulette,arithmetic,polynomial,random,3.0,False,True,none,5.0,,,,,,,,,,,,,,,,,,,,,,,,,,,,,,,,,,,,,,,
J30_1.RCP,0,91.77631578947368,0.44080090522766113,GA_roulette_arithmetic_polynomial_random_noRepair_elitism_swap,38,shift_vector,1000,0,50.0,0.9,0.1,60.0,roulette,arithmetic,polynomial,random,3.0,False,True,swap,5.0,,,,,,,,,,,,,,,,,,,,,,,,,,,,,,,,,,,,,,,
J30_1.RCP,1,92.5657894736842,0.48427891731262207,GA_roulette_arithmetic_polynomial_random_noRepair_elitism_swap,38,shift_vector,1000,1,50.0,0.9,0.1,60.0,roulette,arithmetic,polynomial,random,3.0,False,True,swap,5.0,,,,,,,,,,,,,,,,,,,,,,,,,,,,,,,,,,,,,,,
J30_1.RCP,0,91.77631578947368,0.48743700981140137,GA_roulette_arithmetic_polynomial_random_noRepair_noElitism_none,38,shift_vector,1000,0,50.0,0.9,0.1,60.0,roulette,arithmetic,polynomial,random,3.0,False,False,none,5.0,,,,,,,,,,,,,,,,,,,,,,,,,,,,,,,,,,,,,,,
J30_1.RCP,1,93.98684210526316,0.4921722412109375,GA_roulette_arithmetic_polynomial_random_noRepair_noElitism_none,38,shift_vector,1000,1,50.0,0.9,0.1,60.0,roulette,arithmetic,polynomial,random,3.0,False,False,none,5.0,,,,,,,,,,,,,,,,,,,,,,,,,,,,,,,,,,,,,,,
J30_1.RCP,0,91.77631578947368,0.43714094161987305,GA_roulette_arithmetic_polynomial_random_noRepair_noElitism_swap,38,shift_vector,1000,0,50.0,0.9,0.1,60.0,roulette,arithmetic,polynomial,random,3.0,False,False,swap,5.0,,,,,,,,,,,,,,,,,,,,,,,,,,,,,,,,,,,,,,,
J30_1.RCP,1,92.5657894736842,0.47882699966430664,GA_roulette_arithmetic_polynomial_random_noRepair_noElitism_swap,38,shift_vector,1000,1,50.0,0.9,0.1,60.0,roulette,arithmetic,polynomial,random,3.0,False,False,swap,5.0,,,,,,,,,,,,,,,,,,,,,,,,,,,,,,,,,,,,,,,
J30_1.RCP,0,91.77631578947368,0.47773098945617676,GA_roulette_arithmetic_polynomial_zero_repair_elitism_none,38,shift_vector,1000,0,50.0,0.9,0.1,60.0,roulette,arithmetic,polynomial,zero,3.0,True,True,none,5.0,,,,,,,,,,,,,,,,,,,,,,,,,,,,,,,,,,,,,,,
J30_1.RCP,1,93.98684210526316,0.49208998680114746,GA_roulette_arithmetic_polynomial_zero_repair_elitism_none,38,shift_vector,1000,1,50.0,0.9,0.1,60.0,roulette,arithmetic,polynomial,zero,3.0,True,True,none,5.0,,,,,,,,,,,,,,,,,,,,,,,,,,,,,,,,,,,,,,,
J30_1.RCP,0,91.77631578947368,0.43793320655822754,GA_roulette_arithmetic_polynomial_zero_repair_elitism_swap,38,shift_vector,1000,0,50.0,0.9,0.1,60.0,roulette,arithmetic,polynomial,zero,3.0,True,True,swap,5.0,,,,,,,,,,,,,,,,,,,,,,,,,,,,,,,,,,,,,,,
J30_1.RCP,1,92.5657894736842,0.4808681011199951,GA_roulette_arithmetic_polynomial_zero_repair_elitism_swap,38,shift_vector,1000,1,50.0,0.9,0.1,60.0,roulette,arithmetic,polynomial,zero,3.0,True,True,swap,5.0,,,,,,,,,,,,,,,,,,,,,,,,,,,,,,,,,,,,,,,
J30_1.RCP,0,91.77631578947368,0.4807560443878174,GA_roulette_arithmetic_polynomial_zero_repair_noElitism_none,38,shift_vector,1000,0,50.0,0.9,0.1,60.0,roulette,arithmetic,polynomial,zero,3.0,True,False,none,5.0,,,,,,,,,,,,,,,,,,,,,,,,,,,,,,,,,,,,,,,
J30_1.RCP,1,93.98684210526316,0.47780513763427734,GA_roulette_arithmetic_polynomial_zero_repair_noElitism_none,38,shift_vector,1000,1,50.0,0.9,0.1,60.0,roulette,arithmetic,polynomial,zero,3.0,True,False,none,5.0,,,,,,,,,,,,,,,,,,,,,,,,,,,,,,,,,,,,,,,
J30_1.RCP,0,91.77631578947368,0.43688011169433594,GA_roulette_arithmetic_polynomial_zero_repair_noElitism_swap,38,shift_vector,1000,0,50.0,0.9,0.1,60.0,roulette,arithmetic,polynomial,zero,3.0,True,False,swap,5.0,,,,,,,,,,,,,,,,,,,,,,,,,,,,,,,,,,,,,,,
J30_1.RCP,1,92.5657894736842,0.4774928092956543,GA_roulette_arithmetic_polynomial_zero_repair_noElitism_swap,38,shift_vector,1000,1,50.0,0.9,0.1,60.0,roulette,arithmetic,polynomial,zero,3.0,True,False,swap,5.0,,,,,,,,,,,,,,,,,,,,,,,,,,,,,,,,,,,,,,,
J30_1.RCP,0,91.77631578947368,0.4782710075378418,GA_roulette_arithmetic_polynomial_zero_noRepair_elitism_none,38,shift_vector,1000,0,50.0,0.9,0.1,60.0,roulette,arithmetic,polynomial,zero,3.0,False,True,none,5.0,,,,,,,,,,,,,,,,,,,,,,,,,,,,,,,,,,,,,,,
J30_1.RCP,1,93.98684210526316,0.47937679290771484,GA_roulette_arithmetic_polynomial_zero_noRepair_elitism_none,38,shift_vector,1000,1,50.0,0.9,0.1,60.0,roulette,arithmetic,polynomial,zero,3.0,False,True,none,5.0,,,,,,,,,,,,,,,,,,,,,,,,,,,,,,,,,,,,,,,
J30_1.RCP,0,91.77631578947368,0.4406919479370117,GA_roulette_arithmetic_polynomial_zero_noRepair_elitism_swap,38,shift_vector,1000,0,50.0,0.9,0.1,60.0,roulette,arithmetic,polynomial,zero,3.0,False,True,swap,5.0,,,,,,,,,,,,,,,,,,,,,,,,,,,,,,,,,,,,,,,
J30_1.RCP,1,92.5657894736842,0.47818613052368164,GA_roulette_arithmetic_polynomial_zero_noRepair_elitism_swap,38,shift_vector,1000,1,50.0,0.9,0.1,60.0,roulette,arithmetic,polynomial,zero,3.0,False,True,swap,5.0,,,,,,,,,,,,,,,,,,,,,,,,,,,,,,,,,,,,,,,
J30_1.RCP,0,91.77631578947368,0.480546236038208,GA_roulette_arithmetic_polynomial_zero_noRepair_noElitism_none,38,shift_vector,1000,0,50.0,0.9,0.1,60.0,roulette,arithmetic,polynomial,zero,3.0,False,False,none,5.0,,,,,,,,,,,,,,,,,,,,,,,,,,,,,,,,,,,,,,,
J30_1.RCP,1,93.98684210526316,0.47930312156677246,GA_roulette_arithmetic_polynomial_zero_noRepair_noElitism_none,38,shift_vector,1000,1,50.0,0.9,0.1,60.0,roulette,arithmetic,polynomial,zero,3.0,False,False,none,5.0,,,,,,,,,,,,,,,,,,,,,,,,,,,,,,,,,,,,,,,
J30_1.RCP,0,91.77631578947368,0.43785595893859863,GA_roulette_arithmetic_polynomial_zero_noRepair_noElitism_swap,38,shift_vector,1000,0,50.0,0.9,0.1,60.0,roulette,arithmetic,polynomial,zero,3.0,False,False,swap,5.0,,,,,,,,,,,,,,,,,,,,,,,,,,,,,,,,,,,,,,,
J30_1.RCP,1,92.5657894736842,0.4777097702026367,GA_roulette_arithmetic_polynomial_zero_noRepair_noElitism_swap,38,shift_vector,1000,1,50.0,0.9,0.1,60.0,roulette,arithmetic,polynomial,zero,3.0,False,False,swap,5.0,,,,,,,,,,,,,,,,,,,,,,,,,,,,,,,,,,,,,,,
J30_1.RCP,0,91.77631578947368,0.45706868171691895,GA_roulette_arithmetic_swap_random_repair_elitism_none,38,shift_vector,1000,0,50.0,0.9,0.1,60.0,roulette,arithmetic,swap,random,3.0,True,True,none,5.0,,,,,,,,,,,,,,,,,,,,,,,,,,,,,,,,,,,,,,,
J30_1.RCP,1,95.30263157894737,0.46320009231567383,GA_roulette_arithmetic_swap_random_repair_elitism_none,38,shift_vector,1000,1,50.0,0.9,0.1,60.0,roulette,arithmetic,swap,random,3.0,True,True,none,5.0,,,,,,,,,,,,,,,,,,,,,,,,,,,,,,,,,,,,,,,
J30_1.RCP,0,91.77631578947368,0.4588901996612549,GA_roulette_arithmetic_swap_random_repair_elitism_swap,38,shift_vector,1000,0,50.0,0.9,0.1,60.0,roulette,arithmetic,swap,random,3.0,True,True,swap,5.0,,,,,,,,,,,,,,,,,,,,,,,,,,,,,,,,,,,,,,,
J30_1.RCP,1,95.30263157894737,0.46190500259399414,GA_roulette_arithmetic_swap_random_repair_elitism_swap,38,shift_vector,1000,1,50.0,0.9,0.1,60.0,roulette,arithmetic,swap,random,3.0,True,True,swap,5.0,,,,,,,,,,,,,,,,,,,,,,,,,,,,,,,,,,,,,,,
J30_1.RCP,0,91.77631578947368,0.4562649726867676,GA_roulette_arithmetic_swap_random_repair_noElitism_none,38,shift_vector,1000,0,50.0,0.9,0.1,60.0,roulette,arithmetic,swap,random,3.0,True,False,none,5.0,,,,,,,,,,,,,,,,,,,,,,,,,,,,,,,,,,,,,,,
J30_1.RCP,1,95.30263157894737,0.4597320556640625,GA_roulette_arithmetic_swap_random_repair_noElitism_none,38,shift_vector,1000,1,50.0,0.9,0.1,60.0,roulette,arithmetic,swap,random,3.0,True,False,none,5.0,,,,,,,,,,,,,,,,,,,,,,,,,,,,,,,,,,,,,,,
J30_1.RCP,0,91.77631578947368,0.45824623107910156,GA_roulette_arithmetic_swap_random_repair_noElitism_swap,38,shift_vector,1000,0,50.0,0.9,0.1,60.0,roulette,arithmetic,swap,random,3.0,True,False,swap,5.0,,,,,,,,,,,,,,,,,,,,,,,,,,,,,,,,,,,,,,,
J30_1.RCP,1,95.30263157894737,0.46551990509033203,GA_roulette_arithmetic_swap_random_repair_noElitism_swap,38,shift_vector,1000,1,50.0,0.9,0.1,60.0,roulette,arithmetic,swap,random,3.0,True,False,swap,5.0,,,,,,,,,,,,,,,,,,,,,,,,,,,,,,,,,,,,,,,
J30_1.RCP,0,91.77631578947368,0.453981876373291,GA_roulette_arithmetic_swap_random_noRepair_elitism_none,38,shift_vector,1000,0,50.0,0.9,0.1,60.0,roulette,arithmetic,swap,random,3.0,False,True,none,5.0,,,,,,,,,,,,,,,,,,,,,,,,,,,,,,,,,,,,,,,
J30_1.RCP,1,95.30263157894737,0.46012401580810547,GA_roulette_arithmetic_swap_random_noRepair_elitism_none,38,shift_vector,1000,1,50.0,0.9,0.1,60.0,roulette,arithmetic,swap,random,3.0,False,True,none,5.0,,,,,,,,,,,,,,,,,,,,,,,,,,,,,,,,,,,,,,,
J30_1.RCP,0,91.77631578947368,0.45816779136657715,GA_roulette_arithmetic_swap_random_noRepair_elitism_swap,38,shift_vector,1000,0,50.0,0.9,0.1,60.0,roulette,arithmetic,swap,random,3.0,False,True,swap,5.0,,,,,,,,,,,,,,,,,,,,,,,,,,,,,,,,,,,,,,,
J30_1.RCP,1,95.30263157894737,0.46408915519714355,GA_roulette_arithmetic_swap_random_noRepair_elitism_swap,38,shift_vector,1000,1,50.0,0.9,0.1,60.0,roulette,arithmetic,swap,random,3.0,False,True,swap,5.0,,,,,,,,,,,,,,,,,,,,,,,,,,,,,,,,,,,,,,,
J30_1.RCP,0,91.77631578947368,0.4533369541168213,GA_roulette_arithmetic_swap_random_noRepair_noElitism_none,38,shift_vector,1000,0,50.0,0.9,0.1,60.0,roulette,arithmetic,swap,random,3.0,False,False,none,5.0,,,,,,,,,,,,,,,,,,,,,,,,,,,,,,,,,,,,,,,
J30_1.RCP,1,95.30263157894737,0.4603581428527832,GA_roulette_arithmetic_swap_random_noRepair_noElitism_none,38,shift_vector,1000,1,50.0,0.9,0.1,60.0,roulette,arithmetic,swap,random,3.0,False,False,none,5.0,,,,,,,,,,,,,,,,,,,,,,,,,,,,,,,,,,,,,,,
J30_1.RCP,0,91.77631578947368,0.45955705642700195,GA_roulette_arithmetic_swap_random_noRepair_noElitism_swap,38,shift_vector,1000,0,50.0,0.9,0.1,60.0,roulette,arithmetic,swap,random,3.0,False,False,swap,5.0,,,,,,,,,,,,,,,,,,,,,,,,,,,,,,,,,,,,,,,
J30_1.RCP,1,95.30263157894737,0.46255922317504883,GA_roulette_arithmetic_swap_random_noRepair_noElitism_swap,38,shift_vector,1000,1,50.0,0.9,0.1,60.0,roulette,arithmetic,swap,random,3.0,False,False,swap,5.0,,,,,,,,,,,,,,,,,,,,,,,,,,,,,,,,,,,,,,,
J30_1.RCP,0,91.77631578947368,0.45911502838134766,GA_roulette_arithmetic_swap_zero_repair_elitism_none,38,shift_vector,1000,0,50.0,0.9,0.1,60.0,roulette,arithmetic,swap,zero,3.0,True,True,none,5.0,,,,,,,,,,,,,,,,,,,,,,,,,,,,,,,,,,,,,,,
J30_1.RCP,1,95.30263157894737,0.5916540622711182,GA_roulette_arithmetic_swap_zero_repair_elitism_none,38,shift_vector,1000,1,50.0,0.9,0.1,60.0,roulette,arithmetic,swap,zero,3.0,True,True,none,5.0,,,,,,,,,,,,,,,,,,,,,,,,,,,,,,,,,,,,,,,
J30_1.RCP,0,91.77631578947368,0.5039019584655762,GA_roulette_arithmetic_swap_zero_repair_elitism_swap,38,shift_vector,1000,0,50.0,0.9,0.1,60.0,roulette,arithmetic,swap,zero,3.0,True,True,swap,5.0,,,,,,,,,,,,,,,,,,,,,,,,,,,,,,,,,,,,,,,
J30_1.RCP,1,95.30263157894737,0.5480778217315674,GA_roulette_arithmetic_swap_zero_repair_elitism_swap,38,shift_vector,1000,1,50.0,0.9,0.1,60.0,roulette,arithmetic,swap,zero,3.0,True,True,swap,5.0,,,,,,,,,,,,,,,,,,,,,,,,,,,,,,,,,,,,,,,
J30_1.RCP,0,91.77631578947368,0.5031819343566895,GA_roulette_arithmetic_swap_zero_repair_noElitism_none,38,shift_vector,1000,0,50.0,0.9,0.1,60.0,roulette,arithmetic,swap,zero,3.0,True,False,none,5.0,,,,,,,,,,,,,,,,,,,,,,,,,,,,,,,,,,,,,,,
J30_1.RCP,1,95.30263157894737,0.5723648071289062,GA_roulette_arithmetic_swap_zero_repair_noElitism_none,38,shift_vector,1000,1,50.0,0.9,0.1,60.0,roulette,arithmetic,swap,zero,3.0,True,False,none,5.0,,,,,,,,,,,,,,,,,,,,,,,,,,,,,,,,,,,,,,,
J30_1.RCP,0,91.77631578947368,0.5278427600860596,GA_roulette_arithmetic_swap_zero_repair_noElitism_swap,38,shift_vector,1000,0,50.0,0.9,0.1,60.0,roulette,arithmetic,swap,zero,3.0,True,False,swap,5.0,,,,,,,,,,,,,,,,,,,,,,,,,,,,,,,,,,,,,,,
J30_1.RCP,1,95.30263157894737,0.5093951225280762,GA_roulette_arithmetic_swap_zero_repair_noElitism_swap,38,shift_vector,1000,1,50.0,0.9,0.1,60.0,roulette,arithmetic,swap,zero,3.0,True,False,swap,5.0,,,,,,,,,,,,,,,,,,,,,,,,,,,,,,,,,,,,,,,
J30_1.RCP,0,91.77631578947368,0.5952110290527344,GA_roulette_arithmetic_swap_zero_noRepair_elitism_none,38,shift_vector,1000,0,50.0,0.9,0.1,60.0,roulette,arithmetic,swap,zero,3.0,False,True,none,5.0,,,,,,,,,,,,,,,,,,,,,,,,,,,,,,,,,,,,,,,
J30_1.RCP,1,95.30263157894737,0.5472202301025391,GA_roulette_arithmetic_swap_zero_noRepair_elitism_none,38,shift_vector,1000,1,50.0,0.9,0.1,60.0,roulette,arithmetic,swap,zero,3.0,False,True,none,5.0,,,,,,,,,,,,,,,,,,,,,,,,,,,,,,,,,,,,,,,
J30_1.RCP,0,91.77631578947368,0.5048818588256836,GA_roulette_arithmetic_swap_zero_noRepair_elitism_swap,38,shift_vector,1000,0,50.0,0.9,0.1,60.0,roulette,arithmetic,swap,zero,3.0,False,True,swap,5.0,,,,,,,,,,,,,,,,,,,,,,,,,,,,,,,,,,,,,,,
J30_1.RCP,1,95.30263157894737,0.5094690322875977,GA_roulette_arithmetic_swap_zero_noRepair_elitism_swap,38,shift_vector,1000,1,50.0,0.9,0.1,60.0,roulette,arithmetic,swap,zero,3.0,False,True,swap,5.0,,,,,,,,,,,,,,,,,,,,,,,,,,,,,,,,,,,,,,,
J30_1.RCP,0,91.77631578947368,0.49991774559020996,GA_roulette_arithmetic_swap_zero_noRepair_noElitism_none,38,shift_vector,1000,0,50.0,0.9,0.1,60.0,roulette,arithmetic,swap,zero,3.0,False,False,none,5.0,,,,,,,,,,,,,,,,,,,,,,,,,,,,,,,,,,,,,,,
J30_1.RCP,1,95.30263157894737,0.5227978229522705,GA_roulette_arithmetic_swap_zero_noRepair_noElitism_none,38,shift_vector,1000,1,50.0,0.9,0.1,60.0,roulette,arithmetic,swap,zero,3.0,False,False,none,5.0,,,,,,,,,,,,,,,,,,,,,,,,,,,,,,,,,,,,,,,
J30_1.RCP,0,91.77631578947368,0.5176868438720703,GA_roulette_arithmetic_swap_zero_noRepair_noElitism_swap,38,shift_vector,1000,0,50.0,0.9,0.1,60.0,roulette,arithmetic,swap,zero,3.0,False,False,swap,5.0,,,,,,,,,,,,,,,,,,,,,,,,,,,,,,,,,,,,,,,
J30_1.RCP,1,95.30263157894737,0.5808730125427246,GA_roulette_arithmetic_swap_zero_noRepair_noElitism_swap,38,shift_vector,1000,1,50.0,0.9,0.1,60.0,roulette,arithmetic,swap,zero,3.0,False,False,swap,5.0,,,,,,,,,,,,,,,,,,,,,,,,,,,,,,,,,,,,,,,
J30_1.RCP,0,79.9342105263158,0.543720006942749,GA_roulette_blend_uniform_random_repair_elitism_none,38,shift_vector,1000,0,50.0,0.9,0.1,60.0,roulette,blend,uniform,random,3.0,True,True,none,5.0,,,,,,,,,,,,,,,,,,,,,,,,,,,,,,,,,,,,,,,
J30_1.RCP,1,76.98684210526316,0.5400769710540771,GA_roulette_blend_uniform_random_repair_elitism_none,38,shift_vector,1000,1,50.0,0.9,0.1,60.0,roulette,blend,uniform,random,3.0,True,True,none,5.0,,,,,,,,,,,,,,,,,,,,,,,,,,,,,,,,,,,,,,,
J30_1.RCP,0,84.40789473684211,0.5357639789581299,GA_roulette_blend_uniform_random_repair_elitism_swap,38,shift_vector,1000,0,50.0,0.9,0.1,60.0,roulette,blend,uniform,random,3.0,True,True,swap,5.0,,,,,,,,,,,,,,,,,,,,,,,,,,,,,,,,,,,,,,,
J30_1.RCP,1,81.51315789473684,0.5353648662567139,GA_roulette_blend_uniform_random_repair_elitism_swap,38,shift_vector,1000,1,50.0,0.9,0.1,60.0,roulette,blend,uniform,random,3.0,True,True,swap,5.0,,,,,,,,,,,,,,,,,,,,,,,,,,,,,,,,,,,,,,,
J30_1.RCP,0,79.9342105263158,0.5436539649963379,GA_roulette_blend_uniform_random_repair_noElitism_none,38,shift_vector,1000,0,50.0,0.9,0.1,60.0,roulette,blend,uniform,random,3.0,True,False,none,5.0,,,,,,,,,,,,,,,,,,,,,,,,,,,,,,,,,,,,,,,
J30_1.RCP,1,76.98684210526316,0.5402021408081055,GA_roulette_blend_uniform_random_repair_noElitism_none,38,shift_vector,1000,1,50.0,0.9,0.1,60.0,roulette,blend,uniform,random,3.0,True,False,none,5.0,,,,,,,,,,,,,,,,,,,,,,,,,,,,,,,,,,,,,,,
J30_1.RCP,0,84.40789473684211,0.5439450740814209,GA_roulette_blend_uniform_random_repair_noElitism_swap,38,shift_vector,1000,0,50.0,0.9,0.1,60.0,roulette,blend,uniform,random,3.0,True,False,swap,5.0,,,,,,,,,,,,,,,,,,,,,,,,,,,,,,,,,,,,,,,
J30_1.RCP,1,81.51315789473684,0.5395209789276123,GA_roulette_blend_uniform_random_repair_noElitism_swap,38,shift_vector,1000,1,50.0,0.9,0.1,60.0,roulette,blend,uniform,random,3.0,True,False,swap,5.0,,,,,,,,,,,,,,,,,,,,,,,,,,,,,,,,,,,,,,,
J30_1.RCP,0,79.9342105263158,0.5578289031982422,GA_roulette_blend_uniform_random_noRepair_elitism_none,38,shift_vector,1000,0,50.0,0.9,0.1,60.0,roulette,blend,uniform,random,3.0,False,True,none,5.0,,,,,,,,,,,,,,,,,,,,,,,,,,,,,,,,,,,,,,,
J30_1.RCP,1,76.98684210526316,0.5469999313354492,GA_roulette_blend_uniform_random_noRepair_elitism_none,38,shift_vector,1000,1,50.0,0.9,0.1,60.0,roulette,blend,uniform,random,3.0,False,True,none,5.0,,,,,,,,,,,,,,,,,,,,,,,,,,,,,,,,,,,,,,,
J30_1.RCP,0,84.40789473684211,0.5390479564666748,GA_roulette_blend_uniform_random_noRepair_elitism_swap,38,shift_vector,1000,0,50.0,0.9,0.1,60.0,roulette,blend,uniform,random,3.0,False,True,swap,5.0,,,,,,,,,,,,,,,,,,,,,,,,,,,,,,,,,,,,,,,
J30_1.RCP,1,81.51315789473684,0.5356171131134033,GA_roulette_blend_uniform_random_noRepair_elitism_swap,38,shift_vector,1000,1,50.0,0.9,0.1,60.0,roulette,blend,uniform,random,3.0,False,True,swap,5.0,,,,,,,,,,,,,,,,,,,,,,,,,,,,,,,,,,,,,,,
J30_1.RCP,0,79.9342105263158,0.5493688583374023,GA_roulette_blend_uniform_random_noRepair_noElitism_none,38,shift_vector,1000,0,50.0,0.9,0.1,60.0,roulette,blend,uniform,random,3.0,False,False,none,5.0,,,,,,,,,,,,,,,,,,,,,,,,,,,,,,,,,,,,,,,
J30_1.RCP,1,76.98684210526316,0.5442731380462646,GA_roulette_blend_uniform_random_noRepair_noElitism_none,38,shift_vector,1000,1,50.0,0.9,0.1,60.0,roulette,blend,uniform,random,3.0,False,False,none,5.0,,,,,,,,,,,,,,,,,,,,,,,,,,,,,,,,,,,,,,,
J30_1.RCP,0,84.40789473684211,0.5343139171600342,GA_roulette_blend_uniform_random_noRepair_noElitism_swap,38,shift_vector,1000,0,50.0,0.9,0.1,60.0,roulette,blend,uniform,random,3.0,False,False,swap,5.0,,,,,,,,,,,,,,,,,,,,,,,,,,,,,,,,,,,,,,,
J30_1.RCP,1,81.51315789473684,0.5361080169677734,GA_roulette_blend_uniform_random_noRepair_noElitism_swap,38,shift_vector,1000,1,50.0,0.9,0.1,60.0,roulette,blend,uniform,random,3.0,False,False,swap,5.0,,,,,,,,,,,,,,,,,,,,,,,,,,,,,,,,,,,,,,,
J30_1.RCP,0,79.9342105263158,0.5432229042053223,GA_roulette_blend_uniform_zero_repair_elitism_none,38,shift_vector,1000,0,50.0,0.9,0.1,60.0,roulette,blend,uniform,zero,3.0,True,True,none,5.0,,,,,,,,,,,,,,,,,,,,,,,,,,,,,,,,,,,,,,,
J30_1.RCP,1,76.98684210526316,0.5402860641479492,GA_roulette_blend_uniform_zero_repair_elitism_none,38,shift_vector,1000,1,50.0,0.9,0.1,60.0,roulette,blend,uniform,zero,3.0,True,True,none,5.0,,,,,,,,,,,,,,,,,,,,,,,,,,,,,,,,,,,,,,,
J30_1.RCP,0,84.40789473684211,0.5362370014190674,GA_roulette_blend_uniform_zero_repair_elitism_swap,38,shift_vector,1000,0,50.0,0.9,0.1,60.0,roulette,blend,uniform,zero,3.0,True,True,swap,5.0,,,,,,,,,,,,,,,,,,,,,,,,,,,,,,,,,,,,,,,
J30_1.RCP,1,81.51315789473684,0.5373020172119141,GA_roulette_blend_uniform_zero_repair_elitism_swap,38,shift_vector,1000,1,50.0,0.9,0.1,60.0,roulette,blend,uniform,zero,3.0,True,True,swap,5.0,,,,,,,,,,,,,,,,,,,,,,,,,,,,,,,,,,,,,,,
J30_1.RCP,0,79.9342105263158,0.5431773662567139,GA_roulette_blend_uniform_zero_repair_noElitism_none,38,shift_vector,1000,0,50.0,0.9,0.1,60.0,roulette,blend,uniform,zero,3.0,True,False,none,5.0,,,,,,,,,,,,,,,,,,,,,,,,,,,,,,,,,,,,,,,
J30_1.RCP,1,76.98684210526316,0.5429501533508301,GA_roulette_blend_uniform_zero_repair_noElitism_none,38,shift_vector,1000,1,50.0,0.9,0.1,60.0,roulette,blend,uniform,zero,3.0,True,False,none,5.0,,,,,,,,,,,,,,,,,,,,,,,,,,,,,,,,,,,,,,,
J30_1.RCP,0,84.40789473684211,0.5333240032196045,GA_roulette_blend_uniform_zero_repair_noElitism_swap,38,shift_vector,1000,0,50.0,0.9,0.1,60.0,roulette,blend,uniform,zero,3.0,True,False,swap,5.0,,,,,,,,,,,,,,,,,,,,,,,,,,,,,,,,,,,,,,,
J30_1.RCP,1,81.51315789473684,0.5337939262390137,GA_roulette_blend_uniform_zero_repair_noElitism_swap,38,shift_vector,1000,1,50.0,0.9,0.1,60.0,roulette,blend,uniform,zero,3.0,True,False,swap,5.0,,,,,,,,,,,,,,,,,,,,,,,,,,,,,,,,,,,,,,,
J30_1.RCP,0,79.9342105263158,0.5445780754089355,GA_roulette_blend_uniform_zero_noRepair_elitism_none,38,shift_vector,1000,0,50.0,0.9,0.1,60.0,roulette,blend,uniform,zero,3.0,False,True,none,5.0,,,,,,,,,,,,,,,,,,,,,,,,,,,,,,,,,,,,,,,
J30_1.RCP,1,76.98684210526316,0.5428619384765625,GA_roulette_blend_uniform_zero_noRepair_elitism_none,38,shift_vector,1000,1,50.0,0.9,0.1,60.0,roulette,blend,uniform,zero,3.0,False,True,none,5.0,,,,,,,,,,,,,,,,,,,,,,,,,,,,,,,,,,,,,,,
J30_1.RCP,0,84.40789473684211,0.5387740135192871,GA_roulette_blend_uniform_zero_noRepair_elitism_swap,38,shift_vector,1000,0,50.0,0.9,0.1,60.0,roulette,blend,uniform,zero,3.0,False,True,swap,5.0,,,,,,,,,,,,,,,,,,,,,,,,,,,,,,,,,,,,,,,
J30_1.RCP,1,81.51315789473684,0.533034086227417,GA_roulette_blend_uniform_zero_noRepair_elitism_swap,38,shift_vector,1000,1,50.0,0.9,0.1,60.0,roulette,blend,uniform,zero,3.0,False,True,swap,5.0,,,,,,,,,,,,,,,,,,,,,,,,,,,,,,,,,,,,,,,
J30_1.RCP,0,79.9342105263158,0.5422008037567139,GA_roulette_blend_uniform_zero_noRepair_noElitism_none,38,shift_vector,1000,0,50.0,0.9,0.1,60.0,roulette,blend,uniform,zero,3.0,False,False,none,5.0,,,,,,,,,,,,,,,,,,,,,,,,,,,,,,,,,,,,,,,
J30_1.RCP,1,76.98684210526316,0.5413689613342285,GA_roulette_blend_uniform_zero_noRepair_noElitism_none,38,shift_vector,1000,1,50.0,0.9,0.1,60.0,roulette,blend,uniform,zero,3.0,False,False,none,5.0,,,,,,,,,,,,,,,,,,,,,,,,,,,,,,,,,,,,,,,
J30_1.RCP,0,84.40789473684211,0.532386064529419,GA_roulette_blend_uniform_zero_noRepair_noElitism_swap,38,shift_vector,1000,0,50.0,0.9,0.1,60.0,roulette,blend,uniform,zero,3.0,False,False,swap,5.0,,,,,,,,,,,,,,,,,,,,,,,,,,,,,,,,,,,,,,,
J30_1.RCP,1,81.51315789473684,0.5355262756347656,GA_roulette_blend_uniform_zero_noRepair_noElitism_swap,38,shift_vector,1000,1,50.0,0.9,0.1,60.0,roulette,blend,uniform,zero,3.0,False,False,swap,5.0,,,,,,,,,,,,,,,,,,,,,,,,,,,,,,,,,,,,,,,
J30_1.RCP,0,91.77631578947368,0.5136468410491943,GA_roulette_blend_gaussian_random_repair_elitism_none,38,shift_vector,1000,0,50.0,0.9,0.1,60.0,roulette,blend,gaussian,random,3.0,True,True,none,5.0,,,,,,,,,,,,,,,,,,,,,,,,,,,,,,,,,,,,,,,
J30_1.RCP,1,90.35526315789474,0.52712082862854,GA_roulette_blend_gaussian_random_repair_elitism_none,38,shift_vector,1000,1,50.0,0.9,0.1,60.0,roulette,blend,gaussian,random,3.0,True,True,none,5.0,,,,,,,,,,,,,,,,,,,,,,,,,,,,,,,,,,,,,,,
J30_1.RCP,0,91.77631578947368,0.5154199600219727,GA_roulette_blend_gaussian_random_repair_elitism_swap,38,shift_vector,1000,0,50.0,0.9,0.1,60.0,roulette,blend,gaussian,random,3.0,True,True,swap,5.0,,,,,,,,,,,,,,,,,,,,,,,,,,,,,,,,,,,,,,,
J30_1.RCP,1,94.30263157894737,0.5301432609558105,GA_roulette_blend_gaussian_random_repair_elitism_swap,38,shift_vector,1000,1,50.0,0.9,0.1,60.0,roulette,blend,gaussian,random,3.0,True,True,swap,5.0,,,,,,,,,,,,,,,,,,,,,,,,,,,,,,,,,,,,,,,
J30_1.RCP,0,91.77631578947368,0.5116949081420898,GA_roulette_blend_gaussian_random_repair_noElitism_none,38,shift_vector,1000,0,50.0,0.9,0.1,60.0,roulette,blend,gaussian,random,3.0,True,False,none,5.0,,,,,,,,,,,,,,,,,,,,,,,,,,,,,,,,,,,,,,,
J30_1.RCP,1,90.35526315789474,0.5204107761383057,GA_roulette_blend_gaussian_random_repair_noElitism_none,38,shift_vector,1000,1,50.0,0.9,0.1,60.0,roulette,blend,gaussian,random,3.0,True,False,none,5.0,,,,,,,,,,,,,,,,,,,,,,,,,,,,,,,,,,,,,,,
J30_1.RCP,0,91.77631578947368,0.519160270690918,GA_roulette_blend_gaussian_random_repair_noElitism_swap,38,shift_vector,1000,0,50.0,0.9,0.1,60.0,roulette,blend,gaussian,random,3.0,True,False,swap,5.0,,,,,,,,,,,,,,,,,,,,,,,,,,,,,,,,,,,,,,,
J30_1.RCP,1,94.30263157894737,0.5286238193511963,GA_roulette_blend_gaussian_random_repair_noElitism_swap,38,shift_vector,1000,1,50.0,0.9,0.1,60.0,roulette,blend,gaussian,random,3.0,True,False,swap,5.0,,,,,,,,,,,,,,,,,,,,,,,,,,,,,,,,,,,,,,,
J30_1.RCP,0,91.77631578947368,0.510847806930542,GA_roulette_blend_gaussian_random_noRepair_elitism_none,38,shift_vector,1000,0,50.0,0.9,0.1,60.0,roulette,blend,gaussian,random,3.0,False,True,none,5.0,,,,,,,,,,,,,,,,,,,,,,,,,,,,,,,,,,,,,,,
J30_1.RCP,1,90.35526315789474,0.5278658866882324,GA_roulette_blend_gaussian_random_noRepair_elitism_none,38,shift_vector,1000,1,50.0,0.9,0.1,60.0,roulette,blend,gaussian,random,3.0,False,True,none,5.0,,,,,,,,,,,,,,,,,,,,,,,,,,,,,,,,,,,,,,,
J30_1.RCP,0,91.77631578947368,0.5133650302886963,GA_roulette_blend_gaussian_random_noRepair_elitism_swap,38,shift_vector,1000,0,50.0,0.9,0.1,60.0,roulette,blend,gaussian,random,3.0,False,True,swap,5.0,,,,,,,,,,,,,,,,,,,,,,,,,,,,,,,,,,,,,,,
J30_1.RCP,1,94.30263157894737,0.5341589450836182,GA_roulette_blend_gaussian_random_noRepair_elitism_swap,38,shift_vector,1000,1,50.0,0.9,0.1,60.0,roulette,blend,gaussian,random,3.0,False,True,swap,5.0,,,,,,,,,,,,,,,,,,,,,,,,,,,,,,,,,,,,,,,
J30_1.RCP,0,91.77631578947368,0.5108790397644043,GA_roulette_blend_gaussian_random_noRepair_noElitism_none,38,shift_vector,1000,0,50.0,0.9,0.1,60.0,roulette,blend,gaussian,random,3.0,False,False,none,5.0,,,,,,,,,,,,,,,,,,,,,,,,,,,,,,,,,,,,,,,
J30_1.RCP,1,90.35526315789474,0.5237319469451904,GA_roulette_blend_gaussian_random_noRepair_noElitism_none,38,shift_vector,1000,1,50.0,0.9,0.1,60.0,roulette,blend,gaussian,random,3.0,False,False,none,5.0,,,,,,,,,,,,,,,,,,,,,,,,,,,,,,,,,,,,,,,
J30_1.RCP,0,91.77631578947368,0.5150108337402344,GA_roulette_blend_gaussian_random_noRepair_noElitism_swap,38,shift_vector,1000,0,50.0,0.9,0.1,60.0,roulette,blend,gaussian,random,3.0,False,False,swap,5.0,,,,,,,,,,,,,,,,,,,,,,,,,,,,,,,,,,,,,,,
J30_1.RCP,1,94.30263157894737,0.5302610397338867,GA_roulette_blend_gaussian_random_noRepair_noElitism_swap,38,shift_vector,1000,1,50.0,0.9,0.1,60.0,roulette,blend,gaussian,random,3.0,False,False,swap,5.0,,,,,,,,,,,,,,,,,,,,,,,,,,,,,,,,,,,,,,,
J30_1.RCP,0,91.77631578947368,0.5093860626220703,GA_roulette_blend_gaussian_zero_repair_elitism_none,38,shift_vector,1000,0,50.0,0.9,0.1,60.0,roulette,blend,gaussian,zero,3.0,True,True,none,5.0,,,,,,,,,,,,,,,,,,,,,,,,,,,,,,,,,,,,,,,
J30_1.RCP,1,90.35526315789474,0.5251560211181641,GA_roulette_blend_gaussian_zero_repair_elitism_none,38,shift_vector,1000,1,50.0,0.9,0.1,60.0,roulette,blend,gaussian,zero,3.0,True,True,none,5.0,,,,,,,,,,,,,,,,,,,,,,,,,,,,,,,,,,,,,,,
J30_1.RCP,0,91.77631578947368,0.513922929763794,GA_roulette_blend_gaussian_zero_repair_elitism_swap,38,shift_vector,1000,0,50.0,0.9,0.1,60.0,roulette,blend,gaussian,zero,3.0,True,True,swap,5.0,,,,,,,,,,,,,,,,,,,,,,,,,,,,,,,,,,,,,,,
J30_1.RCP,1,94.30263157894737,0.5297532081604004,GA_roulette_blend_gaussian_zero_repair_elitism_swap,38,shift_vector,1000,1,50.0,0.9,0.1,60.0,roulette,blend,gaussian,zero,3.0,True,True,swap,5.0,,,,,,,,,,,,,,,,,,,,,,,,,,,,,,,,,,,,,,,
J30_1.RCP,0,91.77631578947368,0.5134050846099854,GA_roulette_blend_gaussian_zero_repair_noElitism_none,38,shift_vector,1000,0,50.0,0.9,0.1,60.0,roulette,blend,gaussian,zero,3.0,True,False,none,5.0,,,,,,,,,,,,,,,,,,,,,,,,,,,,,,,,,,,,,,,
J30_1.RCP,1,90.35526315789474,0.5232639312744141,GA_roulette_blend_gaussian_zero_repair_noElitism_none,38,shift_vector,1000,1,50.0,0.9,0.1,60.0,roulette,blend,gaussian,zero,3.0,True,False,none,5.0,,,,,,,,,,,,,,,,,,,,,,,,,,,,,,,,,,,,,,,
J30_1.RCP,0,91.77631578947368,0.5172309875488281,GA_roulette_blend_gaussian_zero_repair_noElitism_swap,38,shift_vector,1000,0,50.0,0.9,0.1,60.0,roulette,blend,gaussian,zero,3.0,True,False,swap,5.0,,,,,,,,,,,,,,,,,,,,,,,,,,,,,,,,,,,,,,,
J30_1.RCP,1,94.30263157894737,0.5336098670959473,GA_roulette_blend_gaussian_zero_repair_noElitism_swap,38,shift_vector,1000,1,50.0,0.9,0.1,60.0,roulette,blend,gaussian,zero,3.0,True,False,swap,5.0,,,,,,,,,,,,,,,,,,,,,,,,,,,,,,,,,,,,,,,
J30_1.RCP,0,91.77631578947368,0.5107979774475098,GA_roulette_blend_gaussian_zero_noRepair_elitism_none,38,shift_vector,1000,0,50.0,0.9,0.1,60.0,roulette,blend,gaussian,zero,3.0,False,True,none,5.0,,,,,,,,,,,,,,,,,,,,,,,,,,,,,,,,,,,,,,,
J30_1.RCP,1,90.35526315789474,0.520413875579834,GA_roulette_blend_gaussian_zero_noRepair_elitism_none,38,shift_vector,1000,1,50.0,0.9,0.1,60.0,roulette,blend,gaussian,zero,3.0,False,True,none,5.0,,,,,,,,,,,,,,,,,,,,,,,,,,,,,,,,,,,,,,,
J30_1.RCP,0,91.77631578947368,0.5160171985626221,GA_roulette_blend_gaussian_zero_noRepair_elitism_swap,38,shift_vector,1000,0,50.0,0.9,0.1,60.0,roulette,blend,gaussian,zero,3.0,False,True,swap,5.0,,,,,,,,,,,,,,,,,,,,,,,,,,,,,,,,,,,,,,,
J30_1.RCP,1,94.30263157894737,0.5277869701385498,GA_roulette_blend_gaussian_zero_noRepair_elitism_swap,38,shift_vector,1000,1,50.0,0.9,0.1,60.0,roulette,blend,gaussian,zero,3.0,False,True,swap,5.0,,,,,,,,,,,,,,,,,,,,,,,,,,,,,,,,,,,,,,,
J30_1.RCP,0,91.77631578947368,0.5093951225280762,GA_roulette_blend_gaussian_zero_noRepair_noElitism_none,38,shift_vector,1000,0,50.0,0.9,0.1,60.0,roulette,blend,gaussian,zero,3.0,False,False,none,5.0,,,,,,,,,,,,,,,,,,,,,,,,,,,,,,,,,,,,,,,
J30_1.RCP,1,90.35526315789474,0.5246720314025879,GA_roulette_blend_gaussian_zero_noRepair_noElitism_none,38,shift_vector,1000,1,50.0,0.9,0.1,60.0,roulette,blend,gaussian,zero,3.0,False,False,none,5.0,,,,,,,,,,,,,,,,,,,,,,,,,,,,,,,,,,,,,,,
J30_1.RCP,0,91.77631578947368,0.5136549472808838,GA_roulette_blend_gaussian_zero_noRepair_noElitism_swap,38,shift_vector,1000,0,50.0,0.9,0.1,60.0,roulette,blend,gaussian,zero,3.0,False,False,swap,5.0,,,,,,,,,,,,,,,,,,,,,,,,,,,,,,,,,,,,,,,
J30_1.RCP,1,94.30263157894737,0.5328938961029053,GA_roulette_blend_gaussian_zero_noRepair_noElitism_swap,38,shift_vector,1000,1,50.0,0.9,0.1,60.0,roulette,blend,gaussian,zero,3.0,False,False,swap,5.0,,,,,,,,,,,,,,,,,,,,,,,,,,,,,,,,,,,,,,,
J30_1.RCP,0,90.35526315789474,0.5354912281036377,GA_roulette_blend_polynomial_random_repair_elitism_none,38,shift_vector,1000,0,50.0,0.9,0.1,60.0,roulette,blend,polynomial,random,3.0,True,True,none,5.0,,,,,,,,,,,,,,,,,,,,,,,,,,,,,,,,,,,,,,,
J30_1.RCP,1,87.9342105263158,0.5241680145263672,GA_roulette_blend_polynomial_random_repair_elitism_none,38,shift_vector,1000,1,50.0,0.9,0.1,60.0,roulette,blend,polynomial,random,3.0,True,True,none,5.0,,,,,,,,,,,,,,,,,,,,,,,,,,,,,,,,,,,,,,,
J30_1.RCP,0,91.77631578947368,0.48850083351135254,GA_roulette_blend_polynomial_random_repair_elitism_swap,38,shift_vector,1000,0,50.0,0.9,0.1,60.0,roulette,blend,polynomial,random,3.0,True,True,swap,5.0,,,,,,,,,,,,,,,,,,,,,,,,,,,,,,,,,,,,,,,
J30_1.RCP,1,87.9342105263158,0.5154638290405273,GA_roulette_blend_polynomial_random_repair_elitism_swap,38,shift_vector,1000,1,50.0,0.9,0.1,60.0,roulette,blend,polynomial,random,3.0,True,True,swap,5.0,,,,,,,,,,,,,,,,,,,,,,,,,,,,,,,,,,,,,,,
J30_1.RCP,0,90.35526315789474,0.5379741191864014,GA_roulette_blend_polynomial_random_repair_noElitism_none,38,shift_vector,1000,0,50.0,0.9,0.1,60.0,roulette,blend,polynomial,random,3.0,True,False,none,5.0,,,,,,,,,,,,,,,,,,,,,,,,,,,,,,,,,,,,,,,
J30_1.RCP,1,87.9342105263158,0.5138638019561768,GA_roulette_blend_polynomial_random_repair_noElitism_none,38,shift_vector,1000,1,50.0,0.9,0.1,60.0,roulette,blend,polynomial,random,3.0,True,False,none,5.0,,,,,,,,,,,,,,,,,,,,,,,,,,,,,,,,,,,,,,,
J30_1.RCP,0,91.77631578947368,0.5311660766601562,GA_roulette_blend_polynomial_random_repair_noElitism_swap,38,shift_vector,1000,0,50.0,0.9,0.1,60.0,roulette,blend,polynomial,random,3.0,True,False,swap,5.0,,,,,,,,,,,,,,,,,,,,,,,,,,,,,,,,,,,,,,,
J30_1.RCP,1,87.9342105263158,0.5112907886505127,GA_roulette_blend_polynomial_random_repair_noElitism_swap,38,shift_vector,1000,1,50.0,0.9,0.1,60.0,roulette,blend,polynomial,random,3.0,True,False,swap,5.0,,,,,,,,,,,,,,,,,,,,,,,,,,,,,,,,,,,,,,,
J30_1.RCP,0,90.35526315789474,0.5384607315063477,GA_roulette_blend_polynomial_random_noRepair_elitism_none,38,shift_vector,1000,0,50.0,0.9,0.1,60.0,roulette,blend,polynomial,random,3.0,False,True,none,5.0,,,,,,,,,,,,,,,,,,,,,,,,,,,,,,,,,,,,,,,
J30_1.RCP,1,87.9342105263158,0.5106346607208252,GA_roulette_blend_polynomial_random_noRepair_elitism_none,38,shift_vector,1000,1,50.0,0.9,0.1,60.0,roulette,blend,polynomial,random,3.0,False,True,none,5.0,,,,,,,,,,,,,,,,,,,,,,,,,,,,,,,,,,,,,,,
J30_1.RCP,0,91.77631578947368,0.5420718193054199,GA_roulette_blend_polynomial_random_noRepair_elitism_swap,38,shift_vector,1000,0,50.0,0.9,0.1,60.0,roulette,blend,polynomial,random,3.0,False,True,swap,5.0,,,,,,,,,,,,,,,,,,,,,,,,,,,,,,,,,,,,,,,
J30_1.RCP,1,87.9342105263158,0.5164287090301514,GA_roulette_blend_polynomial_random_noRepair_elitism_swap,38,shift_vector,1000,1,50.0,0.9,0.1,60.0,roulette,blend,polynomial,random,3.0,False,True,swap,5.0,,,,,,,,,,,,,,,,,,,,,,,,,,,,,,,,,,,,,,,
J30_1.RCP,0,90.35526315789474,0.5408580303192139,GA_roulette_blend_polynomial_random_noRepair_noElitism_none,38,shift_vector,1000,0,50.0,0.9,0.1,60.0,roulette,blend,polynomial,random,3.0,False,False,none,5.0,,,,,,,,,,,,,,,,,,,,,,,,,,,,,,,,,,,,,,,
J30_1.RCP,1,87.9342105263158,0.512200117111206,GA_roulette_blend_polynomial_random_noRepair_noElitism_none,38,shift_vector,1000,1,50.0,0.9,0.1,60.0,roulette,blend,polynomial,random,3.0,False,False,none,5.0,,,,,,,,,,,,,,,,,,,,,,,,,,,,,,,,,,,,,,,
J30_1.RCP,0,91.77631578947368,0.5287487506866455,GA_roulette_blend_polynomial_random_noRepair_noElitism_swap,38,shift_vector,1000,0,50.0,0.9,0.1,60.0,roulette,blend,polynomial,random,3.0,False,False,swap,5.0,,,,,,,,,,,,,,,,,,,,,,,,,,,,,,,,,,,,,,,
J30_1.RCP,1,87.9342105263158,0.5229768753051758,GA_roulette_blend_polynomial_random_noRepair_noElitism_swap,38,shift_vector,1000,1,50.0,0.9,0.1,60.0,roulette,blend,polynomial,random,3.0,False,False,swap,5.0,,,,,,,,,,,,,,,,,,,,,,,,,,,,,,,,,,,,,,,
J30_1.RCP,0,90.35526315789474,0.5394701957702637,GA_roulette_blend_polynomial_zero_repair_elitism_none,38,shift_vector,1000,0,50.0,0.9,0.1,60.0,roulette,blend,polynomial,zero,3.0,True,True,none,5.0,,,,,,,,,,,,,,,,,,,,,,,,,,,,,,,,,,,,,,,
J30_1.RCP,1,87.9342105263158,0.5085330009460449,GA_roulette_blend_polynomial_zero_repair_elitism_none,38,shift_vector,1000,1,50.0,0.9,0.1,60.0,roulette,blend,polynomial,zero,3.0,True,True,none,5.0,,,,,,,,,,,,,,,,,,,,,,,,,,,,,,,,,,,,,,,
J30_1.RCP,0,91.77631578947368,0.53094482421875,GA_roulette_blend_polynomial_zero_repair_elitism_swap,38,shift_vector,1000,0,50.0,0.9,0.1,60.0,roulette,blend,polynomial,zero,3.0,True,True,swap,5.0,,,,,,,,,,,,,,,,,,,,,,,,,,,,,,,,,,,,,,,
J30_1.RCP,1,87.9342105263158,0.5131502151489258,GA_roulette_blend_polynomial_zero_repair_elitism_swap,38,shift_vector,1000,1,50.0,0.9,0.1,60.0,roulette,blend,polynomial,zero,3.0,True,True,swap,5.0,,,,,,,,,,,,,,,,,,,,,,,,,,,,,,,,,,,,,,,
J30_1.RCP,0,90.35526315789474,0.5353741645812988,GA_roulette_blend_polynomial_zero_repair_noElitism_none,38,shift_vector,1000,0,50.0,0.9,0.1,60.0,roulette,blend,polynomial,zero,3.0,True,False,none,5.0,,,,,,,,,,,,,,,,,,,,,,,,,,,,,,,,,,,,,,,
J30_1.RCP,1,87.9342105263158,0.5076279640197754,GA_roulette_blend_polynomial_zero_repair_noElitism_none,38,shift_vector,1000,1,50.0,0.9,0.1,60.0,roulette,blend,polynomial,zero,3.0,True,False,none,5.0,,,,,,,,,,,,,,,,,,,,,,,,,,,,,,,,,,,,,,,
J30_1.RCP,0,91.77631578947368,0.5295698642730713,GA_roulette_blend_polynomial_zero_repair_noElitism_swap,38,shift_vector,1000,0,50.0,0.9,0.1,60.0,roulette,blend,polynomial,zero,3.0,True,False,swap,5.0,,,,,,,,,,,,,,,,,,,,,,,,,,,,,,,,,,,,,,,
J30_1.RCP,1,87.9342105263158,0.515861988067627,GA_roulette_blend_polynomial_zero_repair_noElitism_swap,38,shift_vector,1000,1,50.0,0.9,0.1,60.0,roulette,blend,polynomial,zero,3.0,True,False,swap,5.0,,,,,,,,,,,,,,,,,,,,,,,,,,,,,,,,,,,,,,,
J30_1.RCP,0,90.35526315789474,0.5361700057983398,GA_roulette_blend_polynomial_zero_noRepair_elitism_none,38,shift_vector,1000,0,50.0,0.9,0.1,60.0,roulette,blend,polynomial,zero,3.0,False,True,none,5.0,,,,,,,,,,,,,,,,,,,,,,,,,,,,,,,,,,,,,,,
J30_1.RCP,1,87.9342105263158,0.5130770206451416,GA_roulette_blend_polynomial_zero_noRepair_elitism_none,38,shift_vector,1000,1,50.0,0.9,0.1,60.0,roulette,blend,polynomial,zero,3.0,False,True,none,5.0,,,,,,,,,,,,,,,,,,,,,,,,,,,,,,,,,,,,,,,
J30_1.RCP,0,91.77631578947368,0.5248479843139648,GA_roulette_blend_polynomial_zero_noRepair_elitism_swap,38,shift_vector,1000,0,50.0,0.9,0.1,60.0,roulette,blend,polynomial,zero,3.0,False,True,swap,5.0,,,,,,,,,,,,,,,,,,,,,,,,,,,,,,,,,,,,,,,
J30_1.RCP,1,87.9342105263158,0.5109961032867432,GA_roulette_blend_polynomial_zero_noRepair_elitism_swap,38,shift_vector,1000,1,50.0,0.9,0.1,60.0,roulette,blend,polynomial,zero,3.0,False,True,swap,5.0,,,,,,,,,,,,,,,,,,,,,,,,,,,,,,,,,,,,,,,
J30_1.RCP,0,90.35526315789474,0.5366361141204834,GA_roulette_blend_polynomial_zero_noRepair_noElitism_none,38,shift_vector,1000,0,50.0,0.9,0.1,60.0,roulette,blend,polynomial,zero,3.0,False,False,none,5.0,,,,,,,,,,,,,,,,,,,,,,,,,,,,,,,,,,,,,,,
J30_1.RCP,1,87.9342105263158,0.5065169334411621,GA_roulette_blend_polynomial_zero_noRepair_noElitism_none,38,shift_vector,1000,1,50.0,0.9,0.1,60.0,roulette,blend,polynomial,zero,3.0,False,False,none,5.0,,,,,,,,,,,,,,,,,,,,,,,,,,,,,,,,,,,,,,,
J30_1.RCP,0,91.77631578947368,0.5314428806304932,GA_roulette_blend_polynomial_zero_noRepair_noElitism_swap,38,shift_vector,1000,0,50.0,0.9,0.1,60.0,roulette,blend,polynomial,zero,3.0,False,False,swap,5.0,,,,,,,,,,,,,,,,,,,,,,,,,,,,,,,,,,,,,,,
J30_1.RCP,1,87.9342105263158,0.5139861106872559,GA_roulette_blend_polynomial_zero_noRepair_noElitism_swap,38,shift_vector,1000,1,50.0,0.9,0.1,60.0,roulette,blend,polynomial,zero,3.0,False,False,swap,5.0,,,,,,,,,,,,,,,,,,,,,,,,,,,,,,,,,,,,,,,
J30_1.RCP,0,77.51315789473684,0.49219393730163574,GA_roulette_blend_swap_random_repair_elitism_none,38,shift_vector,1000,0,50.0,0.9,0.1,60.0,roulette,blend,swap,random,3.0,True,True,none,5.0,,,,,,,,,,,,,,,,,,,,,,,,,,,,,,,,,,,,,,,
J30_1.RCP,1,86.25000000000001,0.5257651805877686,GA_roulette_blend_swap_random_repair_elitism_none,38,shift_vector,1000,1,50.0,0.9,0.1,60.0,roulette,blend,swap,random,3.0,True,True,none,5.0,,,,,,,,,,,,,,,,,,,,,,,,,,,,,,,,,,,,,,,
J30_1.RCP,0,77.51315789473684,0.5046348571777344,GA_roulette_blend_swap_random_repair_elitism_swap,38,shift_vector,1000,0,50.0,0.9,0.1,60.0,roulette,blend,swap,random,3.0,True,True,swap,5.0,,,,,,,,,,,,,,,,,,,,,,,,,,,,,,,,,,,,,,,
J30_1.RCP,1,86.25000000000001,0.507666826248169,GA_roulette_blend_swap_random_repair_elitism_swap,38,shift_vector,1000,1,50.0,0.9,0.1,60.0,roulette,blend,swap,random,3.0,True,True,swap,5.0,,,,,,,,,,,,,,,,,,,,,,,,,,,,,,,,,,,,,,,
J30_1.RCP,0,77.51315789473684,0.4928402900695801,GA_roulette_blend_swap_random_repair_noElitism_none,38,shift_vector,1000,0,50.0,0.9,0.1,60.0,roulette,blend,swap,random,3.0,True,False,none,5.0,,,,,,,,,,,,,,,,,,,,,,,,,,,,,,,,,,,,,,,
J30_1.RCP,1,86.25000000000001,0.5285019874572754,GA_roulette_blend_swap_random_repair_noElitism_none,38,shift_vector,1000,1,50.0,0.9,0.1,60.0,roulette,blend,swap,random,3.0,True,False,none,5.0,,,,,,,,,,,,,,,,,,,,,,,,,,,,,,,,,,,,,,,
J30_1.RCP,0,77.51315789473684,0.5033869743347168,GA_roulette_blend_swap_random_repair_noElitism_swap,38,shift_vector,1000,0,50.0,0.9,0.1,60.0,roulette,blend,swap,random,3.0,True,False,swap,5.0,,,,,,,,,,,,,,,,,,,,,,,,,,,,,,,,,,,,,,,
J30_1.RCP,1,86.25000000000001,0.5112087726593018,GA_roulette_blend_swap_random_repair_noElitism_swap,38,shift_vector,1000,1,50.0,0.9,0.1,60.0,roulette,blend,swap,random,3.0,True,False,swap,5.0,,,,,,,,,,,,,,,,,,,,,,,,,,,,,,,,,,,,,,,
J30_1.RCP,0,77.51315789473684,0.50034499168396,GA_roulette_blend_swap_random_noRepair_elitism_none,38,shift_vector,1000,0,50.0,0.9,0.1,60.0,roulette,blend,swap,random,3.0,False,True,none,5.0,,,,,,,,,,,,,,,,,,,,,,,,,,,,,,,,,,,,,,,
J30_1.RCP,1,86.25000000000001,0.6270039081573486,GA_roulette_blend_swap_random_noRepair_elitism_none,38,shift_vector,1000,1,50.0,0.9,0.1,60.0,roulette,blend,swap,random,3.0,False,True,none,5.0,,,,,,,,,,,,,,,,,,,,,,,,,,,,,,,,,,,,,,,
J30_1.RCP,0,77.51315789473684,0.6146988868713379,GA_roulette_blend_swap_random_noRepair_elitism_swap,38,shift_vector,1000,0,50.0,0.9,0.1,60.0,roulette,blend,swap,random,3.0,False,True,swap,5.0,,,,,,,,,,,,,,,,,,,,,,,,,,,,,,,,,,,,,,,
J30_1.RCP,1,86.25000000000001,0.5450489521026611,GA_roulette_blend_swap_random_noRepair_elitism_swap,38,shift_vector,1000,1,50.0,0.9,0.1,60.0,roulette,blend,swap,random,3.0,False,True,swap,5.0,,,,,,,,,,,,,,,,,,,,,,,,,,,,,,,,,,,,,,,
J30_1.RCP,0,77.51315789473684,0.5585861206054688,GA_roulette_blend_swap_random_noRepair_noElitism_none,38,shift_vector,1000,0,50.0,0.9,0.1,60.0,roulette,blend,swap,random,3.0,False,False,none,5.0,,,,,,,,,,,,,,,,,,,,,,,,,,,,,,,,,,,,,,,
J30_1.RCP,1,86.25000000000001,0.5649142265319824,GA_roulette_blend_swap_random_noRepair_noElitism_none,38,shift_vector,1000,1,50.0,0.9,0.1,60.0,roulette,blend,swap,random,3.0,False,False,none,5.0,,,,,,,,,,,,,,,,,,,,,,,,,,,,,,,,,,,,,,,
J30_1.RCP,0,77.51315789473684,0.5417690277099609,GA_roulette_blend_swap_random_noRepair_noElitism_swap,38,shift_vector,1000,0,50.0,0.9,0.1,60.0,roulette,blend,swap,random,3.0,False,False,swap,5.0,,,,,,,,,,,,,,,,,,,,,,,,,,,,,,,,,,,,,,,
J30_1.RCP,1,86.25000000000001,0.5153200626373291,GA_roulette_blend_swap_random_noRepair_noElitism_swap,38,shift_vector,1000,1,50.0,0.9,0.1,60.0,roulette,blend,swap,random,3.0,False,False,swap,5.0,,,,,,,,,,,,,,,,,,,,,,,,,,,,,,,,,,,,,,,
J30_1.RCP,0,77.51315789473684,0.4990508556365967,GA_roulette_blend_swap_zero_repair_elitism_none,38,shift_vector,1000,0,50.0,0.9,0.1,60.0,roulette,blend,swap,zero,3.0,True,True,none,5.0,,,,,,,,,,,,,,,,,,,,,,,,,,,,,,,,,,,,,,,
J30_1.RCP,1,86.25000000000001,0.5271129608154297,GA_roulette_blend_swap_zero_repair_elitism_none,38,shift_vector,1000,1,50.0,0.9,0.1,60.0,roulette,blend,swap,zero,3.0,True,True,none,5.0,,,,,,,,,,,,,,,,,,,,,,,,,,,,,,,,,,,,,,,
J30_1.RCP,0,77.51315789473684,0.5066428184509277,GA_roulette_blend_swap_zero_repair_elitism_swap,38,shift_vector,1000,0,50.0,0.9,0.1,60.0,roulette,blend,swap,zero,3.0,True,True,swap,5.0,,,,,,,,,,,,,,,,,,,,,,,,,,,,,,,,,,,,,,,
J30_1.RCP,1,86.25000000000001,0.5201191902160645,GA_roulette_blend_swap_zero_repair_elitism_swap,38,shift_vector,1000,1,50.0,0.9,0.1,60.0,roulette,blend,swap,zero,3.0,True,True,swap,5.0,,,,,,,,,,,,,,,,,,,,,,,,,,,,,,,,,,,,,,,
J30_1.RCP,0,77.51315789473684,0.4919459819793701,GA_roulette_blend_swap_zero_repair_noElitism_none,38,shift_vector,1000,0,50.0,0.9,0.1,60.0,roulette,blend,swap,zero,3.0,True,False,none,5.0,,,,,,,,,,,,,,,,,,,,,,,,,,,,,,,,,,,,,,,
J30_1.RCP,1,86.25000000000001,0.5281839370727539,GA_roulette_blend_swap_zero_repair_noElitism_none,38,shift_vector,1000,1,50.0,0.9,0.1,60.0,roulette,blend,swap,zero,3.0,True,False,none,5.0,,,,,,,,,,,,,,,,,,,,,,,,,,,,,,,,,,,,,,,
J30_1.RCP,0,77.51315789473684,0.5054283142089844,GA_roulette_blend_swap_zero_repair_noElitism_swap,38,shift_vector,1000,0,50.0,0.9,0.1,60.0,roulette,blend,swap,zero,3.0,True,False,swap,5.0,,,,,,,,,,,,,,,,,,,,,,,,,,,,,,,,,,,,,,,
J30_1.RCP,1,86.25000000000001,0.5113990306854248,GA_roulette_blend_swap_zero_repair_noElitism_swap,38,shift_vector,1000,1,50.0,0.9,0.1,60.0,roulette,blend,swap,zero,3.0,True,False,swap,5.0,,,,,,,,,,,,,,,,,,,,,,,,,,,,,,,,,,,,,,,
J30_1.RCP,0,77.51315789473684,0.490253210067749,GA_roulette_blend_swap_zero_noRepair_elitism_none,38,shift_vector,1000,0,50.0,0.9,0.1,60.0,roulette,blend,swap,zero,3.0,False,True,none,5.0,,,,,,,,,,,,,,,,,,,,,,,,,,,,,,,,,,,,,,,
J30_1.RCP,1,86.25000000000001,0.5281529426574707,GA_roulette_blend_swap_zero_noRepair_elitism_none,38,shift_vector,1000,1,50.0,0.9,0.1,60.0,roulette,blend,swap,zero,3.0,False,True,none,5.0,,,,,,,,,,,,,,,,,,,,,,,,,,,,,,,,,,,,,,,
J30_1.RCP,0,77.51315789473684,0.5249459743499756,GA_roulette_blend_swap_zero_noRepair_elitism_swap,38,shift_vector,1000,0,50.0,0.9,0.1,60.0,roulette,blend,swap,zero,3.0,False,True,swap,5.0,,,,,,,,,,,,,,,,,,,,,,,,,,,,,,,,,,,,,,,
J30_1.RCP,1,86.25000000000001,0.5097286701202393,GA_roulette_blend_swap_zero_noRepair_elitism_swap,38,shift_vector,1000,1,50.0,0.9,0.1,60.0,roulette,blend,swap,zero,3.0,False,True,swap,5.0,,,,,,,,,,,,,,,,,,,,,,,,,,,,,,,,,,,,,,,
J30_1.RCP,0,77.51315789473684,0.49078989028930664,GA_roulette_blend_swap_zero_noRepair_noElitism_none,38,shift_vector,1000,0,50.0,0.9,0.1,60.0,roulette,blend,swap,zero,3.0,False,False,none,5.0,,,,,,,,,,,,,,,,,,,,,,,,,,,,,,,,,,,,,,,
J30_1.RCP,1,86.25000000000001,0.5444400310516357,GA_roulette_blend_swap_zero_noRepair_noElitism_none,38,shift_vector,1000,1,50.0,0.9,0.1,60.0,roulette,blend,swap,zero,3.0,False,False,none,5.0,,,,,,,,,,,,,,,,,,,,,,,,,,,,,,,,,,,,,,,
J30_1.RCP,0,77.51315789473684,0.5038719177246094,GA_roulette_blend_swap_zero_noRepair_noElitism_swap,38,shift_vector,1000,0,50.0,0.9,0.1,60.0,roulette,blend,swap,zero,3.0,False,False,swap,5.0,,,,,,,,,,,,,,,,,,,,,,,,,,,,,,,,,,,,,,,
J30_1.RCP,1,86.25000000000001,0.5098521709442139,GA_roulette_blend_swap_zero_noRepair_noElitism_swap,38,shift_vector,1000,1,50.0,0.9,0.1,60.0,roulette,blend,swap,zero,3.0,False,False,swap,5.0,,,,,,,,,,,,,,,,,,,,,,,,,,,,,,,,,,,,,,,
J30_1.RCP,0,84.19736842105263,0.5449669361114502,GA_roulette_sbx_uniform_random_repair_elitism_none,38,shift_vector,1000,0,50.0,0.9,0.1,60.0,roulette,sbx,uniform,random,3.0,True,True,none,5.0,,,,,,,,,,,,,,,,,,,,,,,,,,,,,,,,,,,,,,,
J30_1.RCP,1,81.88157894736842,0.5457291603088379,GA_roulette_sbx_uniform_random_repair_elitism_none,38,shift_vector,1000,1,50.0,0.9,0.1,60.0,roulette,sbx,uniform,random,3.0,True,True,none,5.0,,,,,,,,,,,,,,,,,,,,,,,,,,,,,,,,,,,,,,,
J30_1.RCP,0,76.40789473684211,0.5350451469421387,GA_roulette_sbx_uniform_random_repair_elitism_swap,38,shift_vector,1000,0,50.0,0.9,0.1,60.0,roulette,sbx,uniform,random,3.0,True,True,swap,5.0,,,,,,,,,,,,,,,,,,,,,,,,,,,,,,,,,,,,,,,
J30_1.RCP,1,71.19736842105263,0.5311882495880127,GA_roulette_sbx_uniform_random_repair_elitism_swap,38,shift_vector,1000,1,50.0,0.9,0.1,60.0,roulette,sbx,uniform,random,3.0,True,True,swap,5.0,,,,,,,,,,,,,,,,,,,,,,,,,,,,,,,,,,,,,,,
J30_1.RCP,0,84.19736842105263,0.5441813468933105,GA_roulette_sbx_uniform_random_repair_noElitism_none,38,shift_vector,1000,0,50.0,0.9,0.1,60.0,roulette,sbx,uniform,random,3.0,True,False,none,5.0,,,,,,,,,,,,,,,,,,,,,,,,,,,,,,,,,,,,,,,
J30_1.RCP,1,81.88157894736842,0.5427730083465576,GA_roulette_sbx_uniform_random_repair_noElitism_none,38,shift_vector,1000,1,50.0,0.9,0.1,60.0,roulette,sbx,uniform,random,3.0,True,False,none,5.0,,,,,,,,,,,,,,,,,,,,,,,,,,,,,,,,,,,,,,,
J30_1.RCP,0,76.40789473684211,0.5355181694030762,GA_roulette_sbx_uniform_random_repair_noElitism_swap,38,shift_vector,1000,0,50.0,0.9,0.1,60.0,roulette,sbx,uniform,random,3.0,True,False,swap,5.0,,,,,,,,,,,,,,,,,,,,,,,,,,,,,,,,,,,,,,,
J30_1.RCP,1,71.19736842105263,0.5288169384002686,GA_roulette_sbx_uniform_random_repair_noElitism_swap,38,shift_vector,1000,1,50.0,0.9,0.1,60.0,roulette,sbx,uniform,random,3.0,True,False,swap,5.0,,,,,,,,,,,,,,,,,,,,,,,,,,,,,,,,,,,,,,,
J30_1.RCP,0,84.19736842105263,0.5416631698608398,GA_roulette_sbx_uniform_random_noRepair_elitism_none,38,shift_vector,1000,0,50.0,0.9,0.1,60.0,roulette,sbx,uniform,random,3.0,False,True,none,5.0,,,,,,,,,,,,,,,,,,,,,,,,,,,,,,,,,,,,,,,
J30_1.RCP,1,81.88157894736842,0.5464630126953125,GA_roulette_sbx_uniform_random_noRepair_elitism_none,38,shift_vector,1000,1,50.0,0.9,0.1,60.0,roulette,sbx,uniform,random,3.0,False,True,none,5.0,,,,,,,,,,,,,,,,,,,,,,,,,,,,,,,,,,,,,,,
J30_1.RCP,0,76.40789473684211,0.5341470241546631,GA_roulette_sbx_uniform_random_noRepair_elitism_swap,38,shift_vector,1000,0,50.0,0.9,0.1,60.0,roulette,sbx,uniform,random,3.0,False,True,swap,5.0,,,,,,,,,,,,,,,,,,,,,,,,,,,,,,,,,,,,,,,
J30_1.RCP,1,71.19736842105263,0.5270659923553467,GA_roulette_sbx_uniform_random_noRepair_elitism_swap,38,shift_vector,1000,1,50.0,0.9,0.1,60.0,roulette,sbx,uniform,random,3.0,False,True,swap,5.0,,,,,,,,,,,,,,,,,,,,,,,,,,,,,,,,,,,,,,,
J30_1.RCP,0,84.19736842105263,0.5427999496459961,GA_roulette_sbx_uniform_random_noRepair_noElitism_none,38,shift_vector,1000,0,50.0,0.9,0.1,60.0,roulette,sbx,uniform,random,3.0,False,False,none,5.0,,,,,,,,,,,,,,,,,,,,,,,,,,,,,,,,,,,,,,,
J30_1.RCP,1,81.88157894736842,0.5429432392120361,GA_roulette_sbx_uniform_random_noRepair_noElitism_none,38,shift_vector,1000,1,50.0,0.9,0.1,60.0,roulette,sbx,uniform,random,3.0,False,False,none,5.0,,,,,,,,,,,,,,,,,,,,,,,,,,,,,,,,,,,,,,,
J30_1.RCP,0,76.40789473684211,0.5350401401519775,GA_roulette_sbx_uniform_random_noRepair_noElitism_swap,38,shift_vector,1000,0,50.0,0.9,0.1,60.0,roulette,sbx,uniform,random,3.0,False,False,swap,5.0,,,,,,,,,,,,,,,,,,,,,,,,,,,,,,,,,,,,,,,
J30_1.RCP,1,71.19736842105263,0.5326249599456787,GA_roulette_sbx_uniform_random_noRepair_noElitism_swap,38,shift_vector,1000,1,50.0,0.9,0.1,60.0,roulette,sbx,uniform,random,3.0,False,False,swap,5.0,,,,,,,,,,,,,,,,,,,,,,,,,,,,,,,,,,,,,,,
J30_1.RCP,0,84.19736842105263,0.5438079833984375,GA_roulette_sbx_uniform_zero_repair_elitism_none,38,shift_vector,1000,0,50.0,0.9,0.1,60.0,roulette,sbx,uniform,zero,3.0,True,True,none,5.0,,,,,,,,,,,,,,,,,,,,,,,,,,,,,,,,,,,,,,,
J30_1.RCP,1,81.88157894736842,0.5408446788787842,GA_roulette_sbx_uniform_zero_repair_elitism_none,38,shift_vector,1000,1,50.0,0.9,0.1,60.0,roulette,sbx,uniform,zero,3.0,True,True,none,5.0,,,,,,,,,,,,,,,,,,,,,,,,,,,,,,,,,,,,,,,
J30_1.RCP,0,76.40789473684211,0.5418853759765625,GA_roulette_sbx_uniform_zero_repair_elitism_swap,38,shift_vector,1000,0,50.0,0.9,0.1,60.0,roulette,sbx,uniform,zero,3.0,True,True,swap,5.0,,,,,,,,,,,,,,,,,,,,,,,,,,,,,,,,,,,,,,,
J30_1.RCP,1,71.19736842105263,0.5477540493011475,GA_roulette_sbx_uniform_zero_repair_elitism_swap,38,shift_vector,1000,1,50.0,0.9,0.1,60.0,roulette,sbx,uniform,zero,3.0,True,True,swap,5.0,,,,,,,,,,,,,,,,,,,,,,,,,,,,,,,,,,,,,,,
J30_1.RCP,0,84.19736842105263,0.6247518062591553,GA_roulette_sbx_uniform_zero_repair_noElitism_none,38,shift_vector,1000,0,50.0,0.9,0.1,60.0,roulette,sbx,uniform,zero,3.0,True,False,none,5.0,,,,,,,,,,,,,,,,,,,,,,,,,,,,,,,,,,,,,,,
J30_1.RCP,1,81.88157894736842,0.5474221706390381,GA_roulette_sbx_uniform_zero_repair_noElitism_none,38,shift_vector,1000,1,50.0,0.9,0.1,60.0,roulette,sbx,uniform,zero,3.0,True,False,none,5.0,,,,,,,,,,,,,,,,,,,,,,,,,,,,,,,,,,,,,,,
J30_1.RCP,0,76.40789473684211,0.5855958461761475,GA_roulette_sbx_uniform_zero_repair_noElitism_swap,38,shift_vector,1000,0,50.0,0.9,0.1,60.0,roulette,sbx,uniform,zero,3.0,True,False,swap,5.0,,,,,,,,,,,,,,,,,,,,,,,,,,,,,,,,,,,,,,,
J30_1.RCP,1,71.19736842105263,0.7261478900909424,GA_roulette_sbx_uniform_zero_repair_noElitism_swap,38,shift_vector,1000,1,50.0,0.9,0.1,60.0,roulette,sbx,uniform,zero,3.0,True,False,swap,5.0,,,,,,,,,,,,,,,,,,,,,,,,,,,,,,,,,,,,,,,
J30_1.RCP,0,84.19736842105263,0.5876491069793701,GA_roulette_sbx_uniform_zero_noRepair_elitism_none,38,shift_vector,1000,0,50.0,0.9,0.1,60.0,roulette,sbx,uniform,zero,3.0,False,True,none,5.0,,,,,,,,,,,,,,,,,,,,,,,,,,,,,,,,,,,,,,,
J30_1.RCP,1,81.88157894736842,0.7019021511077881,GA_roulette_sbx_uniform_zero_noRepair_elitism_none,38,shift_vector,1000,1,50.0,0.9,0.1,60.0,roulette,sbx,uniform,zero,3.0,False,True,none,5.0,,,,,,,,,,,,,,,,,,,,,,,,,,,,,,,,,,,,,,,
J30_1.RCP,0,76.40789473684211,0.7234220504760742,GA_roulette_sbx_uniform_zero_noRepair_elitism_swap,38,shift_vector,1000,0,50.0,0.9,0.1,60.0,roulette,sbx,uniform,zero,3.0,False,True,swap,5.0,,,,,,,,,,,,,,,,,,,,,,,,,,,,,,,,,,,,,,,
J30_1.RCP,1,71.19736842105263,0.5520682334899902,GA_roulette_sbx_uniform_zero_noRepair_elitism_swap,38,shift_vector,1000,1,50.0,0.9,0.1,60.0,roulette,sbx,uniform,zero,3.0,False,True,swap,5.0,,,,,,,,,,,,,,,,,,,,,,,,,,,,,,,,,,,,,,,
J30_1.RCP,0,84.19736842105263,0.6443920135498047,GA_roulette_sbx_uniform_zero_noRepair_noElitism_none,38,shift_vector,1000,0,50.0,0.9,0.1,60.0,roulette,sbx,uniform,zero,3.0,False,False,none,5.0,,,,,,,,,,,,,,,,,,,,,,,,,,,,,,,,,,,,,,,
J30_1.RCP,1,81.88157894736842,0.5759139060974121,GA_roulette_sbx_uniform_zero_noRepair_noElitism_none,38,shift_vector,1000,1,50.0,0.9,0.1,60.0,roulette,sbx,uniform,zero,3.0,False,False,none,5.0,,,,,,,,,,,,,,,,,,,,,,,,,,,,,,,,,,,,,,,
J30_1.RCP,0,76.40789473684211,0.5474338531494141,GA_roulette_sbx_uniform_zero_noRepair_noElitism_swap,38,shift_vector,1000,0,50.0,0.9,0.1,60.0,roulette,sbx,uniform,zero,3.0,False,False,swap,5.0,,,,,,,,,,,,,,,,,,,,,,,,,,,,,,,,,,,,,,,
J30_1.RCP,1,71.19736842105263,0.5476260185241699,GA_roulette_sbx_uniform_zero_noRepair_noElitism_swap,38,shift_vector,1000,1,50.0,0.9,0.1,60.0,roulette,sbx,uniform,zero,3.0,False,False,swap,5.0,,,,,,,,,,,,,,,,,,,,,,,,,,,,,,,,,,,,,,,
J30_1.RCP,0,87.35526315789474,0.5991611480712891,GA_roulette_sbx_gaussian_random_repair_elitism_none,38,shift_vector,1000,0,50.0,0.9,0.1,60.0,roulette,sbx,gaussian,random,3.0,True,True,none,5.0,,,,,,,,,,,,,,,,,,,,,,,,,,,,,,,,,,,,,,,
J30_1.RCP,1,89.46052631578948,0.5413448810577393,GA_roulette_sbx_gaussian_random_repair_elitism_none,38,shift_vector,1000,1,50.0,0.9,0.1,60.0,roulette,sbx,gaussian,random,3.0,True,True,none,5.0,,,,,,,,,,,,,,,,,,,,,,,,,,,,,,,,,,,,,,,
J30_1.RCP,0,87.35526315789474,0.5180180072784424,GA_roulette_sbx_gaussian_random_repair_elitism_swap,38,shift_vector,1000,0,50.0,0.9,0.1,60.0,roulette,sbx,gaussian,random,3.0,True,True,swap,5.0,,,,,,,,,,,,,,,,,,,,,,,,,,,,,,,,,,,,,,,
J30_1.RCP,1,85.72368421052632,0.5309367179870605,GA_roulette_sbx_gaussian_random_repair_elitism_swap,38,shift_vector,1000,1,50.0,0.9,0.1,60.0,roulette,sbx,gaussian,random,3.0,True,True,swap,5.0,,,,,,,,,,,,,,,,,,,,,,,,,,,,,,,,,,,,,,,
J30_1.RCP,0,87.35526315789474,0.5412721633911133,GA_roulette_sbx_gaussian_random_repair_noElitism_none,38,shift_vector,1000,0,50.0,0.9,0.1,60.0,roulette,sbx,gaussian,random,3.0,True,False,none,5.0,,,,,,,,,,,,,,,,,,,,,,,,,,,,,,,,,,,,,,,
J30_1.RCP,1,89.46052631578948,0.5403158664703369,GA_roulette_sbx_gaussian_random_repair_noElitism_none,38,shift_vector,1000,1,50.0,0.9,0.1,60.0,roulette,sbx,gaussian,random,3.0,True,False,none,5.0,,,,,,,,,,,,,,,,,,,,,,,,,,,,,,,,,,,,,,,
J30_1.RCP,0,87.35526315789474,0.5374243259429932,GA_roulette_sbx_gaussian_random_repair_noElitism_swap,38,shift_vector,1000,0,50.0,0.9,0.1,60.0,roulette,sbx,gaussian,random,3.0,True,False,swap,5.0,,,,,,,,,,,,,,,,,,,,,,,,,,,,,,,,,,,,,,,
J30_1.RCP,1,85.72368421052632,0.534337043762207,GA_roulette_sbx_gaussian_random_repair_noElitism_swap,38,shift_vector,1000,1,50.0,0.9,0.1,60.0,roulette,sbx,gaussian,random,3.0,True,False,swap,5.0,,,,,,,,,,,,,,,,,,,,,,,,,,,,,,,,,,,,,,,
J30_1.RCP,0,87.35526315789474,0.5358700752258301,GA_roulette_sbx_gaussian_random_noRepair_elitism_none,38,shift_vector,1000,0,50.0,0.9,0.1,60.0,roulette,sbx,gaussian,random,3.0,False,True,none,5.0,,,,,,,,,,,,,,,,,,,,,,,,,,,,,,,,,,,,,,,
J30_1.RCP,1,89.46052631578948,0.5318500995635986,GA_roulette_sbx_gaussian_random_noRepair_elitism_none,38,shift_vector,1000,1,50.0,0.9,0.1,60.0,roulette,sbx,gaussian,random,3.0,False,True,none,5.0,,,,,,,,,,,,,,,,,,,,,,,,,,,,,,,,,,,,,,,
J30_1.RCP,0,87.35526315789474,0.520211935043335,GA_roulette_sbx_gaussian_random_noRepair_elitism_swap,38,shift_vector,1000,0,50.0,0.9,0.1,60.0,roulette,sbx,gaussian,random,3.0,False,True,swap,5.0,,,,,,,,,,,,,,,,,,,,,,,,,,,,,,,,,,,,,,,
J30_1.RCP,1,85.72368421052632,0.5306031703948975,GA_roulette_sbx_gaussian_random_noRepair_elitism_swap,38,shift_vector,1000,1,50.0,0.9,0.1,60.0,roulette,sbx,gaussian,random,3.0,False,True,swap,5.0,,,,,,,,,,,,,,,,,,,,,,,,,,,,,,,,,,,,,,,
J30_1.RCP,0,87.35526315789474,0.5331640243530273,GA_roulette_sbx_gaussian_random_noRepair_noElitism_none,38,shift_vector,1000,0,50.0,0.9,0.1,60.0,roulette,sbx,gaussian,random,3.0,False,False,none,5.0,,,,,,,,,,,,,,,,,,,,,,,,,,,,,,,,,,,,,,,
J30_1.RCP,1,89.46052631578948,0.5397639274597168,GA_roulette_sbx_gaussian_random_noRepair_noElitism_none,38,shift_vector,1000,1,50.0,0.9,0.1,60.0,roulette,sbx,gaussian,random,3.0,False,False,none,5.0,,,,,,,,,,,,,,,,,,,,,,,,,,,,,,,,,,,,,,,
J30_1.RCP,0,87.35526315789474,0.6371688842773438,GA_roulette_sbx_gaussian_random_noRepair_noElitism_swap,38,shift_vector,1000,0,50.0,0.9,0.1,60.0,roulette,sbx,gaussian,random,3.0,False,False,swap,5.0,,,,,,,,,,,,,,,,,,,,,,,,,,,,,,,,,,,,,,,
J30_1.RCP,1,85.72368421052632,0.5424759387969971,GA_roulette_sbx_gaussian_random_noRepair_noElitism_swap,38,shift_vector,1000,1,50.0,0.9,0.1,60.0,roulette,sbx,gaussian,random,3.0,False,False,swap,5.0,,,,,,,,,,,,,,,,,,,,,,,,,,,,,,,,,,,,,,,
J30_1.RCP,0,87.35526315789474,0.5480639934539795,GA_roulette_sbx_gaussian_zero_repair_elitism_none,38,shift_vector,1000,0,50.0,0.9,0.1,60.0,roulette,sbx,gaussian,zero,3.0,True,True,none,5.0,,,,,,,,,,,,,,,,,,,,,,,,,,,,,,,,,,,,,,,
J30_1.RCP,1,89.46052631578948,0.5403838157653809,GA_roulette_sbx_gaussian_zero_repair_elitism_none,38,shift_vector,1000,1,50.0,0.9,0.1,60.0,roulette,sbx,gaussian,zero,3.0,True,True,none,5.0,,,,,,,,,,,,,,,,,,,,,,,,,,,,,,,,,,,,,,,
J30_1.RCP,0,87.35526315789474,0.5240440368652344,GA_roulette_sbx_gaussian_zero_repair_elitism_swap,38,shift_vector,1000,0,50.0,0.9,0.1,60.0,roulette,sbx,gaussian,zero,3.0,True,True,swap,5.0,,,,,,,,,,,,,,,,,,,,,,,,,,,,,,,,,,,,,,,
J30_1.RCP,1,85.72368421052632,0.5268688201904297,GA_roulette_sbx_gaussian_zero_repair_elitism_swap,38,shift_vector,1000,1,50.0,0.9,0.1,60.0,roulette,sbx,gaussian,zero,3.0,True,True,swap,5.0,,,,,,,,,,,,,,,,,,,,,,,,,,,,,,,,,,,,,,,
J30_1.RCP,0,87.35526315789474,0.5234370231628418,GA_roulette_sbx_gaussian_zero_repair_noElitism_none,38,shift_vector,1000,0,50.0,0.9,0.1,60.0,roulette,sbx,gaussian,zero,3.0,True,False,none,5.0,,,,,,,,,,,,,,,,,,,,,,,,,,,,,,,,,,,,,,,
J30_1.RCP,1,89.46052631578948,0.6357758045196533,GA_roulette_sbx_gaussian_zero_repair_noElitism_none,38,shift_vector,1000,1,50.0,0.9,0.1,60.0,roulette,sbx,gaussian,zero,3.0,True,False,none,5.0,,,,,,,,,,,,,,,,,,,,,,,,,,,,,,,,,,,,,,,
J30_1.RCP,0,87.35526315789474,0.5234777927398682,GA_roulette_sbx_gaussian_zero_repair_noElitism_swap,38,shift_vector,1000,0,50.0,0.9,0.1,60.0,roulette,sbx,gaussian,zero,3.0,True,False,swap,5.0,,,,,,,,,,,,,,,,,,,,,,,,,,,,,,,,,,,,,,,
J30_1.RCP,1,85.72368421052632,0.5320019721984863,GA_roulette_sbx_gaussian_zero_repair_noElitism_swap,38,shift_vector,1000,1,50.0,0.9,0.1,60.0,roulette,sbx,gaussian,zero,3.0,True,False,swap,5.0,,,,,,,,,,,,,,,,,,,,,,,,,,,,,,,,,,,,,,,
J30_1.RCP,0,87.35526315789474,0.5228579044342041,GA_roulette_sbx_gaussian_zero_noRepair_elitism_none,38,shift_vector,1000,0,50.0,0.9,0.1,60.0,roulette,sbx,gaussian,zero,3.0,False,True,none,5.0,,,,,,,,,,,,,,,,,,,,,,,,,,,,,,,,,,,,,,,
J30_1.RCP,1,89.46052631578948,0.5283210277557373,GA_roulette_sbx_gaussian_zero_noRepair_elitism_none,38,shift_vector,1000,1,50.0,0.9,0.1,60.0,roulette,sbx,gaussian,zero,3.0,False,True,none,5.0,,,,,,,,,,,,,,,,,,,,,,,,,,,,,,,,,,,,,,,
J30_1.RCP,0,87.35526315789474,0.5161800384521484,GA_roulette_sbx_gaussian_zero_noRepair_elitism_swap,38,shift_vector,1000,0,50.0,0.9,0.1,60.0,roulette,sbx,gaussian,zero,3.0,False,True,swap,5.0,,,,,,,,,,,,,,,,,,,,,,,,,,,,,,,,,,,,,,,
J30_1.RCP,1,85.72368421052632,0.5193080902099609,GA_roulette_sbx_gaussian_zero_noRepair_elitism_swap,38,shift_vector,1000,1,50.0,0.9,0.1,60.0,roulette,sbx,gaussian,zero,3.0,False,True,swap,5.0,,,,,,,,,,,,,,,,,,,,,,,,,,,,,,,,,,,,,,,
J30_1.RCP,0,87.35526315789474,0.523266077041626,GA_roulette_sbx_gaussian_zero_noRepair_noElitism_none,38,shift_vector,1000,0,50.0,0.9,0.1,60.0,roulette,sbx,gaussian,zero,3.0,False,False,none,5.0,,,,,,,,,,,,,,,,,,,,,,,,,,,,,,,,,,,,,,,
J30_1.RCP,1,89.46052631578948,0.5322418212890625,GA_roulette_sbx_gaussian_zero_noRepair_noElitism_none,38,shift_vector,1000,1,50.0,0.9,0.1,60.0,roulette,sbx,gaussian,zero,3.0,False,False,none,5.0,,,,,,,,,,,,,,,,,,,,,,,,,,,,,,,,,,,,,,,
J30_1.RCP,0,87.35526315789474,0.5329220294952393,GA_roulette_sbx_gaussian_zero_noRepair_noElitism_swap,38,shift_vector,1000,0,50.0,0.9,0.1,60.0,roulette,sbx,gaussian,zero,3.0,False,False,swap,5.0,,,,,,,,,,,,,,,,,,,,,,,,,,,,,,,,,,,,,,,
J30_1.RCP,1,85.72368421052632,0.5295088291168213,GA_roulette_sbx_gaussian_zero_noRepair_noElitism_swap,38,shift_vector,1000,1,50.0,0.9,0.1,60.0,roulette,sbx,gaussian,zero,3.0,False,False,swap,5.0,,,,,,,,,,,,,,,,,,,,,,,,,,,,,,,,,,,,,,,
J30_1.RCP,0,78.77631578947368,0.53725266456604,GA_roulette_sbx_polynomial_random_repair_elitism_none,38,shift_vector,1000,0,50.0,0.9,0.1,60.0,roulette,sbx,polynomial,random,3.0,True,True,none,5.0,,,,,,,,,,,,,,,,,,,,,,,,,,,,,,,,,,,,,,,
J30_1.RCP,1,85.40789473684211,0.5335738658905029,GA_roulette_sbx_polynomial_random_repair_elitism_none,38,shift_vector,1000,1,50.0,0.9,0.1,60.0,roulette,sbx,polynomial,random,3.0,True,True,none,5.0,,,,,,,,,,,,,,,,,,,,,,,,,,,,,,,,,,,,,,,
J30_1.RCP,0,81.19736842105263,0.5348458290100098,GA_roulette_sbx_polynomial_random_repair_elitism_swap,38,shift_vector,1000,0,50.0,0.9,0.1,60.0,roulette,sbx,polynomial,random,3.0,True,True,swap,5.0,,,,,,,,,,,,,,,,,,,,,,,,,,,,,,,,,,,,,,,
J30_1.RCP,1,86.35526315789474,0.5272178649902344,GA_roulette_sbx_polynomial_random_repair_elitism_swap,38,shift_vector,1000,1,50.0,0.9,0.1,60.0,roulette,sbx,polynomial,random,3.0,True,True,swap,5.0,,,,,,,,,,,,,,,,,,,,,,,,,,,,,,,,,,,,,,,
J30_1.RCP,0,78.77631578947368,0.5832319259643555,GA_roulette_sbx_polynomial_random_repair_noElitism_none,38,shift_vector,1000,0,50.0,0.9,0.1,60.0,roulette,sbx,polynomial,random,3.0,True,False,none,5.0,,,,,,,,,,,,,,,,,,,,,,,,,,,,,,,,,,,,,,,
J30_1.RCP,1,85.40789473684211,0.5797920227050781,GA_roulette_sbx_polynomial_random_repair_noElitism_none,38,shift_vector,1000,1,50.0,0.9,0.1,60.0,roulette,sbx,polynomial,random,3.0,True,False,none,5.0,,,,,,,,,,,,,,,,,,,,,,,,,,,,,,,,,,,,,,,
J30_1.RCP,0,81.19736842105263,0.5343008041381836,GA_roulette_sbx_polynomial_random_repair_noElitism_swap,38,shift_vector,1000,0,50.0,0.9,0.1,60.0,roulette,sbx,polynomial,random,3.0,True,False,swap,5.0,,,,,,,,,,,,,,,,,,,,,,,,,,,,,,,,,,,,,,,
J30_1.RCP,1,86.35526315789474,0.5260829925537109,GA_roulette_sbx_polynomial_random_repair_noElitism_swap,38,shift_vector,1000,1,50.0,0.9,0.1,60.0,roulette,sbx,polynomial,random,3.0,True,False,swap,5.0,,,,,,,,,,,,,,,,,,,,,,,,,,,,,,,,,,,,,,,
J30_1.RCP,0,78.77631578947368,0.5310835838317871,GA_roulette_sbx_polynomial_random_noRepair_elitism_none,38,shift_vector,1000,0,50.0,0.9,0.1,60.0,roulette,sbx,polynomial,random,3.0,False,True,none,5.0,,,,,,,,,,,,,,,,,,,,,,,,,,,,,,,,,,,,,,,
J30_1.RCP,1,85.40789473684211,0.5426418781280518,GA_roulette_sbx_polynomial_random_noRepair_elitism_none,38,shift_vector,1000,1,50.0,0.9,0.1,60.0,roulette,sbx,polynomial,random,3.0,False,True,none,5.0,,,,,,,,,,,,,,,,,,,,,,,,,,,,,,,,,,,,,,,
J30_1.RCP,0,81.19736842105263,0.531029224395752,GA_roulette_sbx_polynomial_random_noRepair_elitism_swap,38,shift_vector,1000,0,50.0,0.9,0.1,60.0,roulette,sbx,polynomial,random,3.0,False,True,swap,5.0,,,,,,,,,,,,,,,,,,,,,,,,,,,,,,,,,,,,,,,
J30_1.RCP,1,86.35526315789474,0.5286920070648193,GA_roulette_sbx_polynomial_random_noRepair_elitism_swap,38,shift_vector,1000,1,50.0,0.9,0.1,60.0,roulette,sbx,polynomial,random,3.0,False,True,swap,5.0,,,,,,,,,,,,,,,,,,,,,,,,,,,,,,,,,,,,,,,
J30_1.RCP,0,78.77631578947368,0.5227630138397217,GA_roulette_sbx_polynomial_random_noRepair_noElitism_none,38,shift_vector,1000,0,50.0,0.9,0.1,60.0,roulette,sbx,polynomial,random,3.0,False,False,none,5.0,,,,,,,,,,,,,,,,,,,,,,,,,,,,,,,,,,,,,,,
J30_1.RCP,1,85.40789473684211,0.5375378131866455,GA_roulette_sbx_polynomial_random_noRepair_noElitism_none,38,shift_vector,1000,1,50.0,0.9,0.1,60.0,roulette,sbx,polynomial,random,3.0,False,False,none,5.0,,,,,,,,,,,,,,,,,,,,,,,,,,,,,,,,,,,,,,,
J30_1.RCP,0,81.19736842105263,0.5329060554504395,GA_roulette_sbx_polynomial_random_noRepair_noElitism_swap,38,shift_vector,1000,0,50.0,0.9,0.1,60.0,roulette,sbx,polynomial,random,3.0,False,False,swap,5.0,,,,,,,,,,,,,,,,,,,,,,,,,,,,,,,,,,,,,,,
J30_1.RCP,1,86.35526315789474,0.5251121520996094,GA_roulette_sbx_polynomial_random_noRepair_noElitism_swap,38,shift_vector,1000,1,50.0,0.9,0.1,60.0,roulette,sbx,polynomial,random,3.0,False,False,swap,5.0,,,,,,,,,,,,,,,,,,,,,,,,,,,,,,,,,,,,,,,
J30_1.RCP,0,78.77631578947368,0.5256087779998779,GA_roulette_sbx_polynomial_zero_repair_elitism_none,38,shift_vector,1000,0,50.0,0.9,0.1,60.0,roulette,sbx,polynomial,zero,3.0,True,True,none,5.0,,,,,,,,,,,,,,,,,,,,,,,,,,,,,,,,,,,,,,,
J30_1.RCP,1,85.40789473684211,0.5343012809753418,GA_roulette_sbx_polynomial_zero_repair_elitism_none,38,shift_vector,1000,1,50.0,0.9,0.1,60.0,roulette,sbx,polynomial,zero,3.0,True,True,none,5.0,,,,,,,,,,,,,,,,,,,,,,,,,,,,,,,,,,,,,,,
J30_1.RCP,0,81.19736842105263,0.5342240333557129,GA_roulette_sbx_polynomial_zero_repair_elitism_swap,38,shift_vector,1000,0,50.0,0.9,0.1,60.0,roulette,sbx,polynomial,zero,3.0,True,True,swap,5.0,,,,,,,,,,,,,,,,,,,,,,,,,,,,,,,,,,,,,,,
J30_1.RCP,1,86.35526315789474,0.530311107635498,GA_roulette_sbx_polynomial_zero_repair_elitism_swap,38,shift_vector,1000,1,50.0,0.9,0.1,60.0,roulette,sbx,polynomial,zero,3.0,True,True,swap,5.0,,,,,,,,,,,,,,,,,,,,,,,,,,,,,,,,,,,,,,,
J30_1.RCP,0,78.77631578947368,0.5259799957275391,GA_roulette_sbx_polynomial_zero_repair_noElitism_none,38,shift_vector,1000,0,50.0,0.9,0.1,60.0,roulette,sbx,polynomial,zero,3.0,True,False,none,5.0,,,,,,,,,,,,,,,,,,,,,,,,,,,,,,,,,,,,,,,
J30_1.RCP,1,85.40789473684211,0.5345509052276611,GA_roulette_sbx_polynomial_zero_repair_noElitism_none,38,shift_vector,1000,1,50.0,0.9,0.1,60.0,roulette,sbx,polynomial,zero,3.0,True,False,none,5.0,,,,,,,,,,,,,,,,,,,,,,,,,,,,,,,,,,,,,,,
J30_1.RCP,0,81.19736842105263,0.5338039398193359,GA_roulette_sbx_polynomial_zero_repair_noElitism_swap,38,shift_vector,1000,0,50.0,0.9,0.1,60.0,roulette,sbx,polynomial,zero,3.0,True,False,swap,5.0,,,,,,,,,,,,,,,,,,,,,,,,,,,,,,,,,,,,,,,
J30_1.RCP,1,86.35526315789474,0.5305750370025635,GA_roulette_sbx_polynomial_zero_repair_noElitism_swap,38,shift_vector,1000,1,50.0,0.9,0.1,60.0,roulette,sbx,polynomial,zero,3.0,True,False,swap,5.0,,,,,,,,,,,,,,,,,,,,,,,,,,,,,,,,,,,,,,,
J30_1.RCP,0,78.77631578947368,0.5336408615112305,GA_roulette_sbx_polynomial_zero_noRepair_elitism_none,38,shift_vector,1000,0,50.0,0.9,0.1,60.0,roulette,sbx,polynomial,zero,3.0,False,True,none,5.0,,,,,,,,,,,,,,,,,,,,,,,,,,,,,,,,,,,,,,,
J30_1.RCP,1,85.40789473684211,0.5341401100158691,GA_roulette_sbx_polynomial_zero_noRepair_elitism_none,38,shift_vector,1000,1,50.0,0.9,0.1,60.0,roulette,sbx,polynomial,zero,3.0,False,True,none,5.0,,,,,,,,,,,,,,,,,,,,,,,,,,,,,,,,,,,,,,,
J30_1.RCP,0,81.19736842105263,0.535236120223999,GA_roulette_sbx_polynomial_zero_noRepair_elitism_swap,38,shift_vector,1000,0,50.0,0.9,0.1,60.0,roulette,sbx,polynomial,zero,3.0,False,True,swap,5.0,,,,,,,,,,,,,,,,,,,,,,,,,,,,,,,,,,,,,,,
J30_1.RCP,1,86.35526315789474,0.5271270275115967,GA_roulette_sbx_polynomial_zero_noRepair_elitism_swap,38,shift_vector,1000,1,50.0,0.9,0.1,60.0,roulette,sbx,polynomial,zero,3.0,False,True,swap,5.0,,,,,,,,,,,,,,,,,,,,,,,,,,,,,,,,,,,,,,,
J30_1.RCP,0,78.77631578947368,0.5238399505615234,GA_roulette_sbx_polynomial_zero_noRepair_noElitism_none,38,shift_vector,1000,0,50.0,0.9,0.1,60.0,roulette,sbx,polynomial,zero,3.0,False,False,none,5.0,,,,,,,,,,,,,,,,,,,,,,,,,,,,,,,,,,,,,,,
J30_1.RCP,1,85.40789473684211,0.5366930961608887,GA_roulette_sbx_polynomial_zero_noRepair_noElitism_none,38,shift_vector,1000,1,50.0,0.9,0.1,60.0,roulette,sbx,polynomial,zero,3.0,False,False,none,5.0,,,,,,,,,,,,,,,,,,,,,,,,,,,,,,,,,,,,,,,
J30_1.RCP,0,81.19736842105263,0.5376887321472168,GA_roulette_sbx_polynomial_zero_noRepair_noElitism_swap,38,shift_vector,1000,0,50.0,0.9,0.1,60.0,roulette,sbx,polynomial,zero,3.0,False,False,swap,5.0,,,,,,,,,,,,,,,,,,,,,,,,,,,,,,,,,,,,,,,
J30_1.RCP,1,86.35526315789474,0.5224430561065674,GA_roulette_sbx_polynomial_zero_noRepair_noElitism_swap,38,shift_vector,1000,1,50.0,0.9,0.1,60.0,roulette,sbx,polynomial,zero,3.0,False,False,swap,5.0,,,,,,,,,,,,,,,,,,,,,,,,,,,,,,,,,,,,,,,
J30_1.RCP,0,86.88157894736842,0.5167458057403564,GA_roulette_sbx_swap_random_repair_elitism_none,38,shift_vector,1000,0,50.0,0.9,0.1,60.0,roulette,sbx,swap,random,3.0,True,True,none,5.0,,,,,,,,,,,,,,,,,,,,,,,,,,,,,,,,,,,,,,,
J30_1.RCP,1,90.40789473684212,0.5049440860748291,GA_roulette_sbx_swap_random_repair_elitism_none,38,shift_vector,1000,1,50.0,0.9,0.1,60.0,roulette,sbx,swap,random,3.0,True,True,none,5.0,,,,,,,,,,,,,,,,,,,,,,,,,,,,,,,,,,,,,,,
J30_1.RCP,0,77.88157894736842,0.5147287845611572,GA_roulette_sbx_swap_random_repair_elitism_swap,38,shift_vector,1000,0,50.0,0.9,0.1,60.0,roulette,sbx,swap,random,3.0,True,True,swap,5.0,,,,,,,,,,,,,,,,,,,,,,,,,,,,,,,,,,,,,,,
J30_1.RCP,1,85.46052631578948,0.5161621570587158,GA_roulette_sbx_swap_random_repair_elitism_swap,38,shift_vector,1000,1,50.0,0.9,0.1,60.0,roulette,sbx,swap,random,3.0,True,True,swap,5.0,,,,,,,,,,,,,,,,,,,,,,,,,,,,,,,,,,,,,,,
J30_1.RCP,0,86.88157894736842,0.5183999538421631,GA_roulette_sbx_swap_random_repair_noElitism_none,38,shift_vector,1000,0,50.0,0.9,0.1,60.0,roulette,sbx,swap,random,3.0,True,False,none,5.0,,,,,,,,,,,,,,,,,,,,,,,,,,,,,,,,,,,,,,,
J30_1.RCP,1,90.40789473684212,0.5117549896240234,GA_roulette_sbx_swap_random_repair_noElitism_none,38,shift_vector,1000,1,50.0,0.9,0.1,60.0,roulette,sbx,swap,random,3.0,True,False,none,5.0,,,,,,,,,,,,,,,,,,,,,,,,,,,,,,,,,,,,,,,
J30_1.RCP,0,77.88157894736842,0.5165669918060303,GA_roulette_sbx_swap_random_repair_noElitism_swap,38,shift_vector,1000,0,50.0,0.9,0.1,60.0,roulette,sbx,swap,random,3.0,True,False,swap,5.0,,,,,,,,,,,,,,,,,,,,,,,,,,,,,,,,,,,,,,,
J30_1.RCP,1,85.46052631578948,0.5129470825195312,GA_roulette_sbx_swap_random_repair_noElitism_swap,38,shift_vector,1000,1,50.0,0.9,0.1,60.0,roulette,sbx,swap,random,3.0,True,False,swap,5.0,,,,,,,,,,,,,,,,,,,,,,,,,,,,,,,,,,,,,,,
J30_1.RCP,0,86.88157894736842,0.5274240970611572,GA_roulette_sbx_swap_random_noRepair_elitism_none,38,shift_vector,1000,0,50.0,0.9,0.1,60.0,roulette,sbx,swap,random,3.0,False,True,none,5.0,,,,,,,,,,,,,,,,,,,,,,,,,,,,,,,,,,,,,,,
J30_1.RCP,1,90.40789473684212,0.5768239498138428,GA_roulette_sbx_swap_random_noRepair_elitism_none,38,shift_vector,1000,1,50.0,0.9,0.1,60.0,roulette,sbx,swap,random,3.0,False,True,none,5.0,,,,,,,,,,,,,,,,,,,,,,,,,,,,,,,,,,,,,,,
J30_1.RCP,0,77.88157894736842,0.5201542377471924,GA_roulette_sbx_swap_random_noRepair_elitism_swap,38,shift_vector,1000,0,50.0,0.9,0.1,60.0,roulette,sbx,swap,random,3.0,False,True,swap,5.0,,,,,,,,,,,,,,,,,,,,,,,,,,,,,,,,,,,,,,,
J30_1.RCP,1,85.46052631578948,0.5164790153503418,GA_roulette_sbx_swap_random_noRepair_elitism_swap,38,shift_vector,1000,1,50.0,0.9,0.1,60.0,roulette,sbx,swap,random,3.0,False,True,swap,5.0,,,,,,,,,,,,,,,,,,,,,,,,,,,,,,,,,,,,,,,
J30_1.RCP,0,86.88157894736842,0.514448881149292,GA_roulette_sbx_swap_random_noRepair_noElitism_none,38,shift_vector,1000,0,50.0,0.9,0.1,60.0,roulette,sbx,swap,random,3.0,False,False,none,5.0,,,,,,,,,,,,,,,,,,,,,,,,,,,,,,,,,,,,,,,
J30_1.RCP,1,90.40789473684212,0.5083150863647461,GA_roulette_sbx_swap_random_noRepair_noElitism_none,38,shift_vector,1000,1,50.0,0.9,0.1,60.0,roulette,sbx,swap,random,3.0,False,False,none,5.0,,,,,,,,,,,,,,,,,,,,,,,,,,,,,,,,,,,,,,,
J30_1.RCP,0,77.88157894736842,0.5158660411834717,GA_roulette_sbx_swap_random_noRepair_noElitism_swap,38,shift_vector,1000,0,50.0,0.9,0.1,60.0,roulette,sbx,swap,random,3.0,False,False,swap,5.0,,,,,,,,,,,,,,,,,,,,,,,,,,,,,,,,,,,,,,,
J30_1.RCP,1,85.46052631578948,0.5114357471466064,GA_roulette_sbx_swap_random_noRepair_noElitism_swap,38,shift_vector,1000,1,50.0,0.9,0.1,60.0,roulette,sbx,swap,random,3.0,False,False,swap,5.0,,,,,,,,,,,,,,,,,,,,,,,,,,,,,,,,,,,,,,,
J30_1.RCP,0,86.88157894736842,0.5212199687957764,GA_roulette_sbx_swap_zero_repair_elitism_none,38,shift_vector,1000,0,50.0,0.9,0.1,60.0,roulette,sbx,swap,zero,3.0,True,True,none,5.0,,,,,,,,,,,,,,,,,,,,,,,,,,,,,,,,,,,,,,,
J30_1.RCP,1,90.40789473684212,0.5071029663085938,GA_roulette_sbx_swap_zero_repair_elitism_none,38,shift_vector,1000,1,50.0,0.9,0.1,60.0,roulette,sbx,swap,zero,3.0,True,True,none,5.0,,,,,,,,,,,,,,,,,,,,,,,,,,,,,,,,,,,,,,,
J30_1.RCP,0,77.88157894736842,0.5164248943328857,GA_roulette_sbx_swap_zero_repair_elitism_swap,38,shift_vector,1000,0,50.0,0.9,0.1,60.0,roulette,sbx,swap,zero,3.0,True,True,swap,5.0,,,,,,,,,,,,,,,,,,,,,,,,,,,,,,,,,,,,,,,
J30_1.RCP,1,85.46052631578948,0.5113139152526855,GA_roulette_sbx_swap_zero_repair_elitism_swap,38,shift_vector,1000,1,50.0,0.9,0.1,60.0,roulette,sbx,swap,zero,3.0,True,True,swap,5.0,,,,,,,,,,,,,,,,,,,,,,,,,,,,,,,,,,,,,,,
J30_1.RCP,0,86.88157894736842,0.5175759792327881,GA_roulette_sbx_swap_zero_repair_noElitism_none,38,shift_vector,1000,0,50.0,0.9,0.1,60.0,roulette,sbx,swap,zero,3.0,True,False,none,5.0,,,,,,,,,,,,,,,,,,,,,,,,,,,,,,,,,,,,,,,
J30_1.RCP,1,90.40789473684212,0.5176558494567871,GA_roulette_sbx_swap_zero_repair_noElitism_none,38,shift_vector,1000,1,50.0,0.9,0.1,60.0,roulette,sbx,swap,zero,3.0,True,False,none,5.0,,,,,,,,,,,,,,,,,,,,,,,,,,,,,,,,,,,,,,,
J30_1.RCP,0,77.88157894736842,0.5223307609558105,GA_roulette_sbx_swap_zero_repair_noElitism_swap,38,shift_vector,1000,0,50.0,0.9,0.1,60.0,roulette,sbx,swap,zero,3.0,True,False,swap,5.0,,,,,,,,,,,,,,,,,,,,,,,,,,,,,,,,,,,,,,,
J30_1.RCP,1,85.46052631578948,0.5189440250396729,GA_roulette_sbx_swap_zero_repair_noElitism_swap,38,shift_vector,1000,1,50.0,0.9,0.1,60.0,roulette,sbx,swap,zero,3.0,True,False,swap,5.0,,,,,,,,,,,,,,,,,,,,,,,,,,,,,,,,,,,,,,,
J30_1.RCP,0,86.88157894736842,0.5157668590545654,GA_roulette_sbx_swap_zero_noRepair_elitism_none,38,shift_vector,1000,0,50.0,0.9,0.1,60.0,roulette,sbx,swap,zero,3.0,False,True,none,5.0,,,,,,,,,,,,,,,,,,,,,,,,,,,,,,,,,,,,,,,
J30_1.RCP,1,90.40789473684212,0.5089151859283447,GA_roulette_sbx_swap_zero_noRepair_elitism_none,38,shift_vector,1000,1,50.0,0.9,0.1,60.0,roulette,sbx,swap,zero,3.0,False,True,none,5.0,,,,,,,,,,,,,,,,,,,,,,,,,,,,,,,,,,,,,,,
J30_1.RCP,0,77.88157894736842,0.5197210311889648,GA_roulette_sbx_swap_zero_noRepair_elitism_swap,38,shift_vector,1000,0,50.0,0.9,0.1,60.0,roulette,sbx,swap,zero,3.0,False,True,swap,5.0,,,,,,,,,,,,,,,,,,,,,,,,,,,,,,,,,,,,,,,
J30_1.RCP,1,85.46052631578948,0.516287088394165,GA_roulette_sbx_swap_zero_noRepair_elitism_swap,38,shift_vector,1000,1,50.0,0.9,0.1,60.0,roulette,sbx,swap,zero,3.0,False,True,swap,5.0,,,,,,,,,,,,,,,,,,,,,,,,,,,,,,,,,,,,,,,
J30_1.RCP,0,86.88157894736842,0.5716431140899658,GA_roulette_sbx_swap_zero_noRepair_noElitism_none,38,shift_vector,1000,0,50.0,0.9,0.1,60.0,roulette,sbx,swap,zero,3.0,False,False,none,5.0,,,,,,,,,,,,,,,,,,,,,,,,,,,,,,,,,,,,,,,
J30_1.RCP,1,90.40789473684212,0.5718650817871094,GA_roulette_sbx_swap_zero_noRepair_noElitism_none,38,shift_vector,1000,1,50.0,0.9,0.1,60.0,roulette,sbx,swap,zero,3.0,False,False,none,5.0,,,,,,,,,,,,,,,,,,,,,,,,,,,,,,,,,,,,,,,
J30_1.RCP,0,77.88157894736842,0.5227611064910889,GA_roulette_sbx_swap_zero_noRepair_noElitism_swap,38,shift_vector,1000,0,50.0,0.9,0.1,60.0,roulette,sbx,swap,zero,3.0,False,False,swap,5.0,,,,,,,,,,,,,,,,,,,,,,,,,,,,,,,,,,,,,,,
J30_1.RCP,1,85.46052631578948,0.533872127532959,GA_roulette_sbx_swap_zero_noRepair_noElitism_swap,38,shift_vector,1000,1,50.0,0.9,0.1,60.0,roulette,sbx,swap,zero,3.0,False,False,swap,5.0,,,,,,,,,,,,,,,,,,,,,,,,,,,,,,,,,,,,,,,
J30_1.RCP,0,76.88157894736842,0.42751216888427734,GA_tournament_arithmetic_uniform_random_repair_elitism_none,38,shift_vector,1000,0,50.0,0.9,0.1,60.0,tournament,arithmetic,uniform,random,3.0,True,True,none,5.0,,,,,,,,,,,,,,,,,,,,,,,,,,,,,,,,,,,,,,,
J30_1.RCP,1,71.5657894736842,0.42734313011169434,GA_tournament_arithmetic_uniform_random_repair_elitism_none,38,shift_vector,1000,1,50.0,0.9,0.1,60.0,tournament,arithmetic,uniform,random,3.0,True,True,none,5.0,,,,,,,,,,,,,,,,,,,,,,,,,,,,,,,,,,,,,,,
J30_1.RCP,0,73.61842105263158,0.4274277687072754,GA_tournament_arithmetic_uniform_random_repair_elitism_swap,38,shift_vector,1000,0,50.0,0.9,0.1,60.0,tournament,arithmetic,uniform,random,3.0,True,True,swap,5.0,,,,,,,,,,,,,,,,,,,,,,,,,,,,,,,,,,,,,,,
J30_1.RCP,1,74.09210526315789,0.42152905464172363,GA_tournament_arithmetic_uniform_random_repair_elitism_swap,38,shift_vector,1000,1,50.0,0.9,0.1,60.0,tournament,arithmetic,uniform,random,3.0,True,True,swap,5.0,,,,,,,,,,,,,,,,,,,,,,,,,,,,,,,,,,,,,,,
J30_1.RCP,0,67.61842105263158,0.48871326446533203,GA_tournament_arithmetic_uniform_random_repair_noElitism_none,38,shift_vector,1000,0,50.0,0.9,0.1,60.0,tournament,arithmetic,uniform,random,3.0,True,False,none,5.0,,,,,,,,,,,,,,,,,,,,,,,,,,,,,,,,,,,,,,,
J30_1.RCP,1,80.19736842105262,0.4872891902923584,GA_tournament_arithmetic_uniform_random_repair_noElitism_none,38,shift_vector,1000,1,50.0,0.9,0.1,60.0,tournament,arithmetic,uniform,random,3.0,True,False,none,5.0,,,,,,,,,,,,,,,,,,,,,,,,,,,,,,,,,,,,,,,
J30_1.RCP,0,79.88157894736842,0.4914240837097168,GA_tournament_arithmetic_uniform_random_repair_noElitism_swap,38,shift_vector,1000,0,50.0,0.9,0.1,60.0,tournament,arithmetic,uniform,random,3.0,True,False,swap,5.0,,,,,,,,,,,,,,,,,,,,,,,,,,,,,,,,,,,,,,,
J30_1.RCP,1,70.77631578947368,0.4922370910644531,GA_tournament_arithmetic_uniform_random_repair_noElitism_swap,38,shift_vector,1000,1,50.0,0.9,0.1,60.0,tournament,arithmetic,uniform,random,3.0,True,False,swap,5.0,,,,,,,,,,,,,,,,,,,,,,,,,,,,,,,,,,,,,,,
J30_1.RCP,0,76.88157894736842,0.4225327968597412,GA_tournament_arithmetic_uniform_random_noRepair_elitism_none,38,shift_vector,1000,0,50.0,0.9,0.1,60.0,tournament,arithmetic,uniform,random,3.0,False,True,none,5.0,,,,,,,,,,,,,,,,,,,,,,,,,,,,,,,,,,,,,,,
J30_1.RCP,1,71.5657894736842,0.4125640392303467,GA_tournament_arithmetic_uniform_random_noRepair_elitism_none,38,shift_vector,1000,1,50.0,0.9,0.1,60.0,tournament,arithmetic,uniform,random,3.0,False,True,none,5.0,,,,,,,,,,,,,,,,,,,,,,,,,,,,,,,,,,,,,,,
J30_1.RCP,0,73.61842105263158,0.43123817443847656,GA_tournament_arithmetic_uniform_random_noRepair_elitism_swap,38,shift_vector,1000,0,50.0,0.9,0.1,60.0,tournament,arithmetic,uniform,random,3.0,False,True,swap,5.0,,,,,,,,,,,,,,,,,,,,,,,,,,,,,,,,,,,,,,,
J30_1.RCP,1,74.09210526315789,0.4283139705657959,GA_tournament_arithmetic_uniform_random_noRepair_elitism_swap,38,shift_vector,1000,1,50.0,0.9,0.1,60.0,tournament,arithmetic,uniform,random,3.0,False,True,swap,5.0,,,,,,,,,,,,,,,,,,,,,,,,,,,,,,,,,,,,,,,
J30_1.RCP,0,67.61842105263158,0.48876214027404785,GA_tournament_arithmetic_uniform_random_noRepair_noElitism_none,38,shift_vector,1000,0,50.0,0.9,0.1,60.0,tournament,arithmetic,uniform,random,3.0,False,False,none,5.0,,,,,,,,,,,,,,,,,,,,,,,,,,,,,,,,,,,,,,,
J30_1.RCP,1,80.19736842105262,0.4971938133239746,GA_tournament_arithmetic_uniform_random_noRepair_noElitism_none,38,shift_vector,1000,1,50.0,0.9,0.1,60.0,tournament,arithmetic,uniform,random,3.0,False,False,none,5.0,,,,,,,,,,,,,,,,,,,,,,,,,,,,,,,,,,,,,,,
J30_1.RCP,0,79.88157894736842,0.49496889114379883,GA_tournament_arithmetic_uniform_random_noRepair_noElitism_swap,38,shift_vector,1000,0,50.0,0.9,0.1,60.0,tournament,arithmetic,uniform,random,3.0,False,False,swap,5.0,,,,,,,,,,,,,,,,,,,,,,,,,,,,,,,,,,,,,,,
J30_1.RCP,1,70.77631578947368,0.48790979385375977,GA_tournament_arithmetic_uniform_random_noRepair_noElitism_swap,38,shift_vector,1000,1,50.0,0.9,0.1,60.0,tournament,arithmetic,uniform,random,3.0,False,False,swap,5.0,,,,,,,,,,,,,,,,,,,,,,,,,,,,,,,,,,,,,,,
J30_1.RCP,0,76.88157894736842,0.4231550693511963,GA_tournament_arithmetic_uniform_zero_repair_elitism_none,38,shift_vector,1000,0,50.0,0.9,0.1,60.0,tournament,arithmetic,uniform,zero,3.0,True,True,none,5.0,,,,,,,,,,,,,,,,,,,,,,,,,,,,,,,,,,,,,,,
J30_1.RCP,1,71.5657894736842,0.4147629737854004,GA_tournament_arithmetic_uniform_zero_repair_elitism_none,38,shift_vector,1000,1,50.0,0.9,0.1,60.0,tournament,arithmetic,uniform,zero,3.0,True,True,none,5.0,,,,,,,,,,,,,,,,,,,,,,,,,,,,,,,,,,,,,,,
J30_1.RCP,0,73.61842105263158,0.42755818367004395,GA_tournament_arithmetic_uniform_zero_repair_elitism_swap,38,shift_vector,1000,0,50.0,0.9,0.1,60.0,tournament,arithmetic,uniform,zero,3.0,True,True,swap,5.0,,,,,,,,,,,,,,,,,,,,,,,,,,,,,,,,,,,,,,,
J30_1.RCP,1,74.09210526315789,0.4226500988006592,GA_tournament_arithmetic_uniform_zero_repair_elitism_swap,38,shift_vector,1000,1,50.0,0.9,0.1,60.0,tournament,arithmetic,uniform,zero,3.0,True,True,swap,5.0,,,,,,,,,,,,,,,,,,,,,,,,,,,,,,,,,,,,,,,
J30_1.RCP,0,67.61842105263158,0.48536229133605957,GA_tournament_arithmetic_uniform_zero_repair_noElitism_none,38,shift_vector,1000,0,50.0,0.9,0.1,60.0,tournament,arithmetic,uniform,zero,3.0,True,False,none,5.0,,,,,,,,,,,,,,,,,,,,,,,,,,,,,,,,,,,,,,,
J30_1.RCP,1,80.19736842105262,0.49508094787597656,GA_tournament_arithmetic_uniform_zero_repair_noElitism_none,38,shift_vector,1000,1,50.0,0.9,0.1,60.0,tournament,arithmetic,uniform,zero,3.0,True,False,none,5.0,,,,,,,,,,,,,,,,,,,,,,,,,,,,,,,,,,,,,,,
J30_1.RCP,0,79.88157894736842,0.4895589351654053,GA_tournament_arithmetic_uniform_zero_repair_noElitism_swap,38,shift_vector,1000,0,50.0,0.9,0.1,60.0,tournament,arithmetic,uniform,zero,3.0,True,False,swap,5.0,,,,,,,,,,,,,,,,,,,,,,,,,,,,,,,,,,,,,,,
J30_1.RCP,1,70.77631578947368,0.48846983909606934,GA_tournament_arithmetic_uniform_zero_repair_noElitism_swap,38,shift_vector,1000,1,50.0,0.9,0.1,60.0,tournament,arithmetic,uniform,zero,3.0,True,False,swap,5.0,,,,,,,,,,,,,,,,,,,,,,,,,,,,,,,,,,,,,,,
J30_1.RCP,0,76.88157894736842,0.4156508445739746,GA_tournament_arithmetic_uniform_zero_noRepair_elitism_none,38,shift_vector,1000,0,50.0,0.9,0.1,60.0,tournament,arithmetic,uniform,zero,3.0,False,True,none,5.0,,,,,,,,,,,,,,,,,,,,,,,,,,,,,,,,,,,,,,,
J30_1.RCP,1,71.5657894736842,0.4095916748046875,GA_tournament_arithmetic_uniform_zero_noRepair_elitism_none,38,shift_vector,1000,1,50.0,0.9,0.1,60.0,tournament,arithmetic,uniform,zero,3.0,False,True,none,5.0,,,,,,,,,,,,,,,,,,,,,,,,,,,,,,,,,,,,,,,
J30_1.RCP,0,73.61842105263158,0.42406201362609863,GA_tournament_arithmetic_uniform_zero_noRepair_elitism_swap,38,shift_vector,1000,0,50.0,0.9,0.1,60.0,tournament,arithmetic,uniform,zero,3.0,False,True,swap,5.0,,,,,,,,,,,,,,,,,,,,,,,,,,,,,,,,,,,,,,,
J30_1.RCP,1,74.09210526315789,0.4144880771636963,GA_tournament_arithmetic_uniform_zero_noRepair_elitism_swap,38,shift_vector,1000,1,50.0,0.9,0.1,60.0,tournament,arithmetic,uniform,zero,3.0,False,True,swap,5.0,,,,,,,,,,,,,,,,,,,,,,,,,,,,,,,,,,,,,,,
J30_1.RCP,0,67.61842105263158,0.4849090576171875,GA_tournament_arithmetic_uniform_zero_noRepair_noElitism_none,38,shift_vector,1000,0,50.0,0.9,0.1,60.0,tournament,arithmetic,uniform,zero,3.0,False,False,none,5.0,,,,,,,,,,,,,,,,,,,,,,,,,,,,,,,,,,,,,,,
J30_1.RCP,1,80.19736842105262,0.49431490898132324,GA_tournament_arithmetic_uniform_zero_noRepair_noElitism_none,38,shift_vector,1000,1,50.0,0.9,0.1,60.0,tournament,arithmetic,uniform,zero,3.0,False,False,none,5.0,,,,,,,,,,,,,,,,,,,,,,,,,,,,,,,,,,,,,,,
J30_1.RCP,0,79.88157894736842,0.4925251007080078,GA_tournament_arithmetic_uniform_zero_noRepair_noElitism_swap,38,shift_vector,1000,0,50.0,0.9,0.1,60.0,tournament,arithmetic,uniform,zero,3.0,False,False,swap,5.0,,,,,,,,,,,,,,,,,,,,,,,,,,,,,,,,,,,,,,,
J30_1.RCP,1,70.77631578947368,0.4843449592590332,GA_tournament_arithmetic_uniform_zero_noRepair_noElitism_swap,38,shift_vector,1000,1,50.0,0.9,0.1,60.0,tournament,arithmetic,uniform,zero,3.0,False,False,swap,5.0,,,,,,,,,,,,,,,,,,,,,,,,,,,,,,,,,,,,,,,
J30_1.RCP,0,82.5657894736842,0.41192197799682617,GA_tournament_arithmetic_gaussian_random_repair_elitism_none,38,shift_vector,1000,0,50.0,0.9,0.1,60.0,tournament,arithmetic,gaussian,random,3.0,True,True,none,5.0,,,,,,,,,,,,,,,,,,,,,,,,,,,,,,,,,,,,,,,
J30_1.RCP,1,80.88157894736842,0.402601957321167,GA_tournament_arithmetic_gaussian_random_repair_elitism_none,38,shift_vector,1000,1,50.0,0.9,0.1,60.0,tournament,arithmetic,gaussian,random,3.0,True,True,none,5.0,,,,,,,,,,,,,,,,,,,,,,,,,,,,,,,,,,,,,,,
J30_1.RCP,0,74.98684210526316,0.41630005836486816,GA_tournament_arithmetic_gaussian_random_repair_elitism_swap,38,shift_vector,1000,0,50.0,0.9,0.1,60.0,tournament,arithmetic,gaussian,random,3.0,True,True,swap,5.0,,,,,,,,,,,,,,,,,,,,,,,,,,,,,,,,,,,,,,,
J30_1.RCP,1,76.67105263157895,0.41088104248046875,GA_tournament_arithmetic_gaussian_random_repair_elitism_swap,38,shift_vector,1000,1,50.0,0.9,0.1,60.0,tournament,arithmetic,gaussian,random,3.0,True,True,swap,5.0,,,,,,,,,,,,,,,,,,,,,,,,,,,,,,,,,,,,,,,
J30_1.RCP,0,80.35526315789474,0.48975396156311035,GA_tournament_arithmetic_gaussian_random_repair_noElitism_none,38,shift_vector,1000,0,50.0,0.9,0.1,60.0,tournament,arithmetic,gaussian,random,3.0,True,False,none,5.0,,,,,,,,,,,,,,,,,,,,,,,,,,,,,,,,,,,,,,,
J30_1.RCP,1,76.9342105263158,0.4759647846221924,GA_tournament_arithmetic_gaussian_random_repair_noElitism_none,38,shift_vector,1000,1,50.0,0.9,0.1,60.0,tournament,arithmetic,gaussian,random,3.0,True,False,none,5.0,,,,,,,,,,,,,,,,,,,,,,,,,,,,,,,,,,,,,,,
J30_1.RCP,0,83.19736842105263,0.49053192138671875,GA_tournament_arithmetic_gaussian_random_repair_noElitism_swap,38,shift_vector,1000,0,50.0,0.9,0.1,60.0,tournament,arithmetic,gaussian,random,3.0,True,False,swap,5.0,,,,,,,,,,,,,,,,,,,,,,,,,,,,,,,,,,,,,,,
J30_1.RCP,1,78.72368421052632,0.4844489097595215,GA_tournament_arithmetic_gaussian_random_repair_noElitism_swap,38,shift_vector,1000,1,50.0,0.9,0.1,60.0,tournament,arithmetic,gaussian,random,3.0,True,False,swap,5.0,,,,,,,,,,,,,,,,,,,,,,,,,,,,,,,,,,,,,,,
J30_1.RCP,0,82.5657894736842,0.41280174255371094,GA_tournament_arithmetic_gaussian_random_noRepair_elitism_none,38,shift_vector,1000,0,50.0,0.9,0.1,60.0,tournament,arithmetic,gaussian,random,3.0,False,True,none,5.0,,,,,,,,,,,,,,,,,,,,,,,,,,,,,,,,,,,,,,,
J30_1.RCP,1,80.88157894736842,0.4517810344696045,GA_tournament_arithmetic_gaussian_random_noRepair_elitism_none,38,shift_vector,1000,1,50.0,0.9,0.1,60.0,tournament,arithmetic,gaussian,random,3.0,False,True,none,5.0,,,,,,,,,,,,,,,,,,,,,,,,,,,,,,,,,,,,,,,
J30_1.RCP,0,74.98684210526316,0.4385969638824463,GA_tournament_arithmetic_gaussian_random_noRepair_elitism_swap,38,shift_vector,1000,0,50.0,0.9,0.1,60.0,tournament,arithmetic,gaussian,random,3.0,False,True,swap,5.0,,,,,,,,,,,,,,,,,,,,,,,,,,,,,,,,,,,,,,,
J30_1.RCP,1,76.67105263157895,0.5141520500183105,GA_tournament_arithmetic_gaussian_random_noRepair_elitism_swap,38,shift_vector,1000,1,50.0,0.9,0.1,60.0,tournament,arithmetic,gaussian,random,3.0,False,True,swap,5.0,,,,,,,,,,,,,,,,,,,,,,,,,,,,,,,,,,,,,,,
J30_1.RCP,0,80.35526315789474,0.4897737503051758,GA_tournament_arithmetic_gaussian_random_noRepair_noElitism_none,38,shift_vector,1000,0,50.0,0.9,0.1,60.0,tournament,arithmetic,gaussian,random,3.0,False,False,none,5.0,,,,,,,,,,,,,,,,,,,,,,,,,,,,,,,,,,,,,,,
J30_1.RCP,1,76.9342105263158,0.4754970073699951,GA_tournament_arithmetic_gaussian_random_noRepair_noElitism_none,38,shift_vector,1000,1,50.0,0.9,0.1,60.0,tournament,arithmetic,gaussian,random,3.0,False,False,none,5.0,,,,,,,,,,,,,,,,,,,,,,,,,,,,,,,,,,,,,,,
J30_1.RCP,0,83.19736842105263,0.4886198043823242,GA_tournament_arithmetic_gaussian_random_noRepair_noElitism_swap,38,shift_vector,1000,0,50.0,0.9,0.1,60.0,tournament,arithmetic,gaussian,random,3.0,False,False,swap,5.0,,,,,,,,,,,,,,,,,,,,,,,,,,,,,,,,,,,,,,,
J30_1.RCP,1,78.72368421052632,0.4770960807800293,GA_tournament_arithmetic_gaussian_random_noRepair_noElitism_swap,38,shift_vector,1000,1,50.0,0.9,0.1,60.0,tournament,arithmetic,gaussian,random,3.0,False,False,swap,5.0,,,,,,,,,,,,,,,,,,,,,,,,,,,,,,,,,,,,,,,
J30_1.RCP,0,82.5657894736842,0.46692609786987305,GA_tournament_arithmetic_gaussian_zero_repair_elitism_none,38,shift_vector,1000,0,50.0,0.9,0.1,60.0,tournament,arithmetic,gaussian,zero,3.0,True,True,none,5.0,,,,,,,,,,,,,,,,,,,,,,,,,,,,,,,,,,,,,,,
J30_1.RCP,1,80.88157894736842,0.4003298282623291,GA_tournament_arithmetic_gaussian_zero_repair_elitism_none,38,shift_vector,1000,1,50.0,0.9,0.1,60.0,tournament,arithmetic,gaussian,zero,3.0,True,True,none,5.0,,,,,,,,,,,,,,,,,,,,,,,,,,,,,,,,,,,,,,,
J30_1.RCP,0,74.98684210526316,0.42298316955566406,GA_tournament_arithmetic_gaussian_zero_repair_elitism_swap,38,shift_vector,1000,0,50.0,0.9,0.1,60.0,tournament,arithmetic,gaussian,zero,3.0,True,True,swap,5.0,,,,,,,,,,,,,,,,,,,,,,,,,,,,,,,,,,,,,,,
J30_1.RCP,1,76.67105263157895,0.42183494567871094,GA_tournament_arithmetic_gaussian_zero_repair_elitism_swap,38,shift_vector,1000,1,50.0,0.9,0.1,60.0,tournament,arithmetic,gaussian,zero,3.0,True,True,swap,5.0,,,,,,,,,,,,,,,,,,,,,,,,,,,,,,,,,,,,,,,
J30_1.RCP,0,80.35526315789474,0.5031852722167969,GA_tournament_arithmetic_gaussian_zero_repair_noElitism_none,38,shift_vector,1000,0,50.0,0.9,0.1,60.0,tournament,arithmetic,gaussian,zero,3.0,True,False,none,5.0,,,,,,,,,,,,,,,,,,,,,,,,,,,,,,,,,,,,,,,
J30_1.RCP,1,76.9342105263158,0.4873080253601074,GA_tournament_arithmetic_gaussian_zero_repair_noElitism_none,38,shift_vector,1000,1,50.0,0.9,0.1,60.0,tournament,arithmetic,gaussian,zero,3.0,True,False,none,5.0,,,,,,,,,,,,,,,,,,,,,,,,,,,,,,,,,,,,,,,
J30_1.RCP,0,83.19736842105263,0.4961700439453125,GA_tournament_arithmetic_gaussian_zero_repair_noElitism_swap,38,shift_vector,1000,0,50.0,0.9,0.1,60.0,tournament,arithmetic,gaussian,zero,3.0,True,False,swap,5.0,,,,,,,,,,,,,,,,,,,,,,,,,,,,,,,,,,,,,,,
J30_1.RCP,1,78.72368421052632,0.47771596908569336,GA_tournament_arithmetic_gaussian_zero_repair_noElitism_swap,38,shift_vector,1000,1,50.0,0.9,0.1,60.0,tournament,arithmetic,gaussian,zero,3.0,True,False,swap,5.0,,,,,,,,,,,,,,,,,,,,,,,,,,,,,,,,,,,,,,,
J30_1.RCP,0,82.5657894736842,0.4150571823120117,GA_tournament_arithmetic_gaussian_zero_noRepair_elitism_none,38,shift_vector,1000,0,50.0,0.9,0.1,60.0,tournament,arithmetic,gaussian,zero,3.0,False,True,none,5.0,,,,,,,,,,,,,,,,,,,,,,,,,,,,,,,,,,,,,,,
J30_1.RCP,1,80.88157894736842,0.40352296829223633,GA_tournament_arithmetic_gaussian_zero_noRepair_elitism_none,38,shift_vector,1000,1,50.0,0.9,0.1,60.0,tournament,arithmetic,gaussian,zero,3.0,False,True,none,5.0,,,,,,,,,,,,,,,,,,,,,,,,,,,,,,,,,,,,,,,
J30_1.RCP,0,74.98684210526316,0.4226391315460205,GA_tournament_arithmetic_gaussian_zero_noRepair_elitism_swap,38,shift_vector,1000,0,50.0,0.9,0.1,60.0,tournament,arithmetic,gaussian,zero,3.0,False,True,swap,5.0,,,,,,,,,,,,,,,,,,,,,,,,,,,,,,,,,,,,,,,
J30_1.RCP,1,76.67105263157895,0.41620707511901855,GA_tournament_arithmetic_gaussian_zero_noRepair_elitism_swap,38,shift_vector,1000,1,50.0,0.9,0.1,60.0,tournament,arithmetic,gaussian,zero,3.0,False,True,swap,5.0,,,,,,,,,,,,,,,,,,,,,,,,,,,,,,,,,,,,,,,
J30_1.RCP,0,80.35526315789474,0.4919312000274658,GA_tournament_arithmetic_gaussian_zero_noRepair_noElitism_none,38,shift_vector,1000,0,50.0,0.9,0.1,60.0,tournament,arithmetic,gaussian,zero,3.0,False,False,none,5.0,,,,,,,,,,,,,,,,,,,,,,,,,,,,,,,,,,,,,,,
J30_1.RCP,1,76.9342105263158,0.5282566547393799,GA_tournament_arithmetic_gaussian_zero_noRepair_noElitism_none,38,shift_vector,1000,1,50.0,0.9,0.1,60.0,tournament,arithmetic,gaussian,zero,3.0,False,False,none,5.0,,,,,,,,,,,,,,,,,,,,,,,,,,,,,,,,,,,,,,,
J30_1.RCP,0,83.19736842105263,0.48848724365234375,GA_tournament_arithmetic_gaussian_zero_noRepair_noElitism_swap,38,shift_vector,1000,0,50.0,0.9,0.1,60.0,tournament,arithmetic,gaussian,zero,3.0,False,False,swap,5.0,,,,,,,,,,,,,,,,,,,,,,,,,,,,,,,,,,,,,,,
J30_1.RCP,1,78.72368421052632,0.4632861614227295,GA_tournament_arithmetic_gaussian_zero_noRepair_noElitism_swap,38,shift_vector,1000,1,50.0,0.9,0.1,60.0,tournament,arithmetic,gaussian,zero,3.0,False,False,swap,5.0,,,,,,,,,,,,,,,,,,,,,,,,,,,,,,,,,,,,,,,
J30_1.RCP,0,87.72368421052632,0.4120502471923828,GA_tournament_arithmetic_polynomial_random_repair_elitism_none,38,shift_vector,1000,0,50.0,0.9,0.1,60.0,tournament,arithmetic,polynomial,random,3.0,True,True,none,5.0,,,,,,,,,,,,,,,,,,,,,,,,,,,,,,,,,,,,,,,
J30_1.RCP,1,76.61842105263158,0.46819210052490234,GA_tournament_arithmetic_polynomial_random_repair_elitism_none,38,shift_vector,1000,1,50.0,0.9,0.1,60.0,tournament,arithmetic,polynomial,random,3.0,True,True,none,5.0,,,,,,,,,,,,,,,,,,,,,,,,,,,,,,,,,,,,,,,
J30_1.RCP,0,83.03947368421052,0.4291410446166992,GA_tournament_arithmetic_polynomial_random_repair_elitism_swap,38,shift_vector,1000,0,50.0,0.9,0.1,60.0,tournament,arithmetic,polynomial,random,3.0,True,True,swap,5.0,,,,,,,,,,,,,,,,,,,,,,,,,,,,,,,,,,,,,,,
J30_1.RCP,1,75.98684210526316,0.4164619445800781,GA_tournament_arithmetic_polynomial_random_repair_elitism_swap,38,shift_vector,1000,1,50.0,0.9,0.1,60.0,tournament,arithmetic,polynomial,random,3.0,True,True,swap,5.0,,,,,,,,,,,,,,,,,,,,,,,,,,,,,,,,,,,,,,,
J30_1.RCP,0,76.35526315789474,0.5004279613494873,GA_tournament_arithmetic_polynomial_random_repair_noElitism_none,38,shift_vector,1000,0,50.0,0.9,0.1,60.0,tournament,arithmetic,polynomial,random,3.0,True,False,none,5.0,,,,,,,,,,,,,,,,,,,,,,,,,,,,,,,,,,,,,,,
J30_1.RCP,1,80.25,0.4769299030303955,GA_tournament_arithmetic_polynomial_random_repair_noElitism_none,38,shift_vector,1000,1,50.0,0.9,0.1,60.0,tournament,arithmetic,polynomial,random,3.0,True,False,none,5.0,,,,,,,,,,,,,,,,,,,,,,,,,,,,,,,,,,,,,,,
J30_1.RCP,0,82.35526315789474,0.4910900592803955,GA_tournament_arithmetic_polynomial_random_repair_noElitism_swap,38,shift_vector,1000,0,50.0,0.9,0.1,60.0,tournament,arithmetic,polynomial,random,3.0,True,False,swap,5.0,,,,,,,,,,,,,,,,,,,,,,,,,,,,,,,,,,,,,,,
J30_1.RCP,1,64.82894736842105,0.4766378402709961,GA_tournament_arithmetic_polynomial_random_repair_noElitism_swap,38,shift_vector,1000,1,50.0,0.9,0.1,60.0,tournament,arithmetic,polynomial,random,3.0,True,False,swap,5.0,,,,,,,,,,,,,,,,,,,,,,,,,,,,,,,,,,,,,,,
J30_1.RCP,0,87.72368421052632,0.4106869697570801,GA_tournament_arithmetic_polynomial_random_noRepair_elitism_none,38,shift_vector,1000,0,50.0,0.9,0.1,60.0,tournament,arithmetic,polynomial,random,3.0,False,True,none,5.0,,,,,,,,,,,,,,,,,,,,,,,,,,,,,,,,,,,,,,,
J30_1.RCP,1,76.61842105263158,0.4046630859375,GA_tournament_arithmetic_polynomial_random_noRepair_elitism_none,38,shift_vector,1000,1,50.0,0.9,0.1,60.0,tournament,arithmetic,polynomial,random,3.0,False,True,none,5.0,,,,,,,,,,,,,,,,,,,,,,,,,,,,,,,,,,,,,,,
J30_1.RCP,0,83.03947368421052,0.427793025970459,GA_tournament_arithmetic_polynomial_random_noRepair_elitism_swap,38,shift_vector,1000,0,50.0,0.9,0.1,60.0,tournament,arithmetic,polynomial,random,3.0,False,True,swap,5.0,,,,,,,,,,,,,,,,,,,,,,,,,,,,,,,,,,,,,,,
J30_1.RCP,1,75.98684210526316,0.41611385345458984,GA_tournament_arithmetic_polynomial_random_noRepair_elitism_swap,38,shift_vector,1000,1,50.0,0.9,0.1,60.0,tournament,arithmetic,polynomial,random,3.0,False,True,swap,5.0,,,,,,,,,,,,,,,,,,,,,,,,,,,,,,,,,,,,,,,
J30_1.RCP,0,76.35526315789474,0.49747705459594727,GA_tournament_arithmetic_polynomial_random_noRepair_noElitism_none,38,shift_vector,1000,0,50.0,0.9,0.1,60.0,tournament,arithmetic,polynomial,random,3.0,False,False,none,5.0,,,,,,,,,,,,,,,,,,,,,,,,,,,,,,,,,,,,,,,
J30_1.RCP,1,80.25,0.4778261184692383,GA_tournament_arithmetic_polynomial_random_noRepair_noElitism_none,38,shift_vector,1000,1,50.0,0.9,0.1,60.0,tournament,arithmetic,polynomial,random,3.0,False,False,none,5.0,,,,,,,,,,,,,,,,,,,,,,,,,,,,,,,,,,,,,,,
J30_1.RCP,0,82.35526315789474,0.48246002197265625,GA_tournament_arithmetic_polynomial_random_noRepair_noElitism_swap,38,shift_vector,1000,0,50.0,0.9,0.1,60.0,tournament,arithmetic,polynomial,random,3.0,False,False,swap,5.0,,,,,,,,,,,,,,,,,,,,,,,,,,,,,,,,,,,,,,,
J30_1.RCP,1,64.82894736842105,0.4686160087585449,GA_tournament_arithmetic_polynomial_random_noRepair_noElitism_swap,38,shift_vector,1000,1,50.0,0.9,0.1,60.0,tournament,arithmetic,polynomial,random,3.0,False,False,swap,5.0,,,,,,,,,,,,,,,,,,,,,,,,,,,,,,,,,,,,,,,
J30_1.RCP,0,87.72368421052632,0.41423606872558594,GA_tournament_arithmetic_polynomial_zero_repair_elitism_none,38,shift_vector,1000,0,50.0,0.9,0.1,60.0,tournament,arithmetic,polynomial,zero,3.0,True,True,none,5.0,,,,,,,,,,,,,,,,,,,,,,,,,,,,,,,,,,,,,,,
J30_1.RCP,1,76.61842105263158,0.40625834465026855,GA_tournament_arithmetic_polynomial_zero_repair_elitism_none,38,shift_vector,1000,1,50.0,0.9,0.1,60.0,tournament,arithmetic,polynomial,zero,3.0,True,True,none,5.0,,,,,,,,,,,,,,,,,,,,,,,,,,,,,,,,,,,,,,,
J30_1.RCP,0,83.03947368421052,0.42131710052490234,GA_tournament_arithmetic_polynomial_zero_repair_elitism_swap,38,shift_vector,1000,0,50.0,0.9,0.1,60.0,tournament,arithmetic,polynomial,zero,3.0,True,True,swap,5.0,,,,,,,,,,,,,,,,,,,,,,,,,,,,,,,,,,,,,,,
J30_1.RCP,1,75.98684210526316,0.4602837562561035,GA_tournament_arithmetic_polynomial_zero_repair_elitism_swap,38,shift_vector,1000,1,50.0,0.9,0.1,60.0,tournament,arithmetic,polynomial,zero,3.0,True,True,swap,5.0,,,,,,,,,,,,,,,,,,,,,,,,,,,,,,,,,,,,,,,
J30_1.RCP,0,76.35526315789474,0.49419283866882324,GA_tournament_arithmetic_polynomial_zero_repair_noElitism_none,38,shift_vector,1000,0,50.0,0.9,0.1,60.0,tournament,arithmetic,polynomial,zero,3.0,True,False,none,5.0,,,,,,,,,,,,,,,,,,,,,,,,,,,,,,,,,,,,,,,
J30_1.RCP,1,80.25,0.48151302337646484,GA_tournament_arithmetic_polynomial_zero_repair_noElitism_none,38,shift_vector,1000,1,50.0,0.9,0.1,60.0,tournament,arithmetic,polynomial,zero,3.0,True,False,none,5.0,,,,,,,,,,,,,,,,,,,,,,,,,,,,,,,,,,,,,,,
J30_1.RCP,0,82.35526315789474,0.4936378002166748,GA_tournament_arithmetic_polynomial_zero_repair_noElitism_swap,38,shift_vector,1000,0,50.0,0.9,0.1,60.0,tournament,arithmetic,polynomial,zero,3.0,True,False,swap,5.0,,,,,,,,,,,,,,,,,,,,,,,,,,,,,,,,,,,,,,,
J30_1.RCP,1,64.82894736842105,0.48191094398498535,GA_tournament_arithmetic_polynomial_zero_repair_noElitism_swap,38,shift_vector,1000,1,50.0,0.9,0.1,60.0,tournament,arithmetic,polynomial,zero,3.0,True,False,swap,5.0,,,,,,,,,,,,,,,,,,,,,,,,,,,,,,,,,,,,,,,
J30_1.RCP,0,87.72368421052632,0.41222310066223145,GA_tournament_arithmetic_polynomial_zero_noRepair_elitism_none,38,shift_vector,1000,0,50.0,0.9,0.1,60.0,tournament,arithmetic,polynomial,zero,3.0,False,True,none,5.0,,,,,,,,,,,,,,,,,,,,,,,,,,,,,,,,,,,,,,,
J30_1.RCP,1,76.61842105263158,0.40480685234069824,GA_tournament_arithmetic_polynomial_zero_noRepair_elitism_none,38,shift_vector,1000,1,50.0,0.9,0.1,60.0,tournament,arithmetic,polynomial,zero,3.0,False,True,none,5.0,,,,,,,,,,,,,,,,,,,,,,,,,,,,,,,,,,,,,,,
J30_1.RCP,0,83.03947368421052,0.42621684074401855,GA_tournament_arithmetic_polynomial_zero_noRepair_elitism_swap,38,shift_vector,1000,0,50.0,0.9,0.1,60.0,tournament,arithmetic,polynomial,zero,3.0,False,True,swap,5.0,,,,,,,,,,,,,,,,,,,,,,,,,,,,,,,,,,,,,,,
J30_1.RCP,1,75.98684210526316,0.4134640693664551,GA_tournament_arithmetic_polynomial_zero_noRepair_elitism_swap,38,shift_vector,1000,1,50.0,0.9,0.1,60.0,tournament,arithmetic,polynomial,zero,3.0,False,True,swap,5.0,,,,,,,,,,,,,,,,,,,,,,,,,,,,,,,,,,,,,,,
J30_1.RCP,0,76.35526315789474,0.49236392974853516,GA_tournament_arithmetic_polynomial_zero_noRepair_noElitism_none,38,shift_vector,1000,0,50.0,0.9,0.1,60.0,tournament,arithmetic,polynomial,zero,3.0,False,False,none,5.0,,,,,,,,,,,,,,,,,,,,,,,,,,,,,,,,,,,,,,,
J30_1.RCP,1,80.25,0.480226993560791,GA_tournament_arithmetic_polynomial_zero_noRepair_noElitism_none,38,shift_vector,1000,1,50.0,0.9,0.1,60.0,tournament,arithmetic,polynomial,zero,3.0,False,False,none,5.0,,,,,,,,,,,,,,,,,,,,,,,,,,,,,,,,,,,,,,,
J30_1.RCP,0,82.35526315789474,0.4926140308380127,GA_tournament_arithmetic_polynomial_zero_noRepair_noElitism_swap,38,shift_vector,1000,0,50.0,0.9,0.1,60.0,tournament,arithmetic,polynomial,zero,3.0,False,False,swap,5.0,,,,,,,,,,,,,,,,,,,,,,,,,,,,,,,,,,,,,,,
J30_1.RCP,1,64.82894736842105,0.4703209400177002,GA_tournament_arithmetic_polynomial_zero_noRepair_noElitism_swap,38,shift_vector,1000,1,50.0,0.9,0.1,60.0,tournament,arithmetic,polynomial,zero,3.0,False,False,swap,5.0,,,,,,,,,,,,,,,,,,,,,,,,,,,,,,,,,,,,,,,
J30_1.RCP,0,90.14473684210526,0.40706682205200195,GA_tournament_arithmetic_swap_random_repair_elitism_none,38,shift_vector,1000,0,50.0,0.9,0.1,60.0,tournament,arithmetic,swap,random,3.0,True,True,none,5.0,,,,,,,,,,,,,,,,,,,,,,,,,,,,,,,,,,,,,,,
J30_1.RCP,1,83.9342105263158,0.3975701332092285,GA_tournament_arithmetic_swap_random_repair_elitism_none,38,shift_vector,1000,1,50.0,0.9,0.1,60.0,tournament,arithmetic,swap,random,3.0,True,True,none,5.0,,,,,,,,,,,,,,,,,,,,,,,,,,,,,,,,,,,,,,,
J30_1.RCP,0,85.88157894736842,0.4094669818878174,GA_tournament_arithmetic_swap_random_repair_elitism_swap,38,shift_vector,1000,0,50.0,0.9,0.1,60.0,tournament,arithmetic,swap,random,3.0,True,True,swap,5.0,,,,,,,,,,,,,,,,,,,,,,,,,,,,,,,,,,,,,,,
J30_1.RCP,1,86.82894736842105,0.41506505012512207,GA_tournament_arithmetic_swap_random_repair_elitism_swap,38,shift_vector,1000,1,50.0,0.9,0.1,60.0,tournament,arithmetic,swap,random,3.0,True,True,swap,5.0,,,,,,,,,,,,,,,,,,,,,,,,,,,,,,,,,,,,,,,
J30_1.RCP,0,91.77631578947368,0.47861814498901367,GA_tournament_arithmetic_swap_random_repair_noElitism_none,38,shift_vector,1000,0,50.0,0.9,0.1,60.0,tournament,arithmetic,swap,random,3.0,True,False,none,5.0,,,,,,,,,,,,,,,,,,,,,,,,,,,,,,,,,,,,,,,
J30_1.RCP,1,86.03947368421052,0.45604395866394043,GA_tournament_arithmetic_swap_random_repair_noElitism_none,38,shift_vector,1000,1,50.0,0.9,0.1,60.0,tournament,arithmetic,swap,random,3.0,True,False,none,5.0,,,,,,,,,,,,,,,,,,,,,,,,,,,,,,,,,,,,,,,
J30_1.RCP,0,91.77631578947368,0.47980618476867676,GA_tournament_arithmetic_swap_random_repair_noElitism_swap,38,shift_vector,1000,0,50.0,0.9,0.1,60.0,tournament,arithmetic,swap,random,3.0,True,False,swap,5.0,,,,,,,,,,,,,,,,,,,,,,,,,,,,,,,,,,,,,,,
J30_1.RCP,1,84.61842105263158,0.45136380195617676,GA_tournament_arithmetic_swap_random_repair_noElitism_swap,38,shift_vector,1000,1,50.0,0.9,0.1,60.0,tournament,arithmetic,swap,random,3.0,True,False,swap,5.0,,,,,,,,,,,,,,,,,,,,,,,,,,,,,,,,,,,,,,,
J30_1.RCP,0,90.14473684210526,0.4078049659729004,GA_tournament_arithmetic_swap_random_noRepair_elitism_none,38,shift_vector,1000,0,50.0,0.9,0.1,60.0,tournament,arithmetic,swap,random,3.0,False,True,none,5.0,,,,,,,,,,,,,,,,,,,,,,,,,,,,,,,,,,,,,,,
J30_1.RCP,1,83.9342105263158,0.4114680290222168,GA_tournament_arithmetic_swap_random_noRepair_elitism_none,38,shift_vector,1000,1,50.0,0.9,0.1,60.0,tournament,arithmetic,swap,random,3.0,False,True,none,5.0,,,,,,,,,,,,,,,,,,,,,,,,,,,,,,,,,,,,,,,
J30_1.RCP,0,85.88157894736842,0.410689115524292,GA_tournament_arithmetic_swap_random_noRepair_elitism_swap,38,shift_vector,1000,0,50.0,0.9,0.1,60.0,tournament,arithmetic,swap,random,3.0,False,True,swap,5.0,,,,,,,,,,,,,,,,,,,,,,,,,,,,,,,,,,,,,,,
J30_1.RCP,1,86.82894736842105,0.41335487365722656,GA_tournament_arithmetic_swap_random_noRepair_elitism_swap,38,shift_vector,1000,1,50.0,0.9,0.1,60.0,tournament,arithmetic,swap,random,3.0,False,True,swap,5.0,,,,,,,,,,,,,,,,,,,,,,,,,,,,,,,,,,,,,,,
J30_1.RCP,0,91.77631578947368,0.47686290740966797,GA_tournament_arithmetic_swap_random_noRepair_noElitism_none,38,shift_vector,1000,0,50.0,0.9,0.1,60.0,tournament,arithmetic,swap,random,3.0,False,False,none,5.0,,,,,,,,,,,,,,,,,,,,,,,,,,,,,,,,,,,,,,,
J30_1.RCP,1,86.03947368421052,0.4563419818878174,GA_tournament_arithmetic_swap_random_noRepair_noElitism_none,38,shift_vector,1000,1,50.0,0.9,0.1,60.0,tournament,arithmetic,swap,random,3.0,False,False,none,5.0,,,,,,,,,,,,,,,,,,,,,,,,,,,,,,,,,,,,,,,
J30_1.RCP,0,91.77631578947368,0.47791385650634766,GA_tournament_arithmetic_swap_random_noRepair_noElitism_swap,38,shift_vector,1000,0,50.0,0.9,0.1,60.0,tournament,arithmetic,swap,random,3.0,False,False,swap,5.0,,,,,,,,,,,,,,,,,,,,,,,,,,,,,,,,,,,,,,,
J30_1.RCP,1,84.61842105263158,0.4521059989929199,GA_tournament_arithmetic_swap_random_noRepair_noElitism_swap,38,shift_vector,1000,1,50.0,0.9,0.1,60.0,tournament,arithmetic,swap,random,3.0,False,False,swap,5.0,,,,,,,,,,,,,,,,,,,,,,,,,,,,,,,,,,,,,,,
J30_1.RCP,0,90.14473684210526,0.40853190422058105,GA_tournament_arithmetic_swap_zero_repair_elitism_none,38,shift_vector,1000,0,50.0,0.9,0.1,60.0,tournament,arithmetic,swap,zero,3.0,True,True,none,5.0,,,,,,,,,,,,,,,,,,,,,,,,,,,,,,,,,,,,,,,
J30_1.RCP,1,83.9342105263158,0.3970921039581299,GA_tournament_arithmetic_swap_zero_repair_elitism_none,38,shift_vector,1000,1,50.0,0.9,0.1,60.0,tournament,arithmetic,swap,zero,3.0,True,True,none,5.0,,,,,,,,,,,,,,,,,,,,,,,,,,,,,,,,,,,,,,,
J30_1.RCP,0,85.88157894736842,0.4066340923309326,GA_tournament_arithmetic_swap_zero_repair_elitism_swap,38,shift_vector,1000,0,50.0,0.9,0.1,60.0,tournament,arithmetic,swap,zero,3.0,True,True,swap,5.0,,,,,,,,,,,,,,,,,,,,,,,,,,,,,,,,,,,,,,,
J30_1.RCP,1,86.82894736842105,0.40655016899108887,GA_tournament_arithmetic_swap_zero_repair_elitism_swap,38,shift_vector,1000,1,50.0,0.9,0.1,60.0,tournament,arithmetic,swap,zero,3.0,True,True,swap,5.0,,,,,,,,,,,,,,,,,,,,,,,,,,,,,,,,,,,,,,,
J30_1.RCP,0,91.77631578947368,0.4702582359313965,GA_tournament_arithmetic_swap_zero_repair_noElitism_none,38,shift_vector,1000,0,50.0,0.9,0.1,60.0,tournament,arithmetic,swap,zero,3.0,True,False,none,5.0,,,,,,,,,,,,,,,,,,,,,,,,,,,,,,,,,,,,,,,
J30_1.RCP,1,86.03947368421052,0.4540879726409912,GA_tournament_arithmetic_swap_zero_repair_noElitism_none,38,shift_vector,1000,1,50.0,0.9,0.1,60.0,tournament,arithmetic,swap,zero,3.0,True,False,none,5.0,,,,,,,,,,,,,,,,,,,,,,,,,,,,,,,,,,,,,,,
J30_1.RCP,0,91.77631578947368,0.47690606117248535,GA_tournament_arithmetic_swap_zero_repair_noElitism_swap,38,shift_vector,1000,0,50.0,0.9,0.1,60.0,tournament,arithmetic,swap,zero,3.0,True,False,swap,5.0,,,,,,,,,,,,,,,,,,,,,,,,,,,,,,,,,,,,,,,
J30_1.RCP,1,84.61842105263158,0.45052528381347656,GA_tournament_arithmetic_swap_zero_repair_noElitism_swap,38,shift_vector,1000,1,50.0,0.9,0.1,60.0,tournament,arithmetic,swap,zero,3.0,True,False,swap,5.0,,,,,,,,,,,,,,,,,,,,,,,,,,,,,,,,,,,,,,,
J30_1.RCP,0,90.14473684210526,0.4129807949066162,GA_tournament_arithmetic_swap_zero_noRepair_elitism_none,38,shift_vector,1000,0,50.0,0.9,0.1,60.0,tournament,arithmetic,swap,zero,3.0,False,True,none,5.0,,,,,,,,,,,,,,,,,,,,,,,,,,,,,,,,,,,,,,,
J30_1.RCP,1,83.9342105263158,0.39652013778686523,GA_tournament_arithmetic_swap_zero_noRepair_elitism_none,38,shift_vector,1000,1,50.0,0.9,0.1,60.0,tournament,arithmetic,swap,zero,3.0,False,True,none,5.0,,,,,,,,,,,,,,,,,,,,,,,,,,,,,,,,,,,,,,,
J30_1.RCP,0,85.88157894736842,0.4125370979309082,GA_tournament_arithmetic_swap_zero_noRepair_elitism_swap,38,shift_vector,1000,0,50.0,0.9,0.1,60.0,tournament,arithmetic,swap,zero,3.0,False,True,swap,5.0,,,,,,,,,,,,,,,,,,,,,,,,,,,,,,,,,,,,,,,
J30_1.RCP,1,86.82894736842105,0.41045403480529785,GA_tournament_arithmetic_swap_zero_noRepair_elitism_swap,38,shift_vector,1000,1,50.0,0.9,0.1,60.0,tournament,arithmetic,swap,zero,3.0,False,True,swap,5.0,,,,,,,,,,,,,,,,,,,,,,,,,,,,,,,,,,,,,,,
J30_1.RCP,0,91.77631578947368,0.47936487197875977,GA_tournament_arithmetic_swap_zero_noRepair_noElitism_none,38,shift_vector,1000,0,50.0,0.9,0.1,60.0,tournament,arithmetic,swap,zero,3.0,False,False,none,5.0,,,,,,,,,,,,,,,,,,,,,,,,,,,,,,,,,,,,,,,
J30_1.RCP,1,86.03947368421052,0.4546389579772949,GA_tournament_arithmetic_swap_zero_noRepair_noElitism_none,38,shift_vector,1000,1,50.0,0.9,0.1,60.0,tournament,arithmetic,swap,zero,3.0,False,False,none,5.0,,,,,,,,,,,,,,,,,,,,,,,,,,,,,,,,,,,,,,,
J30_1.RCP,0,91.77631578947368,0.47846198081970215,GA_tournament_arithmetic_swap_zero_noRepair_noElitism_swap,38,shift_vector,1000,0,50.0,0.9,0.1,60.0,tournament,arithmetic,swap,zero,3.0,False,False,swap,5.0,,,,,,,,,,,,,,,,,,,,,,,,,,,,,,,,,,,,,,,
J30_1.RCP,1,84.61842105263158,0.4546799659729004,GA_tournament_arithmetic_swap_zero_noRepair_noElitism_swap,38,shift_vector,1000,1,50.0,0.9,0.1,60.0,tournament,arithmetic,swap,zero,3.0,False,False,swap,5.0,,,,,,,,,,,,,,,,,,,,,,,,,,,,,,,,,,,,,,,
J30_1.RCP,0,71.72368421052632,0.42068004608154297,GA_tournament_blend_uniform_random_repair_elitism_none,38,shift_vector,1000,0,50.0,0.9,0.1,60.0,tournament,blend,uniform,random,3.0,True,True,none,5.0,,,,,,,,,,,,,,,,,,,,,,,,,,,,,,,,,,,,,,,
J30_1.RCP,1,76.19736842105263,0.42256903648376465,GA_tournament_blend_uniform_random_repair_elitism_none,38,shift_vector,1000,1,50.0,0.9,0.1,60.0,tournament,blend,uniform,random,3.0,True,True,none,5.0,,,,,,,,,,,,,,,,,,,,,,,,,,,,,,,,,,,,,,,
J30_1.RCP,0,72.88157894736842,0.43209004402160645,GA_tournament_blend_uniform_random_repair_elitism_swap,38,shift_vector,1000,0,50.0,0.9,0.1,60.0,tournament,blend,uniform,random,3.0,True,True,swap,5.0,,,,,,,,,,,,,,,,,,,,,,,,,,,,,,,,,,,,,,,
J30_1.RCP,1,75.98684210526316,0.43921804428100586,GA_tournament_blend_uniform_random_repair_elitism_swap,38,shift_vector,1000,1,50.0,0.9,0.1,60.0,tournament,blend,uniform,random,3.0,True,True,swap,5.0,,,,,,,,,,,,,,,,,,,,,,,,,,,,,,,,,,,,,,,
J30_1.RCP,0,69.25,0.542168140411377,GA_tournament_blend_uniform_random_repair_noElitism_none,38,shift_vector,1000,0,50.0,0.9,0.1,60.0,tournament,blend,uniform,random,3.0,True,False,none,5.0,,,,,,,,,,,,,,,,,,,,,,,,,,,,,,,,,,,,,,,
J30_1.RCP,1,70.30263157894736,0.5348389148712158,GA_tournament_blend_uniform_random_repair_noElitism_none,38,shift_vector,1000,1,50.0,0.9,0.1,60.0,tournament,blend,uniform,random,3.0,True,False,none,5.0,,,,,,,,,,,,,,,,,,,,,,,,,,,,,,,,,,,,,,,
J30_1.RCP,0,65.5657894736842,0.5311388969421387,GA_tournament_blend_uniform_random_repair_noElitism_swap,38,shift_vector,1000,0,50.0,0.9,0.1,60.0,tournament,blend,uniform,random,3.0,True,False,swap,5.0,,,,,,,,,,,,,,,,,,,,,,,,,,,,,,,,,,,,,,,
J30_1.RCP,1,71.93421052631578,0.5275969505310059,GA_tournament_blend_uniform_random_repair_noElitism_swap,38,shift_vector,1000,1,50.0,0.9,0.1,60.0,tournament,blend,uniform,random,3.0,True,False,swap,5.0,,,,,,,,,,,,,,,,,,,,,,,,,,,,,,,,,,,,,,,
J30_1.RCP,0,71.72368421052632,0.4246790409088135,GA_tournament_blend_uniform_random_noRepair_elitism_none,38,shift_vector,1000,0,50.0,0.9,0.1,60.0,tournament,blend,uniform,random,3.0,False,True,none,5.0,,,,,,,,,,,,,,,,,,,,,,,,,,,,,,,,,,,,,,,
J30_1.RCP,1,76.19736842105263,0.42478108406066895,GA_tournament_blend_uniform_random_noRepair_elitism_none,38,shift_vector,1000,1,50.0,0.9,0.1,60.0,tournament,blend,uniform,random,3.0,False,True,none,5.0,,,,,,,,,,,,,,,,,,,,,,,,,,,,,,,,,,,,,,,
J30_1.RCP,0,72.88157894736842,0.4360201358795166,GA_tournament_blend_uniform_random_noRepair_elitism_swap,38,shift_vector,1000,0,50.0,0.9,0.1,60.0,tournament,blend,uniform,random,3.0,False,True,swap,5.0,,,,,,,,,,,,,,,,,,,,,,,,,,,,,,,,,,,,,,,
J30_1.RCP,1,75.98684210526316,0.44245290756225586,GA_tournament_blend_uniform_random_noRepair_elitism_swap,38,shift_vector,1000,1,50.0,0.9,0.1,60.0,tournament,blend,uniform,random,3.0,False,True,swap,5.0,,,,,,,,,,,,,,,,,,,,,,,,,,,,,,,,,,,,,,,
J30_1.RCP,0,69.25,0.540081262588501,GA_tournament_blend_uniform_random_noRepair_noElitism_none,38,shift_vector,1000,0,50.0,0.9,0.1,60.0,tournament,blend,uniform,random,3.0,False,False,none,5.0,,,,,,,,,,,,,,,,,,,,,,,,,,,,,,,,,,,,,,,
J30_1.RCP,1,70.30263157894736,0.5429298877716064,GA_tournament_blend_uniform_random_noRepair_noElitism_none,38,shift_vector,1000,1,50.0,0.9,0.1,60.0,tournament,blend,uniform,random,3.0,False,False,none,5.0,,,,,,,,,,,,,,,,,,,,,,,,,,,,,,,,,,,,,,,
J30_1.RCP,0,65.5657894736842,0.5330140590667725,GA_tournament_blend_uniform_random_noRepair_noElitism_swap,38,shift_vector,1000,0,50.0,0.9,0.1,60.0,tournament,blend,uniform,random,3.0,False,False,swap,5.0,,,,,,,,,,,,,,,,,,,,,,,,,,,,,,,,,,,,,,,
J30_1.RCP,1,71.93421052631578,0.5844039916992188,GA_tournament_blend_uniform_random_noRepair_noElitism_swap,38,shift_vector,1000,1,50.0,0.9,0.1,60.0,tournament,blend,uniform,random,3.0,False,False,swap,5.0,,,,,,,,,,,,,,,,,,,,,,,,,,,,,,,,,,,,,,,
J30_1.RCP,0,71.72368421052632,0.42574405670166016,GA_tournament_blend_uniform_zero_repair_elitism_none,38,shift_vector,1000,0,50.0,0.9,0.1,60.0,tournament,blend,uniform,zero,3.0,True,True,none,5.0,,,,,,,,,,,,,,,,,,,,,,,,,,,,,,,,,,,,,,,
J30_1.RCP,1,76.19736842105263,0.4255409240722656,GA_tournament_blend_uniform_zero_repair_elitism_none,38,shift_vector,1000,1,50.0,0.9,0.1,60.0,tournament,blend,uniform,zero,3.0,True,True,none,5.0,,,,,,,,,,,,,,,,,,,,,,,,,,,,,,,,,,,,,,,
J30_1.RCP,0,72.88157894736842,0.4405021667480469,GA_tournament_blend_uniform_zero_repair_elitism_swap,38,shift_vector,1000,0,50.0,0.9,0.1,60.0,tournament,blend,uniform,zero,3.0,True,True,swap,5.0,,,,,,,,,,,,,,,,,,,,,,,,,,,,,,,,,,,,,,,
J30_1.RCP,1,75.98684210526316,0.5208220481872559,GA_tournament_blend_uniform_zero_repair_elitism_swap,38,shift_vector,1000,1,50.0,0.9,0.1,60.0,tournament,blend,uniform,zero,3.0,True,True,swap,5.0,,,,,,,,,,,,,,,,,,,,,,,,,,,,,,,,,,,,,,,
J30_1.RCP,0,69.25,0.5350778102874756,GA_tournament_blend_uniform_zero_repair_noElitism_none,38,shift_vector,1000,0,50.0,0.9,0.1,60.0,tournament,blend,uniform,zero,3.0,True,False,none,5.0,,,,,,,,,,,,,,,,,,,,,,,,,,,,,,,,,,,,,,,
J30_1.RCP,1,70.30263157894736,0.543320894241333,GA_tournament_blend_uniform_zero_repair_noElitism_none,38,shift_vector,1000,1,50.0,0.9,0.1,60.0,tournament,blend,uniform,zero,3.0,True,False,none,5.0,,,,,,,,,,,,,,,,,,,,,,,,,,,,,,,,,,,,,,,
J30_1.RCP,0,65.5657894736842,0.528937816619873,GA_tournament_blend_uniform_zero_repair_noElitism_swap,38,shift_vector,1000,0,50.0,0.9,0.1,60.0,tournament,blend,uniform,zero,3.0,True,False,swap,5.0,,,,,,,,,,,,,,,,,,,,,,,,,,,,,,,,,,,,,,,
J30_1.RCP,1,71.93421052631578,0.5375921726226807,GA_tournament_blend_uniform_zero_repair_noElitism_swap,38,shift_vector,1000,1,50.0,0.9,0.1,60.0,tournament,blend,uniform,zero,3.0,True,False,swap,5.0,,,,,,,,,,,,,,,,,,,,,,,,,,,,,,,,,,,,,,,
J30_1.RCP,0,71.72368421052632,0.42122602462768555,GA_tournament_blend_uniform_zero_noRepair_elitism_none,38,shift_vector,1000,0,50.0,0.9,0.1,60.0,tournament,blend,uniform,zero,3.0,False,True,none,5.0,,,,,,,,,,,,,,,,,,,,,,,,,,,,,,,,,,,,,,,
J30_1.RCP,1,76.19736842105263,0.4218301773071289,GA_tournament_blend_uniform_zero_noRepair_elitism_none,38,shift_vector,1000,1,50.0,0.9,0.1,60.0,tournament,blend,uniform,zero,3.0,False,True,none,5.0,,,,,,,,,,,,,,,,,,,,,,,,,,,,,,,,,,,,,,,
J30_1.RCP,0,72.88157894736842,0.436215877532959,GA_tournament_blend_uniform_zero_noRepair_elitism_swap,38,shift_vector,1000,0,50.0,0.9,0.1,60.0,tournament,blend,uniform,zero,3.0,False,True,swap,5.0,,,,,,,,,,,,,,,,,,,,,,,,,,,,,,,,,,,,,,,
J30_1.RCP,1,75.98684210526316,0.48061490058898926,GA_tournament_blend_uniform_zero_noRepair_elitism_swap,38,shift_vector,1000,1,50.0,0.9,0.1,60.0,tournament,blend,uniform,zero,3.0,False,True,swap,5.0,,,,,,,,,,,,,,,,,,,,,,,,,,,,,,,,,,,,,,,
J30_1.RCP,0,69.25,0.5387699604034424,GA_tournament_blend_uniform_zero_noRepair_noElitism_none,38,shift_vector,1000,0,50.0,0.9,0.1,60.0,tournament,blend,uniform,zero,3.0,False,False,none,5.0,,,,,,,,,,,,,,,,,,,,,,,,,,,,,,,,,,,,,,,
J30_1.RCP,1,70.30263157894736,0.541273832321167,GA_tournament_blend_uniform_zero_noRepair_noElitism_none,38,shift_vector,1000,1,50.0,0.9,0.1,60.0,tournament,blend,uniform,zero,3.0,False,False,none,5.0,,,,,,,,,,,,,,,,,,,,,,,,,,,,,,,,,,,,,,,
J30_1.RCP,0,65.5657894736842,0.5359828472137451,GA_tournament_blend_uniform_zero_noRepair_noElitism_swap,38,shift_vector,1000,0,50.0,0.9,0.1,60.0,tournament,blend,uniform,zero,3.0,False,False,swap,5.0,,,,,,,,,,,,,,,,,,,,,,,,,,,,,,,,,,,,,,,
J30_1.RCP,1,71.93421052631578,0.5296180248260498,GA_tournament_blend_uniform_zero_noRepair_noElitism_swap,38,shift_vector,1000,1,50.0,0.9,0.1,60.0,tournament,blend,uniform,zero,3.0,False,False,swap,5.0,,,,,,,,,,,,,,,,,,,,,,,,,,,,,,,,,,,,,,,
J30_1.RCP,0,67.19736842105263,0.42922186851501465,GA_tournament_blend_gaussian_random_repair_elitism_none,38,shift_vector,1000,0,50.0,0.9,0.1,60.0,tournament,blend,gaussian,random,3.0,True,True,none,5.0,,,,,,,,,,,,,,,,,,,,,,,,,,,,,,,,,,,,,,,
J30_1.RCP,1,73.14473684210526,0.42339301109313965,GA_tournament_blend_gaussian_random_repair_elitism_none,38,shift_vector,1000,1,50.0,0.9,0.1,60.0,tournament,blend,gaussian,random,3.0,True,True,none,5.0,,,,,,,,,,,,,,,,,,,,,,,,,,,,,,,,,,,,,,,
J30_1.RCP,0,64.40789473684211,0.4421350955963135,GA_tournament_blend_gaussian_random_repair_elitism_swap,38,shift_vector,1000,0,50.0,0.9,0.1,60.0,tournament,blend,gaussian,random,3.0,True,True,swap,5.0,,,,,,,,,,,,,,,,,,,,,,,,,,,,,,,,,,,,,,,
J30_1.RCP,1,67.9342105263158,0.43183326721191406,GA_tournament_blend_gaussian_random_repair_elitism_swap,38,shift_vector,1000,1,50.0,0.9,0.1,60.0,tournament,blend,gaussian,random,3.0,True,True,swap,5.0,,,,,,,,,,,,,,,,,,,,,,,,,,,,,,,,,,,,,,,
J30_1.RCP,0,73.09210526315789,0.548130989074707,GA_tournament_blend_gaussian_random_repair_noElitism_none,38,shift_vector,1000,0,50.0,0.9,0.1,60.0,tournament,blend,gaussian,random,3.0,True,False,none,5.0,,,,,,,,,,,,,,,,,,,,,,,,,,,,,,,,,,,,,,,
J30_1.RCP,1,63.88157894736842,0.5344538688659668,GA_tournament_blend_gaussian_random_repair_noElitism_none,38,shift_vector,1000,1,50.0,0.9,0.1,60.0,tournament,blend,gaussian,random,3.0,True,False,none,5.0,,,,,,,,,,,,,,,,,,,,,,,,,,,,,,,,,,,,,,,
J30_1.RCP,0,64.9342105263158,0.5408918857574463,GA_tournament_blend_gaussian_random_repair_noElitism_swap,38,shift_vector,1000,0,50.0,0.9,0.1,60.0,tournament,blend,gaussian,random,3.0,True,False,swap,5.0,,,,,,,,,,,,,,,,,,,,,,,,,,,,,,,,,,,,,,,
J30_1.RCP,1,67.51315789473684,0.520888090133667,GA_tournament_blend_gaussian_random_repair_noElitism_swap,38,shift_vector,1000,1,50.0,0.9,0.1,60.0,tournament,blend,gaussian,random,3.0,True,False,swap,5.0,,,,,,,,,,,,,,,,,,,,,,,,,,,,,,,,,,,,,,,
J30_1.RCP,0,67.19736842105263,0.43753504753112793,GA_tournament_blend_gaussian_random_noRepair_elitism_none,38,shift_vector,1000,0,50.0,0.9,0.1,60.0,tournament,blend,gaussian,random,3.0,False,True,none,5.0,,,,,,,,,,,,,,,,,,,,,,,,,,,,,,,,,,,,,,,
J30_1.RCP,1,73.14473684210526,0.4368629455566406,GA_tournament_blend_gaussian_random_noRepair_elitism_none,38,shift_vector,1000,1,50.0,0.9,0.1,60.0,tournament,blend,gaussian,random,3.0,False,True,none,5.0,,,,,,,,,,,,,,,,,,,,,,,,,,,,,,,,,,,,,,,
J30_1.RCP,0,64.40789473684211,0.44072794914245605,GA_tournament_blend_gaussian_random_noRepair_elitism_swap,38,shift_vector,1000,0,50.0,0.9,0.1,60.0,tournament,blend,gaussian,random,3.0,False,True,swap,5.0,,,,,,,,,,,,,,,,,,,,,,,,,,,,,,,,,,,,,,,
J30_1.RCP,1,67.9342105263158,0.42734527587890625,GA_tournament_blend_gaussian_random_noRepair_elitism_swap,38,shift_vector,1000,1,50.0,0.9,0.1,60.0,tournament,blend,gaussian,random,3.0,False,True,swap,5.0,,,,,,,,,,,,,,,,,,,,,,,,,,,,,,,,,,,,,,,
J30_1.RCP,0,73.09210526315789,0.5416302680969238,GA_tournament_blend_gaussian_random_noRepair_noElitism_none,38,shift_vector,1000,0,50.0,0.9,0.1,60.0,tournament,blend,gaussian,random,3.0,False,False,none,5.0,,,,,,,,,,,,,,,,,,,,,,,,,,,,,,,,,,,,,,,
J30_1.RCP,1,63.88157894736842,0.538693904876709,GA_tournament_blend_gaussian_random_noRepair_noElitism_none,38,shift_vector,1000,1,50.0,0.9,0.1,60.0,tournament,blend,gaussian,random,3.0,False,False,none,5.0,,,,,,,,,,,,,,,,,,,,,,,,,,,,,,,,,,,,,,,
J30_1.RCP,0,64.9342105263158,0.5369551181793213,GA_tournament_blend_gaussian_random_noRepair_noElitism_swap,38,shift_vector,1000,0,50.0,0.9,0.1,60.0,tournament,blend,gaussian,random,3.0,False,False,swap,5.0,,,,,,,,,,,,,,,,,,,,,,,,,,,,,,,,,,,,,,,
J30_1.RCP,1,67.51315789473684,0.5143120288848877,GA_tournament_blend_gaussian_random_noRepair_noElitism_swap,38,shift_vector,1000,1,50.0,0.9,0.1,60.0,tournament,blend,gaussian,random,3.0,False,False,swap,5.0,,,,,,,,,,,,,,,,,,,,,,,,,,,,,,,,,,,,,,,
J30_1.RCP,0,67.19736842105263,0.4299168586730957,GA_tournament_blend_gaussian_zero_repair_elitism_none,38,shift_vector,1000,0,50.0,0.9,0.1,60.0,tournament,blend,gaussian,zero,3.0,True,True,none,5.0,,,,,,,,,,,,,,,,,,,,,,,,,,,,,,,,,,,,,,,
J30_1.RCP,1,73.14473684210526,0.41947388648986816,GA_tournament_blend_gaussian_zero_repair_elitism_none,38,shift_vector,1000,1,50.0,0.9,0.1,60.0,tournament,blend,gaussian,zero,3.0,True,True,none,5.0,,,,,,,,,,,,,,,,,,,,,,,,,,,,,,,,,,,,,,,
J30_1.RCP,0,64.40789473684211,0.4351990222930908,GA_tournament_blend_gaussian_zero_repair_elitism_swap,38,shift_vector,1000,0,50.0,0.9,0.1,60.0,tournament,blend,gaussian,zero,3.0,True,True,swap,5.0,,,,,,,,,,,,,,,,,,,,,,,,,,,,,,,,,,,,,,,
J30_1.RCP,1,67.9342105263158,0.42368292808532715,GA_tournament_blend_gaussian_zero_repair_elitism_swap,38,shift_vector,1000,1,50.0,0.9,0.1,60.0,tournament,blend,gaussian,zero,3.0,True,True,swap,5.0,,,,,,,,,,,,,,,,,,,,,,,,,,,,,,,,,,,,,,,
J30_1.RCP,0,73.09210526315789,0.5418238639831543,GA_tournament_blend_gaussian_zero_repair_noElitism_none,38,shift_vector,1000,0,50.0,0.9,0.1,60.0,tournament,blend,gaussian,zero,3.0,True,False,none,5.0,,,,,,,,,,,,,,,,,,,,,,,,,,,,,,,,,,,,,,,
J30_1.RCP,1,63.88157894736842,0.5329830646514893,GA_tournament_blend_gaussian_zero_repair_noElitism_none,38,shift_vector,1000,1,50.0,0.9,0.1,60.0,tournament,blend,gaussian,zero,3.0,True,False,none,5.0,,,,,,,,,,,,,,,,,,,,,,,,,,,,,,,,,,,,,,,
J30_1.RCP,0,64.9342105263158,0.5327820777893066,GA_tournament_blend_gaussian_zero_repair_noElitism_swap,38,shift_vector,1000,0,50.0,0.9,0.1,60.0,tournament,blend,gaussian,zero,3.0,True,False,swap,5.0,,,,,,,,,,,,,,,,,,,,,,,,,,,,,,,,,,,,,,,
J30_1.RCP,1,67.51315789473684,0.5258331298828125,GA_tournament_blend_gaussian_zero_repair_noElitism_swap,38,shift_vector,1000,1,50.0,0.9,0.1,60.0,tournament,blend,gaussian,zero,3.0,True,False,swap,5.0,,,,,,,,,,,,,,,,,,,,,,,,,,,,,,,,,,,,,,,
J30_1.RCP,0,67.19736842105263,0.4395608901977539,GA_tournament_blend_gaussian_zero_noRepair_elitism_none,38,shift_vector,1000,0,50.0,0.9,0.1,60.0,tournament,blend,gaussian,zero,3.0,False,True,none,5.0,,,,,,,,,,,,,,,,,,,,,,,,,,,,,,,,,,,,,,,
J30_1.RCP,1,73.14473684210526,0.42739200592041016,GA_tournament_blend_gaussian_zero_noRepair_elitism_none,38,shift_vector,1000,1,50.0,0.9,0.1,60.0,tournament,blend,gaussian,zero,3.0,False,True,none,5.0,,,,,,,,,,,,,,,,,,,,,,,,,,,,,,,,,,,,,,,
J30_1.RCP,0,64.40789473684211,0.4489731788635254,GA_tournament_blend_gaussian_zero_noRepair_elitism_swap,38,shift_vector,1000,0,50.0,0.9,0.1,60.0,tournament,blend,gaussian,zero,3.0,False,True,swap,5.0,,,,,,,,,,,,,,,,,,,,,,,,,,,,,,,,,,,,,,,
J30_1.RCP,1,67.9342105263158,0.4288668632507324,GA_tournament_blend_gaussian_zero_noRepair_elitism_swap,38,shift_vector,1000,1,50.0,0.9,0.1,60.0,tournament,blend,gaussian,zero,3.0,False,True,swap,5.0,,,,,,,,,,,,,,,,,,,,,,,,,,,,,,,,,,,,,,,
J30_1.RCP,0,73.09210526315789,0.5368797779083252,GA_tournament_blend_gaussian_zero_noRepair_noElitism_none,38,shift_vector,1000,0,50.0,0.9,0.1,60.0,tournament,blend,gaussian,zero,3.0,False,False,none,5.0,,,,,,,,,,,,,,,,,,,,,,,,,,,,,,,,,,,,,,,
J30_1.RCP,1,63.88157894736842,0.528285026550293,GA_tournament_blend_gaussian_zero_noRepair_noElitism_none,38,shift_vector,1000,1,50.0,0.9,0.1,60.0,tournament,blend,gaussian,zero,3.0,False,False,none,5.0,,,,,,,,,,,,,,,,,,,,,,,,,,,,,,,,,,,,,,,
J30_1.RCP,0,64.9342105263158,0.5392630100250244,GA_tournament_blend_gaussian_zero_noRepair_noElitism_swap,38,shift_vector,1000,0,50.0,0.9,0.1,60.0,tournament,blend,gaussian,zero,3.0,False,False,swap,5.0,,,,,,,,,,,,,,,,,,,,,,,,,,,,,,,,,,,,,,,
J30_1.RCP,1,67.51315789473684,0.5248420238494873,GA_tournament_blend_gaussian_zero_noRepair_noElitism_swap,38,shift_vector,1000,1,50.0,0.9,0.1,60.0,tournament,blend,gaussian,zero,3.0,False,False,swap,5.0,,,,,,,,,,,,,,,,,,,,,,,,,,,,,,,,,,,,,,,
J30_1.RCP,0,71.14473684210526,0.43527913093566895,GA_tournament_blend_polynomial_random_repair_elitism_none,38,shift_vector,1000,0,50.0,0.9,0.1,60.0,tournament,blend,polynomial,random,3.0,True,True,none,5.0,,,,,,,,,,,,,,,,,,,,,,,,,,,,,,,,,,,,,,,
J30_1.RCP,1,76.5657894736842,0.46219396591186523,GA_tournament_blend_polynomial_random_repair_elitism_none,38,shift_vector,1000,1,50.0,0.9,0.1,60.0,tournament,blend,polynomial,random,3.0,True,True,none,5.0,,,,,,,,,,,,,,,,,,,,,,,,,,,,,,,,,,,,,,,
J30_1.RCP,0,71.03947368421052,0.4381110668182373,GA_tournament_blend_polynomial_random_repair_elitism_swap,38,shift_vector,1000,0,50.0,0.9,0.1,60.0,tournament,blend,polynomial,random,3.0,True,True,swap,5.0,,,,,,,,,,,,,,,,,,,,,,,,,,,,,,,,,,,,,,,
J30_1.RCP,1,75.67105263157895,0.4353139400482178,GA_tournament_blend_polynomial_random_repair_elitism_swap,38,shift_vector,1000,1,50.0,0.9,0.1,60.0,tournament,blend,polynomial,random,3.0,True,True,swap,5.0,,,,,,,,,,,,,,,,,,,,,,,,,,,,,,,,,,,,,,,
J30_1.RCP,0,68.30263157894736,0.5452370643615723,GA_tournament_blend_polynomial_random_repair_noElitism_none,38,shift_vector,1000,0,50.0,0.9,0.1,60.0,tournament,blend,polynomial,random,3.0,True,False,none,5.0,,,,,,,,,,,,,,,,,,,,,,,,,,,,,,,,,,,,,,,
J30_1.RCP,1,67.9342105263158,0.5279688835144043,GA_tournament_blend_polynomial_random_repair_noElitism_none,38,shift_vector,1000,1,50.0,0.9,0.1,60.0,tournament,blend,polynomial,random,3.0,True,False,none,5.0,,,,,,,,,,,,,,,,,,,,,,,,,,,,,,,,,,,,,,,
J30_1.RCP,0,65.35526315789474,0.5376501083374023,GA_tournament_blend_polynomial_random_repair_noElitism_swap,38,shift_vector,1000,0,50.0,0.9,0.1,60.0,tournament,blend,polynomial,random,3.0,True,False,swap,5.0,,,,,,,,,,,,,,,,,,,,,,,,,,,,,,,,,,,,,,,
J30_1.RCP,1,72.67105263157895,0.5201728343963623,GA_tournament_blend_polynomial_random_repair_noElitism_swap,38,shift_vector,1000,1,50.0,0.9,0.1,60.0,tournament,blend,polynomial,random,3.0,True,False,swap,5.0,,,,,,,,,,,,,,,,,,,,,,,,,,,,,,,,,,,,,,,
J30_1.RCP,0,71.14473684210526,0.42566895484924316,GA_tournament_blend_polynomial_random_noRepair_elitism_none,38,shift_vector,1000,0,50.0,0.9,0.1,60.0,tournament,blend,polynomial,random,3.0,False,True,none,5.0,,,,,,,,,,,,,,,,,,,,,,,,,,,,,,,,,,,,,,,
J30_1.RCP,1,76.5657894736842,0.42731690406799316,GA_tournament_blend_polynomial_random_noRepair_elitism_none,38,shift_vector,1000,1,50.0,0.9,0.1,60.0,tournament,blend,polynomial,random,3.0,False,True,none,5.0,,,,,,,,,,,,,,,,,,,,,,,,,,,,,,,,,,,,,,,
J30_1.RCP,0,71.03947368421052,0.43050694465637207,GA_tournament_blend_polynomial_random_noRepair_elitism_swap,38,shift_vector,1000,0,50.0,0.9,0.1,60.0,tournament,blend,polynomial,random,3.0,False,True,swap,5.0,,,,,,,,,,,,,,,,,,,,,,,,,,,,,,,,,,,,,,,
J30_1.RCP,1,75.67105263157895,0.4336998462677002,GA_tournament_blend_polynomial_random_noRepair_elitism_swap,38,shift_vector,1000,1,50.0,0.9,0.1,60.0,tournament,blend,polynomial,random,3.0,False,True,swap,5.0,,,,,,,,,,,,,,,,,,,,,,,,,,,,,,,,,,,,,,,
J30_1.RCP,0,68.30263157894736,0.5423789024353027,GA_tournament_blend_polynomial_random_noRepair_noElitism_none,38,shift_vector,1000,0,50.0,0.9,0.1,60.0,tournament,blend,polynomial,random,3.0,False,False,none,5.0,,,,,,,,,,,,,,,,,,,,,,,,,,,,,,,,,,,,,,,
J30_1.RCP,1,67.9342105263158,0.5351972579956055,GA_tournament_blend_polynomial_random_noRepair_noElitism_none,38,shift_vector,1000,1,50.0,0.9,0.1,60.0,tournament,blend,polynomial,random,3.0,False,False,none,5.0,,,,,,,,,,,,,,,,,,,,,,,,,,,,,,,,,,,,,,,
J30_1.RCP,0,65.35526315789474,0.5440428256988525,GA_tournament_blend_polynomial_random_noRepair_noElitism_swap,38,shift_vector,1000,0,50.0,0.9,0.1,60.0,tournament,blend,polynomial,random,3.0,False,False,swap,5.0,,,,,,,,,,,,,,,,,,,,,,,,,,,,,,,,,,,,,,,
J30_1.RCP,1,72.67105263157895,0.5865511894226074,GA_tournament_blend_polynomial_random_noRepair_noElitism_swap,38,shift_vector,1000,1,50.0,0.9,0.1,60.0,tournament,blend,polynomial,random,3.0,False,False,swap,5.0,,,,,,,,,,,,,,,,,,,,,,,,,,,,,,,,,,,,,,,
J30_1.RCP,0,71.14473684210526,0.4371781349182129,GA_tournament_blend_polynomial_zero_repair_elitism_none,38,shift_vector,1000,0,50.0,0.9,0.1,60.0,tournament,blend,polynomial,zero,3.0,True,True,none,5.0,,,,,,,,,,,,,,,,,,,,,,,,,,,,,,,,,,,,,,,
J30_1.RCP,1,76.5657894736842,0.41986823081970215,GA_tournament_blend_polynomial_zero_repair_elitism_none,38,shift_vector,1000,1,50.0,0.9,0.1,60.0,tournament,blend,polynomial,zero,3.0,True,True,none,5.0,,,,,,,,,,,,,,,,,,,,,,,,,,,,,,,,,,,,,,,
J30_1.RCP,0,71.03947368421052,0.43686580657958984,GA_tournament_blend_polynomial_zero_repair_elitism_swap,38,shift_vector,1000,0,50.0,0.9,0.1,60.0,tournament,blend,polynomial,zero,3.0,True,True,swap,5.0,,,,,,,,,,,,,,,,,,,,,,,,,,,,,,,,,,,,,,,
J30_1.RCP,1,75.67105263157895,0.4317049980163574,GA_tournament_blend_polynomial_zero_repair_elitism_swap,38,shift_vector,1000,1,50.0,0.9,0.1,60.0,tournament,blend,polynomial,zero,3.0,True,True,swap,5.0,,,,,,,,,,,,,,,,,,,,,,,,,,,,,,,,,,,,,,,
J30_1.RCP,0,68.30263157894736,0.5434219837188721,GA_tournament_blend_polynomial_zero_repair_noElitism_none,38,shift_vector,1000,0,50.0,0.9,0.1,60.0,tournament,blend,polynomial,zero,3.0,True,False,none,5.0,,,,,,,,,,,,,,,,,,,,,,,,,,,,,,,,,,,,,,,
J30_1.RCP,1,67.9342105263158,0.5299437046051025,GA_tournament_blend_polynomial_zero_repair_noElitism_none,38,shift_vector,1000,1,50.0,0.9,0.1,60.0,tournament,blend,polynomial,zero,3.0,True,False,none,5.0,,,,,,,,,,,,,,,,,,,,,,,,,,,,,,,,,,,,,,,
J30_1.RCP,0,65.35526315789474,0.5868909358978271,GA_tournament_blend_polynomial_zero_repair_noElitism_swap,38,shift_vector,1000,0,50.0,0.9,0.1,60.0,tournament,blend,polynomial,zero,3.0,True,False,swap,5.0,,,,,,,,,,,,,,,,,,,,,,,,,,,,,,,,,,,,,,,
J30_1.RCP,1,72.67105263157895,0.5308022499084473,GA_tournament_blend_polynomial_zero_repair_noElitism_swap,38,shift_vector,1000,1,50.0,0.9,0.1,60.0,tournament,blend,polynomial,zero,3.0,True,False,swap,5.0,,,,,,,,,,,,,,,,,,,,,,,,,,,,,,,,,,,,,,,
J30_1.RCP,0,71.14473684210526,0.4344611167907715,GA_tournament_blend_polynomial_zero_noRepair_elitism_none,38,shift_vector,1000,0,50.0,0.9,0.1,60.0,tournament,blend,polynomial,zero,3.0,False,True,none,5.0,,,,,,,,,,,,,,,,,,,,,,,,,,,,,,,,,,,,,,,
J30_1.RCP,1,76.5657894736842,0.41536879539489746,GA_tournament_blend_polynomial_zero_noRepair_elitism_none,38,shift_vector,1000,1,50.0,0.9,0.1,60.0,tournament,blend,polynomial,zero,3.0,False,True,none,5.0,,,,,,,,,,,,,,,,,,,,,,,,,,,,,,,,,,,,,,,
J30_1.RCP,0,71.03947368421052,0.434420108795166,GA_tournament_blend_polynomial_zero_noRepair_elitism_swap,38,shift_vector,1000,0,50.0,0.9,0.1,60.0,tournament,blend,polynomial,zero,3.0,False,True,swap,5.0,,,,,,,,,,,,,,,,,,,,,,,,,,,,,,,,,,,,,,,
J30_1.RCP,1,75.67105263157895,0.4358692169189453,GA_tournament_blend_polynomial_zero_noRepair_elitism_swap,38,shift_vector,1000,1,50.0,0.9,0.1,60.0,tournament,blend,polynomial,zero,3.0,False,True,swap,5.0,,,,,,,,,,,,,,,,,,,,,,,,,,,,,,,,,,,,,,,
J30_1.RCP,0,68.30263157894736,0.5474410057067871,GA_tournament_blend_polynomial_zero_noRepair_noElitism_none,38,shift_vector,1000,0,50.0,0.9,0.1,60.0,tournament,blend,polynomial,zero,3.0,False,False,none,5.0,,,,,,,,,,,,,,,,,,,,,,,,,,,,,,,,,,,,,,,
J30_1.RCP,1,67.9342105263158,0.5314598083496094,GA_tournament_blend_polynomial_zero_noRepair_noElitism_none,38,shift_vector,1000,1,50.0,0.9,0.1,60.0,tournament,blend,polynomial,zero,3.0,False,False,none,5.0,,,,,,,,,,,,,,,,,,,,,,,,,,,,,,,,,,,,,,,
J30_1.RCP,0,65.35526315789474,0.5458686351776123,GA_tournament_blend_polynomial_zero_noRepair_noElitism_swap,38,shift_vector,1000,0,50.0,0.9,0.1,60.0,tournament,blend,polynomial,zero,3.0,False,False,swap,5.0,,,,,,,,,,,,,,,,,,,,,,,,,,,,,,,,,,,,,,,
J30_1.RCP,1,72.67105263157895,0.5330798625946045,GA_tournament_blend_polynomial_zero_noRepair_noElitism_swap,38,shift_vector,1000,1,50.0,0.9,0.1,60.0,tournament,blend,polynomial,zero,3.0,False,False,swap,5.0,,,,,,,,,,,,,,,,,,,,,,,,,,,,,,,,,,,,,,,
J30_1.RCP,0,75.72368421052632,0.42885804176330566,GA_tournament_blend_swap_random_repair_elitism_none,38,shift_vector,1000,0,50.0,0.9,0.1,60.0,tournament,blend,swap,random,3.0,True,True,none,5.0,,,,,,,,,,,,,,,,,,,,,,,,,,,,,,,,,,,,,,,
J30_1.RCP,1,77.35526315789474,0.42076992988586426,GA_tournament_blend_swap_random_repair_elitism_none,38,shift_vector,1000,1,50.0,0.9,0.1,60.0,tournament,blend,swap,random,3.0,True,True,none,5.0,,,,,,,,,,,,,,,,,,,,,,,,,,,,,,,,,,,,,,,
J30_1.RCP,0,73.40789473684211,0.4442119598388672,GA_tournament_blend_swap_random_repair_elitism_swap,38,shift_vector,1000,0,50.0,0.9,0.1,60.0,tournament,blend,swap,random,3.0,True,True,swap,5.0,,,,,,,,,,,,,,,,,,,,,,,,,,,,,,,,,,,,,,,
J30_1.RCP,1,81.09210526315789,0.43365025520324707,GA_tournament_blend_swap_random_repair_elitism_swap,38,shift_vector,1000,1,50.0,0.9,0.1,60.0,tournament,blend,swap,random,3.0,True,True,swap,5.0,,,,,,,,,,,,,,,,,,,,,,,,,,,,,,,,,,,,,,,
J30_1.RCP,0,74.72368421052632,0.5276570320129395,GA_tournament_blend_swap_random_repair_noElitism_none,38,shift_vector,1000,0,50.0,0.9,0.1,60.0,tournament,blend,swap,random,3.0,True,False,none,5.0,,,,,,,,,,,,,,,,,,,,,,,,,,,,,,,,,,,,,,,
J30_1.RCP,1,74.61842105263158,0.5032477378845215,GA_tournament_blend_swap_random_repair_noElitism_none,38,shift_vector,1000,1,50.0,0.9,0.1,60.0,tournament,blend,swap,random,3.0,True,False,none,5.0,,,,,,,,,,,,,,,,,,,,,,,,,,,,,,,,,,,,,,,
J30_1.RCP,0,81.88157894736842,0.5334656238555908,GA_tournament_blend_swap_random_repair_noElitism_swap,38,shift_vector,1000,0,50.0,0.9,0.1,60.0,tournament,blend,swap,random,3.0,True,False,swap,5.0,,,,,,,,,,,,,,,,,,,,,,,,,,,,,,,,,,,,,,,
J30_1.RCP,1,72.61842105263158,0.5152740478515625,GA_tournament_blend_swap_random_repair_noElitism_swap,38,shift_vector,1000,1,50.0,0.9,0.1,60.0,tournament,blend,swap,random,3.0,True,False,swap,5.0,,,,,,,,,,,,,,,,,,,,,,,,,,,,,,,,,,,,,,,
J30_1.RCP,0,75.72368421052632,0.4288918972015381,GA_tournament_blend_swap_random_noRepair_elitism_none,38,shift_vector,1000,0,50.0,0.9,0.1,60.0,tournament,blend,swap,random,3.0,False,True,none,5.0,,,,,,,,,,,,,,,,,,,,,,,,,,,,,,,,,,,,,,,
J30_1.RCP,1,77.35526315789474,0.4181790351867676,GA_tournament_blend_swap_random_noRepair_elitism_none,38,shift_vector,1000,1,50.0,0.9,0.1,60.0,tournament,blend,swap,random,3.0,False,True,none,5.0,,,,,,,,,,,,,,,,,,,,,,,,,,,,,,,,,,,,,,,
J30_1.RCP,0,73.40789473684211,0.44347405433654785,GA_tournament_blend_swap_random_noRepair_elitism_swap,38,shift_vector,1000,0,50.0,0.9,0.1,60.0,tournament,blend,swap,random,3.0,False,True,swap,5.0,,,,,,,,,,,,,,,,,,,,,,,,,,,,,,,,,,,,,,,
J30_1.RCP,1,81.09210526315789,0.4332127571105957,GA_tournament_blend_swap_random_noRepair_elitism_swap,38,shift_vector,1000,1,50.0,0.9,0.1,60.0,tournament,blend,swap,random,3.0,False,True,swap,5.0,,,,,,,,,,,,,,,,,,,,,,,,,,,,,,,,,,,,,,,
J30_1.RCP,0,74.72368421052632,0.53066086769104,GA_tournament_blend_swap_random_noRepair_noElitism_none,38,shift_vector,1000,0,50.0,0.9,0.1,60.0,tournament,blend,swap,random,3.0,False,False,none,5.0,,,,,,,,,,,,,,,,,,,,,,,,,,,,,,,,,,,,,,,
J30_1.RCP,1,74.61842105263158,0.5052409172058105,GA_tournament_blend_swap_random_noRepair_noElitism_none,38,shift_vector,1000,1,50.0,0.9,0.1,60.0,tournament,blend,swap,random,3.0,False,False,none,5.0,,,,,,,,,,,,,,,,,,,,,,,,,,,,,,,,,,,,,,,
J30_1.RCP,0,81.88157894736842,0.5237517356872559,GA_tournament_blend_swap_random_noRepair_noElitism_swap,38,shift_vector,1000,0,50.0,0.9,0.1,60.0,tournament,blend,swap,random,3.0,False,False,swap,5.0,,,,,,,,,,,,,,,,,,,,,,,,,,,,,,,,,,,,,,,
J30_1.RCP,1,72.61842105263158,0.503648042678833,GA_tournament_blend_swap_random_noRepair_noElitism_swap,38,shift_vector,1000,1,50.0,0.9,0.1,60.0,tournament,blend,swap,random,3.0,False,False,swap,5.0,,,,,,,,,,,,,,,,,,,,,,,,,,,,,,,,,,,,,,,
J30_1.RCP,0,75.72368421052632,0.4258878231048584,GA_tournament_blend_swap_zero_repair_elitism_none,38,shift_vector,1000,0,50.0,0.9,0.1,60.0,tournament,blend,swap,zero,3.0,True,True,none,5.0,,,,,,,,,,,,,,,,,,,,,,,,,,,,,,,,,,,,,,,
J30_1.RCP,1,77.35526315789474,0.41228699684143066,GA_tournament_blend_swap_zero_repair_elitism_none,38,shift_vector,1000,1,50.0,0.9,0.1,60.0,tournament,blend,swap,zero,3.0,True,True,none,5.0,,,,,,,,,,,,,,,,,,,,,,,,,,,,,,,,,,,,,,,
J30_1.RCP,0,73.40789473684211,0.4391062259674072,GA_tournament_blend_swap_zero_repair_elitism_swap,38,shift_vector,1000,0,50.0,0.9,0.1,60.0,tournament,blend,swap,zero,3.0,True,True,swap,5.0,,,,,,,,,,,,,,,,,,,,,,,,,,,,,,,,,,,,,,,
J30_1.RCP,1,81.09210526315789,0.428225040435791,GA_tournament_blend_swap_zero_repair_elitism_swap,38,shift_vector,1000,1,50.0,0.9,0.1,60.0,tournament,blend,swap,zero,3.0,True,True,swap,5.0,,,,,,,,,,,,,,,,,,,,,,,,,,,,,,,,,,,,,,,
J30_1.RCP,0,74.72368421052632,0.5264630317687988,GA_tournament_blend_swap_zero_repair_noElitism_none,38,shift_vector,1000,0,50.0,0.9,0.1,60.0,tournament,blend,swap,zero,3.0,True,False,none,5.0,,,,,,,,,,,,,,,,,,,,,,,,,,,,,,,,,,,,,,,
J30_1.RCP,1,74.61842105263158,0.5053818225860596,GA_tournament_blend_swap_zero_repair_noElitism_none,38,shift_vector,1000,1,50.0,0.9,0.1,60.0,tournament,blend,swap,zero,3.0,True,False,none,5.0,,,,,,,,,,,,,,,,,,,,,,,,,,,,,,,,,,,,,,,
J30_1.RCP,0,81.88157894736842,0.5316410064697266,GA_tournament_blend_swap_zero_repair_noElitism_swap,38,shift_vector,1000,0,50.0,0.9,0.1,60.0,tournament,blend,swap,zero,3.0,True,False,swap,5.0,,,,,,,,,,,,,,,,,,,,,,,,,,,,,,,,,,,,,,,
J30_1.RCP,1,72.61842105263158,0.509962797164917,GA_tournament_blend_swap_zero_repair_noElitism_swap,38,shift_vector,1000,1,50.0,0.9,0.1,60.0,tournament,blend,swap,zero,3.0,True,False,swap,5.0,,,,,,,,,,,,,,,,,,,,,,,,,,,,,,,,,,,,,,,
J30_1.RCP,0,75.72368421052632,0.4247012138366699,GA_tournament_blend_swap_zero_noRepair_elitism_none,38,shift_vector,1000,0,50.0,0.9,0.1,60.0,tournament,blend,swap,zero,3.0,False,True,none,5.0,,,,,,,,,,,,,,,,,,,,,,,,,,,,,,,,,,,,,,,
J30_1.RCP,1,77.35526315789474,0.41159987449645996,GA_tournament_blend_swap_zero_noRepair_elitism_none,38,shift_vector,1000,1,50.0,0.9,0.1,60.0,tournament,blend,swap,zero,3.0,False,True,none,5.0,,,,,,,,,,,,,,,,,,,,,,,,,,,,,,,,,,,,,,,
J30_1.RCP,0,73.40789473684211,0.4555022716522217,GA_tournament_blend_swap_zero_noRepair_elitism_swap,38,shift_vector,1000,0,50.0,0.9,0.1,60.0,tournament,blend,swap,zero,3.0,False,True,swap,5.0,,,,,,,,,,,,,,,,,,,,,,,,,,,,,,,,,,,,,,,
J30_1.RCP,1,81.09210526315789,0.4332280158996582,GA_tournament_blend_swap_zero_noRepair_elitism_swap,38,shift_vector,1000,1,50.0,0.9,0.1,60.0,tournament,blend,swap,zero,3.0,False,True,swap,5.0,,,,,,,,,,,,,,,,,,,,,,,,,,,,,,,,,,,,,,,
J30_1.RCP,0,74.72368421052632,0.6243712902069092,GA_tournament_blend_swap_zero_noRepair_noElitism_none,38,shift_vector,1000,0,50.0,0.9,0.1,60.0,tournament,blend,swap,zero,3.0,False,False,none,5.0,,,,,,,,,,,,,,,,,,,,,,,,,,,,,,,,,,,,,,,
J30_1.RCP,1,74.61842105263158,0.593440055847168,GA_tournament_blend_swap_zero_noRepair_noElitism_none,38,shift_vector,1000,1,50.0,0.9,0.1,60.0,tournament,blend,swap,zero,3.0,False,False,none,5.0,,,,,,,,,,,,,,,,,,,,,,,,,,,,,,,,,,,,,,,
J30_1.RCP,0,81.88157894736842,0.5505270957946777,GA_tournament_blend_swap_zero_noRepair_noElitism_swap,38,shift_vector,1000,0,50.0,0.9,0.1,60.0,tournament,blend,swap,zero,3.0,False,False,swap,5.0,,,,,,,,,,,,,,,,,,,,,,,,,,,,,,,,,,,,,,,
J30_1.RCP,1,72.61842105263158,0.5111439228057861,GA_tournament_blend_swap_zero_noRepair_noElitism_swap,38,shift_vector,1000,1,50.0,0.9,0.1,60.0,tournament,blend,swap,zero,3.0,False,False,swap,5.0,,,,,,,,,,,,,,,,,,,,,,,,,,,,,,,,,,,,,,,
J30_1.RCP,0,71.72368421052632,0.428178071975708,GA_tournament_sbx_uniform_random_repair_elitism_none,38,shift_vector,1000,0,50.0,0.9,0.1,60.0,tournament,sbx,uniform,random,3.0,True,True,none,5.0,,,,,,,,,,,,,,,,,,,,,,,,,,,,,,,,,,,,,,,
J30_1.RCP,1,77.09210526315789,0.42720794677734375,GA_tournament_sbx_uniform_random_repair_elitism_none,38,shift_vector,1000,1,50.0,0.9,0.1,60.0,tournament,sbx,uniform,random,3.0,True,True,none,5.0,,,,,,,,,,,,,,,,,,,,,,,,,,,,,,,,,,,,,,,
J30_1.RCP,0,75.09210526315789,0.4401698112487793,GA_tournament_sbx_uniform_random_repair_elitism_swap,38,shift_vector,1000,0,50.0,0.9,0.1,60.0,tournament,sbx,uniform,random,3.0,True,True,swap,5.0,,,,,,,,,,,,,,,,,,,,,,,,,,,,,,,,,,,,,,,
J30_1.RCP,1,75.35526315789474,0.43935275077819824,GA_tournament_sbx_uniform_random_repair_elitism_swap,38,shift_vector,1000,1,50.0,0.9,0.1,60.0,tournament,sbx,uniform,random,3.0,True,True,swap,5.0,,,,,,,,,,,,,,,,,,,,,,,,,,,,,,,,,,,,,,,
J30_1.RCP,0,71.40789473684211,0.5479640960693359,GA_tournament_sbx_uniform_random_repair_noElitism_none,38,shift_vector,1000,0,50.0,0.9,0.1,60.0,tournament,sbx,uniform,random,3.0,True,False,none,5.0,,,,,,,,,,,,,,,,,,,,,,,,,,,,,,,,,,,,,,,
J30_1.RCP,1,72.46052631578948,0.543485164642334,GA_tournament_sbx_uniform_random_repair_noElitism_none,38,shift_vector,1000,1,50.0,0.9,0.1,60.0,tournament,sbx,uniform,random,3.0,True,False,none,5.0,,,,,,,,,,,,,,,,,,,,,,,,,,,,,,,,,,,,,,,
J30_1.RCP,0,69.09210526315789,0.5510132312774658,GA_tournament_sbx_uniform_random_repair_noElitism_swap,38,shift_vector,1000,0,50.0,0.9,0.1,60.0,tournament,sbx,uniform,random,3.0,True,False,swap,5.0,,,,,,,,,,,,,,,,,,,,,,,,,,,,,,,,,,,,,,,
J30_1.RCP,1,68.98684210526316,0.5427870750427246,GA_tournament_sbx_uniform_random_repair_noElitism_swap,38,shift_vector,1000,1,50.0,0.9,0.1,60.0,tournament,sbx,uniform,random,3.0,True,False,swap,5.0,,,,,,,,,,,,,,,,,,,,,,,,,,,,,,,,,,,,,,,
J30_1.RCP,0,71.72368421052632,0.43308496475219727,GA_tournament_sbx_uniform_random_noRepair_elitism_none,38,shift_vector,1000,0,50.0,0.9,0.1,60.0,tournament,sbx,uniform,random,3.0,False,True,none,5.0,,,,,,,,,,,,,,,,,,,,,,,,,,,,,,,,,,,,,,,
J30_1.RCP,1,77.09210526315789,0.42479372024536133,GA_tournament_sbx_uniform_random_noRepair_elitism_none,38,shift_vector,1000,1,50.0,0.9,0.1,60.0,tournament,sbx,uniform,random,3.0,False,True,none,5.0,,,,,,,,,,,,,,,,,,,,,,,,,,,,,,,,,,,,,,,
J30_1.RCP,0,75.09210526315789,0.4391341209411621,GA_tournament_sbx_uniform_random_noRepair_elitism_swap,38,shift_vector,1000,0,50.0,0.9,0.1,60.0,tournament,sbx,uniform,random,3.0,False,True,swap,5.0,,,,,,,,,,,,,,,,,,,,,,,,,,,,,,,,,,,,,,,
J30_1.RCP,1,75.35526315789474,0.4349038600921631,GA_tournament_sbx_uniform_random_noRepair_elitism_swap,38,shift_vector,1000,1,50.0,0.9,0.1,60.0,tournament,sbx,uniform,random,3.0,False,True,swap,5.0,,,,,,,,,,,,,,,,,,,,,,,,,,,,,,,,,,,,,,,
J30_1.RCP,0,71.40789473684211,0.5395803451538086,GA_tournament_sbx_uniform_random_noRepair_noElitism_none,38,shift_vector,1000,0,50.0,0.9,0.1,60.0,tournament,sbx,uniform,random,3.0,False,False,none,5.0,,,,,,,,,,,,,,,,,,,,,,,,,,,,,,,,,,,,,,,
J30_1.RCP,1,72.46052631578948,0.5315310955047607,GA_tournament_sbx_uniform_random_noRepair_noElitism_none,38,shift_vector,1000,1,50.0,0.9,0.1,60.0,tournament,sbx,uniform,random,3.0,False,False,none,5.0,,,,,,,,,,,,,,,,,,,,,,,,,,,,,,,,,,,,,,,
J30_1.RCP,0,69.09210526315789,0.5321578979492188,GA_tournament_sbx_uniform_random_noRepair_noElitism_swap,38,shift_vector,1000,0,50.0,0.9,0.1,60.0,tournament,sbx,uniform,random,3.0,False,False,swap,5.0,,,,,,,,,,,,,,,,,,,,,,,,,,,,,,,,,,,,,,,
J30_1.RCP,1,68.98684210526316,0.5289328098297119,GA_tournament_sbx_uniform_random_noRepair_noElitism_swap,38,shift_vector,1000,1,50.0,0.9,0.1,60.0,tournament,sbx,uniform,random,3.0,False,False,swap,5.0,,,,,,,,,,,,,,,,,,,,,,,,,,,,,,,,,,,,,,,
J30_1.RCP,0,71.72368421052632,0.4282088279724121,GA_tournament_sbx_uniform_zero_repair_elitism_none,38,shift_vector,1000,0,50.0,0.9,0.1,60.0,tournament,sbx,uniform,zero,3.0,True,True,none,5.0,,,,,,,,,,,,,,,,,,,,,,,,,,,,,,,,,,,,,,,
J30_1.RCP,1,77.09210526315789,0.4280860424041748,GA_tournament_sbx_uniform_zero_repair_elitism_none,38,shift_vector,1000,1,50.0,0.9,0.1,60.0,tournament,sbx,uniform,zero,3.0,True,True,none,5.0,,,,,,,,,,,,,,,,,,,,,,,,,,,,,,,,,,,,,,,
J30_1.RCP,0,75.09210526315789,0.4403388500213623,GA_tournament_sbx_uniform_zero_repair_elitism_swap,38,shift_vector,1000,0,50.0,0.9,0.1,60.0,tournament,sbx,uniform,zero,3.0,True,True,swap,5.0,,,,,,,,,,,,,,,,,,,,,,,,,,,,,,,,,,,,,,,
J30_1.RCP,1,75.35526315789474,0.4396510124206543,GA_tournament_sbx_uniform_zero_repair_elitism_swap,38,shift_vector,1000,1,50.0,0.9,0.1,60.0,tournament,sbx,uniform,zero,3.0,True,True,swap,5.0,,,,,,,,,,,,,,,,,,,,,,,,,,,,,,,,,,,,,,,
J30_1.RCP,0,71.40789473684211,0.5404438972473145,GA_tournament_sbx_uniform_zero_repair_noElitism_none,38,shift_vector,1000,0,50.0,0.9,0.1,60.0,tournament,sbx,uniform,zero,3.0,True,False,none,5.0,,,,,,,,,,,,,,,,,,,,,,,,,,,,,,,,,,,,,,,
J30_1.RCP,1,72.46052631578948,0.5289371013641357,GA_tournament_sbx_uniform_zero_repair_noElitism_none,38,shift_vector,1000,1,50.0,0.9,0.1,60.0,tournament,sbx,uniform,zero,3.0,True,False,none,5.0,,,,,,,,,,,,,,,,,,,,,,,,,,,,,,,,,,,,,,,
J30_1.RCP,0,69.09210526315789,0.5372240543365479,GA_tournament_sbx_uniform_zero_repair_noElitism_swap,38,shift_vector,1000,0,50.0,0.9,0.1,60.0,tournament,sbx,uniform,zero,3.0,True,False,swap,5.0,,,,,,,,,,,,,,,,,,,,,,,,,,,,,,,,,,,,,,,
J30_1.RCP,1,68.98684210526316,0.530954122543335,GA_tournament_sbx_uniform_zero_repair_noElitism_swap,38,shift_vector,1000,1,50.0,0.9,0.1,60.0,tournament,sbx,uniform,zero,3.0,True,False,swap,5.0,,,,,,,,,,,,,,,,,,,,,,,,,,,,,,,,,,,,,,,
J30_1.RCP,0,71.72368421052632,0.4247090816497803,GA_tournament_sbx_uniform_zero_noRepair_elitism_none,38,shift_vector,1000,0,50.0,0.9,0.1,60.0,tournament,sbx,uniform,zero,3.0,False,True,none,5.0,,,,,,,,,,,,,,,,,,,,,,,,,,,,,,,,,,,,,,,
J30_1.RCP,1,77.09210526315789,0.42351603507995605,GA_tournament_sbx_uniform_zero_noRepair_elitism_none,38,shift_vector,1000,1,50.0,0.9,0.1,60.0,tournament,sbx,uniform,zero,3.0,False,True,none,5.0,,,,,,,,,,,,,,,,,,,,,,,,,,,,,,,,,,,,,,,
J30_1.RCP,0,75.09210526315789,0.43644213676452637,GA_tournament_sbx_uniform_zero_noRepair_elitism_swap,38,shift_vector,1000,0,50.0,0.9,0.1,60.0,tournament,sbx,uniform,zero,3.0,False,True,swap,5.0,,,,,,,,,,,,,,,,,,,,,,,,,,,,,,,,,,,,,,,
J30_1.RCP,1,75.35526315789474,0.43403077125549316,GA_tournament_sbx_uniform_zero_noRepair_elitism_swap,38,shift_vector,1000,1,50.0,0.9,0.1,60.0,tournament,sbx,uniform,zero,3.0,False,True,swap,5.0,,,,,,,,,,,,,,,,,,,,,,,,,,,,,,,,,,,,,,,
J30_1.RCP,0,71.40789473684211,0.5414011478424072,GA_tournament_sbx_uniform_zero_noRepair_noElitism_none,38,shift_vector,1000,0,50.0,0.9,0.1,60.0,tournament,sbx,uniform,zero,3.0,False,False,none,5.0,,,,,,,,,,,,,,,,,,,,,,,,,,,,,,,,,,,,,,,
J30_1.RCP,1,72.46052631578948,0.5309960842132568,GA_tournament_sbx_uniform_zero_noRepair_noElitism_none,38,shift_vector,1000,1,50.0,0.9,0.1,60.0,tournament,sbx,uniform,zero,3.0,False,False,none,5.0,,,,,,,,,,,,,,,,,,,,,,,,,,,,,,,,,,,,,,,
J30_1.RCP,0,69.09210526315789,0.5371682643890381,GA_tournament_sbx_uniform_zero_noRepair_noElitism_swap,38,shift_vector,1000,0,50.0,0.9,0.1,60.0,tournament,sbx,uniform,zero,3.0,False,False,swap,5.0,,,,,,,,,,,,,,,,,,,,,,,,,,,,,,,,,,,,,,,
J30_1.RCP,1,68.98684210526316,0.5297698974609375,GA_tournament_sbx_uniform_zero_noRepair_noElitism_swap,38,shift_vector,1000,1,50.0,0.9,0.1,60.0,tournament,sbx,uniform,zero,3.0,False,False,swap,5.0,,,,,,,,,,,,,,,,,,,,,,,,,,,,,,,,,,,,,,,
J30_1.RCP,0,78.19736842105263,0.42943382263183594,GA_tournament_sbx_gaussian_random_repair_elitism_none,38,shift_vector,1000,0,50.0,0.9,0.1,60.0,tournament,sbx,gaussian,random,3.0,True,True,none,5.0,,,,,,,,,,,,,,,,,,,,,,,,,,,,,,,,,,,,,,,
J30_1.RCP,1,77.30263157894737,0.41967082023620605,GA_tournament_sbx_gaussian_random_repair_elitism_none,38,shift_vector,1000,1,50.0,0.9,0.1,60.0,tournament,sbx,gaussian,random,3.0,True,True,none,5.0,,,,,,,,,,,,,,,,,,,,,,,,,,,,,,,,,,,,,,,
J30_1.RCP,0,69.14473684210526,0.4296398162841797,GA_tournament_sbx_gaussian_random_repair_elitism_swap,38,shift_vector,1000,0,50.0,0.9,0.1,60.0,tournament,sbx,gaussian,random,3.0,True,True,swap,5.0,,,,,,,,,,,,,,,,,,,,,,,,,,,,,,,,,,,,,,,
J30_1.RCP,1,75.35526315789474,0.4297490119934082,GA_tournament_sbx_gaussian_random_repair_elitism_swap,38,shift_vector,1000,1,50.0,0.9,0.1,60.0,tournament,sbx,gaussian,random,3.0,True,True,swap,5.0,,,,,,,,,,,,,,,,,,,,,,,,,,,,,,,,,,,,,,,
J30_1.RCP,0,73.03947368421052,0.5385677814483643,GA_tournament_sbx_gaussian_random_repair_noElitism_none,38,shift_vector,1000,0,50.0,0.9,0.1,60.0,tournament,sbx,gaussian,random,3.0,True,False,none,5.0,,,,,,,,,,,,,,,,,,,,,,,,,,,,,,,,,,,,,,,
J30_1.RCP,1,71.03947368421052,0.539790153503418,GA_tournament_sbx_gaussian_random_repair_noElitism_none,38,shift_vector,1000,1,50.0,0.9,0.1,60.0,tournament,sbx,gaussian,random,3.0,True,False,none,5.0,,,,,,,,,,,,,,,,,,,,,,,,,,,,,,,,,,,,,,,
J30_1.RCP,0,69.09210526315789,0.5327410697937012,GA_tournament_sbx_gaussian_random_repair_noElitism_swap,38,shift_vector,1000,0,50.0,0.9,0.1,60.0,tournament,sbx,gaussian,random,3.0,True,False,swap,5.0,,,,,,,,,,,,,,,,,,,,,,,,,,,,,,,,,,,,,,,
J30_1.RCP,1,67.03947368421052,0.5210111141204834,GA_tournament_sbx_gaussian_random_repair_noElitism_swap,38,shift_vector,1000,1,50.0,0.9,0.1,60.0,tournament,sbx,gaussian,random,3.0,True,False,swap,5.0,,,,,,,,,,,,,,,,,,,,,,,,,,,,,,,,,,,,,,,
J30_1.RCP,0,78.19736842105263,0.4274609088897705,GA_tournament_sbx_gaussian_random_noRepair_elitism_none,38,shift_vector,1000,0,50.0,0.9,0.1,60.0,tournament,sbx,gaussian,random,3.0,False,True,none,5.0,,,,,,,,,,,,,,,,,,,,,,,,,,,,,,,,,,,,,,,
J30_1.RCP,1,77.30263157894737,0.42034411430358887,GA_tournament_sbx_gaussian_random_noRepair_elitism_none,38,shift_vector,1000,1,50.0,0.9,0.1,60.0,tournament,sbx,gaussian,random,3.0,False,True,none,5.0,,,,,,,,,,,,,,,,,,,,,,,,,,,,,,,,,,,,,,,
J30_1.RCP,0,69.14473684210526,0.4353499412536621,GA_tournament_sbx_gaussian_random_noRepair_elitism_swap,38,shift_vector,1000,0,50.0,0.9,0.1,60.0,tournament,sbx,gaussian,random,3.0,False,True,swap,5.0,,,,,,,,,,,,,,,,,,,,,,,,,,,,,,,,,,,,,,,
J30_1.RCP,1,75.35526315789474,0.42555785179138184,GA_tournament_sbx_gaussian_random_noRepair_elitism_swap,38,shift_vector,1000,1,50.0,0.9,0.1,60.0,tournament,sbx,gaussian,random,3.0,False,True,swap,5.0,,,,,,,,,,,,,,,,,,,,,,,,,,,,,,,,,,,,,,,
J30_1.RCP,0,73.03947368421052,0.5317251682281494,GA_tournament_sbx_gaussian_random_noRepair_noElitism_none,38,shift_vector,1000,0,50.0,0.9,0.1,60.0,tournament,sbx,gaussian,random,3.0,False,False,none,5.0,,,,,,,,,,,,,,,,,,,,,,,,,,,,,,,,,,,,,,,
J30_1.RCP,1,71.03947368421052,0.5329649448394775,GA_tournament_sbx_gaussian_random_noRepair_noElitism_none,38,shift_vector,1000,1,50.0,0.9,0.1,60.0,tournament,sbx,gaussian,random,3.0,False,False,none,5.0,,,,,,,,,,,,,,,,,,,,,,,,,,,,,,,,,,,,,,,
J30_1.RCP,0,69.09210526315789,0.5313520431518555,GA_tournament_sbx_gaussian_random_noRepair_noElitism_swap,38,shift_vector,1000,0,50.0,0.9,0.1,60.0,tournament,sbx,gaussian,random,3.0,False,False,swap,5.0,,,,,,,,,,,,,,,,,,,,,,,,,,,,,,,,,,,,,,,
J30_1.RCP,1,67.03947368421052,0.5230941772460938,GA_tournament_sbx_gaussian_random_noRepair_noElitism_swap,38,shift_vector,1000,1,50.0,0.9,0.1,60.0,tournament,sbx,gaussian,random,3.0,False,False,swap,5.0,,,,,,,,,,,,,,,,,,,,,,,,,,,,,,,,,,,,,,,
J30_1.RCP,0,78.19736842105263,0.42740511894226074,GA_tournament_sbx_gaussian_zero_repair_elitism_none,38,shift_vector,1000,0,50.0,0.9,0.1,60.0,tournament,sbx,gaussian,zero,3.0,True,True,none,5.0,,,,,,,,,,,,,,,,,,,,,,,,,,,,,,,,,,,,,,,
J30_1.RCP,1,77.30263157894737,0.41630101203918457,GA_tournament_sbx_gaussian_zero_repair_elitism_none,38,shift_vector,1000,1,50.0,0.9,0.1,60.0,tournament,sbx,gaussian,zero,3.0,True,True,none,5.0,,,,,,,,,,,,,,,,,,,,,,,,,,,,,,,,,,,,,,,
J30_1.RCP,0,69.14473684210526,0.4309659004211426,GA_tournament_sbx_gaussian_zero_repair_elitism_swap,38,shift_vector,1000,0,50.0,0.9,0.1,60.0,tournament,sbx,gaussian,zero,3.0,True,True,swap,5.0,,,,,,,,,,,,,,,,,,,,,,,,,,,,,,,,,,,,,,,
J30_1.RCP,1,75.35526315789474,0.42655086517333984,GA_tournament_sbx_gaussian_zero_repair_elitism_swap,38,shift_vector,1000,1,50.0,0.9,0.1,60.0,tournament,sbx,gaussian,zero,3.0,True,True,swap,5.0,,,,,,,,,,,,,,,,,,,,,,,,,,,,,,,,,,,,,,,
J30_1.RCP,0,73.03947368421052,0.5318448543548584,GA_tournament_sbx_gaussian_zero_repair_noElitism_none,38,shift_vector,1000,0,50.0,0.9,0.1,60.0,tournament,sbx,gaussian,zero,3.0,True,False,none,5.0,,,,,,,,,,,,,,,,,,,,,,,,,,,,,,,,,,,,,,,
J30_1.RCP,1,71.03947368421052,0.5260989665985107,GA_tournament_sbx_gaussian_zero_repair_noElitism_none,38,shift_vector,1000,1,50.0,0.9,0.1,60.0,tournament,sbx,gaussian,zero,3.0,True,False,none,5.0,,,,,,,,,,,,,,,,,,,,,,,,,,,,,,,,,,,,,,,
J30_1.RCP,0,69.09210526315789,0.5295071601867676,GA_tournament_sbx_gaussian_zero_repair_noElitism_swap,38,shift_vector,1000,0,50.0,0.9,0.1,60.0,tournament,sbx,gaussian,zero,3.0,True,False,swap,5.0,,,,,,,,,,,,,,,,,,,,,,,,,,,,,,,,,,,,,,,
J30_1.RCP,1,67.03947368421052,0.5167932510375977,GA_tournament_sbx_gaussian_zero_repair_noElitism_swap,38,shift_vector,1000,1,50.0,0.9,0.1,60.0,tournament,sbx,gaussian,zero,3.0,True,False,swap,5.0,,,,,,,,,,,,,,,,,,,,,,,,,,,,,,,,,,,,,,,
J30_1.RCP,0,78.19736842105263,0.4243290424346924,GA_tournament_sbx_gaussian_zero_noRepair_elitism_none,38,shift_vector,1000,0,50.0,0.9,0.1,60.0,tournament,sbx,gaussian,zero,3.0,False,True,none,5.0,,,,,,,,,,,,,,,,,,,,,,,,,,,,,,,,,,,,,,,
J30_1.RCP,1,77.30263157894737,0.4216609001159668,GA_tournament_sbx_gaussian_zero_noRepair_elitism_none,38,shift_vector,1000,1,50.0,0.9,0.1,60.0,tournament,sbx,gaussian,zero,3.0,False,True,none,5.0,,,,,,,,,,,,,,,,,,,,,,,,,,,,,,,,,,,,,,,
J30_1.RCP,0,69.14473684210526,0.43598198890686035,GA_tournament_sbx_gaussian_zero_noRepair_elitism_swap,38,shift_vector,1000,0,50.0,0.9,0.1,60.0,tournament,sbx,gaussian,zero,3.0,False,True,swap,5.0,,,,,,,,,,,,,,,,,,,,,,,,,,,,,,,,,,,,,,,
J30_1.RCP,1,75.35526315789474,0.423206090927124,GA_tournament_sbx_gaussian_zero_noRepair_elitism_swap,38,shift_vector,1000,1,50.0,0.9,0.1,60.0,tournament,sbx,gaussian,zero,3.0,False,True,swap,5.0,,,,,,,,,,,,,,,,,,,,,,,,,,,,,,,,,,,,,,,
J30_1.RCP,0,73.03947368421052,0.5334451198577881,GA_tournament_sbx_gaussian_zero_noRepair_noElitism_none,38,shift_vector,1000,0,50.0,0.9,0.1,60.0,tournament,sbx,gaussian,zero,3.0,False,False,none,5.0,,,,,,,,,,,,,,,,,,,,,,,,,,,,,,,,,,,,,,,
J30_1.RCP,1,71.03947368421052,0.5355122089385986,GA_tournament_sbx_gaussian_zero_noRepair_noElitism_none,38,shift_vector,1000,1,50.0,0.9,0.1,60.0,tournament,sbx,gaussian,zero,3.0,False,False,none,5.0,,,,,,,,,,,,,,,,,,,,,,,,,,,,,,,,,,,,,,,
J30_1.RCP,0,69.09210526315789,0.531764030456543,GA_tournament_sbx_gaussian_zero_noRepair_noElitism_swap,38,shift_vector,1000,0,50.0,0.9,0.1,60.0,tournament,sbx,gaussian,zero,3.0,False,False,swap,5.0,,,,,,,,,,,,,,,,,,,,,,,,,,,,,,,,,,,,,,,
J30_1.RCP,1,67.03947368421052,0.523024320602417,GA_tournament_sbx_gaussian_zero_noRepair_noElitism_swap,38,shift_vector,1000,1,50.0,0.9,0.1,60.0,tournament,sbx,gaussian,zero,3.0,False,False,swap,5.0,,,,,,,,,,,,,,,,,,,,,,,,,,,,,,,,,,,,,,,
J30_1.RCP,0,77.61842105263158,0.42821407318115234,GA_tournament_sbx_polynomial_random_repair_elitism_none,38,shift_vector,1000,0,50.0,0.9,0.1,60.0,tournament,sbx,polynomial,random,3.0,True,True,none,5.0,,,,,,,,,,,,,,,,,,,,,,,,,,,,,,,,,,,,,,,
J30_1.RCP,1,78.30263157894737,0.41631603240966797,GA_tournament_sbx_polynomial_random_repair_elitism_none,38,shift_vector,1000,1,50.0,0.9,0.1,60.0,tournament,sbx,polynomial,random,3.0,True,True,none,5.0,,,,,,,,,,,,,,,,,,,,,,,,,,,,,,,,,,,,,,,
J30_1.RCP,0,77.03947368421052,0.44119811058044434,GA_tournament_sbx_polynomial_random_repair_elitism_swap,38,shift_vector,1000,0,50.0,0.9,0.1,60.0,tournament,sbx,polynomial,random,3.0,True,True,swap,5.0,,,,,,,,,,,,,,,,,,,,,,,,,,,,,,,,,,,,,,,
J30_1.RCP,1,77.25,0.4250752925872803,GA_tournament_sbx_polynomial_random_repair_elitism_swap,38,shift_vector,1000,1,50.0,0.9,0.1,60.0,tournament,sbx,polynomial,random,3.0,True,True,swap,5.0,,,,,,,,,,,,,,,,,,,,,,,,,,,,,,,,,,,,,,,
J30_1.RCP,0,80.61842105263156,0.5337169170379639,GA_tournament_sbx_polynomial_random_repair_noElitism_none,38,shift_vector,1000,0,50.0,0.9,0.1,60.0,tournament,sbx,polynomial,random,3.0,True,False,none,5.0,,,,,,,,,,,,,,,,,,,,,,,,,,,,,,,,,,,,,,,
J30_1.RCP,1,76.72368421052632,0.5308709144592285,GA_tournament_sbx_polynomial_random_repair_noElitism_none,38,shift_vector,1000,1,50.0,0.9,0.1,60.0,tournament,sbx,polynomial,random,3.0,True,False,none,5.0,,,,,,,,,,,,,,,,,,,,,,,,,,,,,,,,,,,,,,,
J30_1.RCP,0,74.72368421052632,0.5271060466766357,GA_tournament_sbx_polynomial_random_repair_noElitism_swap,38,shift_vector,1000,0,50.0,0.9,0.1,60.0,tournament,sbx,polynomial,random,3.0,True,False,swap,5.0,,,,,,,,,,,,,,,,,,,,,,,,,,,,,,,,,,,,,,,
J30_1.RCP,1,83.30263157894737,0.5276501178741455,GA_tournament_sbx_polynomial_random_repair_noElitism_swap,38,shift_vector,1000,1,50.0,0.9,0.1,60.0,tournament,sbx,polynomial,random,3.0,True,False,swap,5.0,,,,,,,,,,,,,,,,,,,,,,,,,,,,,,,,,,,,,,,
J30_1.RCP,0,77.61842105263158,0.42885708808898926,GA_tournament_sbx_polynomial_random_noRepair_elitism_none,38,shift_vector,1000,0,50.0,0.9,0.1,60.0,tournament,sbx,polynomial,random,3.0,False,True,none,5.0,,,,,,,,,,,,,,,,,,,,,,,,,,,,,,,,,,,,,,,
J30_1.RCP,1,78.30263157894737,0.4182891845703125,GA_tournament_sbx_polynomial_random_noRepair_elitism_none,38,shift_vector,1000,1,50.0,0.9,0.1,60.0,tournament,sbx,polynomial,random,3.0,False,True,none,5.0,,,,,,,,,,,,,,,,,,,,,,,,,,,,,,,,,,,,,,,
J30_1.RCP,0,77.03947368421052,0.4416501522064209,GA_tournament_sbx_polynomial_random_noRepair_elitism_swap,38,shift_vector,1000,0,50.0,0.9,0.1,60.0,tournament,sbx,polynomial,random,3.0,False,True,swap,5.0,,,,,,,,,,,,,,,,,,,,,,,,,,,,,,,,,,,,,,,
J30_1.RCP,1,77.25,0.4288163185119629,GA_tournament_sbx_polynomial_random_noRepair_elitism_swap,38,shift_vector,1000,1,50.0,0.9,0.1,60.0,tournament,sbx,polynomial,random,3.0,False,True,swap,5.0,,,,,,,,,,,,,,,,,,,,,,,,,,,,,,,,,,,,,,,
J30_1.RCP,0,80.61842105263156,0.5333340167999268,GA_tournament_sbx_polynomial_random_noRepair_noElitism_none,38,shift_vector,1000,0,50.0,0.9,0.1,60.0,tournament,sbx,polynomial,random,3.0,False,False,none,5.0,,,,,,,,,,,,,,,,,,,,,,,,,,,,,,,,,,,,,,,
J30_1.RCP,1,76.72368421052632,0.5343029499053955,GA_tournament_sbx_polynomial_random_noRepair_noElitism_none,38,shift_vector,1000,1,50.0,0.9,0.1,60.0,tournament,sbx,polynomial,random,3.0,False,False,none,5.0,,,,,,,,,,,,,,,,,,,,,,,,,,,,,,,,,,,,,,,
J30_1.RCP,0,74.72368421052632,0.5341289043426514,GA_tournament_sbx_polynomial_random_noRepair_noElitism_swap,38,shift_vector,1000,0,50.0,0.9,0.1,60.0,tournament,sbx,polynomial,random,3.0,False,False,swap,5.0,,,,,,,,,,,,,,,,,,,,,,,,,,,,,,,,,,,,,,,
J30_1.RCP,1,83.30263157894737,0.528414249420166,GA_tournament_sbx_polynomial_random_noRepair_noElitism_swap,38,shift_vector,1000,1,50.0,0.9,0.1,60.0,tournament,sbx,polynomial,random,3.0,False,False,swap,5.0,,,,,,,,,,,,,,,,,,,,,,,,,,,,,,,,,,,,,,,
J30_1.RCP,0,77.61842105263158,0.4320690631866455,GA_tournament_sbx_polynomial_zero_repair_elitism_none,38,shift_vector,1000,0,50.0,0.9,0.1,60.0,tournament,sbx,polynomial,zero,3.0,True,True,none,5.0,,,,,,,,,,,,,,,,,,,,,,,,,,,,,,,,,,,,,,,
J30_1.RCP,1,78.30263157894737,0.42168402671813965,GA_tournament_sbx_polynomial_zero_repair_elitism_none,38,shift_vector,1000,1,50.0,0.9,0.1,60.0,tournament,sbx,polynomial,zero,3.0,True,True,none,5.0,,,,,,,,,,,,,,,,,,,,,,,,,,,,,,,,,,,,,,,
J30_1.RCP,0,77.03947368421052,0.4402427673339844,GA_tournament_sbx_polynomial_zero_repair_elitism_swap,38,shift_vector,1000,0,50.0,0.9,0.1,60.0,tournament,sbx,polynomial,zero,3.0,True,True,swap,5.0,,,,,,,,,,,,,,,,,,,,,,,,,,,,,,,,,,,,,,,
J30_1.RCP,1,77.25,0.4267871379852295,GA_tournament_sbx_polynomial_zero_repair_elitism_swap,38,shift_vector,1000,1,50.0,0.9,0.1,60.0,tournament,sbx,polynomial,zero,3.0,True,True,swap,5.0,,,,,,,,,,,,,,,,,,,,,,,,,,,,,,,,,,,,,,,
J30_1.RCP,0,80.61842105263156,0.5360739231109619,GA_tournament_sbx_polynomial_zero_repair_noElitism_none,38,shift_vector,1000,0,50.0,0.9,0.1,60.0,tournament,sbx,polynomial,zero,3.0,True,False,none,5.0,,,,,,,,,,,,,,,,,,,,,,,,,,,,,,,,,,,,,,,
J30_1.RCP,1,76.72368421052632,0.5308008193969727,GA_tournament_sbx_polynomial_zero_repair_noElitism_none,38,shift_vector,1000,1,50.0,0.9,0.1,60.0,tournament,sbx,polynomial,zero,3.0,True,False,none,5.0,,,,,,,,,,,,,,,,,,,,,,,,,,,,,,,,,,,,,,,
J30_1.RCP,0,74.72368421052632,0.5279998779296875,GA_tournament_sbx_polynomial_zero_repair_noElitism_swap,38,shift_vector,1000,0,50.0,0.9,0.1,60.0,tournament,sbx,polynomial,zero,3.0,True,False,swap,5.0,,,,,,,,,,,,,,,,,,,,,,,,,,,,,,,,,,,,,,,
J30_1.RCP,1,83.30263157894737,0.5301001071929932,GA_tournament_sbx_polynomial_zero_repair_noElitism_swap,38,shift_vector,1000,1,50.0,0.9,0.1,60.0,tournament,sbx,polynomial,zero,3.0,True,False,swap,5.0,,,,,,,,,,,,,,,,,,,,,,,,,,,,,,,,,,,,,,,
J30_1.RCP,0,77.61842105263158,0.43167614936828613,GA_tournament_sbx_polynomial_zero_noRepair_elitism_none,38,shift_vector,1000,0,50.0,0.9,0.1,60.0,tournament,sbx,polynomial,zero,3.0,False,True,none,5.0,,,,,,,,,,,,,,,,,,,,,,,,,,,,,,,,,,,,,,,
J30_1.RCP,1,78.30263157894737,0.4151010513305664,GA_tournament_sbx_polynomial_zero_noRepair_elitism_none,38,shift_vector,1000,1,50.0,0.9,0.1,60.0,tournament,sbx,polynomial,zero,3.0,False,True,none,5.0,,,,,,,,,,,,,,,,,,,,,,,,,,,,,,,,,,,,,,,
J30_1.RCP,0,77.03947368421052,0.4392530918121338,GA_tournament_sbx_polynomial_zero_noRepair_elitism_swap,38,shift_vector,1000,0,50.0,0.9,0.1,60.0,tournament,sbx,polynomial,zero,3.0,False,True,swap,5.0,,,,,,,,,,,,,,,,,,,,,,,,,,,,,,,,,,,,,,,
J30_1.RCP,1,77.25,0.4238319396972656,GA_tournament_sbx_polynomial_zero_noRepair_elitism_swap,38,shift_vector,1000,1,50.0,0.9,0.1,60.0,tournament,sbx,polynomial,zero,3.0,False,True,swap,5.0,,,,,,,,,,,,,,,,,,,,,,,,,,,,,,,,,,,,,,,
J30_1.RCP,0,80.61842105263156,0.5399060249328613,GA_tournament_sbx_polynomial_zero_noRepair_noElitism_none,38,shift_vector,1000,0,50.0,0.9,0.1,60.0,tournament,sbx,polynomial,zero,3.0,False,False,none,5.0,,,,,,,,,,,,,,,,,,,,,,,,,,,,,,,,,,,,,,,
J30_1.RCP,1,76.72368421052632,0.5337281227111816,GA_tournament_sbx_polynomial_zero_noRepair_noElitism_none,38,shift_vector,1000,1,50.0,0.9,0.1,60.0,tournament,sbx,polynomial,zero,3.0,False,False,none,5.0,,,,,,,,,,,,,,,,,,,,,,,,,,,,,,,,,,,,,,,
J30_1.RCP,0,74.72368421052632,0.5296540260314941,GA_tournament_sbx_polynomial_zero_noRepair_noElitism_swap,38,shift_vector,1000,0,50.0,0.9,0.1,60.0,tournament,sbx,polynomial,zero,3.0,False,False,swap,5.0,,,,,,,,,,,,,,,,,,,,,,,,,,,,,,,,,,,,,,,
J30_1.RCP,1,83.30263157894737,0.5274341106414795,GA_tournament_sbx_polynomial_zero_noRepair_noElitism_swap,38,shift_vector,1000,1,50.0,0.9,0.1,60.0,tournament,sbx,polynomial,zero,3.0,False,False,swap,5.0,,,,,,,,,,,,,,,,,,,,,,,,,,,,,,,,,,,,,,,
J30_1.RCP,0,76.35526315789474,0.4257950782775879,GA_tournament_sbx_swap_random_repair_elitism_none,38,shift_vector,1000,0,50.0,0.9,0.1,60.0,tournament,sbx,swap,random,3.0,True,True,none,5.0,,,,,,,,,,,,,,,,,,,,,,,,,,,,,,,,,,,,,,,
J30_1.RCP,1,76.5657894736842,0.41103315353393555,GA_tournament_sbx_swap_random_repair_elitism_none,38,shift_vector,1000,1,50.0,0.9,0.1,60.0,tournament,sbx,swap,random,3.0,True,True,none,5.0,,,,,,,,,,,,,,,,,,,,,,,,,,,,,,,,,,,,,,,
J30_1.RCP,0,73.88157894736842,0.4290010929107666,GA_tournament_sbx_swap_random_repair_elitism_swap,38,shift_vector,1000,0,50.0,0.9,0.1,60.0,tournament,sbx,swap,random,3.0,True,True,swap,5.0,,,,,,,,,,,,,,,,,,,,,,,,,,,,,,,,,,,,,,,
J30_1.RCP,1,79.9342105263158,0.4324951171875,GA_tournament_sbx_swap_random_repair_elitism_swap,38,shift_vector,1000,1,50.0,0.9,0.1,60.0,tournament,sbx,swap,random,3.0,True,True,swap,5.0,,,,,,,,,,,,,,,,,,,,,,,,,,,,,,,,,,,,,,,
J30_1.RCP,0,75.4078947368421,0.5242941379547119,GA_tournament_sbx_swap_random_repair_noElitism_none,38,shift_vector,1000,0,50.0,0.9,0.1,60.0,tournament,sbx,swap,random,3.0,True,False,none,5.0,,,,,,,,,,,,,,,,,,,,,,,,,,,,,,,,,,,,,,,
J30_1.RCP,1,71.40789473684211,0.5138881206512451,GA_tournament_sbx_swap_random_repair_noElitism_none,38,shift_vector,1000,1,50.0,0.9,0.1,60.0,tournament,sbx,swap,random,3.0,True,False,none,5.0,,,,,,,,,,,,,,,,,,,,,,,,,,,,,,,,,,,,,,,
J30_1.RCP,0,78.61842105263158,0.525097131729126,GA_tournament_sbx_swap_random_repair_noElitism_swap,38,shift_vector,1000,0,50.0,0.9,0.1,60.0,tournament,sbx,swap,random,3.0,True,False,swap,5.0,,,,,,,,,,,,,,,,,,,,,,,,,,,,,,,,,,,,,,,
J30_1.RCP,1,72.82894736842104,0.5048458576202393,GA_tournament_sbx_swap_random_repair_noElitism_swap,38,shift_vector,1000,1,50.0,0.9,0.1,60.0,tournament,sbx,swap,random,3.0,True,False,swap,5.0,,,,,,,,,,,,,,,,,,,,,,,,,,,,,,,,,,,,,,,
J30_1.RCP,0,76.35526315789474,0.42378807067871094,GA_tournament_sbx_swap_random_noRepair_elitism_none,38,shift_vector,1000,0,50.0,0.9,0.1,60.0,tournament,sbx,swap,random,3.0,False,True,none,5.0,,,,,,,,,,,,,,,,,,,,,,,,,,,,,,,,,,,,,,,
J30_1.RCP,1,76.5657894736842,0.41184401512145996,GA_tournament_sbx_swap_random_noRepair_elitism_none,38,shift_vector,1000,1,50.0,0.9,0.1,60.0,tournament,sbx,swap,random,3.0,False,True,none,5.0,,,,,,,,,,,,,,,,,,,,,,,,,,,,,,,,,,,,,,,
J30_1.RCP,0,73.88157894736842,0.4337959289550781,GA_tournament_sbx_swap_random_noRepair_elitism_swap,38,shift_vector,1000,0,50.0,0.9,0.1,60.0,tournament,sbx,swap,random,3.0,False,True,swap,5.0,,,,,,,,,,,,,,,,,,,,,,,,,,,,,,,,,,,,,,,
J30_1.RCP,1,79.9342105263158,0.42444586753845215,GA_tournament_sbx_swap_random_noRepair_elitism_swap,38,shift_vector,1000,1,50.0,0.9,0.1,60.0,tournament,sbx,swap,random,3.0,False,True,swap,5.0,,,,,,,,,,,,,,,,,,,,,,,,,,,,,,,,,,,,,,,
J30_1.RCP,0,75.4078947368421,0.5192840099334717,GA_tournament_sbx_swap_random_noRepair_noElitism_none,38,shift_vector,1000,0,50.0,0.9,0.1,60.0,tournament,sbx,swap,random,3.0,False,False,none,5.0,,,,,,,,,,,,,,,,,,,,,,,,,,,,,,,,,,,,,,,
J30_1.RCP,1,71.40789473684211,0.5154409408569336,GA_tournament_sbx_swap_random_noRepair_noElitism_none,38,shift_vector,1000,1,50.0,0.9,0.1,60.0,tournament,sbx,swap,random,3.0,False,False,none,5.0,,,,,,,,,,,,,,,,,,,,,,,,,,,,,,,,,,,,,,,
J30_1.RCP,0,78.61842105263158,0.5221991539001465,GA_tournament_sbx_swap_random_noRepair_noElitism_swap,38,shift_vector,1000,0,50.0,0.9,0.1,60.0,tournament,sbx,swap,random,3.0,False,False,swap,5.0,,,,,,,,,,,,,,,,,,,,,,,,,,,,,,,,,,,,,,,
J30_1.RCP,1,72.82894736842104,0.5052909851074219,GA_tournament_sbx_swap_random_noRepair_noElitism_swap,38,shift_vector,1000,1,50.0,0.9,0.1,60.0,tournament,sbx,swap,random,3.0,False,False,swap,5.0,,,,,,,,,,,,,,,,,,,,,,,,,,,,,,,,,,,,,,,
J30_1.RCP,0,76.35526315789474,0.42349791526794434,GA_tournament_sbx_swap_zero_repair_elitism_none,38,shift_vector,1000,0,50.0,0.9,0.1,60.0,tournament,sbx,swap,zero,3.0,True,True,none,5.0,,,,,,,,,,,,,,,,,,,,,,,,,,,,,,,,,,,,,,,
J30_1.RCP,1,76.5657894736842,0.41176295280456543,GA_tournament_sbx_swap_zero_repair_elitism_none,38,shift_vector,1000,1,50.0,0.9,0.1,60.0,tournament,sbx,swap,zero,3.0,True,True,none,5.0,,,,,,,,,,,,,,,,,,,,,,,,,,,,,,,,,,,,,,,
J30_1.RCP,0,73.88157894736842,0.4370410442352295,GA_tournament_sbx_swap_zero_repair_elitism_swap,38,shift_vector,1000,0,50.0,0.9,0.1,60.0,tournament,sbx,swap,zero,3.0,True,True,swap,5.0,,,,,,,,,,,,,,,,,,,,,,,,,,,,,,,,,,,,,,,
J30_1.RCP,1,79.9342105263158,0.4377248287200928,GA_tournament_sbx_swap_zero_repair_elitism_swap,38,shift_vector,1000,1,50.0,0.9,0.1,60.0,tournament,sbx,swap,zero,3.0,True,True,swap,5.0,,,,,,,,,,,,,,,,,,,,,,,,,,,,,,,,,,,,,,,
J30_1.RCP,0,75.4078947368421,0.5184080600738525,GA_tournament_sbx_swap_zero_repair_noElitism_none,38,shift_vector,1000,0,50.0,0.9,0.1,60.0,tournament,sbx,swap,zero,3.0,True,False,none,5.0,,,,,,,,,,,,,,,,,,,,,,,,,,,,,,,,,,,,,,,
J30_1.RCP,1,71.40789473684211,0.5140678882598877,GA_tournament_sbx_swap_zero_repair_noElitism_none,38,shift_vector,1000,1,50.0,0.9,0.1,60.0,tournament,sbx,swap,zero,3.0,True,False,none,5.0,,,,,,,,,,,,,,,,,,,,,,,,,,,,,,,,,,,,,,,
J30_1.RCP,0,78.61842105263158,0.5245339870452881,GA_tournament_sbx_swap_zero_repair_noElitism_swap,38,shift_vector,1000,0,50.0,0.9,0.1,60.0,tournament,sbx,swap,zero,3.0,True,False,swap,5.0,,,,,,,,,,,,,,,,,,,,,,,,,,,,,,,,,,,,,,,
J30_1.RCP,1,72.82894736842104,0.5017471313476562,GA_tournament_sbx_swap_zero_repair_noElitism_swap,38,shift_vector,1000,1,50.0,0.9,0.1,60.0,tournament,sbx,swap,zero,3.0,True,False,swap,5.0,,,,,,,,,,,,,,,,,,,,,,,,,,,,,,,,,,,,,,,
J30_1.RCP,0,76.35526315789474,0.42471814155578613,GA_tournament_sbx_swap_zero_noRepair_elitism_none,38,shift_vector,1000,0,50.0,0.9,0.1,60.0,tournament,sbx,swap,zero,3.0,False,True,none,5.0,,,,,,,,,,,,,,,,,,,,,,,,,,,,,,,,,,,,,,,
J30_1.RCP,1,76.5657894736842,0.4161989688873291,GA_tournament_sbx_swap_zero_noRepair_elitism_none,38,shift_vector,1000,1,50.0,0.9,0.1,60.0,tournament,sbx,swap,zero,3.0,False,True,none,5.0,,,,,,,,,,,,,,,,,,,,,,,,,,,,,,,,,,,,,,,
J30_1.RCP,0,73.88157894736842,0.4336740970611572,GA_tournament_sbx_swap_zero_noRepair_elitism_swap,38,shift_vector,1000,0,50.0,0.9,0.1,60.0,tournament,sbx,swap,zero,3.0,False,True,swap,5.0,,,,,,,,,,,,,,,,,,,,,,,,,,,,,,,,,,,,,,,
J30_1.RCP,1,79.9342105263158,0.4250509738922119,GA_tournament_sbx_swap_zero_noRepair_elitism_swap,38,shift_vector,1000,1,50.0,0.9,0.1,60.0,tournament,sbx,swap,zero,3.0,False,True,swap,5.0,,,,,,,,,,,,,,,,,,,,,,,,,,,,,,,,,,,,,,,
J30_1.RCP,0,75.4078947368421,0.520888090133667,GA_tournament_sbx_swap_zero_noRepair_noElitism_none,38,shift_vector,1000,0,50.0,0.9,0.1,60.0,tournament,sbx,swap,zero,3.0,False,False,none,5.0,,,,,,,,,,,,,,,,,,,,,,,,,,,,,,,,,,,,,,,
J30_1.RCP,1,71.40789473684211,0.5158021450042725,GA_tournament_sbx_swap_zero_noRepair_noElitism_none,38,shift_vector,1000,1,50.0,0.9,0.1,60.0,tournament,sbx,swap,zero,3.0,False,False,none,5.0,,,,,,,,,,,,,,,,,,,,,,,,,,,,,,,,,,,,,,,
J30_1.RCP,0,78.61842105263158,0.5287671089172363,GA_tournament_sbx_swap_zero_noRepair_noElitism_swap,38,shift_vector,1000,0,50.0,0.9,0.1,60.0,tournament,sbx,swap,zero,3.0,False,False,swap,5.0,,,,,,,,,,,,,,,,,,,,,,,,,,,,,,,,,,,,,,,
J30_1.RCP,1,72.82894736842104,0.5070400238037109,GA_tournament_sbx_swap_zero_noRepair_noElitism_swap,38,shift_vector,1000,1,50.0,0.9,0.1,60.0,tournament,sbx,swap,zero,3.0,False,False,swap,5.0,,,,,,,,,,,,,,,,,,,,,,,,,,,,,,,,,,,,,,,
J30_1.RCP,0,75.14473684210526,0.41488122940063477,DE_rand_1_bin_random_withLS,38,shift_vector,1000,0,50.0,,,60.0,,bin,rand/1,random,,,,,,100.0,0.5,0.9,False,False,True,5.0,0.3,1.5,0.3,1.0,,,,,,,,,,,,,,,,,,,,,,,,,,,,
J30_1.RCP,1,72.77631578947368,0.41359996795654297,DE_rand_1_bin_random_withLS,38,shift_vector,1000,1,50.0,,,60.0,,bin,rand/1,random,,,,,,100.0,0.5,0.9,False,False,True,5.0,0.3,1.5,0.3,1.0,,,,,,,,,,,,,,,,,,,,,,,,,,,,
J30_1.RCP,0,78.67105263157895,0.41257524490356445,DE_rand_1_bin_random_noLS,38,shift_vector,1000,0,50.0,,,60.0,,bin,rand/1,random,,,,,,100.0,0.5,0.9,False,False,False,5.0,0.3,1.5,0.3,1.0,,,,,,,,,,,,,,,,,,,,,,,,,,,,
J30_1.RCP,1,72.9342105263158,0.41318297386169434,DE_rand_1_bin_random_noLS,38,shift_vector,1000,1,50.0,,,60.0,,bin,rand/1,random,,,,,,100.0,0.5,0.9,False,False,False,5.0,0.3,1.5,0.3,1.0,,,,,,,,,,,,,,,,,,,,,,,,,,,,
J30_1.RCP,0,75.14473684210526,0.4128100872039795,DE_rand_1_bin_zero_withLS,38,shift_vector,1000,0,50.0,,,60.0,,bin,rand/1,zero,,,,,,100.0,0.5,0.9,False,False,True,5.0,0.3,1.5,0.3,1.0,,,,,,,,,,,,,,,,,,,,,,,,,,,,
J30_1.RCP,1,72.77631578947368,0.418442964553833,DE_rand_1_bin_zero_withLS,38,shift_vector,1000,1,50.0,,,60.0,,bin,rand/1,zero,,,,,,100.0,0.5,0.9,False,False,True,5.0,0.3,1.5,0.3,1.0,,,,,,,,,,,,,,,,,,,,,,,,,,,,
J30_1.RCP,0,78.67105263157895,0.40740370750427246,DE_rand_1_bin_zero_noLS,38,shift_vector,1000,0,50.0,,,60.0,,bin,rand/1,zero,,,,,,100.0,0.5,0.9,False,False,False,5.0,0.3,1.5,0.3,1.0,,,,,,,,,,,,,,,,,,,,,,,,,,,,
J30_1.RCP,1,72.9342105263158,0.40933704376220703,DE_rand_1_bin_zero_noLS,38,shift_vector,1000,1,50.0,,,60.0,,bin,rand/1,zero,,,,,,100.0,0.5,0.9,False,False,False,5.0,0.3,1.5,0.3,1.0,,,,,,,,,,,,,,,,,,,,,,,,,,,,
J30_1.RCP,0,79.82894736842105,0.4267861843109131,DE_rand_1_exp_random_withLS,38,shift_vector,1000,0,50.0,,,60.0,,exp,rand/1,random,,,,,,100.0,0.5,0.9,False,False,True,5.0,0.3,1.5,0.3,1.0,,,,,,,,,,,,,,,,,,,,,,,,,,,,
J30_1.RCP,1,78.82894736842105,0.4278080463409424,DE_rand_1_exp_random_withLS,38,shift_vector,1000,1,50.0,,,60.0,,exp,rand/1,random,,,,,,100.0,0.5,0.9,False,False,True,5.0,0.3,1.5,0.3,1.0,,,,,,,,,,,,,,,,,,,,,,,,,,,,
J30_1.RCP,0,88.14473684210526,0.427631139755249,DE_rand_1_exp_random_noLS,38,shift_vector,1000,0,50.0,,,60.0,,exp,rand/1,random,,,,,,100.0,0.5,0.9,False,False,False,5.0,0.3,1.5,0.3,1.0,,,,,,,,,,,,,,,,,,,,,,,,,,,,
J30_1.RCP,1,85.88157894736842,0.4288911819458008,DE_rand_1_exp_random_noLS,38,shift_vector,1000,1,50.0,,,60.0,,exp,rand/1,random,,,,,,100.0,0.5,0.9,False,False,False,5.0,0.3,1.5,0.3,1.0,,,,,,,,,,,,,,,,,,,,,,,,,,,,
J30_1.RCP,0,79.82894736842105,0.42980384826660156,DE_rand_1_exp_zero_withLS,38,shift_vector,1000,0,50.0,,,60.0,,exp,rand/1,zero,,,,,,100.0,0.5,0.9,False,False,True,5.0,0.3,1.5,0.3,1.0,,,,,,,,,,,,,,,,,,,,,,,,,,,,
J30_1.RCP,1,78.82894736842105,0.4271831512451172,DE_rand_1_exp_zero_withLS,38,shift_vector,1000,1,50.0,,,60.0,,exp,rand/1,zero,,,,,,100.0,0.5,0.9,False,False,True,5.0,0.3,1.5,0.3,1.0,,,,,,,,,,,,,,,,,,,,,,,,,,,,
J30_1.RCP,0,88.14473684210526,0.42981600761413574,DE_rand_1_exp_zero_noLS,38,shift_vector,1000,0,50.0,,,60.0,,exp,rand/1,zero,,,,,,100.0,0.5,0.9,False,False,False,5.0,0.3,1.5,0.3,1.0,,,,,,,,,,,,,,,,,,,,,,,,,,,,
J30_1.RCP,1,85.88157894736842,0.42983198165893555,DE_rand_1_exp_zero_noLS,38,shift_vector,1000,1,50.0,,,60.0,,exp,rand/1,zero,,,,,,100.0,0.5,0.9,False,False,False,5.0,0.3,1.5,0.3,1.0,,,,,,,,,,,,,,,,,,,,,,,,,,,,
J30_1.RCP,0,61.25,0.40900206565856934,DE_best_1_bin_random_withLS,38,shift_vector,1000,0,50.0,,,60.0,,bin,best/1,random,,,,,,100.0,0.5,0.9,False,False,True,5.0,0.3,1.5,0.3,1.0,,,,,,,,,,,,,,,,,,,,,,,,,,,,
J30_1.RCP,1,62.776315789473685,0.41277074813842773,DE_best_1_bin_random_withLS,38,shift_vector,1000,1,50.0,,,60.0,,bin,best/1,random,,,,,,100.0,0.5,0.9,False,False,True,5.0,0.3,1.5,0.3,1.0,,,,,,,,,,,,,,,,,,,,,,,,,,,,
J30_1.RCP,0,63.88157894736842,0.40489888191223145,DE_best_1_bin_random_noLS,38,shift_vector,1000,0,50.0,,,60.0,,bin,best/1,random,,,,,,100.0,0.5,0.9,False,False,False,5.0,0.3,1.5,0.3,1.0,,,,,,,,,,,,,,,,,,,,,,,,,,,,
J30_1.RCP,1,66.9342105263158,0.41012001037597656,DE_best_1_bin_random_noLS,38,shift_vector,1000,1,50.0,,,60.0,,bin,best/1,random,,,,,,100.0,0.5,0.9,False,False,False,5.0,0.3,1.5,0.3,1.0,,,,,,,,,,,,,,,,,,,,,,,,,,,,
J30_1.RCP,0,61.25,0.40803980827331543,DE_best_1_bin_zero_withLS,38,shift_vector,1000,0,50.0,,,60.0,,bin,best/1,zero,,,,,,100.0,0.5,0.9,False,False,True,5.0,0.3,1.5,0.3,1.0,,,,,,,,,,,,,,,,,,,,,,,,,,,,
J30_1.RCP,1,62.776315789473685,0.4075291156768799,DE_best_1_bin_zero_withLS,38,shift_vector,1000,1,50.0,,,60.0,,bin,best/1,zero,,,,,,100.0,0.5,0.9,False,False,True,5.0,0.3,1.5,0.3,1.0,,,,,,,,,,,,,,,,,,,,,,,,,,,,
J30_1.RCP,0,63.88157894736842,0.40416574478149414,DE_best_1_bin_zero_noLS,38,shift_vector,1000,0,50.0,,,60.0,,bin,best/1,zero,,,,,,100.0,0.5,0.9,False,False,False,5.0,0.3,1.5,0.3,1.0,,,,,,,,,,,,,,,,,,,,,,,,,,,,
J30_1.RCP,1,66.9342105263158,0.408217191696167,DE_best_1_bin_zero_noLS,38,shift_vector,1000,1,50.0,,,60.0,,bin,best/1,zero,,,,,,100.0,0.5,0.9,False,False,False,5.0,0.3,1.5,0.3,1.0,,,,,,,,,,,,,,,,,,,,,,,,,,,,
J30_1.RCP,0,70.46052631578948,0.43226075172424316,DE_best_1_exp_random_withLS,38,shift_vector,1000,0,50.0,,,60.0,,exp,best/1,random,,,,,,100.0,0.5,0.9,False,False,True,5.0,0.3,1.5,0.3,1.0,,,,,,,,,,,,,,,,,,,,,,,,,,,,
J30_1.RCP,1,72.61842105263158,0.4374849796295166,DE_best_1_exp_random_withLS,38,shift_vector,1000,1,50.0,,,60.0,,exp,best/1,random,,,,,,100.0,0.5,0.9,False,False,True,5.0,0.3,1.5,0.3,1.0,,,,,,,,,,,,,,,,,,,,,,,,,,,,
J30_1.RCP,0,68.14473684210526,0.43137598037719727,DE_best_1_exp_random_noLS,38,shift_vector,1000,0,50.0,,,60.0,,exp,best/1,random,,,,,,100.0,0.5,0.9,False,False,False,5.0,0.3,1.5,0.3,1.0,,,,,,,,,,,,,,,,,,,,,,,,,,,,
J30_1.RCP,1,71.46052631578948,0.4325408935546875,DE_best_1_exp_random_noLS,38,shift_vector,1000,1,50.0,,,60.0,,exp,best/1,random,,,,,,100.0,0.5,0.9,False,False,False,5.0,0.3,1.5,0.3,1.0,,,,,,,,,,,,,,,,,,,,,,,,,,,,
J30_1.RCP,0,70.46052631578948,0.43656492233276367,DE_best_1_exp_zero_withLS,38,shift_vector,1000,0,50.0,,,60.0,,exp,best/1,zero,,,,,,100.0,0.5,0.9,False,False,True,5.0,0.3,1.5,0.3,1.0,,,,,,,,,,,,,,,,,,,,,,,,,,,,
J30_1.RCP,1,72.61842105263158,0.4295389652252197,DE_best_1_exp_zero_withLS,38,shift_vector,1000,1,50.0,,,60.0,,exp,best/1,zero,,,,,,100.0,0.5,0.9,False,False,True,5.0,0.3,1.5,0.3,1.0,,,,,,,,,,,,,,,,,,,,,,,,,,,,
J30_1.RCP,0,68.14473684210526,0.4280529022216797,DE_best_1_exp_zero_noLS,38,shift_vector,1000,0,50.0,,,60.0,,exp,best/1,zero,,,,,,100.0,0.5,0.9,False,False,False,5.0,0.3,1.5,0.3,1.0,,,,,,,,,,,,,,,,,,,,,,,,,,,,
J30_1.RCP,1,71.46052631578948,0.4290139675140381,DE_best_1_exp_zero_noLS,38,shift_vector,1000,1,50.0,,,60.0,,exp,best/1,zero,,,,,,100.0,0.5,0.9,False,False,False,5.0,0.3,1.5,0.3,1.0,,,,,,,,,,,,,,,,,,,,,,,,,,,,
J30_1.RCP,0,78.98684210526316,0.4170260429382324,DE_rand_2_bin_random_withLS,38,shift_vector,1000,0,50.0,,,60.0,,bin,rand/2,random,,,,,,100.0,0.5,0.9,False,False,True,5.0,0.3,1.5,0.3,1.0,,,,,,,,,,,,,,,,,,,,,,,,,,,,
J30_1.RCP,1,78.09210526315789,0.42325782775878906,DE_rand_2_bin_random_withLS,38,shift_vector,1000,1,50.0,,,60.0,,bin,rand/2,random,,,,,,100.0,0.5,0.9,False,False,True,5.0,0.3,1.5,0.3,1.0,,,,,,,,,,,,,,,,,,,,,,,,,,,,
J30_1.RCP,0,79.46052631578948,0.4218590259552002,DE_rand_2_bin_random_noLS,38,shift_vector,1000,0,50.0,,,60.0,,bin,rand/2,random,,,,,,100.0,0.5,0.9,False,False,False,5.0,0.3,1.5,0.3,1.0,,,,,,,,,,,,,,,,,,,,,,,,,,,,
J30_1.RCP,1,76.5657894736842,0.4223909378051758,DE_rand_2_bin_random_noLS,38,shift_vector,1000,1,50.0,,,60.0,,bin,rand/2,random,,,,,,100.0,0.5,0.9,False,False,False,5.0,0.3,1.5,0.3,1.0,,,,,,,,,,,,,,,,,,,,,,,,,,,,
J30_1.RCP,0,78.98684210526316,0.41692519187927246,DE_rand_2_bin_zero_withLS,38,shift_vector,1000,0,50.0,,,60.0,,bin,rand/2,zero,,,,,,100.0,0.5,0.9,False,False,True,5.0,0.3,1.5,0.3,1.0,,,,,,,,,,,,,,,,,,,,,,,,,,,,
J30_1.RCP,1,78.09210526315789,0.4212169647216797,DE_rand_2_bin_zero_withLS,38,shift_vector,1000,1,50.0,,,60.0,,bin,rand/2,zero,,,,,,100.0,0.5,0.9,False,False,True,5.0,0.3,1.5,0.3,1.0,,,,,,,,,,,,,,,,,,,,,,,,,,,,
J30_1.RCP,0,79.46052631578948,0.4202449321746826,DE_rand_2_bin_zero_noLS,38,shift_vector,1000,0,50.0,,,60.0,,bin,rand/2,zero,,,,,,100.0,0.5,0.9,False,False,False,5.0,0.3,1.5,0.3,1.0,,,,,,,,,,,,,,,,,,,,,,,,,,,,
J30_1.RCP,1,76.5657894736842,0.4325089454650879,DE_rand_2_bin_zero_noLS,38,shift_vector,1000,1,50.0,,,60.0,,bin,rand/2,zero,,,,,,100.0,0.5,0.9,False,False,False,5.0,0.3,1.5,0.3,1.0,,,,,,,,,,,,,,,,,,,,,,,,,,,,
J30_1.RCP,0,79.77631578947368,0.43564391136169434,DE_rand_2_exp_random_withLS,38,shift_vector,1000,0,50.0,,,60.0,,exp,rand/2,random,,,,,,100.0,0.5,0.9,False,False,True,5.0,0.3,1.5,0.3,1.0,,,,,,,,,,,,,,,,,,,,,,,,,,,,
J30_1.RCP,1,73.82894736842105,0.4324960708618164,DE_rand_2_exp_random_withLS,38,shift_vector,1000,1,50.0,,,60.0,,exp,rand/2,random,,,,,,100.0,0.5,0.9,False,False,True,5.0,0.3,1.5,0.3,1.0,,,,,,,,,,,,,,,,,,,,,,,,,,,,
J30_1.RCP,0,78.46052631578948,0.43099021911621094,DE_rand_2_exp_random_noLS,38,shift_vector,1000,0,50.0,,,60.0,,exp,rand/2,random,,,,,,100.0,0.5,0.9,False,False,False,5.0,0.3,1.5,0.3,1.0,,,,,,,,,,,,,,,,,,,,,,,,,,,,
J30_1.RCP,1,84.51315789473684,0.43271613121032715,DE_rand_2_exp_random_noLS,38,shift_vector,1000,1,50.0,,,60.0,,exp,rand/2,random,,,,,,100.0,0.5,0.9,False,False,False,5.0,0.3,1.5,0.3,1.0,,,,,,,,,,,,,,,,,,,,,,,,,,,,
J30_1.RCP,0,79.77631578947368,0.4347059726715088,DE_rand_2_exp_zero_withLS,38,shift_vector,1000,0,50.0,,,60.0,,exp,rand/2,zero,,,,,,100.0,0.5,0.9,False,False,True,5.0,0.3,1.5,0.3,1.0,,,,,,,,,,,,,,,,,,,,,,,,,,,,
J30_1.RCP,1,73.82894736842105,0.42832207679748535,DE_rand_2_exp_zero_withLS,38,shift_vector,1000,1,50.0,,,60.0,,exp,rand/2,zero,,,,,,100.0,0.5,0.9,False,False,True,5.0,0.3,1.5,0.3,1.0,,,,,,,,,,,,,,,,,,,,,,,,,,,,
J30_1.RCP,0,78.46052631578948,0.431257963180542,DE_rand_2_exp_zero_noLS,38,shift_vector,1000,0,50.0,,,60.0,,exp,rand/2,zero,,,,,,100.0,0.5,0.9,False,False,False,5.0,0.3,1.5,0.3,1.0,,,,,,,,,,,,,,,,,,,,,,,,,,,,
J30_1.RCP,1,84.51315789473684,0.43439292907714844,DE_rand_2_exp_zero_noLS,38,shift_vector,1000,1,50.0,,,60.0,,exp,rand/2,zero,,,,,,100.0,0.5,0.9,False,False,False,5.0,0.3,1.5,0.3,1.0,,,,,,,,,,,,,,,,,,,,,,,,,,,,
J30_1.RCP,0,72.72368421052632,0.43062305450439453,DE_best_2_bin_random_withLS,38,shift_vector,1000,0,50.0,,,60.0,,bin,best/2,random,,,,,,100.0,0.5,0.9,False,False,True,5.0,0.3,1.5,0.3,1.0,,,,,,,,,,,,,,,,,,,,,,,,,,,,
J30_1.RCP,1,66.35526315789474,0.42062878608703613,DE_best_2_bin_random_withLS,38,shift_vector,1000,1,50.0,,,60.0,,bin,best/2,random,,,,,,100.0,0.5,0.9,False,False,True,5.0,0.3,1.5,0.3,1.0,,,,,,,,,,,,,,,,,,,,,,,,,,,,
J30_1.RCP,0,70.35526315789474,0.4264099597930908,DE_best_2_bin_random_noLS,38,shift_vector,1000,0,50.0,,,60.0,,bin,best/2,random,,,,,,100.0,0.5,0.9,False,False,False,5.0,0.3,1.5,0.3,1.0,,,,,,,,,,,,,,,,,,,,,,,,,,,,
J30_1.RCP,1,67.5657894736842,0.42075109481811523,DE_best_2_bin_random_noLS,38,shift_vector,1000,1,50.0,,,60.0,,bin,best/2,random,,,,,,100.0,0.5,0.9,False,False,False,5.0,0.3,1.5,0.3,1.0,,,,,,,,,,,,,,,,,,,,,,,,,,,,
J30_1.RCP,0,72.72368421052632,0.42909717559814453,DE_best_2_bin_zero_withLS,38,shift_vector,1000,0,50.0,,,60.0,,bin,best/2,zero,,,,,,100.0,0.5,0.9,False,False,True,5.0,0.3,1.5,0.3,1.0,,,,,,,,,,,,,,,,,,,,,,,,,,,,
J30_1.RCP,1,66.35526315789474,0.4239311218261719,DE_best_2_bin_zero_withLS,38,shift_vector,1000,1,50.0,,,60.0,,bin,best/2,zero,,,,,,100.0,0.5,0.9,False,False,True,5.0,0.3,1.5,0.3,1.0,,,,,,,,,,,,,,,,,,,,,,,,,,,,
J30_1.RCP,0,70.35526315789474,0.4221189022064209,DE_best_2_bin_zero_noLS,38,shift_vector,1000,0,50.0,,,60.0,,bin,best/2,zero,,,,,,100.0,0.5,0.9,False,False,False,5.0,0.3,1.5,0.3,1.0,,,,,,,,,,,,,,,,,,,,,,,,,,,,
J30_1.RCP,1,67.5657894736842,0.42644309997558594,DE_best_2_bin_zero_noLS,38,shift_vector,1000,1,50.0,,,60.0,,bin,best/2,zero,,,,,,100.0,0.5,0.9,False,False,False,5.0,0.3,1.5,0.3,1.0,,,,,,,,,,,,,,,,,,,,,,,,,,,,
J30_1.RCP,0,73.61842105263158,0.4400441646575928,DE_best_2_exp_random_withLS,38,shift_vector,1000,0,50.0,,,60.0,,exp,best/2,random,,,,,,100.0,0.5,0.9,False,False,True,5.0,0.3,1.5,0.3,1.0,,,,,,,,,,,,,,,,,,,,,,,,,,,,
J30_1.RCP,1,69.51315789473684,0.4386270046234131,DE_best_2_exp_random_withLS,38,shift_vector,1000,1,50.0,,,60.0,,exp,best/2,random,,,,,,100.0,0.5,0.9,False,False,True,5.0,0.3,1.5,0.3,1.0,,,,,,,,,,,,,,,,,,,,,,,,,,,,
J30_1.RCP,0,72.67105263157893,0.4419572353363037,DE_best_2_exp_random_noLS,38,shift_vector,1000,0,50.0,,,60.0,,exp,best/2,random,,,,,,100.0,0.5,0.9,False,False,False,5.0,0.3,1.5,0.3,1.0,,,,,,,,,,,,,,,,,,,,,,,,,,,,
J30_1.RCP,1,71.88157894736842,0.4397761821746826,DE_best_2_exp_random_noLS,38,shift_vector,1000,1,50.0,,,60.0,,exp,best/2,random,,,,,,100.0,0.5,0.9,False,False,False,5.0,0.3,1.5,0.3,1.0,,,,,,,,,,,,,,,,,,,,,,,,,,,,
J30_1.RCP,0,73.61842105263158,0.43644285202026367,DE_best_2_exp_zero_withLS,38,shift_vector,1000,0,50.0,,,60.0,,exp,best/2,zero,,,,,,100.0,0.5,0.9,False,False,True,5.0,0.3,1.5,0.3,1.0,,,,,,,,,,,,,,,,,,,,,,,,,,,,
J30_1.RCP,1,69.51315789473684,0.43764781951904297,DE_best_2_exp_zero_withLS,38,shift_vector,1000,1,50.0,,,60.0,,exp,best/2,zero,,,,,,100.0,0.5,0.9,False,False,True,5.0,0.3,1.5,0.3,1.0,,,,,,,,,,,,,,,,,,,,,,,,,,,,
J30_1.RCP,0,72.67105263157893,0.4419713020324707,DE_best_2_exp_zero_noLS,38,shift_vector,1000,0,50.0,,,60.0,,exp,best/2,zero,,,,,,100.0,0.5,0.9,False,False,False,5.0,0.3,1.5,0.3,1.0,,,,,,,,,,,,,,,,,,,,,,,,,,,,
J30_1.RCP,1,71.88157894736842,0.43779587745666504,DE_best_2_exp_zero_noLS,38,shift_vector,1000,1,50.0,,,60.0,,exp,best/2,zero,,,,,,100.0,0.5,0.9,False,False,False,5.0,0.3,1.5,0.3,1.0,,,,,,,,,,,,,,,,,,,,,,,,,,,,
J30_1.RCP,0,66.40789473684211,0.41929197311401367,DE_current-to-best_1_bin_random_withLS,38,shift_vector,1000,0,50.0,,,60.0,,bin,current-to-best/1,random,,,,,,100.0,0.5,0.9,False,False,True,5.0,0.3,1.5,0.3,1.0,,,,,,,,,,,,,,,,,,,,,,,,,,,,
J30_1.RCP,1,69.7236842105263,0.4196028709411621,DE_current-to-best_1_bin_random_withLS,38,shift_vector,1000,1,50.0,,,60.0,,bin,current-to-best/1,random,,,,,,100.0,0.5,0.9,False,False,True,5.0,0.3,1.5,0.3,1.0,,,,,,,,,,,,,,,,,,,,,,,,,,,,
J30_1.RCP,0,66.72368421052632,0.41284704208374023,DE_current-to-best_1_bin_random_noLS,38,shift_vector,1000,0,50.0,,,60.0,,bin,current-to-best/1,random,,,,,,100.0,0.5,0.9,False,False,False,5.0,0.3,1.5,0.3,1.0,,,,,,,,,,,,,,,,,,,,,,,,,,,,
J30_1.RCP,1,70.9342105263158,0.4168391227722168,DE_current-to-best_1_bin_random_noLS,38,shift_vector,1000,1,50.0,,,60.0,,bin,current-to-best/1,random,,,,,,100.0,0.5,0.9,False,False,False,5.0,0.3,1.5,0.3,1.0,,,,,,,,,,,,,,,,,,,,,,,,,,,,
J30_1.RCP,0,66.40789473684211,0.4227583408355713,DE_current-to-best_1_bin_zero_withLS,38,shift_vector,1000,0,50.0,,,60.0,,bin,current-to-best/1,zero,,,,,,100.0,0.5,0.9,False,False,True,5.0,0.3,1.5,0.3,1.0,,,,,,,,,,,,,,,,,,,,,,,,,,,,
J30_1.RCP,1,69.7236842105263,0.42261409759521484,DE_current-to-best_1_bin_zero_withLS,38,shift_vector,1000,1,50.0,,,60.0,,bin,current-to-best/1,zero,,,,,,100.0,0.5,0.9,False,False,True,5.0,0.3,1.5,0.3,1.0,,,,,,,,,,,,,,,,,,,,,,,,,,,,
J30_1.RCP,0,66.72368421052632,0.4127790927886963,DE_current-to-best_1_bin_zero_noLS,38,shift_vector,1000,0,50.0,,,60.0,,bin,current-to-best/1,zero,,,,,,100.0,0.5,0.9,False,False,False,5.0,0.3,1.5,0.3,1.0,,,,,,,,,,,,,,,,,,,,,,,,,,,,
J30_1.RCP,1,70.9342105263158,0.416409969329834,DE_current-to-best_1_bin_zero_noLS,38,shift_vector,1000,1,50.0,,,60.0,,bin,current-to-best/1,zero,,,,,,100.0,0.5,0.9,False,False,False,5.0,0.3,1.5,0.3,1.0,,,,,,,,,,,,,,,,,,,,,,,,,,,,
J30_1.RCP,0,76.46052631578948,0.4282417297363281,DE_current-to-best_1_exp_random_withLS,38,shift_vector,1000,0,50.0,,,60.0,,exp,current-to-best/1,random,,,,,,100.0,0.5,0.9,False,False,True,5.0,0.3,1.5,0.3,1.0,,,,,,,,,,,,,,,,,,,,,,,,,,,,
J30_1.RCP,1,71.03947368421052,0.43374085426330566,DE_current-to-best_1_exp_random_withLS,38,shift_vector,1000,1,50.0,,,60.0,,exp,current-to-best/1,random,,,,,,100.0,0.5,0.9,False,False,True,5.0,0.3,1.5,0.3,1.0,,,,,,,,,,,,,,,,,,,,,,,,,,,,
J30_1.RCP,0,80.67105263157895,0.436553955078125,DE_current-to-best_1_exp_random_noLS,38,shift_vector,1000,0,50.0,,,60.0,,exp,current-to-best/1,random,,,,,,100.0,0.5,0.9,False,False,False,5.0,0.3,1.5,0.3,1.0,,,,,,,,,,,,,,,,,,,,,,,,,,,,
J30_1.RCP,1,78.30263157894737,0.43361711502075195,DE_current-to-best_1_exp_random_noLS,38,shift_vector,1000,1,50.0,,,60.0,,exp,current-to-best/1,random,,,,,,100.0,0.5,0.9,False,False,False,5.0,0.3,1.5,0.3,1.0,,,,,,,,,,,,,,,,,,,,,,,,,,,,
J30_1.RCP,0,76.46052631578948,0.4358048439025879,DE_current-to-best_1_exp_zero_withLS,38,shift_vector,1000,0,50.0,,,60.0,,exp,current-to-best/1,zero,,,,,,100.0,0.5,0.9,False,False,True,5.0,0.3,1.5,0.3,1.0,,,,,,,,,,,,,,,,,,,,,,,,,,,,
J30_1.RCP,1,71.03947368421052,0.43641185760498047,DE_current-to-best_1_exp_zero_withLS,38,shift_vector,1000,1,50.0,,,60.0,,exp,current-to-best/1,zero,,,,,,100.0,0.5,0.9,False,False,True,5.0,0.3,1.5,0.3,1.0,,,,,,,,,,,,,,,,,,,,,,,,,,,,
J30_1.RCP,0,80.67105263157895,0.4398970603942871,DE_current-to-best_1_exp_zero_noLS,38,shift_vector,1000,0,50.0,,,60.0,,exp,current-to-best/1,zero,,,,,,100.0,0.5,0.9,False,False,False,5.0,0.3,1.5,0.3,1.0,,,,,,,,,,,,,,,,,,,,,,,,,,,,
J30_1.RCP,1,78.30263157894737,0.4319770336151123,DE_current-to-best_1_exp_zero_noLS,38,shift_vector,1000,1,50.0,,,60.0,,exp,current-to-best/1,zero,,,,,,100.0,0.5,0.9,False,False,False,5.0,0.3,1.5,0.3,1.0,,,,,,,,,,,,,,,,,,,,,,,,,,,,
J30_1.RCP,0,70.40789473684212,0.4091019630432129,DE_adaptive_bin_random_withLS,38,shift_vector,1000,0,50.0,,,60.0,,bin,adaptive,random,,,,,,100.0,0.5,0.9,False,False,True,5.0,0.3,1.5,0.3,1.0,,,,,,,,,,,,,,,,,,,,,,,,,,,,
J30_1.RCP,1,73.40789473684211,0.41524505615234375,DE_adaptive_bin_random_withLS,38,shift_vector,1000,1,50.0,,,60.0,,bin,adaptive,random,,,,,,100.0,0.5,0.9,False,False,True,5.0,0.3,1.5,0.3,1.0,,,,,,,,,,,,,,,,,,,,,,,,,,,,
J30_1.RCP,0,72.51315789473684,0.40744972229003906,DE_adaptive_bin_random_noLS,38,shift_vector,1000,0,50.0,,,60.0,,bin,adaptive,random,,,,,,100.0,0.5,0.9,False,False,False,5.0,0.3,1.5,0.3,1.0,,,,,,,,,,,,,,,,,,,,,,,,,,,,
J30_1.RCP,1,69.77631578947368,0.4116077423095703,DE_adaptive_bin_random_noLS,38,shift_vector,1000,1,50.0,,,60.0,,bin,adaptive,random,,,,,,100.0,0.5,0.9,False,False,False,5.0,0.3,1.5,0.3,1.0,,,,,,,,,,,,,,,,,,,,,,,,,,,,
J30_1.RCP,0,70.40789473684212,0.40784311294555664,DE_adaptive_bin_zero_withLS,38,shift_vector,1000,0,50.0,,,60.0,,bin,adaptive,zero,,,,,,100.0,0.5,0.9,False,False,True,5.0,0.3,1.5,0.3,1.0,,,,,,,,,,,,,,,,,,,,,,,,,,,,
J30_1.RCP,1,73.40789473684211,0.41260576248168945,DE_adaptive_bin_zero_withLS,38,shift_vector,1000,1,50.0,,,60.0,,bin,adaptive,zero,,,,,,100.0,0.5,0.9,False,False,True,5.0,0.3,1.5,0.3,1.0,,,,,,,,,,,,,,,,,,,,,,,,,,,,
J30_1.RCP,0,72.51315789473684,0.4104180335998535,DE_adaptive_bin_zero_noLS,38,shift_vector,1000,0,50.0,,,60.0,,bin,adaptive,zero,,,,,,100.0,0.5,0.9,False,False,False,5.0,0.3,1.5,0.3,1.0,,,,,,,,,,,,,,,,,,,,,,,,,,,,
J30_1.RCP,1,69.77631578947368,0.41347193717956543,DE_adaptive_bin_zero_noLS,38,shift_vector,1000,1,50.0,,,60.0,,bin,adaptive,zero,,,,,,100.0,0.5,0.9,False,False,False,5.0,0.3,1.5,0.3,1.0,,,,,,,,,,,,,,,,,,,,,,,,,,,,
J30_1.RCP,0,76.19736842105263,0.4290459156036377,DE_adaptive_exp_random_withLS,38,shift_vector,1000,0,50.0,,,60.0,,exp,adaptive,random,,,,,,100.0,0.5,0.9,False,False,True,5.0,0.3,1.5,0.3,1.0,,,,,,,,,,,,,,,,,,,,,,,,,,,,
J30_1.RCP,1,75.9342105263158,0.4255807399749756,DE_adaptive_exp_random_withLS,38,shift_vector,1000,1,50.0,,,60.0,,exp,adaptive,random,,,,,,100.0,0.5,0.9,False,False,True,5.0,0.3,1.5,0.3,1.0,,,,,,,,,,,,,,,,,,,,,,,,,,,,
J30_1.RCP,0,77.77631578947368,0.43277692794799805,DE_adaptive_exp_random_noLS,38,shift_vector,1000,0,50.0,,,60.0,,exp,adaptive,random,,,,,,100.0,0.5,0.9,False,False,False,5.0,0.3,1.5,0.3,1.0,,,,,,,,,,,,,,,,,,,,,,,,,,,,
J30_1.RCP,1,80.77631578947368,0.42954277992248535,DE_adaptive_exp_random_noLS,38,shift_vector,1000,1,50.0,,,60.0,,exp,adaptive,random,,,,,,100.0,0.5,0.9,False,False,False,5.0,0.3,1.5,0.3,1.0,,,,,,,,,,,,,,,,,,,,,,,,,,,,
J30_1.RCP,0,76.19736842105263,0.4301149845123291,DE_adaptive_exp_zero_withLS,38,shift_vector,1000,0,50.0,,,60.0,,exp,adaptive,zero,,,,,,100.0,0.5,0.9,False,False,True,5.0,0.3,1.5,0.3,1.0,,,,,,,,,,,,,,,,,,,,,,,,,,,,
J30_1.RCP,1,75.9342105263158,0.4297049045562744,DE_adaptive_exp_zero_withLS,38,shift_vector,1000,1,50.0,,,60.0,,exp,adaptive,zero,,,,,,100.0,0.5,0.9,False,False,True,5.0,0.3,1.5,0.3,1.0,,,,,,,,,,,,,,,,,,,,,,,,,,,,
J30_1.RCP,0,77.77631578947368,0.43323707580566406,DE_adaptive_exp_zero_noLS,38,shift_vector,1000,0,50.0,,,60.0,,exp,adaptive,zero,,,,,,100.0,0.5,0.9,False,False,False,5.0,0.3,1.5,0.3,1.0,,,,,,,,,,,,,,,,,,,,,,,,,,,,
J30_1.RCP,1,80.77631578947368,0.4279012680053711,DE_adaptive_exp_zero_noLS,38,shift_vector,1000,1,50.0,,,60.0,,exp,adaptive,zero,,,,,,100.0,0.5,0.9,False,False,False,5.0,0.3,1.5,0.3,1.0,,,,,,,,,,,,,,,,,,,,,,,,,,,,
J30_1.RCP,0,72.88157894736842,0.34644007682800293,PR_forward_best_withLS,38,shift_vector,1000,0,,,,60.0,best,,,,,,,,,100.0,,,,,True,,,,,,10.0,forward,50.0,,,,,,,,,,,,,,,,,,,,,,,,,
J30_1.RCP,1,81.03947368421052,0.3497500419616699,PR_forward_best_withLS,38,shift_vector,1000,1,,,,60.0,best,,,,,,,,,100.0,,,,,True,,,,,,10.0,forward,50.0,,,,,,,,,,,,,,,,,,,,,,,,,
J30_1.RCP,0,109.3026315789474,0.09876799583435059,PR_forward_best_noLS,38,shift_vector,1000,0,,,,60.0,best,,,,,,,,,100.0,,,,,False,,,,,,10.0,forward,50.0,,,,,,,,,,,,,,,,,,,,,,,,,
J30_1.RCP,1,78.03947368421052,0.11413097381591797,PR_forward_best_noLS,38,shift_vector,1000,1,,,,60.0,best,,,,,,,,,100.0,,,,,False,,,,,,10.0,forward,50.0,,,,,,,,,,,,,,,,,,,,,,,,,
J30_1.RCP,0,75.30263157894737,0.3428080081939697,PR_forward_random_two_withLS,38,shift_vector,1000,0,,,,60.0,random_two,,,,,,,,,100.0,,,,,True,,,,,,10.0,forward,50.0,,,,,,,,,,,,,,,,,,,,,,,,,
J30_1.RCP,1,69.5657894736842,0.34418296813964844,PR_forward_random_two_withLS,38,shift_vector,1000,1,,,,60.0,random_two,,,,,,,,,100.0,,,,,True,,,,,,10.0,forward,50.0,,,,,,,,,,,,,,,,,,,,,,,,,
J30_1.RCP,0,86.51315789473684,0.06985688209533691,PR_forward_random_two_noLS,38,shift_vector,1000,0,,,,60.0,random_two,,,,,,,,,100.0,,,,,False,,,,,,10.0,forward,50.0,,,,,,,,,,,,,,,,,,,,,,,,,
J30_1.RCP,1,80.03947368421052,0.0696558952331543,PR_forward_random_two_noLS,38,shift_vector,1000,1,,,,60.0,random_two,,,,,,,,,100.0,,,,,False,,,,,,10.0,forward,50.0,,,,,,,,,,,,,,,,,,,,,,,,,
J30_1.RCP,0,69.9342105263158,0.3399181365966797,PR_backward_best_withLS,38,shift_vector,1000,0,,,,60.0,best,,,,,,,,,100.0,,,,,True,,,,,,10.0,backward,50.0,,,,,,,,,,,,,,,,,,,,,,,,,
J30_1.RCP,1,73.88157894736842,0.3557751178741455,PR_backward_best_withLS,38,shift_vector,1000,1,,,,60.0,best,,,,,,,,,100.0,,,,,True,,,,,,10.0,backward,50.0,,,,,,,,,,,,,,,,,,,,,,,,,
J30_1.RCP,0,109.40789473684211,0.10513591766357422,PR_backward_best_noLS,38,shift_vector,1000,0,,,,60.0,best,,,,,,,,,100.0,,,,,False,,,,,,10.0,backward,50.0,,,,,,,,,,,,,,,,,,,,,,,,,
J30_1.RCP,1,95.9342105263158,0.11223697662353516,PR_backward_best_noLS,38,shift_vector,1000,1,,,,60.0,best,,,,,,,,,100.0,,,,,False,,,,,,10.0,backward,50.0,,,,,,,,,,,,,,,,,,,,,,,,,
J30_1.RCP,0,68.46052631578948,0.36307311058044434,PR_backward_random_two_withLS,38,shift_vector,1000,0,,,,60.0,random_two,,,,,,,,,100.0,,,,,True,,,,,,10.0,backward,50.0,,,,,,,,,,,,,,,,,,,,,,,,,
J30_1.RCP,1,71.14473684210526,0.3572409152984619,PR_backward_random_two_withLS,38,shift_vector,1000,1,,,,60.0,random_two,,,,,,,,,100.0,,,,,True,,,,,,10.0,backward,50.0,,,,,,,,,,,,,,,,,,,,,,,,,
J30_1.RCP,0,106.19736842105263,0.06840801239013672,PR_backward_random_two_noLS,38,shift_vector,1000,0,,,,60.0,random_two,,,,,,,,,100.0,,,,,False,,,,,,10.0,backward,50.0,,,,,,,,,,,,,,,,,,,,,,,,,
J30_1.RCP,1,94.30263157894737,0.0760200023651123,PR_backward_random_two_noLS,38,shift_vector,1000,1,,,,60.0,random_two,,,,,,,,,100.0,,,,,False,,,,,,10.0,backward,50.0,,,,,,,,,,,,,,,,,,,,,,,,,
J30_1.RCP,0,72.19736842105263,0.3516271114349365,PR_random_best_withLS,38,shift_vector,1000,0,,,,60.0,best,,,,,,,,,100.0,,,,,True,,,,,,10.0,random,50.0,,,,,,,,,,,,,,,,,,,,,,,,,
J30_1.RCP,1,89.40789473684211,0.3491051197052002,PR_random_best_withLS,38,shift_vector,1000,1,,,,60.0,best,,,,,,,,,100.0,,,,,True,,,,,,10.0,random,50.0,,,,,,,,,,,,,,,,,,,,,,,,,
J30_1.RCP,0,98.98684210526316,0.09846901893615723,PR_random_best_noLS,38,shift_vector,1000,0,,,,60.0,best,,,,,,,,,100.0,,,,,False,,,,,,10.0,random,50.0,,,,,,,,,,,,,,,,,,,,,,,,,
J30_1.RCP,1,91.25,0.09840798377990723,PR_random_best_noLS,38,shift_vector,1000,1,,,,60.0,best,,,,,,,,,100.0,,,,,False,,,,,,10.0,random,50.0,,,,,,,,,,,,,,,,,,,,,,,,,
J30_1.RCP,0,68.5657894736842,0.3423151969909668,PR_random_random_two_withLS,38,shift_vector,1000,0,,,,60.0,random_two,,,,,,,,,100.0,,,,,True,,,,,,10.0,random,50.0,,,,,,,,,,,,,,,,,,,,,,,,,
J30_1.RCP,1,71.09210526315789,0.344135046005249,PR_random_random_two_withLS,38,shift_vector,1000,1,,,,60.0,random_two,,,,,,,,,100.0,,,,,True,,,,,,10.0,random,50.0,,,,,,,,,,,,,,,,,,,,,,,,,
J30_1.RCP,0,103.67105263157896,0.06924700736999512,PR_random_random_two_noLS,38,shift_vector,1000,0,,,,60.0,random_two,,,,,,,,,100.0,,,,,False,,,,,,10.0,random,50.0,,,,,,,,,,,,,,,,,,,,,,,,,
J30_1.RCP,1,95.82894736842105,0.07169413566589355,PR_random_random_two_noLS,38,shift_vector,1000,1,,,,60.0,random_two,,,,,,,,,100.0,,,,,False,,,,,,10.0,random,50.0,,,,,,,,,,,,,,,,,,,,,,,,,
J30_1.RCP,0,79.51315789473684,0.3458387851715088,PR_bidirectional_best_withLS,38,shift_vector,1000,0,,,,60.0,best,,,,,,,,,100.0,,,,,True,,,,,,10.0,bidirectional,50.0,,,,,,,,,,,,,,,,,,,,,,,,,
J30_1.RCP,1,89.09210526315789,0.3599731922149658,PR_bidirectional_best_withLS,38,shift_vector,1000,1,,,,60.0,best,,,,,,,,,100.0,,,,,True,,,,,,10.0,bidirectional,50.0,,,,,,,,,,,,,,,,,,,,,,,,,
J30_1.RCP,0,109.3026315789474,0.19351506233215332,PR_bidirectional_best_noLS,38,shift_vector,1000,0,,,,60.0,best,,,,,,,,,100.0,,,,,False,,,,,,10.0,bidirectional,50.0,,,,,,,,,,,,,,,,,,,,,,,,,
J30_1.RCP,1,78.03947368421052,0.22026515007019043,PR_bidirectional_best_noLS,38,shift_vector,1000,1,,,,60.0,best,,,,,,,,,100.0,,,,,False,,,,,,10.0,bidirectional,50.0,,,,,,,,,,,,,,,,,,,,,,,,,
J30_1.RCP,0,67.35526315789474,0.3425729274749756,PR_bidirectional_random_two_withLS,38,shift_vector,1000,0,,,,60.0,random_two,,,,,,,,,100.0,,,,,True,,,,,,10.0,bidirectional,50.0,,,,,,,,,,,,,,,,,,,,,,,,,
J30_1.RCP,1,69.88157894736842,0.3577542304992676,PR_bidirectional_random_two_withLS,38,shift_vector,1000,1,,,,60.0,random_two,,,,,,,,,100.0,,,,,True,,,,,,10.0,bidirectional,50.0,,,,,,,,,,,,,,,,,,,,,,,,,
J30_1.RCP,0,109.5657894736842,0.07553410530090332,PR_bidirectional_random_two_noLS,38,shift_vector,1000,0,,,,60.0,random_two,,,,,,,,,100.0,,,,,False,,,,,,10.0,bidirectional,50.0,,,,,,,,,,,,,,,,,,,,,,,,,
J30_1.RCP,1,93.40789473684211,0.08237481117248535,PR_bidirectional_random_two_noLS,38,shift_vector,1000,1,,,,60.0,random_two,,,,,,,,,100.0,,,,,False,,,,,,10.0,bidirectional,50.0,,,,,,,,,,,,,,,,,,,,,,,,,
J30_1.RCP,0,70.51315789473684,0.34216785430908203,TS_static,38,shift_vector,1000,0,,,,60.0,,,,,,,,,,100.0,,,,,,,,,,,,,,10.0,20.0,True,static,,,,,,,,,,,,,,,,,,,,,
J30_1.RCP,1,63.93421052631579,0.3518378734588623,TS_static,38,shift_vector,1000,1,,,,60.0,,,,,,,,,,100.0,,,,,,,,,,,,,,10.0,20.0,True,static,,,,,,,,,,,,,,,,,,,,,
J30_1.RCP,0,70.51315789473684,0.33677077293395996,TS_dynamic,38,shift_vector,1000,0,,,,60.0,,,,,,,,,,100.0,,,,,,,,,,,,,,10.0,20.0,True,dynamic,,,,,,,,,,,,,,,,,,,,,
J30_1.RCP,1,63.93421052631579,0.3538239002227783,TS_dynamic,38,shift_vector,1000,1,,,,60.0,,,,,,,,,,100.0,,,,,,,,,,,,,,10.0,20.0,True,dynamic,,,,,,,,,,,,,,,,,,,,,
J30_1.RCP,0,60.14473684210526,0.7690260410308838,PSO_none_none,38,shift_vector,1000,0,50.0,,,60.0,,,,,,,,none,,,,,,,,,,,,,,,,,,,,0.729,1.49445,1.49445,none,30.0,,,,,,,,,,,,,,,,
J30_1.RCP,1,60.0921052631579,0.7682540416717529,PSO_none_none,38,shift_vector,1000,1,50.0,,,60.0,,,,,,,,none,,,,,,,,,,,,,,,,,,,,0.729,1.49445,1.49445,none,30.0,,,,,,,,,,,,,,,,
J30_1.RCP,0,65.19736842105263,0.7368531227111816,PSO_none_adaptive,38,shift_vector,1000,0,50.0,,,60.0,,,,,,,,none,,,,,,,,,,,,,,,,,,,,0.729,1.49445,1.49445,adaptive,30.0,,,,,,,,,,,,,,,,
J30_1.RCP,1,61.4078947368421,0.7469639778137207,PSO_none_adaptive,38,shift_vector,1000,1,50.0,,,60.0,,,,,,,,none,,,,,,,,,,,,,,,,,,,,0.729,1.49445,1.49445,adaptive,30.0,,,,,,,,,,,,,,,,
J30_1.RCP,0,60.14473684210526,0.526892900466919,PSO_swap_none,38,shift_vector,1000,0,50.0,,,60.0,,,,,,,,swap,,,,,,,,,,,,,,,,,,,,0.729,1.49445,1.49445,none,30.0,,,,,,,,,,,,,,,,
J30_1.RCP,1,60.03947368421053,0.5277969837188721,PSO_swap_none,38,shift_vector,1000,1,50.0,,,60.0,,,,,,,,swap,,,,,,,,,,,,,,,,,,,,0.729,1.49445,1.49445,none,30.0,,,,,,,,,,,,,,,,
J30_1.RCP,0,62.51315789473684,0.46860814094543457,PSO_swap_adaptive,38,shift_vector,1000,0,50.0,,,60.0,,,,,,,,swap,,,,,,,,,,,,,,,,,,,,0.729,1.49445,1.49445,adaptive,30.0,,,,,,,,,,,,,,,,
J30_1.RCP,1,61.93421052631579,0.46573400497436523,PSO_swap_adaptive,38,shift_vector,1000,1,50.0,,,60.0,,,,,,,,swap,,,,,,,,,,,,,,,,,,,,0.729,1.49445,1.49445,adaptive,30.0,,,,,,,,,,,,,,,,
J30_1.RCP,0,61.88157894736842,0.8235819339752197,BA_none,38,shift_vector,1000,0,50.0,,,60.0,,,,,,,,none,10.0,,,,,,,,,,,,,,,,,,,,,,,,0.0,2.0,1.0,0.5,0.9,0.9,,,,,,,,,,
J30_1.RCP,1,72.5657894736842,0.821660041809082,BA_none,38,shift_vector,1000,1,50.0,,,60.0,,,,,,,,none,10.0,,,,,,,,,,,,,,,,,,,,,,,,0.0,2.0,1.0,0.5,0.9,0.9,,,,,,,,,,
J30_1.RCP,0,61.88157894736841,0.602086067199707,BA_swap,38,shift_vector,1000,0,50.0,,,60.0,,,,,,,,swap,10.0,,,,,,,,,,,,,,,,,,,,,,,,0.0,2.0,1.0,0.5,0.9,0.9,,,,,,,,,,
J30_1.RCP,1,71.77631578947368,0.6612992286682129,BA_swap,38,shift_vector,1000,1,50.0,,,60.0,,,,,,,,swap,10.0,,,,,,,,,,,,,,,,,,,,,,,,0.0,2.0,1.0,0.5,0.9,0.9,,,,,,,,,,
J30_1.RCP,0,60.14473684210526,0.654566764831543,HS_fixed_random,38,shift_vector,1000,0,,,,60.0,,,,random,,,,,,,,,,,,,,,,,,,,,,,,,,,,,,,,,,,50.0,0.9,0.3,0.1,0.9,fixed,,,,
J30_1.RCP,1,60.46052631578947,0.6539340019226074,HS_fixed_random,38,shift_vector,1000,1,,,,60.0,,,,random,,,,,,,,,,,,,,,,,,,,,,,,,,,,,,,,,,,50.0,0.9,0.3,0.1,0.9,fixed,,,,
J30_1.RCP,0,61.25,0.6417849063873291,HS_fixed_zero,38,shift_vector,1000,0,,,,60.0,,,,zero,,,,,,,,,,,,,,,,,,,,,,,,,,,,,,,,,,,50.0,0.9,0.3,0.1,0.9,fixed,,,,
J30_1.RCP,1,59.56578947368421,0.6418917179107666,HS_fixed_zero,38,shift_vector,1000,1,,,,60.0,,,,zero,,,,,,,,,,,,,,,,,,,,,,,,,,,,,,,,,,,50.0,0.9,0.3,0.1,0.9,fixed,,,,
J30_1.RCP,0,60.46052631578947,0.6874539852142334,HS_adaptive_random,38,shift_vector,1000,0,,,,60.0,,,,random,,,,,,,,,,,,,,,,,,,,,,,,,,,,,,,,,,,50.0,0.9,0.3,0.1,0.9,adaptive,,,,
J30_1.RCP,1,66.14473684210526,0.6894931793212891,HS_adaptive_random,38,shift_vector,1000,1,,,,60.0,,,,random,,,,,,,,,,,,,,,,,,,,,,,,,,,,,,,,,,,50.0,0.9,0.3,0.1,0.9,adaptive,,,,
J30_1.RCP,0,63.93421052631579,0.6756138801574707,HS_adaptive_zero,38,shift_vector,1000,0,,,,60.0,,,,zero,,,,,,,,,,,,,,,,,,,,,,,,,,,,,,,,,,,50.0,0.9,0.3,0.1,0.9,adaptive,,,,
J30_1.RCP,1,63.93421052631579,0.6745491027832031,HS_adaptive_zero,38,shift_vector,1000,1,,,,60.0,,,,zero,,,,,,,,,,,,,,,,,,,,,,,,,,,,,,,,,,,50.0,0.9,0.3,0.1,0.9,adaptive,,,,
J30_1.RCP,0,86.5657894736842,0.34624505043029785,SA_uniform,38,shift_vector,1000,0,,,,60.0,,,,,,,,,,,,,,,,,,,,,,,,,,,,,,,,,,,,,,,,,,,,,10000.0,0.995,10.0,uniform
J30_1.RCP,1,87.03947368421052,0.3397970199584961,SA_uniform,38,shift_vector,1000,1,,,,60.0,,,,,,,,,,,,,,,,,,,,,,,,,,,,,,,,,,,,,,,,,,,,,10000.0,0.995,10.0,uniform
J30_1.RCP,0,108.77631578947368,0.3347311019897461,SA_gaussian,38,shift_vector,1000,0,,,,60.0,,,,,,,,,,,,,,,,,,,,,,,,,,,,,,,,,,,,,,,,,,,,,10000.0,0.995,10.0,gaussian
J30_1.RCP,1,94.98684210526316,0.3440582752227783,SA_gaussian,38,shift_vector,1000,1,,,,60.0,,,,,,,,,,,,,,,,,,,,,,,,,,,,,,,,,,,,,,,,,,,,,10000.0,0.995,10.0,gaussian
J30_1.RCP,0,86.98684210526316,0.3569660186767578,SA_swap,38,shift_vector,1000,0,,,,60.0,,,,,,,,,,,,,,,,,,,,,,,,,,,,,,,,,,,,,,,,,,,,,10000.0,0.995,10.0,swap
J30_1.RCP,1,87.9342105263158,0.3606119155883789,SA_swap,38,shift_vector,1000,1,,,,60.0,,,,,,,,,,,,,,,,,,,,,,,,,,,,,,,,,,,,,,,,,,,,,10000.0,0.995,10.0,swap
