instance_id,seed,best_objective,runtime,algorithm_name,deadline,encoding_type,param_max_evaluations,param_seed,param_population_size,param_crossover_rate,param_mutation_rate,param_time_limit,param_selection_strategy,param_crossover_strategy,param_mutation_strategy,param_initialization_strategy,param_tournament_size,param_use_repair,param_elitism,param_local_search_strategy,param_local_search_interval,param_use_delay_factors,param_delay_mutation_rate,param_max_iterations,param_F,param_CR,param_use_adaptive_F,param_use_adaptive_CR,param_use_local_search,param_local_search_top,param_F_min,param_F_max,param_CR_min,param_CR_max,param_elite_size,param_path_strategy,param_local_search_eval_limit,param_tabu_tenure,param_neighborhood_size,param_aspiration_criterion,param_tabu_strategy,param_neighborhood_type,param_min_factor,param_max_factor,param_noimprove_threshold,param_w,param_c1,param_c2,param_restart_strategy,param_restart_threshold,param_f_min,param_f_max,param_A0,param_r0,param_alpha,param_gamma,param_hm_size,param_hmcr,param_par,param_par_min,param_par_max,param_parameter_strategy,param_initial_temperature,param_cooling_rate,param_iterations_per_temperature,param_neighborhood_strategy
J30_1.RCP,0,80.09210526315789,0.9482231140136719,GA_roulette_ox1_swap_random_repair_elitism_none,38,activity_list,1000,0,50.0,0.9,0.1,60.0,roulette,ox1,swap,random,3.0,True,True,none,5.0,True,0.1,,,,,,,,,,,,,,,,,,,,,,,,,,,,,,,,,,,,,,,,,,,
J30_1.RCP,0,75.98684210526316,0.9374737739562988,GA_roulette_ox1_swap_random_repair_elitism_swap,38,activity_list,1000,0,50.0,0.9,0.1,60.0,roulette,ox1,swap,random,3.0,True,True,swap,5.0,True,0.1,,,,,,,,,,,,,,,,,,,,,,,,,,,,,,,,,,,,,,,,,,,
J30_1.RCP,0,80.09210526315789,0.9296629428863525,GA_roulette_ox1_swap_random_repair_noElitism_none,38,activity_list,1000,0,50.0,0.9,0.1,60.0,roulette,ox1,swap,random,3.0,True,False,none,5.0,True,0.1,,,,,,,,,,,,,,,,,,,,,,,,,,,,,,,,,,,,,,,,,,,
J30_1.RCP,0,75.98684210526316,0.9209861755371094,GA_roulette_ox1_swap_random_repair_noElitism_swap,38,activity_list,1000,0,50.0,0.9,0.1,60.0,roulette,ox1,swap,random,3.0,True,False,swap,5.0,True,0.1,,,,,,,,,,,,,,,,,,,,,,,,,,,,,,,,,,,,,,,,,,,
J30_1.RCP,0,80.09210526315789,0.6198630332946777,GA_roulette_ox1_swap_random_noRepair_elitism_none,38,activity_list,1000,0,50.0,0.9,0.1,60.0,roulette,ox1,swap,random,3.0,False,True,none,5.0,True,0.1,,,,,,,,,,,,,,,,,,,,,,,,,,,,,,,,,,,,,,,,,,,
J30_1.RCP,0,75.98684210526316,0.6260290145874023,GA_roulette_ox1_swap_random_noRepair_elitism_swap,38,activity_list,1000,0,50.0,0.9,0.1,60.0,roulette,ox1,swap,random,3.0,False,True,swap,5.0,True,0.1,,,,,,,,,,,,,,,,,,,,,,,,,,,,,,,,,,,,,,,,,,,
J30_1.RCP,0,80.09210526315789,0.6355509757995605,GA_roulette_ox1_swap_random_noRepair_noElitism_none,38,activity_list,1000,0,50.0,0.9,0.1,60.0,roulette,ox1,swap,random,3.0,False,False,none,5.0,True,0.1,,,,,,,,,,,,,,,,,,,,,,,,,,,,,,,,,,,,,,,,,,,
J30_1.RCP,0,75.98684210526316,0.6290988922119141,GA_roulette_ox1_swap_random_noRepair_noElitism_swap,38,activity_list,1000,0,50.0,0.9,0.1,60.0,roulette,ox1,swap,random,3.0,False,False,swap,5.0,True,0.1,,,,,,,,,,,,,,,,,,,,,,,,,,,,,,,,,,,,,,,,,,,
J30_1.RCP,0,76.72368421052632,0.931318998336792,GA_roulette_ox1_swap_forward_repair_elitism_none,38,activity_list,1000,0,50.0,0.9,0.1,60.0,roulette,ox1,swap,forward,3.0,True,True,none,5.0,True,0.1,,,,,,,,,,,,,,,,,,,,,,,,,,,,,,,,,,,,,,,,,,,
J30_1.RCP,0,77.61842105263158,0.9205026626586914,GA_roulette_ox1_swap_forward_repair_elitism_swap,38,activity_list,1000,0,50.0,0.9,0.1,60.0,roulette,ox1,swap,forward,3.0,True,True,swap,5.0,True,0.1,,,,,,,,,,,,,,,,,,,,,,,,,,,,,,,,,,,,,,,,,,,
J30_1.RCP,0,76.72368421052632,0.9344797134399414,GA_roulette_ox1_swap_forward_repair_noElitism_none,38,activity_list,1000,0,50.0,0.9,0.1,60.0,roulette,ox1,swap,forward,3.0,True,False,none,5.0,True,0.1,,,,,,,,,,,,,,,,,,,,,,,,,,,,,,,,,,,,,,,,,,,
J30_1.RCP,0,77.61842105263158,0.9294159412384033,GA_roulette_ox1_swap_forward_repair_noElitism_swap,38,activity_list,1000,0,50.0,0.9,0.1,60.0,roulette,ox1,swap,forward,3.0,True,False,swap,5.0,True,0.1,,,,,,,,,,,,,,,,,,,,,,,,,,,,,,,,,,,,,,,,,,,
J30_1.RCP,0,76.72368421052632,0.6356332302093506,GA_roulette_ox1_swap_forward_noRepair_elitism_none,38,activity_list,1000,0,50.0,0.9,0.1,60.0,roulette,ox1,swap,forward,3.0,False,True,none,5.0,True,0.1,,,,,,,,,,,,,,,,,,,,,,,,,,,,,,,,,,,,,,,,,,,
J30_1.RCP,0,77.61842105263158,0.6377968788146973,GA_roulette_ox1_swap_forward_noRepair_elitism_swap,38,activity_list,1000,0,50.0,0.9,0.1,60.0,roulette,ox1,swap,forward,3.0,False,True,swap,5.0,True,0.1,,,,,,,,,,,,,,,,,,,,,,,,,,,,,,,,,,,,,,,,,,,
J30_1.RCP,0,76.72368421052632,0.6480252742767334,GA_roulette_ox1_swap_forward_noRepair_noElitism_none,38,activity_list,1000,0,50.0,0.9,0.1,60.0,roulette,ox1,swap,forward,3.0,False,False,none,5.0,True,0.1,,,,,,,,,,,,,,,,,,,,,,,,,,,,,,,,,,,,,,,,,,,
J30_1.RCP,0,77.61842105263158,0.6354472637176514,GA_roulette_ox1_swap_forward_noRepair_noElitism_swap,38,activity_list,1000,0,50.0,0.9,0.1,60.0,roulette,ox1,swap,forward,3.0,False,False,swap,5.0,True,0.1,,,,,,,,,,,,,,,,,,,,,,,,,,,,,,,,,,,,,,,,,,,
J30_1.RCP,0,70.51315789473684,0.9383487701416016,GA_roulette_ox1_insertion_random_repair_elitism_none,38,activity_list,1000,0,50.0,0.9,0.1,60.0,roulette,ox1,insertion,random,3.0,True,True,none,5.0,True,0.1,,,,,,,,,,,,,,,,,,,,,,,,,,,,,,,,,,,,,,,,,,,
J30_1.RCP,0,74.14473684210527,0.9222471714019775,GA_roulette_ox1_insertion_random_repair_elitism_swap,38,activity_list,1000,0,50.0,0.9,0.1,60.0,roulette,ox1,insertion,random,3.0,True,True,swap,5.0,True,0.1,,,,,,,,,,,,,,,,,,,,,,,,,,,,,,,,,,,,,,,,,,,
J30_1.RCP,0,70.51315789473684,0.9212720394134521,GA_roulette_ox1_insertion_random_repair_noElitism_none,38,activity_list,1000,0,50.0,0.9,0.1,60.0,roulette,ox1,insertion,random,3.0,True,False,none,5.0,True,0.1,,,,,,,,,,,,,,,,,,,,,,,,,,,,,,,,,,,,,,,,,,,
J30_1.RCP,0,74.14473684210527,0.9212980270385742,GA_roulette_ox1_insertion_random_repair_noElitism_swap,38,activity_list,1000,0,50.0,0.9,0.1,60.0,roulette,ox1,insertion,random,3.0,True,False,swap,5.0,True,0.1,,,,,,,,,,,,,,,,,,,,,,,,,,,,,,,,,,,,,,,,,,,
J30_1.RCP,0,70.51315789473684,0.6316280364990234,GA_roulette_ox1_insertion_random_noRepair_elitism_none,38,activity_list,1000,0,50.0,0.9,0.1,60.0,roulette,ox1,insertion,random,3.0,False,True,none,5.0,True,0.1,,,,,,,,,,,,,,,,,,,,,,,,,,,,,,,,,,,,,,,,,,,
J30_1.RCP,0,74.14473684210527,0.6194071769714355,GA_roulette_ox1_insertion_random_noRepair_elitism_swap,38,activity_list,1000,0,50.0,0.9,0.1,60.0,roulette,ox1,insertion,random,3.0,False,True,swap,5.0,True,0.1,,,,,,,,,,,,,,,,,,,,,,,,,,,,,,,,,,,,,,,,,,,
J30_1.RCP,0,70.51315789473684,0.6174068450927734,GA_roulette_ox1_insertion_random_noRepair_noElitism_none,38,activity_list,1000,0,50.0,0.9,0.1,60.0,roulette,ox1,insertion,random,3.0,False,False,none,5.0,True,0.1,,,,,,,,,,,,,,,,,,,,,,,,,,,,,,,,,,,,,,,,,,,
J30_1.RCP,0,74.14473684210527,0.627849817276001,GA_roulette_ox1_insertion_random_noRepair_noElitism_swap,38,activity_list,1000,0,50.0,0.9,0.1,60.0,roulette,ox1,insertion,random,3.0,False,False,swap,5.0,True,0.1,,,,,,,,,,,,,,,,,,,,,,,,,,,,,,,,,,,,,,,,,,,
J30_1.RCP,0,73.25,0.9321861267089844,GA_roulette_ox1_insertion_forward_repair_elitism_none,38,activity_list,1000,0,50.0,0.9,0.1,60.0,roulette,ox1,insertion,forward,3.0,True,True,none,5.0,True,0.1,,,,,,,,,,,,,,,,,,,,,,,,,,,,,,,,,,,,,,,,,,,
J30_1.RCP,0,77.09210526315789,0.9315640926361084,GA_roulette_ox1_insertion_forward_repair_elitism_swap,38,activity_list,1000,0,50.0,0.9,0.1,60.0,roulette,ox1,insertion,forward,3.0,True,True,swap,5.0,True,0.1,,,,,,,,,,,,,,,,,,,,,,,,,,,,,,,,,,,,,,,,,,,
J30_1.RCP,0,73.25,0.9363729953765869,GA_roulette_ox1_insertion_forward_repair_noElitism_none,38,activity_list,1000,0,50.0,0.9,0.1,60.0,roulette,ox1,insertion,forward,3.0,True,False,none,5.0,True,0.1,,,,,,,,,,,,,,,,,,,,,,,,,,,,,,,,,,,,,,,,,,,
J30_1.RCP,0,77.09210526315789,0.9239349365234375,GA_roulette_ox1_insertion_forward_repair_noElitism_swap,38,activity_list,1000,0,50.0,0.9,0.1,60.0,roulette,ox1,insertion,forward,3.0,True,False,swap,5.0,True,0.1,,,,,,,,,,,,,,,,,,,,,,,,,,,,,,,,,,,,,,,,,,,
J30_1.RCP,0,73.25,0.6311569213867188,GA_roulette_ox1_insertion_forward_noRepair_elitism_none,38,activity_list,1000,0,50.0,0.9,0.1,60.0,roulette,ox1,insertion,forward,3.0,False,True,none,5.0,True,0.1,,,,,,,,,,,,,,,,,,,,,,,,,,,,,,,,,,,,,,,,,,,
J30_1.RCP,0,77.09210526315789,0.6428530216217041,GA_roulette_ox1_insertion_forward_noRepair_elitism_swap,38,activity_list,1000,0,50.0,0.9,0.1,60.0,roulette,ox1,insertion,forward,3.0,False,True,swap,5.0,True,0.1,,,,,,,,,,,,,,,,,,,,,,,,,,,,,,,,,,,,,,,,,,,
J30_1.RCP,0,73.25,0.6423099040985107,GA_roulette_ox1_insertion_forward_noRepair_noElitism_none,38,activity_list,1000,0,50.0,0.9,0.1,60.0,roulette,ox1,insertion,forward,3.0,False,False,none,5.0,True,0.1,,,,,,,,,,,,,,,,,,,,,,,,,,,,,,,,,,,,,,,,,,,
J30_1.RCP,0,77.09210526315789,0.6440157890319824,GA_roulette_ox1_insertion_forward_noRepair_noElitism_swap,38,activity_list,1000,0,50.0,0.9,0.1,60.0,roulette,ox1,insertion,forward,3.0,False,False,swap,5.0,True,0.1,,,,,,,,,,,,,,,,,,,,,,,,,,,,,,,,,,,,,,,,,,,
J30_1.RCP,0,80.09210526315789,0.9213080406188965,GA_roulette_ox1_inversion_random_repair_elitism_none,38,activity_list,1000,0,50.0,0.9,0.1,60.0,roulette,ox1,inversion,random,3.0,True,True,none,5.0,True,0.1,,,,,,,,,,,,,,,,,,,,,,,,,,,,,,,,,,,,,,,,,,,
J30_1.RCP,0,75.98684210526316,0.9276068210601807,GA_roulette_ox1_inversion_random_repair_elitism_swap,38,activity_list,1000,0,50.0,0.9,0.1,60.0,roulette,ox1,inversion,random,3.0,True,True,swap,5.0,True,0.1,,,,,,,,,,,,,,,,,,,,,,,,,,,,,,,,,,,,,,,,,,,
J30_1.RCP,0,80.09210526315789,0.9347970485687256,GA_roulette_ox1_inversion_random_repair_noElitism_none,38,activity_list,1000,0,50.0,0.9,0.1,60.0,roulette,ox1,inversion,random,3.0,True,False,none,5.0,True,0.1,,,,,,,,,,,,,,,,,,,,,,,,,,,,,,,,,,,,,,,,,,,
J30_1.RCP,0,75.98684210526316,0.9296059608459473,GA_roulette_ox1_inversion_random_repair_noElitism_swap,38,activity_list,1000,0,50.0,0.9,0.1,60.0,roulette,ox1,inversion,random,3.0,True,False,swap,5.0,True,0.1,,,,,,,,,,,,,,,,,,,,,,,,,,,,,,,,,,,,,,,,,,,
J30_1.RCP,0,80.09210526315789,0.6397178173065186,GA_roulette_ox1_inversion_random_noRepair_elitism_none,38,activity_list,1000,0,50.0,0.9,0.1,60.0,roulette,ox1,inversion,random,3.0,False,True,none,5.0,True,0.1,,,,,,,,,,,,,,,,,,,,,,,,,,,,,,,,,,,,,,,,,,,
J30_1.RCP,0,75.98684210526316,0.6304209232330322,GA_roulette_ox1_inversion_random_noRepair_elitism_swap,38,activity_list,1000,0,50.0,0.9,0.1,60.0,roulette,ox1,inversion,random,3.0,False,True,swap,5.0,True,0.1,,,,,,,,,,,,,,,,,,,,,,,,,,,,,,,,,,,,,,,,,,,
J30_1.RCP,0,80.09210526315789,0.6218929290771484,GA_roulette_ox1_inversion_random_noRepair_noElitism_none,38,activity_list,1000,0,50.0,0.9,0.1,60.0,roulette,ox1,inversion,random,3.0,False,False,none,5.0,True,0.1,,,,,,,,,,,,,,,,,,,,,,,,,,,,,,,,,,,,,,,,,,,
J30_1.RCP,0,75.98684210526316,0.6310510635375977,GA_roulette_ox1_inversion_random_noRepair_noElitism_swap,38,activity_list,1000,0,50.0,0.9,0.1,60.0,roulette,ox1,inversion,random,3.0,False,False,swap,5.0,True,0.1,,,,,,,,,,,,,,,,,,,,,,,,,,,,,,,,,,,,,,,,,,,
J30_1.RCP,0,76.72368421052632,0.9255118370056152,GA_roulette_ox1_inversion_forward_repair_elitism_none,38,activity_list,1000,0,50.0,0.9,0.1,60.0,roulette,ox1,inversion,forward,3.0,True,True,none,5.0,True,0.1,,,,,,,,,,,,,,,,,,,,,,,,,,,,,,,,,,,,,,,,,,,
J30_1.RCP,0,77.61842105263158,0.9150047302246094,GA_roulette_ox1_inversion_forward_repair_elitism_swap,38,activity_list,1000,0,50.0,0.9,0.1,60.0,roulette,ox1,inversion,forward,3.0,True,True,swap,5.0,True,0.1,,,,,,,,,,,,,,,,,,,,,,,,,,,,,,,,,,,,,,,,,,,
J30_1.RCP,0,76.72368421052632,0.9284520149230957,GA_roulette_ox1_inversion_forward_repair_noElitism_none,38,activity_list,1000,0,50.0,0.9,0.1,60.0,roulette,ox1,inversion,forward,3.0,True,False,none,5.0,True,0.1,,,,,,,,,,,,,,,,,,,,,,,,,,,,,,,,,,,,,,,,,,,
J30_1.RCP,0,77.61842105263158,0.9322869777679443,GA_roulette_ox1_inversion_forward_repair_noElitism_swap,38,activity_list,1000,0,50.0,0.9,0.1,60.0,roulette,ox1,inversion,forward,3.0,True,False,swap,5.0,True,0.1,,,,,,,,,,,,,,,,,,,,,,,,,,,,,,,,,,,,,,,,,,,
J30_1.RCP,0,76.72368421052632,0.6282980442047119,GA_roulette_ox1_inversion_forward_noRepair_elitism_none,38,activity_list,1000,0,50.0,0.9,0.1,60.0,roulette,ox1,inversion,forward,3.0,False,True,none,5.0,True,0.1,,,,,,,,,,,,,,,,,,,,,,,,,,,,,,,,,,,,,,,,,,,
J30_1.RCP,0,77.61842105263158,0.6414198875427246,GA_roulette_ox1_inversion_forward_noRepair_elitism_swap,38,activity_list,1000,0,50.0,0.9,0.1,60.0,roulette,ox1,inversion,forward,3.0,False,True,swap,5.0,True,0.1,,,,,,,,,,,,,,,,,,,,,,,,,,,,,,,,,,,,,,,,,,,
J30_1.RCP,0,76.72368421052632,0.6336240768432617,GA_roulette_ox1_inversion_forward_noRepair_noElitism_none,38,activity_list,1000,0,50.0,0.9,0.1,60.0,roulette,ox1,inversion,forward,3.0,False,False,none,5.0,True,0.1,,,,,,,,,,,,,,,,,,,,,,,,,,,,,,,,,,,,,,,,,,,
J30_1.RCP,0,77.61842105263158,0.6316683292388916,GA_roulette_ox1_inversion_forward_noRepair_noElitism_swap,38,activity_list,1000,0,50.0,0.9,0.1,60.0,roulette,ox1,inversion,forward,3.0,False,False,swap,5.0,True,0.1,,,,,,,,,,,,,,,,,,,,,,,,,,,,,,,,,,,,,,,,,,,
J30_1.RCP,0,81.72368421052632,0.9183948040008545,GA_roulette_ox1_scramble_random_repair_elitism_none,38,activity_list,1000,0,50.0,0.9,0.1,60.0,roulette,ox1,scramble,random,3.0,True,True,none,5.0,True,0.1,,,,,,,,,,,,,,,,,,,,,,,,,,,,,,,,,,,,,,,,,,,
J30_1.RCP,0,78.09210526315789,0.9223301410675049,GA_roulette_ox1_scramble_random_repair_elitism_swap,38,activity_list,1000,0,50.0,0.9,0.1,60.0,roulette,ox1,scramble,random,3.0,True,True,swap,5.0,True,0.1,,,,,,,,,,,,,,,,,,,,,,,,,,,,,,,,,,,,,,,,,,,
J30_1.RCP,0,81.72368421052632,0.9400360584259033,GA_roulette_ox1_scramble_random_repair_noElitism_none,38,activity_list,1000,0,50.0,0.9,0.1,60.0,roulette,ox1,scramble,random,3.0,True,False,none,5.0,True,0.1,,,,,,,,,,,,,,,,,,,,,,,,,,,,,,,,,,,,,,,,,,,
J30_1.RCP,0,78.09210526315789,0.9348318576812744,GA_roulette_ox1_scramble_random_repair_noElitism_swap,38,activity_list,1000,0,50.0,0.9,0.1,60.0,roulette,ox1,scramble,random,3.0,True,False,swap,5.0,True,0.1,,,,,,,,,,,,,,,,,,,,,,,,,,,,,,,,,,,,,,,,,,,
J30_1.RCP,0,81.72368421052632,0.6324629783630371,GA_roulette_ox1_scramble_random_noRepair_elitism_none,38,activity_list,1000,0,50.0,0.9,0.1,60.0,roulette,ox1,scramble,random,3.0,False,True,none,5.0,True,0.1,,,,,,,,,,,,,,,,,,,,,,,,,,,,,,,,,,,,,,,,,,,
J30_1.RCP,0,78.09210526315789,0.6292171478271484,GA_roulette_ox1_scramble_random_noRepair_elitism_swap,38,activity_list,1000,0,50.0,0.9,0.1,60.0,roulette,ox1,scramble,random,3.0,False,True,swap,5.0,True,0.1,,,,,,,,,,,,,,,,,,,,,,,,,,,,,,,,,,,,,,,,,,,
J30_1.RCP,0,81.72368421052632,0.6248838901519775,GA_roulette_ox1_scramble_random_noRepair_noElitism_none,38,activity_list,1000,0,50.0,0.9,0.1,60.0,roulette,ox1,scramble,random,3.0,False,False,none,5.0,True,0.1,,,,,,,,,,,,,,,,,,,,,,,,,,,,,,,,,,,,,,,,,,,
J30_1.RCP,0,78.09210526315789,0.6251380443572998,GA_roulette_ox1_scramble_random_noRepair_noElitism_swap,38,activity_list,1000,0,50.0,0.9,0.1,60.0,roulette,ox1,scramble,random,3.0,False,False,swap,5.0,True,0.1,,,,,,,,,,,,,,,,,,,,,,,,,,,,,,,,,,,,,,,,,,,
J30_1.RCP,0,76.72368421052632,0.9209578037261963,GA_roulette_ox1_scramble_forward_repair_elitism_none,38,activity_list,1000,0,50.0,0.9,0.1,60.0,roulette,ox1,scramble,forward,3.0,True,True,none,5.0,True,0.1,,,,,,,,,,,,,,,,,,,,,,,,,,,,,,,,,,,,,,,,,,,
J30_1.RCP,0,77.9342105263158,0.9234869480133057,GA_roulette_ox1_scramble_forward_repair_elitism_swap,38,activity_list,1000,0,50.0,0.9,0.1,60.0,roulette,ox1,scramble,forward,3.0,True,True,swap,5.0,True,0.1,,,,,,,,,,,,,,,,,,,,,,,,,,,,,,,,,,,,,,,,,,,
J30_1.RCP,0,76.72368421052632,0.917656660079956,GA_roulette_ox1_scramble_forward_repair_noElitism_none,38,activity_list,1000,0,50.0,0.9,0.1,60.0,roulette,ox1,scramble,forward,3.0,True,False,none,5.0,True,0.1,,,,,,,,,,,,,,,,,,,,,,,,,,,,,,,,,,,,,,,,,,,
J30_1.RCP,0,77.9342105263158,0.9353151321411133,GA_roulette_ox1_scramble_forward_repair_noElitism_swap,38,activity_list,1000,0,50.0,0.9,0.1,60.0,roulette,ox1,scramble,forward,3.0,True,False,swap,5.0,True,0.1,,,,,,,,,,,,,,,,,,,,,,,,,,,,,,,,,,,,,,,,,,,
J30_1.RCP,0,76.72368421052632,0.6265590190887451,GA_roulette_ox1_scramble_forward_noRepair_elitism_none,38,activity_list,1000,0,50.0,0.9,0.1,60.0,roulette,ox1,scramble,forward,3.0,False,True,none,5.0,True,0.1,,,,,,,,,,,,,,,,,,,,,,,,,,,,,,,,,,,,,,,,,,,
J30_1.RCP,0,77.9342105263158,0.6366510391235352,GA_roulette_ox1_scramble_forward_noRepair_elitism_swap,38,activity_list,1000,0,50.0,0.9,0.1,60.0,roulette,ox1,scramble,forward,3.0,False,True,swap,5.0,True,0.1,,,,,,,,,,,,,,,,,,,,,,,,,,,,,,,,,,,,,,,,,,,
J30_1.RCP,0,76.72368421052632,0.6267838478088379,GA_roulette_ox1_scramble_forward_noRepair_noElitism_none,38,activity_list,1000,0,50.0,0.9,0.1,60.0,roulette,ox1,scramble,forward,3.0,False,False,none,5.0,True,0.1,,,,,,,,,,,,,,,,,,,,,,,,,,,,,,,,,,,,,,,,,,,
J30_1.RCP,0,77.9342105263158,0.6375012397766113,GA_roulette_ox1_scramble_forward_noRepair_noElitism_swap,38,activity_list,1000,0,50.0,0.9,0.1,60.0,roulette,ox1,scramble,forward,3.0,False,False,swap,5.0,True,0.1,,,,,,,,,,,,,,,,,,,,,,,,,,,,,,,,,,,,,,,,,,,
J30_1.RCP,0,80.09210526315789,0.878605842590332,GA_roulette_pmx_swap_random_repair_elitism_none,38,activity_list,1000,0,50.0,0.9,0.1,60.0,roulette,pmx,swap,random,3.0,True,True,none,5.0,True,0.1,,,,,,,,,,,,,,,,,,,,,,,,,,,,,,,,,,,,,,,,,,,
J30_1.RCP,0,75.98684210526316,0.8647220134735107,GA_roulette_pmx_swap_random_repair_elitism_swap,38,activity_list,1000,0,50.0,0.9,0.1,60.0,roulette,pmx,swap,random,3.0,True,True,swap,5.0,True,0.1,,,,,,,,,,,,,,,,,,,,,,,,,,,,,,,,,,,,,,,,,,,
J30_1.RCP,0,80.09210526315789,1.1038768291473389,GA_roulette_pmx_swap_random_repair_noElitism_none,38,activity_list,1000,0,50.0,0.9,0.1,60.0,roulette,pmx,swap,random,3.0,True,False,none,5.0,True,0.1,,,,,,,,,,,,,,,,,,,,,,,,,,,,,,,,,,,,,,,,,,,
J30_1.RCP,0,75.98684210526316,0.8776309490203857,GA_roulette_pmx_swap_random_repair_noElitism_swap,38,activity_list,1000,0,50.0,0.9,0.1,60.0,roulette,pmx,swap,random,3.0,True,False,swap,5.0,True,0.1,,,,,,,,,,,,,,,,,,,,,,,,,,,,,,,,,,,,,,,,,,,
J30_1.RCP,0,80.09210526315789,0.60752272605896,GA_roulette_pmx_swap_random_noRepair_elitism_none,38,activity_list,1000,0,50.0,0.9,0.1,60.0,roulette,pmx,swap,random,3.0,False,True,none,5.0,True,0.1,,,,,,,,,,,,,,,,,,,,,,,,,,,,,,,,,,,,,,,,,,,
J30_1.RCP,0,75.98684210526316,0.5918569564819336,GA_roulette_pmx_swap_random_noRepair_elitism_swap,38,activity_list,1000,0,50.0,0.9,0.1,60.0,roulette,pmx,swap,random,3.0,False,True,swap,5.0,True,0.1,,,,,,,,,,,,,,,,,,,,,,,,,,,,,,,,,,,,,,,,,,,
J30_1.RCP,0,80.09210526315789,0.5906260013580322,GA_roulette_pmx_swap_random_noRepair_noElitism_none,38,activity_list,1000,0,50.0,0.9,0.1,60.0,roulette,pmx,swap,random,3.0,False,False,none,5.0,True,0.1,,,,,,,,,,,,,,,,,,,,,,,,,,,,,,,,,,,,,,,,,,,
J30_1.RCP,0,75.98684210526316,0.6072440147399902,GA_roulette_pmx_swap_random_noRepair_noElitism_swap,38,activity_list,1000,0,50.0,0.9,0.1,60.0,roulette,pmx,swap,random,3.0,False,False,swap,5.0,True,0.1,,,,,,,,,,,,,,,,,,,,,,,,,,,,,,,,,,,,,,,,,,,
J30_1.RCP,0,76.72368421052632,0.8840610980987549,GA_roulette_pmx_swap_forward_repair_elitism_none,38,activity_list,1000,0,50.0,0.9,0.1,60.0,roulette,pmx,swap,forward,3.0,True,True,none,5.0,True,0.1,,,,,,,,,,,,,,,,,,,,,,,,,,,,,,,,,,,,,,,,,,,
J30_1.RCP,0,77.61842105263158,0.8925409317016602,GA_roulette_pmx_swap_forward_repair_elitism_swap,38,activity_list,1000,0,50.0,0.9,0.1,60.0,roulette,pmx,swap,forward,3.0,True,True,swap,5.0,True,0.1,,,,,,,,,,,,,,,,,,,,,,,,,,,,,,,,,,,,,,,,,,,
J30_1.RCP,0,76.72368421052632,0.8813049793243408,GA_roulette_pmx_swap_forward_repair_noElitism_none,38,activity_list,1000,0,50.0,0.9,0.1,60.0,roulette,pmx,swap,forward,3.0,True,False,none,5.0,True,0.1,,,,,,,,,,,,,,,,,,,,,,,,,,,,,,,,,,,,,,,,,,,
J30_1.RCP,0,77.61842105263158,0.8747949600219727,GA_roulette_pmx_swap_forward_repair_noElitism_swap,38,activity_list,1000,0,50.0,0.9,0.1,60.0,roulette,pmx,swap,forward,3.0,True,False,swap,5.0,True,0.1,,,,,,,,,,,,,,,,,,,,,,,,,,,,,,,,,,,,,,,,,,,
J30_1.RCP,0,76.72368421052632,0.5873520374298096,GA_roulette_pmx_swap_forward_noRepair_elitism_none,38,activity_list,1000,0,50.0,0.9,0.1,60.0,roulette,pmx,swap,forward,3.0,False,True,none,5.0,True,0.1,,,,,,,,,,,,,,,,,,,,,,,,,,,,,,,,,,,,,,,,,,,
J30_1.RCP,0,77.61842105263158,0.5929760932922363,GA_roulette_pmx_swap_forward_noRepair_elitism_swap,38,activity_list,1000,0,50.0,0.9,0.1,60.0,roulette,pmx,swap,forward,3.0,False,True,swap,5.0,True,0.1,,,,,,,,,,,,,,,,,,,,,,,,,,,,,,,,,,,,,,,,,,,
J30_1.RCP,0,76.72368421052632,0.5806479454040527,GA_roulette_pmx_swap_forward_noRepair_noElitism_none,38,activity_list,1000,0,50.0,0.9,0.1,60.0,roulette,pmx,swap,forward,3.0,False,False,none,5.0,True,0.1,,,,,,,,,,,,,,,,,,,,,,,,,,,,,,,,,,,,,,,,,,,
J30_1.RCP,0,77.61842105263158,0.584989070892334,GA_roulette_pmx_swap_forward_noRepair_noElitism_swap,38,activity_list,1000,0,50.0,0.9,0.1,60.0,roulette,pmx,swap,forward,3.0,False,False,swap,5.0,True,0.1,,,,,,,,,,,,,,,,,,,,,,,,,,,,,,,,,,,,,,,,,,,
J30_1.RCP,0,70.51315789473684,0.8643767833709717,GA_roulette_pmx_insertion_random_repair_elitism_none,38,activity_list,1000,0,50.0,0.9,0.1,60.0,roulette,pmx,insertion,random,3.0,True,True,none,5.0,True,0.1,,,,,,,,,,,,,,,,,,,,,,,,,,,,,,,,,,,,,,,,,,,
J30_1.RCP,0,74.14473684210527,0.8714942932128906,GA_roulette_pmx_insertion_random_repair_elitism_swap,38,activity_list,1000,0,50.0,0.9,0.1,60.0,roulette,pmx,insertion,random,3.0,True,True,swap,5.0,True,0.1,,,,,,,,,,,,,,,,,,,,,,,,,,,,,,,,,,,,,,,,,,,
J30_1.RCP,0,70.51315789473684,0.8681430816650391,GA_roulette_pmx_insertion_random_repair_noElitism_none,38,activity_list,1000,0,50.0,0.9,0.1,60.0,roulette,pmx,insertion,random,3.0,True,False,none,5.0,True,0.1,,,,,,,,,,,,,,,,,,,,,,,,,,,,,,,,,,,,,,,,,,,
J30_1.RCP,0,74.14473684210527,0.8667497634887695,GA_roulette_pmx_insertion_random_repair_noElitism_swap,38,activity_list,1000,0,50.0,0.9,0.1,60.0,roulette,pmx,insertion,random,3.0,True,False,swap,5.0,True,0.1,,,,,,,,,,,,,,,,,,,,,,,,,,,,,,,,,,,,,,,,,,,
J30_1.RCP,0,70.51315789473684,0.5834369659423828,GA_roulette_pmx_insertion_random_noRepair_elitism_none,38,activity_list,1000,0,50.0,0.9,0.1,60.0,roulette,pmx,insertion,random,3.0,False,True,none,5.0,True,0.1,,,,,,,,,,,,,,,,,,,,,,,,,,,,,,,,,,,,,,,,,,,
J30_1.RCP,0,74.14473684210527,0.6135480403900146,GA_roulette_pmx_insertion_random_noRepair_elitism_swap,38,activity_list,1000,0,50.0,0.9,0.1,60.0,roulette,pmx,insertion,random,3.0,False,True,swap,5.0,True,0.1,,,,,,,,,,,,,,,,,,,,,,,,,,,,,,,,,,,,,,,,,,,
J30_1.RCP,0,70.51315789473684,0.5950829982757568,GA_roulette_pmx_insertion_random_noRepair_noElitism_none,38,activity_list,1000,0,50.0,0.9,0.1,60.0,roulette,pmx,insertion,random,3.0,False,False,none,5.0,True,0.1,,,,,,,,,,,,,,,,,,,,,,,,,,,,,,,,,,,,,,,,,,,
J30_1.RCP,0,74.14473684210527,0.5901219844818115,GA_roulette_pmx_insertion_random_noRepair_noElitism_swap,38,activity_list,1000,0,50.0,0.9,0.1,60.0,roulette,pmx,insertion,random,3.0,False,False,swap,5.0,True,0.1,,,,,,,,,,,,,,,,,,,,,,,,,,,,,,,,,,,,,,,,,,,
J30_1.RCP,0,73.25,0.8734428882598877,GA_roulette_pmx_insertion_forward_repair_elitism_none,38,activity_list,1000,0,50.0,0.9,0.1,60.0,roulette,pmx,insertion,forward,3.0,True,True,none,5.0,True,0.1,,,,,,,,,,,,,,,,,,,,,,,,,,,,,,,,,,,,,,,,,,,
J30_1.RCP,0,77.09210526315789,0.8794338703155518,GA_roulette_pmx_insertion_forward_repair_elitism_swap,38,activity_list,1000,0,50.0,0.9,0.1,60.0,roulette,pmx,insertion,forward,3.0,True,True,swap,5.0,True,0.1,,,,,,,,,,,,,,,,,,,,,,,,,,,,,,,,,,,,,,,,,,,
J30_1.RCP,0,73.25,0.8698141574859619,GA_roulette_pmx_insertion_forward_repair_noElitism_none,38,activity_list,1000,0,50.0,0.9,0.1,60.0,roulette,pmx,insertion,forward,3.0,True,False,none,5.0,True,0.1,,,,,,,,,,,,,,,,,,,,,,,,,,,,,,,,,,,,,,,,,,,
J30_1.RCP,0,77.09210526315789,0.8718438148498535,GA_roulette_pmx_insertion_forward_repair_noElitism_swap,38,activity_list,1000,0,50.0,0.9,0.1,60.0,roulette,pmx,insertion,forward,3.0,True,False,swap,5.0,True,0.1,,,,,,,,,,,,,,,,,,,,,,,,,,,,,,,,,,,,,,,,,,,
J30_1.RCP,0,73.25,0.5845909118652344,GA_roulette_pmx_insertion_forward_noRepair_elitism_none,38,activity_list,1000,0,50.0,0.9,0.1,60.0,roulette,pmx,insertion,forward,3.0,False,True,none,5.0,True,0.1,,,,,,,,,,,,,,,,,,,,,,,,,,,,,,,,,,,,,,,,,,,
J30_1.RCP,0,77.09210526315789,0.5888690948486328,GA_roulette_pmx_insertion_forward_noRepair_elitism_swap,38,activity_list,1000,0,50.0,0.9,0.1,60.0,roulette,pmx,insertion,forward,3.0,False,True,swap,5.0,True,0.1,,,,,,,,,,,,,,,,,,,,,,,,,,,,,,,,,,,,,,,,,,,
J30_1.RCP,0,73.25,0.5801572799682617,GA_roulette_pmx_insertion_forward_noRepair_noElitism_none,38,activity_list,1000,0,50.0,0.9,0.1,60.0,roulette,pmx,insertion,forward,3.0,False,False,none,5.0,True,0.1,,,,,,,,,,,,,,,,,,,,,,,,,,,,,,,,,,,,,,,,,,,
J30_1.RCP,0,77.09210526315789,0.5864298343658447,GA_roulette_pmx_insertion_forward_noRepair_noElitism_swap,38,activity_list,1000,0,50.0,0.9,0.1,60.0,roulette,pmx,insertion,forward,3.0,False,False,swap,5.0,True,0.1,,,,,,,,,,,,,,,,,,,,,,,,,,,,,,,,,,,,,,,,,,,
J30_1.RCP,0,80.09210526315789,0.856065034866333,GA_roulette_pmx_inversion_random_repair_elitism_none,38,activity_list,1000,0,50.0,0.9,0.1,60.0,roulette,pmx,inversion,random,3.0,True,True,none,5.0,True,0.1,,,,,,,,,,,,,,,,,,,,,,,,,,,,,,,,,,,,,,,,,,,
J30_1.RCP,0,75.98684210526316,0.8545949459075928,GA_roulette_pmx_inversion_random_repair_elitism_swap,38,activity_list,1000,0,50.0,0.9,0.1,60.0,roulette,pmx,inversion,random,3.0,True,True,swap,5.0,True,0.1,,,,,,,,,,,,,,,,,,,,,,,,,,,,,,,,,,,,,,,,,,,
J30_1.RCP,0,80.09210526315789,0.8576929569244385,GA_roulette_pmx_inversion_random_repair_noElitism_none,38,activity_list,1000,0,50.0,0.9,0.1,60.0,roulette,pmx,inversion,random,3.0,True,False,none,5.0,True,0.1,,,,,,,,,,,,,,,,,,,,,,,,,,,,,,,,,,,,,,,,,,,
J30_1.RCP,0,75.98684210526316,0.8560647964477539,GA_roulette_pmx_inversion_random_repair_noElitism_swap,38,activity_list,1000,0,50.0,0.9,0.1,60.0,roulette,pmx,inversion,random,3.0,True,False,swap,5.0,True,0.1,,,,,,,,,,,,,,,,,,,,,,,,,,,,,,,,,,,,,,,,,,,
J30_1.RCP,0,80.09210526315789,0.587853193283081,GA_roulette_pmx_inversion_random_noRepair_elitism_none,38,activity_list,1000,0,50.0,0.9,0.1,60.0,roulette,pmx,inversion,random,3.0,False,True,none,5.0,True,0.1,,,,,,,,,,,,,,,,,,,,,,,,,,,,,,,,,,,,,,,,,,,
J30_1.RCP,0,75.98684210526316,0.592231035232544,GA_roulette_pmx_inversion_random_noRepair_elitism_swap,38,activity_list,1000,0,50.0,0.9,0.1,60.0,roulette,pmx,inversion,random,3.0,False,True,swap,5.0,True,0.1,,,,,,,,,,,,,,,,,,,,,,,,,,,,,,,,,,,,,,,,,,,
J30_1.RCP,0,80.09210526315789,0.5862212181091309,GA_roulette_pmx_inversion_random_noRepair_noElitism_none,38,activity_list,1000,0,50.0,0.9,0.1,60.0,roulette,pmx,inversion,random,3.0,False,False,none,5.0,True,0.1,,,,,,,,,,,,,,,,,,,,,,,,,,,,,,,,,,,,,,,,,,,
J30_1.RCP,0,75.98684210526316,0.5918548107147217,GA_roulette_pmx_inversion_random_noRepair_noElitism_swap,38,activity_list,1000,0,50.0,0.9,0.1,60.0,roulette,pmx,inversion,random,3.0,False,False,swap,5.0,True,0.1,,,,,,,,,,,,,,,,,,,,,,,,,,,,,,,,,,,,,,,,,,,
J30_1.RCP,0,76.72368421052632,0.8788011074066162,GA_roulette_pmx_inversion_forward_repair_elitism_none,38,activity_list,1000,0,50.0,0.9,0.1,60.0,roulette,pmx,inversion,forward,3.0,True,True,none,5.0,True,0.1,,,,,,,,,,,,,,,,,,,,,,,,,,,,,,,,,,,,,,,,,,,
J30_1.RCP,0,77.61842105263158,0.8637421131134033,GA_roulette_pmx_inversion_forward_repair_elitism_swap,38,activity_list,1000,0,50.0,0.9,0.1,60.0,roulette,pmx,inversion,forward,3.0,True,True,swap,5.0,True,0.1,,,,,,,,,,,,,,,,,,,,,,,,,,,,,,,,,,,,,,,,,,,
J30_1.RCP,0,76.72368421052632,0.8721308708190918,GA_roulette_pmx_inversion_forward_repair_noElitism_none,38,activity_list,1000,0,50.0,0.9,0.1,60.0,roulette,pmx,inversion,forward,3.0,True,False,none,5.0,True,0.1,,,,,,,,,,,,,,,,,,,,,,,,,,,,,,,,,,,,,,,,,,,
J30_1.RCP,0,77.61842105263158,0.8741538524627686,GA_roulette_pmx_inversion_forward_repair_noElitism_swap,38,activity_list,1000,0,50.0,0.9,0.1,60.0,roulette,pmx,inversion,forward,3.0,True,False,swap,5.0,True,0.1,,,,,,,,,,,,,,,,,,,,,,,,,,,,,,,,,,,,,,,,,,,
J30_1.RCP,0,76.72368421052632,0.5879659652709961,GA_roulette_pmx_inversion_forward_noRepair_elitism_none,38,activity_list,1000,0,50.0,0.9,0.1,60.0,roulette,pmx,inversion,forward,3.0,False,True,none,5.0,True,0.1,,,,,,,,,,,,,,,,,,,,,,,,,,,,,,,,,,,,,,,,,,,
J30_1.RCP,0,77.61842105263158,0.58713698387146,GA_roulette_pmx_inversion_forward_noRepair_elitism_swap,38,activity_list,1000,0,50.0,0.9,0.1,60.0,roulette,pmx,inversion,forward,3.0,False,True,swap,5.0,True,0.1,,,,,,,,,,,,,,,,,,,,,,,,,,,,,,,,,,,,,,,,,,,
J30_1.RCP,0,76.72368421052632,0.5843088626861572,GA_roulette_pmx_inversion_forward_noRepair_noElitism_none,38,activity_list,1000,0,50.0,0.9,0.1,60.0,roulette,pmx,inversion,forward,3.0,False,False,none,5.0,True,0.1,,,,,,,,,,,,,,,,,,,,,,,,,,,,,,,,,,,,,,,,,,,
J30_1.RCP,0,77.61842105263158,0.5861730575561523,GA_roulette_pmx_inversion_forward_noRepair_noElitism_swap,38,activity_list,1000,0,50.0,0.9,0.1,60.0,roulette,pmx,inversion,forward,3.0,False,False,swap,5.0,True,0.1,,,,,,,,,,,,,,,,,,,,,,,,,,,,,,,,,,,,,,,,,,,
J30_1.RCP,0,81.72368421052632,0.8551301956176758,GA_roulette_pmx_scramble_random_repair_elitism_none,38,activity_list,1000,0,50.0,0.9,0.1,60.0,roulette,pmx,scramble,random,3.0,True,True,none,5.0,True,0.1,,,,,,,,,,,,,,,,,,,,,,,,,,,,,,,,,,,,,,,,,,,
J30_1.RCP,0,78.09210526315789,0.8601140975952148,GA_roulette_pmx_scramble_random_repair_elitism_swap,38,activity_list,1000,0,50.0,0.9,0.1,60.0,roulette,pmx,scramble,random,3.0,True,True,swap,5.0,True,0.1,,,,,,,,,,,,,,,,,,,,,,,,,,,,,,,,,,,,,,,,,,,
J30_1.RCP,0,81.72368421052632,0.854856014251709,GA_roulette_pmx_scramble_random_repair_noElitism_none,38,activity_list,1000,0,50.0,0.9,0.1,60.0,roulette,pmx,scramble,random,3.0,True,False,none,5.0,True,0.1,,,,,,,,,,,,,,,,,,,,,,,,,,,,,,,,,,,,,,,,,,,
J30_1.RCP,0,78.09210526315789,0.8549950122833252,GA_roulette_pmx_scramble_random_repair_noElitism_swap,38,activity_list,1000,0,50.0,0.9,0.1,60.0,roulette,pmx,scramble,random,3.0,True,False,swap,5.0,True,0.1,,,,,,,,,,,,,,,,,,,,,,,,,,,,,,,,,,,,,,,,,,,
J30_1.RCP,0,81.72368421052632,0.5842769145965576,GA_roulette_pmx_scramble_random_noRepair_elitism_none,38,activity_list,1000,0,50.0,0.9,0.1,60.0,roulette,pmx,scramble,random,3.0,False,True,none,5.0,True,0.1,,,,,,,,,,,,,,,,,,,,,,,,,,,,,,,,,,,,,,,,,,,
J30_1.RCP,0,78.09210526315789,0.5888512134552002,GA_roulette_pmx_scramble_random_noRepair_elitism_swap,38,activity_list,1000,0,50.0,0.9,0.1,60.0,roulette,pmx,scramble,random,3.0,False,True,swap,5.0,True,0.1,,,,,,,,,,,,,,,,,,,,,,,,,,,,,,,,,,,,,,,,,,,
J30_1.RCP,0,81.72368421052632,0.5858118534088135,GA_roulette_pmx_scramble_random_noRepair_noElitism_none,38,activity_list,1000,0,50.0,0.9,0.1,60.0,roulette,pmx,scramble,random,3.0,False,False,none,5.0,True,0.1,,,,,,,,,,,,,,,,,,,,,,,,,,,,,,,,,,,,,,,,,,,
J30_1.RCP,0,78.09210526315789,0.5944509506225586,GA_roulette_pmx_scramble_random_noRepair_noElitism_swap,38,activity_list,1000,0,50.0,0.9,0.1,60.0,roulette,pmx,scramble,random,3.0,False,False,swap,5.0,True,0.1,,,,,,,,,,,,,,,,,,,,,,,,,,,,,,,,,,,,,,,,,,,
J30_1.RCP,0,76.72368421052632,0.8647811412811279,GA_roulette_pmx_scramble_forward_repair_elitism_none,38,activity_list,1000,0,50.0,0.9,0.1,60.0,roulette,pmx,scramble,forward,3.0,True,True,none,5.0,True,0.1,,,,,,,,,,,,,,,,,,,,,,,,,,,,,,,,,,,,,,,,,,,
J30_1.RCP,0,77.9342105263158,0.8649520874023438,GA_roulette_pmx_scramble_forward_repair_elitism_swap,38,activity_list,1000,0,50.0,0.9,0.1,60.0,roulette,pmx,scramble,forward,3.0,True,True,swap,5.0,True,0.1,,,,,,,,,,,,,,,,,,,,,,,,,,,,,,,,,,,,,,,,,,,
J30_1.RCP,0,76.72368421052632,0.8644869327545166,GA_roulette_pmx_scramble_forward_repair_noElitism_none,38,activity_list,1000,0,50.0,0.9,0.1,60.0,roulette,pmx,scramble,forward,3.0,True,False,none,5.0,True,0.1,,,,,,,,,,,,,,,,,,,,,,,,,,,,,,,,,,,,,,,,,,,
J30_1.RCP,0,77.9342105263158,0.8647370338439941,GA_roulette_pmx_scramble_forward_repair_noElitism_swap,38,activity_list,1000,0,50.0,0.9,0.1,60.0,roulette,pmx,scramble,forward,3.0,True,False,swap,5.0,True,0.1,,,,,,,,,,,,,,,,,,,,,,,,,,,,,,,,,,,,,,,,,,,
J30_1.RCP,0,76.72368421052632,0.587744951248169,GA_roulette_pmx_scramble_forward_noRepair_elitism_none,38,activity_list,1000,0,50.0,0.9,0.1,60.0,roulette,pmx,scramble,forward,3.0,False,True,none,5.0,True,0.1,,,,,,,,,,,,,,,,,,,,,,,,,,,,,,,,,,,,,,,,,,,
J30_1.RCP,0,77.9342105263158,0.5877020359039307,GA_roulette_pmx_scramble_forward_noRepair_elitism_swap,38,activity_list,1000,0,50.0,0.9,0.1,60.0,roulette,pmx,scramble,forward,3.0,False,True,swap,5.0,True,0.1,,,,,,,,,,,,,,,,,,,,,,,,,,,,,,,,,,,,,,,,,,,
J30_1.RCP,0,76.72368421052632,0.5836737155914307,GA_roulette_pmx_scramble_forward_noRepair_noElitism_none,38,activity_list,1000,0,50.0,0.9,0.1,60.0,roulette,pmx,scramble,forward,3.0,False,False,none,5.0,True,0.1,,,,,,,,,,,,,,,,,,,,,,,,,,,,,,,,,,,,,,,,,,,
J30_1.RCP,0,77.9342105263158,0.5888020992279053,GA_roulette_pmx_scramble_forward_noRepair_noElitism_swap,38,activity_list,1000,0,50.0,0.9,0.1,60.0,roulette,pmx,scramble,forward,3.0,False,False,swap,5.0,True,0.1,,,,,,,,,,,,,,,,,,,,,,,,,,,,,,,,,,,,,,,,,,,
J30_1.RCP,0,73.67105263157896,0.8686480522155762,GA_roulette_order_swap_random_repair_elitism_none,38,activity_list,1000,0,50.0,0.9,0.1,60.0,roulette,order,swap,random,3.0,True,True,none,5.0,True,0.1,,,,,,,,,,,,,,,,,,,,,,,,,,,,,,,,,,,,,,,,,,,
J30_1.RCP,0,81.9342105263158,0.8744080066680908,GA_roulette_order_swap_random_repair_elitism_swap,38,activity_list,1000,0,50.0,0.9,0.1,60.0,roulette,order,swap,random,3.0,True,True,swap,5.0,True,0.1,,,,,,,,,,,,,,,,,,,,,,,,,,,,,,,,,,,,,,,,,,,
J30_1.RCP,0,73.67105263157896,0.8671400547027588,GA_roulette_order_swap_random_repair_noElitism_none,38,activity_list,1000,0,50.0,0.9,0.1,60.0,roulette,order,swap,random,3.0,True,False,none,5.0,True,0.1,,,,,,,,,,,,,,,,,,,,,,,,,,,,,,,,,,,,,,,,,,,
J30_1.RCP,0,81.9342105263158,0.8690531253814697,GA_roulette_order_swap_random_repair_noElitism_swap,38,activity_list,1000,0,50.0,0.9,0.1,60.0,roulette,order,swap,random,3.0,True,False,swap,5.0,True,0.1,,,,,,,,,,,,,,,,,,,,,,,,,,,,,,,,,,,,,,,,,,,
J30_1.RCP,0,73.67105263157896,0.5849037170410156,GA_roulette_order_swap_random_noRepair_elitism_none,38,activity_list,1000,0,50.0,0.9,0.1,60.0,roulette,order,swap,random,3.0,False,True,none,5.0,True,0.1,,,,,,,,,,,,,,,,,,,,,,,,,,,,,,,,,,,,,,,,,,,
J30_1.RCP,0,81.9342105263158,0.6165742874145508,GA_roulette_order_swap_random_noRepair_elitism_swap,38,activity_list,1000,0,50.0,0.9,0.1,60.0,roulette,order,swap,random,3.0,False,True,swap,5.0,True,0.1,,,,,,,,,,,,,,,,,,,,,,,,,,,,,,,,,,,,,,,,,,,
J30_1.RCP,0,73.67105263157896,0.7896456718444824,GA_roulette_order_swap_random_noRepair_noElitism_none,38,activity_list,1000,0,50.0,0.9,0.1,60.0,roulette,order,swap,random,3.0,False,False,none,5.0,True,0.1,,,,,,,,,,,,,,,,,,,,,,,,,,,,,,,,,,,,,,,,,,,
J30_1.RCP,0,81.9342105263158,0.5870230197906494,GA_roulette_order_swap_random_noRepair_noElitism_swap,38,activity_list,1000,0,50.0,0.9,0.1,60.0,roulette,order,swap,random,3.0,False,False,swap,5.0,True,0.1,,,,,,,,,,,,,,,,,,,,,,,,,,,,,,,,,,,,,,,,,,,
J30_1.RCP,0,76.67105263157895,0.8829188346862793,GA_roulette_order_swap_forward_repair_elitism_none,38,activity_list,1000,0,50.0,0.9,0.1,60.0,roulette,order,swap,forward,3.0,True,True,none,5.0,True,0.1,,,,,,,,,,,,,,,,,,,,,,,,,,,,,,,,,,,,,,,,,,,
J30_1.RCP,0,86.67105263157895,0.8770689964294434,GA_roulette_order_swap_forward_repair_elitism_swap,38,activity_list,1000,0,50.0,0.9,0.1,60.0,roulette,order,swap,forward,3.0,True,True,swap,5.0,True,0.1,,,,,,,,,,,,,,,,,,,,,,,,,,,,,,,,,,,,,,,,,,,
J30_1.RCP,0,76.67105263157895,0.881519079208374,GA_roulette_order_swap_forward_repair_noElitism_none,38,activity_list,1000,0,50.0,0.9,0.1,60.0,roulette,order,swap,forward,3.0,True,False,none,5.0,True,0.1,,,,,,,,,,,,,,,,,,,,,,,,,,,,,,,,,,,,,,,,,,,
J30_1.RCP,0,86.67105263157895,0.9199798107147217,GA_roulette_order_swap_forward_repair_noElitism_swap,38,activity_list,1000,0,50.0,0.9,0.1,60.0,roulette,order,swap,forward,3.0,True,False,swap,5.0,True,0.1,,,,,,,,,,,,,,,,,,,,,,,,,,,,,,,,,,,,,,,,,,,
J30_1.RCP,0,76.67105263157895,0.593174934387207,GA_roulette_order_swap_forward_noRepair_elitism_none,38,activity_list,1000,0,50.0,0.9,0.1,60.0,roulette,order,swap,forward,3.0,False,True,none,5.0,True,0.1,,,,,,,,,,,,,,,,,,,,,,,,,,,,,,,,,,,,,,,,,,,
J30_1.RCP,0,86.67105263157895,0.5899801254272461,GA_roulette_order_swap_forward_noRepair_elitism_swap,38,activity_list,1000,0,50.0,0.9,0.1,60.0,roulette,order,swap,forward,3.0,False,True,swap,5.0,True,0.1,,,,,,,,,,,,,,,,,,,,,,,,,,,,,,,,,,,,,,,,,,,
J30_1.RCP,0,76.67105263157895,0.5886929035186768,GA_roulette_order_swap_forward_noRepair_noElitism_none,38,activity_list,1000,0,50.0,0.9,0.1,60.0,roulette,order,swap,forward,3.0,False,False,none,5.0,True,0.1,,,,,,,,,,,,,,,,,,,,,,,,,,,,,,,,,,,,,,,,,,,
J30_1.RCP,0,86.67105263157895,0.5925929546356201,GA_roulette_order_swap_forward_noRepair_noElitism_swap,38,activity_list,1000,0,50.0,0.9,0.1,60.0,roulette,order,swap,forward,3.0,False,False,swap,5.0,True,0.1,,,,,,,,,,,,,,,,,,,,,,,,,,,,,,,,,,,,,,,,,,,
J30_1.RCP,0,79.5657894736842,0.8796441555023193,GA_roulette_order_insertion_random_repair_elitism_none,38,activity_list,1000,0,50.0,0.9,0.1,60.0,roulette,order,insertion,random,3.0,True,True,none,5.0,True,0.1,,,,,,,,,,,,,,,,,,,,,,,,,,,,,,,,,,,,,,,,,,,
J30_1.RCP,0,80.09210526315789,0.8835959434509277,GA_roulette_order_insertion_random_repair_elitism_swap,38,activity_list,1000,0,50.0,0.9,0.1,60.0,roulette,order,insertion,random,3.0,True,True,swap,5.0,True,0.1,,,,,,,,,,,,,,,,,,,,,,,,,,,,,,,,,,,,,,,,,,,
J30_1.RCP,0,79.5657894736842,0.8698930740356445,GA_roulette_order_insertion_random_repair_noElitism_none,38,activity_list,1000,0,50.0,0.9,0.1,60.0,roulette,order,insertion,random,3.0,True,False,none,5.0,True,0.1,,,,,,,,,,,,,,,,,,,,,,,,,,,,,,,,,,,,,,,,,,,
J30_1.RCP,0,80.09210526315789,0.873117208480835,GA_roulette_order_insertion_random_repair_noElitism_swap,38,activity_list,1000,0,50.0,0.9,0.1,60.0,roulette,order,insertion,random,3.0,True,False,swap,5.0,True,0.1,,,,,,,,,,,,,,,,,,,,,,,,,,,,,,,,,,,,,,,,,,,
J30_1.RCP,0,79.5657894736842,0.5863749980926514,GA_roulette_order_insertion_random_noRepair_elitism_none,38,activity_list,1000,0,50.0,0.9,0.1,60.0,roulette,order,insertion,random,3.0,False,True,none,5.0,True,0.1,,,,,,,,,,,,,,,,,,,,,,,,,,,,,,,,,,,,,,,,,,,
J30_1.RCP,0,80.09210526315789,0.5858330726623535,GA_roulette_order_insertion_random_noRepair_elitism_swap,38,activity_list,1000,0,50.0,0.9,0.1,60.0,roulette,order,insertion,random,3.0,False,True,swap,5.0,True,0.1,,,,,,,,,,,,,,,,,,,,,,,,,,,,,,,,,,,,,,,,,,,
J30_1.RCP,0,79.5657894736842,0.5899019241333008,GA_roulette_order_insertion_random_noRepair_noElitism_none,38,activity_list,1000,0,50.0,0.9,0.1,60.0,roulette,order,insertion,random,3.0,False,False,none,5.0,True,0.1,,,,,,,,,,,,,,,,,,,,,,,,,,,,,,,,,,,,,,,,,,,
J30_1.RCP,0,80.09210526315789,0.5873761177062988,GA_roulette_order_insertion_random_noRepair_noElitism_swap,38,activity_list,1000,0,50.0,0.9,0.1,60.0,roulette,order,insertion,random,3.0,False,False,swap,5.0,True,0.1,,,,,,,,,,,,,,,,,,,,,,,,,,,,,,,,,,,,,,,,,,,
J30_1.RCP,0,82.9342105263158,0.878903865814209,GA_roulette_order_insertion_forward_repair_elitism_none,38,activity_list,1000,0,50.0,0.9,0.1,60.0,roulette,order,insertion,forward,3.0,True,True,none,5.0,True,0.1,,,,,,,,,,,,,,,,,,,,,,,,,,,,,,,,,,,,,,,,,,,
J30_1.RCP,0,85.19736842105263,0.8766219615936279,GA_roulette_order_insertion_forward_repair_elitism_swap,38,activity_list,1000,0,50.0,0.9,0.1,60.0,roulette,order,insertion,forward,3.0,True,True,swap,5.0,True,0.1,,,,,,,,,,,,,,,,,,,,,,,,,,,,,,,,,,,,,,,,,,,
J30_1.RCP,0,82.9342105263158,0.8878200054168701,GA_roulette_order_insertion_forward_repair_noElitism_none,38,activity_list,1000,0,50.0,0.9,0.1,60.0,roulette,order,insertion,forward,3.0,True,False,none,5.0,True,0.1,,,,,,,,,,,,,,,,,,,,,,,,,,,,,,,,,,,,,,,,,,,
J30_1.RCP,0,85.19736842105263,0.8913118839263916,GA_roulette_order_insertion_forward_repair_noElitism_swap,38,activity_list,1000,0,50.0,0.9,0.1,60.0,roulette,order,insertion,forward,3.0,True,False,swap,5.0,True,0.1,,,,,,,,,,,,,,,,,,,,,,,,,,,,,,,,,,,,,,,,,,,
J30_1.RCP,0,82.9342105263158,0.6001958847045898,GA_roulette_order_insertion_forward_noRepair_elitism_none,38,activity_list,1000,0,50.0,0.9,0.1,60.0,roulette,order,insertion,forward,3.0,False,True,none,5.0,True,0.1,,,,,,,,,,,,,,,,,,,,,,,,,,,,,,,,,,,,,,,,,,,
J30_1.RCP,0,85.19736842105263,0.5970170497894287,GA_roulette_order_insertion_forward_noRepair_elitism_swap,38,activity_list,1000,0,50.0,0.9,0.1,60.0,roulette,order,insertion,forward,3.0,False,True,swap,5.0,True,0.1,,,,,,,,,,,,,,,,,,,,,,,,,,,,,,,,,,,,,,,,,,,
J30_1.RCP,0,82.9342105263158,0.6021139621734619,GA_roulette_order_insertion_forward_noRepair_noElitism_none,38,activity_list,1000,0,50.0,0.9,0.1,60.0,roulette,order,insertion,forward,3.0,False,False,none,5.0,True,0.1,,,,,,,,,,,,,,,,,,,,,,,,,,,,,,,,,,,,,,,,,,,
J30_1.RCP,0,85.19736842105263,0.5936529636383057,GA_roulette_order_insertion_forward_noRepair_noElitism_swap,38,activity_list,1000,0,50.0,0.9,0.1,60.0,roulette,order,insertion,forward,3.0,False,False,swap,5.0,True,0.1,,,,,,,,,,,,,,,,,,,,,,,,,,,,,,,,,,,,,,,,,,,
J30_1.RCP,0,73.67105263157896,0.8681626319885254,GA_roulette_order_inversion_random_repair_elitism_none,38,activity_list,1000,0,50.0,0.9,0.1,60.0,roulette,order,inversion,random,3.0,True,True,none,5.0,True,0.1,,,,,,,,,,,,,,,,,,,,,,,,,,,,,,,,,,,,,,,,,,,
J30_1.RCP,0,81.9342105263158,0.8826141357421875,GA_roulette_order_inversion_random_repair_elitism_swap,38,activity_list,1000,0,50.0,0.9,0.1,60.0,roulette,order,inversion,random,3.0,True,True,swap,5.0,True,0.1,,,,,,,,,,,,,,,,,,,,,,,,,,,,,,,,,,,,,,,,,,,
J30_1.RCP,0,73.67105263157896,0.8779823780059814,GA_roulette_order_inversion_random_repair_noElitism_none,38,activity_list,1000,0,50.0,0.9,0.1,60.0,roulette,order,inversion,random,3.0,True,False,none,5.0,True,0.1,,,,,,,,,,,,,,,,,,,,,,,,,,,,,,,,,,,,,,,,,,,
J30_1.RCP,0,81.9342105263158,0.952949047088623,GA_roulette_order_inversion_random_repair_noElitism_swap,38,activity_list,1000,0,50.0,0.9,0.1,60.0,roulette,order,inversion,random,3.0,True,False,swap,5.0,True,0.1,,,,,,,,,,,,,,,,,,,,,,,,,,,,,,,,,,,,,,,,,,,
J30_1.RCP,0,73.67105263157896,0.5855569839477539,GA_roulette_order_inversion_random_noRepair_elitism_none,38,activity_list,1000,0,50.0,0.9,0.1,60.0,roulette,order,inversion,random,3.0,False,True,none,5.0,True,0.1,,,,,,,,,,,,,,,,,,,,,,,,,,,,,,,,,,,,,,,,,,,
J30_1.RCP,0,81.9342105263158,0.5855262279510498,GA_roulette_order_inversion_random_noRepair_elitism_swap,38,activity_list,1000,0,50.0,0.9,0.1,60.0,roulette,order,inversion,random,3.0,False,True,swap,5.0,True,0.1,,,,,,,,,,,,,,,,,,,,,,,,,,,,,,,,,,,,,,,,,,,
J30_1.RCP,0,73.67105263157896,0.5867917537689209,GA_roulette_order_inversion_random_noRepair_noElitism_none,38,activity_list,1000,0,50.0,0.9,0.1,60.0,roulette,order,inversion,random,3.0,False,False,none,5.0,True,0.1,,,,,,,,,,,,,,,,,,,,,,,,,,,,,,,,,,,,,,,,,,,
J30_1.RCP,0,81.9342105263158,0.617203950881958,GA_roulette_order_inversion_random_noRepair_noElitism_swap,38,activity_list,1000,0,50.0,0.9,0.1,60.0,roulette,order,inversion,random,3.0,False,False,swap,5.0,True,0.1,,,,,,,,,,,,,,,,,,,,,,,,,,,,,,,,,,,,,,,,,,,
J30_1.RCP,0,76.67105263157895,0.8835461139678955,GA_roulette_order_inversion_forward_repair_elitism_none,38,activity_list,1000,0,50.0,0.9,0.1,60.0,roulette,order,inversion,forward,3.0,True,True,none,5.0,True,0.1,,,,,,,,,,,,,,,,,,,,,,,,,,,,,,,,,,,,,,,,,,,
J30_1.RCP,0,86.67105263157895,0.8795797824859619,GA_roulette_order_inversion_forward_repair_elitism_swap,38,activity_list,1000,0,50.0,0.9,0.1,60.0,roulette,order,inversion,forward,3.0,True,True,swap,5.0,True,0.1,,,,,,,,,,,,,,,,,,,,,,,,,,,,,,,,,,,,,,,,,,,
J30_1.RCP,0,76.67105263157895,0.8791851997375488,GA_roulette_order_inversion_forward_repair_noElitism_none,38,activity_list,1000,0,50.0,0.9,0.1,60.0,roulette,order,inversion,forward,3.0,True,False,none,5.0,True,0.1,,,,,,,,,,,,,,,,,,,,,,,,,,,,,,,,,,,,,,,,,,,
J30_1.RCP,0,86.67105263157895,0.8781969547271729,GA_roulette_order_inversion_forward_repair_noElitism_swap,38,activity_list,1000,0,50.0,0.9,0.1,60.0,roulette,order,inversion,forward,3.0,True,False,swap,5.0,True,0.1,,,,,,,,,,,,,,,,,,,,,,,,,,,,,,,,,,,,,,,,,,,
J30_1.RCP,0,76.67105263157895,0.5924539566040039,GA_roulette_order_inversion_forward_noRepair_elitism_none,38,activity_list,1000,0,50.0,0.9,0.1,60.0,roulette,order,inversion,forward,3.0,False,True,none,5.0,True,0.1,,,,,,,,,,,,,,,,,,,,,,,,,,,,,,,,,,,,,,,,,,,
J30_1.RCP,0,86.67105263157895,0.6122698783874512,GA_roulette_order_inversion_forward_noRepair_elitism_swap,38,activity_list,1000,0,50.0,0.9,0.1,60.0,roulette,order,inversion,forward,3.0,False,True,swap,5.0,True,0.1,,,,,,,,,,,,,,,,,,,,,,,,,,,,,,,,,,,,,,,,,,,
J30_1.RCP,0,76.67105263157895,0.5840911865234375,GA_roulette_order_inversion_forward_noRepair_noElitism_none,38,activity_list,1000,0,50.0,0.9,0.1,60.0,roulette,order,inversion,forward,3.0,False,False,none,5.0,True,0.1,,,,,,,,,,,,,,,,,,,,,,,,,,,,,,,,,,,,,,,,,,,
J30_1.RCP,0,86.67105263157895,0.5908877849578857,GA_roulette_order_inversion_forward_noRepair_noElitism_swap,38,activity_list,1000,0,50.0,0.9,0.1,60.0,roulette,order,inversion,forward,3.0,False,False,swap,5.0,True,0.1,,,,,,,,,,,,,,,,,,,,,,,,,,,,,,,,,,,,,,,,,,,
J30_1.RCP,0,73.51315789473684,0.8705286979675293,GA_roulette_order_scramble_random_repair_elitism_none,38,activity_list,1000,0,50.0,0.9,0.1,60.0,roulette,order,scramble,random,3.0,True,True,none,5.0,True,0.1,,,,,,,,,,,,,,,,,,,,,,,,,,,,,,,,,,,,,,,,,,,
J30_1.RCP,0,78.14473684210526,0.8774898052215576,GA_roulette_order_scramble_random_repair_elitism_swap,38,activity_list,1000,0,50.0,0.9,0.1,60.0,roulette,order,scramble,random,3.0,True,True,swap,5.0,True,0.1,,,,,,,,,,,,,,,,,,,,,,,,,,,,,,,,,,,,,,,,,,,
J30_1.RCP,0,73.51315789473684,0.8716421127319336,GA_roulette_order_scramble_random_repair_noElitism_none,38,activity_list,1000,0,50.0,0.9,0.1,60.0,roulette,order,scramble,random,3.0,True,False,none,5.0,True,0.1,,,,,,,,,,,,,,,,,,,,,,,,,,,,,,,,,,,,,,,,,,,
J30_1.RCP,0,78.14473684210526,0.8857457637786865,GA_roulette_order_scramble_random_repair_noElitism_swap,38,activity_list,1000,0,50.0,0.9,0.1,60.0,roulette,order,scramble,random,3.0,True,False,swap,5.0,True,0.1,,,,,,,,,,,,,,,,,,,,,,,,,,,,,,,,,,,,,,,,,,,
J30_1.RCP,0,73.51315789473684,0.5817208290100098,GA_roulette_order_scramble_random_noRepair_elitism_none,38,activity_list,1000,0,50.0,0.9,0.1,60.0,roulette,order,scramble,random,3.0,False,True,none,5.0,True,0.1,,,,,,,,,,,,,,,,,,,,,,,,,,,,,,,,,,,,,,,,,,,
J30_1.RCP,0,78.14473684210526,0.5893099308013916,GA_roulette_order_scramble_random_noRepair_elitism_swap,38,activity_list,1000,0,50.0,0.9,0.1,60.0,roulette,order,scramble,random,3.0,False,True,swap,5.0,True,0.1,,,,,,,,,,,,,,,,,,,,,,,,,,,,,,,,,,,,,,,,,,,
J30_1.RCP,0,73.51315789473684,0.5825128555297852,GA_roulette_order_scramble_random_noRepair_noElitism_none,38,activity_list,1000,0,50.0,0.9,0.1,60.0,roulette,order,scramble,random,3.0,False,False,none,5.0,True,0.1,,,,,,,,,,,,,,,,,,,,,,,,,,,,,,,,,,,,,,,,,,,
J30_1.RCP,0,78.14473684210526,0.5902140140533447,GA_roulette_order_scramble_random_noRepair_noElitism_swap,38,activity_list,1000,0,50.0,0.9,0.1,60.0,roulette,order,scramble,random,3.0,False,False,swap,5.0,True,0.1,,,,,,,,,,,,,,,,,,,,,,,,,,,,,,,,,,,,,,,,,,,
J30_1.RCP,0,76.82894736842105,0.8721790313720703,GA_roulette_order_scramble_forward_repair_elitism_none,38,activity_list,1000,0,50.0,0.9,0.1,60.0,roulette,order,scramble,forward,3.0,True,True,none,5.0,True,0.1,,,,,,,,,,,,,,,,,,,,,,,,,,,,,,,,,,,,,,,,,,,
J30_1.RCP,0,83.88157894736842,0.8796470165252686,GA_roulette_order_scramble_forward_repair_elitism_swap,38,activity_list,1000,0,50.0,0.9,0.1,60.0,roulette,order,scramble,forward,3.0,True,True,swap,5.0,True,0.1,,,,,,,,,,,,,,,,,,,,,,,,,,,,,,,,,,,,,,,,,,,
J30_1.RCP,0,76.82894736842105,0.8824648857116699,GA_roulette_order_scramble_forward_repair_noElitism_none,38,activity_list,1000,0,50.0,0.9,0.1,60.0,roulette,order,scramble,forward,3.0,True,False,none,5.0,True,0.1,,,,,,,,,,,,,,,,,,,,,,,,,,,,,,,,,,,,,,,,,,,
J30_1.RCP,0,83.88157894736842,0.8816471099853516,GA_roulette_order_scramble_forward_repair_noElitism_swap,38,activity_list,1000,0,50.0,0.9,0.1,60.0,roulette,order,scramble,forward,3.0,True,False,swap,5.0,True,0.1,,,,,,,,,,,,,,,,,,,,,,,,,,,,,,,,,,,,,,,,,,,
J30_1.RCP,0,76.82894736842105,0.5899980068206787,GA_roulette_order_scramble_forward_noRepair_elitism_none,38,activity_list,1000,0,50.0,0.9,0.1,60.0,roulette,order,scramble,forward,3.0,False,True,none,5.0,True,0.1,,,,,,,,,,,,,,,,,,,,,,,,,,,,,,,,,,,,,,,,,,,
J30_1.RCP,0,83.88157894736842,0.5970840454101562,GA_roulette_order_scramble_forward_noRepair_elitism_swap,38,activity_list,1000,0,50.0,0.9,0.1,60.0,roulette,order,scramble,forward,3.0,False,True,swap,5.0,True,0.1,,,,,,,,,,,,,,,,,,,,,,,,,,,,,,,,,,,,,,,,,,,
J30_1.RCP,0,76.82894736842105,0.5921990871429443,GA_roulette_order_scramble_forward_noRepair_noElitism_none,38,activity_list,1000,0,50.0,0.9,0.1,60.0,roulette,order,scramble,forward,3.0,False,False,none,5.0,True,0.1,,,,,,,,,,,,,,,,,,,,,,,,,,,,,,,,,,,,,,,,,,,
J30_1.RCP,0,83.88157894736842,0.5976812839508057,GA_roulette_order_scramble_forward_noRepair_noElitism_swap,38,activity_list,1000,0,50.0,0.9,0.1,60.0,roulette,order,scramble,forward,3.0,False,False,swap,5.0,True,0.1,,,,,,,,,,,,,,,,,,,,,,,,,,,,,,,,,,,,,,,,,,,
J30_1.RCP,0,69.51315789473684,0.6724112033843994,GA_tournament_ox1_swap_random_repair_elitism_none,38,activity_list,1000,0,50.0,0.9,0.1,60.0,tournament,ox1,swap,random,3.0,True,True,none,5.0,True,0.1,,,,,,,,,,,,,,,,,,,,,,,,,,,,,,,,,,,,,,,,,,,
J30_1.RCP,0,74.61842105263158,0.6861960887908936,GA_tournament_ox1_swap_random_repair_elitism_swap,38,activity_list,1000,0,50.0,0.9,0.1,60.0,tournament,ox1,swap,random,3.0,True,True,swap,5.0,True,0.1,,,,,,,,,,,,,,,,,,,,,,,,,,,,,,,,,,,,,,,,,,,
J30_1.RCP,0,66.30263157894737,0.8743710517883301,GA_tournament_ox1_swap_random_repair_noElitism_none,38,activity_list,1000,0,50.0,0.9,0.1,60.0,tournament,ox1,swap,random,3.0,True,False,none,5.0,True,0.1,,,,,,,,,,,,,,,,,,,,,,,,,,,,,,,,,,,,,,,,,,,
J30_1.RCP,0,66.19736842105263,0.8724770545959473,GA_tournament_ox1_swap_random_repair_noElitism_swap,38,activity_list,1000,0,50.0,0.9,0.1,60.0,tournament,ox1,swap,random,3.0,True,False,swap,5.0,True,0.1,,,,,,,,,,,,,,,,,,,,,,,,,,,,,,,,,,,,,,,,,,,
J30_1.RCP,0,69.51315789473684,0.5662310123443604,GA_tournament_ox1_swap_random_noRepair_elitism_none,38,activity_list,1000,0,50.0,0.9,0.1,60.0,tournament,ox1,swap,random,3.0,False,True,none,5.0,True,0.1,,,,,,,,,,,,,,,,,,,,,,,,,,,,,,,,,,,,,,,,,,,
J30_1.RCP,0,74.61842105263158,0.5791702270507812,GA_tournament_ox1_swap_random_noRepair_elitism_swap,38,activity_list,1000,0,50.0,0.9,0.1,60.0,tournament,ox1,swap,random,3.0,False,True,swap,5.0,True,0.1,,,,,,,,,,,,,,,,,,,,,,,,,,,,,,,,,,,,,,,,,,,
J30_1.RCP,0,66.30263157894737,0.5869789123535156,GA_tournament_ox1_swap_random_noRepair_noElitism_none,38,activity_list,1000,0,50.0,0.9,0.1,60.0,tournament,ox1,swap,random,3.0,False,False,none,5.0,True,0.1,,,,,,,,,,,,,,,,,,,,,,,,,,,,,,,,,,,,,,,,,,,
J30_1.RCP,0,66.19736842105263,0.5924859046936035,GA_tournament_ox1_swap_random_noRepair_noElitism_swap,38,activity_list,1000,0,50.0,0.9,0.1,60.0,tournament,ox1,swap,random,3.0,False,False,swap,5.0,True,0.1,,,,,,,,,,,,,,,,,,,,,,,,,,,,,,,,,,,,,,,,,,,
J30_1.RCP,0,71.51315789473684,0.6735608577728271,GA_tournament_ox1_swap_forward_repair_elitism_none,38,activity_list,1000,0,50.0,0.9,0.1,60.0,tournament,ox1,swap,forward,3.0,True,True,none,5.0,True,0.1,,,,,,,,,,,,,,,,,,,,,,,,,,,,,,,,,,,,,,,,,,,
J30_1.RCP,0,70.19736842105263,0.6917760372161865,GA_tournament_ox1_swap_forward_repair_elitism_swap,38,activity_list,1000,0,50.0,0.9,0.1,60.0,tournament,ox1,swap,forward,3.0,True,True,swap,5.0,True,0.1,,,,,,,,,,,,,,,,,,,,,,,,,,,,,,,,,,,,,,,,,,,
J30_1.RCP,0,68.98684210526315,0.8788490295410156,GA_tournament_ox1_swap_forward_repair_noElitism_none,38,activity_list,1000,0,50.0,0.9,0.1,60.0,tournament,ox1,swap,forward,3.0,True,False,none,5.0,True,0.1,,,,,,,,,,,,,,,,,,,,,,,,,,,,,,,,,,,,,,,,,,,
J30_1.RCP,0,69.30263157894737,0.872218132019043,GA_tournament_ox1_swap_forward_repair_noElitism_swap,38,activity_list,1000,0,50.0,0.9,0.1,60.0,tournament,ox1,swap,forward,3.0,True,False,swap,5.0,True,0.1,,,,,,,,,,,,,,,,,,,,,,,,,,,,,,,,,,,,,,,,,,,
J30_1.RCP,0,71.51315789473684,0.5686306953430176,GA_tournament_ox1_swap_forward_noRepair_elitism_none,38,activity_list,1000,0,50.0,0.9,0.1,60.0,tournament,ox1,swap,forward,3.0,False,True,none,5.0,True,0.1,,,,,,,,,,,,,,,,,,,,,,,,,,,,,,,,,,,,,,,,,,,
J30_1.RCP,0,70.19736842105263,0.5883500576019287,GA_tournament_ox1_swap_forward_noRepair_elitism_swap,38,activity_list,1000,0,50.0,0.9,0.1,60.0,tournament,ox1,swap,forward,3.0,False,True,swap,5.0,True,0.1,,,,,,,,,,,,,,,,,,,,,,,,,,,,,,,,,,,,,,,,,,,
J30_1.RCP,0,68.98684210526315,0.6640310287475586,GA_tournament_ox1_swap_forward_noRepair_noElitism_none,38,activity_list,1000,0,50.0,0.9,0.1,60.0,tournament,ox1,swap,forward,3.0,False,False,none,5.0,True,0.1,,,,,,,,,,,,,,,,,,,,,,,,,,,,,,,,,,,,,,,,,,,
J30_1.RCP,0,69.30263157894737,0.6257498264312744,GA_tournament_ox1_swap_forward_noRepair_noElitism_swap,38,activity_list,1000,0,50.0,0.9,0.1,60.0,tournament,ox1,swap,forward,3.0,False,False,swap,5.0,True,0.1,,,,,,,,,,,,,,,,,,,,,,,,,,,,,,,,,,,,,,,,,,,
J30_1.RCP,0,76.40789473684211,0.6855621337890625,GA_tournament_ox1_insertion_random_repair_elitism_none,38,activity_list,1000,0,50.0,0.9,0.1,60.0,tournament,ox1,insertion,random,3.0,True,True,none,5.0,True,0.1,,,,,,,,,,,,,,,,,,,,,,,,,,,,,,,,,,,,,,,,,,,
J30_1.RCP,0,67.82894736842105,0.6993842124938965,GA_tournament_ox1_insertion_random_repair_elitism_swap,38,activity_list,1000,0,50.0,0.9,0.1,60.0,tournament,ox1,insertion,random,3.0,True,True,swap,5.0,True,0.1,,,,,,,,,,,,,,,,,,,,,,,,,,,,,,,,,,,,,,,,,,,
J30_1.RCP,0,65.61842105263158,0.9231231212615967,GA_tournament_ox1_insertion_random_repair_noElitism_none,38,activity_list,1000,0,50.0,0.9,0.1,60.0,tournament,ox1,insertion,random,3.0,True,False,none,5.0,True,0.1,,,,,,,,,,,,,,,,,,,,,,,,,,,,,,,,,,,,,,,,,,,
J30_1.RCP,0,65.98684210526316,0.9333412647247314,GA_tournament_ox1_insertion_random_repair_noElitism_swap,38,activity_list,1000,0,50.0,0.9,0.1,60.0,tournament,ox1,insertion,random,3.0,True,False,swap,5.0,True,0.1,,,,,,,,,,,,,,,,,,,,,,,,,,,,,,,,,,,,,,,,,,,
J30_1.RCP,0,76.40789473684211,0.5645051002502441,GA_tournament_ox1_insertion_random_noRepair_elitism_none,38,activity_list,1000,0,50.0,0.9,0.1,60.0,tournament,ox1,insertion,random,3.0,False,True,none,5.0,True,0.1,,,,,,,,,,,,,,,,,,,,,,,,,,,,,,,,,,,,,,,,,,,
J30_1.RCP,0,67.82894736842105,0.5806117057800293,GA_tournament_ox1_insertion_random_noRepair_elitism_swap,38,activity_list,1000,0,50.0,0.9,0.1,60.0,tournament,ox1,insertion,random,3.0,False,True,swap,5.0,True,0.1,,,,,,,,,,,,,,,,,,,,,,,,,,,,,,,,,,,,,,,,,,,
J30_1.RCP,0,65.61842105263158,0.590644121170044,GA_tournament_ox1_insertion_random_noRepair_noElitism_none,38,activity_list,1000,0,50.0,0.9,0.1,60.0,tournament,ox1,insertion,random,3.0,False,False,none,5.0,True,0.1,,,,,,,,,,,,,,,,,,,,,,,,,,,,,,,,,,,,,,,,,,,
J30_1.RCP,0,65.98684210526316,0.5934197902679443,GA_tournament_ox1_insertion_random_noRepair_noElitism_swap,38,activity_list,1000,0,50.0,0.9,0.1,60.0,tournament,ox1,insertion,random,3.0,False,False,swap,5.0,True,0.1,,,,,,,,,,,,,,,,,,,,,,,,,,,,,,,,,,,,,,,,,,,
J30_1.RCP,0,72.03947368421052,0.6766719818115234,GA_tournament_ox1_insertion_forward_repair_elitism_none,38,activity_list,1000,0,50.0,0.9,0.1,60.0,tournament,ox1,insertion,forward,3.0,True,True,none,5.0,True,0.1,,,,,,,,,,,,,,,,,,,,,,,,,,,,,,,,,,,,,,,,,,,
J30_1.RCP,0,70.03947368421052,0.6960489749908447,GA_tournament_ox1_insertion_forward_repair_elitism_swap,38,activity_list,1000,0,50.0,0.9,0.1,60.0,tournament,ox1,insertion,forward,3.0,True,True,swap,5.0,True,0.1,,,,,,,,,,,,,,,,,,,,,,,,,,,,,,,,,,,,,,,,,,,
J30_1.RCP,0,68.88157894736842,0.886228084564209,GA_tournament_ox1_insertion_forward_repair_noElitism_none,38,activity_list,1000,0,50.0,0.9,0.1,60.0,tournament,ox1,insertion,forward,3.0,True,False,none,5.0,True,0.1,,,,,,,,,,,,,,,,,,,,,,,,,,,,,,,,,,,,,,,,,,,
J30_1.RCP,0,69.19736842105263,0.8780016899108887,GA_tournament_ox1_insertion_forward_repair_noElitism_swap,38,activity_list,1000,0,50.0,0.9,0.1,60.0,tournament,ox1,insertion,forward,3.0,True,False,swap,5.0,True,0.1,,,,,,,,,,,,,,,,,,,,,,,,,,,,,,,,,,,,,,,,,,,
J30_1.RCP,0,72.03947368421052,0.5742232799530029,GA_tournament_ox1_insertion_forward_noRepair_elitism_none,38,activity_list,1000,0,50.0,0.9,0.1,60.0,tournament,ox1,insertion,forward,3.0,False,True,none,5.0,True,0.1,,,,,,,,,,,,,,,,,,,,,,,,,,,,,,,,,,,,,,,,,,,
J30_1.RCP,0,70.03947368421052,0.5868439674377441,GA_tournament_ox1_insertion_forward_noRepair_elitism_swap,38,activity_list,1000,0,50.0,0.9,0.1,60.0,tournament,ox1,insertion,forward,3.0,False,True,swap,5.0,True,0.1,,,,,,,,,,,,,,,,,,,,,,,,,,,,,,,,,,,,,,,,,,,
J30_1.RCP,0,68.88157894736842,0.5973000526428223,GA_tournament_ox1_insertion_forward_noRepair_noElitism_none,38,activity_list,1000,0,50.0,0.9,0.1,60.0,tournament,ox1,insertion,forward,3.0,False,False,none,5.0,True,0.1,,,,,,,,,,,,,,,,,,,,,,,,,,,,,,,,,,,,,,,,,,,
J30_1.RCP,0,69.19736842105263,0.5969958305358887,GA_tournament_ox1_insertion_forward_noRepair_noElitism_swap,38,activity_list,1000,0,50.0,0.9,0.1,60.0,tournament,ox1,insertion,forward,3.0,False,False,swap,5.0,True,0.1,,,,,,,,,,,,,,,,,,,,,,,,,,,,,,,,,,,,,,,,,,,
J30_1.RCP,0,69.51315789473684,0.669248104095459,GA_tournament_ox1_inversion_random_repair_elitism_none,38,activity_list,1000,0,50.0,0.9,0.1,60.0,tournament,ox1,inversion,random,3.0,True,True,none,5.0,True,0.1,,,,,,,,,,,,,,,,,,,,,,,,,,,,,,,,,,,,,,,,,,,
J30_1.RCP,0,74.61842105263158,0.6860160827636719,GA_tournament_ox1_inversion_random_repair_elitism_swap,38,activity_list,1000,0,50.0,0.9,0.1,60.0,tournament,ox1,inversion,random,3.0,True,True,swap,5.0,True,0.1,,,,,,,,,,,,,,,,,,,,,,,,,,,,,,,,,,,,,,,,,,,
J30_1.RCP,0,66.30263157894737,0.8790061473846436,GA_tournament_ox1_inversion_random_repair_noElitism_none,38,activity_list,1000,0,50.0,0.9,0.1,60.0,tournament,ox1,inversion,random,3.0,True,False,none,5.0,True,0.1,,,,,,,,,,,,,,,,,,,,,,,,,,,,,,,,,,,,,,,,,,,
J30_1.RCP,0,66.19736842105263,0.8734469413757324,GA_tournament_ox1_inversion_random_repair_noElitism_swap,38,activity_list,1000,0,50.0,0.9,0.1,60.0,tournament,ox1,inversion,random,3.0,True,False,swap,5.0,True,0.1,,,,,,,,,,,,,,,,,,,,,,,,,,,,,,,,,,,,,,,,,,,
J30_1.RCP,0,69.51315789473684,0.5661478042602539,GA_tournament_ox1_inversion_random_noRepair_elitism_none,38,activity_list,1000,0,50.0,0.9,0.1,60.0,tournament,ox1,inversion,random,3.0,False,True,none,5.0,True,0.1,,,,,,,,,,,,,,,,,,,,,,,,,,,,,,,,,,,,,,,,,,,
J30_1.RCP,0,74.61842105263158,0.5797460079193115,GA_tournament_ox1_inversion_random_noRepair_elitism_swap,38,activity_list,1000,0,50.0,0.9,0.1,60.0,tournament,ox1,inversion,random,3.0,False,True,swap,5.0,True,0.1,,,,,,,,,,,,,,,,,,,,,,,,,,,,,,,,,,,,,,,,,,,
J30_1.RCP,0,66.30263157894737,0.586158275604248,GA_tournament_ox1_inversion_random_noRepair_noElitism_none,38,activity_list,1000,0,50.0,0.9,0.1,60.0,tournament,ox1,inversion,random,3.0,False,False,none,5.0,True,0.1,,,,,,,,,,,,,,,,,,,,,,,,,,,,,,,,,,,,,,,,,,,
J30_1.RCP,0,66.19736842105263,0.59541916847229,GA_tournament_ox1_inversion_random_noRepair_noElitism_swap,38,activity_list,1000,0,50.0,0.9,0.1,60.0,tournament,ox1,inversion,random,3.0,False,False,swap,5.0,True,0.1,,,,,,,,,,,,,,,,,,,,,,,,,,,,,,,,,,,,,,,,,,,
J30_1.RCP,0,71.51315789473684,0.6717729568481445,GA_tournament_ox1_inversion_forward_repair_elitism_none,38,activity_list,1000,0,50.0,0.9,0.1,60.0,tournament,ox1,inversion,forward,3.0,True,True,none,5.0,True,0.1,,,,,,,,,,,,,,,,,,,,,,,,,,,,,,,,,,,,,,,,,,,
J30_1.RCP,0,70.19736842105263,0.6959798336029053,GA_tournament_ox1_inversion_forward_repair_elitism_swap,38,activity_list,1000,0,50.0,0.9,0.1,60.0,tournament,ox1,inversion,forward,3.0,True,True,swap,5.0,True,0.1,,,,,,,,,,,,,,,,,,,,,,,,,,,,,,,,,,,,,,,,,,,
J30_1.RCP,0,68.98684210526315,0.8809261322021484,GA_tournament_ox1_inversion_forward_repair_noElitism_none,38,activity_list,1000,0,50.0,0.9,0.1,60.0,tournament,ox1,inversion,forward,3.0,True,False,none,5.0,True,0.1,,,,,,,,,,,,,,,,,,,,,,,,,,,,,,,,,,,,,,,,,,,
J30_1.RCP,0,69.30263157894737,0.8787209987640381,GA_tournament_ox1_inversion_forward_repair_noElitism_swap,38,activity_list,1000,0,50.0,0.9,0.1,60.0,tournament,ox1,inversion,forward,3.0,True,False,swap,5.0,True,0.1,,,,,,,,,,,,,,,,,,,,,,,,,,,,,,,,,,,,,,,,,,,
J30_1.RCP,0,71.51315789473684,0.5681860446929932,GA_tournament_ox1_inversion_forward_noRepair_elitism_none,38,activity_list,1000,0,50.0,0.9,0.1,60.0,tournament,ox1,inversion,forward,3.0,False,True,none,5.0,True,0.1,,,,,,,,,,,,,,,,,,,,,,,,,,,,,,,,,,,,,,,,,,,
J30_1.RCP,0,70.19736842105263,0.5849199295043945,GA_tournament_ox1_inversion_forward_noRepair_elitism_swap,38,activity_list,1000,0,50.0,0.9,0.1,60.0,tournament,ox1,inversion,forward,3.0,False,True,swap,5.0,True,0.1,,,,,,,,,,,,,,,,,,,,,,,,,,,,,,,,,,,,,,,,,,,
J30_1.RCP,0,68.98684210526315,0.5929021835327148,GA_tournament_ox1_inversion_forward_noRepair_noElitism_none,38,activity_list,1000,0,50.0,0.9,0.1,60.0,tournament,ox1,inversion,forward,3.0,False,False,none,5.0,True,0.1,,,,,,,,,,,,,,,,,,,,,,,,,,,,,,,,,,,,,,,,,,,
J30_1.RCP,0,69.30263157894737,0.5949530601501465,GA_tournament_ox1_inversion_forward_noRepair_noElitism_swap,38,activity_list,1000,0,50.0,0.9,0.1,60.0,tournament,ox1,inversion,forward,3.0,False,False,swap,5.0,True,0.1,,,,,,,,,,,,,,,,,,,,,,,,,,,,,,,,,,,,,,,,,,,
J30_1.RCP,0,71.25,0.6717109680175781,GA_tournament_ox1_scramble_random_repair_elitism_none,38,activity_list,1000,0,50.0,0.9,0.1,60.0,tournament,ox1,scramble,random,3.0,True,True,none,5.0,True,0.1,,,,,,,,,,,,,,,,,,,,,,,,,,,,,,,,,,,,,,,,,,,
J30_1.RCP,0,70.67105263157895,0.6932439804077148,GA_tournament_ox1_scramble_random_repair_elitism_swap,38,activity_list,1000,0,50.0,0.9,0.1,60.0,tournament,ox1,scramble,random,3.0,True,True,swap,5.0,True,0.1,,,,,,,,,,,,,,,,,,,,,,,,,,,,,,,,,,,,,,,,,,,
J30_1.RCP,0,63.56578947368421,0.8798930644989014,GA_tournament_ox1_scramble_random_repair_noElitism_none,38,activity_list,1000,0,50.0,0.9,0.1,60.0,tournament,ox1,scramble,random,3.0,True,False,none,5.0,True,0.1,,,,,,,,,,,,,,,,,,,,,,,,,,,,,,,,,,,,,,,,,,,
J30_1.RCP,0,65.46052631578948,0.8767139911651611,GA_tournament_ox1_scramble_random_repair_noElitism_swap,38,activity_list,1000,0,50.0,0.9,0.1,60.0,tournament,ox1,scramble,random,3.0,True,False,swap,5.0,True,0.1,,,,,,,,,,,,,,,,,,,,,,,,,,,,,,,,,,,,,,,,,,,
J30_1.RCP,0,71.25,0.5673699378967285,GA_tournament_ox1_scramble_random_noRepair_elitism_none,38,activity_list,1000,0,50.0,0.9,0.1,60.0,tournament,ox1,scramble,random,3.0,False,True,none,5.0,True,0.1,,,,,,,,,,,,,,,,,,,,,,,,,,,,,,,,,,,,,,,,,,,
J30_1.RCP,0,70.67105263157895,0.5798499584197998,GA_tournament_ox1_scramble_random_noRepair_elitism_swap,38,activity_list,1000,0,50.0,0.9,0.1,60.0,tournament,ox1,scramble,random,3.0,False,True,swap,5.0,True,0.1,,,,,,,,,,,,,,,,,,,,,,,,,,,,,,,,,,,,,,,,,,,
J30_1.RCP,0,63.56578947368421,0.6014437675476074,GA_tournament_ox1_scramble_random_noRepair_noElitism_none,38,activity_list,1000,0,50.0,0.9,0.1,60.0,tournament,ox1,scramble,random,3.0,False,False,none,5.0,True,0.1,,,,,,,,,,,,,,,,,,,,,,,,,,,,,,,,,,,,,,,,,,,
J30_1.RCP,0,65.46052631578948,0.6033229827880859,GA_tournament_ox1_scramble_random_noRepair_noElitism_swap,38,activity_list,1000,0,50.0,0.9,0.1,60.0,tournament,ox1,scramble,random,3.0,False,False,swap,5.0,True,0.1,,,,,,,,,,,,,,,,,,,,,,,,,,,,,,,,,,,,,,,,,,,
J30_1.RCP,0,74.19736842105263,0.6799643039703369,GA_tournament_ox1_scramble_forward_repair_elitism_none,38,activity_list,1000,0,50.0,0.9,0.1,60.0,tournament,ox1,scramble,forward,3.0,True,True,none,5.0,True,0.1,,,,,,,,,,,,,,,,,,,,,,,,,,,,,,,,,,,,,,,,,,,
J30_1.RCP,0,75.46052631578948,0.6960937976837158,GA_tournament_ox1_scramble_forward_repair_elitism_swap,38,activity_list,1000,0,50.0,0.9,0.1,60.0,tournament,ox1,scramble,forward,3.0,True,True,swap,5.0,True,0.1,,,,,,,,,,,,,,,,,,,,,,,,,,,,,,,,,,,,,,,,,,,
J30_1.RCP,0,64.9342105263158,0.881767988204956,GA_tournament_ox1_scramble_forward_repair_noElitism_none,38,activity_list,1000,0,50.0,0.9,0.1,60.0,tournament,ox1,scramble,forward,3.0,True,False,none,5.0,True,0.1,,,,,,,,,,,,,,,,,,,,,,,,,,,,,,,,,,,,,,,,,,,
J30_1.RCP,0,68.88157894736842,0.928530216217041,GA_tournament_ox1_scramble_forward_repair_noElitism_swap,38,activity_list,1000,0,50.0,0.9,0.1,60.0,tournament,ox1,scramble,forward,3.0,True,False,swap,5.0,True,0.1,,,,,,,,,,,,,,,,,,,,,,,,,,,,,,,,,,,,,,,,,,,
J30_1.RCP,0,74.19736842105263,0.5718729496002197,GA_tournament_ox1_scramble_forward_noRepair_elitism_none,38,activity_list,1000,0,50.0,0.9,0.1,60.0,tournament,ox1,scramble,forward,3.0,False,True,none,5.0,True,0.1,,,,,,,,,,,,,,,,,,,,,,,,,,,,,,,,,,,,,,,,,,,
J30_1.RCP,0,75.46052631578948,0.5849227905273438,GA_tournament_ox1_scramble_forward_noRepair_elitism_swap,38,activity_list,1000,0,50.0,0.9,0.1,60.0,tournament,ox1,scramble,forward,3.0,False,True,swap,5.0,True,0.1,,,,,,,,,,,,,,,,,,,,,,,,,,,,,,,,,,,,,,,,,,,
J30_1.RCP,0,64.9342105263158,0.6025478839874268,GA_tournament_ox1_scramble_forward_noRepair_noElitism_none,38,activity_list,1000,0,50.0,0.9,0.1,60.0,tournament,ox1,scramble,forward,3.0,False,False,none,5.0,True,0.1,,,,,,,,,,,,,,,,,,,,,,,,,,,,,,,,,,,,,,,,,,,
J30_1.RCP,0,68.88157894736842,0.5996401309967041,GA_tournament_ox1_scramble_forward_noRepair_noElitism_swap,38,activity_list,1000,0,50.0,0.9,0.1,60.0,tournament,ox1,scramble,forward,3.0,False,False,swap,5.0,True,0.1,,,,,,,,,,,,,,,,,,,,,,,,,,,,,,,,,,,,,,,,,,,
J30_1.RCP,0,69.51315789473684,0.6622722148895264,GA_tournament_pmx_swap_random_repair_elitism_none,38,activity_list,1000,0,50.0,0.9,0.1,60.0,tournament,pmx,swap,random,3.0,True,True,none,5.0,True,0.1,,,,,,,,,,,,,,,,,,,,,,,,,,,,,,,,,,,,,,,,,,,
J30_1.RCP,0,74.61842105263158,0.6825051307678223,GA_tournament_pmx_swap_random_repair_elitism_swap,38,activity_list,1000,0,50.0,0.9,0.1,60.0,tournament,pmx,swap,random,3.0,True,True,swap,5.0,True,0.1,,,,,,,,,,,,,,,,,,,,,,,,,,,,,,,,,,,,,,,,,,,
J30_1.RCP,0,66.30263157894737,0.8553879261016846,GA_tournament_pmx_swap_random_repair_noElitism_none,38,activity_list,1000,0,50.0,0.9,0.1,60.0,tournament,pmx,swap,random,3.0,True,False,none,5.0,True,0.1,,,,,,,,,,,,,,,,,,,,,,,,,,,,,,,,,,,,,,,,,,,
J30_1.RCP,0,66.19736842105263,0.8496949672698975,GA_tournament_pmx_swap_random_repair_noElitism_swap,38,activity_list,1000,0,50.0,0.9,0.1,60.0,tournament,pmx,swap,random,3.0,True,False,swap,5.0,True,0.1,,,,,,,,,,,,,,,,,,,,,,,,,,,,,,,,,,,,,,,,,,,
J30_1.RCP,0,69.51315789473684,0.5631790161132812,GA_tournament_pmx_swap_random_noRepair_elitism_none,38,activity_list,1000,0,50.0,0.9,0.1,60.0,tournament,pmx,swap,random,3.0,False,True,none,5.0,True,0.1,,,,,,,,,,,,,,,,,,,,,,,,,,,,,,,,,,,,,,,,,,,
J30_1.RCP,0,74.61842105263158,0.5798361301422119,GA_tournament_pmx_swap_random_noRepair_elitism_swap,38,activity_list,1000,0,50.0,0.9,0.1,60.0,tournament,pmx,swap,random,3.0,False,True,swap,5.0,True,0.1,,,,,,,,,,,,,,,,,,,,,,,,,,,,,,,,,,,,,,,,,,,
J30_1.RCP,0,66.30263157894737,0.5761101245880127,GA_tournament_pmx_swap_random_noRepair_noElitism_none,38,activity_list,1000,0,50.0,0.9,0.1,60.0,tournament,pmx,swap,random,3.0,False,False,none,5.0,True,0.1,,,,,,,,,,,,,,,,,,,,,,,,,,,,,,,,,,,,,,,,,,,
J30_1.RCP,0,66.19736842105263,0.5831670761108398,GA_tournament_pmx_swap_random_noRepair_noElitism_swap,38,activity_list,1000,0,50.0,0.9,0.1,60.0,tournament,pmx,swap,random,3.0,False,False,swap,5.0,True,0.1,,,,,,,,,,,,,,,,,,,,,,,,,,,,,,,,,,,,,,,,,,,
J30_1.RCP,0,71.51315789473684,0.6667079925537109,GA_tournament_pmx_swap_forward_repair_elitism_none,38,activity_list,1000,0,50.0,0.9,0.1,60.0,tournament,pmx,swap,forward,3.0,True,True,none,5.0,True,0.1,,,,,,,,,,,,,,,,,,,,,,,,,,,,,,,,,,,,,,,,,,,
J30_1.RCP,0,70.19736842105263,0.68650221824646,GA_tournament_pmx_swap_forward_repair_elitism_swap,38,activity_list,1000,0,50.0,0.9,0.1,60.0,tournament,pmx,swap,forward,3.0,True,True,swap,5.0,True,0.1,,,,,,,,,,,,,,,,,,,,,,,,,,,,,,,,,,,,,,,,,,,
J30_1.RCP,0,68.98684210526315,0.8704910278320312,GA_tournament_pmx_swap_forward_repair_noElitism_none,38,activity_list,1000,0,50.0,0.9,0.1,60.0,tournament,pmx,swap,forward,3.0,True,False,none,5.0,True,0.1,,,,,,,,,,,,,,,,,,,,,,,,,,,,,,,,,,,,,,,,,,,
J30_1.RCP,0,69.30263157894737,0.8587541580200195,GA_tournament_pmx_swap_forward_repair_noElitism_swap,38,activity_list,1000,0,50.0,0.9,0.1,60.0,tournament,pmx,swap,forward,3.0,True,False,swap,5.0,True,0.1,,,,,,,,,,,,,,,,,,,,,,,,,,,,,,,,,,,,,,,,,,,
J30_1.RCP,0,71.51315789473684,0.5623841285705566,GA_tournament_pmx_swap_forward_noRepair_elitism_none,38,activity_list,1000,0,50.0,0.9,0.1,60.0,tournament,pmx,swap,forward,3.0,False,True,none,5.0,True,0.1,,,,,,,,,,,,,,,,,,,,,,,,,,,,,,,,,,,,,,,,,,,
J30_1.RCP,0,70.19736842105263,0.5798518657684326,GA_tournament_pmx_swap_forward_noRepair_elitism_swap,38,activity_list,1000,0,50.0,0.9,0.1,60.0,tournament,pmx,swap,forward,3.0,False,True,swap,5.0,True,0.1,,,,,,,,,,,,,,,,,,,,,,,,,,,,,,,,,,,,,,,,,,,
J30_1.RCP,0,68.98684210526315,0.5735430717468262,GA_tournament_pmx_swap_forward_noRepair_noElitism_none,38,activity_list,1000,0,50.0,0.9,0.1,60.0,tournament,pmx,swap,forward,3.0,False,False,none,5.0,True,0.1,,,,,,,,,,,,,,,,,,,,,,,,,,,,,,,,,,,,,,,,,,,
J30_1.RCP,0,69.30263157894737,0.5788850784301758,GA_tournament_pmx_swap_forward_noRepair_noElitism_swap,38,activity_list,1000,0,50.0,0.9,0.1,60.0,tournament,pmx,swap,forward,3.0,False,False,swap,5.0,True,0.1,,,,,,,,,,,,,,,,,,,,,,,,,,,,,,,,,,,,,,,,,,,
J30_1.RCP,0,76.40789473684211,0.6594738960266113,GA_tournament_pmx_insertion_random_repair_elitism_none,38,activity_list,1000,0,50.0,0.9,0.1,60.0,tournament,pmx,insertion,random,3.0,True,True,none,5.0,True,0.1,,,,,,,,,,,,,,,,,,,,,,,,,,,,,,,,,,,,,,,,,,,
J30_1.RCP,0,67.82894736842105,0.685014009475708,GA_tournament_pmx_insertion_random_repair_elitism_swap,38,activity_list,1000,0,50.0,0.9,0.1,60.0,tournament,pmx,insertion,random,3.0,True,True,swap,5.0,True,0.1,,,,,,,,,,,,,,,,,,,,,,,,,,,,,,,,,,,,,,,,,,,
J30_1.RCP,0,65.61842105263158,0.8520870208740234,GA_tournament_pmx_insertion_random_repair_noElitism_none,38,activity_list,1000,0,50.0,0.9,0.1,60.0,tournament,pmx,insertion,random,3.0,True,False,none,5.0,True,0.1,,,,,,,,,,,,,,,,,,,,,,,,,,,,,,,,,,,,,,,,,,,
J30_1.RCP,0,65.98684210526316,0.8474550247192383,GA_tournament_pmx_insertion_random_repair_noElitism_swap,38,activity_list,1000,0,50.0,0.9,0.1,60.0,tournament,pmx,insertion,random,3.0,True,False,swap,5.0,True,0.1,,,,,,,,,,,,,,,,,,,,,,,,,,,,,,,,,,,,,,,,,,,
J30_1.RCP,0,76.40789473684211,0.5640900135040283,GA_tournament_pmx_insertion_random_noRepair_elitism_none,38,activity_list,1000,0,50.0,0.9,0.1,60.0,tournament,pmx,insertion,random,3.0,False,True,none,5.0,True,0.1,,,,,,,,,,,,,,,,,,,,,,,,,,,,,,,,,,,,,,,,,,,
J30_1.RCP,0,67.82894736842105,0.5821561813354492,GA_tournament_pmx_insertion_random_noRepair_elitism_swap,38,activity_list,1000,0,50.0,0.9,0.1,60.0,tournament,pmx,insertion,random,3.0,False,True,swap,5.0,True,0.1,,,,,,,,,,,,,,,,,,,,,,,,,,,,,,,,,,,,,,,,,,,
J30_1.RCP,0,65.61842105263158,0.580651044845581,GA_tournament_pmx_insertion_random_noRepair_noElitism_none,38,activity_list,1000,0,50.0,0.9,0.1,60.0,tournament,pmx,insertion,random,3.0,False,False,none,5.0,True,0.1,,,,,,,,,,,,,,,,,,,,,,,,,,,,,,,,,,,,,,,,,,,
J30_1.RCP,0,65.98684210526316,0.5812301635742188,GA_tournament_pmx_insertion_random_noRepair_noElitism_swap,38,activity_list,1000,0,50.0,0.9,0.1,60.0,tournament,pmx,insertion,random,3.0,False,False,swap,5.0,True,0.1,,,,,,,,,,,,,,,,,,,,,,,,,,,,,,,,,,,,,,,,,,,
J30_1.RCP,0,72.03947368421052,0.6699199676513672,GA_tournament_pmx_insertion_forward_repair_elitism_none,38,activity_list,1000,0,50.0,0.9,0.1,60.0,tournament,pmx,insertion,forward,3.0,True,True,none,5.0,True,0.1,,,,,,,,,,,,,,,,,,,,,,,,,,,,,,,,,,,,,,,,,,,
J30_1.RCP,0,70.03947368421052,0.6888659000396729,GA_tournament_pmx_insertion_forward_repair_elitism_swap,38,activity_list,1000,0,50.0,0.9,0.1,60.0,tournament,pmx,insertion,forward,3.0,True,True,swap,5.0,True,0.1,,,,,,,,,,,,,,,,,,,,,,,,,,,,,,,,,,,,,,,,,,,
J30_1.RCP,0,68.88157894736842,0.9165241718292236,GA_tournament_pmx_insertion_forward_repair_noElitism_none,38,activity_list,1000,0,50.0,0.9,0.1,60.0,tournament,pmx,insertion,forward,3.0,True,False,none,5.0,True,0.1,,,,,,,,,,,,,,,,,,,,,,,,,,,,,,,,,,,,,,,,,,,
J30_1.RCP,0,69.19736842105263,0.899899959564209,GA_tournament_pmx_insertion_forward_repair_noElitism_swap,38,activity_list,1000,0,50.0,0.9,0.1,60.0,tournament,pmx,insertion,forward,3.0,True,False,swap,5.0,True,0.1,,,,,,,,,,,,,,,,,,,,,,,,,,,,,,,,,,,,,,,,,,,
J30_1.RCP,0,72.03947368421052,0.5739121437072754,GA_tournament_pmx_insertion_forward_noRepair_elitism_none,38,activity_list,1000,0,50.0,0.9,0.1,60.0,tournament,pmx,insertion,forward,3.0,False,True,none,5.0,True,0.1,,,,,,,,,,,,,,,,,,,,,,,,,,,,,,,,,,,,,,,,,,,
J30_1.RCP,0,70.03947368421052,0.5787129402160645,GA_tournament_pmx_insertion_forward_noRepair_elitism_swap,38,activity_list,1000,0,50.0,0.9,0.1,60.0,tournament,pmx,insertion,forward,3.0,False,True,swap,5.0,True,0.1,,,,,,,,,,,,,,,,,,,,,,,,,,,,,,,,,,,,,,,,,,,
J30_1.RCP,0,68.88157894736842,0.5757520198822021,GA_tournament_pmx_insertion_forward_noRepair_noElitism_none,38,activity_list,1000,0,50.0,0.9,0.1,60.0,tournament,pmx,insertion,forward,3.0,False,False,none,5.0,True,0.1,,,,,,,,,,,,,,,,,,,,,,,,,,,,,,,,,,,,,,,,,,,
J30_1.RCP,0,69.19736842105263,0.5797061920166016,GA_tournament_pmx_insertion_forward_noRepair_noElitism_swap,38,activity_list,1000,0,50.0,0.9,0.1,60.0,tournament,pmx,insertion,forward,3.0,False,False,swap,5.0,True,0.1,,,,,,,,,,,,,,,,,,,,,,,,,,,,,,,,,,,,,,,,,,,
J30_1.RCP,0,69.51315789473684,0.6638967990875244,GA_tournament_pmx_inversion_random_repair_elitism_none,38,activity_list,1000,0,50.0,0.9,0.1,60.0,tournament,pmx,inversion,random,3.0,True,True,none,5.0,True,0.1,,,,,,,,,,,,,,,,,,,,,,,,,,,,,,,,,,,,,,,,,,,
J30_1.RCP,0,74.61842105263158,0.6785390377044678,GA_tournament_pmx_inversion_random_repair_elitism_swap,38,activity_list,1000,0,50.0,0.9,0.1,60.0,tournament,pmx,inversion,random,3.0,True,True,swap,5.0,True,0.1,,,,,,,,,,,,,,,,,,,,,,,,,,,,,,,,,,,,,,,,,,,
J30_1.RCP,0,66.30263157894737,0.8609769344329834,GA_tournament_pmx_inversion_random_repair_noElitism_none,38,activity_list,1000,0,50.0,0.9,0.1,60.0,tournament,pmx,inversion,random,3.0,True,False,none,5.0,True,0.1,,,,,,,,,,,,,,,,,,,,,,,,,,,,,,,,,,,,,,,,,,,
J30_1.RCP,0,66.19736842105263,0.8468751907348633,GA_tournament_pmx_inversion_random_repair_noElitism_swap,38,activity_list,1000,0,50.0,0.9,0.1,60.0,tournament,pmx,inversion,random,3.0,True,False,swap,5.0,True,0.1,,,,,,,,,,,,,,,,,,,,,,,,,,,,,,,,,,,,,,,,,,,
J30_1.RCP,0,69.51315789473684,0.5644068717956543,GA_tournament_pmx_inversion_random_noRepair_elitism_none,38,activity_list,1000,0,50.0,0.9,0.1,60.0,tournament,pmx,inversion,random,3.0,False,True,none,5.0,True,0.1,,,,,,,,,,,,,,,,,,,,,,,,,,,,,,,,,,,,,,,,,,,
J30_1.RCP,0,74.61842105263158,0.5779690742492676,GA_tournament_pmx_inversion_random_noRepair_elitism_swap,38,activity_list,1000,0,50.0,0.9,0.1,60.0,tournament,pmx,inversion,random,3.0,False,True,swap,5.0,True,0.1,,,,,,,,,,,,,,,,,,,,,,,,,,,,,,,,,,,,,,,,,,,
J30_1.RCP,0,66.30263157894737,0.578812837600708,GA_tournament_pmx_inversion_random_noRepair_noElitism_none,38,activity_list,1000,0,50.0,0.9,0.1,60.0,tournament,pmx,inversion,random,3.0,False,False,none,5.0,True,0.1,,,,,,,,,,,,,,,,,,,,,,,,,,,,,,,,,,,,,,,,,,,
J30_1.RCP,0,66.19736842105263,0.5809869766235352,GA_tournament_pmx_inversion_random_noRepair_noElitism_swap,38,activity_list,1000,0,50.0,0.9,0.1,60.0,tournament,pmx,inversion,random,3.0,False,False,swap,5.0,True,0.1,,,,,,,,,,,,,,,,,,,,,,,,,,,,,,,,,,,,,,,,,,,
J30_1.RCP,0,71.51315789473684,0.6657602787017822,GA_tournament_pmx_inversion_forward_repair_elitism_none,38,activity_list,1000,0,50.0,0.9,0.1,60.0,tournament,pmx,inversion,forward,3.0,True,True,none,5.0,True,0.1,,,,,,,,,,,,,,,,,,,,,,,,,,,,,,,,,,,,,,,,,,,
J30_1.RCP,0,70.19736842105263,0.6859760284423828,GA_tournament_pmx_inversion_forward_repair_elitism_swap,38,activity_list,1000,0,50.0,0.9,0.1,60.0,tournament,pmx,inversion,forward,3.0,True,True,swap,5.0,True,0.1,,,,,,,,,,,,,,,,,,,,,,,,,,,,,,,,,,,,,,,,,,,
J30_1.RCP,0,68.98684210526315,0.8558149337768555,GA_tournament_pmx_inversion_forward_repair_noElitism_none,38,activity_list,1000,0,50.0,0.9,0.1,60.0,tournament,pmx,inversion,forward,3.0,True,False,none,5.0,True,0.1,,,,,,,,,,,,,,,,,,,,,,,,,,,,,,,,,,,,,,,,,,,
J30_1.RCP,0,69.30263157894737,0.8554890155792236,GA_tournament_pmx_inversion_forward_repair_noElitism_swap,38,activity_list,1000,0,50.0,0.9,0.1,60.0,tournament,pmx,inversion,forward,3.0,True,False,swap,5.0,True,0.1,,,,,,,,,,,,,,,,,,,,,,,,,,,,,,,,,,,,,,,,,,,
J30_1.RCP,0,71.51315789473684,0.5689058303833008,GA_tournament_pmx_inversion_forward_noRepair_elitism_none,38,activity_list,1000,0,50.0,0.9,0.1,60.0,tournament,pmx,inversion,forward,3.0,False,True,none,5.0,True,0.1,,,,,,,,,,,,,,,,,,,,,,,,,,,,,,,,,,,,,,,,,,,
J30_1.RCP,0,70.19736842105263,0.5797851085662842,GA_tournament_pmx_inversion_forward_noRepair_elitism_swap,38,activity_list,1000,0,50.0,0.9,0.1,60.0,tournament,pmx,inversion,forward,3.0,False,True,swap,5.0,True,0.1,,,,,,,,,,,,,,,,,,,,,,,,,,,,,,,,,,,,,,,,,,,
J30_1.RCP,0,68.98684210526315,0.5754218101501465,GA_tournament_pmx_inversion_forward_noRepair_noElitism_none,38,activity_list,1000,0,50.0,0.9,0.1,60.0,tournament,pmx,inversion,forward,3.0,False,False,none,5.0,True,0.1,,,,,,,,,,,,,,,,,,,,,,,,,,,,,,,,,,,,,,,,,,,
J30_1.RCP,0,69.30263157894737,0.5864729881286621,GA_tournament_pmx_inversion_forward_noRepair_noElitism_swap,38,activity_list,1000,0,50.0,0.9,0.1,60.0,tournament,pmx,inversion,forward,3.0,False,False,swap,5.0,True,0.1,,,,,,,,,,,,,,,,,,,,,,,,,,,,,,,,,,,,,,,,,,,
J30_1.RCP,0,71.25,0.6628439426422119,GA_tournament_pmx_scramble_random_repair_elitism_none,38,activity_list,1000,0,50.0,0.9,0.1,60.0,tournament,pmx,scramble,random,3.0,True,True,none,5.0,True,0.1,,,,,,,,,,,,,,,,,,,,,,,,,,,,,,,,,,,,,,,,,,,
J30_1.RCP,0,70.67105263157895,0.6811590194702148,GA_tournament_pmx_scramble_random_repair_elitism_swap,38,activity_list,1000,0,50.0,0.9,0.1,60.0,tournament,pmx,scramble,random,3.0,True,True,swap,5.0,True,0.1,,,,,,,,,,,,,,,,,,,,,,,,,,,,,,,,,,,,,,,,,,,
J30_1.RCP,0,63.56578947368421,0.8450272083282471,GA_tournament_pmx_scramble_random_repair_noElitism_none,38,activity_list,1000,0,50.0,0.9,0.1,60.0,tournament,pmx,scramble,random,3.0,True,False,none,5.0,True,0.1,,,,,,,,,,,,,,,,,,,,,,,,,,,,,,,,,,,,,,,,,,,
J30_1.RCP,0,65.46052631578948,0.8499181270599365,GA_tournament_pmx_scramble_random_repair_noElitism_swap,38,activity_list,1000,0,50.0,0.9,0.1,60.0,tournament,pmx,scramble,random,3.0,True,False,swap,5.0,True,0.1,,,,,,,,,,,,,,,,,,,,,,,,,,,,,,,,,,,,,,,,,,,
J30_1.RCP,0,71.25,0.5616812705993652,GA_tournament_pmx_scramble_random_noRepair_elitism_none,38,activity_list,1000,0,50.0,0.9,0.1,60.0,tournament,pmx,scramble,random,3.0,False,True,none,5.0,True,0.1,,,,,,,,,,,,,,,,,,,,,,,,,,,,,,,,,,,,,,,,,,,
J30_1.RCP,0,70.67105263157895,0.5795688629150391,GA_tournament_pmx_scramble_random_noRepair_elitism_swap,38,activity_list,1000,0,50.0,0.9,0.1,60.0,tournament,pmx,scramble,random,3.0,False,True,swap,5.0,True,0.1,,,,,,,,,,,,,,,,,,,,,,,,,,,,,,,,,,,,,,,,,,,
J30_1.RCP,0,63.56578947368421,0.5791370868682861,GA_tournament_pmx_scramble_random_noRepair_noElitism_none,38,activity_list,1000,0,50.0,0.9,0.1,60.0,tournament,pmx,scramble,random,3.0,False,False,none,5.0,True,0.1,,,,,,,,,,,,,,,,,,,,,,,,,,,,,,,,,,,,,,,,,,,
J30_1.RCP,0,65.46052631578948,0.5879371166229248,GA_tournament_pmx_scramble_random_noRepair_noElitism_swap,38,activity_list,1000,0,50.0,0.9,0.1,60.0,tournament,pmx,scramble,random,3.0,False,False,swap,5.0,True,0.1,,,,,,,,,,,,,,,,,,,,,,,,,,,,,,,,,,,,,,,,,,,
J30_1.RCP,0,74.19736842105263,0.6714301109313965,GA_tournament_pmx_scramble_forward_repair_elitism_none,38,activity_list,1000,0,50.0,0.9,0.1,60.0,tournament,pmx,scramble,forward,3.0,True,True,none,5.0,True,0.1,,,,,,,,,,,,,,,,,,,,,,,,,,,,,,,,,,,,,,,,,,,
J30_1.RCP,0,75.46052631578948,0.6901669502258301,GA_tournament_pmx_scramble_forward_repair_elitism_swap,38,activity_list,1000,0,50.0,0.9,0.1,60.0,tournament,pmx,scramble,forward,3.0,True,True,swap,5.0,True,0.1,,,,,,,,,,,,,,,,,,,,,,,,,,,,,,,,,,,,,,,,,,,
J30_1.RCP,0,64.9342105263158,0.8624048233032227,GA_tournament_pmx_scramble_forward_repair_noElitism_none,38,activity_list,1000,0,50.0,0.9,0.1,60.0,tournament,pmx,scramble,forward,3.0,True,False,none,5.0,True,0.1,,,,,,,,,,,,,,,,,,,,,,,,,,,,,,,,,,,,,,,,,,,
J30_1.RCP,0,68.88157894736842,0.863893985748291,GA_tournament_pmx_scramble_forward_repair_noElitism_swap,38,activity_list,1000,0,50.0,0.9,0.1,60.0,tournament,pmx,scramble,forward,3.0,True,False,swap,5.0,True,0.1,,,,,,,,,,,,,,,,,,,,,,,,,,,,,,,,,,,,,,,,,,,
J30_1.RCP,0,74.19736842105263,0.5632369518280029,GA_tournament_pmx_scramble_forward_noRepair_elitism_none,38,activity_list,1000,0,50.0,0.9,0.1,60.0,tournament,pmx,scramble,forward,3.0,False,True,none,5.0,True,0.1,,,,,,,,,,,,,,,,,,,,,,,,,,,,,,,,,,,,,,,,,,,
J30_1.RCP,0,75.46052631578948,0.5919878482818604,GA_tournament_pmx_scramble_forward_noRepair_elitism_swap,38,activity_list,1000,0,50.0,0.9,0.1,60.0,tournament,pmx,scramble,forward,3.0,False,True,swap,5.0,True,0.1,,,,,,,,,,,,,,,,,,,,,,,,,,,,,,,,,,,,,,,,,,,
J30_1.RCP,0,64.9342105263158,0.5769259929656982,GA_tournament_pmx_scramble_forward_noRepair_noElitism_none,38,activity_list,1000,0,50.0,0.9,0.1,60.0,tournament,pmx,scramble,forward,3.0,False,False,none,5.0,True,0.1,,,,,,,,,,,,,,,,,,,,,,,,,,,,,,,,,,,,,,,,,,,
J30_1.RCP,0,68.88157894736842,0.5819900035858154,GA_tournament_pmx_scramble_forward_noRepair_noElitism_swap,38,activity_list,1000,0,50.0,0.9,0.1,60.0,tournament,pmx,scramble,forward,3.0,False,False,swap,5.0,True,0.1,,,,,,,,,,,,,,,,,,,,,,,,,,,,,,,,,,,,,,,,,,,
J30_1.RCP,0,73.46052631578948,0.6614358425140381,GA_tournament_order_swap_random_repair_elitism_none,38,activity_list,1000,0,50.0,0.9,0.1,60.0,tournament,order,swap,random,3.0,True,True,none,5.0,True,0.1,,,,,,,,,,,,,,,,,,,,,,,,,,,,,,,,,,,,,,,,,,,
J30_1.RCP,0,71.82894736842105,0.680790901184082,GA_tournament_order_swap_random_repair_elitism_swap,38,activity_list,1000,0,50.0,0.9,0.1,60.0,tournament,order,swap,random,3.0,True,True,swap,5.0,True,0.1,,,,,,,,,,,,,,,,,,,,,,,,,,,,,,,,,,,,,,,,,,,
J30_1.RCP,0,66.25,0.8620729446411133,GA_tournament_order_swap_random_repair_noElitism_none,38,activity_list,1000,0,50.0,0.9,0.1,60.0,tournament,order,swap,random,3.0,True,False,none,5.0,True,0.1,,,,,,,,,,,,,,,,,,,,,,,,,,,,,,,,,,,,,,,,,,,
J30_1.RCP,0,65.98684210526316,0.853593111038208,GA_tournament_order_swap_random_repair_noElitism_swap,38,activity_list,1000,0,50.0,0.9,0.1,60.0,tournament,order,swap,random,3.0,True,False,swap,5.0,True,0.1,,,,,,,,,,,,,,,,,,,,,,,,,,,,,,,,,,,,,,,,,,,
J30_1.RCP,0,73.46052631578948,0.5610678195953369,GA_tournament_order_swap_random_noRepair_elitism_none,38,activity_list,1000,0,50.0,0.9,0.1,60.0,tournament,order,swap,random,3.0,False,True,none,5.0,True,0.1,,,,,,,,,,,,,,,,,,,,,,,,,,,,,,,,,,,,,,,,,,,
J30_1.RCP,0,71.82894736842105,0.576956033706665,GA_tournament_order_swap_random_noRepair_elitism_swap,38,activity_list,1000,0,50.0,0.9,0.1,60.0,tournament,order,swap,random,3.0,False,True,swap,5.0,True,0.1,,,,,,,,,,,,,,,,,,,,,,,,,,,,,,,,,,,,,,,,,,,
J30_1.RCP,0,66.25,0.5758070945739746,GA_tournament_order_swap_random_noRepair_noElitism_none,38,activity_list,1000,0,50.0,0.9,0.1,60.0,tournament,order,swap,random,3.0,False,False,none,5.0,True,0.1,,,,,,,,,,,,,,,,,,,,,,,,,,,,,,,,,,,,,,,,,,,
J30_1.RCP,0,65.98684210526316,0.5769190788269043,GA_tournament_order_swap_random_noRepair_noElitism_swap,38,activity_list,1000,0,50.0,0.9,0.1,60.0,tournament,order,swap,random,3.0,False,False,swap,5.0,True,0.1,,,,,,,,,,,,,,,,,,,,,,,,,,,,,,,,,,,,,,,,,,,
J30_1.RCP,0,74.77631578947368,0.6695559024810791,GA_tournament_order_swap_forward_repair_elitism_none,38,activity_list,1000,0,50.0,0.9,0.1,60.0,tournament,order,swap,forward,3.0,True,True,none,5.0,True,0.1,,,,,,,,,,,,,,,,,,,,,,,,,,,,,,,,,,,,,,,,,,,
J30_1.RCP,0,74.98684210526316,0.6880481243133545,GA_tournament_order_swap_forward_repair_elitism_swap,38,activity_list,1000,0,50.0,0.9,0.1,60.0,tournament,order,swap,forward,3.0,True,True,swap,5.0,True,0.1,,,,,,,,,,,,,,,,,,,,,,,,,,,,,,,,,,,,,,,,,,,
J30_1.RCP,0,68.98684210526316,0.8708200454711914,GA_tournament_order_swap_forward_repair_noElitism_none,38,activity_list,1000,0,50.0,0.9,0.1,60.0,tournament,order,swap,forward,3.0,True,False,none,5.0,True,0.1,,,,,,,,,,,,,,,,,,,,,,,,,,,,,,,,,,,,,,,,,,,
J30_1.RCP,0,63.35526315789474,0.8654928207397461,GA_tournament_order_swap_forward_repair_noElitism_swap,38,activity_list,1000,0,50.0,0.9,0.1,60.0,tournament,order,swap,forward,3.0,True,False,swap,5.0,True,0.1,,,,,,,,,,,,,,,,,,,,,,,,,,,,,,,,,,,,,,,,,,,
J30_1.RCP,0,74.77631578947368,0.5636899471282959,GA_tournament_order_swap_forward_noRepair_elitism_none,38,activity_list,1000,0,50.0,0.9,0.1,60.0,tournament,order,swap,forward,3.0,False,True,none,5.0,True,0.1,,,,,,,,,,,,,,,,,,,,,,,,,,,,,,,,,,,,,,,,,,,
J30_1.RCP,0,74.98684210526316,0.5850679874420166,GA_tournament_order_swap_forward_noRepair_elitism_swap,38,activity_list,1000,0,50.0,0.9,0.1,60.0,tournament,order,swap,forward,3.0,False,True,swap,5.0,True,0.1,,,,,,,,,,,,,,,,,,,,,,,,,,,,,,,,,,,,,,,,,,,
J30_1.RCP,0,68.98684210526316,0.5791280269622803,GA_tournament_order_swap_forward_noRepair_noElitism_none,38,activity_list,1000,0,50.0,0.9,0.1,60.0,tournament,order,swap,forward,3.0,False,False,none,5.0,True,0.1,,,,,,,,,,,,,,,,,,,,,,,,,,,,,,,,,,,,,,,,,,,
J30_1.RCP,0,63.35526315789474,0.5796730518341064,GA_tournament_order_swap_forward_noRepair_noElitism_swap,38,activity_list,1000,0,50.0,0.9,0.1,60.0,tournament,order,swap,forward,3.0,False,False,swap,5.0,True,0.1,,,,,,,,,,,,,,,,,,,,,,,,,,,,,,,,,,,,,,,,,,,
J30_1.RCP,0,71.88157894736842,0.6667571067810059,GA_tournament_order_insertion_random_repair_elitism_none,38,activity_list,1000,0,50.0,0.9,0.1,60.0,tournament,order,insertion,random,3.0,True,True,none,5.0,True,0.1,,,,,,,,,,,,,,,,,,,,,,,,,,,,,,,,,,,,,,,,,,,
J30_1.RCP,0,74.72368421052632,0.6811258792877197,GA_tournament_order_insertion_random_repair_elitism_swap,38,activity_list,1000,0,50.0,0.9,0.1,60.0,tournament,order,insertion,random,3.0,True,True,swap,5.0,True,0.1,,,,,,,,,,,,,,,,,,,,,,,,,,,,,,,,,,,,,,,,,,,
J30_1.RCP,0,65.98684210526316,0.8653502464294434,GA_tournament_order_insertion_random_repair_noElitism_none,38,activity_list,1000,0,50.0,0.9,0.1,60.0,tournament,order,insertion,random,3.0,True,False,none,5.0,True,0.1,,,,,,,,,,,,,,,,,,,,,,,,,,,,,,,,,,,,,,,,,,,
J30_1.RCP,0,66.77631578947368,0.8570139408111572,GA_tournament_order_insertion_random_repair_noElitism_swap,38,activity_list,1000,0,50.0,0.9,0.1,60.0,tournament,order,insertion,random,3.0,True,False,swap,5.0,True,0.1,,,,,,,,,,,,,,,,,,,,,,,,,,,,,,,,,,,,,,,,,,,
J30_1.RCP,0,71.88157894736842,0.5598940849304199,GA_tournament_order_insertion_random_noRepair_elitism_none,38,activity_list,1000,0,50.0,0.9,0.1,60.0,tournament,order,insertion,random,3.0,False,True,none,5.0,True,0.1,,,,,,,,,,,,,,,,,,,,,,,,,,,,,,,,,,,,,,,,,,,
J30_1.RCP,0,74.72368421052632,0.5744609832763672,GA_tournament_order_insertion_random_noRepair_elitism_swap,38,activity_list,1000,0,50.0,0.9,0.1,60.0,tournament,order,insertion,random,3.0,False,True,swap,5.0,True,0.1,,,,,,,,,,,,,,,,,,,,,,,,,,,,,,,,,,,,,,,,,,,
J30_1.RCP,0,65.98684210526316,0.5739109516143799,GA_tournament_order_insertion_random_noRepair_noElitism_none,38,activity_list,1000,0,50.0,0.9,0.1,60.0,tournament,order,insertion,random,3.0,False,False,none,5.0,True,0.1,,,,,,,,,,,,,,,,,,,,,,,,,,,,,,,,,,,,,,,,,,,
J30_1.RCP,0,66.77631578947368,0.5765383243560791,GA_tournament_order_insertion_random_noRepair_noElitism_swap,38,activity_list,1000,0,50.0,0.9,0.1,60.0,tournament,order,insertion,random,3.0,False,False,swap,5.0,True,0.1,,,,,,,,,,,,,,,,,,,,,,,,,,,,,,,,,,,,,,,,,,,
J30_1.RCP,0,72.30263157894737,0.6712319850921631,GA_tournament_order_insertion_forward_repair_elitism_none,38,activity_list,1000,0,50.0,0.9,0.1,60.0,tournament,order,insertion,forward,3.0,True,True,none,5.0,True,0.1,,,,,,,,,,,,,,,,,,,,,,,,,,,,,,,,,,,,,,,,,,,
J30_1.RCP,0,74.25,0.684650182723999,GA_tournament_order_insertion_forward_repair_elitism_swap,38,activity_list,1000,0,50.0,0.9,0.1,60.0,tournament,order,insertion,forward,3.0,True,True,swap,5.0,True,0.1,,,,,,,,,,,,,,,,,,,,,,,,,,,,,,,,,,,,,,,,,,,
J30_1.RCP,0,65.25,0.8695831298828125,GA_tournament_order_insertion_forward_repair_noElitism_none,38,activity_list,1000,0,50.0,0.9,0.1,60.0,tournament,order,insertion,forward,3.0,True,False,none,5.0,True,0.1,,,,,,,,,,,,,,,,,,,,,,,,,,,,,,,,,,,,,,,,,,,
J30_1.RCP,0,72.82894736842105,0.8613712787628174,GA_tournament_order_insertion_forward_repair_noElitism_swap,38,activity_list,1000,0,50.0,0.9,0.1,60.0,tournament,order,insertion,forward,3.0,True,False,swap,5.0,True,0.1,,,,,,,,,,,,,,,,,,,,,,,,,,,,,,,,,,,,,,,,,,,
J30_1.RCP,0,72.30263157894737,0.5662069320678711,GA_tournament_order_insertion_forward_noRepair_elitism_none,38,activity_list,1000,0,50.0,0.9,0.1,60.0,tournament,order,insertion,forward,3.0,False,True,none,5.0,True,0.1,,,,,,,,,,,,,,,,,,,,,,,,,,,,,,,,,,,,,,,,,,,
J30_1.RCP,0,74.25,0.5806698799133301,GA_tournament_order_insertion_forward_noRepair_elitism_swap,38,activity_list,1000,0,50.0,0.9,0.1,60.0,tournament,order,insertion,forward,3.0,False,True,swap,5.0,True,0.1,,,,,,,,,,,,,,,,,,,,,,,,,,,,,,,,,,,,,,,,,,,
J30_1.RCP,0,65.25,0.5789089202880859,GA_tournament_order_insertion_forward_noRepair_noElitism_none,38,activity_list,1000,0,50.0,0.9,0.1,60.0,tournament,order,insertion,forward,3.0,False,False,none,5.0,True,0.1,,,,,,,,,,,,,,,,,,,,,,,,,,,,,,,,,,,,,,,,,,,
J30_1.RCP,0,72.82894736842105,0.5826070308685303,GA_tournament_order_insertion_forward_noRepair_noElitism_swap,38,activity_list,1000,0,50.0,0.9,0.1,60.0,tournament,order,insertion,forward,3.0,False,False,swap,5.0,True,0.1,,,,,,,,,,,,,,,,,,,,,,,,,,,,,,,,,,,,,,,,,,,
J30_1.RCP,0,73.46052631578948,0.6617739200592041,GA_tournament_order_inversion_random_repair_elitism_none,38,activity_list,1000,0,50.0,0.9,0.1,60.0,tournament,order,inversion,random,3.0,True,True,none,5.0,True,0.1,,,,,,,,,,,,,,,,,,,,,,,,,,,,,,,,,,,,,,,,,,,
J30_1.RCP,0,71.82894736842105,0.6796290874481201,GA_tournament_order_inversion_random_repair_elitism_swap,38,activity_list,1000,0,50.0,0.9,0.1,60.0,tournament,order,inversion,random,3.0,True,True,swap,5.0,True,0.1,,,,,,,,,,,,,,,,,,,,,,,,,,,,,,,,,,,,,,,,,,,
J30_1.RCP,0,66.25,0.864832878112793,GA_tournament_order_inversion_random_repair_noElitism_none,38,activity_list,1000,0,50.0,0.9,0.1,60.0,tournament,order,inversion,random,3.0,True,False,none,5.0,True,0.1,,,,,,,,,,,,,,,,,,,,,,,,,,,,,,,,,,,,,,,,,,,
J30_1.RCP,0,65.98684210526316,0.8579549789428711,GA_tournament_order_inversion_random_repair_noElitism_swap,38,activity_list,1000,0,50.0,0.9,0.1,60.0,tournament,order,inversion,random,3.0,True,False,swap,5.0,True,0.1,,,,,,,,,,,,,,,,,,,,,,,,,,,,,,,,,,,,,,,,,,,
J30_1.RCP,0,73.46052631578948,0.5609281063079834,GA_tournament_order_inversion_random_noRepair_elitism_none,38,activity_list,1000,0,50.0,0.9,0.1,60.0,tournament,order,inversion,random,3.0,False,True,none,5.0,True,0.1,,,,,,,,,,,,,,,,,,,,,,,,,,,,,,,,,,,,,,,,,,,
J30_1.RCP,0,71.82894736842105,0.5766839981079102,GA_tournament_order_inversion_random_noRepair_elitism_swap,38,activity_list,1000,0,50.0,0.9,0.1,60.0,tournament,order,inversion,random,3.0,False,True,swap,5.0,True,0.1,,,,,,,,,,,,,,,,,,,,,,,,,,,,,,,,,,,,,,,,,,,
J30_1.RCP,0,66.25,0.5735340118408203,GA_tournament_order_inversion_random_noRepair_noElitism_none,38,activity_list,1000,0,50.0,0.9,0.1,60.0,tournament,order,inversion,random,3.0,False,False,none,5.0,True,0.1,,,,,,,,,,,,,,,,,,,,,,,,,,,,,,,,,,,,,,,,,,,
J30_1.RCP,0,65.98684210526316,0.5775549411773682,GA_tournament_order_inversion_random_noRepair_noElitism_swap,38,activity_list,1000,0,50.0,0.9,0.1,60.0,tournament,order,inversion,random,3.0,False,False,swap,5.0,True,0.1,,,,,,,,,,,,,,,,,,,,,,,,,,,,,,,,,,,,,,,,,,,
J30_1.RCP,0,74.77631578947368,0.6681559085845947,GA_tournament_order_inversion_forward_repair_elitism_none,38,activity_list,1000,0,50.0,0.9,0.1,60.0,tournament,order,inversion,forward,3.0,True,True,none,5.0,True,0.1,,,,,,,,,,,,,,,,,,,,,,,,,,,,,,,,,,,,,,,,,,,
J30_1.RCP,0,74.98684210526316,0.6898119449615479,GA_tournament_order_inversion_forward_repair_elitism_swap,38,activity_list,1000,0,50.0,0.9,0.1,60.0,tournament,order,inversion,forward,3.0,True,True,swap,5.0,True,0.1,,,,,,,,,,,,,,,,,,,,,,,,,,,,,,,,,,,,,,,,,,,
J30_1.RCP,0,68.98684210526316,0.8663761615753174,GA_tournament_order_inversion_forward_repair_noElitism_none,38,activity_list,1000,0,50.0,0.9,0.1,60.0,tournament,order,inversion,forward,3.0,True,False,none,5.0,True,0.1,,,,,,,,,,,,,,,,,,,,,,,,,,,,,,,,,,,,,,,,,,,
J30_1.RCP,0,63.35526315789474,0.8643581867218018,GA_tournament_order_inversion_forward_repair_noElitism_swap,38,activity_list,1000,0,50.0,0.9,0.1,60.0,tournament,order,inversion,forward,3.0,True,False,swap,5.0,True,0.1,,,,,,,,,,,,,,,,,,,,,,,,,,,,,,,,,,,,,,,,,,,
J30_1.RCP,0,74.77631578947368,0.5633010864257812,GA_tournament_order_inversion_forward_noRepair_elitism_none,38,activity_list,1000,0,50.0,0.9,0.1,60.0,tournament,order,inversion,forward,3.0,False,True,none,5.0,True,0.1,,,,,,,,,,,,,,,,,,,,,,,,,,,,,,,,,,,,,,,,,,,
J30_1.RCP,0,74.98684210526316,0.5809290409088135,GA_tournament_order_inversion_forward_noRepair_elitism_swap,38,activity_list,1000,0,50.0,0.9,0.1,60.0,tournament,order,inversion,forward,3.0,False,True,swap,5.0,True,0.1,,,,,,,,,,,,,,,,,,,,,,,,,,,,,,,,,,,,,,,,,,,
J30_1.RCP,0,68.98684210526316,0.5805649757385254,GA_tournament_order_inversion_forward_noRepair_noElitism_none,38,activity_list,1000,0,50.0,0.9,0.1,60.0,tournament,order,inversion,forward,3.0,False,False,none,5.0,True,0.1,,,,,,,,,,,,,,,,,,,,,,,,,,,,,,,,,,,,,,,,,,,
J30_1.RCP,0,63.35526315789474,0.5831458568572998,GA_tournament_order_inversion_forward_noRepair_noElitism_swap,38,activity_list,1000,0,50.0,0.9,0.1,60.0,tournament,order,inversion,forward,3.0,False,False,swap,5.0,True,0.1,,,,,,,,,,,,,,,,,,,,,,,,,,,,,,,,,,,,,,,,,,,
J30_1.RCP,0,72.46052631578948,0.6583631038665771,GA_tournament_order_scramble_random_repair_elitism_none,38,activity_list,1000,0,50.0,0.9,0.1,60.0,tournament,order,scramble,random,3.0,True,True,none,5.0,True,0.1,,,,,,,,,,,,,,,,,,,,,,,,,,,,,,,,,,,,,,,,,,,
J30_1.RCP,0,74.19736842105262,0.6801190376281738,GA_tournament_order_scramble_random_repair_elitism_swap,38,activity_list,1000,0,50.0,0.9,0.1,60.0,tournament,order,scramble,random,3.0,True,True,swap,5.0,True,0.1,,,,,,,,,,,,,,,,,,,,,,,,,,,,,,,,,,,,,,,,,,,
J30_1.RCP,0,63.77631578947367,0.8530218601226807,GA_tournament_order_scramble_random_repair_noElitism_none,38,activity_list,1000,0,50.0,0.9,0.1,60.0,tournament,order,scramble,random,3.0,True,False,none,5.0,True,0.1,,,,,,,,,,,,,,,,,,,,,,,,,,,,,,,,,,,,,,,,,,,
J30_1.RCP,0,66.30263157894737,0.8584949970245361,GA_tournament_order_scramble_random_repair_noElitism_swap,38,activity_list,1000,0,50.0,0.9,0.1,60.0,tournament,order,scramble,random,3.0,True,False,swap,5.0,True,0.1,,,,,,,,,,,,,,,,,,,,,,,,,,,,,,,,,,,,,,,,,,,
J30_1.RCP,0,72.46052631578948,0.5590112209320068,GA_tournament_order_scramble_random_noRepair_elitism_none,38,activity_list,1000,0,50.0,0.9,0.1,60.0,tournament,order,scramble,random,3.0,False,True,none,5.0,True,0.1,,,,,,,,,,,,,,,,,,,,,,,,,,,,,,,,,,,,,,,,,,,
J30_1.RCP,0,74.19736842105262,0.5781781673431396,GA_tournament_order_scramble_random_noRepair_elitism_swap,38,activity_list,1000,0,50.0,0.9,0.1,60.0,tournament,order,scramble,random,3.0,False,True,swap,5.0,True,0.1,,,,,,,,,,,,,,,,,,,,,,,,,,,,,,,,,,,,,,,,,,,
J30_1.RCP,0,63.77631578947367,0.5740599632263184,GA_tournament_order_scramble_random_noRepair_noElitism_none,38,activity_list,1000,0,50.0,0.9,0.1,60.0,tournament,order,scramble,random,3.0,False,False,none,5.0,True,0.1,,,,,,,,,,,,,,,,,,,,,,,,,,,,,,,,,,,,,,,,,,,
J30_1.RCP,0,66.30263157894737,0.5789279937744141,GA_tournament_order_scramble_random_noRepair_noElitism_swap,38,activity_list,1000,0,50.0,0.9,0.1,60.0,tournament,order,scramble,random,3.0,False,False,swap,5.0,True,0.1,,,,,,,,,,,,,,,,,,,,,,,,,,,,,,,,,,,,,,,,,,,
J30_1.RCP,0,77.61842105263158,0.6689672470092773,GA_tournament_order_scramble_forward_repair_elitism_none,38,activity_list,1000,0,50.0,0.9,0.1,60.0,tournament,order,scramble,forward,3.0,True,True,none,5.0,True,0.1,,,,,,,,,,,,,,,,,,,,,,,,,,,,,,,,,,,,,,,,,,,
J30_1.RCP,0,76.61842105263158,0.6863181591033936,GA_tournament_order_scramble_forward_repair_elitism_swap,38,activity_list,1000,0,50.0,0.9,0.1,60.0,tournament,order,scramble,forward,3.0,True,True,swap,5.0,True,0.1,,,,,,,,,,,,,,,,,,,,,,,,,,,,,,,,,,,,,,,,,,,
J30_1.RCP,0,64.03947368421052,0.8698151111602783,GA_tournament_order_scramble_forward_repair_noElitism_none,38,activity_list,1000,0,50.0,0.9,0.1,60.0,tournament,order,scramble,forward,3.0,True,False,none,5.0,True,0.1,,,,,,,,,,,,,,,,,,,,,,,,,,,,,,,,,,,,,,,,,,,
J30_1.RCP,0,67.67105263157895,0.8635399341583252,GA_tournament_order_scramble_forward_repair_noElitism_swap,38,activity_list,1000,0,50.0,0.9,0.1,60.0,tournament,order,scramble,forward,3.0,True,False,swap,5.0,True,0.1,,,,,,,,,,,,,,,,,,,,,,,,,,,,,,,,,,,,,,,,,,,
J30_1.RCP,0,77.61842105263158,0.5640277862548828,GA_tournament_order_scramble_forward_noRepair_elitism_none,38,activity_list,1000,0,50.0,0.9,0.1,60.0,tournament,order,scramble,forward,3.0,False,True,none,5.0,True,0.1,,,,,,,,,,,,,,,,,,,,,,,,,,,,,,,,,,,,,,,,,,,
J30_1.RCP,0,76.61842105263158,0.5799391269683838,GA_tournament_order_scramble_forward_noRepair_elitism_swap,38,activity_list,1000,0,50.0,0.9,0.1,60.0,tournament,order,scramble,forward,3.0,False,True,swap,5.0,True,0.1,,,,,,,,,,,,,,,,,,,,,,,,,,,,,,,,,,,,,,,,,,,
J30_1.RCP,0,64.03947368421052,0.5859079360961914,GA_tournament_order_scramble_forward_noRepair_noElitism_none,38,activity_list,1000,0,50.0,0.9,0.1,60.0,tournament,order,scramble,forward,3.0,False,False,none,5.0,True,0.1,,,,,,,,,,,,,,,,,,,,,,,,,,,,,,,,,,,,,,,,,,,
J30_1.RCP,0,67.67105263157895,0.5813889503479004,GA_tournament_order_scramble_forward_noRepair_noElitism_swap,38,activity_list,1000,0,50.0,0.9,0.1,60.0,tournament,order,scramble,forward,3.0,False,False,swap,5.0,True,0.1,,,,,,,,,,,,,,,,,,,,,,,,,,,,,,,,,,,,,,,,,,,
J30_1.RCP,0,82.77631578947368,0.6369302272796631,DE_rand_1_bin_random_withLS,38,activity_list,1000,0,50.0,,,60.0,,bin,rand/1,random,,,,,,True,0.1,100.0,0.5,0.9,False,False,True,5.0,0.3,1.5,0.3,1.0,,,,,,,,,,,,,,,,,,,,,,,,,,,,,,,,
J30_1.RCP,0,89.19736842105263,0.6249470710754395,DE_rand_1_bin_random_noLS,38,activity_list,1000,0,50.0,,,60.0,,bin,rand/1,random,,,,,,True,0.1,100.0,0.5,0.9,False,False,False,5.0,0.3,1.5,0.3,1.0,,,,,,,,,,,,,,,,,,,,,,,,,,,,,,,,
J30_1.RCP,0,81.88157894736842,0.6402807235717773,DE_rand_1_bin_forward_withLS,38,activity_list,1000,0,50.0,,,60.0,,bin,rand/1,forward,,,,,,True,0.1,100.0,0.5,0.9,False,False,True,5.0,0.3,1.5,0.3,1.0,,,,,,,,,,,,,,,,,,,,,,,,,,,,,,,,
J30_1.RCP,0,82.98684210526316,0.6320970058441162,DE_rand_1_bin_forward_noLS,38,activity_list,1000,0,50.0,,,60.0,,bin,rand/1,forward,,,,,,True,0.1,100.0,0.5,0.9,False,False,False,5.0,0.3,1.5,0.3,1.0,,,,,,,,,,,,,,,,,,,,,,,,,,,,,,,,
J30_1.RCP,0,76.88157894736842,0.6414039134979248,DE_rand_1_exp_random_withLS,38,activity_list,1000,0,50.0,,,60.0,,exp,rand/1,random,,,,,,True,0.1,100.0,0.5,0.9,False,False,True,5.0,0.3,1.5,0.3,1.0,,,,,,,,,,,,,,,,,,,,,,,,,,,,,,,,
J30_1.RCP,0,76.88157894736842,0.6313347816467285,DE_rand_1_exp_random_noLS,38,activity_list,1000,0,50.0,,,60.0,,exp,rand/1,random,,,,,,True,0.1,100.0,0.5,0.9,False,False,False,5.0,0.3,1.5,0.3,1.0,,,,,,,,,,,,,,,,,,,,,,,,,,,,,,,,
J30_1.RCP,0,77.98684210526316,0.6439077854156494,DE_rand_1_exp_forward_withLS,38,activity_list,1000,0,50.0,,,60.0,,exp,rand/1,forward,,,,,,True,0.1,100.0,0.5,0.9,False,False,True,5.0,0.3,1.5,0.3,1.0,,,,,,,,,,,,,,,,,,,,,,,,,,,,,,,,
J30_1.RCP,0,84.03947368421053,0.6361410617828369,DE_rand_1_exp_forward_noLS,38,activity_list,1000,0,50.0,,,60.0,,exp,rand/1,forward,,,,,,True,0.1,100.0,0.5,0.9,False,False,False,5.0,0.3,1.5,0.3,1.0,,,,,,,,,,,,,,,,,,,,,,,,,,,,,,,,
J30_1.RCP,0,82.72368421052632,0.6395177841186523,DE_best_1_bin_random_withLS,38,activity_list,1000,0,50.0,,,60.0,,bin,best/1,random,,,,,,True,0.1,100.0,0.5,0.9,False,False,True,5.0,0.3,1.5,0.3,1.0,,,,,,,,,,,,,,,,,,,,,,,,,,,,,,,,
J30_1.RCP,0,85.19736842105263,0.6300327777862549,DE_best_1_bin_random_noLS,38,activity_list,1000,0,50.0,,,60.0,,bin,best/1,random,,,,,,True,0.1,100.0,0.5,0.9,False,False,False,5.0,0.3,1.5,0.3,1.0,,,,,,,,,,,,,,,,,,,,,,,,,,,,,,,,
J30_1.RCP,0,76.88157894736842,0.645482063293457,DE_best_1_bin_forward_withLS,38,activity_list,1000,0,50.0,,,60.0,,bin,best/1,forward,,,,,,True,0.1,100.0,0.5,0.9,False,False,True,5.0,0.3,1.5,0.3,1.0,,,,,,,,,,,,,,,,,,,,,,,,,,,,,,,,
J30_1.RCP,0,76.88157894736842,0.63523268699646,DE_best_1_bin_forward_noLS,38,activity_list,1000,0,50.0,,,60.0,,bin,best/1,forward,,,,,,True,0.1,100.0,0.5,0.9,False,False,False,5.0,0.3,1.5,0.3,1.0,,,,,,,,,,,,,,,,,,,,,,,,,,,,,,,,
J30_1.RCP,0,83.61842105263158,0.643413782119751,DE_best_1_exp_random_withLS,38,activity_list,1000,0,50.0,,,60.0,,exp,best/1,random,,,,,,True,0.1,100.0,0.5,0.9,False,False,True,5.0,0.3,1.5,0.3,1.0,,,,,,,,,,,,,,,,,,,,,,,,,,,,,,,,
J30_1.RCP,0,79.14473684210526,0.6369190216064453,DE_best_1_exp_random_noLS,38,activity_list,1000,0,50.0,,,60.0,,exp,best/1,random,,,,,,True,0.1,100.0,0.5,0.9,False,False,False,5.0,0.3,1.5,0.3,1.0,,,,,,,,,,,,,,,,,,,,,,,,,,,,,,,,
J30_1.RCP,0,79.77631578947368,0.6485881805419922,DE_best_1_exp_forward_withLS,38,activity_list,1000,0,50.0,,,60.0,,exp,best/1,forward,,,,,,True,0.1,100.0,0.5,0.9,False,False,True,5.0,0.3,1.5,0.3,1.0,,,,,,,,,,,,,,,,,,,,,,,,,,,,,,,,
J30_1.RCP,0,82.30263157894737,0.6413760185241699,DE_best_1_exp_forward_noLS,38,activity_list,1000,0,50.0,,,60.0,,exp,best/1,forward,,,,,,True,0.1,100.0,0.5,0.9,False,False,False,5.0,0.3,1.5,0.3,1.0,,,,,,,,,,,,,,,,,,,,,,,,,,,,,,,,
J30_1.RCP,0,75.77631578947368,0.6403939723968506,DE_rand_2_bin_random_withLS,38,activity_list,1000,0,50.0,,,60.0,,bin,rand/2,random,,,,,,True,0.1,100.0,0.5,0.9,False,False,True,5.0,0.3,1.5,0.3,1.0,,,,,,,,,,,,,,,,,,,,,,,,,,,,,,,,
J30_1.RCP,0,84.9342105263158,0.628424882888794,DE_rand_2_bin_random_noLS,38,activity_list,1000,0,50.0,,,60.0,,bin,rand/2,random,,,,,,True,0.1,100.0,0.5,0.9,False,False,False,5.0,0.3,1.5,0.3,1.0,,,,,,,,,,,,,,,,,,,,,,,,,,,,,,,,
J30_1.RCP,0,82.72368421052632,0.6449978351593018,DE_rand_2_bin_forward_withLS,38,activity_list,1000,0,50.0,,,60.0,,bin,rand/2,forward,,,,,,True,0.1,100.0,0.5,0.9,False,False,True,5.0,0.3,1.5,0.3,1.0,,,,,,,,,,,,,,,,,,,,,,,,,,,,,,,,
J30_1.RCP,0,83.72368421052632,0.6318240165710449,DE_rand_2_bin_forward_noLS,38,activity_list,1000,0,50.0,,,60.0,,bin,rand/2,forward,,,,,,True,0.1,100.0,0.5,0.9,False,False,False,5.0,0.3,1.5,0.3,1.0,,,,,,,,,,,,,,,,,,,,,,,,,,,,,,,,
J30_1.RCP,0,87.09210526315789,0.6419339179992676,DE_rand_2_exp_random_withLS,38,activity_list,1000,0,50.0,,,60.0,,exp,rand/2,random,,,,,,True,0.1,100.0,0.5,0.9,False,False,True,5.0,0.3,1.5,0.3,1.0,,,,,,,,,,,,,,,,,,,,,,,,,,,,,,,,
J30_1.RCP,0,84.61842105263158,0.6315231323242188,DE_rand_2_exp_random_noLS,38,activity_list,1000,0,50.0,,,60.0,,exp,rand/2,random,,,,,,True,0.1,100.0,0.5,0.9,False,False,False,5.0,0.3,1.5,0.3,1.0,,,,,,,,,,,,,,,,,,,,,,,,,,,,,,,,
J30_1.RCP,0,77.5657894736842,0.6444602012634277,DE_rand_2_exp_forward_withLS,38,activity_list,1000,0,50.0,,,60.0,,exp,rand/2,forward,,,,,,True,0.1,100.0,0.5,0.9,False,False,True,5.0,0.3,1.5,0.3,1.0,,,,,,,,,,,,,,,,,,,,,,,,,,,,,,,,
J30_1.RCP,0,86.25,0.6392371654510498,DE_rand_2_exp_forward_noLS,38,activity_list,1000,0,50.0,,,60.0,,exp,rand/2,forward,,,,,,True,0.1,100.0,0.5,0.9,False,False,False,5.0,0.3,1.5,0.3,1.0,,,,,,,,,,,,,,,,,,,,,,,,,,,,,,,,
J30_1.RCP,0,82.67105263157895,0.6421868801116943,DE_best_2_bin_random_withLS,38,activity_list,1000,0,50.0,,,60.0,,bin,best/2,random,,,,,,True,0.1,100.0,0.5,0.9,False,False,True,5.0,0.3,1.5,0.3,1.0,,,,,,,,,,,,,,,,,,,,,,,,,,,,,,,,
J30_1.RCP,0,86.77631578947368,0.62841796875,DE_best_2_bin_random_noLS,38,activity_list,1000,0,50.0,,,60.0,,bin,best/2,random,,,,,,True,0.1,100.0,0.5,0.9,False,False,False,5.0,0.3,1.5,0.3,1.0,,,,,,,,,,,,,,,,,,,,,,,,,,,,,,,,
J30_1.RCP,0,83.19736842105263,0.6468660831451416,DE_best_2_bin_forward_withLS,38,activity_list,1000,0,50.0,,,60.0,,bin,best/2,forward,,,,,,True,0.1,100.0,0.5,0.9,False,False,True,5.0,0.3,1.5,0.3,1.0,,,,,,,,,,,,,,,,,,,,,,,,,,,,,,,,
J30_1.RCP,0,80.03947368421052,0.6389400959014893,DE_best_2_bin_forward_noLS,38,activity_list,1000,0,50.0,,,60.0,,bin,best/2,forward,,,,,,True,0.1,100.0,0.5,0.9,False,False,False,5.0,0.3,1.5,0.3,1.0,,,,,,,,,,,,,,,,,,,,,,,,,,,,,,,,
J30_1.RCP,0,81.77631578947368,0.6453640460968018,DE_best_2_exp_random_withLS,38,activity_list,1000,0,50.0,,,60.0,,exp,best/2,random,,,,,,True,0.1,100.0,0.5,0.9,False,False,True,5.0,0.3,1.5,0.3,1.0,,,,,,,,,,,,,,,,,,,,,,,,,,,,,,,,
J30_1.RCP,0,83.61842105263158,0.6348569393157959,DE_best_2_exp_random_noLS,38,activity_list,1000,0,50.0,,,60.0,,exp,best/2,random,,,,,,True,0.1,100.0,0.5,0.9,False,False,False,5.0,0.3,1.5,0.3,1.0,,,,,,,,,,,,,,,,,,,,,,,,,,,,,,,,
J30_1.RCP,0,82.9342105263158,0.6512751579284668,DE_best_2_exp_forward_withLS,38,activity_list,1000,0,50.0,,,60.0,,exp,best/2,forward,,,,,,True,0.1,100.0,0.5,0.9,False,False,True,5.0,0.3,1.5,0.3,1.0,,,,,,,,,,,,,,,,,,,,,,,,,,,,,,,,
J30_1.RCP,0,83.30263157894737,0.6429779529571533,DE_best_2_exp_forward_noLS,38,activity_list,1000,0,50.0,,,60.0,,exp,best/2,forward,,,,,,True,0.1,100.0,0.5,0.9,False,False,False,5.0,0.3,1.5,0.3,1.0,,,,,,,,,,,,,,,,,,,,,,,,,,,,,,,,
J30_1.RCP,0,82.72368421052632,0.6412060260772705,DE_current-to-best_1_bin_random_withLS,38,activity_list,1000,0,50.0,,,60.0,,bin,current-to-best/1,random,,,,,,True,0.1,100.0,0.5,0.9,False,False,True,5.0,0.3,1.5,0.3,1.0,,,,,,,,,,,,,,,,,,,,,,,,,,,,,,,,
J30_1.RCP,0,85.19736842105263,0.6389381885528564,DE_current-to-best_1_bin_random_noLS,38,activity_list,1000,0,50.0,,,60.0,,bin,current-to-best/1,random,,,,,,True,0.1,100.0,0.5,0.9,False,False,False,5.0,0.3,1.5,0.3,1.0,,,,,,,,,,,,,,,,,,,,,,,,,,,,,,,,
J30_1.RCP,0,76.88157894736842,0.6499452590942383,DE_current-to-best_1_bin_forward_withLS,38,activity_list,1000,0,50.0,,,60.0,,bin,current-to-best/1,forward,,,,,,True,0.1,100.0,0.5,0.9,False,False,True,5.0,0.3,1.5,0.3,1.0,,,,,,,,,,,,,,,,,,,,,,,,,,,,,,,,
J30_1.RCP,0,76.88157894736842,0.6416409015655518,DE_current-to-best_1_bin_forward_noLS,38,activity_list,1000,0,50.0,,,60.0,,bin,current-to-best/1,forward,,,,,,True,0.1,100.0,0.5,0.9,False,False,False,5.0,0.3,1.5,0.3,1.0,,,,,,,,,,,,,,,,,,,,,,,,,,,,,,,,
J30_1.RCP,0,83.61842105263158,0.6572580337524414,DE_current-to-best_1_exp_random_withLS,38,activity_list,1000,0,50.0,,,60.0,,exp,current-to-best/1,random,,,,,,True,0.1,100.0,0.5,0.9,False,False,True,5.0,0.3,1.5,0.3,1.0,,,,,,,,,,,,,,,,,,,,,,,,,,,,,,,,
J30_1.RCP,0,79.14473684210526,0.6523170471191406,DE_current-to-best_1_exp_random_noLS,38,activity_list,1000,0,50.0,,,60.0,,exp,current-to-best/1,random,,,,,,True,0.1,100.0,0.5,0.9,False,False,False,5.0,0.3,1.5,0.3,1.0,,,,,,,,,,,,,,,,,,,,,,,,,,,,,,,,
J30_1.RCP,0,79.77631578947368,0.6496157646179199,DE_current-to-best_1_exp_forward_withLS,38,activity_list,1000,0,50.0,,,60.0,,exp,current-to-best/1,forward,,,,,,True,0.1,100.0,0.5,0.9,False,False,True,5.0,0.3,1.5,0.3,1.0,,,,,,,,,,,,,,,,,,,,,,,,,,,,,,,,
J30_1.RCP,0,82.30263157894737,0.6427152156829834,DE_current-to-best_1_exp_forward_noLS,38,activity_list,1000,0,50.0,,,60.0,,exp,current-to-best/1,forward,,,,,,True,0.1,100.0,0.5,0.9,False,False,False,5.0,0.3,1.5,0.3,1.0,,,,,,,,,,,,,,,,,,,,,,,,,,,,,,,,
J30_1.RCP,0,83.61842105263158,0.6419131755828857,DE_adaptive_bin_random_withLS,38,activity_list,1000,0,50.0,,,60.0,,bin,adaptive,random,,,,,,True,0.1,100.0,0.5,0.9,False,False,True,5.0,0.3,1.5,0.3,1.0,,,,,,,,,,,,,,,,,,,,,,,,,,,,,,,,
J30_1.RCP,0,82.09210526315789,0.62640380859375,DE_adaptive_bin_random_noLS,38,activity_list,1000,0,50.0,,,60.0,,bin,adaptive,random,,,,,,True,0.1,100.0,0.5,0.9,False,False,False,5.0,0.3,1.5,0.3,1.0,,,,,,,,,,,,,,,,,,,,,,,,,,,,,,,,
J30_1.RCP,0,80.25,0.6448650360107422,DE_adaptive_bin_forward_withLS,38,activity_list,1000,0,50.0,,,60.0,,bin,adaptive,forward,,,,,,True,0.1,100.0,0.5,0.9,False,False,True,5.0,0.3,1.5,0.3,1.0,,,,,,,,,,,,,,,,,,,,,,,,,,,,,,,,
J30_1.RCP,0,80.25,0.6335861682891846,DE_adaptive_bin_forward_noLS,38,activity_list,1000,0,50.0,,,60.0,,bin,adaptive,forward,,,,,,True,0.1,100.0,0.5,0.9,False,False,False,5.0,0.3,1.5,0.3,1.0,,,,,,,,,,,,,,,,,,,,,,,,,,,,,,,,
J30_1.RCP,0,81.77631578947368,0.643064022064209,DE_adaptive_exp_random_withLS,38,activity_list,1000,0,50.0,,,60.0,,exp,adaptive,random,,,,,,True,0.1,100.0,0.5,0.9,False,False,True,5.0,0.3,1.5,0.3,1.0,,,,,,,,,,,,,,,,,,,,,,,,,,,,,,,,
J30_1.RCP,0,83.61842105263158,0.6322441101074219,DE_adaptive_exp_random_noLS,38,activity_list,1000,0,50.0,,,60.0,,exp,adaptive,random,,,,,,True,0.1,100.0,0.5,0.9,False,False,False,5.0,0.3,1.5,0.3,1.0,,,,,,,,,,,,,,,,,,,,,,,,,,,,,,,,
J30_1.RCP,0,82.9342105263158,0.6500518321990967,DE_adaptive_exp_forward_withLS,38,activity_list,1000,0,50.0,,,60.0,,exp,adaptive,forward,,,,,,True,0.1,100.0,0.5,0.9,False,False,True,5.0,0.3,1.5,0.3,1.0,,,,,,,,,,,,,,,,,,,,,,,,,,,,,,,,
J30_1.RCP,0,84.98684210526316,0.641909122467041,DE_adaptive_exp_forward_noLS,38,activity_list,1000,0,50.0,,,60.0,,exp,adaptive,forward,,,,,,True,0.1,100.0,0.5,0.9,False,False,False,5.0,0.3,1.5,0.3,1.0,,,,,,,,,,,,,,,,,,,,,,,,,,,,,,,,
J30_1.RCP,0,67.98684210526316,0.6627562046051025,PR_forward_best_withLS,38,activity_list,1000,0,,,,60.0,best,,,,,,,,,True,0.1,100.0,,,,,True,,,,,,10.0,forward,50.0,,,,,,,,,,,,,,,,,,,,,,,,,,,,,
J30_1.RCP,0,77.61842105263158,0.6765518188476562,PR_forward_best_noLS,38,activity_list,1000,0,,,,60.0,best,,,,,,,,,True,0.1,100.0,,,,,False,,,,,,10.0,forward,50.0,,,,,,,,,,,,,,,,,,,,,,,,,,,,,
J30_1.RCP,0,75.61842105263158,0.6824648380279541,PR_forward_random_two_withLS,38,activity_list,1000,0,,,,60.0,random_two,,,,,,,,,True,0.1,100.0,,,,,True,,,,,,10.0,forward,50.0,,,,,,,,,,,,,,,,,,,,,,,,,,,,,
J30_1.RCP,0,82.72368421052632,0.1753711700439453,PR_forward_random_two_noLS,38,activity_list,1000,0,,,,60.0,random_two,,,,,,,,,True,0.1,100.0,,,,,False,,,,,,10.0,forward,50.0,,,,,,,,,,,,,,,,,,,,,,,,,,,,,
J30_1.RCP,0,70.51315789473684,0.6631209850311279,PR_backward_best_withLS,38,activity_list,1000,0,,,,60.0,best,,,,,,,,,True,0.1,100.0,,,,,True,,,,,,10.0,backward,50.0,,,,,,,,,,,,,,,,,,,,,,,,,,,,,
J30_1.RCP,0,72.98684210526316,0.6745076179504395,PR_backward_best_noLS,38,activity_list,1000,0,,,,60.0,best,,,,,,,,,True,0.1,100.0,,,,,False,,,,,,10.0,backward,50.0,,,,,,,,,,,,,,,,,,,,,,,,,,,,,
J30_1.RCP,0,70.77631578947368,0.6705329418182373,PR_backward_random_two_withLS,38,activity_list,1000,0,,,,60.0,random_two,,,,,,,,,True,0.1,100.0,,,,,True,,,,,,10.0,backward,50.0,,,,,,,,,,,,,,,,,,,,,,,,,,,,,
J30_1.RCP,0,83.67105263157895,0.16721510887145996,PR_backward_random_two_noLS,38,activity_list,1000,0,,,,60.0,random_two,,,,,,,,,True,0.1,100.0,,,,,False,,,,,,10.0,backward,50.0,,,,,,,,,,,,,,,,,,,,,,,,,,,,,
J30_1.RCP,0,73.77631578947368,0.6676607131958008,PR_random_best_withLS,38,activity_list,1000,0,,,,60.0,best,,,,,,,,,True,0.1,100.0,,,,,True,,,,,,10.0,random,50.0,,,,,,,,,,,,,,,,,,,,,,,,,,,,,
J30_1.RCP,0,72.98684210526316,0.6845428943634033,PR_random_best_noLS,38,activity_list,1000,0,,,,60.0,best,,,,,,,,,True,0.1,100.0,,,,,False,,,,,,10.0,random,50.0,,,,,,,,,,,,,,,,,,,,,,,,,,,,,
J30_1.RCP,0,71.40789473684211,0.7007288932800293,PR_random_random_two_withLS,38,activity_list,1000,0,,,,60.0,random_two,,,,,,,,,True,0.1,100.0,,,,,True,,,,,,10.0,random,50.0,,,,,,,,,,,,,,,,,,,,,,,,,,,,,
J30_1.RCP,0,82.35526315789474,0.17796683311462402,PR_random_random_two_noLS,38,activity_list,1000,0,,,,60.0,random_two,,,,,,,,,True,0.1,100.0,,,,,False,,,,,,10.0,random,50.0,,,,,,,,,,,,,,,,,,,,,,,,,,,,,
J30_1.RCP,0,73.0921052631579,0.6660630702972412,PR_bidirectional_best_withLS,38,activity_list,1000,0,,,,60.0,best,,,,,,,,,True,0.1,100.0,,,,,True,,,,,,10.0,bidirectional,50.0,,,,,,,,,,,,,,,,,,,,,,,,,,,,,
J30_1.RCP,0,76.03947368421052,0.6747651100158691,PR_bidirectional_best_noLS,38,activity_list,1000,0,,,,60.0,best,,,,,,,,,True,0.1,100.0,,,,,False,,,,,,10.0,bidirectional,50.0,,,,,,,,,,,,,,,,,,,,,,,,,,,,,
J30_1.RCP,0,73.82894736842105,0.6745250225067139,PR_bidirectional_random_two_withLS,38,activity_list,1000,0,,,,60.0,random_two,,,,,,,,,True,0.1,100.0,,,,,True,,,,,,10.0,bidirectional,50.0,,,,,,,,,,,,,,,,,,,,,,,,,,,,,
J30_1.RCP,0,75.88157894736842,0.2187819480895996,PR_bidirectional_random_two_noLS,38,activity_list,1000,0,,,,60.0,random_two,,,,,,,,,True,0.1,100.0,,,,,False,,,,,,10.0,bidirectional,50.0,,,,,,,,,,,,,,,,,,,,,,,,,,,,,
J30_1.RCP,0,66.67105263157895,0.690147876739502,TS_static,38,activity_list,1000,0,,,,60.0,,,,,,,,,,True,0.1,100.0,,,,,,,,,,,,,,10.0,20.0,True,static,swap,1.0,4.0,10.0,,,,,,,,,,,,,,,,,,,,,
J30_1.RCP,0,66.67105263157895,0.6936297416687012,TS_dynamic,38,activity_list,1000,0,,,,60.0,,,,,,,,,,True,0.1,100.0,,,,,,,,,,,,,,10.0,20.0,True,dynamic,swap,1.0,4.0,10.0,,,,,,,,,,,,,,,,,,,,,
J30_1.RCP,0,82.88157894736842,0.8088259696960449,PSO_none_none,38,activity_list,1000,0,50.0,,,60.0,,,,,,,,none,,True,0.1,,,,,,,,,,,,,,,,,,,,,,,0.729,1.49445,1.49445,none,30.0,,,,,,,,,,,,,,,,
J30_1.RCP,0,82.88157894736842,0.8037660121917725,PSO_none_adaptive,38,activity_list,1000,0,50.0,,,60.0,,,,,,,,none,,True,0.1,,,,,,,,,,,,,,,,,,,,,,,0.729,1.49445,1.49445,adaptive,30.0,,,,,,,,,,,,,,,,
J30_1.RCP,0,82.88157894736842,0.812096118927002,PSO_swap_none,38,activity_list,1000,0,50.0,,,60.0,,,,,,,,swap,,True,0.1,,,,,,,,,,,,,,,,,,,,,,,0.729,1.49445,1.49445,none,30.0,,,,,,,,,,,,,,,,
J30_1.RCP,0,79.46052631578948,0.7778298854827881,PSO_swap_adaptive,38,activity_list,1000,0,50.0,,,60.0,,,,,,,,swap,,True,0.1,,,,,,,,,,,,,,,,,,,,,,,0.729,1.49445,1.49445,adaptive,30.0,,,,,,,,,,,,,,,,
J30_1.RCP,0,80.9342105263158,0.6926641464233398,BA_none,38,activity_list,1000,0,50.0,,,60.0,,,,,,,,none,10.0,True,0.1,,,,,,,,,,,,,,,,,,,,,,,,,,,,0.0,2.0,1.0,0.5,0.9,0.9,,,,,,,,,,
J30_1.RCP,0,66.61842105263158,0.6854021549224854,BA_swap,38,activity_list,1000,0,50.0,,,60.0,,,,,,,,swap,10.0,True,0.1,,,,,,,,,,,,,,,,,,,,,,,,,,,,0.0,2.0,1.0,0.5,0.9,0.9,,,,,,,,,,
J30_1.RCP,0,68.19736842105263,1.164241075515747,HS_fixed_random,38,activity_list,1000,0,,,,60.0,,,,random,,,,,,True,0.1,,,,,,,,,,,,,,,,,,,,,,,,,,,,,,,,,,50.0,0.9,0.3,0.1,0.9,fixed,,,,
J30_1.RCP,0,68.82894736842105,1.1664340496063232,HS_fixed_forward,38,activity_list,1000,0,,,,60.0,,,,forward,,,,,,True,0.1,,,,,,,,,,,,,,,,,,,,,,,,,,,,,,,,,,50.0,0.9,0.3,0.1,0.9,fixed,,,,
J30_1.RCP,0,74.5657894736842,1.2359700202941895,HS_adaptive_random,38,activity_list,1000,0,,,,60.0,,,,random,,,,,,True,0.1,,,,,,,,,,,,,,,,,,,,,,,,,,,,,,,,,,50.0,0.9,0.3,0.1,0.9,adaptive,,,,
J30_1.RCP,0,75.25,1.23598313331604,HS_adaptive_forward,38,activity_list,1000,0,,,,60.0,,,,forward,,,,,,True,0.1,,,,,,,,,,,,,,,,,,,,,,,,,,,,,,,,,,50.0,0.9,0.3,0.1,0.9,adaptive,,,,
J30_1.RCP,0,87.14473684210526,0.6899662017822266,SA_swap,38,activity_list,1000,0,,,,60.0,,,,,,,,,,True,0.1,,,,,,,,,,,,,,,,,,,,,,,,,,,,,,,,,,,,,,,,10000.0,0.995,10.0,swap
J30_1.RCP,0,85.40789473684211,0.6973350048065186,SA_insertion,38,activity_list,1000,0,,,,60.0,,,,,,,,,,True,0.1,,,,,,,,,,,,,,,,,,,,,,,,,,,,,,,,,,,,,,,,10000.0,0.995,10.0,insertion
J30_1.RCP,0,87.14473684210526,0.6943800449371338,SA_inversion,38,activity_list,1000,0,,,,60.0,,,,,,,,,,True,0.1,,,,,,,,,,,,,,,,,,,,,,,,,,,,,,,,,,,,,,,,10000.0,0.995,10.0,inversion
