instance_id,seed,best_objective,runtime,algorithm_name,deadline,param_max_evaluations,param_seed,param_population_size,param_time_limit,param_max_iterations,param_F,param_CR,param_use_adaptive_F,param_use_adaptive_CR,param_mutation_strategy,param_crossover_strategy,param_initialization_strategy,param_use_local_search,param_local_search_top,param_F_min,param_F_max,param_CR_min,param_CR_max,param_K0,param_crossover_rate,param_mutation_rate,param_selection_strategy,param_tournament_size,param_use_repair,param_elitism,param_alpha,param_feasible_lower_rate,param_feasible_upper_rate,param_local_search_interval,param_neighborhood_size,param_initial_temperature,param_cooling_rate,param_iterations_per_temperature,param_perturbation_strength,param_tabu_tenure,param_aspiration_criterion,param_tabu_strategy,param_min_factor,param_max_factor,param_noimprove_threshold,param_elite_size,param_path_strategy,param_local_search_eval_limit,param_G0
J30_1.RCP,0,78.9342105263158,0.1500389575958252,DE_rand/1_adaptiveF_bin_adaptiveCR_withLS,38,1000,0,50.0,60.0,100.0,0.1,0.9,True,True,rand/1,bin,random,True,5.0,0.3,1.5,0.3,1.0,1.0,,,,,,,,,,,,,,,,,,,,,,,,,
J30_1.RCP,1,77.14473684210526,0.14205288887023926,DE_rand/1_adaptiveF_bin_adaptiveCR_withLS,38,1000,1,50.0,60.0,100.0,0.1,0.9,True,True,rand/1,bin,random,True,5.0,0.3,1.5,0.3,1.0,1.0,,,,,,,,,,,,,,,,,,,,,,,,,
J30_1.RCP,0,76.09210526315789,0.13751697540283203,DE_rand/1_adaptiveF_bin_adaptiveCR_noLS,38,1000,0,50.0,60.0,100.0,0.1,0.9,True,True,rand/1,bin,random,False,5.0,0.3,1.5,0.3,1.0,1.0,,,,,,,,,,,,,,,,,,,,,,,,,
J30_1.RCP,1,80.77631578947368,0.13760828971862793,DE_rand/1_adaptiveF_bin_adaptiveCR_noLS,38,1000,1,50.0,60.0,100.0,0.1,0.9,True,True,rand/1,bin,random,False,5.0,0.3,1.5,0.3,1.0,1.0,,,,,,,,,,,,,,,,,,,,,,,,,
J30_1.RCP,0,73.61842105263158,0.1388559341430664,DE_rand/1_adaptiveF_bin_fixedCR_withLS,38,1000,0,50.0,60.0,100.0,0.1,0.9,True,False,rand/1,bin,random,True,5.0,0.3,1.5,0.3,1.0,1.0,,,,,,,,,,,,,,,,,,,,,,,,,
J30_1.RCP,1,79.03947368421052,0.13831496238708496,DE_rand/1_adaptiveF_bin_fixedCR_withLS,38,1000,1,50.0,60.0,100.0,0.1,0.9,True,False,rand/1,bin,random,True,5.0,0.3,1.5,0.3,1.0,1.0,,,,,,,,,,,,,,,,,,,,,,,,,
J30_1.RCP,0,71.51315789473684,0.13785123825073242,DE_rand/1_adaptiveF_bin_fixedCR_noLS,38,1000,0,50.0,60.0,100.0,0.1,0.9,True,False,rand/1,bin,random,False,5.0,0.3,1.5,0.3,1.0,1.0,,,,,,,,,,,,,,,,,,,,,,,,,
J30_1.RCP,1,76.19736842105263,0.13593387603759766,DE_rand/1_adaptiveF_bin_fixedCR_noLS,38,1000,1,50.0,60.0,100.0,0.1,0.9,True,False,rand/1,bin,random,False,5.0,0.3,1.5,0.3,1.0,1.0,,,,,,,,,,,,,,,,,,,,,,,,,
J30_1.RCP,0,78.9342105263158,0.14143991470336914,DE_rand/1_adaptiveF_exp_adaptiveCR_withLS,38,1000,0,50.0,60.0,100.0,0.1,0.9,True,True,rand/1,exp,random,True,5.0,0.3,1.5,0.3,1.0,1.0,,,,,,,,,,,,,,,,,,,,,,,,,
J30_1.RCP,1,79.98684210526316,0.141740083694458,DE_rand/1_adaptiveF_exp_adaptiveCR_withLS,38,1000,1,50.0,60.0,100.0,0.1,0.9,True,True,rand/1,exp,random,True,5.0,0.3,1.5,0.3,1.0,1.0,,,,,,,,,,,,,,,,,,,,,,,,,
J30_1.RCP,0,82.03947368421052,0.13906598091125488,DE_rand/1_adaptiveF_exp_adaptiveCR_noLS,38,1000,0,50.0,60.0,100.0,0.1,0.9,True,True,rand/1,exp,random,False,5.0,0.3,1.5,0.3,1.0,1.0,,,,,,,,,,,,,,,,,,,,,,,,,
J30_1.RCP,1,79.98684210526316,0.13841700553894043,DE_rand/1_adaptiveF_exp_adaptiveCR_noLS,38,1000,1,50.0,60.0,100.0,0.1,0.9,True,True,rand/1,exp,random,False,5.0,0.3,1.5,0.3,1.0,1.0,,,,,,,,,,,,,,,,,,,,,,,,,
J30_1.RCP,0,76.0921052631579,0.1403038501739502,DE_rand/1_adaptiveF_exp_fixedCR_withLS,38,1000,0,50.0,60.0,100.0,0.1,0.9,True,False,rand/1,exp,random,True,5.0,0.3,1.5,0.3,1.0,1.0,,,,,,,,,,,,,,,,,,,,,,,,,
J30_1.RCP,1,74.61842105263158,0.13930296897888184,DE_rand/1_adaptiveF_exp_fixedCR_withLS,38,1000,1,50.0,60.0,100.0,0.1,0.9,True,False,rand/1,exp,random,True,5.0,0.3,1.5,0.3,1.0,1.0,,,,,,,,,,,,,,,,,,,,,,,,,
J30_1.RCP,0,75.9342105263158,0.1378779411315918,DE_rand/1_adaptiveF_exp_fixedCR_noLS,38,1000,0,50.0,60.0,100.0,0.1,0.9,True,False,rand/1,exp,random,False,5.0,0.3,1.5,0.3,1.0,1.0,,,,,,,,,,,,,,,,,,,,,,,,,
J30_1.RCP,1,71.51315789473684,0.13745498657226562,DE_rand/1_adaptiveF_exp_fixedCR_noLS,38,1000,1,50.0,60.0,100.0,0.1,0.9,True,False,rand/1,exp,random,False,5.0,0.3,1.5,0.3,1.0,1.0,,,,,,,,,,,,,,,,,,,,,,,,,
J30_1.RCP,0,79.51315789473684,0.1438601016998291,DE_rand/1_fixedF_bin_adaptiveCR_withLS,38,1000,0,50.0,60.0,100.0,0.1,0.9,False,True,rand/1,bin,random,True,5.0,0.3,1.5,0.3,1.0,1.0,,,,,,,,,,,,,,,,,,,,,,,,,
J30_1.RCP,1,80.67105263157895,0.1424269676208496,DE_rand/1_fixedF_bin_adaptiveCR_withLS,38,1000,1,50.0,60.0,100.0,0.1,0.9,False,True,rand/1,bin,random,True,5.0,0.3,1.5,0.3,1.0,1.0,,,,,,,,,,,,,,,,,,,,,,,,,
J30_1.RCP,0,86.09210526315789,0.1391770839691162,DE_rand/1_fixedF_bin_adaptiveCR_noLS,38,1000,0,50.0,60.0,100.0,0.1,0.9,False,True,rand/1,bin,random,False,5.0,0.3,1.5,0.3,1.0,1.0,,,,,,,,,,,,,,,,,,,,,,,,,
J30_1.RCP,1,87.19736842105264,0.14014601707458496,DE_rand/1_fixedF_bin_adaptiveCR_noLS,38,1000,1,50.0,60.0,100.0,0.1,0.9,False,True,rand/1,bin,random,False,5.0,0.3,1.5,0.3,1.0,1.0,,,,,,,,,,,,,,,,,,,,,,,,,
J30_1.RCP,0,79.40789473684211,0.14123296737670898,DE_rand/1_fixedF_bin_fixedCR_withLS,38,1000,0,50.0,60.0,100.0,0.1,0.9,False,False,rand/1,bin,random,True,5.0,0.3,1.5,0.3,1.0,1.0,,,,,,,,,,,,,,,,,,,,,,,,,
J30_1.RCP,1,74.35526315789474,0.14031291007995605,DE_rand/1_fixedF_bin_fixedCR_withLS,38,1000,1,50.0,60.0,100.0,0.1,0.9,False,False,rand/1,bin,random,True,5.0,0.3,1.5,0.3,1.0,1.0,,,,,,,,,,,,,,,,,,,,,,,,,
J30_1.RCP,0,81.67105263157895,0.1371309757232666,DE_rand/1_fixedF_bin_fixedCR_noLS,38,1000,0,50.0,60.0,100.0,0.1,0.9,False,False,rand/1,bin,random,False,5.0,0.3,1.5,0.3,1.0,1.0,,,,,,,,,,,,,,,,,,,,,,,,,
J30_1.RCP,1,71.77631578947368,0.1370069980621338,DE_rand/1_fixedF_bin_fixedCR_noLS,38,1000,1,50.0,60.0,100.0,0.1,0.9,False,False,rand/1,bin,random,False,5.0,0.3,1.5,0.3,1.0,1.0,,,,,,,,,,,,,,,,,,,,,,,,,
J30_1.RCP,0,85.35526315789474,0.14473295211791992,DE_rand/1_fixedF_exp_adaptiveCR_withLS,38,1000,0,50.0,60.0,100.0,0.1,0.9,False,True,rand/1,exp,random,True,5.0,0.3,1.5,0.3,1.0,1.0,,,,,,,,,,,,,,,,,,,,,,,,,
J30_1.RCP,1,87.14473684210526,0.1445927619934082,DE_rand/1_fixedF_exp_adaptiveCR_withLS,38,1000,1,50.0,60.0,100.0,0.1,0.9,False,True,rand/1,exp,random,True,5.0,0.3,1.5,0.3,1.0,1.0,,,,,,,,,,,,,,,,,,,,,,,,,
J30_1.RCP,0,84.0921052631579,0.14200115203857422,DE_rand/1_fixedF_exp_adaptiveCR_noLS,38,1000,0,50.0,60.0,100.0,0.1,0.9,False,True,rand/1,exp,random,False,5.0,0.3,1.5,0.3,1.0,1.0,,,,,,,,,,,,,,,,,,,,,,,,,
J30_1.RCP,1,73.67105263157895,0.1411900520324707,DE_rand/1_fixedF_exp_adaptiveCR_noLS,38,1000,1,50.0,60.0,100.0,0.1,0.9,False,True,rand/1,exp,random,False,5.0,0.3,1.5,0.3,1.0,1.0,,,,,,,,,,,,,,,,,,,,,,,,,
J30_1.RCP,0,73.98684210526316,0.14344191551208496,DE_rand/1_fixedF_exp_fixedCR_withLS,38,1000,0,50.0,60.0,100.0,0.1,0.9,False,False,rand/1,exp,random,True,5.0,0.3,1.5,0.3,1.0,1.0,,,,,,,,,,,,,,,,,,,,,,,,,
J30_1.RCP,1,84.46052631578948,0.14676403999328613,DE_rand/1_fixedF_exp_fixedCR_withLS,38,1000,1,50.0,60.0,100.0,0.1,0.9,False,False,rand/1,exp,random,True,5.0,0.3,1.5,0.3,1.0,1.0,,,,,,,,,,,,,,,,,,,,,,,,,
J30_1.RCP,0,74.67105263157895,0.14054012298583984,DE_rand/1_fixedF_exp_fixedCR_noLS,38,1000,0,50.0,60.0,100.0,0.1,0.9,False,False,rand/1,exp,random,False,5.0,0.3,1.5,0.3,1.0,1.0,,,,,,,,,,,,,,,,,,,,,,,,,
J30_1.RCP,1,81.25,0.13977980613708496,DE_rand/1_fixedF_exp_fixedCR_noLS,38,1000,1,50.0,60.0,100.0,0.1,0.9,False,False,rand/1,exp,random,False,5.0,0.3,1.5,0.3,1.0,1.0,,,,,,,,,,,,,,,,,,,,,,,,,
J30_1.RCP,0,83.46052631578948,0.1425328254699707,DE_rand/2_adaptiveF_bin_adaptiveCR_withLS,38,1000,0,50.0,60.0,100.0,0.1,0.9,True,True,rand/2,bin,random,True,5.0,0.3,1.5,0.3,1.0,1.0,,,,,,,,,,,,,,,,,,,,,,,,,
J30_1.RCP,1,80.03947368421052,0.14143991470336914,DE_rand/2_adaptiveF_bin_adaptiveCR_withLS,38,1000,1,50.0,60.0,100.0,0.1,0.9,True,True,rand/2,bin,random,True,5.0,0.3,1.5,0.3,1.0,1.0,,,,,,,,,,,,,,,,,,,,,,,,,
J30_1.RCP,0,79.14473684210526,0.14075183868408203,DE_rand/2_adaptiveF_bin_adaptiveCR_noLS,38,1000,0,50.0,60.0,100.0,0.1,0.9,True,True,rand/2,bin,random,False,5.0,0.3,1.5,0.3,1.0,1.0,,,,,,,,,,,,,,,,,,,,,,,,,
J30_1.RCP,1,73.35526315789474,0.13932013511657715,DE_rand/2_adaptiveF_bin_adaptiveCR_noLS,38,1000,1,50.0,60.0,100.0,0.1,0.9,True,True,rand/2,bin,random,False,5.0,0.3,1.5,0.3,1.0,1.0,,,,,,,,,,,,,,,,,,,,,,,,,
J30_1.RCP,0,76.72368421052632,0.14146113395690918,DE_rand/2_adaptiveF_bin_fixedCR_withLS,38,1000,0,50.0,60.0,100.0,0.1,0.9,True,False,rand/2,bin,random,True,5.0,0.3,1.5,0.3,1.0,1.0,,,,,,,,,,,,,,,,,,,,,,,,,
J30_1.RCP,1,75.72368421052632,0.1413559913635254,DE_rand/2_adaptiveF_bin_fixedCR_withLS,38,1000,1,50.0,60.0,100.0,0.1,0.9,True,False,rand/2,bin,random,True,5.0,0.3,1.5,0.3,1.0,1.0,,,,,,,,,,,,,,,,,,,,,,,,,
J30_1.RCP,0,76.19736842105263,0.13964009284973145,DE_rand/2_adaptiveF_bin_fixedCR_noLS,38,1000,0,50.0,60.0,100.0,0.1,0.9,True,False,rand/2,bin,random,False,5.0,0.3,1.5,0.3,1.0,1.0,,,,,,,,,,,,,,,,,,,,,,,,,
J30_1.RCP,1,74.19736842105263,0.13915181159973145,DE_rand/2_adaptiveF_bin_fixedCR_noLS,38,1000,1,50.0,60.0,100.0,0.1,0.9,True,False,rand/2,bin,random,False,5.0,0.3,1.5,0.3,1.0,1.0,,,,,,,,,,,,,,,,,,,,,,,,,
J30_1.RCP,0,77.0921052631579,0.14450311660766602,DE_rand/2_adaptiveF_exp_adaptiveCR_withLS,38,1000,0,50.0,60.0,100.0,0.1,0.9,True,True,rand/2,exp,random,True,5.0,0.3,1.5,0.3,1.0,1.0,,,,,,,,,,,,,,,,,,,,,,,,,
J30_1.RCP,1,82.67105263157895,0.14403915405273438,DE_rand/2_adaptiveF_exp_adaptiveCR_withLS,38,1000,1,50.0,60.0,100.0,0.1,0.9,True,True,rand/2,exp,random,True,5.0,0.3,1.5,0.3,1.0,1.0,,,,,,,,,,,,,,,,,,,,,,,,,
J30_1.RCP,0,75.9342105263158,0.14203906059265137,DE_rand/2_adaptiveF_exp_adaptiveCR_noLS,38,1000,0,50.0,60.0,100.0,0.1,0.9,True,True,rand/2,exp,random,False,5.0,0.3,1.5,0.3,1.0,1.0,,,,,,,,,,,,,,,,,,,,,,,,,
J30_1.RCP,1,78.61842105263158,0.14137005805969238,DE_rand/2_adaptiveF_exp_adaptiveCR_noLS,38,1000,1,50.0,60.0,100.0,0.1,0.9,True,True,rand/2,exp,random,False,5.0,0.3,1.5,0.3,1.0,1.0,,,,,,,,,,,,,,,,,,,,,,,,,
J30_1.RCP,0,75.30263157894737,0.14635276794433594,DE_rand/2_adaptiveF_exp_fixedCR_withLS,38,1000,0,50.0,60.0,100.0,0.1,0.9,True,False,rand/2,exp,random,True,5.0,0.3,1.5,0.3,1.0,1.0,,,,,,,,,,,,,,,,,,,,,,,,,
J30_1.RCP,1,77.9342105263158,0.14431118965148926,DE_rand/2_adaptiveF_exp_fixedCR_withLS,38,1000,1,50.0,60.0,100.0,0.1,0.9,True,False,rand/2,exp,random,True,5.0,0.3,1.5,0.3,1.0,1.0,,,,,,,,,,,,,,,,,,,,,,,,,
J30_1.RCP,0,74.5657894736842,0.15222501754760742,DE_rand/2_adaptiveF_exp_fixedCR_noLS,38,1000,0,50.0,60.0,100.0,0.1,0.9,True,False,rand/2,exp,random,False,5.0,0.3,1.5,0.3,1.0,1.0,,,,,,,,,,,,,,,,,,,,,,,,,
J30_1.RCP,1,74.19736842105263,0.14261889457702637,DE_rand/2_adaptiveF_exp_fixedCR_noLS,38,1000,1,50.0,60.0,100.0,0.1,0.9,True,False,rand/2,exp,random,False,5.0,0.3,1.5,0.3,1.0,1.0,,,,,,,,,,,,,,,,,,,,,,,,,
J30_1.RCP,0,81.98684210526316,0.14925193786621094,DE_rand/2_fixedF_bin_adaptiveCR_withLS,38,1000,0,50.0,60.0,100.0,0.1,0.9,False,True,rand/2,bin,random,True,5.0,0.3,1.5,0.3,1.0,1.0,,,,,,,,,,,,,,,,,,,,,,,,,
J30_1.RCP,1,80.5657894736842,0.14860081672668457,DE_rand/2_fixedF_bin_adaptiveCR_withLS,38,1000,1,50.0,60.0,100.0,0.1,0.9,False,True,rand/2,bin,random,True,5.0,0.3,1.5,0.3,1.0,1.0,,,,,,,,,,,,,,,,,,,,,,,,,
J30_1.RCP,0,80.82894736842107,0.1443929672241211,DE_rand/2_fixedF_bin_adaptiveCR_noLS,38,1000,0,50.0,60.0,100.0,0.1,0.9,False,True,rand/2,bin,random,False,5.0,0.3,1.5,0.3,1.0,1.0,,,,,,,,,,,,,,,,,,,,,,,,,
J30_1.RCP,1,80.72368421052632,0.14456892013549805,DE_rand/2_fixedF_bin_adaptiveCR_noLS,38,1000,1,50.0,60.0,100.0,0.1,0.9,False,True,rand/2,bin,random,False,5.0,0.3,1.5,0.3,1.0,1.0,,,,,,,,,,,,,,,,,,,,,,,,,
J30_1.RCP,0,76.72368421052632,0.14623212814331055,DE_rand/2_fixedF_bin_fixedCR_withLS,38,1000,0,50.0,60.0,100.0,0.1,0.9,False,False,rand/2,bin,random,True,5.0,0.3,1.5,0.3,1.0,1.0,,,,,,,,,,,,,,,,,,,,,,,,,
J30_1.RCP,1,80.30263157894737,0.14547204971313477,DE_rand/2_fixedF_bin_fixedCR_withLS,38,1000,1,50.0,60.0,100.0,0.1,0.9,False,False,rand/2,bin,random,True,5.0,0.3,1.5,0.3,1.0,1.0,,,,,,,,,,,,,,,,,,,,,,,,,
J30_1.RCP,0,79.9342105263158,0.1411147117614746,DE_rand/2_fixedF_bin_fixedCR_noLS,38,1000,0,50.0,60.0,100.0,0.1,0.9,False,False,rand/2,bin,random,False,5.0,0.3,1.5,0.3,1.0,1.0,,,,,,,,,,,,,,,,,,,,,,,,,
J30_1.RCP,1,77.46052631578948,0.1450328826904297,DE_rand/2_fixedF_bin_fixedCR_noLS,38,1000,1,50.0,60.0,100.0,0.1,0.9,False,False,rand/2,bin,random,False,5.0,0.3,1.5,0.3,1.0,1.0,,,,,,,,,,,,,,,,,,,,,,,,,
J30_1.RCP,0,77.35526315789474,0.15113615989685059,DE_rand/2_fixedF_exp_adaptiveCR_withLS,38,1000,0,50.0,60.0,100.0,0.1,0.9,False,True,rand/2,exp,random,True,5.0,0.3,1.5,0.3,1.0,1.0,,,,,,,,,,,,,,,,,,,,,,,,,
J30_1.RCP,1,83.67105263157895,0.15146589279174805,DE_rand/2_fixedF_exp_adaptiveCR_withLS,38,1000,1,50.0,60.0,100.0,0.1,0.9,False,True,rand/2,exp,random,True,5.0,0.3,1.5,0.3,1.0,1.0,,,,,,,,,,,,,,,,,,,,,,,,,
J30_1.RCP,0,80.09210526315789,0.15710210800170898,DE_rand/2_fixedF_exp_adaptiveCR_noLS,38,1000,0,50.0,60.0,100.0,0.1,0.9,False,True,rand/2,exp,random,False,5.0,0.3,1.5,0.3,1.0,1.0,,,,,,,,,,,,,,,,,,,,,,,,,
J30_1.RCP,1,82.72368421052632,0.1492140293121338,DE_rand/2_fixedF_exp_adaptiveCR_noLS,38,1000,1,50.0,60.0,100.0,0.1,0.9,False,True,rand/2,exp,random,False,5.0,0.3,1.5,0.3,1.0,1.0,,,,,,,,,,,,,,,,,,,,,,,,,
J30_1.RCP,0,72.72368421052632,0.14843297004699707,DE_rand/2_fixedF_exp_fixedCR_withLS,38,1000,0,50.0,60.0,100.0,0.1,0.9,False,False,rand/2,exp,random,True,5.0,0.3,1.5,0.3,1.0,1.0,,,,,,,,,,,,,,,,,,,,,,,,,
J30_1.RCP,1,81.82894736842107,0.14767003059387207,DE_rand/2_fixedF_exp_fixedCR_withLS,38,1000,1,50.0,60.0,100.0,0.1,0.9,False,False,rand/2,exp,random,True,5.0,0.3,1.5,0.3,1.0,1.0,,,,,,,,,,,,,,,,,,,,,,,,,
J30_1.RCP,0,74.9342105263158,0.1437230110168457,DE_rand/2_fixedF_exp_fixedCR_noLS,38,1000,0,50.0,60.0,100.0,0.1,0.9,False,False,rand/2,exp,random,False,5.0,0.3,1.5,0.3,1.0,1.0,,,,,,,,,,,,,,,,,,,,,,,,,
J30_1.RCP,1,80.82894736842105,0.1423048973083496,DE_rand/2_fixedF_exp_fixedCR_noLS,38,1000,1,50.0,60.0,100.0,0.1,0.9,False,False,rand/2,exp,random,False,5.0,0.3,1.5,0.3,1.0,1.0,,,,,,,,,,,,,,,,,,,,,,,,,
J30_1.RCP,0,78.03947368421053,0.14664983749389648,DE_best/1_adaptiveF_bin_adaptiveCR_withLS,38,1000,0,50.0,60.0,100.0,0.1,0.9,True,True,best/1,bin,random,True,5.0,0.3,1.5,0.3,1.0,1.0,,,,,,,,,,,,,,,,,,,,,,,,,
J30_1.RCP,1,81.77631578947368,0.14708209037780762,DE_best/1_adaptiveF_bin_adaptiveCR_withLS,38,1000,1,50.0,60.0,100.0,0.1,0.9,True,True,best/1,bin,random,True,5.0,0.3,1.5,0.3,1.0,1.0,,,,,,,,,,,,,,,,,,,,,,,,,
J30_1.RCP,0,70.51315789473684,0.15080809593200684,DE_best/1_adaptiveF_bin_adaptiveCR_noLS,38,1000,0,50.0,60.0,100.0,0.1,0.9,True,True,best/1,bin,random,False,5.0,0.3,1.5,0.3,1.0,1.0,,,,,,,,,,,,,,,,,,,,,,,,,
J30_1.RCP,1,75.46052631578948,0.14359092712402344,DE_best/1_adaptiveF_bin_adaptiveCR_noLS,38,1000,1,50.0,60.0,100.0,0.1,0.9,True,True,best/1,bin,random,False,5.0,0.3,1.5,0.3,1.0,1.0,,,,,,,,,,,,,,,,,,,,,,,,,
J30_1.RCP,0,71.03947368421052,0.14099907875061035,DE_best/1_adaptiveF_bin_fixedCR_withLS,38,1000,0,50.0,60.0,100.0,0.1,0.9,True,False,best/1,bin,random,True,5.0,0.3,1.5,0.3,1.0,1.0,,,,,,,,,,,,,,,,,,,,,,,,,
J30_1.RCP,1,66.98684210526316,0.13925480842590332,DE_best/1_adaptiveF_bin_fixedCR_withLS,38,1000,1,50.0,60.0,100.0,0.1,0.9,True,False,best/1,bin,random,True,5.0,0.3,1.5,0.3,1.0,1.0,,,,,,,,,,,,,,,,,,,,,,,,,
J30_1.RCP,0,67.72368421052632,0.14265823364257812,DE_best/1_adaptiveF_bin_fixedCR_noLS,38,1000,0,50.0,60.0,100.0,0.1,0.9,True,False,best/1,bin,random,False,5.0,0.3,1.5,0.3,1.0,1.0,,,,,,,,,,,,,,,,,,,,,,,,,
J30_1.RCP,1,68.77631578947368,0.13871216773986816,DE_best/1_adaptiveF_bin_fixedCR_noLS,38,1000,1,50.0,60.0,100.0,0.1,0.9,True,False,best/1,bin,random,False,5.0,0.3,1.5,0.3,1.0,1.0,,,,,,,,,,,,,,,,,,,,,,,,,
J30_1.RCP,0,81.98684210526316,0.1879100799560547,DE_best/1_adaptiveF_exp_adaptiveCR_withLS,38,1000,0,50.0,60.0,100.0,0.1,0.9,True,True,best/1,exp,random,True,5.0,0.3,1.5,0.3,1.0,1.0,,,,,,,,,,,,,,,,,,,,,,,,,
J30_1.RCP,1,79.30263157894737,0.1488170623779297,DE_best/1_adaptiveF_exp_adaptiveCR_withLS,38,1000,1,50.0,60.0,100.0,0.1,0.9,True,True,best/1,exp,random,True,5.0,0.3,1.5,0.3,1.0,1.0,,,,,,,,,,,,,,,,,,,,,,,,,
J30_1.RCP,0,74.46052631578948,0.1454308032989502,DE_best/1_adaptiveF_exp_adaptiveCR_noLS,38,1000,0,50.0,60.0,100.0,0.1,0.9,True,True,best/1,exp,random,False,5.0,0.3,1.5,0.3,1.0,1.0,,,,,,,,,,,,,,,,,,,,,,,,,
J30_1.RCP,1,75.98684210526316,0.142228364944458,DE_best/1_adaptiveF_exp_adaptiveCR_noLS,38,1000,1,50.0,60.0,100.0,0.1,0.9,True,True,best/1,exp,random,False,5.0,0.3,1.5,0.3,1.0,1.0,,,,,,,,,,,,,,,,,,,,,,,,,
J30_1.RCP,0,71.19736842105263,0.1431729793548584,DE_best/1_adaptiveF_exp_fixedCR_withLS,38,1000,0,50.0,60.0,100.0,0.1,0.9,True,False,best/1,exp,random,True,5.0,0.3,1.5,0.3,1.0,1.0,,,,,,,,,,,,,,,,,,,,,,,,,
J30_1.RCP,1,69.7763157894737,0.1419670581817627,DE_best/1_adaptiveF_exp_fixedCR_withLS,38,1000,1,50.0,60.0,100.0,0.1,0.9,True,False,best/1,exp,random,True,5.0,0.3,1.5,0.3,1.0,1.0,,,,,,,,,,,,,,,,,,,,,,,,,
J30_1.RCP,0,70.98684210526316,0.14075398445129395,DE_best/1_adaptiveF_exp_fixedCR_noLS,38,1000,0,50.0,60.0,100.0,0.1,0.9,True,False,best/1,exp,random,False,5.0,0.3,1.5,0.3,1.0,1.0,,,,,,,,,,,,,,,,,,,,,,,,,
J30_1.RCP,1,67.77631578947368,0.14105701446533203,DE_best/1_adaptiveF_exp_fixedCR_noLS,38,1000,1,50.0,60.0,100.0,0.1,0.9,True,False,best/1,exp,random,False,5.0,0.3,1.5,0.3,1.0,1.0,,,,,,,,,,,,,,,,,,,,,,,,,
J30_1.RCP,0,75.51315789473684,0.14647698402404785,DE_best/1_fixedF_bin_adaptiveCR_withLS,38,1000,0,50.0,60.0,100.0,0.1,0.9,False,True,best/1,bin,random,True,5.0,0.3,1.5,0.3,1.0,1.0,,,,,,,,,,,,,,,,,,,,,,,,,
J30_1.RCP,1,69.98684210526316,0.14658808708190918,DE_best/1_fixedF_bin_adaptiveCR_withLS,38,1000,1,50.0,60.0,100.0,0.1,0.9,False,True,best/1,bin,random,True,5.0,0.3,1.5,0.3,1.0,1.0,,,,,,,,,,,,,,,,,,,,,,,,,
J30_1.RCP,0,70.5657894736842,0.14223098754882812,DE_best/1_fixedF_bin_adaptiveCR_noLS,38,1000,0,50.0,60.0,100.0,0.1,0.9,False,True,best/1,bin,random,False,5.0,0.3,1.5,0.3,1.0,1.0,,,,,,,,,,,,,,,,,,,,,,,,,
J30_1.RCP,1,69.46052631578948,0.14038896560668945,DE_best/1_fixedF_bin_adaptiveCR_noLS,38,1000,1,50.0,60.0,100.0,0.1,0.9,False,True,best/1,bin,random,False,5.0,0.3,1.5,0.3,1.0,1.0,,,,,,,,,,,,,,,,,,,,,,,,,
J30_1.RCP,0,70.61842105263158,0.14203596115112305,DE_best/1_fixedF_bin_fixedCR_withLS,38,1000,0,50.0,60.0,100.0,0.1,0.9,False,False,best/1,bin,random,True,5.0,0.3,1.5,0.3,1.0,1.0,,,,,,,,,,,,,,,,,,,,,,,,,
J30_1.RCP,1,68.67105263157895,0.14177370071411133,DE_best/1_fixedF_bin_fixedCR_withLS,38,1000,1,50.0,60.0,100.0,0.1,0.9,False,False,best/1,bin,random,True,5.0,0.3,1.5,0.3,1.0,1.0,,,,,,,,,,,,,,,,,,,,,,,,,
J30_1.RCP,0,68.82894736842105,0.13808012008666992,DE_best/1_fixedF_bin_fixedCR_noLS,38,1000,0,50.0,60.0,100.0,0.1,0.9,False,False,best/1,bin,random,False,5.0,0.3,1.5,0.3,1.0,1.0,,,,,,,,,,,,,,,,,,,,,,,,,
J30_1.RCP,1,73.67105263157895,0.13747668266296387,DE_best/1_fixedF_bin_fixedCR_noLS,38,1000,1,50.0,60.0,100.0,0.1,0.9,False,False,best/1,bin,random,False,5.0,0.3,1.5,0.3,1.0,1.0,,,,,,,,,,,,,,,,,,,,,,,,,
J30_1.RCP,0,78.19736842105263,0.15381097793579102,DE_best/1_fixedF_exp_adaptiveCR_withLS,38,1000,0,50.0,60.0,100.0,0.1,0.9,False,True,best/1,exp,random,True,5.0,0.3,1.5,0.3,1.0,1.0,,,,,,,,,,,,,,,,,,,,,,,,,
J30_1.RCP,1,71.25,0.15503787994384766,DE_best/1_fixedF_exp_adaptiveCR_withLS,38,1000,1,50.0,60.0,100.0,0.1,0.9,False,True,best/1,exp,random,True,5.0,0.3,1.5,0.3,1.0,1.0,,,,,,,,,,,,,,,,,,,,,,,,,
J30_1.RCP,0,75.72368421052632,0.14520692825317383,DE_best/1_fixedF_exp_adaptiveCR_noLS,38,1000,0,50.0,60.0,100.0,0.1,0.9,False,True,best/1,exp,random,False,5.0,0.3,1.5,0.3,1.0,1.0,,,,,,,,,,,,,,,,,,,,,,,,,
J30_1.RCP,1,71.03947368421052,0.14368677139282227,DE_best/1_fixedF_exp_adaptiveCR_noLS,38,1000,1,50.0,60.0,100.0,0.1,0.9,False,True,best/1,exp,random,False,5.0,0.3,1.5,0.3,1.0,1.0,,,,,,,,,,,,,,,,,,,,,,,,,
J30_1.RCP,0,72.5657894736842,0.14423418045043945,DE_best/1_fixedF_exp_fixedCR_withLS,38,1000,0,50.0,60.0,100.0,0.1,0.9,False,False,best/1,exp,random,True,5.0,0.3,1.5,0.3,1.0,1.0,,,,,,,,,,,,,,,,,,,,,,,,,
J30_1.RCP,1,69.9342105263158,0.14332318305969238,DE_best/1_fixedF_exp_fixedCR_withLS,38,1000,1,50.0,60.0,100.0,0.1,0.9,False,False,best/1,exp,random,True,5.0,0.3,1.5,0.3,1.0,1.0,,,,,,,,,,,,,,,,,,,,,,,,,
J30_1.RCP,0,70.77631578947368,0.13916873931884766,DE_best/1_fixedF_exp_fixedCR_noLS,38,1000,0,50.0,60.0,100.0,0.1,0.9,False,False,best/1,exp,random,False,5.0,0.3,1.5,0.3,1.0,1.0,,,,,,,,,,,,,,,,,,,,,,,,,
J30_1.RCP,1,69.61842105263158,0.13927197456359863,DE_best/1_fixedF_exp_fixedCR_noLS,38,1000,1,50.0,60.0,100.0,0.1,0.9,False,False,best/1,exp,random,False,5.0,0.3,1.5,0.3,1.0,1.0,,,,,,,,,,,,,,,,,,,,,,,,,
J30_1.RCP,0,78.77631578947368,0.14409613609313965,DE_best/2_adaptiveF_bin_adaptiveCR_withLS,38,1000,0,50.0,60.0,100.0,0.1,0.9,True,True,best/2,bin,random,True,5.0,0.3,1.5,0.3,1.0,1.0,,,,,,,,,,,,,,,,,,,,,,,,,
J30_1.RCP,1,79.0921052631579,0.14353609085083008,DE_best/2_adaptiveF_bin_adaptiveCR_withLS,38,1000,1,50.0,60.0,100.0,0.1,0.9,True,True,best/2,bin,random,True,5.0,0.3,1.5,0.3,1.0,1.0,,,,,,,,,,,,,,,,,,,,,,,,,
J30_1.RCP,0,76.40789473684211,0.14173078536987305,DE_best/2_adaptiveF_bin_adaptiveCR_noLS,38,1000,0,50.0,60.0,100.0,0.1,0.9,True,True,best/2,bin,random,False,5.0,0.3,1.5,0.3,1.0,1.0,,,,,,,,,,,,,,,,,,,,,,,,,
J30_1.RCP,1,76.67105263157895,0.14191794395446777,DE_best/2_adaptiveF_bin_adaptiveCR_noLS,38,1000,1,50.0,60.0,100.0,0.1,0.9,True,True,best/2,bin,random,False,5.0,0.3,1.5,0.3,1.0,1.0,,,,,,,,,,,,,,,,,,,,,,,,,
J30_1.RCP,0,73.51315789473684,0.1429760456085205,DE_best/2_adaptiveF_bin_fixedCR_withLS,38,1000,0,50.0,60.0,100.0,0.1,0.9,True,False,best/2,bin,random,True,5.0,0.3,1.5,0.3,1.0,1.0,,,,,,,,,,,,,,,,,,,,,,,,,
J30_1.RCP,1,75.25,0.1442408561706543,DE_best/2_adaptiveF_bin_fixedCR_withLS,38,1000,1,50.0,60.0,100.0,0.1,0.9,True,False,best/2,bin,random,True,5.0,0.3,1.5,0.3,1.0,1.0,,,,,,,,,,,,,,,,,,,,,,,,,
J30_1.RCP,0,70.09210526315789,0.14167189598083496,DE_best/2_adaptiveF_bin_fixedCR_noLS,38,1000,0,50.0,60.0,100.0,0.1,0.9,True,False,best/2,bin,random,False,5.0,0.3,1.5,0.3,1.0,1.0,,,,,,,,,,,,,,,,,,,,,,,,,
J30_1.RCP,1,75.30263157894737,0.14069890975952148,DE_best/2_adaptiveF_bin_fixedCR_noLS,38,1000,1,50.0,60.0,100.0,0.1,0.9,True,False,best/2,bin,random,False,5.0,0.3,1.5,0.3,1.0,1.0,,,,,,,,,,,,,,,,,,,,,,,,,
J30_1.RCP,0,82.03947368421052,0.1465599536895752,DE_best/2_adaptiveF_exp_adaptiveCR_withLS,38,1000,0,50.0,60.0,100.0,0.1,0.9,True,True,best/2,exp,random,True,5.0,0.3,1.5,0.3,1.0,1.0,,,,,,,,,,,,,,,,,,,,,,,,,
J30_1.RCP,1,76.88157894736842,0.14466595649719238,DE_best/2_adaptiveF_exp_adaptiveCR_withLS,38,1000,1,50.0,60.0,100.0,0.1,0.9,True,True,best/2,exp,random,True,5.0,0.3,1.5,0.3,1.0,1.0,,,,,,,,,,,,,,,,,,,,,,,,,
J30_1.RCP,0,74.61842105263158,0.14541196823120117,DE_best/2_adaptiveF_exp_adaptiveCR_noLS,38,1000,0,50.0,60.0,100.0,0.1,0.9,True,True,best/2,exp,random,False,5.0,0.3,1.5,0.3,1.0,1.0,,,,,,,,,,,,,,,,,,,,,,,,,
J30_1.RCP,1,80.30263157894737,0.14354467391967773,DE_best/2_adaptiveF_exp_adaptiveCR_noLS,38,1000,1,50.0,60.0,100.0,0.1,0.9,True,True,best/2,exp,random,False,5.0,0.3,1.5,0.3,1.0,1.0,,,,,,,,,,,,,,,,,,,,,,,,,
J30_1.RCP,0,81.09210526315789,0.14492416381835938,DE_best/2_adaptiveF_exp_fixedCR_withLS,38,1000,0,50.0,60.0,100.0,0.1,0.9,True,False,best/2,exp,random,True,5.0,0.3,1.5,0.3,1.0,1.0,,,,,,,,,,,,,,,,,,,,,,,,,
J30_1.RCP,1,65.61842105263158,0.14476394653320312,DE_best/2_adaptiveF_exp_fixedCR_withLS,38,1000,1,50.0,60.0,100.0,0.1,0.9,True,False,best/2,exp,random,True,5.0,0.3,1.5,0.3,1.0,1.0,,,,,,,,,,,,,,,,,,,,,,,,,
J30_1.RCP,0,68.46052631578948,0.14434409141540527,DE_best/2_adaptiveF_exp_fixedCR_noLS,38,1000,0,50.0,60.0,100.0,0.1,0.9,True,False,best/2,exp,random,False,5.0,0.3,1.5,0.3,1.0,1.0,,,,,,,,,,,,,,,,,,,,,,,,,
J30_1.RCP,1,67.46052631578948,0.14480280876159668,DE_best/2_adaptiveF_exp_fixedCR_noLS,38,1000,1,50.0,60.0,100.0,0.1,0.9,True,False,best/2,exp,random,False,5.0,0.3,1.5,0.3,1.0,1.0,,,,,,,,,,,,,,,,,,,,,,,,,
J30_1.RCP,0,72.72368421052632,0.1522367000579834,DE_best/2_fixedF_bin_adaptiveCR_withLS,38,1000,0,50.0,60.0,100.0,0.1,0.9,False,True,best/2,bin,random,True,5.0,0.3,1.5,0.3,1.0,1.0,,,,,,,,,,,,,,,,,,,,,,,,,
J30_1.RCP,1,78.77631578947368,0.15093016624450684,DE_best/2_fixedF_bin_adaptiveCR_withLS,38,1000,1,50.0,60.0,100.0,0.1,0.9,False,True,best/2,bin,random,True,5.0,0.3,1.5,0.3,1.0,1.0,,,,,,,,,,,,,,,,,,,,,,,,,
J30_1.RCP,0,68.88157894736842,0.1460590362548828,DE_best/2_fixedF_bin_adaptiveCR_noLS,38,1000,0,50.0,60.0,100.0,0.1,0.9,False,True,best/2,bin,random,False,5.0,0.3,1.5,0.3,1.0,1.0,,,,,,,,,,,,,,,,,,,,,,,,,
J30_1.RCP,1,75.35526315789474,0.14588594436645508,DE_best/2_fixedF_bin_adaptiveCR_noLS,38,1000,1,50.0,60.0,100.0,0.1,0.9,False,True,best/2,bin,random,False,5.0,0.3,1.5,0.3,1.0,1.0,,,,,,,,,,,,,,,,,,,,,,,,,
J30_1.RCP,0,71.30263157894737,0.1468360424041748,DE_best/2_fixedF_bin_fixedCR_withLS,38,1000,0,50.0,60.0,100.0,0.1,0.9,False,False,best/2,bin,random,True,5.0,0.3,1.5,0.3,1.0,1.0,,,,,,,,,,,,,,,,,,,,,,,,,
J30_1.RCP,1,69.03947368421052,0.14577174186706543,DE_best/2_fixedF_bin_fixedCR_withLS,38,1000,1,50.0,60.0,100.0,0.1,0.9,False,False,best/2,bin,random,True,5.0,0.3,1.5,0.3,1.0,1.0,,,,,,,,,,,,,,,,,,,,,,,,,
J30_1.RCP,0,67.35526315789474,0.14098620414733887,DE_best/2_fixedF_bin_fixedCR_noLS,38,1000,0,50.0,60.0,100.0,0.1,0.9,False,False,best/2,bin,random,False,5.0,0.3,1.5,0.3,1.0,1.0,,,,,,,,,,,,,,,,,,,,,,,,,
J30_1.RCP,1,68.19736842105263,0.14236187934875488,DE_best/2_fixedF_bin_fixedCR_noLS,38,1000,1,50.0,60.0,100.0,0.1,0.9,False,False,best/2,bin,random,False,5.0,0.3,1.5,0.3,1.0,1.0,,,,,,,,,,,,,,,,,,,,,,,,,
J30_1.RCP,0,76.40789473684212,0.1538538932800293,DE_best/2_fixedF_exp_adaptiveCR_withLS,38,1000,0,50.0,60.0,100.0,0.1,0.9,False,True,best/2,exp,random,True,5.0,0.3,1.5,0.3,1.0,1.0,,,,,,,,,,,,,,,,,,,,,,,,,
J30_1.RCP,1,75.72368421052632,0.15474772453308105,DE_best/2_fixedF_exp_adaptiveCR_withLS,38,1000,1,50.0,60.0,100.0,0.1,0.9,False,True,best/2,exp,random,True,5.0,0.3,1.5,0.3,1.0,1.0,,,,,,,,,,,,,,,,,,,,,,,,,
J30_1.RCP,0,69.19736842105263,0.14818906784057617,DE_best/2_fixedF_exp_adaptiveCR_noLS,38,1000,0,50.0,60.0,100.0,0.1,0.9,False,True,best/2,exp,random,False,5.0,0.3,1.5,0.3,1.0,1.0,,,,,,,,,,,,,,,,,,,,,,,,,
J30_1.RCP,1,71.40789473684211,0.1468639373779297,DE_best/2_fixedF_exp_adaptiveCR_noLS,38,1000,1,50.0,60.0,100.0,0.1,0.9,False,True,best/2,exp,random,False,5.0,0.3,1.5,0.3,1.0,1.0,,,,,,,,,,,,,,,,,,,,,,,,,
J30_1.RCP,0,71.72368421052632,0.14770102500915527,DE_best/2_fixedF_exp_fixedCR_withLS,38,1000,0,50.0,60.0,100.0,0.1,0.9,False,False,best/2,exp,random,True,5.0,0.3,1.5,0.3,1.0,1.0,,,,,,,,,,,,,,,,,,,,,,,,,
J30_1.RCP,1,65.9342105263158,0.14809679985046387,DE_best/2_fixedF_exp_fixedCR_withLS,38,1000,1,50.0,60.0,100.0,0.1,0.9,False,False,best/2,exp,random,True,5.0,0.3,1.5,0.3,1.0,1.0,,,,,,,,,,,,,,,,,,,,,,,,,
J30_1.RCP,0,68.14473684210525,0.14183616638183594,DE_best/2_fixedF_exp_fixedCR_noLS,38,1000,0,50.0,60.0,100.0,0.1,0.9,False,False,best/2,exp,random,False,5.0,0.3,1.5,0.3,1.0,1.0,,,,,,,,,,,,,,,,,,,,,,,,,
J30_1.RCP,1,61.88157894736842,0.1425468921661377,DE_best/2_fixedF_exp_fixedCR_noLS,38,1000,1,50.0,60.0,100.0,0.1,0.9,False,False,best/2,exp,random,False,5.0,0.3,1.5,0.3,1.0,1.0,,,,,,,,,,,,,,,,,,,,,,,,,
J30_1.RCP,0,81.82894736842105,0.14148807525634766,DE_adaptive_bin_adaptiveCR_withLS,38,1000,0,50.0,60.0,100.0,0.1,0.9,True,True,adaptive,bin,random,True,5.0,0.3,1.5,0.3,1.0,1.0,,,,,,,,,,,,,,,,,,,,,,,,,
J30_1.RCP,1,79.46052631578948,0.13992595672607422,DE_adaptive_bin_adaptiveCR_withLS,38,1000,1,50.0,60.0,100.0,0.1,0.9,True,True,adaptive,bin,random,True,5.0,0.3,1.5,0.3,1.0,1.0,,,,,,,,,,,,,,,,,,,,,,,,,
J30_1.RCP,0,84.03947368421052,0.13872790336608887,DE_adaptive_bin_adaptiveCR_noLS,38,1000,0,50.0,60.0,100.0,0.1,0.9,True,True,adaptive,bin,random,False,5.0,0.3,1.5,0.3,1.0,1.0,,,,,,,,,,,,,,,,,,,,,,,,,
J30_1.RCP,1,77.25,0.13886690139770508,DE_adaptive_bin_adaptiveCR_noLS,38,1000,1,50.0,60.0,100.0,0.1,0.9,True,True,adaptive,bin,random,False,5.0,0.3,1.5,0.3,1.0,1.0,,,,,,,,,,,,,,,,,,,,,,,,,
J30_1.RCP,0,79.35526315789474,0.13945794105529785,DE_adaptive_bin_fixedCR_withLS,38,1000,0,50.0,60.0,100.0,0.1,0.9,True,False,adaptive,bin,random,True,5.0,0.3,1.5,0.3,1.0,1.0,,,,,,,,,,,,,,,,,,,,,,,,,
J30_1.RCP,1,78.72368421052632,0.13948607444763184,DE_adaptive_bin_fixedCR_withLS,38,1000,1,50.0,60.0,100.0,0.1,0.9,True,False,adaptive,bin,random,True,5.0,0.3,1.5,0.3,1.0,1.0,,,,,,,,,,,,,,,,,,,,,,,,,
J30_1.RCP,0,76.82894736842105,0.13760924339294434,DE_adaptive_bin_fixedCR_noLS,38,1000,0,50.0,60.0,100.0,0.1,0.9,True,False,adaptive,bin,random,False,5.0,0.3,1.5,0.3,1.0,1.0,,,,,,,,,,,,,,,,,,,,,,,,,
J30_1.RCP,1,68.98684210526316,0.13779211044311523,DE_adaptive_bin_fixedCR_noLS,38,1000,1,50.0,60.0,100.0,0.1,0.9,True,False,adaptive,bin,random,False,5.0,0.3,1.5,0.3,1.0,1.0,,,,,,,,,,,,,,,,,,,,,,,,,
J30_1.RCP,0,81.25,0.15131783485412598,DE_adaptive_exp_adaptiveCR_withLS,38,1000,0,50.0,60.0,100.0,0.1,0.9,True,True,adaptive,exp,random,True,5.0,0.3,1.5,0.3,1.0,1.0,,,,,,,,,,,,,,,,,,,,,,,,,
J30_1.RCP,1,79.09210526315789,0.14373111724853516,DE_adaptive_exp_adaptiveCR_withLS,38,1000,1,50.0,60.0,100.0,0.1,0.9,True,True,adaptive,exp,random,True,5.0,0.3,1.5,0.3,1.0,1.0,,,,,,,,,,,,,,,,,,,,,,,,,
J30_1.RCP,0,80.98684210526316,0.1424870491027832,DE_adaptive_exp_adaptiveCR_noLS,38,1000,0,50.0,60.0,100.0,0.1,0.9,True,True,adaptive,exp,random,False,5.0,0.3,1.5,0.3,1.0,1.0,,,,,,,,,,,,,,,,,,,,,,,,,
J30_1.RCP,1,77.35526315789474,0.1417398452758789,DE_adaptive_exp_adaptiveCR_noLS,38,1000,1,50.0,60.0,100.0,0.1,0.9,True,True,adaptive,exp,random,False,5.0,0.3,1.5,0.3,1.0,1.0,,,,,,,,,,,,,,,,,,,,,,,,,
J30_1.RCP,0,80.14473684210526,0.14116811752319336,DE_adaptive_exp_fixedCR_withLS,38,1000,0,50.0,60.0,100.0,0.1,0.9,True,False,adaptive,exp,random,True,5.0,0.3,1.5,0.3,1.0,1.0,,,,,,,,,,,,,,,,,,,,,,,,,
J30_1.RCP,1,73.88157894736844,0.14102673530578613,DE_adaptive_exp_fixedCR_withLS,38,1000,1,50.0,60.0,100.0,0.1,0.9,True,False,adaptive,exp,random,True,5.0,0.3,1.5,0.3,1.0,1.0,,,,,,,,,,,,,,,,,,,,,,,,,
J30_1.RCP,0,74.9342105263158,0.1406550407409668,DE_adaptive_exp_fixedCR_noLS,38,1000,0,50.0,60.0,100.0,0.1,0.9,True,False,adaptive,exp,random,False,5.0,0.3,1.5,0.3,1.0,1.0,,,,,,,,,,,,,,,,,,,,,,,,,
J30_1.RCP,1,75.40789473684211,0.1393890380859375,DE_adaptive_exp_fixedCR_noLS,38,1000,1,50.0,60.0,100.0,0.1,0.9,True,False,adaptive,exp,random,False,5.0,0.3,1.5,0.3,1.0,1.0,,,,,,,,,,,,,,,,,,,,,,,,,
J30_1.RCP,0,81.40789473684212,0.14142799377441406,DE_current-to-rand/2_bin_adaptiveCR_withLS,38,1000,0,50.0,60.0,100.0,0.1,0.9,False,True,current-to-rand/2,bin,random,True,5.0,0.3,1.5,0.3,1.0,1.0,,,,,,,,,,,,,,,,,,,,,,,,,
J30_1.RCP,1,83.9342105263158,0.1404280662536621,DE_current-to-rand/2_bin_adaptiveCR_withLS,38,1000,1,50.0,60.0,100.0,0.1,0.9,False,True,current-to-rand/2,bin,random,True,5.0,0.3,1.5,0.3,1.0,1.0,,,,,,,,,,,,,,,,,,,,,,,,,
J30_1.RCP,0,77.30263157894737,0.13965606689453125,DE_current-to-rand/2_bin_adaptiveCR_noLS,38,1000,0,50.0,60.0,100.0,0.1,0.9,False,True,current-to-rand/2,bin,random,False,5.0,0.3,1.5,0.3,1.0,1.0,,,,,,,,,,,,,,,,,,,,,,,,,
J30_1.RCP,1,76.9342105263158,0.13846588134765625,DE_current-to-rand/2_bin_adaptiveCR_noLS,38,1000,1,50.0,60.0,100.0,0.1,0.9,False,True,current-to-rand/2,bin,random,False,5.0,0.3,1.5,0.3,1.0,1.0,,,,,,,,,,,,,,,,,,,,,,,,,
J30_1.RCP,0,79.46052631578948,0.13875889778137207,DE_current-to-rand/2_bin_fixedCR_withLS,38,1000,0,50.0,60.0,100.0,0.1,0.9,False,False,current-to-rand/2,bin,random,True,5.0,0.3,1.5,0.3,1.0,1.0,,,,,,,,,,,,,,,,,,,,,,,,,
J30_1.RCP,1,80.82894736842107,0.13891005516052246,DE_current-to-rand/2_bin_fixedCR_withLS,38,1000,1,50.0,60.0,100.0,0.1,0.9,False,False,current-to-rand/2,bin,random,True,5.0,0.3,1.5,0.3,1.0,1.0,,,,,,,,,,,,,,,,,,,,,,,,,
J30_1.RCP,0,81.25,0.13832926750183105,DE_current-to-rand/2_bin_fixedCR_noLS,38,1000,0,50.0,60.0,100.0,0.1,0.9,False,False,current-to-rand/2,bin,random,False,5.0,0.3,1.5,0.3,1.0,1.0,,,,,,,,,,,,,,,,,,,,,,,,,
J30_1.RCP,1,70.88157894736842,0.13795804977416992,DE_current-to-rand/2_bin_fixedCR_noLS,38,1000,1,50.0,60.0,100.0,0.1,0.9,False,False,current-to-rand/2,bin,random,False,5.0,0.3,1.5,0.3,1.0,1.0,,,,,,,,,,,,,,,,,,,,,,,,,
J30_1.RCP,0,81.88157894736842,0.14392995834350586,DE_current-to-rand/2_exp_adaptiveCR_withLS,38,1000,0,50.0,60.0,100.0,0.1,0.9,False,True,current-to-rand/2,exp,random,True,5.0,0.3,1.5,0.3,1.0,1.0,,,,,,,,,,,,,,,,,,,,,,,,,
J30_1.RCP,1,75.98684210526316,0.14354729652404785,DE_current-to-rand/2_exp_adaptiveCR_withLS,38,1000,1,50.0,60.0,100.0,0.1,0.9,False,True,current-to-rand/2,exp,random,True,5.0,0.3,1.5,0.3,1.0,1.0,,,,,,,,,,,,,,,,,,,,,,,,,
J30_1.RCP,0,74.72368421052632,0.1411278247833252,DE_current-to-rand/2_exp_adaptiveCR_noLS,38,1000,0,50.0,60.0,100.0,0.1,0.9,False,True,current-to-rand/2,exp,random,False,5.0,0.3,1.5,0.3,1.0,1.0,,,,,,,,,,,,,,,,,,,,,,,,,
J30_1.RCP,1,74.5657894736842,0.14147186279296875,DE_current-to-rand/2_exp_adaptiveCR_noLS,38,1000,1,50.0,60.0,100.0,0.1,0.9,False,True,current-to-rand/2,exp,random,False,5.0,0.3,1.5,0.3,1.0,1.0,,,,,,,,,,,,,,,,,,,,,,,,,
J30_1.RCP,0,78.30263157894737,0.14098882675170898,DE_current-to-rand/2_exp_fixedCR_withLS,38,1000,0,50.0,60.0,100.0,0.1,0.9,False,False,current-to-rand/2,exp,random,True,5.0,0.3,1.5,0.3,1.0,1.0,,,,,,,,,,,,,,,,,,,,,,,,,
J30_1.RCP,1,73.61842105263158,0.14203715324401855,DE_current-to-rand/2_exp_fixedCR_withLS,38,1000,1,50.0,60.0,100.0,0.1,0.9,False,False,current-to-rand/2,exp,random,True,5.0,0.3,1.5,0.3,1.0,1.0,,,,,,,,,,,,,,,,,,,,,,,,,
J30_1.RCP,0,76.82894736842105,0.13939499855041504,DE_current-to-rand/2_exp_fixedCR_noLS,38,1000,0,50.0,60.0,100.0,0.1,0.9,False,False,current-to-rand/2,exp,random,False,5.0,0.3,1.5,0.3,1.0,1.0,,,,,,,,,,,,,,,,,,,,,,,,,
J30_1.RCP,1,76.46052631578948,0.14068245887756348,DE_current-to-rand/2_exp_fixedCR_noLS,38,1000,1,50.0,60.0,100.0,0.1,0.9,False,False,current-to-rand/2,exp,random,False,5.0,0.3,1.5,0.3,1.0,1.0,,,,,,,,,,,,,,,,,,,,,,,,,
J30_1.RCP,0,90.51315789473684,0.1265721321105957,GA_roulette_single_point_random_random_withLS_withNeighborhood,38,1000,0,50.0,60.0,,,,,,random,single_point,random,True,,,,,,,0.9,0.1,roulette,3.0,True,False,0.5,0.1,0.35,5.0,2.0,,,,,,,,,,,,,,
J30_1.RCP,1,76.35526315789475,0.12542200088500977,GA_roulette_single_point_random_random_withLS_withNeighborhood,38,1000,1,50.0,60.0,,,,,,random,single_point,random,True,,,,,,,0.9,0.1,roulette,3.0,True,False,0.5,0.1,0.35,5.0,2.0,,,,,,,,,,,,,,
J30_1.RCP,0,90.51315789473684,0.12575101852416992,GA_roulette_single_point_random_random_withLS_noNeighborhood,38,1000,0,50.0,60.0,,,,,,random,single_point,random,True,,,,,,,0.9,0.1,roulette,3.0,True,False,0.5,0.1,0.35,5.0,0.0,,,,,,,,,,,,,,
J30_1.RCP,1,76.35526315789475,0.12469077110290527,GA_roulette_single_point_random_random_withLS_noNeighborhood,38,1000,1,50.0,60.0,,,,,,random,single_point,random,True,,,,,,,0.9,0.1,roulette,3.0,True,False,0.5,0.1,0.35,5.0,0.0,,,,,,,,,,,,,,
J30_1.RCP,0,86.46052631578948,0.18133306503295898,GA_roulette_single_point_random_random_noLS_withNeighborhood,38,1000,0,50.0,60.0,,,,,,random,single_point,random,False,,,,,,,0.9,0.1,roulette,3.0,True,False,0.5,0.1,0.35,5.0,2.0,,,,,,,,,,,,,,
J30_1.RCP,1,76.35526315789475,0.1802361011505127,GA_roulette_single_point_random_random_noLS_withNeighborhood,38,1000,1,50.0,60.0,,,,,,random,single_point,random,False,,,,,,,0.9,0.1,roulette,3.0,True,False,0.5,0.1,0.35,5.0,2.0,,,,,,,,,,,,,,
J30_1.RCP,0,86.46052631578948,0.18042588233947754,GA_roulette_single_point_random_random_noLS_noNeighborhood,38,1000,0,50.0,60.0,,,,,,random,single_point,random,False,,,,,,,0.9,0.1,roulette,3.0,True,False,0.5,0.1,0.35,5.0,0.0,,,,,,,,,,,,,,
J30_1.RCP,1,76.35526315789475,0.17811203002929688,GA_roulette_single_point_random_random_noLS_noNeighborhood,38,1000,1,50.0,60.0,,,,,,random,single_point,random,False,,,,,,,0.9,0.1,roulette,3.0,True,False,0.5,0.1,0.35,5.0,0.0,,,,,,,,,,,,,,
J30_1.RCP,0,97.5657894736842,0.12862491607666016,GA_roulette_single_point_random_heuristic_withLS_withNeighborhood,38,1000,0,50.0,60.0,,,,,,random,single_point,heuristic,True,,,,,,,0.9,0.1,roulette,3.0,True,False,0.5,0.1,0.35,5.0,2.0,,,,,,,,,,,,,,
J30_1.RCP,1,95.77631578947368,0.13478493690490723,GA_roulette_single_point_random_heuristic_withLS_withNeighborhood,38,1000,1,50.0,60.0,,,,,,random,single_point,heuristic,True,,,,,,,0.9,0.1,roulette,3.0,True,False,0.5,0.1,0.35,5.0,2.0,,,,,,,,,,,,,,
J30_1.RCP,0,97.5657894736842,0.1370081901550293,GA_roulette_single_point_random_heuristic_withLS_noNeighborhood,38,1000,0,50.0,60.0,,,,,,random,single_point,heuristic,True,,,,,,,0.9,0.1,roulette,3.0,True,False,0.5,0.1,0.35,5.0,0.0,,,,,,,,,,,,,,
J30_1.RCP,1,95.77631578947368,0.1339282989501953,GA_roulette_single_point_random_heuristic_withLS_noNeighborhood,38,1000,1,50.0,60.0,,,,,,random,single_point,heuristic,True,,,,,,,0.9,0.1,roulette,3.0,True,False,0.5,0.1,0.35,5.0,0.0,,,,,,,,,,,,,,
J30_1.RCP,0,86.61842105263158,0.20694303512573242,GA_roulette_single_point_random_heuristic_noLS_withNeighborhood,38,1000,0,50.0,60.0,,,,,,random,single_point,heuristic,False,,,,,,,0.9,0.1,roulette,3.0,True,False,0.5,0.1,0.35,5.0,2.0,,,,,,,,,,,,,,
J30_1.RCP,1,84.82894736842107,0.18140530586242676,GA_roulette_single_point_random_heuristic_noLS_withNeighborhood,38,1000,1,50.0,60.0,,,,,,random,single_point,heuristic,False,,,,,,,0.9,0.1,roulette,3.0,True,False,0.5,0.1,0.35,5.0,2.0,,,,,,,,,,,,,,
J30_1.RCP,0,86.61842105263158,0.17996692657470703,GA_roulette_single_point_random_heuristic_noLS_noNeighborhood,38,1000,0,50.0,60.0,,,,,,random,single_point,heuristic,False,,,,,,,0.9,0.1,roulette,3.0,True,False,0.5,0.1,0.35,5.0,0.0,,,,,,,,,,,,,,
J30_1.RCP,1,84.82894736842107,0.18024611473083496,GA_roulette_single_point_random_heuristic_noLS_noNeighborhood,38,1000,1,50.0,60.0,,,,,,random,single_point,heuristic,False,,,,,,,0.9,0.1,roulette,3.0,True,False,0.5,0.1,0.35,5.0,0.0,,,,,,,,,,,,,,
J30_1.RCP,0,84.14473684210527,0.12900996208190918,GA_roulette_single_point_adaptive_random_withLS_withNeighborhood,38,1000,0,50.0,60.0,,,,,,adaptive,single_point,random,True,,,,,,,0.9,0.1,roulette,3.0,True,False,0.5,0.1,0.35,5.0,2.0,,,,,,,,,,,,,,
J30_1.RCP,1,91.30263157894737,0.1280040740966797,GA_roulette_single_point_adaptive_random_withLS_withNeighborhood,38,1000,1,50.0,60.0,,,,,,adaptive,single_point,random,True,,,,,,,0.9,0.1,roulette,3.0,True,False,0.5,0.1,0.35,5.0,2.0,,,,,,,,,,,,,,
J30_1.RCP,0,84.14473684210527,0.12782502174377441,GA_roulette_single_point_adaptive_random_withLS_noNeighborhood,38,1000,0,50.0,60.0,,,,,,adaptive,single_point,random,True,,,,,,,0.9,0.1,roulette,3.0,True,False,0.5,0.1,0.35,5.0,0.0,,,,,,,,,,,,,,
J30_1.RCP,1,91.30263157894737,0.12885808944702148,GA_roulette_single_point_adaptive_random_withLS_noNeighborhood,38,1000,1,50.0,60.0,,,,,,adaptive,single_point,random,True,,,,,,,0.9,0.1,roulette,3.0,True,False,0.5,0.1,0.35,5.0,0.0,,,,,,,,,,,,,,
J30_1.RCP,0,78.9342105263158,0.19039392471313477,GA_roulette_single_point_adaptive_random_noLS_withNeighborhood,38,1000,0,50.0,60.0,,,,,,adaptive,single_point,random,False,,,,,,,0.9,0.1,roulette,3.0,True,False,0.5,0.1,0.35,5.0,2.0,,,,,,,,,,,,,,
J30_1.RCP,1,86.61842105263159,0.19151616096496582,GA_roulette_single_point_adaptive_random_noLS_withNeighborhood,38,1000,1,50.0,60.0,,,,,,adaptive,single_point,random,False,,,,,,,0.9,0.1,roulette,3.0,True,False,0.5,0.1,0.35,5.0,2.0,,,,,,,,,,,,,,
J30_1.RCP,0,78.9342105263158,0.19335484504699707,GA_roulette_single_point_adaptive_random_noLS_noNeighborhood,38,1000,0,50.0,60.0,,,,,,adaptive,single_point,random,False,,,,,,,0.9,0.1,roulette,3.0,True,False,0.5,0.1,0.35,5.0,0.0,,,,,,,,,,,,,,
J30_1.RCP,1,86.61842105263159,0.19195199012756348,GA_roulette_single_point_adaptive_random_noLS_noNeighborhood,38,1000,1,50.0,60.0,,,,,,adaptive,single_point,random,False,,,,,,,0.9,0.1,roulette,3.0,True,False,0.5,0.1,0.35,5.0,0.0,,,,,,,,,,,,,,
J30_1.RCP,0,93.77631578947368,0.12871193885803223,GA_roulette_single_point_adaptive_heuristic_withLS_withNeighborhood,38,1000,0,50.0,60.0,,,,,,adaptive,single_point,heuristic,True,,,,,,,0.9,0.1,roulette,3.0,True,False,0.5,0.1,0.35,5.0,2.0,,,,,,,,,,,,,,
J30_1.RCP,1,90.98684210526316,0.12992000579833984,GA_roulette_single_point_adaptive_heuristic_withLS_withNeighborhood,38,1000,1,50.0,60.0,,,,,,adaptive,single_point,heuristic,True,,,,,,,0.9,0.1,roulette,3.0,True,False,0.5,0.1,0.35,5.0,2.0,,,,,,,,,,,,,,
J30_1.RCP,0,93.77631578947368,0.129425048828125,GA_roulette_single_point_adaptive_heuristic_withLS_noNeighborhood,38,1000,0,50.0,60.0,,,,,,adaptive,single_point,heuristic,True,,,,,,,0.9,0.1,roulette,3.0,True,False,0.5,0.1,0.35,5.0,0.0,,,,,,,,,,,,,,
J30_1.RCP,1,90.98684210526316,0.12888002395629883,GA_roulette_single_point_adaptive_heuristic_withLS_noNeighborhood,38,1000,1,50.0,60.0,,,,,,adaptive,single_point,heuristic,True,,,,,,,0.9,0.1,roulette,3.0,True,False,0.5,0.1,0.35,5.0,0.0,,,,,,,,,,,,,,
J30_1.RCP,0,92.14473684210526,0.19241809844970703,GA_roulette_single_point_adaptive_heuristic_noLS_withNeighborhood,38,1000,0,50.0,60.0,,,,,,adaptive,single_point,heuristic,False,,,,,,,0.9,0.1,roulette,3.0,True,False,0.5,0.1,0.35,5.0,2.0,,,,,,,,,,,,,,
J30_1.RCP,1,90.98684210526316,0.19176554679870605,GA_roulette_single_point_adaptive_heuristic_noLS_withNeighborhood,38,1000,1,50.0,60.0,,,,,,adaptive,single_point,heuristic,False,,,,,,,0.9,0.1,roulette,3.0,True,False,0.5,0.1,0.35,5.0,2.0,,,,,,,,,,,,,,
J30_1.RCP,0,92.14473684210526,0.1920177936553955,GA_roulette_single_point_adaptive_heuristic_noLS_noNeighborhood,38,1000,0,50.0,60.0,,,,,,adaptive,single_point,heuristic,False,,,,,,,0.9,0.1,roulette,3.0,True,False,0.5,0.1,0.35,5.0,0.0,,,,,,,,,,,,,,
J30_1.RCP,1,90.98684210526316,0.19176220893859863,GA_roulette_single_point_adaptive_heuristic_noLS_noNeighborhood,38,1000,1,50.0,60.0,,,,,,adaptive,single_point,heuristic,False,,,,,,,0.9,0.1,roulette,3.0,True,False,0.5,0.1,0.35,5.0,0.0,,,,,,,,,,,,,,
J30_1.RCP,0,83.14473684210526,0.12655282020568848,GA_roulette_two_point_random_random_withLS_withNeighborhood,38,1000,0,50.0,60.0,,,,,,random,two_point,random,True,,,,,,,0.9,0.1,roulette,3.0,True,False,0.5,0.1,0.35,5.0,2.0,,,,,,,,,,,,,,
J30_1.RCP,1,92.09210526315789,0.1264500617980957,GA_roulette_two_point_random_random_withLS_withNeighborhood,38,1000,1,50.0,60.0,,,,,,random,two_point,random,True,,,,,,,0.9,0.1,roulette,3.0,True,False,0.5,0.1,0.35,5.0,2.0,,,,,,,,,,,,,,
J30_1.RCP,0,83.14473684210526,0.12683510780334473,GA_roulette_two_point_random_random_withLS_noNeighborhood,38,1000,0,50.0,60.0,,,,,,random,two_point,random,True,,,,,,,0.9,0.1,roulette,3.0,True,False,0.5,0.1,0.35,5.0,0.0,,,,,,,,,,,,,,
J30_1.RCP,1,92.09210526315789,0.12519073486328125,GA_roulette_two_point_random_random_withLS_noNeighborhood,38,1000,1,50.0,60.0,,,,,,random,two_point,random,True,,,,,,,0.9,0.1,roulette,3.0,True,False,0.5,0.1,0.35,5.0,0.0,,,,,,,,,,,,,,
J30_1.RCP,0,80.82894736842105,0.1847238540649414,GA_roulette_two_point_random_random_noLS_withNeighborhood,38,1000,0,50.0,60.0,,,,,,random,two_point,random,False,,,,,,,0.9,0.1,roulette,3.0,True,False,0.5,0.1,0.35,5.0,2.0,,,,,,,,,,,,,,
J30_1.RCP,1,92.09210526315789,0.18177103996276855,GA_roulette_two_point_random_random_noLS_withNeighborhood,38,1000,1,50.0,60.0,,,,,,random,two_point,random,False,,,,,,,0.9,0.1,roulette,3.0,True,False,0.5,0.1,0.35,5.0,2.0,,,,,,,,,,,,,,
J30_1.RCP,0,80.82894736842105,0.1826338768005371,GA_roulette_two_point_random_random_noLS_noNeighborhood,38,1000,0,50.0,60.0,,,,,,random,two_point,random,False,,,,,,,0.9,0.1,roulette,3.0,True,False,0.5,0.1,0.35,5.0,0.0,,,,,,,,,,,,,,
J30_1.RCP,1,92.09210526315789,0.1803269386291504,GA_roulette_two_point_random_random_noLS_noNeighborhood,38,1000,1,50.0,60.0,,,,,,random,two_point,random,False,,,,,,,0.9,0.1,roulette,3.0,True,False,0.5,0.1,0.35,5.0,0.0,,,,,,,,,,,,,,
J30_1.RCP,0,95.46052631578948,0.12630915641784668,GA_roulette_two_point_random_heuristic_withLS_withNeighborhood,38,1000,0,50.0,60.0,,,,,,random,two_point,heuristic,True,,,,,,,0.9,0.1,roulette,3.0,True,False,0.5,0.1,0.35,5.0,2.0,,,,,,,,,,,,,,
J30_1.RCP,1,86.72368421052632,0.12993907928466797,GA_roulette_two_point_random_heuristic_withLS_withNeighborhood,38,1000,1,50.0,60.0,,,,,,random,two_point,heuristic,True,,,,,,,0.9,0.1,roulette,3.0,True,False,0.5,0.1,0.35,5.0,2.0,,,,,,,,,,,,,,
J30_1.RCP,0,95.46052631578948,0.1287059783935547,GA_roulette_two_point_random_heuristic_withLS_noNeighborhood,38,1000,0,50.0,60.0,,,,,,random,two_point,heuristic,True,,,,,,,0.9,0.1,roulette,3.0,True,False,0.5,0.1,0.35,5.0,0.0,,,,,,,,,,,,,,
J30_1.RCP,1,86.72368421052632,0.12574982643127441,GA_roulette_two_point_random_heuristic_withLS_noNeighborhood,38,1000,1,50.0,60.0,,,,,,random,two_point,heuristic,True,,,,,,,0.9,0.1,roulette,3.0,True,False,0.5,0.1,0.35,5.0,0.0,,,,,,,,,,,,,,
J30_1.RCP,0,81.40789473684211,0.18268179893493652,GA_roulette_two_point_random_heuristic_noLS_withNeighborhood,38,1000,0,50.0,60.0,,,,,,random,two_point,heuristic,False,,,,,,,0.9,0.1,roulette,3.0,True,False,0.5,0.1,0.35,5.0,2.0,,,,,,,,,,,,,,
J30_1.RCP,1,84.82894736842105,0.2064528465270996,GA_roulette_two_point_random_heuristic_noLS_withNeighborhood,38,1000,1,50.0,60.0,,,,,,random,two_point,heuristic,False,,,,,,,0.9,0.1,roulette,3.0,True,False,0.5,0.1,0.35,5.0,2.0,,,,,,,,,,,,,,
J30_1.RCP,0,81.40789473684211,0.19230198860168457,GA_roulette_two_point_random_heuristic_noLS_noNeighborhood,38,1000,0,50.0,60.0,,,,,,random,two_point,heuristic,False,,,,,,,0.9,0.1,roulette,3.0,True,False,0.5,0.1,0.35,5.0,0.0,,,,,,,,,,,,,,
J30_1.RCP,1,84.82894736842105,0.19114089012145996,GA_roulette_two_point_random_heuristic_noLS_noNeighborhood,38,1000,1,50.0,60.0,,,,,,random,two_point,heuristic,False,,,,,,,0.9,0.1,roulette,3.0,True,False,0.5,0.1,0.35,5.0,0.0,,,,,,,,,,,,,,
J30_1.RCP,0,88.72368421052632,0.1457679271697998,GA_roulette_two_point_adaptive_random_withLS_withNeighborhood,38,1000,0,50.0,60.0,,,,,,adaptive,two_point,random,True,,,,,,,0.9,0.1,roulette,3.0,True,False,0.5,0.1,0.35,5.0,2.0,,,,,,,,,,,,,,
J30_1.RCP,1,87.72368421052632,0.13098812103271484,GA_roulette_two_point_adaptive_random_withLS_withNeighborhood,38,1000,1,50.0,60.0,,,,,,adaptive,two_point,random,True,,,,,,,0.9,0.1,roulette,3.0,True,False,0.5,0.1,0.35,5.0,2.0,,,,,,,,,,,,,,
J30_1.RCP,0,88.72368421052632,0.13032770156860352,GA_roulette_two_point_adaptive_random_withLS_noNeighborhood,38,1000,0,50.0,60.0,,,,,,adaptive,two_point,random,True,,,,,,,0.9,0.1,roulette,3.0,True,False,0.5,0.1,0.35,5.0,0.0,,,,,,,,,,,,,,
J30_1.RCP,1,87.72368421052632,0.12799882888793945,GA_roulette_two_point_adaptive_random_withLS_noNeighborhood,38,1000,1,50.0,60.0,,,,,,adaptive,two_point,random,True,,,,,,,0.9,0.1,roulette,3.0,True,False,0.5,0.1,0.35,5.0,0.0,,,,,,,,,,,,,,
J30_1.RCP,0,85.67105263157895,0.19139599800109863,GA_roulette_two_point_adaptive_random_noLS_withNeighborhood,38,1000,0,50.0,60.0,,,,,,adaptive,two_point,random,False,,,,,,,0.9,0.1,roulette,3.0,True,False,0.5,0.1,0.35,5.0,2.0,,,,,,,,,,,,,,
J30_1.RCP,1,83.35526315789474,0.20087504386901855,GA_roulette_two_point_adaptive_random_noLS_withNeighborhood,38,1000,1,50.0,60.0,,,,,,adaptive,two_point,random,False,,,,,,,0.9,0.1,roulette,3.0,True,False,0.5,0.1,0.35,5.0,2.0,,,,,,,,,,,,,,
J30_1.RCP,0,85.67105263157895,0.2403731346130371,GA_roulette_two_point_adaptive_random_noLS_noNeighborhood,38,1000,0,50.0,60.0,,,,,,adaptive,two_point,random,False,,,,,,,0.9,0.1,roulette,3.0,True,False,0.5,0.1,0.35,5.0,0.0,,,,,,,,,,,,,,
J30_1.RCP,1,83.35526315789474,0.28215789794921875,GA_roulette_two_point_adaptive_random_noLS_noNeighborhood,38,1000,1,50.0,60.0,,,,,,adaptive,two_point,random,False,,,,,,,0.9,0.1,roulette,3.0,True,False,0.5,0.1,0.35,5.0,0.0,,,,,,,,,,,,,,
J30_1.RCP,0,89.03947368421052,0.16727805137634277,GA_roulette_two_point_adaptive_heuristic_withLS_withNeighborhood,38,1000,0,50.0,60.0,,,,,,adaptive,two_point,heuristic,True,,,,,,,0.9,0.1,roulette,3.0,True,False,0.5,0.1,0.35,5.0,2.0,,,,,,,,,,,,,,
J30_1.RCP,1,93.67105263157895,0.1740429401397705,GA_roulette_two_point_adaptive_heuristic_withLS_withNeighborhood,38,1000,1,50.0,60.0,,,,,,adaptive,two_point,heuristic,True,,,,,,,0.9,0.1,roulette,3.0,True,False,0.5,0.1,0.35,5.0,2.0,,,,,,,,,,,,,,
J30_1.RCP,0,89.03947368421052,0.13312101364135742,GA_roulette_two_point_adaptive_heuristic_withLS_noNeighborhood,38,1000,0,50.0,60.0,,,,,,adaptive,two_point,heuristic,True,,,,,,,0.9,0.1,roulette,3.0,True,False,0.5,0.1,0.35,5.0,0.0,,,,,,,,,,,,,,
J30_1.RCP,1,93.67105263157895,0.1365211009979248,GA_roulette_two_point_adaptive_heuristic_withLS_noNeighborhood,38,1000,1,50.0,60.0,,,,,,adaptive,two_point,heuristic,True,,,,,,,0.9,0.1,roulette,3.0,True,False,0.5,0.1,0.35,5.0,0.0,,,,,,,,,,,,,,
J30_1.RCP,0,86.88157894736842,0.193922758102417,GA_roulette_two_point_adaptive_heuristic_noLS_withNeighborhood,38,1000,0,50.0,60.0,,,,,,adaptive,two_point,heuristic,False,,,,,,,0.9,0.1,roulette,3.0,True,False,0.5,0.1,0.35,5.0,2.0,,,,,,,,,,,,,,
J30_1.RCP,1,91.35526315789474,0.20821905136108398,GA_roulette_two_point_adaptive_heuristic_noLS_withNeighborhood,38,1000,1,50.0,60.0,,,,,,adaptive,two_point,heuristic,False,,,,,,,0.9,0.1,roulette,3.0,True,False,0.5,0.1,0.35,5.0,2.0,,,,,,,,,,,,,,
J30_1.RCP,0,86.88157894736842,0.20428872108459473,GA_roulette_two_point_adaptive_heuristic_noLS_noNeighborhood,38,1000,0,50.0,60.0,,,,,,adaptive,two_point,heuristic,False,,,,,,,0.9,0.1,roulette,3.0,True,False,0.5,0.1,0.35,5.0,0.0,,,,,,,,,,,,,,
J30_1.RCP,1,91.35526315789474,0.2116379737854004,GA_roulette_two_point_adaptive_heuristic_noLS_noNeighborhood,38,1000,1,50.0,60.0,,,,,,adaptive,two_point,heuristic,False,,,,,,,0.9,0.1,roulette,3.0,True,False,0.5,0.1,0.35,5.0,0.0,,,,,,,,,,,,,,
J30_1.RCP,0,80.35526315789474,1.0414998531341553,GA_roulette_rcx_random_random_withLS_withNeighborhood,38,1000,0,50.0,60.0,,,,,,random,rcx,random,True,,,,,,,0.9,0.1,roulette,3.0,True,False,0.5,0.1,0.35,5.0,2.0,,,,,,,,,,,,,,
J30_1.RCP,1,86.19736842105263,1.028290033340454,GA_roulette_rcx_random_random_withLS_withNeighborhood,38,1000,1,50.0,60.0,,,,,,random,rcx,random,True,,,,,,,0.9,0.1,roulette,3.0,True,False,0.5,0.1,0.35,5.0,2.0,,,,,,,,,,,,,,
J30_1.RCP,0,80.35526315789474,1.0397098064422607,GA_roulette_rcx_random_random_withLS_noNeighborhood,38,1000,0,50.0,60.0,,,,,,random,rcx,random,True,,,,,,,0.9,0.1,roulette,3.0,True,False,0.5,0.1,0.35,5.0,0.0,,,,,,,,,,,,,,
J30_1.RCP,1,86.19736842105263,1.0271220207214355,GA_roulette_rcx_random_random_withLS_noNeighborhood,38,1000,1,50.0,60.0,,,,,,random,rcx,random,True,,,,,,,0.9,0.1,roulette,3.0,True,False,0.5,0.1,0.35,5.0,0.0,,,,,,,,,,,,,,
J30_1.RCP,0,80.35526315789474,4.1148762702941895,GA_roulette_rcx_random_random_noLS_withNeighborhood,38,1000,0,50.0,60.0,,,,,,random,rcx,random,False,,,,,,,0.9,0.1,roulette,3.0,True,False,0.5,0.1,0.35,5.0,2.0,,,,,,,,,,,,,,
J30_1.RCP,1,84.61842105263158,3.9008772373199463,GA_roulette_rcx_random_random_noLS_withNeighborhood,38,1000,1,50.0,60.0,,,,,,random,rcx,random,False,,,,,,,0.9,0.1,roulette,3.0,True,False,0.5,0.1,0.35,5.0,2.0,,,,,,,,,,,,,,
J30_1.RCP,0,80.35526315789474,3.8661749362945557,GA_roulette_rcx_random_random_noLS_noNeighborhood,38,1000,0,50.0,60.0,,,,,,random,rcx,random,False,,,,,,,0.9,0.1,roulette,3.0,True,False,0.5,0.1,0.35,5.0,0.0,,,,,,,,,,,,,,
J30_1.RCP,1,84.61842105263158,3.876211166381836,GA_roulette_rcx_random_random_noLS_noNeighborhood,38,1000,1,50.0,60.0,,,,,,random,rcx,random,False,,,,,,,0.9,0.1,roulette,3.0,True,False,0.5,0.1,0.35,5.0,0.0,,,,,,,,,,,,,,
J30_1.RCP,0,91.14473684210527,1.1092491149902344,GA_roulette_rcx_random_heuristic_withLS_withNeighborhood,38,1000,0,50.0,60.0,,,,,,random,rcx,heuristic,True,,,,,,,0.9,0.1,roulette,3.0,True,False,0.5,0.1,0.35,5.0,2.0,,,,,,,,,,,,,,
J30_1.RCP,1,95.77631578947368,1.0262608528137207,GA_roulette_rcx_random_heuristic_withLS_withNeighborhood,38,1000,1,50.0,60.0,,,,,,random,rcx,heuristic,True,,,,,,,0.9,0.1,roulette,3.0,True,False,0.5,0.1,0.35,5.0,2.0,,,,,,,,,,,,,,
J30_1.RCP,0,91.14473684210527,1.017887830734253,GA_roulette_rcx_random_heuristic_withLS_noNeighborhood,38,1000,0,50.0,60.0,,,,,,random,rcx,heuristic,True,,,,,,,0.9,0.1,roulette,3.0,True,False,0.5,0.1,0.35,5.0,0.0,,,,,,,,,,,,,,
J30_1.RCP,1,95.77631578947368,1.0345659255981445,GA_roulette_rcx_random_heuristic_withLS_noNeighborhood,38,1000,1,50.0,60.0,,,,,,random,rcx,heuristic,True,,,,,,,0.9,0.1,roulette,3.0,True,False,0.5,0.1,0.35,5.0,0.0,,,,,,,,,,,,,,
J30_1.RCP,0,84.5657894736842,3.864189863204956,GA_roulette_rcx_random_heuristic_noLS_withNeighborhood,38,1000,0,50.0,60.0,,,,,,random,rcx,heuristic,False,,,,,,,0.9,0.1,roulette,3.0,True,False,0.5,0.1,0.35,5.0,2.0,,,,,,,,,,,,,,
J30_1.RCP,1,93.67105263157895,3.8120529651641846,GA_roulette_rcx_random_heuristic_noLS_withNeighborhood,38,1000,1,50.0,60.0,,,,,,random,rcx,heuristic,False,,,,,,,0.9,0.1,roulette,3.0,True,False,0.5,0.1,0.35,5.0,2.0,,,,,,,,,,,,,,
J30_1.RCP,0,84.5657894736842,3.821960926055908,GA_roulette_rcx_random_heuristic_noLS_noNeighborhood,38,1000,0,50.0,60.0,,,,,,random,rcx,heuristic,False,,,,,,,0.9,0.1,roulette,3.0,True,False,0.5,0.1,0.35,5.0,0.0,,,,,,,,,,,,,,
J30_1.RCP,1,93.67105263157895,3.769407033920288,GA_roulette_rcx_random_heuristic_noLS_noNeighborhood,38,1000,1,50.0,60.0,,,,,,random,rcx,heuristic,False,,,,,,,0.9,0.1,roulette,3.0,True,False,0.5,0.1,0.35,5.0,0.0,,,,,,,,,,,,,,
J30_1.RCP,0,87.25,1.027494192123413,GA_roulette_rcx_adaptive_random_withLS_withNeighborhood,38,1000,0,50.0,60.0,,,,,,adaptive,rcx,random,True,,,,,,,0.9,0.1,roulette,3.0,True,False,0.5,0.1,0.35,5.0,2.0,,,,,,,,,,,,,,
J30_1.RCP,1,88.19736842105264,1.0558631420135498,GA_roulette_rcx_adaptive_random_withLS_withNeighborhood,38,1000,1,50.0,60.0,,,,,,adaptive,rcx,random,True,,,,,,,0.9,0.1,roulette,3.0,True,False,0.5,0.1,0.35,5.0,2.0,,,,,,,,,,,,,,
J30_1.RCP,0,87.25,1.0365500450134277,GA_roulette_rcx_adaptive_random_withLS_noNeighborhood,38,1000,0,50.0,60.0,,,,,,adaptive,rcx,random,True,,,,,,,0.9,0.1,roulette,3.0,True,False,0.5,0.1,0.35,5.0,0.0,,,,,,,,,,,,,,
J30_1.RCP,1,88.19736842105264,1.0547809600830078,GA_roulette_rcx_adaptive_random_withLS_noNeighborhood,38,1000,1,50.0,60.0,,,,,,adaptive,rcx,random,True,,,,,,,0.9,0.1,roulette,3.0,True,False,0.5,0.1,0.35,5.0,0.0,,,,,,,,,,,,,,
J30_1.RCP,0,83.40789473684212,3.7983860969543457,GA_roulette_rcx_adaptive_random_noLS_withNeighborhood,38,1000,0,50.0,60.0,,,,,,adaptive,rcx,random,False,,,,,,,0.9,0.1,roulette,3.0,True,False,0.5,0.1,0.35,5.0,2.0,,,,,,,,,,,,,,
J30_1.RCP,1,88.19736842105264,3.9250428676605225,GA_roulette_rcx_adaptive_random_noLS_withNeighborhood,38,1000,1,50.0,60.0,,,,,,adaptive,rcx,random,False,,,,,,,0.9,0.1,roulette,3.0,True,False,0.5,0.1,0.35,5.0,2.0,,,,,,,,,,,,,,
J30_1.RCP,0,83.40789473684212,3.8575921058654785,GA_roulette_rcx_adaptive_random_noLS_noNeighborhood,38,1000,0,50.0,60.0,,,,,,adaptive,rcx,random,False,,,,,,,0.9,0.1,roulette,3.0,True,False,0.5,0.1,0.35,5.0,0.0,,,,,,,,,,,,,,
J30_1.RCP,1,88.19736842105264,3.9188032150268555,GA_roulette_rcx_adaptive_random_noLS_noNeighborhood,38,1000,1,50.0,60.0,,,,,,adaptive,rcx,random,False,,,,,,,0.9,0.1,roulette,3.0,True,False,0.5,0.1,0.35,5.0,0.0,,,,,,,,,,,,,,
J30_1.RCP,0,91.51315789473684,1.0395488739013672,GA_roulette_rcx_adaptive_heuristic_withLS_withNeighborhood,38,1000,0,50.0,60.0,,,,,,adaptive,rcx,heuristic,True,,,,,,,0.9,0.1,roulette,3.0,True,False,0.5,0.1,0.35,5.0,2.0,,,,,,,,,,,,,,
J30_1.RCP,1,83.9342105263158,1.203674077987671,GA_roulette_rcx_adaptive_heuristic_withLS_withNeighborhood,38,1000,1,50.0,60.0,,,,,,adaptive,rcx,heuristic,True,,,,,,,0.9,0.1,roulette,3.0,True,False,0.5,0.1,0.35,5.0,2.0,,,,,,,,,,,,,,
J30_1.RCP,0,91.51315789473684,1.239581823348999,GA_roulette_rcx_adaptive_heuristic_withLS_noNeighborhood,38,1000,0,50.0,60.0,,,,,,adaptive,rcx,heuristic,True,,,,,,,0.9,0.1,roulette,3.0,True,False,0.5,0.1,0.35,5.0,0.0,,,,,,,,,,,,,,
J30_1.RCP,1,83.9342105263158,1.010118007659912,GA_roulette_rcx_adaptive_heuristic_withLS_noNeighborhood,38,1000,1,50.0,60.0,,,,,,adaptive,rcx,heuristic,True,,,,,,,0.9,0.1,roulette,3.0,True,False,0.5,0.1,0.35,5.0,0.0,,,,,,,,,,,,,,
J30_1.RCP,0,85.67105263157895,3.8274271488189697,GA_roulette_rcx_adaptive_heuristic_noLS_withNeighborhood,38,1000,0,50.0,60.0,,,,,,adaptive,rcx,heuristic,False,,,,,,,0.9,0.1,roulette,3.0,True,False,0.5,0.1,0.35,5.0,2.0,,,,,,,,,,,,,,
J30_1.RCP,1,76.67105263157895,3.8514161109924316,GA_roulette_rcx_adaptive_heuristic_noLS_withNeighborhood,38,1000,1,50.0,60.0,,,,,,adaptive,rcx,heuristic,False,,,,,,,0.9,0.1,roulette,3.0,True,False,0.5,0.1,0.35,5.0,2.0,,,,,,,,,,,,,,
J30_1.RCP,0,85.67105263157895,3.861438035964966,GA_roulette_rcx_adaptive_heuristic_noLS_noNeighborhood,38,1000,0,50.0,60.0,,,,,,adaptive,rcx,heuristic,False,,,,,,,0.9,0.1,roulette,3.0,True,False,0.5,0.1,0.35,5.0,0.0,,,,,,,,,,,,,,
J30_1.RCP,1,76.67105263157895,3.879956007003784,GA_roulette_rcx_adaptive_heuristic_noLS_noNeighborhood,38,1000,1,50.0,60.0,,,,,,adaptive,rcx,heuristic,False,,,,,,,0.9,0.1,roulette,3.0,True,False,0.5,0.1,0.35,5.0,0.0,,,,,,,,,,,,,,
J30_1.RCP,0,85.9342105263158,0.13145899772644043,GA_roulette_hybrid_random_random_withLS_withNeighborhood,38,1000,0,50.0,60.0,,,,,,random,hybrid,random,True,,,,,,,0.9,0.1,roulette,3.0,True,False,0.5,0.1,0.35,5.0,2.0,,,,,,,,,,,,,,
J30_1.RCP,1,95.30263157894737,0.1277601718902588,GA_roulette_hybrid_random_random_withLS_withNeighborhood,38,1000,1,50.0,60.0,,,,,,random,hybrid,random,True,,,,,,,0.9,0.1,roulette,3.0,True,False,0.5,0.1,0.35,5.0,2.0,,,,,,,,,,,,,,
J30_1.RCP,0,85.9342105263158,0.1257178783416748,GA_roulette_hybrid_random_random_withLS_noNeighborhood,38,1000,0,50.0,60.0,,,,,,random,hybrid,random,True,,,,,,,0.9,0.1,roulette,3.0,True,False,0.5,0.1,0.35,5.0,0.0,,,,,,,,,,,,,,
J30_1.RCP,1,95.30263157894737,0.12494611740112305,GA_roulette_hybrid_random_random_withLS_noNeighborhood,38,1000,1,50.0,60.0,,,,,,random,hybrid,random,True,,,,,,,0.9,0.1,roulette,3.0,True,False,0.5,0.1,0.35,5.0,0.0,,,,,,,,,,,,,,
J30_1.RCP,0,79.9342105263158,0.17896008491516113,GA_roulette_hybrid_random_random_noLS_withNeighborhood,38,1000,0,50.0,60.0,,,,,,random,hybrid,random,False,,,,,,,0.9,0.1,roulette,3.0,True,False,0.5,0.1,0.35,5.0,2.0,,,,,,,,,,,,,,
J30_1.RCP,1,93.51315789473685,0.17949986457824707,GA_roulette_hybrid_random_random_noLS_withNeighborhood,38,1000,1,50.0,60.0,,,,,,random,hybrid,random,False,,,,,,,0.9,0.1,roulette,3.0,True,False,0.5,0.1,0.35,5.0,2.0,,,,,,,,,,,,,,
J30_1.RCP,0,79.9342105263158,0.17798519134521484,GA_roulette_hybrid_random_random_noLS_noNeighborhood,38,1000,0,50.0,60.0,,,,,,random,hybrid,random,False,,,,,,,0.9,0.1,roulette,3.0,True,False,0.5,0.1,0.35,5.0,0.0,,,,,,,,,,,,,,
J30_1.RCP,1,93.51315789473685,0.17688512802124023,GA_roulette_hybrid_random_random_noLS_noNeighborhood,38,1000,1,50.0,60.0,,,,,,random,hybrid,random,False,,,,,,,0.9,0.1,roulette,3.0,True,False,0.5,0.1,0.35,5.0,0.0,,,,,,,,,,,,,,
J30_1.RCP,0,99.46052631578948,0.12465071678161621,GA_roulette_hybrid_random_heuristic_withLS_withNeighborhood,38,1000,0,50.0,60.0,,,,,,random,hybrid,heuristic,True,,,,,,,0.9,0.1,roulette,3.0,True,False,0.5,0.1,0.35,5.0,2.0,,,,,,,,,,,,,,
J30_1.RCP,1,93.61842105263158,0.1253190040588379,GA_roulette_hybrid_random_heuristic_withLS_withNeighborhood,38,1000,1,50.0,60.0,,,,,,random,hybrid,heuristic,True,,,,,,,0.9,0.1,roulette,3.0,True,False,0.5,0.1,0.35,5.0,2.0,,,,,,,,,,,,,,
J30_1.RCP,0,99.46052631578948,0.12480616569519043,GA_roulette_hybrid_random_heuristic_withLS_noNeighborhood,38,1000,0,50.0,60.0,,,,,,random,hybrid,heuristic,True,,,,,,,0.9,0.1,roulette,3.0,True,False,0.5,0.1,0.35,5.0,0.0,,,,,,,,,,,,,,
J30_1.RCP,1,93.61842105263158,0.12495899200439453,GA_roulette_hybrid_random_heuristic_withLS_noNeighborhood,38,1000,1,50.0,60.0,,,,,,random,hybrid,heuristic,True,,,,,,,0.9,0.1,roulette,3.0,True,False,0.5,0.1,0.35,5.0,0.0,,,,,,,,,,,,,,
J30_1.RCP,0,77.25,0.17788004875183105,GA_roulette_hybrid_random_heuristic_noLS_withNeighborhood,38,1000,0,50.0,60.0,,,,,,random,hybrid,heuristic,False,,,,,,,0.9,0.1,roulette,3.0,True,False,0.5,0.1,0.35,5.0,2.0,,,,,,,,,,,,,,
J30_1.RCP,1,84.88157894736844,0.17784404754638672,GA_roulette_hybrid_random_heuristic_noLS_withNeighborhood,38,1000,1,50.0,60.0,,,,,,random,hybrid,heuristic,False,,,,,,,0.9,0.1,roulette,3.0,True,False,0.5,0.1,0.35,5.0,2.0,,,,,,,,,,,,,,
J30_1.RCP,0,77.25,0.1794118881225586,GA_roulette_hybrid_random_heuristic_noLS_noNeighborhood,38,1000,0,50.0,60.0,,,,,,random,hybrid,heuristic,False,,,,,,,0.9,0.1,roulette,3.0,True,False,0.5,0.1,0.35,5.0,0.0,,,,,,,,,,,,,,
J30_1.RCP,1,84.88157894736844,0.17886900901794434,GA_roulette_hybrid_random_heuristic_noLS_noNeighborhood,38,1000,1,50.0,60.0,,,,,,random,hybrid,heuristic,False,,,,,,,0.9,0.1,roulette,3.0,True,False,0.5,0.1,0.35,5.0,0.0,,,,,,,,,,,,,,
J30_1.RCP,0,90.9342105263158,0.12807798385620117,GA_roulette_hybrid_adaptive_random_withLS_withNeighborhood,38,1000,0,50.0,60.0,,,,,,adaptive,hybrid,random,True,,,,,,,0.9,0.1,roulette,3.0,True,False,0.5,0.1,0.35,5.0,2.0,,,,,,,,,,,,,,
J30_1.RCP,1,91.67105263157895,0.1277627944946289,GA_roulette_hybrid_adaptive_random_withLS_withNeighborhood,38,1000,1,50.0,60.0,,,,,,adaptive,hybrid,random,True,,,,,,,0.9,0.1,roulette,3.0,True,False,0.5,0.1,0.35,5.0,2.0,,,,,,,,,,,,,,
J30_1.RCP,0,90.9342105263158,0.1284313201904297,GA_roulette_hybrid_adaptive_random_withLS_noNeighborhood,38,1000,0,50.0,60.0,,,,,,adaptive,hybrid,random,True,,,,,,,0.9,0.1,roulette,3.0,True,False,0.5,0.1,0.35,5.0,0.0,,,,,,,,,,,,,,
J30_1.RCP,1,91.67105263157895,0.1277461051940918,GA_roulette_hybrid_adaptive_random_withLS_noNeighborhood,38,1000,1,50.0,60.0,,,,,,adaptive,hybrid,random,True,,,,,,,0.9,0.1,roulette,3.0,True,False,0.5,0.1,0.35,5.0,0.0,,,,,,,,,,,,,,
J30_1.RCP,0,80.77631578947368,0.18879413604736328,GA_roulette_hybrid_adaptive_random_noLS_withNeighborhood,38,1000,0,50.0,60.0,,,,,,adaptive,hybrid,random,False,,,,,,,0.9,0.1,roulette,3.0,True,False,0.5,0.1,0.35,5.0,2.0,,,,,,,,,,,,,,
J30_1.RCP,1,71.14473684210526,0.1901259422302246,GA_roulette_hybrid_adaptive_random_noLS_withNeighborhood,38,1000,1,50.0,60.0,,,,,,adaptive,hybrid,random,False,,,,,,,0.9,0.1,roulette,3.0,True,False,0.5,0.1,0.35,5.0,2.0,,,,,,,,,,,,,,
J30_1.RCP,0,80.77631578947368,0.18701696395874023,GA_roulette_hybrid_adaptive_random_noLS_noNeighborhood,38,1000,0,50.0,60.0,,,,,,adaptive,hybrid,random,False,,,,,,,0.9,0.1,roulette,3.0,True,False,0.5,0.1,0.35,5.0,0.0,,,,,,,,,,,,,,
J30_1.RCP,1,71.14473684210526,0.18790292739868164,GA_roulette_hybrid_adaptive_random_noLS_noNeighborhood,38,1000,1,50.0,60.0,,,,,,adaptive,hybrid,random,False,,,,,,,0.9,0.1,roulette,3.0,True,False,0.5,0.1,0.35,5.0,0.0,,,,,,,,,,,,,,
J30_1.RCP,0,99.19736842105264,0.12773394584655762,GA_roulette_hybrid_adaptive_heuristic_withLS_withNeighborhood,38,1000,0,50.0,60.0,,,,,,adaptive,hybrid,heuristic,True,,,,,,,0.9,0.1,roulette,3.0,True,False,0.5,0.1,0.35,5.0,2.0,,,,,,,,,,,,,,
J30_1.RCP,1,95.25,0.12619709968566895,GA_roulette_hybrid_adaptive_heuristic_withLS_withNeighborhood,38,1000,1,50.0,60.0,,,,,,adaptive,hybrid,heuristic,True,,,,,,,0.9,0.1,roulette,3.0,True,False,0.5,0.1,0.35,5.0,2.0,,,,,,,,,,,,,,
J30_1.RCP,0,99.19736842105264,0.12755990028381348,GA_roulette_hybrid_adaptive_heuristic_withLS_noNeighborhood,38,1000,0,50.0,60.0,,,,,,adaptive,hybrid,heuristic,True,,,,,,,0.9,0.1,roulette,3.0,True,False,0.5,0.1,0.35,5.0,0.0,,,,,,,,,,,,,,
J30_1.RCP,1,95.25,0.12657713890075684,GA_roulette_hybrid_adaptive_heuristic_withLS_noNeighborhood,38,1000,1,50.0,60.0,,,,,,adaptive,hybrid,heuristic,True,,,,,,,0.9,0.1,roulette,3.0,True,False,0.5,0.1,0.35,5.0,0.0,,,,,,,,,,,,,,
J30_1.RCP,0,85.51315789473684,0.18858003616333008,GA_roulette_hybrid_adaptive_heuristic_noLS_withNeighborhood,38,1000,0,50.0,60.0,,,,,,adaptive,hybrid,heuristic,False,,,,,,,0.9,0.1,roulette,3.0,True,False,0.5,0.1,0.35,5.0,2.0,,,,,,,,,,,,,,
J30_1.RCP,1,75.88157894736842,0.1886882781982422,GA_roulette_hybrid_adaptive_heuristic_noLS_withNeighborhood,38,1000,1,50.0,60.0,,,,,,adaptive,hybrid,heuristic,False,,,,,,,0.9,0.1,roulette,3.0,True,False,0.5,0.1,0.35,5.0,2.0,,,,,,,,,,,,,,
J30_1.RCP,0,85.51315789473684,0.1889359951019287,GA_roulette_hybrid_adaptive_heuristic_noLS_noNeighborhood,38,1000,0,50.0,60.0,,,,,,adaptive,hybrid,heuristic,False,,,,,,,0.9,0.1,roulette,3.0,True,False,0.5,0.1,0.35,5.0,0.0,,,,,,,,,,,,,,
J30_1.RCP,1,75.88157894736842,0.18783998489379883,GA_roulette_hybrid_adaptive_heuristic_noLS_noNeighborhood,38,1000,1,50.0,60.0,,,,,,adaptive,hybrid,heuristic,False,,,,,,,0.9,0.1,roulette,3.0,True,False,0.5,0.1,0.35,5.0,0.0,,,,,,,,,,,,,,
J30_1.RCP,0,80.67105263157895,0.12986016273498535,GA_tournament_single_point_random_random_withLS_withNeighborhood,38,1000,0,50.0,60.0,,,,,,random,single_point,random,True,,,,,,,0.9,0.1,tournament,3.0,True,False,0.5,0.1,0.35,5.0,2.0,,,,,,,,,,,,,,
J30_1.RCP,1,77.40789473684212,0.12465095520019531,GA_tournament_single_point_random_random_withLS_withNeighborhood,38,1000,1,50.0,60.0,,,,,,random,single_point,random,True,,,,,,,0.9,0.1,tournament,3.0,True,False,0.5,0.1,0.35,5.0,2.0,,,,,,,,,,,,,,
J30_1.RCP,0,80.67105263157895,0.1247859001159668,GA_tournament_single_point_random_random_withLS_noNeighborhood,38,1000,0,50.0,60.0,,,,,,random,single_point,random,True,,,,,,,0.9,0.1,tournament,3.0,True,False,0.5,0.1,0.35,5.0,0.0,,,,,,,,,,,,,,
J30_1.RCP,1,77.40789473684212,0.12568330764770508,GA_tournament_single_point_random_random_withLS_noNeighborhood,38,1000,1,50.0,60.0,,,,,,random,single_point,random,True,,,,,,,0.9,0.1,tournament,3.0,True,False,0.5,0.1,0.35,5.0,0.0,,,,,,,,,,,,,,
J30_1.RCP,0,74.19736842105263,0.18345880508422852,GA_tournament_single_point_random_random_noLS_withNeighborhood,38,1000,0,50.0,60.0,,,,,,random,single_point,random,False,,,,,,,0.9,0.1,tournament,3.0,True,False,0.5,0.1,0.35,5.0,2.0,,,,,,,,,,,,,,
J30_1.RCP,1,68.72368421052632,0.18143916130065918,GA_tournament_single_point_random_random_noLS_withNeighborhood,38,1000,1,50.0,60.0,,,,,,random,single_point,random,False,,,,,,,0.9,0.1,tournament,3.0,True,False,0.5,0.1,0.35,5.0,2.0,,,,,,,,,,,,,,
J30_1.RCP,0,74.19736842105263,0.18136072158813477,GA_tournament_single_point_random_random_noLS_noNeighborhood,38,1000,0,50.0,60.0,,,,,,random,single_point,random,False,,,,,,,0.9,0.1,tournament,3.0,True,False,0.5,0.1,0.35,5.0,0.0,,,,,,,,,,,,,,
J30_1.RCP,1,68.72368421052632,0.18248891830444336,GA_tournament_single_point_random_random_noLS_noNeighborhood,38,1000,1,50.0,60.0,,,,,,random,single_point,random,False,,,,,,,0.9,0.1,tournament,3.0,True,False,0.5,0.1,0.35,5.0,0.0,,,,,,,,,,,,,,
J30_1.RCP,0,82.82894736842105,0.12691521644592285,GA_tournament_single_point_random_heuristic_withLS_withNeighborhood,38,1000,0,50.0,60.0,,,,,,random,single_point,heuristic,True,,,,,,,0.9,0.1,tournament,3.0,True,False,0.5,0.1,0.35,5.0,2.0,,,,,,,,,,,,,,
J30_1.RCP,1,77.72368421052632,0.12732410430908203,GA_tournament_single_point_random_heuristic_withLS_withNeighborhood,38,1000,1,50.0,60.0,,,,,,random,single_point,heuristic,True,,,,,,,0.9,0.1,tournament,3.0,True,False,0.5,0.1,0.35,5.0,2.0,,,,,,,,,,,,,,
J30_1.RCP,0,82.82894736842105,0.12778615951538086,GA_tournament_single_point_random_heuristic_withLS_noNeighborhood,38,1000,0,50.0,60.0,,,,,,random,single_point,heuristic,True,,,,,,,0.9,0.1,tournament,3.0,True,False,0.5,0.1,0.35,5.0,0.0,,,,,,,,,,,,,,
J30_1.RCP,1,77.72368421052632,0.12749385833740234,GA_tournament_single_point_random_heuristic_withLS_noNeighborhood,38,1000,1,50.0,60.0,,,,,,random,single_point,heuristic,True,,,,,,,0.9,0.1,tournament,3.0,True,False,0.5,0.1,0.35,5.0,0.0,,,,,,,,,,,,,,
J30_1.RCP,0,72.51315789473684,0.18396639823913574,GA_tournament_single_point_random_heuristic_noLS_withNeighborhood,38,1000,0,50.0,60.0,,,,,,random,single_point,heuristic,False,,,,,,,0.9,0.1,tournament,3.0,True,False,0.5,0.1,0.35,5.0,2.0,,,,,,,,,,,,,,
J30_1.RCP,1,68.77631578947368,0.18281173706054688,GA_tournament_single_point_random_heuristic_noLS_withNeighborhood,38,1000,1,50.0,60.0,,,,,,random,single_point,heuristic,False,,,,,,,0.9,0.1,tournament,3.0,True,False,0.5,0.1,0.35,5.0,2.0,,,,,,,,,,,,,,
J30_1.RCP,0,72.51315789473684,0.18448114395141602,GA_tournament_single_point_random_heuristic_noLS_noNeighborhood,38,1000,0,50.0,60.0,,,,,,random,single_point,heuristic,False,,,,,,,0.9,0.1,tournament,3.0,True,False,0.5,0.1,0.35,5.0,0.0,,,,,,,,,,,,,,
J30_1.RCP,1,68.77631578947368,0.1818840503692627,GA_tournament_single_point_random_heuristic_noLS_noNeighborhood,38,1000,1,50.0,60.0,,,,,,random,single_point,heuristic,False,,,,,,,0.9,0.1,tournament,3.0,True,False,0.5,0.1,0.35,5.0,0.0,,,,,,,,,,,,,,
J30_1.RCP,0,81.82894736842105,0.1281111240386963,GA_tournament_single_point_adaptive_random_withLS_withNeighborhood,38,1000,0,50.0,60.0,,,,,,adaptive,single_point,random,True,,,,,,,0.9,0.1,tournament,3.0,True,False,0.5,0.1,0.35,5.0,2.0,,,,,,,,,,,,,,
J30_1.RCP,1,92.67105263157895,0.12712907791137695,GA_tournament_single_point_adaptive_random_withLS_withNeighborhood,38,1000,1,50.0,60.0,,,,,,adaptive,single_point,random,True,,,,,,,0.9,0.1,tournament,3.0,True,False,0.5,0.1,0.35,5.0,2.0,,,,,,,,,,,,,,
J30_1.RCP,0,81.82894736842105,0.12845897674560547,GA_tournament_single_point_adaptive_random_withLS_noNeighborhood,38,1000,0,50.0,60.0,,,,,,adaptive,single_point,random,True,,,,,,,0.9,0.1,tournament,3.0,True,False,0.5,0.1,0.35,5.0,0.0,,,,,,,,,,,,,,
J30_1.RCP,1,92.67105263157895,0.12932777404785156,GA_tournament_single_point_adaptive_random_withLS_noNeighborhood,38,1000,1,50.0,60.0,,,,,,adaptive,single_point,random,True,,,,,,,0.9,0.1,tournament,3.0,True,False,0.5,0.1,0.35,5.0,0.0,,,,,,,,,,,,,,
J30_1.RCP,0,74.35526315789474,0.19237017631530762,GA_tournament_single_point_adaptive_random_noLS_withNeighborhood,38,1000,0,50.0,60.0,,,,,,adaptive,single_point,random,False,,,,,,,0.9,0.1,tournament,3.0,True,False,0.5,0.1,0.35,5.0,2.0,,,,,,,,,,,,,,
J30_1.RCP,1,72.30263157894737,0.19269704818725586,GA_tournament_single_point_adaptive_random_noLS_withNeighborhood,38,1000,1,50.0,60.0,,,,,,adaptive,single_point,random,False,,,,,,,0.9,0.1,tournament,3.0,True,False,0.5,0.1,0.35,5.0,2.0,,,,,,,,,,,,,,
J30_1.RCP,0,74.35526315789474,0.19443106651306152,GA_tournament_single_point_adaptive_random_noLS_noNeighborhood,38,1000,0,50.0,60.0,,,,,,adaptive,single_point,random,False,,,,,,,0.9,0.1,tournament,3.0,True,False,0.5,0.1,0.35,5.0,0.0,,,,,,,,,,,,,,
J30_1.RCP,1,72.30263157894737,0.1911029815673828,GA_tournament_single_point_adaptive_random_noLS_noNeighborhood,38,1000,1,50.0,60.0,,,,,,adaptive,single_point,random,False,,,,,,,0.9,0.1,tournament,3.0,True,False,0.5,0.1,0.35,5.0,0.0,,,,,,,,,,,,,,
J30_1.RCP,0,82.61842105263158,0.1300501823425293,GA_tournament_single_point_adaptive_heuristic_withLS_withNeighborhood,38,1000,0,50.0,60.0,,,,,,adaptive,single_point,heuristic,True,,,,,,,0.9,0.1,tournament,3.0,True,False,0.5,0.1,0.35,5.0,2.0,,,,,,,,,,,,,,
J30_1.RCP,1,78.03947368421052,0.12994599342346191,GA_tournament_single_point_adaptive_heuristic_withLS_withNeighborhood,38,1000,1,50.0,60.0,,,,,,adaptive,single_point,heuristic,True,,,,,,,0.9,0.1,tournament,3.0,True,False,0.5,0.1,0.35,5.0,2.0,,,,,,,,,,,,,,
J30_1.RCP,0,82.61842105263158,0.1299576759338379,GA_tournament_single_point_adaptive_heuristic_withLS_noNeighborhood,38,1000,0,50.0,60.0,,,,,,adaptive,single_point,heuristic,True,,,,,,,0.9,0.1,tournament,3.0,True,False,0.5,0.1,0.35,5.0,0.0,,,,,,,,,,,,,,
J30_1.RCP,1,78.03947368421052,0.13009285926818848,GA_tournament_single_point_adaptive_heuristic_withLS_noNeighborhood,38,1000,1,50.0,60.0,,,,,,adaptive,single_point,heuristic,True,,,,,,,0.9,0.1,tournament,3.0,True,False,0.5,0.1,0.35,5.0,0.0,,,,,,,,,,,,,,
J30_1.RCP,0,74.77631578947368,0.19165277481079102,GA_tournament_single_point_adaptive_heuristic_noLS_withNeighborhood,38,1000,0,50.0,60.0,,,,,,adaptive,single_point,heuristic,False,,,,,,,0.9,0.1,tournament,3.0,True,False,0.5,0.1,0.35,5.0,2.0,,,,,,,,,,,,,,
J30_1.RCP,1,69.61842105263158,0.1906111240386963,GA_tournament_single_point_adaptive_heuristic_noLS_withNeighborhood,38,1000,1,50.0,60.0,,,,,,adaptive,single_point,heuristic,False,,,,,,,0.9,0.1,tournament,3.0,True,False,0.5,0.1,0.35,5.0,2.0,,,,,,,,,,,,,,
J30_1.RCP,0,74.77631578947368,0.19232702255249023,GA_tournament_single_point_adaptive_heuristic_noLS_noNeighborhood,38,1000,0,50.0,60.0,,,,,,adaptive,single_point,heuristic,False,,,,,,,0.9,0.1,tournament,3.0,True,False,0.5,0.1,0.35,5.0,0.0,,,,,,,,,,,,,,
J30_1.RCP,1,69.61842105263158,0.19350004196166992,GA_tournament_single_point_adaptive_heuristic_noLS_noNeighborhood,38,1000,1,50.0,60.0,,,,,,adaptive,single_point,heuristic,False,,,,,,,0.9,0.1,tournament,3.0,True,False,0.5,0.1,0.35,5.0,0.0,,,,,,,,,,,,,,
J30_1.RCP,0,77.9342105263158,0.12689208984375,GA_tournament_two_point_random_random_withLS_withNeighborhood,38,1000,0,50.0,60.0,,,,,,random,two_point,random,True,,,,,,,0.9,0.1,tournament,3.0,True,False,0.5,0.1,0.35,5.0,2.0,,,,,,,,,,,,,,
J30_1.RCP,1,82.19736842105264,0.12698602676391602,GA_tournament_two_point_random_random_withLS_withNeighborhood,38,1000,1,50.0,60.0,,,,,,random,two_point,random,True,,,,,,,0.9,0.1,tournament,3.0,True,False,0.5,0.1,0.35,5.0,2.0,,,,,,,,,,,,,,
J30_1.RCP,0,77.9342105263158,0.12689876556396484,GA_tournament_two_point_random_random_withLS_noNeighborhood,38,1000,0,50.0,60.0,,,,,,random,two_point,random,True,,,,,,,0.9,0.1,tournament,3.0,True,False,0.5,0.1,0.35,5.0,0.0,,,,,,,,,,,,,,
J30_1.RCP,1,82.19736842105264,0.12692999839782715,GA_tournament_two_point_random_random_withLS_noNeighborhood,38,1000,1,50.0,60.0,,,,,,random,two_point,random,True,,,,,,,0.9,0.1,tournament,3.0,True,False,0.5,0.1,0.35,5.0,0.0,,,,,,,,,,,,,,
J30_1.RCP,0,65.67105263157895,0.1854100227355957,GA_tournament_two_point_random_random_noLS_withNeighborhood,38,1000,0,50.0,60.0,,,,,,random,two_point,random,False,,,,,,,0.9,0.1,tournament,3.0,True,False,0.5,0.1,0.35,5.0,2.0,,,,,,,,,,,,,,
J30_1.RCP,1,71.98684210526316,0.1854417324066162,GA_tournament_two_point_random_random_noLS_withNeighborhood,38,1000,1,50.0,60.0,,,,,,random,two_point,random,False,,,,,,,0.9,0.1,tournament,3.0,True,False,0.5,0.1,0.35,5.0,2.0,,,,,,,,,,,,,,
J30_1.RCP,0,65.67105263157895,0.18613290786743164,GA_tournament_two_point_random_random_noLS_noNeighborhood,38,1000,0,50.0,60.0,,,,,,random,two_point,random,False,,,,,,,0.9,0.1,tournament,3.0,True,False,0.5,0.1,0.35,5.0,0.0,,,,,,,,,,,,,,
J30_1.RCP,1,71.98684210526316,0.18560481071472168,GA_tournament_two_point_random_random_noLS_noNeighborhood,38,1000,1,50.0,60.0,,,,,,random,two_point,random,False,,,,,,,0.9,0.1,tournament,3.0,True,False,0.5,0.1,0.35,5.0,0.0,,,,,,,,,,,,,,
J30_1.RCP,0,86.72368421052633,0.12762761116027832,GA_tournament_two_point_random_heuristic_withLS_withNeighborhood,38,1000,0,50.0,60.0,,,,,,random,two_point,heuristic,True,,,,,,,0.9,0.1,tournament,3.0,True,False,0.5,0.1,0.35,5.0,2.0,,,,,,,,,,,,,,
J30_1.RCP,1,83.19736842105263,0.12762022018432617,GA_tournament_two_point_random_heuristic_withLS_withNeighborhood,38,1000,1,50.0,60.0,,,,,,random,two_point,heuristic,True,,,,,,,0.9,0.1,tournament,3.0,True,False,0.5,0.1,0.35,5.0,2.0,,,,,,,,,,,,,,
J30_1.RCP,0,86.72368421052633,0.12899112701416016,GA_tournament_two_point_random_heuristic_withLS_noNeighborhood,38,1000,0,50.0,60.0,,,,,,random,two_point,heuristic,True,,,,,,,0.9,0.1,tournament,3.0,True,False,0.5,0.1,0.35,5.0,0.0,,,,,,,,,,,,,,
J30_1.RCP,1,83.19736842105263,0.1280069351196289,GA_tournament_two_point_random_heuristic_withLS_noNeighborhood,38,1000,1,50.0,60.0,,,,,,random,two_point,heuristic,True,,,,,,,0.9,0.1,tournament,3.0,True,False,0.5,0.1,0.35,5.0,0.0,,,,,,,,,,,,,,
J30_1.RCP,0,73.09210526315789,0.1842508316040039,GA_tournament_two_point_random_heuristic_noLS_withNeighborhood,38,1000,0,50.0,60.0,,,,,,random,two_point,heuristic,False,,,,,,,0.9,0.1,tournament,3.0,True,False,0.5,0.1,0.35,5.0,2.0,,,,,,,,,,,,,,
J30_1.RCP,1,68.40789473684211,0.18372702598571777,GA_tournament_two_point_random_heuristic_noLS_withNeighborhood,38,1000,1,50.0,60.0,,,,,,random,two_point,heuristic,False,,,,,,,0.9,0.1,tournament,3.0,True,False,0.5,0.1,0.35,5.0,2.0,,,,,,,,,,,,,,
J30_1.RCP,0,73.09210526315789,0.18880486488342285,GA_tournament_two_point_random_heuristic_noLS_noNeighborhood,38,1000,0,50.0,60.0,,,,,,random,two_point,heuristic,False,,,,,,,0.9,0.1,tournament,3.0,True,False,0.5,0.1,0.35,5.0,0.0,,,,,,,,,,,,,,
J30_1.RCP,1,68.40789473684211,0.18575716018676758,GA_tournament_two_point_random_heuristic_noLS_noNeighborhood,38,1000,1,50.0,60.0,,,,,,random,two_point,heuristic,False,,,,,,,0.9,0.1,tournament,3.0,True,False,0.5,0.1,0.35,5.0,0.0,,,,,,,,,,,,,,
J30_1.RCP,0,80.61842105263158,0.12898707389831543,GA_tournament_two_point_adaptive_random_withLS_withNeighborhood,38,1000,0,50.0,60.0,,,,,,adaptive,two_point,random,True,,,,,,,0.9,0.1,tournament,3.0,True,False,0.5,0.1,0.35,5.0,2.0,,,,,,,,,,,,,,
J30_1.RCP,1,79.72368421052632,0.1273190975189209,GA_tournament_two_point_adaptive_random_withLS_withNeighborhood,38,1000,1,50.0,60.0,,,,,,adaptive,two_point,random,True,,,,,,,0.9,0.1,tournament,3.0,True,False,0.5,0.1,0.35,5.0,2.0,,,,,,,,,,,,,,
J30_1.RCP,0,80.61842105263158,0.1288313865661621,GA_tournament_two_point_adaptive_random_withLS_noNeighborhood,38,1000,0,50.0,60.0,,,,,,adaptive,two_point,random,True,,,,,,,0.9,0.1,tournament,3.0,True,False,0.5,0.1,0.35,5.0,0.0,,,,,,,,,,,,,,
J30_1.RCP,1,79.72368421052632,0.12878108024597168,GA_tournament_two_point_adaptive_random_withLS_noNeighborhood,38,1000,1,50.0,60.0,,,,,,adaptive,two_point,random,True,,,,,,,0.9,0.1,tournament,3.0,True,False,0.5,0.1,0.35,5.0,0.0,,,,,,,,,,,,,,
J30_1.RCP,0,71.09210526315789,0.19527101516723633,GA_tournament_two_point_adaptive_random_noLS_withNeighborhood,38,1000,0,50.0,60.0,,,,,,adaptive,two_point,random,False,,,,,,,0.9,0.1,tournament,3.0,True,False,0.5,0.1,0.35,5.0,2.0,,,,,,,,,,,,,,
J30_1.RCP,1,71.77631578947368,0.1916790008544922,GA_tournament_two_point_adaptive_random_noLS_withNeighborhood,38,1000,1,50.0,60.0,,,,,,adaptive,two_point,random,False,,,,,,,0.9,0.1,tournament,3.0,True,False,0.5,0.1,0.35,5.0,2.0,,,,,,,,,,,,,,
J30_1.RCP,0,71.09210526315789,0.1950211524963379,GA_tournament_two_point_adaptive_random_noLS_noNeighborhood,38,1000,0,50.0,60.0,,,,,,adaptive,two_point,random,False,,,,,,,0.9,0.1,tournament,3.0,True,False,0.5,0.1,0.35,5.0,0.0,,,,,,,,,,,,,,
J30_1.RCP,1,71.77631578947368,0.19472599029541016,GA_tournament_two_point_adaptive_random_noLS_noNeighborhood,38,1000,1,50.0,60.0,,,,,,adaptive,two_point,random,False,,,,,,,0.9,0.1,tournament,3.0,True,False,0.5,0.1,0.35,5.0,0.0,,,,,,,,,,,,,,
J30_1.RCP,0,89.0921052631579,0.1298079490661621,GA_tournament_two_point_adaptive_heuristic_withLS_withNeighborhood,38,1000,0,50.0,60.0,,,,,,adaptive,two_point,heuristic,True,,,,,,,0.9,0.1,tournament,3.0,True,False,0.5,0.1,0.35,5.0,2.0,,,,,,,,,,,,,,
J30_1.RCP,1,83.25,0.12865090370178223,GA_tournament_two_point_adaptive_heuristic_withLS_withNeighborhood,38,1000,1,50.0,60.0,,,,,,adaptive,two_point,heuristic,True,,,,,,,0.9,0.1,tournament,3.0,True,False,0.5,0.1,0.35,5.0,2.0,,,,,,,,,,,,,,
J30_1.RCP,0,89.0921052631579,0.12923002243041992,GA_tournament_two_point_adaptive_heuristic_withLS_noNeighborhood,38,1000,0,50.0,60.0,,,,,,adaptive,two_point,heuristic,True,,,,,,,0.9,0.1,tournament,3.0,True,False,0.5,0.1,0.35,5.0,0.0,,,,,,,,,,,,,,
J30_1.RCP,1,83.25,0.13050103187561035,GA_tournament_two_point_adaptive_heuristic_withLS_noNeighborhood,38,1000,1,50.0,60.0,,,,,,adaptive,two_point,heuristic,True,,,,,,,0.9,0.1,tournament,3.0,True,False,0.5,0.1,0.35,5.0,0.0,,,,,,,,,,,,,,
J30_1.RCP,0,74.77631578947368,0.19598078727722168,GA_tournament_two_point_adaptive_heuristic_noLS_withNeighborhood,38,1000,0,50.0,60.0,,,,,,adaptive,two_point,heuristic,False,,,,,,,0.9,0.1,tournament,3.0,True,False,0.5,0.1,0.35,5.0,2.0,,,,,,,,,,,,,,
J30_1.RCP,1,75.35526315789475,0.1965489387512207,GA_tournament_two_point_adaptive_heuristic_noLS_withNeighborhood,38,1000,1,50.0,60.0,,,,,,adaptive,two_point,heuristic,False,,,,,,,0.9,0.1,tournament,3.0,True,False,0.5,0.1,0.35,5.0,2.0,,,,,,,,,,,,,,
J30_1.RCP,0,74.77631578947368,0.19680476188659668,GA_tournament_two_point_adaptive_heuristic_noLS_noNeighborhood,38,1000,0,50.0,60.0,,,,,,adaptive,two_point,heuristic,False,,,,,,,0.9,0.1,tournament,3.0,True,False,0.5,0.1,0.35,5.0,0.0,,,,,,,,,,,,,,
J30_1.RCP,1,75.35526315789475,0.1966400146484375,GA_tournament_two_point_adaptive_heuristic_noLS_noNeighborhood,38,1000,1,50.0,60.0,,,,,,adaptive,two_point,heuristic,False,,,,,,,0.9,0.1,tournament,3.0,True,False,0.5,0.1,0.35,5.0,0.0,,,,,,,,,,,,,,
J30_1.RCP,0,91.77631578947368,0.5602357387542725,GA_tournament_rcx_random_random_withLS_withNeighborhood,38,1000,0,50.0,60.0,,,,,,random,rcx,random,True,,,,,,,0.9,0.1,tournament,3.0,True,False,0.5,0.1,0.35,5.0,2.0,,,,,,,,,,,,,,
J30_1.RCP,1,78.77631578947368,0.5538120269775391,GA_tournament_rcx_random_random_withLS_withNeighborhood,38,1000,1,50.0,60.0,,,,,,random,rcx,random,True,,,,,,,0.9,0.1,tournament,3.0,True,False,0.5,0.1,0.35,5.0,2.0,,,,,,,,,,,,,,
J30_1.RCP,0,91.77631578947368,0.5610671043395996,GA_tournament_rcx_random_random_withLS_noNeighborhood,38,1000,0,50.0,60.0,,,,,,random,rcx,random,True,,,,,,,0.9,0.1,tournament,3.0,True,False,0.5,0.1,0.35,5.0,0.0,,,,,,,,,,,,,,
J30_1.RCP,1,78.77631578947368,0.5571022033691406,GA_tournament_rcx_random_random_withLS_noNeighborhood,38,1000,1,50.0,60.0,,,,,,random,rcx,random,True,,,,,,,0.9,0.1,tournament,3.0,True,False,0.5,0.1,0.35,5.0,0.0,,,,,,,,,,,,,,
J30_1.RCP,0,65.7236842105263,1.9418861865997314,GA_tournament_rcx_random_random_noLS_withNeighborhood,38,1000,0,50.0,60.0,,,,,,random,rcx,random,False,,,,,,,0.9,0.1,tournament,3.0,True,False,0.5,0.1,0.35,5.0,2.0,,,,,,,,,,,,,,
J30_1.RCP,1,69.61842105263158,1.9613900184631348,GA_tournament_rcx_random_random_noLS_withNeighborhood,38,1000,1,50.0,60.0,,,,,,random,rcx,random,False,,,,,,,0.9,0.1,tournament,3.0,True,False,0.5,0.1,0.35,5.0,2.0,,,,,,,,,,,,,,
J30_1.RCP,0,65.7236842105263,1.9471700191497803,GA_tournament_rcx_random_random_noLS_noNeighborhood,38,1000,0,50.0,60.0,,,,,,random,rcx,random,False,,,,,,,0.9,0.1,tournament,3.0,True,False,0.5,0.1,0.35,5.0,0.0,,,,,,,,,,,,,,
J30_1.RCP,1,69.61842105263158,1.9508121013641357,GA_tournament_rcx_random_random_noLS_noNeighborhood,38,1000,1,50.0,60.0,,,,,,random,rcx,random,False,,,,,,,0.9,0.1,tournament,3.0,True,False,0.5,0.1,0.35,5.0,0.0,,,,,,,,,,,,,,
J30_1.RCP,0,89.82894736842105,0.5722103118896484,GA_tournament_rcx_random_heuristic_withLS_withNeighborhood,38,1000,0,50.0,60.0,,,,,,random,rcx,heuristic,True,,,,,,,0.9,0.1,tournament,3.0,True,False,0.5,0.1,0.35,5.0,2.0,,,,,,,,,,,,,,
J30_1.RCP,1,84.09210526315789,0.5728998184204102,GA_tournament_rcx_random_heuristic_withLS_withNeighborhood,38,1000,1,50.0,60.0,,,,,,random,rcx,heuristic,True,,,,,,,0.9,0.1,tournament,3.0,True,False,0.5,0.1,0.35,5.0,2.0,,,,,,,,,,,,,,
J30_1.RCP,0,89.82894736842105,0.5746419429779053,GA_tournament_rcx_random_heuristic_withLS_noNeighborhood,38,1000,0,50.0,60.0,,,,,,random,rcx,heuristic,True,,,,,,,0.9,0.1,tournament,3.0,True,False,0.5,0.1,0.35,5.0,0.0,,,,,,,,,,,,,,
J30_1.RCP,1,84.09210526315789,0.6049811840057373,GA_tournament_rcx_random_heuristic_withLS_noNeighborhood,38,1000,1,50.0,60.0,,,,,,random,rcx,heuristic,True,,,,,,,0.9,0.1,tournament,3.0,True,False,0.5,0.1,0.35,5.0,0.0,,,,,,,,,,,,,,
J30_1.RCP,0,82.30263157894737,2.159524917602539,GA_tournament_rcx_random_heuristic_noLS_withNeighborhood,38,1000,0,50.0,60.0,,,,,,random,rcx,heuristic,False,,,,,,,0.9,0.1,tournament,3.0,True,False,0.5,0.1,0.35,5.0,2.0,,,,,,,,,,,,,,
J30_1.RCP,1,69.5657894736842,2.0075418949127197,GA_tournament_rcx_random_heuristic_noLS_withNeighborhood,38,1000,1,50.0,60.0,,,,,,random,rcx,heuristic,False,,,,,,,0.9,0.1,tournament,3.0,True,False,0.5,0.1,0.35,5.0,2.0,,,,,,,,,,,,,,
J30_1.RCP,0,82.30263157894737,2.004302978515625,GA_tournament_rcx_random_heuristic_noLS_noNeighborhood,38,1000,0,50.0,60.0,,,,,,random,rcx,heuristic,False,,,,,,,0.9,0.1,tournament,3.0,True,False,0.5,0.1,0.35,5.0,0.0,,,,,,,,,,,,,,
J30_1.RCP,1,69.5657894736842,2.031540870666504,GA_tournament_rcx_random_heuristic_noLS_noNeighborhood,38,1000,1,50.0,60.0,,,,,,random,rcx,heuristic,False,,,,,,,0.9,0.1,tournament,3.0,True,False,0.5,0.1,0.35,5.0,0.0,,,,,,,,,,,,,,
J30_1.RCP,0,82.46052631578948,0.5887129306793213,GA_tournament_rcx_adaptive_random_withLS_withNeighborhood,38,1000,0,50.0,60.0,,,,,,adaptive,rcx,random,True,,,,,,,0.9,0.1,tournament,3.0,True,False,0.5,0.1,0.35,5.0,2.0,,,,,,,,,,,,,,
J30_1.RCP,1,83.35526315789474,0.5901522636413574,GA_tournament_rcx_adaptive_random_withLS_withNeighborhood,38,1000,1,50.0,60.0,,,,,,adaptive,rcx,random,True,,,,,,,0.9,0.1,tournament,3.0,True,False,0.5,0.1,0.35,5.0,2.0,,,,,,,,,,,,,,
J30_1.RCP,0,82.46052631578948,0.5852539539337158,GA_tournament_rcx_adaptive_random_withLS_noNeighborhood,38,1000,0,50.0,60.0,,,,,,adaptive,rcx,random,True,,,,,,,0.9,0.1,tournament,3.0,True,False,0.5,0.1,0.35,5.0,0.0,,,,,,,,,,,,,,
J30_1.RCP,1,83.35526315789474,0.5891909599304199,GA_tournament_rcx_adaptive_random_withLS_noNeighborhood,38,1000,1,50.0,60.0,,,,,,adaptive,rcx,random,True,,,,,,,0.9,0.1,tournament,3.0,True,False,0.5,0.1,0.35,5.0,0.0,,,,,,,,,,,,,,
J30_1.RCP,0,71.72368421052633,1.9543869495391846,GA_tournament_rcx_adaptive_random_noLS_withNeighborhood,38,1000,0,50.0,60.0,,,,,,adaptive,rcx,random,False,,,,,,,0.9,0.1,tournament,3.0,True,False,0.5,0.1,0.35,5.0,2.0,,,,,,,,,,,,,,
J30_1.RCP,1,70.72368421052632,2.0691640377044678,GA_tournament_rcx_adaptive_random_noLS_withNeighborhood,38,1000,1,50.0,60.0,,,,,,adaptive,rcx,random,False,,,,,,,0.9,0.1,tournament,3.0,True,False,0.5,0.1,0.35,5.0,2.0,,,,,,,,,,,,,,
J30_1.RCP,0,71.72368421052633,1.958078145980835,GA_tournament_rcx_adaptive_random_noLS_noNeighborhood,38,1000,0,50.0,60.0,,,,,,adaptive,rcx,random,False,,,,,,,0.9,0.1,tournament,3.0,True,False,0.5,0.1,0.35,5.0,0.0,,,,,,,,,,,,,,
J30_1.RCP,1,70.72368421052632,2.046119213104248,GA_tournament_rcx_adaptive_random_noLS_noNeighborhood,38,1000,1,50.0,60.0,,,,,,adaptive,rcx,random,False,,,,,,,0.9,0.1,tournament,3.0,True,False,0.5,0.1,0.35,5.0,0.0,,,,,,,,,,,,,,
J30_1.RCP,0,91.14473684210526,0.5800700187683105,GA_tournament_rcx_adaptive_heuristic_withLS_withNeighborhood,38,1000,0,50.0,60.0,,,,,,adaptive,rcx,heuristic,True,,,,,,,0.9,0.1,tournament,3.0,True,False,0.5,0.1,0.35,5.0,2.0,,,,,,,,,,,,,,
J30_1.RCP,1,79.82894736842105,0.5825097560882568,GA_tournament_rcx_adaptive_heuristic_withLS_withNeighborhood,38,1000,1,50.0,60.0,,,,,,adaptive,rcx,heuristic,True,,,,,,,0.9,0.1,tournament,3.0,True,False,0.5,0.1,0.35,5.0,2.0,,,,,,,,,,,,,,
J30_1.RCP,0,91.14473684210526,0.5810623168945312,GA_tournament_rcx_adaptive_heuristic_withLS_noNeighborhood,38,1000,0,50.0,60.0,,,,,,adaptive,rcx,heuristic,True,,,,,,,0.9,0.1,tournament,3.0,True,False,0.5,0.1,0.35,5.0,0.0,,,,,,,,,,,,,,
J30_1.RCP,1,79.82894736842105,0.5840198993682861,GA_tournament_rcx_adaptive_heuristic_withLS_noNeighborhood,38,1000,1,50.0,60.0,,,,,,adaptive,rcx,heuristic,True,,,,,,,0.9,0.1,tournament,3.0,True,False,0.5,0.1,0.35,5.0,0.0,,,,,,,,,,,,,,
J30_1.RCP,0,72.61842105263158,2.0384750366210938,GA_tournament_rcx_adaptive_heuristic_noLS_withNeighborhood,38,1000,0,50.0,60.0,,,,,,adaptive,rcx,heuristic,False,,,,,,,0.9,0.1,tournament,3.0,True,False,0.5,0.1,0.35,5.0,2.0,,,,,,,,,,,,,,
J30_1.RCP,1,72.7763157894737,2.005992889404297,GA_tournament_rcx_adaptive_heuristic_noLS_withNeighborhood,38,1000,1,50.0,60.0,,,,,,adaptive,rcx,heuristic,False,,,,,,,0.9,0.1,tournament,3.0,True,False,0.5,0.1,0.35,5.0,2.0,,,,,,,,,,,,,,
J30_1.RCP,0,72.61842105263158,2.0601940155029297,GA_tournament_rcx_adaptive_heuristic_noLS_noNeighborhood,38,1000,0,50.0,60.0,,,,,,adaptive,rcx,heuristic,False,,,,,,,0.9,0.1,tournament,3.0,True,False,0.5,0.1,0.35,5.0,0.0,,,,,,,,,,,,,,
J30_1.RCP,1,72.7763157894737,2.0061559677124023,GA_tournament_rcx_adaptive_heuristic_noLS_noNeighborhood,38,1000,1,50.0,60.0,,,,,,adaptive,rcx,heuristic,False,,,,,,,0.9,0.1,tournament,3.0,True,False,0.5,0.1,0.35,5.0,0.0,,,,,,,,,,,,,,
J30_1.RCP,0,81.98684210526316,0.3521909713745117,GA_tournament_hybrid_random_random_withLS_withNeighborhood,38,1000,0,50.0,60.0,,,,,,random,hybrid,random,True,,,,,,,0.9,0.1,tournament,3.0,True,False,0.5,0.1,0.35,5.0,2.0,,,,,,,,,,,,,,
J30_1.RCP,1,84.98684210526316,0.3692629337310791,GA_tournament_hybrid_random_random_withLS_withNeighborhood,38,1000,1,50.0,60.0,,,,,,random,hybrid,random,True,,,,,,,0.9,0.1,tournament,3.0,True,False,0.5,0.1,0.35,5.0,2.0,,,,,,,,,,,,,,
J30_1.RCP,0,81.98684210526316,0.3562469482421875,GA_tournament_hybrid_random_random_withLS_noNeighborhood,38,1000,0,50.0,60.0,,,,,,random,hybrid,random,True,,,,,,,0.9,0.1,tournament,3.0,True,False,0.5,0.1,0.35,5.0,0.0,,,,,,,,,,,,,,
J30_1.RCP,1,84.98684210526316,0.3813309669494629,GA_tournament_hybrid_random_random_withLS_noNeighborhood,38,1000,1,50.0,60.0,,,,,,random,hybrid,random,True,,,,,,,0.9,0.1,tournament,3.0,True,False,0.5,0.1,0.35,5.0,0.0,,,,,,,,,,,,,,
J30_1.RCP,0,66.51315789473684,1.1739740371704102,GA_tournament_hybrid_random_random_noLS_withNeighborhood,38,1000,0,50.0,60.0,,,,,,random,hybrid,random,False,,,,,,,0.9,0.1,tournament,3.0,True,False,0.5,0.1,0.35,5.0,2.0,,,,,,,,,,,,,,
J30_1.RCP,1,69.35526315789474,1.1406047344207764,GA_tournament_hybrid_random_random_noLS_withNeighborhood,38,1000,1,50.0,60.0,,,,,,random,hybrid,random,False,,,,,,,0.9,0.1,tournament,3.0,True,False,0.5,0.1,0.35,5.0,2.0,,,,,,,,,,,,,,
J30_1.RCP,0,66.51315789473684,1.1466789245605469,GA_tournament_hybrid_random_random_noLS_noNeighborhood,38,1000,0,50.0,60.0,,,,,,random,hybrid,random,False,,,,,,,0.9,0.1,tournament,3.0,True,False,0.5,0.1,0.35,5.0,0.0,,,,,,,,,,,,,,
J30_1.RCP,1,69.35526315789474,1.1327118873596191,GA_tournament_hybrid_random_random_noLS_noNeighborhood,38,1000,1,50.0,60.0,,,,,,random,hybrid,random,False,,,,,,,0.9,0.1,tournament,3.0,True,False,0.5,0.1,0.35,5.0,0.0,,,,,,,,,,,,,,
J30_1.RCP,0,88.5657894736842,0.36417102813720703,GA_tournament_hybrid_random_heuristic_withLS_withNeighborhood,38,1000,0,50.0,60.0,,,,,,random,hybrid,heuristic,True,,,,,,,0.9,0.1,tournament,3.0,True,False,0.5,0.1,0.35,5.0,2.0,,,,,,,,,,,,,,
J30_1.RCP,1,79.46052631578948,0.3764829635620117,GA_tournament_hybrid_random_heuristic_withLS_withNeighborhood,38,1000,1,50.0,60.0,,,,,,random,hybrid,heuristic,True,,,,,,,0.9,0.1,tournament,3.0,True,False,0.5,0.1,0.35,5.0,2.0,,,,,,,,,,,,,,
J30_1.RCP,0,88.5657894736842,0.36681127548217773,GA_tournament_hybrid_random_heuristic_withLS_noNeighborhood,38,1000,0,50.0,60.0,,,,,,random,hybrid,heuristic,True,,,,,,,0.9,0.1,tournament,3.0,True,False,0.5,0.1,0.35,5.0,0.0,,,,,,,,,,,,,,
J30_1.RCP,1,79.46052631578948,0.38087034225463867,GA_tournament_hybrid_random_heuristic_withLS_noNeighborhood,38,1000,1,50.0,60.0,,,,,,random,hybrid,heuristic,True,,,,,,,0.9,0.1,tournament,3.0,True,False,0.5,0.1,0.35,5.0,0.0,,,,,,,,,,,,,,
J30_1.RCP,0,72.09210526315789,1.1277658939361572,GA_tournament_hybrid_random_heuristic_noLS_withNeighborhood,38,1000,0,50.0,60.0,,,,,,random,hybrid,heuristic,False,,,,,,,0.9,0.1,tournament,3.0,True,False,0.5,0.1,0.35,5.0,2.0,,,,,,,,,,,,,,
J30_1.RCP,1,70.40789473684211,1.1645102500915527,GA_tournament_hybrid_random_heuristic_noLS_withNeighborhood,38,1000,1,50.0,60.0,,,,,,random,hybrid,heuristic,False,,,,,,,0.9,0.1,tournament,3.0,True,False,0.5,0.1,0.35,5.0,2.0,,,,,,,,,,,,,,
J30_1.RCP,0,72.09210526315789,1.1325409412384033,GA_tournament_hybrid_random_heuristic_noLS_noNeighborhood,38,1000,0,50.0,60.0,,,,,,random,hybrid,heuristic,False,,,,,,,0.9,0.1,tournament,3.0,True,False,0.5,0.1,0.35,5.0,0.0,,,,,,,,,,,,,,
J30_1.RCP,1,70.40789473684211,1.162837028503418,GA_tournament_hybrid_random_heuristic_noLS_noNeighborhood,38,1000,1,50.0,60.0,,,,,,random,hybrid,heuristic,False,,,,,,,0.9,0.1,tournament,3.0,True,False,0.5,0.1,0.35,5.0,0.0,,,,,,,,,,,,,,
J30_1.RCP,0,84.98684210526316,0.35567307472229004,GA_tournament_hybrid_adaptive_random_withLS_withNeighborhood,38,1000,0,50.0,60.0,,,,,,adaptive,hybrid,random,True,,,,,,,0.9,0.1,tournament,3.0,True,False,0.5,0.1,0.35,5.0,2.0,,,,,,,,,,,,,,
J30_1.RCP,1,84.67105263157895,0.3681211471557617,GA_tournament_hybrid_adaptive_random_withLS_withNeighborhood,38,1000,1,50.0,60.0,,,,,,adaptive,hybrid,random,True,,,,,,,0.9,0.1,tournament,3.0,True,False,0.5,0.1,0.35,5.0,2.0,,,,,,,,,,,,,,
J30_1.RCP,0,84.98684210526316,0.36147618293762207,GA_tournament_hybrid_adaptive_random_withLS_noNeighborhood,38,1000,0,50.0,60.0,,,,,,adaptive,hybrid,random,True,,,,,,,0.9,0.1,tournament,3.0,True,False,0.5,0.1,0.35,5.0,0.0,,,,,,,,,,,,,,
J30_1.RCP,1,84.67105263157895,0.3734440803527832,GA_tournament_hybrid_adaptive_random_withLS_noNeighborhood,38,1000,1,50.0,60.0,,,,,,adaptive,hybrid,random,True,,,,,,,0.9,0.1,tournament,3.0,True,False,0.5,0.1,0.35,5.0,0.0,,,,,,,,,,,,,,
J30_1.RCP,0,71.82894736842105,1.1468708515167236,GA_tournament_hybrid_adaptive_random_noLS_withNeighborhood,38,1000,0,50.0,60.0,,,,,,adaptive,hybrid,random,False,,,,,,,0.9,0.1,tournament,3.0,True,False,0.5,0.1,0.35,5.0,2.0,,,,,,,,,,,,,,
J30_1.RCP,1,74.03947368421053,1.1391491889953613,GA_tournament_hybrid_adaptive_random_noLS_withNeighborhood,38,1000,1,50.0,60.0,,,,,,adaptive,hybrid,random,False,,,,,,,0.9,0.1,tournament,3.0,True,False,0.5,0.1,0.35,5.0,2.0,,,,,,,,,,,,,,
J30_1.RCP,0,71.82894736842105,1.1303138732910156,GA_tournament_hybrid_adaptive_random_noLS_noNeighborhood,38,1000,0,50.0,60.0,,,,,,adaptive,hybrid,random,False,,,,,,,0.9,0.1,tournament,3.0,True,False,0.5,0.1,0.35,5.0,0.0,,,,,,,,,,,,,,
J30_1.RCP,1,74.03947368421053,1.129955768585205,GA_tournament_hybrid_adaptive_random_noLS_noNeighborhood,38,1000,1,50.0,60.0,,,,,,adaptive,hybrid,random,False,,,,,,,0.9,0.1,tournament,3.0,True,False,0.5,0.1,0.35,5.0,0.0,,,,,,,,,,,,,,
J30_1.RCP,0,82.09210526315789,0.3614630699157715,GA_tournament_hybrid_adaptive_heuristic_withLS_withNeighborhood,38,1000,0,50.0,60.0,,,,,,adaptive,hybrid,heuristic,True,,,,,,,0.9,0.1,tournament,3.0,True,False,0.5,0.1,0.35,5.0,2.0,,,,,,,,,,,,,,
J30_1.RCP,1,88.9342105263158,0.37130188941955566,GA_tournament_hybrid_adaptive_heuristic_withLS_withNeighborhood,38,1000,1,50.0,60.0,,,,,,adaptive,hybrid,heuristic,True,,,,,,,0.9,0.1,tournament,3.0,True,False,0.5,0.1,0.35,5.0,2.0,,,,,,,,,,,,,,
J30_1.RCP,0,82.09210526315789,0.3492848873138428,GA_tournament_hybrid_adaptive_heuristic_withLS_noNeighborhood,38,1000,0,50.0,60.0,,,,,,adaptive,hybrid,heuristic,True,,,,,,,0.9,0.1,tournament,3.0,True,False,0.5,0.1,0.35,5.0,0.0,,,,,,,,,,,,,,
J30_1.RCP,1,88.9342105263158,0.3700740337371826,GA_tournament_hybrid_adaptive_heuristic_withLS_noNeighborhood,38,1000,1,50.0,60.0,,,,,,adaptive,hybrid,heuristic,True,,,,,,,0.9,0.1,tournament,3.0,True,False,0.5,0.1,0.35,5.0,0.0,,,,,,,,,,,,,,
J30_1.RCP,0,71.35526315789474,1.1532998085021973,GA_tournament_hybrid_adaptive_heuristic_noLS_withNeighborhood,38,1000,0,50.0,60.0,,,,,,adaptive,hybrid,heuristic,False,,,,,,,0.9,0.1,tournament,3.0,True,False,0.5,0.1,0.35,5.0,2.0,,,,,,,,,,,,,,
J30_1.RCP,1,76.67105263157895,1.1287610530853271,GA_tournament_hybrid_adaptive_heuristic_noLS_withNeighborhood,38,1000,1,50.0,60.0,,,,,,adaptive,hybrid,heuristic,False,,,,,,,0.9,0.1,tournament,3.0,True,False,0.5,0.1,0.35,5.0,2.0,,,,,,,,,,,,,,
J30_1.RCP,0,71.35526315789474,1.114151954650879,GA_tournament_hybrid_adaptive_heuristic_noLS_noNeighborhood,38,1000,0,50.0,60.0,,,,,,adaptive,hybrid,heuristic,False,,,,,,,0.9,0.1,tournament,3.0,True,False,0.5,0.1,0.35,5.0,0.0,,,,,,,,,,,,,,
J30_1.RCP,1,76.67105263157895,1.1304950714111328,GA_tournament_hybrid_adaptive_heuristic_noLS_noNeighborhood,38,1000,1,50.0,60.0,,,,,,adaptive,hybrid,heuristic,False,,,,,,,0.9,0.1,tournament,3.0,True,False,0.5,0.1,0.35,5.0,0.0,,,,,,,,,,,,,,
J30_1.RCP,0,86.5657894736842,0.11282682418823242,SA_default,38,1000,0,,60.0,,,,,,,,,,,,,,,,,,,,,,,,,,,10000.0,0.995,10.0,,,,,,,,,,,
J30_1.RCP,1,87.03947368421052,0.11068296432495117,SA_default,38,1000,1,,60.0,,,,,,,,,,,,,,,,,,,,,,,,,,,10000.0,0.995,10.0,,,,,,,,,,,
J30_1.RCP,0,104.46052631578948,0.10278892517089844,ILS_strength3,38,1000,0,,60.0,100.0,,,,,,,,,,,,,,,,,,,,,,,,,,,,,3.0,,,,,,,,,,
J30_1.RCP,1,77.88157894736842,0.11146712303161621,ILS_strength3,38,1000,1,,60.0,100.0,,,,,,,,,,,,,,,,,,,,,,,,,,,,,3.0,,,,,,,,,,
J30_1.RCP,0,104.46052631578948,0.10178613662719727,ILS_strength5,38,1000,0,,60.0,100.0,,,,,,,,,,,,,,,,,,,,,,,,,,,,,5.0,,,,,,,,,,
J30_1.RCP,1,77.88157894736842,0.10229682922363281,ILS_strength5,38,1000,1,,60.0,100.0,,,,,,,,,,,,,,,,,,,,,,,,,,,,,5.0,,,,,,,,,,
J30_1.RCP,0,104.46052631578948,0.10152888298034668,ILS_strength7,38,1000,0,,60.0,100.0,,,,,,,,,,,,,,,,,,,,,,,,,,,,,7.0,,,,,,,,,,
J30_1.RCP,1,77.88157894736842,0.10196495056152344,ILS_strength7,38,1000,1,,60.0,100.0,,,,,,,,,,,,,,,,,,,,,,,,,,,,,7.0,,,,,,,,,,
J30_1.RCP,0,104.46052631578948,0.10168075561523438,ILS_strength10,38,1000,0,,60.0,100.0,,,,,,,,,,,,,,,,,,,,,,,,,,,,,10.0,,,,,,,,,,
J30_1.RCP,1,77.88157894736842,0.11152005195617676,ILS_strength10,38,1000,1,,60.0,100.0,,,,,,,,,,,,,,,,,,,,,,,,,,,,,10.0,,,,,,,,,,
J30_1.RCP,0,104.46052631578948,0.10311293601989746,ILS_strength15,38,1000,0,,60.0,100.0,,,,,,,,,,,,,,,,,,,,,,,,,,,,,15.0,,,,,,,,,,
J30_1.RCP,1,77.88157894736842,0.10243821144104004,ILS_strength15,38,1000,1,,60.0,100.0,,,,,,,,,,,,,,,,,,,,,,,,,,,,,15.0,,,,,,,,,,
J30_1.RCP,0,63.46052631578947,0.11453914642333984,TS_static,38,1000,0,,60.0,100.0,,,,,,,,,,,,,,,,,,,,,,,,,20.0,,,,,10.0,True,static,1.0,4.0,10.0,,,,
J30_1.RCP,1,64.5657894736842,0.11398601531982422,TS_static,38,1000,1,,60.0,100.0,,,,,,,,,,,,,,,,,,,,,,,,,20.0,,,,,10.0,True,static,1.0,4.0,10.0,,,,
J30_1.RCP,0,63.46052631578947,0.11612105369567871,TS_dynamic,38,1000,0,,60.0,100.0,,,,,,,,,,,,,,,,,,,,,,,,,20.0,,,,,10.0,True,dynamic,1.0,4.0,10.0,,,,
J30_1.RCP,1,64.5657894736842,0.11303305625915527,TS_dynamic,38,1000,1,,60.0,100.0,,,,,,,,,,,,,,,,,,,,,,,,,20.0,,,,,10.0,True,dynamic,1.0,4.0,10.0,,,,
J30_1.RCP,0,116.09210526315792,0.12764620780944824,PR_forward_best_withLS,38,1000,0,,60.0,100.0,,,,,,,,True,,,,,,,,,best,,,,,,,,,,,,,,,,,,,10.0,forward,50.0,
J30_1.RCP,1,112.19736842105263,0.12669992446899414,PR_forward_best_withLS,38,1000,1,,60.0,100.0,,,,,,,,True,,,,,,,,,best,,,,,,,,,,,,,,,,,,,10.0,forward,50.0,
J30_1.RCP,0,105.19736842105264,0.050405025482177734,PR_forward_best_noLS,38,1000,0,,60.0,100.0,,,,,,,,False,,,,,,,,,best,,,,,,,,,,,,,,,,,,,10.0,forward,50.0,
J30_1.RCP,1,100.56578947368422,0.040158987045288086,PR_forward_best_noLS,38,1000,1,,60.0,100.0,,,,,,,,False,,,,,,,,,best,,,,,,,,,,,,,,,,,,,10.0,forward,50.0,
J30_1.RCP,0,97.46052631578948,0.1270139217376709,PR_forward_random_two_withLS,38,1000,0,,60.0,100.0,,,,,,,,True,,,,,,,,,random_two,,,,,,,,,,,,,,,,,,,10.0,forward,50.0,
J30_1.RCP,1,83.88157894736842,0.1316220760345459,PR_forward_random_two_withLS,38,1000,1,,60.0,100.0,,,,,,,,True,,,,,,,,,random_two,,,,,,,,,,,,,,,,,,,10.0,forward,50.0,
J30_1.RCP,0,116.09210526315792,0.026722192764282227,PR_forward_random_two_noLS,38,1000,0,,60.0,100.0,,,,,,,,False,,,,,,,,,random_two,,,,,,,,,,,,,,,,,,,10.0,forward,50.0,
J30_1.RCP,1,89.19736842105264,0.026809215545654297,PR_forward_random_two_noLS,38,1000,1,,60.0,100.0,,,,,,,,False,,,,,,,,,random_two,,,,,,,,,,,,,,,,,,,10.0,forward,50.0,
J30_1.RCP,0,100.03947368421052,0.1314399242401123,PR_backward_best_withLS,38,1000,0,,60.0,100.0,,,,,,,,True,,,,,,,,,best,,,,,,,,,,,,,,,,,,,10.0,backward,50.0,
J30_1.RCP,1,113.4605263157895,0.13000082969665527,PR_backward_best_withLS,38,1000,1,,60.0,100.0,,,,,,,,True,,,,,,,,,best,,,,,,,,,,,,,,,,,,,10.0,backward,50.0,
J30_1.RCP,0,114.98684210526321,0.042853355407714844,PR_backward_best_noLS,38,1000,0,,60.0,100.0,,,,,,,,False,,,,,,,,,best,,,,,,,,,,,,,,,,,,,10.0,backward,50.0,
J30_1.RCP,1,84.35526315789474,0.048156023025512695,PR_backward_best_noLS,38,1000,1,,60.0,100.0,,,,,,,,False,,,,,,,,,best,,,,,,,,,,,,,,,,,,,10.0,backward,50.0,
J30_1.RCP,0,104.09210526315789,0.13015508651733398,PR_backward_random_two_withLS,38,1000,0,,60.0,100.0,,,,,,,,True,,,,,,,,,random_two,,,,,,,,,,,,,,,,,,,10.0,backward,50.0,
J30_1.RCP,1,101.72368421052632,0.13030457496643066,PR_backward_random_two_withLS,38,1000,1,,60.0,100.0,,,,,,,,True,,,,,,,,,random_two,,,,,,,,,,,,,,,,,,,10.0,backward,50.0,
J30_1.RCP,0,117.72368421052636,0.026479005813598633,PR_backward_random_two_noLS,38,1000,0,,60.0,100.0,,,,,,,,False,,,,,,,,,random_two,,,,,,,,,,,,,,,,,,,10.0,backward,50.0,
J30_1.RCP,1,81.77631578947368,0.02701091766357422,PR_backward_random_two_noLS,38,1000,1,,60.0,100.0,,,,,,,,False,,,,,,,,,random_two,,,,,,,,,,,,,,,,,,,10.0,backward,50.0,
J30_1.RCP,0,91.77631578947368,0.8467690944671631,GSA_default,38,1000,0,50.0,60.0,100.0,,,,,,,random,,,,,,,,,,,,True,,20.0,,,,,,,,,,,,,,,,,,100.0
J30_1.RCP,1,92.46052631578948,0.8578290939331055,GSA_default,38,1000,1,50.0,60.0,100.0,,,,,,,random,,,,,,,,,,,,True,,20.0,,,,,,,,,,,,,,,,,,100.0
J30_2.RCP,0,98.50736961451247,0.14168095588684082,DE_rand/1_adaptiveF_bin_adaptiveCR_withLS,42,1000,0,50.0,60.0,100.0,0.1,0.9,True,True,rand/1,bin,random,True,5.0,0.3,1.5,0.3,1.0,1.0,,,,,,,,,,,,,,,,,,,,,,,,,
J30_2.RCP,1,96.98356009070295,0.14127802848815918,DE_rand/1_adaptiveF_bin_adaptiveCR_withLS,42,1000,1,50.0,60.0,100.0,0.1,0.9,True,True,rand/1,bin,random,True,5.0,0.3,1.5,0.3,1.0,1.0,,,,,,,,,,,,,,,,,,,,,,,,,
J30_2.RCP,0,96.45975056689343,0.14021515846252441,DE_rand/1_adaptiveF_bin_adaptiveCR_noLS,42,1000,0,50.0,60.0,100.0,0.1,0.9,True,True,rand/1,bin,random,False,5.0,0.3,1.5,0.3,1.0,1.0,,,,,,,,,,,,,,,,,,,,,,,,,
J30_2.RCP,1,99.84070294784581,0.1397716999053955,DE_rand/1_adaptiveF_bin_adaptiveCR_noLS,42,1000,1,50.0,60.0,100.0,0.1,0.9,True,True,rand/1,bin,random,False,5.0,0.3,1.5,0.3,1.0,1.0,,,,,,,,,,,,,,,,,,,,,,,,,
J30_2.RCP,0,91.07879818594104,0.1403498649597168,DE_rand/1_adaptiveF_bin_fixedCR_withLS,42,1000,0,50.0,60.0,100.0,0.1,0.9,True,False,rand/1,bin,random,True,5.0,0.3,1.5,0.3,1.0,1.0,,,,,,,,,,,,,,,,,,,,,,,,,
J30_2.RCP,1,91.1264172335601,0.13966107368469238,DE_rand/1_adaptiveF_bin_fixedCR_withLS,42,1000,1,50.0,60.0,100.0,0.1,0.9,True,False,rand/1,bin,random,True,5.0,0.3,1.5,0.3,1.0,1.0,,,,,,,,,,,,,,,,,,,,,,,,,
J30_2.RCP,0,96.07879818594105,0.13930511474609375,DE_rand/1_adaptiveF_bin_fixedCR_noLS,42,1000,0,50.0,60.0,100.0,0.1,0.9,True,False,rand/1,bin,random,False,5.0,0.3,1.5,0.3,1.0,1.0,,,,,,,,,,,,,,,,,,,,,,,,,
J30_2.RCP,1,91.07879818594105,0.1391000747680664,DE_rand/1_adaptiveF_bin_fixedCR_noLS,42,1000,1,50.0,60.0,100.0,0.1,0.9,True,False,rand/1,bin,random,False,5.0,0.3,1.5,0.3,1.0,1.0,,,,,,,,,,,,,,,,,,,,,,,,,
J30_2.RCP,0,96.031179138322,0.14224600791931152,DE_rand/1_adaptiveF_exp_adaptiveCR_withLS,42,1000,0,50.0,60.0,100.0,0.1,0.9,True,True,rand/1,exp,random,True,5.0,0.3,1.5,0.3,1.0,1.0,,,,,,,,,,,,,,,,,,,,,,,,,
J30_2.RCP,1,96.50736961451247,0.14266490936279297,DE_rand/1_adaptiveF_exp_adaptiveCR_withLS,42,1000,1,50.0,60.0,100.0,0.1,0.9,True,True,rand/1,exp,random,True,5.0,0.3,1.5,0.3,1.0,1.0,,,,,,,,,,,,,,,,,,,,,,,,,
J30_2.RCP,0,93.9359410430839,0.14145207405090332,DE_rand/1_adaptiveF_exp_adaptiveCR_noLS,42,1000,0,50.0,60.0,100.0,0.1,0.9,True,True,rand/1,exp,random,False,5.0,0.3,1.5,0.3,1.0,1.0,,,,,,,,,,,,,,,,,,,,,,,,,
J30_2.RCP,1,95.74546485260771,0.14145207405090332,DE_rand/1_adaptiveF_exp_adaptiveCR_noLS,42,1000,1,50.0,60.0,100.0,0.1,0.9,True,True,rand/1,exp,random,False,5.0,0.3,1.5,0.3,1.0,1.0,,,,,,,,,,,,,,,,,,,,,,,,,
J30_2.RCP,0,95.60260770975057,0.14272475242614746,DE_rand/1_adaptiveF_exp_fixedCR_withLS,42,1000,0,50.0,60.0,100.0,0.1,0.9,True,False,rand/1,exp,random,True,5.0,0.3,1.5,0.3,1.0,1.0,,,,,,,,,,,,,,,,,,,,,,,,,
J30_2.RCP,1,95.65022675736962,0.1423358917236328,DE_rand/1_adaptiveF_exp_fixedCR_withLS,42,1000,1,50.0,60.0,100.0,0.1,0.9,True,False,rand/1,exp,random,True,5.0,0.3,1.5,0.3,1.0,1.0,,,,,,,,,,,,,,,,,,,,,,,,,
J30_2.RCP,0,92.60260770975057,0.16174912452697754,DE_rand/1_adaptiveF_exp_fixedCR_noLS,42,1000,0,50.0,60.0,100.0,0.1,0.9,True,False,rand/1,exp,random,False,5.0,0.3,1.5,0.3,1.0,1.0,,,,,,,,,,,,,,,,,,,,,,,,,
J30_2.RCP,1,91.9359410430839,0.15982699394226074,DE_rand/1_adaptiveF_exp_fixedCR_noLS,42,1000,1,50.0,60.0,100.0,0.1,0.9,True,False,rand/1,exp,random,False,5.0,0.3,1.5,0.3,1.0,1.0,,,,,,,,,,,,,,,,,,,,,,,,,
J30_2.RCP,0,95.55498866213154,0.15950512886047363,DE_rand/1_fixedF_bin_adaptiveCR_withLS,42,1000,0,50.0,60.0,100.0,0.1,0.9,False,True,rand/1,bin,random,True,5.0,0.3,1.5,0.3,1.0,1.0,,,,,,,,,,,,,,,,,,,,,,,,,
J30_2.RCP,1,89.84070294784581,0.1456918716430664,DE_rand/1_fixedF_bin_adaptiveCR_withLS,42,1000,1,50.0,60.0,100.0,0.1,0.9,False,True,rand/1,bin,random,True,5.0,0.3,1.5,0.3,1.0,1.0,,,,,,,,,,,,,,,,,,,,,,,,,
J30_2.RCP,0,96.93594104308391,0.15989398956298828,DE_rand/1_fixedF_bin_adaptiveCR_noLS,42,1000,0,50.0,60.0,100.0,0.1,0.9,False,True,rand/1,bin,random,False,5.0,0.3,1.5,0.3,1.0,1.0,,,,,,,,,,,,,,,,,,,,,,,,,
J30_2.RCP,1,95.84070294784581,0.14857697486877441,DE_rand/1_fixedF_bin_adaptiveCR_noLS,42,1000,1,50.0,60.0,100.0,0.1,0.9,False,True,rand/1,bin,random,False,5.0,0.3,1.5,0.3,1.0,1.0,,,,,,,,,,,,,,,,,,,,,,,,,
J30_2.RCP,0,92.26927437641723,0.14519000053405762,DE_rand/1_fixedF_bin_fixedCR_withLS,42,1000,0,50.0,60.0,100.0,0.1,0.9,False,False,rand/1,bin,random,True,5.0,0.3,1.5,0.3,1.0,1.0,,,,,,,,,,,,,,,,,,,,,,,,,
J30_2.RCP,1,96.98356009070295,0.1435089111328125,DE_rand/1_fixedF_bin_fixedCR_withLS,42,1000,1,50.0,60.0,100.0,0.1,0.9,False,False,rand/1,bin,random,True,5.0,0.3,1.5,0.3,1.0,1.0,,,,,,,,,,,,,,,,,,,,,,,,,
J30_2.RCP,0,94.84070294784581,0.14910006523132324,DE_rand/1_fixedF_bin_fixedCR_noLS,42,1000,0,50.0,60.0,100.0,0.1,0.9,False,False,rand/1,bin,random,False,5.0,0.3,1.5,0.3,1.0,1.0,,,,,,,,,,,,,,,,,,,,,,,,,
J30_2.RCP,1,93.50736961451247,0.19437527656555176,DE_rand/1_fixedF_bin_fixedCR_noLS,42,1000,1,50.0,60.0,100.0,0.1,0.9,False,False,rand/1,bin,random,False,5.0,0.3,1.5,0.3,1.0,1.0,,,,,,,,,,,,,,,,,,,,,,,,,
J30_2.RCP,0,98.5073696145125,0.21253490447998047,DE_rand/1_fixedF_exp_adaptiveCR_withLS,42,1000,0,50.0,60.0,100.0,0.1,0.9,False,True,rand/1,exp,random,True,5.0,0.3,1.5,0.3,1.0,1.0,,,,,,,,,,,,,,,,,,,,,,,,,
J30_2.RCP,1,98.84070294784583,0.16675472259521484,DE_rand/1_fixedF_exp_adaptiveCR_withLS,42,1000,1,50.0,60.0,100.0,0.1,0.9,False,True,rand/1,exp,random,True,5.0,0.3,1.5,0.3,1.0,1.0,,,,,,,,,,,,,,,,,,,,,,,,,
J30_2.RCP,0,96.41213151927438,0.16502809524536133,DE_rand/1_fixedF_exp_adaptiveCR_noLS,42,1000,0,50.0,60.0,100.0,0.1,0.9,False,True,rand/1,exp,random,False,5.0,0.3,1.5,0.3,1.0,1.0,,,,,,,,,,,,,,,,,,,,,,,,,
J30_2.RCP,1,99.84070294784581,0.16162824630737305,DE_rand/1_fixedF_exp_adaptiveCR_noLS,42,1000,1,50.0,60.0,100.0,0.1,0.9,False,True,rand/1,exp,random,False,5.0,0.3,1.5,0.3,1.0,1.0,,,,,,,,,,,,,,,,,,,,,,,,,
J30_2.RCP,0,96.9359410430839,0.15060997009277344,DE_rand/1_fixedF_exp_fixedCR_withLS,42,1000,0,50.0,60.0,100.0,0.1,0.9,False,False,rand/1,exp,random,True,5.0,0.3,1.5,0.3,1.0,1.0,,,,,,,,,,,,,,,,,,,,,,,,,
J30_2.RCP,1,100.45975056689342,0.1796891689300537,DE_rand/1_fixedF_exp_fixedCR_withLS,42,1000,1,50.0,60.0,100.0,0.1,0.9,False,False,rand/1,exp,random,True,5.0,0.3,1.5,0.3,1.0,1.0,,,,,,,,,,,,,,,,,,,,,,,,,
J30_2.RCP,0,94.17403628117914,0.14918804168701172,DE_rand/1_fixedF_exp_fixedCR_noLS,42,1000,0,50.0,60.0,100.0,0.1,0.9,False,False,rand/1,exp,random,False,5.0,0.3,1.5,0.3,1.0,1.0,,,,,,,,,,,,,,,,,,,,,,,,,
J30_2.RCP,1,95.36451247165533,0.1638178825378418,DE_rand/1_fixedF_exp_fixedCR_noLS,42,1000,1,50.0,60.0,100.0,0.1,0.9,False,False,rand/1,exp,random,False,5.0,0.3,1.5,0.3,1.0,1.0,,,,,,,,,,,,,,,,,,,,,,,,,
J30_2.RCP,0,96.84070294784581,0.17073297500610352,DE_rand/2_adaptiveF_bin_adaptiveCR_withLS,42,1000,0,50.0,60.0,100.0,0.1,0.9,True,True,rand/2,bin,random,True,5.0,0.3,1.5,0.3,1.0,1.0,,,,,,,,,,,,,,,,,,,,,,,,,
J30_2.RCP,1,93.031179138322,0.15757298469543457,DE_rand/2_adaptiveF_bin_adaptiveCR_withLS,42,1000,1,50.0,60.0,100.0,0.1,0.9,True,True,rand/2,bin,random,True,5.0,0.3,1.5,0.3,1.0,1.0,,,,,,,,,,,,,,,,,,,,,,,,,
J30_2.RCP,0,95.9359410430839,0.16486406326293945,DE_rand/2_adaptiveF_bin_adaptiveCR_noLS,42,1000,0,50.0,60.0,100.0,0.1,0.9,True,True,rand/2,bin,random,False,5.0,0.3,1.5,0.3,1.0,1.0,,,,,,,,,,,,,,,,,,,,,,,,,
J30_2.RCP,1,94.36451247165533,0.18820881843566895,DE_rand/2_adaptiveF_bin_adaptiveCR_noLS,42,1000,1,50.0,60.0,100.0,0.1,0.9,True,True,rand/2,bin,random,False,5.0,0.3,1.5,0.3,1.0,1.0,,,,,,,,,,,,,,,,,,,,,,,,,
J30_2.RCP,0,96.55498866213152,0.1681990623474121,DE_rand/2_adaptiveF_bin_fixedCR_withLS,42,1000,0,50.0,60.0,100.0,0.1,0.9,True,False,rand/2,bin,random,True,5.0,0.3,1.5,0.3,1.0,1.0,,,,,,,,,,,,,,,,,,,,,,,,,
J30_2.RCP,1,91.74546485260771,0.16256213188171387,DE_rand/2_adaptiveF_bin_fixedCR_withLS,42,1000,1,50.0,60.0,100.0,0.1,0.9,True,False,rand/2,bin,random,True,5.0,0.3,1.5,0.3,1.0,1.0,,,,,,,,,,,,,,,,,,,,,,,,,
J30_2.RCP,0,86.50736961451247,0.14748382568359375,DE_rand/2_adaptiveF_bin_fixedCR_noLS,42,1000,0,50.0,60.0,100.0,0.1,0.9,True,False,rand/2,bin,random,False,5.0,0.3,1.5,0.3,1.0,1.0,,,,,,,,,,,,,,,,,,,,,,,,,
J30_2.RCP,1,90.98356009070295,0.14975190162658691,DE_rand/2_adaptiveF_bin_fixedCR_noLS,42,1000,1,50.0,60.0,100.0,0.1,0.9,True,False,rand/2,bin,random,False,5.0,0.3,1.5,0.3,1.0,1.0,,,,,,,,,,,,,,,,,,,,,,,,,
J30_2.RCP,0,96.84070294784581,0.15098094940185547,DE_rand/2_adaptiveF_exp_adaptiveCR_withLS,42,1000,0,50.0,60.0,100.0,0.1,0.9,True,True,rand/2,exp,random,True,5.0,0.3,1.5,0.3,1.0,1.0,,,,,,,,,,,,,,,,,,,,,,,,,
J30_2.RCP,1,96.50736961451247,0.1555159091949463,DE_rand/2_adaptiveF_exp_adaptiveCR_withLS,42,1000,1,50.0,60.0,100.0,0.1,0.9,True,True,rand/2,exp,random,True,5.0,0.3,1.5,0.3,1.0,1.0,,,,,,,,,,,,,,,,,,,,,,,,,
J30_2.RCP,0,93.65022675736961,0.17175698280334473,DE_rand/2_adaptiveF_exp_adaptiveCR_noLS,42,1000,0,50.0,60.0,100.0,0.1,0.9,True,True,rand/2,exp,random,False,5.0,0.3,1.5,0.3,1.0,1.0,,,,,,,,,,,,,,,,,,,,,,,,,
J30_2.RCP,1,94.07879818594104,0.1557140350341797,DE_rand/2_adaptiveF_exp_adaptiveCR_noLS,42,1000,1,50.0,60.0,100.0,0.1,0.9,True,True,rand/2,exp,random,False,5.0,0.3,1.5,0.3,1.0,1.0,,,,,,,,,,,,,,,,,,,,,,,,,
J30_2.RCP,0,93.17403628117914,0.14546585083007812,DE_rand/2_adaptiveF_exp_fixedCR_withLS,42,1000,0,50.0,60.0,100.0,0.1,0.9,True,False,rand/2,exp,random,True,5.0,0.3,1.5,0.3,1.0,1.0,,,,,,,,,,,,,,,,,,,,,,,,,
J30_2.RCP,1,94.41213151927438,0.15320134162902832,DE_rand/2_adaptiveF_exp_fixedCR_withLS,42,1000,1,50.0,60.0,100.0,0.1,0.9,True,False,rand/2,exp,random,True,5.0,0.3,1.5,0.3,1.0,1.0,,,,,,,,,,,,,,,,,,,,,,,,,
J30_2.RCP,0,92.55498866213154,0.1627960205078125,DE_rand/2_adaptiveF_exp_fixedCR_noLS,42,1000,0,50.0,60.0,100.0,0.1,0.9,True,False,rand/2,exp,random,False,5.0,0.3,1.5,0.3,1.0,1.0,,,,,,,,,,,,,,,,,,,,,,,,,
J30_2.RCP,1,92.031179138322,0.16215085983276367,DE_rand/2_adaptiveF_exp_fixedCR_noLS,42,1000,1,50.0,60.0,100.0,0.1,0.9,True,False,rand/2,exp,random,False,5.0,0.3,1.5,0.3,1.0,1.0,,,,,,,,,,,,,,,,,,,,,,,,,
J30_2.RCP,0,100.74546485260774,0.16211581230163574,DE_rand/2_fixedF_bin_adaptiveCR_withLS,42,1000,0,50.0,60.0,100.0,0.1,0.9,False,True,rand/2,bin,random,True,5.0,0.3,1.5,0.3,1.0,1.0,,,,,,,,,,,,,,,,,,,,,,,,,
J30_2.RCP,1,94.45975056689342,0.15463805198669434,DE_rand/2_fixedF_bin_adaptiveCR_withLS,42,1000,1,50.0,60.0,100.0,0.1,0.9,False,True,rand/2,bin,random,True,5.0,0.3,1.5,0.3,1.0,1.0,,,,,,,,,,,,,,,,,,,,,,,,,
J30_2.RCP,0,95.55498866213152,0.14875173568725586,DE_rand/2_fixedF_bin_adaptiveCR_noLS,42,1000,0,50.0,60.0,100.0,0.1,0.9,False,True,rand/2,bin,random,False,5.0,0.3,1.5,0.3,1.0,1.0,,,,,,,,,,,,,,,,,,,,,,,,,
J30_2.RCP,1,94.74546485260772,0.15026283264160156,DE_rand/2_fixedF_bin_adaptiveCR_noLS,42,1000,1,50.0,60.0,100.0,0.1,0.9,False,True,rand/2,bin,random,False,5.0,0.3,1.5,0.3,1.0,1.0,,,,,,,,,,,,,,,,,,,,,,,,,
J30_2.RCP,0,96.9359410430839,0.15013504028320312,DE_rand/2_fixedF_bin_fixedCR_withLS,42,1000,0,50.0,60.0,100.0,0.1,0.9,False,False,rand/2,bin,random,True,5.0,0.3,1.5,0.3,1.0,1.0,,,,,,,,,,,,,,,,,,,,,,,,,
J30_2.RCP,1,99.65022675736961,0.14930295944213867,DE_rand/2_fixedF_bin_fixedCR_withLS,42,1000,1,50.0,60.0,100.0,0.1,0.9,False,False,rand/2,bin,random,True,5.0,0.3,1.5,0.3,1.0,1.0,,,,,,,,,,,,,,,,,,,,,,,,,
J30_2.RCP,0,92.69784580498867,0.1452338695526123,DE_rand/2_fixedF_bin_fixedCR_noLS,42,1000,0,50.0,60.0,100.0,0.1,0.9,False,False,rand/2,bin,random,False,5.0,0.3,1.5,0.3,1.0,1.0,,,,,,,,,,,,,,,,,,,,,,,,,
J30_2.RCP,1,96.45975056689343,0.145676851272583,DE_rand/2_fixedF_bin_fixedCR_noLS,42,1000,1,50.0,60.0,100.0,0.1,0.9,False,False,rand/2,bin,random,False,5.0,0.3,1.5,0.3,1.0,1.0,,,,,,,,,,,,,,,,,,,,,,,,,
J30_2.RCP,0,99.9359410430839,0.15251398086547852,DE_rand/2_fixedF_exp_adaptiveCR_withLS,42,1000,0,50.0,60.0,100.0,0.1,0.9,False,True,rand/2,exp,random,True,5.0,0.3,1.5,0.3,1.0,1.0,,,,,,,,,,,,,,,,,,,,,,,,,
J30_2.RCP,1,102.98356009070295,0.1542038917541504,DE_rand/2_fixedF_exp_adaptiveCR_withLS,42,1000,1,50.0,60.0,100.0,0.1,0.9,False,True,rand/2,exp,random,True,5.0,0.3,1.5,0.3,1.0,1.0,,,,,,,,,,,,,,,,,,,,,,,,,
J30_2.RCP,0,93.9359410430839,0.14904093742370605,DE_rand/2_fixedF_exp_adaptiveCR_noLS,42,1000,0,50.0,60.0,100.0,0.1,0.9,False,True,rand/2,exp,random,False,5.0,0.3,1.5,0.3,1.0,1.0,,,,,,,,,,,,,,,,,,,,,,,,,
J30_2.RCP,1,98.26927437641723,0.1506497859954834,DE_rand/2_fixedF_exp_adaptiveCR_noLS,42,1000,1,50.0,60.0,100.0,0.1,0.9,False,True,rand/2,exp,random,False,5.0,0.3,1.5,0.3,1.0,1.0,,,,,,,,,,,,,,,,,,,,,,,,,
J30_2.RCP,0,98.36451247165533,0.17886090278625488,DE_rand/2_fixedF_exp_fixedCR_withLS,42,1000,0,50.0,60.0,100.0,0.1,0.9,False,False,rand/2,exp,random,True,5.0,0.3,1.5,0.3,1.0,1.0,,,,,,,,,,,,,,,,,,,,,,,,,
J30_2.RCP,1,98.4121315192744,0.1524181365966797,DE_rand/2_fixedF_exp_fixedCR_withLS,42,1000,1,50.0,60.0,100.0,0.1,0.9,False,False,rand/2,exp,random,True,5.0,0.3,1.5,0.3,1.0,1.0,,,,,,,,,,,,,,,,,,,,,,,,,
J30_2.RCP,0,95.98356009070297,0.14731812477111816,DE_rand/2_fixedF_exp_fixedCR_noLS,42,1000,0,50.0,60.0,100.0,0.1,0.9,False,False,rand/2,exp,random,False,5.0,0.3,1.5,0.3,1.0,1.0,,,,,,,,,,,,,,,,,,,,,,,,,
J30_2.RCP,1,98.69784580498866,0.1904451847076416,DE_rand/2_fixedF_exp_fixedCR_noLS,42,1000,1,50.0,60.0,100.0,0.1,0.9,False,False,rand/2,exp,random,False,5.0,0.3,1.5,0.3,1.0,1.0,,,,,,,,,,,,,,,,,,,,,,,,,
J30_2.RCP,0,93.9359410430839,0.15033912658691406,DE_best/1_adaptiveF_bin_adaptiveCR_withLS,42,1000,0,50.0,60.0,100.0,0.1,0.9,True,True,best/1,bin,random,True,5.0,0.3,1.5,0.3,1.0,1.0,,,,,,,,,,,,,,,,,,,,,,,,,
J30_2.RCP,1,98.17403628117914,0.14431405067443848,DE_best/1_adaptiveF_bin_adaptiveCR_withLS,42,1000,1,50.0,60.0,100.0,0.1,0.9,True,True,best/1,bin,random,True,5.0,0.3,1.5,0.3,1.0,1.0,,,,,,,,,,,,,,,,,,,,,,,,,
J30_2.RCP,0,98.26927437641723,0.14261579513549805,DE_best/1_adaptiveF_bin_adaptiveCR_noLS,42,1000,0,50.0,60.0,100.0,0.1,0.9,True,True,best/1,bin,random,False,5.0,0.3,1.5,0.3,1.0,1.0,,,,,,,,,,,,,,,,,,,,,,,,,
J30_2.RCP,1,91.41213151927438,0.14657998085021973,DE_best/1_adaptiveF_bin_adaptiveCR_noLS,42,1000,1,50.0,60.0,100.0,0.1,0.9,True,True,best/1,bin,random,False,5.0,0.3,1.5,0.3,1.0,1.0,,,,,,,,,,,,,,,,,,,,,,,,,
J30_2.RCP,0,90.60260770975056,0.14278888702392578,DE_best/1_adaptiveF_bin_fixedCR_withLS,42,1000,0,50.0,60.0,100.0,0.1,0.9,True,False,best/1,bin,random,True,5.0,0.3,1.5,0.3,1.0,1.0,,,,,,,,,,,,,,,,,,,,,,,,,
J30_2.RCP,1,87.79308390022676,0.14310383796691895,DE_best/1_adaptiveF_bin_fixedCR_withLS,42,1000,1,50.0,60.0,100.0,0.1,0.9,True,False,best/1,bin,random,True,5.0,0.3,1.5,0.3,1.0,1.0,,,,,,,,,,,,,,,,,,,,,,,,,
J30_2.RCP,0,85.79308390022676,0.14038395881652832,DE_best/1_adaptiveF_bin_fixedCR_noLS,42,1000,0,50.0,60.0,100.0,0.1,0.9,True,False,best/1,bin,random,False,5.0,0.3,1.5,0.3,1.0,1.0,,,,,,,,,,,,,,,,,,,,,,,,,
J30_2.RCP,1,91.45975056689342,0.14010000228881836,DE_best/1_adaptiveF_bin_fixedCR_noLS,42,1000,1,50.0,60.0,100.0,0.1,0.9,True,False,best/1,bin,random,False,5.0,0.3,1.5,0.3,1.0,1.0,,,,,,,,,,,,,,,,,,,,,,,,,
J30_2.RCP,0,96.60260770975057,0.1452350616455078,DE_best/1_adaptiveF_exp_adaptiveCR_withLS,42,1000,0,50.0,60.0,100.0,0.1,0.9,True,True,best/1,exp,random,True,5.0,0.3,1.5,0.3,1.0,1.0,,,,,,,,,,,,,,,,,,,,,,,,,
J30_2.RCP,1,98.74546485260771,0.14637970924377441,DE_best/1_adaptiveF_exp_adaptiveCR_withLS,42,1000,1,50.0,60.0,100.0,0.1,0.9,True,True,best/1,exp,random,True,5.0,0.3,1.5,0.3,1.0,1.0,,,,,,,,,,,,,,,,,,,,,,,,,
J30_2.RCP,0,93.26927437641723,0.14555811882019043,DE_best/1_adaptiveF_exp_adaptiveCR_noLS,42,1000,0,50.0,60.0,100.0,0.1,0.9,True,True,best/1,exp,random,False,5.0,0.3,1.5,0.3,1.0,1.0,,,,,,,,,,,,,,,,,,,,,,,,,
J30_2.RCP,1,93.84070294784581,0.14564228057861328,DE_best/1_adaptiveF_exp_adaptiveCR_noLS,42,1000,1,50.0,60.0,100.0,0.1,0.9,True,True,best/1,exp,random,False,5.0,0.3,1.5,0.3,1.0,1.0,,,,,,,,,,,,,,,,,,,,,,,,,
J30_2.RCP,0,91.98356009070295,0.14518404006958008,DE_best/1_adaptiveF_exp_fixedCR_withLS,42,1000,0,50.0,60.0,100.0,0.1,0.9,True,False,best/1,exp,random,True,5.0,0.3,1.5,0.3,1.0,1.0,,,,,,,,,,,,,,,,,,,,,,,,,
J30_2.RCP,1,91.36451247165533,0.1433708667755127,DE_best/1_adaptiveF_exp_fixedCR_withLS,42,1000,1,50.0,60.0,100.0,0.1,0.9,True,False,best/1,exp,random,True,5.0,0.3,1.5,0.3,1.0,1.0,,,,,,,,,,,,,,,,,,,,,,,,,
J30_2.RCP,0,92.79308390022676,0.14146900177001953,DE_best/1_adaptiveF_exp_fixedCR_noLS,42,1000,0,50.0,60.0,100.0,0.1,0.9,True,False,best/1,exp,random,False,5.0,0.3,1.5,0.3,1.0,1.0,,,,,,,,,,,,,,,,,,,,,,,,,
J30_2.RCP,1,94.17403628117916,0.14348912239074707,DE_best/1_adaptiveF_exp_fixedCR_noLS,42,1000,1,50.0,60.0,100.0,0.1,0.9,True,False,best/1,exp,random,False,5.0,0.3,1.5,0.3,1.0,1.0,,,,,,,,,,,,,,,,,,,,,,,,,
J30_2.RCP,0,96.84070294784581,0.14974212646484375,DE_best/1_fixedF_bin_adaptiveCR_withLS,42,1000,0,50.0,60.0,100.0,0.1,0.9,False,True,best/1,bin,random,True,5.0,0.3,1.5,0.3,1.0,1.0,,,,,,,,,,,,,,,,,,,,,,,,,
J30_2.RCP,1,92.031179138322,0.149993896484375,DE_best/1_fixedF_bin_adaptiveCR_withLS,42,1000,1,50.0,60.0,100.0,0.1,0.9,False,True,best/1,bin,random,True,5.0,0.3,1.5,0.3,1.0,1.0,,,,,,,,,,,,,,,,,,,,,,,,,
J30_2.RCP,0,90.84070294784581,0.14887714385986328,DE_best/1_fixedF_bin_adaptiveCR_noLS,42,1000,0,50.0,60.0,100.0,0.1,0.9,False,True,best/1,bin,random,False,5.0,0.3,1.5,0.3,1.0,1.0,,,,,,,,,,,,,,,,,,,,,,,,,
J30_2.RCP,1,93.98356009070295,0.14733600616455078,DE_best/1_fixedF_bin_adaptiveCR_noLS,42,1000,1,50.0,60.0,100.0,0.1,0.9,False,True,best/1,bin,random,False,5.0,0.3,1.5,0.3,1.0,1.0,,,,,,,,,,,,,,,,,,,,,,,,,
J30_2.RCP,0,91.41213151927438,0.16037702560424805,DE_best/1_fixedF_bin_fixedCR_withLS,42,1000,0,50.0,60.0,100.0,0.1,0.9,False,False,best/1,bin,random,True,5.0,0.3,1.5,0.3,1.0,1.0,,,,,,,,,,,,,,,,,,,,,,,,,
J30_2.RCP,1,96.79308390022676,0.1688249111175537,DE_best/1_fixedF_bin_fixedCR_withLS,42,1000,1,50.0,60.0,100.0,0.1,0.9,False,False,best/1,bin,random,True,5.0,0.3,1.5,0.3,1.0,1.0,,,,,,,,,,,,,,,,,,,,,,,,,
J30_2.RCP,0,94.98356009070295,0.1633141040802002,DE_best/1_fixedF_bin_fixedCR_noLS,42,1000,0,50.0,60.0,100.0,0.1,0.9,False,False,best/1,bin,random,False,5.0,0.3,1.5,0.3,1.0,1.0,,,,,,,,,,,,,,,,,,,,,,,,,
J30_2.RCP,1,96.26927437641723,0.16271114349365234,DE_best/1_fixedF_bin_fixedCR_noLS,42,1000,1,50.0,60.0,100.0,0.1,0.9,False,False,best/1,bin,random,False,5.0,0.3,1.5,0.3,1.0,1.0,,,,,,,,,,,,,,,,,,,,,,,,,
J30_2.RCP,0,92.22165532879819,0.16341400146484375,DE_best/1_fixedF_exp_adaptiveCR_withLS,42,1000,0,50.0,60.0,100.0,0.1,0.9,False,True,best/1,exp,random,True,5.0,0.3,1.5,0.3,1.0,1.0,,,,,,,,,,,,,,,,,,,,,,,,,
J30_2.RCP,1,91.07879818594105,0.15053129196166992,DE_best/1_fixedF_exp_adaptiveCR_withLS,42,1000,1,50.0,60.0,100.0,0.1,0.9,False,True,best/1,exp,random,True,5.0,0.3,1.5,0.3,1.0,1.0,,,,,,,,,,,,,,,,,,,,,,,,,
J30_2.RCP,0,93.45975056689343,0.14618778228759766,DE_best/1_fixedF_exp_adaptiveCR_noLS,42,1000,0,50.0,60.0,100.0,0.1,0.9,False,True,best/1,exp,random,False,5.0,0.3,1.5,0.3,1.0,1.0,,,,,,,,,,,,,,,,,,,,,,,,,
J30_2.RCP,1,90.55498866213152,0.15256595611572266,DE_best/1_fixedF_exp_adaptiveCR_noLS,42,1000,1,50.0,60.0,100.0,0.1,0.9,False,True,best/1,exp,random,False,5.0,0.3,1.5,0.3,1.0,1.0,,,,,,,,,,,,,,,,,,,,,,,,,
J30_2.RCP,0,89.79308390022676,0.14764690399169922,DE_best/1_fixedF_exp_fixedCR_withLS,42,1000,0,50.0,60.0,100.0,0.1,0.9,False,False,best/1,exp,random,True,5.0,0.3,1.5,0.3,1.0,1.0,,,,,,,,,,,,,,,,,,,,,,,,,
J30_2.RCP,1,92.26927437641723,0.14505529403686523,DE_best/1_fixedF_exp_fixedCR_withLS,42,1000,1,50.0,60.0,100.0,0.1,0.9,False,False,best/1,exp,random,True,5.0,0.3,1.5,0.3,1.0,1.0,,,,,,,,,,,,,,,,,,,,,,,,,
J30_2.RCP,0,91.65022675736961,0.14121794700622559,DE_best/1_fixedF_exp_fixedCR_noLS,42,1000,0,50.0,60.0,100.0,0.1,0.9,False,False,best/1,exp,random,False,5.0,0.3,1.5,0.3,1.0,1.0,,,,,,,,,,,,,,,,,,,,,,,,,
J30_2.RCP,1,95.12641723356009,0.14170527458190918,DE_best/1_fixedF_exp_fixedCR_noLS,42,1000,1,50.0,60.0,100.0,0.1,0.9,False,False,best/1,exp,random,False,5.0,0.3,1.5,0.3,1.0,1.0,,,,,,,,,,,,,,,,,,,,,,,,,
J30_2.RCP,0,98.98356009070297,0.14602208137512207,DE_best/2_adaptiveF_bin_adaptiveCR_withLS,42,1000,0,50.0,60.0,100.0,0.1,0.9,True,True,best/2,bin,random,True,5.0,0.3,1.5,0.3,1.0,1.0,,,,,,,,,,,,,,,,,,,,,,,,,
J30_2.RCP,1,97.31689342403628,0.14647293090820312,DE_best/2_adaptiveF_bin_adaptiveCR_withLS,42,1000,1,50.0,60.0,100.0,0.1,0.9,True,True,best/2,bin,random,True,5.0,0.3,1.5,0.3,1.0,1.0,,,,,,,,,,,,,,,,,,,,,,,,,
J30_2.RCP,0,97.3168934240363,0.1438732147216797,DE_best/2_adaptiveF_bin_adaptiveCR_noLS,42,1000,0,50.0,60.0,100.0,0.1,0.9,True,True,best/2,bin,random,False,5.0,0.3,1.5,0.3,1.0,1.0,,,,,,,,,,,,,,,,,,,,,,,,,
J30_2.RCP,1,94.22165532879819,0.14370107650756836,DE_best/2_adaptiveF_bin_adaptiveCR_noLS,42,1000,1,50.0,60.0,100.0,0.1,0.9,True,True,best/2,bin,random,False,5.0,0.3,1.5,0.3,1.0,1.0,,,,,,,,,,,,,,,,,,,,,,,,,
J30_2.RCP,0,91.26927437641724,0.14426493644714355,DE_best/2_adaptiveF_bin_fixedCR_withLS,42,1000,0,50.0,60.0,100.0,0.1,0.9,True,False,best/2,bin,random,True,5.0,0.3,1.5,0.3,1.0,1.0,,,,,,,,,,,,,,,,,,,,,,,,,
J30_2.RCP,1,90.12641723356009,0.14394283294677734,DE_best/2_adaptiveF_bin_fixedCR_withLS,42,1000,1,50.0,60.0,100.0,0.1,0.9,True,False,best/2,bin,random,True,5.0,0.3,1.5,0.3,1.0,1.0,,,,,,,,,,,,,,,,,,,,,,,,,
J30_2.RCP,0,89.65022675736961,0.14316701889038086,DE_best/2_adaptiveF_bin_fixedCR_noLS,42,1000,0,50.0,60.0,100.0,0.1,0.9,True,False,best/2,bin,random,False,5.0,0.3,1.5,0.3,1.0,1.0,,,,,,,,,,,,,,,,,,,,,,,,,
J30_2.RCP,1,89.74546485260771,0.14319276809692383,DE_best/2_adaptiveF_bin_fixedCR_noLS,42,1000,1,50.0,60.0,100.0,0.1,0.9,True,False,best/2,bin,random,False,5.0,0.3,1.5,0.3,1.0,1.0,,,,,,,,,,,,,,,,,,,,,,,,,
J30_2.RCP,0,95.55498866213154,0.1475508213043213,DE_best/2_adaptiveF_exp_adaptiveCR_withLS,42,1000,0,50.0,60.0,100.0,0.1,0.9,True,True,best/2,exp,random,True,5.0,0.3,1.5,0.3,1.0,1.0,,,,,,,,,,,,,,,,,,,,,,,,,
J30_2.RCP,1,94.84070294784581,0.14792132377624512,DE_best/2_adaptiveF_exp_adaptiveCR_withLS,42,1000,1,50.0,60.0,100.0,0.1,0.9,True,True,best/2,exp,random,True,5.0,0.3,1.5,0.3,1.0,1.0,,,,,,,,,,,,,,,,,,,,,,,,,
J30_2.RCP,0,93.79308390022676,0.14967083930969238,DE_best/2_adaptiveF_exp_adaptiveCR_noLS,42,1000,0,50.0,60.0,100.0,0.1,0.9,True,True,best/2,exp,random,False,5.0,0.3,1.5,0.3,1.0,1.0,,,,,,,,,,,,,,,,,,,,,,,,,
J30_2.RCP,1,96.26927437641723,0.14662814140319824,DE_best/2_adaptiveF_exp_adaptiveCR_noLS,42,1000,1,50.0,60.0,100.0,0.1,0.9,True,True,best/2,exp,random,False,5.0,0.3,1.5,0.3,1.0,1.0,,,,,,,,,,,,,,,,,,,,,,,,,
J30_2.RCP,0,83.88832199546485,0.1465909481048584,DE_best/2_adaptiveF_exp_fixedCR_withLS,42,1000,0,50.0,60.0,100.0,0.1,0.9,True,False,best/2,exp,random,True,5.0,0.3,1.5,0.3,1.0,1.0,,,,,,,,,,,,,,,,,,,,,,,,,
J30_2.RCP,1,95.98356009070295,0.14646482467651367,DE_best/2_adaptiveF_exp_fixedCR_withLS,42,1000,1,50.0,60.0,100.0,0.1,0.9,True,False,best/2,exp,random,True,5.0,0.3,1.5,0.3,1.0,1.0,,,,,,,,,,,,,,,,,,,,,,,,,
J30_2.RCP,0,95.88832199546485,0.14444398880004883,DE_best/2_adaptiveF_exp_fixedCR_noLS,42,1000,0,50.0,60.0,100.0,0.1,0.9,True,False,best/2,exp,random,False,5.0,0.3,1.5,0.3,1.0,1.0,,,,,,,,,,,,,,,,,,,,,,,,,
J30_2.RCP,1,91.3168934240363,0.14529705047607422,DE_best/2_adaptiveF_exp_fixedCR_noLS,42,1000,1,50.0,60.0,100.0,0.1,0.9,True,False,best/2,exp,random,False,5.0,0.3,1.5,0.3,1.0,1.0,,,,,,,,,,,,,,,,,,,,,,,,,
J30_2.RCP,0,93.45975056689342,0.15450811386108398,DE_best/2_fixedF_bin_adaptiveCR_withLS,42,1000,0,50.0,60.0,100.0,0.1,0.9,False,True,best/2,bin,random,True,5.0,0.3,1.5,0.3,1.0,1.0,,,,,,,,,,,,,,,,,,,,,,,,,
J30_2.RCP,1,94.31689342403628,0.1558058261871338,DE_best/2_fixedF_bin_adaptiveCR_withLS,42,1000,1,50.0,60.0,100.0,0.1,0.9,False,True,best/2,bin,random,True,5.0,0.3,1.5,0.3,1.0,1.0,,,,,,,,,,,,,,,,,,,,,,,,,
J30_2.RCP,0,92.17403628117914,0.14907121658325195,DE_best/2_fixedF_bin_adaptiveCR_noLS,42,1000,0,50.0,60.0,100.0,0.1,0.9,False,True,best/2,bin,random,False,5.0,0.3,1.5,0.3,1.0,1.0,,,,,,,,,,,,,,,,,,,,,,,,,
J30_2.RCP,1,93.31689342403628,0.14907312393188477,DE_best/2_fixedF_bin_adaptiveCR_noLS,42,1000,1,50.0,60.0,100.0,0.1,0.9,False,True,best/2,bin,random,False,5.0,0.3,1.5,0.3,1.0,1.0,,,,,,,,,,,,,,,,,,,,,,,,,
J30_2.RCP,0,88.26927437641723,0.14819812774658203,DE_best/2_fixedF_bin_fixedCR_withLS,42,1000,0,50.0,60.0,100.0,0.1,0.9,False,False,best/2,bin,random,True,5.0,0.3,1.5,0.3,1.0,1.0,,,,,,,,,,,,,,,,,,,,,,,,,
J30_2.RCP,1,91.22165532879819,0.14922404289245605,DE_best/2_fixedF_bin_fixedCR_withLS,42,1000,1,50.0,60.0,100.0,0.1,0.9,False,False,best/2,bin,random,True,5.0,0.3,1.5,0.3,1.0,1.0,,,,,,,,,,,,,,,,,,,,,,,,,
J30_2.RCP,0,92.41213151927438,0.14392709732055664,DE_best/2_fixedF_bin_fixedCR_noLS,42,1000,0,50.0,60.0,100.0,0.1,0.9,False,False,best/2,bin,random,False,5.0,0.3,1.5,0.3,1.0,1.0,,,,,,,,,,,,,,,,,,,,,,,,,
J30_2.RCP,1,94.26927437641723,0.14212799072265625,DE_best/2_fixedF_bin_fixedCR_noLS,42,1000,1,50.0,60.0,100.0,0.1,0.9,False,False,best/2,bin,random,False,5.0,0.3,1.5,0.3,1.0,1.0,,,,,,,,,,,,,,,,,,,,,,,,,
J30_2.RCP,0,93.84070294784581,0.1605689525604248,DE_best/2_fixedF_exp_adaptiveCR_withLS,42,1000,0,50.0,60.0,100.0,0.1,0.9,False,True,best/2,exp,random,True,5.0,0.3,1.5,0.3,1.0,1.0,,,,,,,,,,,,,,,,,,,,,,,,,
J30_2.RCP,1,93.41213151927438,0.16094112396240234,DE_best/2_fixedF_exp_adaptiveCR_withLS,42,1000,1,50.0,60.0,100.0,0.1,0.9,False,True,best/2,exp,random,True,5.0,0.3,1.5,0.3,1.0,1.0,,,,,,,,,,,,,,,,,,,,,,,,,
J30_2.RCP,0,91.31689342403628,0.1575791835784912,DE_best/2_fixedF_exp_adaptiveCR_noLS,42,1000,0,50.0,60.0,100.0,0.1,0.9,False,True,best/2,exp,random,False,5.0,0.3,1.5,0.3,1.0,1.0,,,,,,,,,,,,,,,,,,,,,,,,,
J30_2.RCP,1,96.12641723356009,0.1574540138244629,DE_best/2_fixedF_exp_adaptiveCR_noLS,42,1000,1,50.0,60.0,100.0,0.1,0.9,False,True,best/2,exp,random,False,5.0,0.3,1.5,0.3,1.0,1.0,,,,,,,,,,,,,,,,,,,,,,,,,
J30_2.RCP,0,90.17403628117914,0.14940214157104492,DE_best/2_fixedF_exp_fixedCR_withLS,42,1000,0,50.0,60.0,100.0,0.1,0.9,False,False,best/2,exp,random,True,5.0,0.3,1.5,0.3,1.0,1.0,,,,,,,,,,,,,,,,,,,,,,,,,
J30_2.RCP,1,93.9359410430839,0.14902305603027344,DE_best/2_fixedF_exp_fixedCR_withLS,42,1000,1,50.0,60.0,100.0,0.1,0.9,False,False,best/2,exp,random,True,5.0,0.3,1.5,0.3,1.0,1.0,,,,,,,,,,,,,,,,,,,,,,,,,
J30_2.RCP,0,94.36451247165533,0.14618802070617676,DE_best/2_fixedF_exp_fixedCR_noLS,42,1000,0,50.0,60.0,100.0,0.1,0.9,False,False,best/2,exp,random,False,5.0,0.3,1.5,0.3,1.0,1.0,,,,,,,,,,,,,,,,,,,,,,,,,
J30_2.RCP,1,93.36451247165533,0.14577102661132812,DE_best/2_fixedF_exp_fixedCR_noLS,42,1000,1,50.0,60.0,100.0,0.1,0.9,False,False,best/2,exp,random,False,5.0,0.3,1.5,0.3,1.0,1.0,,,,,,,,,,,,,,,,,,,,,,,,,
J30_2.RCP,0,95.12641723356009,0.14309000968933105,DE_adaptive_bin_adaptiveCR_withLS,42,1000,0,50.0,60.0,100.0,0.1,0.9,True,True,adaptive,bin,random,True,5.0,0.3,1.5,0.3,1.0,1.0,,,,,,,,,,,,,,,,,,,,,,,,,
J30_2.RCP,1,99.17403628117914,0.14201974868774414,DE_adaptive_bin_adaptiveCR_withLS,42,1000,1,50.0,60.0,100.0,0.1,0.9,True,True,adaptive,bin,random,True,5.0,0.3,1.5,0.3,1.0,1.0,,,,,,,,,,,,,,,,,,,,,,,,,
J30_2.RCP,0,87.45975056689342,0.14139389991760254,DE_adaptive_bin_adaptiveCR_noLS,42,1000,0,50.0,60.0,100.0,0.1,0.9,True,True,adaptive,bin,random,False,5.0,0.3,1.5,0.3,1.0,1.0,,,,,,,,,,,,,,,,,,,,,,,,,
J30_2.RCP,1,99.5073696145125,0.13996100425720215,DE_adaptive_bin_adaptiveCR_noLS,42,1000,1,50.0,60.0,100.0,0.1,0.9,True,True,adaptive,bin,random,False,5.0,0.3,1.5,0.3,1.0,1.0,,,,,,,,,,,,,,,,,,,,,,,,,
J30_2.RCP,0,98.55498866213152,0.14202404022216797,DE_adaptive_bin_fixedCR_withLS,42,1000,0,50.0,60.0,100.0,0.1,0.9,True,False,adaptive,bin,random,True,5.0,0.3,1.5,0.3,1.0,1.0,,,,,,,,,,,,,,,,,,,,,,,,,
J30_2.RCP,1,93.22165532879819,0.14197301864624023,DE_adaptive_bin_fixedCR_withLS,42,1000,1,50.0,60.0,100.0,0.1,0.9,True,False,adaptive,bin,random,True,5.0,0.3,1.5,0.3,1.0,1.0,,,,,,,,,,,,,,,,,,,,,,,,,
J30_2.RCP,0,91.36451247165533,0.14085793495178223,DE_adaptive_bin_fixedCR_noLS,42,1000,0,50.0,60.0,100.0,0.1,0.9,True,False,adaptive,bin,random,False,5.0,0.3,1.5,0.3,1.0,1.0,,,,,,,,,,,,,,,,,,,,,,,,,
J30_2.RCP,1,91.88832199546485,0.14033937454223633,DE_adaptive_bin_fixedCR_noLS,42,1000,1,50.0,60.0,100.0,0.1,0.9,True,False,adaptive,bin,random,False,5.0,0.3,1.5,0.3,1.0,1.0,,,,,,,,,,,,,,,,,,,,,,,,,
J30_2.RCP,0,93.60260770975057,0.14442181587219238,DE_adaptive_exp_adaptiveCR_withLS,42,1000,0,50.0,60.0,100.0,0.1,0.9,True,True,adaptive,exp,random,True,5.0,0.3,1.5,0.3,1.0,1.0,,,,,,,,,,,,,,,,,,,,,,,,,
J30_2.RCP,1,99.12641723356008,0.1447591781616211,DE_adaptive_exp_adaptiveCR_withLS,42,1000,1,50.0,60.0,100.0,0.1,0.9,True,True,adaptive,exp,random,True,5.0,0.3,1.5,0.3,1.0,1.0,,,,,,,,,,,,,,,,,,,,,,,,,
J30_2.RCP,0,96.17403628117914,0.14238691329956055,DE_adaptive_exp_adaptiveCR_noLS,42,1000,0,50.0,60.0,100.0,0.1,0.9,True,True,adaptive,exp,random,False,5.0,0.3,1.5,0.3,1.0,1.0,,,,,,,,,,,,,,,,,,,,,,,,,
J30_2.RCP,1,99.36451247165535,0.14452695846557617,DE_adaptive_exp_adaptiveCR_noLS,42,1000,1,50.0,60.0,100.0,0.1,0.9,True,True,adaptive,exp,random,False,5.0,0.3,1.5,0.3,1.0,1.0,,,,,,,,,,,,,,,,,,,,,,,,,
J30_2.RCP,0,95.65022675736961,0.14362502098083496,DE_adaptive_exp_fixedCR_withLS,42,1000,0,50.0,60.0,100.0,0.1,0.9,True,False,adaptive,exp,random,True,5.0,0.3,1.5,0.3,1.0,1.0,,,,,,,,,,,,,,,,,,,,,,,,,
J30_2.RCP,1,93.50736961451247,0.14333105087280273,DE_adaptive_exp_fixedCR_withLS,42,1000,1,50.0,60.0,100.0,0.1,0.9,True,False,adaptive,exp,random,True,5.0,0.3,1.5,0.3,1.0,1.0,,,,,,,,,,,,,,,,,,,,,,,,,
J30_2.RCP,0,88.98356009070295,0.14277887344360352,DE_adaptive_exp_fixedCR_noLS,42,1000,0,50.0,60.0,100.0,0.1,0.9,True,False,adaptive,exp,random,False,5.0,0.3,1.5,0.3,1.0,1.0,,,,,,,,,,,,,,,,,,,,,,,,,
J30_2.RCP,1,91.65022675736961,0.14271092414855957,DE_adaptive_exp_fixedCR_noLS,42,1000,1,50.0,60.0,100.0,0.1,0.9,True,False,adaptive,exp,random,False,5.0,0.3,1.5,0.3,1.0,1.0,,,,,,,,,,,,,,,,,,,,,,,,,
J30_2.RCP,0,100.88832199546485,0.14224004745483398,DE_current-to-rand/2_bin_adaptiveCR_withLS,42,1000,0,50.0,60.0,100.0,0.1,0.9,False,True,current-to-rand/2,bin,random,True,5.0,0.3,1.5,0.3,1.0,1.0,,,,,,,,,,,,,,,,,,,,,,,,,
J30_2.RCP,1,98.5073696145125,0.14244389533996582,DE_current-to-rand/2_bin_adaptiveCR_withLS,42,1000,1,50.0,60.0,100.0,0.1,0.9,False,True,current-to-rand/2,bin,random,True,5.0,0.3,1.5,0.3,1.0,1.0,,,,,,,,,,,,,,,,,,,,,,,,,
J30_2.RCP,0,91.74546485260771,0.1400609016418457,DE_current-to-rand/2_bin_adaptiveCR_noLS,42,1000,0,50.0,60.0,100.0,0.1,0.9,False,True,current-to-rand/2,bin,random,False,5.0,0.3,1.5,0.3,1.0,1.0,,,,,,,,,,,,,,,,,,,,,,,,,
J30_2.RCP,1,97.55498866213152,0.14445805549621582,DE_current-to-rand/2_bin_adaptiveCR_noLS,42,1000,1,50.0,60.0,100.0,0.1,0.9,False,True,current-to-rand/2,bin,random,False,5.0,0.3,1.5,0.3,1.0,1.0,,,,,,,,,,,,,,,,,,,,,,,,,
J30_2.RCP,0,93.26927437641723,0.14130926132202148,DE_current-to-rand/2_bin_fixedCR_withLS,42,1000,0,50.0,60.0,100.0,0.1,0.9,False,False,current-to-rand/2,bin,random,True,5.0,0.3,1.5,0.3,1.0,1.0,,,,,,,,,,,,,,,,,,,,,,,,,
J30_2.RCP,1,92.07879818594104,0.14127421379089355,DE_current-to-rand/2_bin_fixedCR_withLS,42,1000,1,50.0,60.0,100.0,0.1,0.9,False,False,current-to-rand/2,bin,random,True,5.0,0.3,1.5,0.3,1.0,1.0,,,,,,,,,,,,,,,,,,,,,,,,,
J30_2.RCP,0,92.45975056689342,0.1399068832397461,DE_current-to-rand/2_bin_fixedCR_noLS,42,1000,0,50.0,60.0,100.0,0.1,0.9,False,False,current-to-rand/2,bin,random,False,5.0,0.3,1.5,0.3,1.0,1.0,,,,,,,,,,,,,,,,,,,,,,,,,
J30_2.RCP,1,94.07879818594105,0.1397719383239746,DE_current-to-rand/2_bin_fixedCR_noLS,42,1000,1,50.0,60.0,100.0,0.1,0.9,False,False,current-to-rand/2,bin,random,False,5.0,0.3,1.5,0.3,1.0,1.0,,,,,,,,,,,,,,,,,,,,,,,,,
J30_2.RCP,0,94.17403628117916,0.15373611450195312,DE_current-to-rand/2_exp_adaptiveCR_withLS,42,1000,0,50.0,60.0,100.0,0.1,0.9,False,True,current-to-rand/2,exp,random,True,5.0,0.3,1.5,0.3,1.0,1.0,,,,,,,,,,,,,,,,,,,,,,,,,
J30_2.RCP,1,97.41213151927438,0.1476430892944336,DE_current-to-rand/2_exp_adaptiveCR_withLS,42,1000,1,50.0,60.0,100.0,0.1,0.9,False,True,current-to-rand/2,exp,random,True,5.0,0.3,1.5,0.3,1.0,1.0,,,,,,,,,,,,,,,,,,,,,,,,,
J30_2.RCP,0,98.31689342403628,0.15979814529418945,DE_current-to-rand/2_exp_adaptiveCR_noLS,42,1000,0,50.0,60.0,100.0,0.1,0.9,False,True,current-to-rand/2,exp,random,False,5.0,0.3,1.5,0.3,1.0,1.0,,,,,,,,,,,,,,,,,,,,,,,,,
J30_2.RCP,1,94.45975056689342,0.14505219459533691,DE_current-to-rand/2_exp_adaptiveCR_noLS,42,1000,1,50.0,60.0,100.0,0.1,0.9,False,True,current-to-rand/2,exp,random,False,5.0,0.3,1.5,0.3,1.0,1.0,,,,,,,,,,,,,,,,,,,,,,,,,
J30_2.RCP,0,94.50736961451247,0.14374709129333496,DE_current-to-rand/2_exp_fixedCR_withLS,42,1000,0,50.0,60.0,100.0,0.1,0.9,False,False,current-to-rand/2,exp,random,True,5.0,0.3,1.5,0.3,1.0,1.0,,,,,,,,,,,,,,,,,,,,,,,,,
J30_2.RCP,1,97.84070294784581,0.16300582885742188,DE_current-to-rand/2_exp_fixedCR_withLS,42,1000,1,50.0,60.0,100.0,0.1,0.9,False,False,current-to-rand/2,exp,random,True,5.0,0.3,1.5,0.3,1.0,1.0,,,,,,,,,,,,,,,,,,,,,,,,,
J30_2.RCP,0,95.74546485260771,0.14704275131225586,DE_current-to-rand/2_exp_fixedCR_noLS,42,1000,0,50.0,60.0,100.0,0.1,0.9,False,False,current-to-rand/2,exp,random,False,5.0,0.3,1.5,0.3,1.0,1.0,,,,,,,,,,,,,,,,,,,,,,,,,
J30_2.RCP,1,95.9359410430839,0.14283013343811035,DE_current-to-rand/2_exp_fixedCR_noLS,42,1000,1,50.0,60.0,100.0,0.1,0.9,False,False,current-to-rand/2,exp,random,False,5.0,0.3,1.5,0.3,1.0,1.0,,,,,,,,,,,,,,,,,,,,,,,,,
J30_2.RCP,0,97.65022675736964,0.1314697265625,GA_roulette_single_point_random_random_withLS_withNeighborhood,42,1000,0,50.0,60.0,,,,,,random,single_point,random,True,,,,,,,0.9,0.1,roulette,3.0,True,False,0.5,0.1,0.35,5.0,2.0,,,,,,,,,,,,,,
J30_2.RCP,1,100.36451247165533,0.12916779518127441,GA_roulette_single_point_random_random_withLS_withNeighborhood,42,1000,1,50.0,60.0,,,,,,random,single_point,random,True,,,,,,,0.9,0.1,roulette,3.0,True,False,0.5,0.1,0.35,5.0,2.0,,,,,,,,,,,,,,
J30_2.RCP,0,97.65022675736964,0.12653112411499023,GA_roulette_single_point_random_random_withLS_noNeighborhood,42,1000,0,50.0,60.0,,,,,,random,single_point,random,True,,,,,,,0.9,0.1,roulette,3.0,True,False,0.5,0.1,0.35,5.0,0.0,,,,,,,,,,,,,,
J30_2.RCP,1,100.36451247165533,0.12731194496154785,GA_roulette_single_point_random_random_withLS_noNeighborhood,42,1000,1,50.0,60.0,,,,,,random,single_point,random,True,,,,,,,0.9,0.1,roulette,3.0,True,False,0.5,0.1,0.35,5.0,0.0,,,,,,,,,,,,,,
J30_2.RCP,0,97.65022675736964,0.1889820098876953,GA_roulette_single_point_random_random_noLS_withNeighborhood,42,1000,0,50.0,60.0,,,,,,random,single_point,random,False,,,,,,,0.9,0.1,roulette,3.0,True,False,0.5,0.1,0.35,5.0,2.0,,,,,,,,,,,,,,
J30_2.RCP,1,99.74546485260774,0.18309783935546875,GA_roulette_single_point_random_random_noLS_withNeighborhood,42,1000,1,50.0,60.0,,,,,,random,single_point,random,False,,,,,,,0.9,0.1,roulette,3.0,True,False,0.5,0.1,0.35,5.0,2.0,,,,,,,,,,,,,,
J30_2.RCP,0,97.65022675736964,0.18237709999084473,GA_roulette_single_point_random_random_noLS_noNeighborhood,42,1000,0,50.0,60.0,,,,,,random,single_point,random,False,,,,,,,0.9,0.1,roulette,3.0,True,False,0.5,0.1,0.35,5.0,0.0,,,,,,,,,,,,,,
J30_2.RCP,1,99.74546485260774,0.18243098258972168,GA_roulette_single_point_random_random_noLS_noNeighborhood,42,1000,1,50.0,60.0,,,,,,random,single_point,random,False,,,,,,,0.9,0.1,roulette,3.0,True,False,0.5,0.1,0.35,5.0,0.0,,,,,,,,,,,,,,
J30_2.RCP,0,104.84070294784581,0.1271209716796875,GA_roulette_single_point_random_heuristic_withLS_withNeighborhood,42,1000,0,50.0,60.0,,,,,,random,single_point,heuristic,True,,,,,,,0.9,0.1,roulette,3.0,True,False,0.5,0.1,0.35,5.0,2.0,,,,,,,,,,,,,,
J30_2.RCP,1,99.79308390022678,0.12811803817749023,GA_roulette_single_point_random_heuristic_withLS_withNeighborhood,42,1000,1,50.0,60.0,,,,,,random,single_point,heuristic,True,,,,,,,0.9,0.1,roulette,3.0,True,False,0.5,0.1,0.35,5.0,2.0,,,,,,,,,,,,,,
J30_2.RCP,0,104.84070294784581,0.12774276733398438,GA_roulette_single_point_random_heuristic_withLS_noNeighborhood,42,1000,0,50.0,60.0,,,,,,random,single_point,heuristic,True,,,,,,,0.9,0.1,roulette,3.0,True,False,0.5,0.1,0.35,5.0,0.0,,,,,,,,,,,,,,
J30_2.RCP,1,99.79308390022678,0.1278369426727295,GA_roulette_single_point_random_heuristic_withLS_noNeighborhood,42,1000,1,50.0,60.0,,,,,,random,single_point,heuristic,True,,,,,,,0.9,0.1,roulette,3.0,True,False,0.5,0.1,0.35,5.0,0.0,,,,,,,,,,,,,,
J30_2.RCP,0,99.36451247165533,0.1831350326538086,GA_roulette_single_point_random_heuristic_noLS_withNeighborhood,42,1000,0,50.0,60.0,,,,,,random,single_point,heuristic,False,,,,,,,0.9,0.1,roulette,3.0,True,False,0.5,0.1,0.35,5.0,2.0,,,,,,,,,,,,,,
J30_2.RCP,1,94.84070294784581,0.18224000930786133,GA_roulette_single_point_random_heuristic_noLS_withNeighborhood,42,1000,1,50.0,60.0,,,,,,random,single_point,heuristic,False,,,,,,,0.9,0.1,roulette,3.0,True,False,0.5,0.1,0.35,5.0,2.0,,,,,,,,,,,,,,
J30_2.RCP,0,99.36451247165533,0.18141913414001465,GA_roulette_single_point_random_heuristic_noLS_noNeighborhood,42,1000,0,50.0,60.0,,,,,,random,single_point,heuristic,False,,,,,,,0.9,0.1,roulette,3.0,True,False,0.5,0.1,0.35,5.0,0.0,,,,,,,,,,,,,,
J30_2.RCP,1,94.84070294784581,0.19588208198547363,GA_roulette_single_point_random_heuristic_noLS_noNeighborhood,42,1000,1,50.0,60.0,,,,,,random,single_point,heuristic,False,,,,,,,0.9,0.1,roulette,3.0,True,False,0.5,0.1,0.35,5.0,0.0,,,,,,,,,,,,,,
J30_2.RCP,0,98.26927437641723,0.14226984977722168,GA_roulette_single_point_adaptive_random_withLS_withNeighborhood,42,1000,0,50.0,60.0,,,,,,adaptive,single_point,random,True,,,,,,,0.9,0.1,roulette,3.0,True,False,0.5,0.1,0.35,5.0,2.0,,,,,,,,,,,,,,
J30_2.RCP,1,93.031179138322,0.14249801635742188,GA_roulette_single_point_adaptive_random_withLS_withNeighborhood,42,1000,1,50.0,60.0,,,,,,adaptive,single_point,random,True,,,,,,,0.9,0.1,roulette,3.0,True,False,0.5,0.1,0.35,5.0,2.0,,,,,,,,,,,,,,
J30_2.RCP,0,98.26927437641723,0.13760876655578613,GA_roulette_single_point_adaptive_random_withLS_noNeighborhood,42,1000,0,50.0,60.0,,,,,,adaptive,single_point,random,True,,,,,,,0.9,0.1,roulette,3.0,True,False,0.5,0.1,0.35,5.0,0.0,,,,,,,,,,,,,,
J30_2.RCP,1,93.031179138322,0.13025712966918945,GA_roulette_single_point_adaptive_random_withLS_noNeighborhood,42,1000,1,50.0,60.0,,,,,,adaptive,single_point,random,True,,,,,,,0.9,0.1,roulette,3.0,True,False,0.5,0.1,0.35,5.0,0.0,,,,,,,,,,,,,,
J30_2.RCP,0,93.60260770975057,0.19132113456726074,GA_roulette_single_point_adaptive_random_noLS_withNeighborhood,42,1000,0,50.0,60.0,,,,,,adaptive,single_point,random,False,,,,,,,0.9,0.1,roulette,3.0,True,False,0.5,0.1,0.35,5.0,2.0,,,,,,,,,,,,,,
J30_2.RCP,1,93.031179138322,0.19437003135681152,GA_roulette_single_point_adaptive_random_noLS_withNeighborhood,42,1000,1,50.0,60.0,,,,,,adaptive,single_point,random,False,,,,,,,0.9,0.1,roulette,3.0,True,False,0.5,0.1,0.35,5.0,2.0,,,,,,,,,,,,,,
J30_2.RCP,0,93.60260770975057,0.19317126274108887,GA_roulette_single_point_adaptive_random_noLS_noNeighborhood,42,1000,0,50.0,60.0,,,,,,adaptive,single_point,random,False,,,,,,,0.9,0.1,roulette,3.0,True,False,0.5,0.1,0.35,5.0,0.0,,,,,,,,,,,,,,
J30_2.RCP,1,93.031179138322,0.19280481338500977,GA_roulette_single_point_adaptive_random_noLS_noNeighborhood,42,1000,1,50.0,60.0,,,,,,adaptive,single_point,random,False,,,,,,,0.9,0.1,roulette,3.0,True,False,0.5,0.1,0.35,5.0,0.0,,,,,,,,,,,,,,
J30_2.RCP,0,99.74546485260774,0.13402414321899414,GA_roulette_single_point_adaptive_heuristic_withLS_withNeighborhood,42,1000,0,50.0,60.0,,,,,,adaptive,single_point,heuristic,True,,,,,,,0.9,0.1,roulette,3.0,True,False,0.5,0.1,0.35,5.0,2.0,,,,,,,,,,,,,,
J30_2.RCP,1,103.12641723356009,0.1304159164428711,GA_roulette_single_point_adaptive_heuristic_withLS_withNeighborhood,42,1000,1,50.0,60.0,,,,,,adaptive,single_point,heuristic,True,,,,,,,0.9,0.1,roulette,3.0,True,False,0.5,0.1,0.35,5.0,2.0,,,,,,,,,,,,,,
J30_2.RCP,0,99.74546485260774,0.13038396835327148,GA_roulette_single_point_adaptive_heuristic_withLS_noNeighborhood,42,1000,0,50.0,60.0,,,,,,adaptive,single_point,heuristic,True,,,,,,,0.9,0.1,roulette,3.0,True,False,0.5,0.1,0.35,5.0,0.0,,,,,,,,,,,,,,
J30_2.RCP,1,103.12641723356009,0.13125300407409668,GA_roulette_single_point_adaptive_heuristic_withLS_noNeighborhood,42,1000,1,50.0,60.0,,,,,,adaptive,single_point,heuristic,True,,,,,,,0.9,0.1,roulette,3.0,True,False,0.5,0.1,0.35,5.0,0.0,,,,,,,,,,,,,,
J30_2.RCP,0,95.26927437641724,0.19327998161315918,GA_roulette_single_point_adaptive_heuristic_noLS_withNeighborhood,42,1000,0,50.0,60.0,,,,,,adaptive,single_point,heuristic,False,,,,,,,0.9,0.1,roulette,3.0,True,False,0.5,0.1,0.35,5.0,2.0,,,,,,,,,,,,,,
J30_2.RCP,1,97.3168934240363,0.1927480697631836,GA_roulette_single_point_adaptive_heuristic_noLS_withNeighborhood,42,1000,1,50.0,60.0,,,,,,adaptive,single_point,heuristic,False,,,,,,,0.9,0.1,roulette,3.0,True,False,0.5,0.1,0.35,5.0,2.0,,,,,,,,,,,,,,
J30_2.RCP,0,95.26927437641724,0.19439101219177246,GA_roulette_single_point_adaptive_heuristic_noLS_noNeighborhood,42,1000,0,50.0,60.0,,,,,,adaptive,single_point,heuristic,False,,,,,,,0.9,0.1,roulette,3.0,True,False,0.5,0.1,0.35,5.0,0.0,,,,,,,,,,,,,,
J30_2.RCP,1,97.3168934240363,0.193511962890625,GA_roulette_single_point_adaptive_heuristic_noLS_noNeighborhood,42,1000,1,50.0,60.0,,,,,,adaptive,single_point,heuristic,False,,,,,,,0.9,0.1,roulette,3.0,True,False,0.5,0.1,0.35,5.0,0.0,,,,,,,,,,,,,,
J30_2.RCP,0,101.41213151927438,0.12830805778503418,GA_roulette_two_point_random_random_withLS_withNeighborhood,42,1000,0,50.0,60.0,,,,,,random,two_point,random,True,,,,,,,0.9,0.1,roulette,3.0,True,False,0.5,0.1,0.35,5.0,2.0,,,,,,,,,,,,,,
J30_2.RCP,1,100.4121315192744,0.1270902156829834,GA_roulette_two_point_random_random_withLS_withNeighborhood,42,1000,1,50.0,60.0,,,,,,random,two_point,random,True,,,,,,,0.9,0.1,roulette,3.0,True,False,0.5,0.1,0.35,5.0,2.0,,,,,,,,,,,,,,
J30_2.RCP,0,101.41213151927438,0.12909722328186035,GA_roulette_two_point_random_random_withLS_noNeighborhood,42,1000,0,50.0,60.0,,,,,,random,two_point,random,True,,,,,,,0.9,0.1,roulette,3.0,True,False,0.5,0.1,0.35,5.0,0.0,,,,,,,,,,,,,,
J30_2.RCP,1,100.4121315192744,0.12935900688171387,GA_roulette_two_point_random_random_withLS_noNeighborhood,42,1000,1,50.0,60.0,,,,,,random,two_point,random,True,,,,,,,0.9,0.1,roulette,3.0,True,False,0.5,0.1,0.35,5.0,0.0,,,,,,,,,,,,,,
J30_2.RCP,0,94.84070294784581,0.18603897094726562,GA_roulette_two_point_random_random_noLS_withNeighborhood,42,1000,0,50.0,60.0,,,,,,random,two_point,random,False,,,,,,,0.9,0.1,roulette,3.0,True,False,0.5,0.1,0.35,5.0,2.0,,,,,,,,,,,,,,
J30_2.RCP,1,96.50736961451247,0.18440580368041992,GA_roulette_two_point_random_random_noLS_withNeighborhood,42,1000,1,50.0,60.0,,,,,,random,two_point,random,False,,,,,,,0.9,0.1,roulette,3.0,True,False,0.5,0.1,0.35,5.0,2.0,,,,,,,,,,,,,,
J30_2.RCP,0,94.84070294784581,0.1841738224029541,GA_roulette_two_point_random_random_noLS_noNeighborhood,42,1000,0,50.0,60.0,,,,,,random,two_point,random,False,,,,,,,0.9,0.1,roulette,3.0,True,False,0.5,0.1,0.35,5.0,0.0,,,,,,,,,,,,,,
J30_2.RCP,1,96.50736961451247,0.18381905555725098,GA_roulette_two_point_random_random_noLS_noNeighborhood,42,1000,1,50.0,60.0,,,,,,random,two_point,random,False,,,,,,,0.9,0.1,roulette,3.0,True,False,0.5,0.1,0.35,5.0,0.0,,,,,,,,,,,,,,
J30_2.RCP,0,102.41213151927438,0.1279749870300293,GA_roulette_two_point_random_heuristic_withLS_withNeighborhood,42,1000,0,50.0,60.0,,,,,,random,two_point,heuristic,True,,,,,,,0.9,0.1,roulette,3.0,True,False,0.5,0.1,0.35,5.0,2.0,,,,,,,,,,,,,,
J30_2.RCP,1,102.12641723356009,0.129669189453125,GA_roulette_two_point_random_heuristic_withLS_withNeighborhood,42,1000,1,50.0,60.0,,,,,,random,two_point,heuristic,True,,,,,,,0.9,0.1,roulette,3.0,True,False,0.5,0.1,0.35,5.0,2.0,,,,,,,,,,,,,,
J30_2.RCP,0,102.41213151927438,0.13695788383483887,GA_roulette_two_point_random_heuristic_withLS_noNeighborhood,42,1000,0,50.0,60.0,,,,,,random,two_point,heuristic,True,,,,,,,0.9,0.1,roulette,3.0,True,False,0.5,0.1,0.35,5.0,0.0,,,,,,,,,,,,,,
J30_2.RCP,1,102.12641723356009,0.1374950408935547,GA_roulette_two_point_random_heuristic_withLS_noNeighborhood,42,1000,1,50.0,60.0,,,,,,random,two_point,heuristic,True,,,,,,,0.9,0.1,roulette,3.0,True,False,0.5,0.1,0.35,5.0,0.0,,,,,,,,,,,,,,
J30_2.RCP,0,96.12641723356009,0.1900637149810791,GA_roulette_two_point_random_heuristic_noLS_withNeighborhood,42,1000,0,50.0,60.0,,,,,,random,two_point,heuristic,False,,,,,,,0.9,0.1,roulette,3.0,True,False,0.5,0.1,0.35,5.0,2.0,,,,,,,,,,,,,,
J30_2.RCP,1,100.36451247165535,0.1877901554107666,GA_roulette_two_point_random_heuristic_noLS_withNeighborhood,42,1000,1,50.0,60.0,,,,,,random,two_point,heuristic,False,,,,,,,0.9,0.1,roulette,3.0,True,False,0.5,0.1,0.35,5.0,2.0,,,,,,,,,,,,,,
J30_2.RCP,0,96.12641723356009,0.18966412544250488,GA_roulette_two_point_random_heuristic_noLS_noNeighborhood,42,1000,0,50.0,60.0,,,,,,random,two_point,heuristic,False,,,,,,,0.9,0.1,roulette,3.0,True,False,0.5,0.1,0.35,5.0,0.0,,,,,,,,,,,,,,
J30_2.RCP,1,100.36451247165535,0.18507003784179688,GA_roulette_two_point_random_heuristic_noLS_noNeighborhood,42,1000,1,50.0,60.0,,,,,,random,two_point,heuristic,False,,,,,,,0.9,0.1,roulette,3.0,True,False,0.5,0.1,0.35,5.0,0.0,,,,,,,,,,,,,,
J30_2.RCP,0,103.17403628117914,0.1303238868713379,GA_roulette_two_point_adaptive_random_withLS_withNeighborhood,42,1000,0,50.0,60.0,,,,,,adaptive,two_point,random,True,,,,,,,0.9,0.1,roulette,3.0,True,False,0.5,0.1,0.35,5.0,2.0,,,,,,,,,,,,,,
J30_2.RCP,1,103.9359410430839,0.12967896461486816,GA_roulette_two_point_adaptive_random_withLS_withNeighborhood,42,1000,1,50.0,60.0,,,,,,adaptive,two_point,random,True,,,,,,,0.9,0.1,roulette,3.0,True,False,0.5,0.1,0.35,5.0,2.0,,,,,,,,,,,,,,
J30_2.RCP,0,103.17403628117914,0.1304912567138672,GA_roulette_two_point_adaptive_random_withLS_noNeighborhood,42,1000,0,50.0,60.0,,,,,,adaptive,two_point,random,True,,,,,,,0.9,0.1,roulette,3.0,True,False,0.5,0.1,0.35,5.0,0.0,,,,,,,,,,,,,,
J30_2.RCP,1,103.9359410430839,0.1305241584777832,GA_roulette_two_point_adaptive_random_withLS_noNeighborhood,42,1000,1,50.0,60.0,,,,,,adaptive,two_point,random,True,,,,,,,0.9,0.1,roulette,3.0,True,False,0.5,0.1,0.35,5.0,0.0,,,,,,,,,,,,,,
J30_2.RCP,0,94.45975056689343,0.1959998607635498,GA_roulette_two_point_adaptive_random_noLS_withNeighborhood,42,1000,0,50.0,60.0,,,,,,adaptive,two_point,random,False,,,,,,,0.9,0.1,roulette,3.0,True,False,0.5,0.1,0.35,5.0,2.0,,,,,,,,,,,,,,
J30_2.RCP,1,97.84070294784583,0.19486594200134277,GA_roulette_two_point_adaptive_random_noLS_withNeighborhood,42,1000,1,50.0,60.0,,,,,,adaptive,two_point,random,False,,,,,,,0.9,0.1,roulette,3.0,True,False,0.5,0.1,0.35,5.0,2.0,,,,,,,,,,,,,,
J30_2.RCP,0,94.45975056689343,0.2127523422241211,GA_roulette_two_point_adaptive_random_noLS_noNeighborhood,42,1000,0,50.0,60.0,,,,,,adaptive,two_point,random,False,,,,,,,0.9,0.1,roulette,3.0,True,False,0.5,0.1,0.35,5.0,0.0,,,,,,,,,,,,,,
J30_2.RCP,1,97.84070294784583,0.1948249340057373,GA_roulette_two_point_adaptive_random_noLS_noNeighborhood,42,1000,1,50.0,60.0,,,,,,adaptive,two_point,random,False,,,,,,,0.9,0.1,roulette,3.0,True,False,0.5,0.1,0.35,5.0,0.0,,,,,,,,,,,,,,
J30_2.RCP,0,104.84070294784581,0.13356280326843262,GA_roulette_two_point_adaptive_heuristic_withLS_withNeighborhood,42,1000,0,50.0,60.0,,,,,,adaptive,two_point,heuristic,True,,,,,,,0.9,0.1,roulette,3.0,True,False,0.5,0.1,0.35,5.0,2.0,,,,,,,,,,,,,,
J30_2.RCP,1,104.22165532879819,0.1316380500793457,GA_roulette_two_point_adaptive_heuristic_withLS_withNeighborhood,42,1000,1,50.0,60.0,,,,,,adaptive,two_point,heuristic,True,,,,,,,0.9,0.1,roulette,3.0,True,False,0.5,0.1,0.35,5.0,2.0,,,,,,,,,,,,,,
J30_2.RCP,0,104.84070294784581,0.13057899475097656,GA_roulette_two_point_adaptive_heuristic_withLS_noNeighborhood,42,1000,0,50.0,60.0,,,,,,adaptive,two_point,heuristic,True,,,,,,,0.9,0.1,roulette,3.0,True,False,0.5,0.1,0.35,5.0,0.0,,,,,,,,,,,,,,
J30_2.RCP,1,104.22165532879819,0.13566112518310547,GA_roulette_two_point_adaptive_heuristic_withLS_noNeighborhood,42,1000,1,50.0,60.0,,,,,,adaptive,two_point,heuristic,True,,,,,,,0.9,0.1,roulette,3.0,True,False,0.5,0.1,0.35,5.0,0.0,,,,,,,,,,,,,,
J30_2.RCP,0,101.4121315192744,0.20722508430480957,GA_roulette_two_point_adaptive_heuristic_noLS_withNeighborhood,42,1000,0,50.0,60.0,,,,,,adaptive,two_point,heuristic,False,,,,,,,0.9,0.1,roulette,3.0,True,False,0.5,0.1,0.35,5.0,2.0,,,,,,,,,,,,,,
J30_2.RCP,1,100.84070294784581,0.19644594192504883,GA_roulette_two_point_adaptive_heuristic_noLS_withNeighborhood,42,1000,1,50.0,60.0,,,,,,adaptive,two_point,heuristic,False,,,,,,,0.9,0.1,roulette,3.0,True,False,0.5,0.1,0.35,5.0,2.0,,,,,,,,,,,,,,
J30_2.RCP,0,101.4121315192744,0.2007308006286621,GA_roulette_two_point_adaptive_heuristic_noLS_noNeighborhood,42,1000,0,50.0,60.0,,,,,,adaptive,two_point,heuristic,False,,,,,,,0.9,0.1,roulette,3.0,True,False,0.5,0.1,0.35,5.0,0.0,,,,,,,,,,,,,,
J30_2.RCP,1,100.84070294784581,0.20455193519592285,GA_roulette_two_point_adaptive_heuristic_noLS_noNeighborhood,42,1000,1,50.0,60.0,,,,,,adaptive,two_point,heuristic,False,,,,,,,0.9,0.1,roulette,3.0,True,False,0.5,0.1,0.35,5.0,0.0,,,,,,,,,,,,,,
J30_2.RCP,0,102.07879818594104,1.2351551055908203,GA_roulette_rcx_random_random_withLS_withNeighborhood,42,1000,0,50.0,60.0,,,,,,random,rcx,random,True,,,,,,,0.9,0.1,roulette,3.0,True,False,0.5,0.1,0.35,5.0,2.0,,,,,,,,,,,,,,
J30_2.RCP,1,97.22165532879819,1.2131049633026123,GA_roulette_rcx_random_random_withLS_withNeighborhood,42,1000,1,50.0,60.0,,,,,,random,rcx,random,True,,,,,,,0.9,0.1,roulette,3.0,True,False,0.5,0.1,0.35,5.0,2.0,,,,,,,,,,,,,,
J30_2.RCP,0,102.07879818594104,1.2175378799438477,GA_roulette_rcx_random_random_withLS_noNeighborhood,42,1000,0,50.0,60.0,,,,,,random,rcx,random,True,,,,,,,0.9,0.1,roulette,3.0,True,False,0.5,0.1,0.35,5.0,0.0,,,,,,,,,,,,,,
J30_2.RCP,1,97.22165532879819,1.1979470252990723,GA_roulette_rcx_random_random_withLS_noNeighborhood,42,1000,1,50.0,60.0,,,,,,random,rcx,random,True,,,,,,,0.9,0.1,roulette,3.0,True,False,0.5,0.1,0.35,5.0,0.0,,,,,,,,,,,,,,
J30_2.RCP,0,96.88832199546486,4.564849138259888,GA_roulette_rcx_random_random_noLS_withNeighborhood,42,1000,0,50.0,60.0,,,,,,random,rcx,random,False,,,,,,,0.9,0.1,roulette,3.0,True,False,0.5,0.1,0.35,5.0,2.0,,,,,,,,,,,,,,
J30_2.RCP,1,91.26927437641723,4.445619821548462,GA_roulette_rcx_random_random_noLS_withNeighborhood,42,1000,1,50.0,60.0,,,,,,random,rcx,random,False,,,,,,,0.9,0.1,roulette,3.0,True,False,0.5,0.1,0.35,5.0,2.0,,,,,,,,,,,,,,
J30_2.RCP,0,96.88832199546486,4.612807750701904,GA_roulette_rcx_random_random_noLS_noNeighborhood,42,1000,0,50.0,60.0,,,,,,random,rcx,random,False,,,,,,,0.9,0.1,roulette,3.0,True,False,0.5,0.1,0.35,5.0,0.0,,,,,,,,,,,,,,
J30_2.RCP,1,91.26927437641723,4.432800054550171,GA_roulette_rcx_random_random_noLS_noNeighborhood,42,1000,1,50.0,60.0,,,,,,random,rcx,random,False,,,,,,,0.9,0.1,roulette,3.0,True,False,0.5,0.1,0.35,5.0,0.0,,,,,,,,,,,,,,
J30_2.RCP,0,99.93594104308393,1.1850621700286865,GA_roulette_rcx_random_heuristic_withLS_withNeighborhood,42,1000,0,50.0,60.0,,,,,,random,rcx,heuristic,True,,,,,,,0.9,0.1,roulette,3.0,True,False,0.5,0.1,0.35,5.0,2.0,,,,,,,,,,,,,,
J30_2.RCP,1,97.74546485260771,1.1652369499206543,GA_roulette_rcx_random_heuristic_withLS_withNeighborhood,42,1000,1,50.0,60.0,,,,,,random,rcx,heuristic,True,,,,,,,0.9,0.1,roulette,3.0,True,False,0.5,0.1,0.35,5.0,2.0,,,,,,,,,,,,,,
J30_2.RCP,0,99.93594104308393,1.1861250400543213,GA_roulette_rcx_random_heuristic_withLS_noNeighborhood,42,1000,0,50.0,60.0,,,,,,random,rcx,heuristic,True,,,,,,,0.9,0.1,roulette,3.0,True,False,0.5,0.1,0.35,5.0,0.0,,,,,,,,,,,,,,
J30_2.RCP,1,97.74546485260771,1.1672518253326416,GA_roulette_rcx_random_heuristic_withLS_noNeighborhood,42,1000,1,50.0,60.0,,,,,,random,rcx,heuristic,True,,,,,,,0.9,0.1,roulette,3.0,True,False,0.5,0.1,0.35,5.0,0.0,,,,,,,,,,,,,,
J30_2.RCP,0,98.55498866213154,4.577792167663574,GA_roulette_rcx_random_heuristic_noLS_withNeighborhood,42,1000,0,50.0,60.0,,,,,,random,rcx,heuristic,False,,,,,,,0.9,0.1,roulette,3.0,True,False,0.5,0.1,0.35,5.0,2.0,,,,,,,,,,,,,,
J30_2.RCP,1,95.50736961451247,4.374163866043091,GA_roulette_rcx_random_heuristic_noLS_withNeighborhood,42,1000,1,50.0,60.0,,,,,,random,rcx,heuristic,False,,,,,,,0.9,0.1,roulette,3.0,True,False,0.5,0.1,0.35,5.0,2.0,,,,,,,,,,,,,,
J30_2.RCP,0,98.55498866213154,4.467430830001831,GA_roulette_rcx_random_heuristic_noLS_noNeighborhood,42,1000,0,50.0,60.0,,,,,,random,rcx,heuristic,False,,,,,,,0.9,0.1,roulette,3.0,True,False,0.5,0.1,0.35,5.0,0.0,,,,,,,,,,,,,,
J30_2.RCP,1,95.50736961451247,4.362918853759766,GA_roulette_rcx_random_heuristic_noLS_noNeighborhood,42,1000,1,50.0,60.0,,,,,,random,rcx,heuristic,False,,,,,,,0.9,0.1,roulette,3.0,True,False,0.5,0.1,0.35,5.0,0.0,,,,,,,,,,,,,,
J30_2.RCP,0,100.031179138322,1.2218999862670898,GA_roulette_rcx_adaptive_random_withLS_withNeighborhood,42,1000,0,50.0,60.0,,,,,,adaptive,rcx,random,True,,,,,,,0.9,0.1,roulette,3.0,True,False,0.5,0.1,0.35,5.0,2.0,,,,,,,,,,,,,,
J30_2.RCP,1,95.9359410430839,1.2245330810546875,GA_roulette_rcx_adaptive_random_withLS_withNeighborhood,42,1000,1,50.0,60.0,,,,,,adaptive,rcx,random,True,,,,,,,0.9,0.1,roulette,3.0,True,False,0.5,0.1,0.35,5.0,2.0,,,,,,,,,,,,,,
J30_2.RCP,0,100.031179138322,1.2272529602050781,GA_roulette_rcx_adaptive_random_withLS_noNeighborhood,42,1000,0,50.0,60.0,,,,,,adaptive,rcx,random,True,,,,,,,0.9,0.1,roulette,3.0,True,False,0.5,0.1,0.35,5.0,0.0,,,,,,,,,,,,,,
J30_2.RCP,1,95.9359410430839,1.1899070739746094,GA_roulette_rcx_adaptive_random_withLS_noNeighborhood,42,1000,1,50.0,60.0,,,,,,adaptive,rcx,random,True,,,,,,,0.9,0.1,roulette,3.0,True,False,0.5,0.1,0.35,5.0,0.0,,,,,,,,,,,,,,
J30_2.RCP,0,98.17403628117914,4.4762890338897705,GA_roulette_rcx_adaptive_random_noLS_withNeighborhood,42,1000,0,50.0,60.0,,,,,,adaptive,rcx,random,False,,,,,,,0.9,0.1,roulette,3.0,True,False,0.5,0.1,0.35,5.0,2.0,,,,,,,,,,,,,,
J30_2.RCP,1,94.031179138322,4.4350268840789795,GA_roulette_rcx_adaptive_random_noLS_withNeighborhood,42,1000,1,50.0,60.0,,,,,,adaptive,rcx,random,False,,,,,,,0.9,0.1,roulette,3.0,True,False,0.5,0.1,0.35,5.0,2.0,,,,,,,,,,,,,,
J30_2.RCP,0,98.17403628117914,4.590487957000732,GA_roulette_rcx_adaptive_random_noLS_noNeighborhood,42,1000,0,50.0,60.0,,,,,,adaptive,rcx,random,False,,,,,,,0.9,0.1,roulette,3.0,True,False,0.5,0.1,0.35,5.0,0.0,,,,,,,,,,,,,,
J30_2.RCP,1,94.031179138322,4.4202659130096436,GA_roulette_rcx_adaptive_random_noLS_noNeighborhood,42,1000,1,50.0,60.0,,,,,,adaptive,rcx,random,False,,,,,,,0.9,0.1,roulette,3.0,True,False,0.5,0.1,0.35,5.0,0.0,,,,,,,,,,,,,,
J30_2.RCP,0,101.26927437641726,1.2398240566253662,GA_roulette_rcx_adaptive_heuristic_withLS_withNeighborhood,42,1000,0,50.0,60.0,,,,,,adaptive,rcx,heuristic,True,,,,,,,0.9,0.1,roulette,3.0,True,False,0.5,0.1,0.35,5.0,2.0,,,,,,,,,,,,,,
J30_2.RCP,1,104.26927437641726,1.1996140480041504,GA_roulette_rcx_adaptive_heuristic_withLS_withNeighborhood,42,1000,1,50.0,60.0,,,,,,adaptive,rcx,heuristic,True,,,,,,,0.9,0.1,roulette,3.0,True,False,0.5,0.1,0.35,5.0,2.0,,,,,,,,,,,,,,
J30_2.RCP,0,101.26927437641726,1.258155107498169,GA_roulette_rcx_adaptive_heuristic_withLS_noNeighborhood,42,1000,0,50.0,60.0,,,,,,adaptive,rcx,heuristic,True,,,,,,,0.9,0.1,roulette,3.0,True,False,0.5,0.1,0.35,5.0,0.0,,,,,,,,,,,,,,
J30_2.RCP,1,104.26927437641726,1.1816518306732178,GA_roulette_rcx_adaptive_heuristic_withLS_noNeighborhood,42,1000,1,50.0,60.0,,,,,,adaptive,rcx,heuristic,True,,,,,,,0.9,0.1,roulette,3.0,True,False,0.5,0.1,0.35,5.0,0.0,,,,,,,,,,,,,,
J30_2.RCP,0,99.17403628117914,4.5756189823150635,GA_roulette_rcx_adaptive_heuristic_noLS_withNeighborhood,42,1000,0,50.0,60.0,,,,,,adaptive,rcx,heuristic,False,,,,,,,0.9,0.1,roulette,3.0,True,False,0.5,0.1,0.35,5.0,2.0,,,,,,,,,,,,,,
J30_2.RCP,1,93.69784580498866,4.421751022338867,GA_roulette_rcx_adaptive_heuristic_noLS_withNeighborhood,42,1000,1,50.0,60.0,,,,,,adaptive,rcx,heuristic,False,,,,,,,0.9,0.1,roulette,3.0,True,False,0.5,0.1,0.35,5.0,2.0,,,,,,,,,,,,,,
J30_2.RCP,0,99.17403628117914,4.520218133926392,GA_roulette_rcx_adaptive_heuristic_noLS_noNeighborhood,42,1000,0,50.0,60.0,,,,,,adaptive,rcx,heuristic,False,,,,,,,0.9,0.1,roulette,3.0,True,False,0.5,0.1,0.35,5.0,0.0,,,,,,,,,,,,,,
J30_2.RCP,1,93.69784580498866,4.415738821029663,GA_roulette_rcx_adaptive_heuristic_noLS_noNeighborhood,42,1000,1,50.0,60.0,,,,,,adaptive,rcx,heuristic,False,,,,,,,0.9,0.1,roulette,3.0,True,False,0.5,0.1,0.35,5.0,0.0,,,,,,,,,,,,,,
J30_2.RCP,0,102.26927437641723,0.1274421215057373,GA_roulette_hybrid_random_random_withLS_withNeighborhood,42,1000,0,50.0,60.0,,,,,,random,hybrid,random,True,,,,,,,0.9,0.1,roulette,3.0,True,False,0.5,0.1,0.35,5.0,2.0,,,,,,,,,,,,,,
J30_2.RCP,1,99.31689342403631,0.1337118148803711,GA_roulette_hybrid_random_random_withLS_withNeighborhood,42,1000,1,50.0,60.0,,,,,,random,hybrid,random,True,,,,,,,0.9,0.1,roulette,3.0,True,False,0.5,0.1,0.35,5.0,2.0,,,,,,,,,,,,,,
J30_2.RCP,0,102.26927437641723,0.1280651092529297,GA_roulette_hybrid_random_random_withLS_noNeighborhood,42,1000,0,50.0,60.0,,,,,,random,hybrid,random,True,,,,,,,0.9,0.1,roulette,3.0,True,False,0.5,0.1,0.35,5.0,0.0,,,,,,,,,,,,,,
J30_2.RCP,1,99.31689342403631,0.1441330909729004,GA_roulette_hybrid_random_random_withLS_noNeighborhood,42,1000,1,50.0,60.0,,,,,,random,hybrid,random,True,,,,,,,0.9,0.1,roulette,3.0,True,False,0.5,0.1,0.35,5.0,0.0,,,,,,,,,,,,,,
J30_2.RCP,0,98.07879818594107,0.18384528160095215,GA_roulette_hybrid_random_random_noLS_withNeighborhood,42,1000,0,50.0,60.0,,,,,,random,hybrid,random,False,,,,,,,0.9,0.1,roulette,3.0,True,False,0.5,0.1,0.35,5.0,2.0,,,,,,,,,,,,,,
J30_2.RCP,1,95.50736961451248,0.17851805686950684,GA_roulette_hybrid_random_random_noLS_withNeighborhood,42,1000,1,50.0,60.0,,,,,,random,hybrid,random,False,,,,,,,0.9,0.1,roulette,3.0,True,False,0.5,0.1,0.35,5.0,2.0,,,,,,,,,,,,,,
J30_2.RCP,0,98.07879818594107,0.17922019958496094,GA_roulette_hybrid_random_random_noLS_noNeighborhood,42,1000,0,50.0,60.0,,,,,,random,hybrid,random,False,,,,,,,0.9,0.1,roulette,3.0,True,False,0.5,0.1,0.35,5.0,0.0,,,,,,,,,,,,,,
J30_2.RCP,1,95.50736961451248,0.1817159652709961,GA_roulette_hybrid_random_random_noLS_noNeighborhood,42,1000,1,50.0,60.0,,,,,,random,hybrid,random,False,,,,,,,0.9,0.1,roulette,3.0,True,False,0.5,0.1,0.35,5.0,0.0,,,,,,,,,,,,,,
J30_2.RCP,0,98.50736961451247,0.1263747215270996,GA_roulette_hybrid_random_heuristic_withLS_withNeighborhood,42,1000,0,50.0,60.0,,,,,,random,hybrid,heuristic,True,,,,,,,0.9,0.1,roulette,3.0,True,False,0.5,0.1,0.35,5.0,2.0,,,,,,,,,,,,,,
J30_2.RCP,1,104.65022675736964,0.12694191932678223,GA_roulette_hybrid_random_heuristic_withLS_withNeighborhood,42,1000,1,50.0,60.0,,,,,,random,hybrid,heuristic,True,,,,,,,0.9,0.1,roulette,3.0,True,False,0.5,0.1,0.35,5.0,2.0,,,,,,,,,,,,,,
J30_2.RCP,0,98.50736961451247,0.12751984596252441,GA_roulette_hybrid_random_heuristic_withLS_noNeighborhood,42,1000,0,50.0,60.0,,,,,,random,hybrid,heuristic,True,,,,,,,0.9,0.1,roulette,3.0,True,False,0.5,0.1,0.35,5.0,0.0,,,,,,,,,,,,,,
J30_2.RCP,1,104.65022675736964,0.1278691291809082,GA_roulette_hybrid_random_heuristic_withLS_noNeighborhood,42,1000,1,50.0,60.0,,,,,,random,hybrid,heuristic,True,,,,,,,0.9,0.1,roulette,3.0,True,False,0.5,0.1,0.35,5.0,0.0,,,,,,,,,,,,,,
J30_2.RCP,0,96.17403628117914,0.1798110008239746,GA_roulette_hybrid_random_heuristic_noLS_withNeighborhood,42,1000,0,50.0,60.0,,,,,,random,hybrid,heuristic,False,,,,,,,0.9,0.1,roulette,3.0,True,False,0.5,0.1,0.35,5.0,2.0,,,,,,,,,,,,,,
J30_2.RCP,1,93.60260770975057,0.17989778518676758,GA_roulette_hybrid_random_heuristic_noLS_withNeighborhood,42,1000,1,50.0,60.0,,,,,,random,hybrid,heuristic,False,,,,,,,0.9,0.1,roulette,3.0,True,False,0.5,0.1,0.35,5.0,2.0,,,,,,,,,,,,,,
J30_2.RCP,0,96.17403628117914,0.1799030303955078,GA_roulette_hybrid_random_heuristic_noLS_noNeighborhood,42,1000,0,50.0,60.0,,,,,,random,hybrid,heuristic,False,,,,,,,0.9,0.1,roulette,3.0,True,False,0.5,0.1,0.35,5.0,0.0,,,,,,,,,,,,,,
J30_2.RCP,1,93.60260770975057,0.18204975128173828,GA_roulette_hybrid_random_heuristic_noLS_noNeighborhood,42,1000,1,50.0,60.0,,,,,,random,hybrid,heuristic,False,,,,,,,0.9,0.1,roulette,3.0,True,False,0.5,0.1,0.35,5.0,0.0,,,,,,,,,,,,,,
J30_2.RCP,0,102.03117913832202,0.12837910652160645,GA_roulette_hybrid_adaptive_random_withLS_withNeighborhood,42,1000,0,50.0,60.0,,,,,,adaptive,hybrid,random,True,,,,,,,0.9,0.1,roulette,3.0,True,False,0.5,0.1,0.35,5.0,2.0,,,,,,,,,,,,,,
J30_2.RCP,1,101.22165532879819,0.12866520881652832,GA_roulette_hybrid_adaptive_random_withLS_withNeighborhood,42,1000,1,50.0,60.0,,,,,,adaptive,hybrid,random,True,,,,,,,0.9,0.1,roulette,3.0,True,False,0.5,0.1,0.35,5.0,2.0,,,,,,,,,,,,,,
J30_2.RCP,0,102.03117913832202,0.12889981269836426,GA_roulette_hybrid_adaptive_random_withLS_noNeighborhood,42,1000,0,50.0,60.0,,,,,,adaptive,hybrid,random,True,,,,,,,0.9,0.1,roulette,3.0,True,False,0.5,0.1,0.35,5.0,0.0,,,,,,,,,,,,,,
J30_2.RCP,1,101.22165532879819,0.12876391410827637,GA_roulette_hybrid_adaptive_random_withLS_noNeighborhood,42,1000,1,50.0,60.0,,,,,,adaptive,hybrid,random,True,,,,,,,0.9,0.1,roulette,3.0,True,False,0.5,0.1,0.35,5.0,0.0,,,,,,,,,,,,,,
J30_2.RCP,0,96.8407029478458,0.18941497802734375,GA_roulette_hybrid_adaptive_random_noLS_withNeighborhood,42,1000,0,50.0,60.0,,,,,,adaptive,hybrid,random,False,,,,,,,0.9,0.1,roulette,3.0,True,False,0.5,0.1,0.35,5.0,2.0,,,,,,,,,,,,,,
J30_2.RCP,1,97.55498866213152,0.19028902053833008,GA_roulette_hybrid_adaptive_random_noLS_withNeighborhood,42,1000,1,50.0,60.0,,,,,,adaptive,hybrid,random,False,,,,,,,0.9,0.1,roulette,3.0,True,False,0.5,0.1,0.35,5.0,2.0,,,,,,,,,,,,,,
J30_2.RCP,0,96.8407029478458,0.18922901153564453,GA_roulette_hybrid_adaptive_random_noLS_noNeighborhood,42,1000,0,50.0,60.0,,,,,,adaptive,hybrid,random,False,,,,,,,0.9,0.1,roulette,3.0,True,False,0.5,0.1,0.35,5.0,0.0,,,,,,,,,,,,,,
J30_2.RCP,1,97.55498866213152,0.18944382667541504,GA_roulette_hybrid_adaptive_random_noLS_noNeighborhood,42,1000,1,50.0,60.0,,,,,,adaptive,hybrid,random,False,,,,,,,0.9,0.1,roulette,3.0,True,False,0.5,0.1,0.35,5.0,0.0,,,,,,,,,,,,,,
J30_2.RCP,0,101.84070294784583,0.13005614280700684,GA_roulette_hybrid_adaptive_heuristic_withLS_withNeighborhood,42,1000,0,50.0,60.0,,,,,,adaptive,hybrid,heuristic,True,,,,,,,0.9,0.1,roulette,3.0,True,False,0.5,0.1,0.35,5.0,2.0,,,,,,,,,,,,,,
J30_2.RCP,1,102.22165532879819,0.1305840015411377,GA_roulette_hybrid_adaptive_heuristic_withLS_withNeighborhood,42,1000,1,50.0,60.0,,,,,,adaptive,hybrid,heuristic,True,,,,,,,0.9,0.1,roulette,3.0,True,False,0.5,0.1,0.35,5.0,2.0,,,,,,,,,,,,,,
J30_2.RCP,0,101.84070294784583,0.12982773780822754,GA_roulette_hybrid_adaptive_heuristic_withLS_noNeighborhood,42,1000,0,50.0,60.0,,,,,,adaptive,hybrid,heuristic,True,,,,,,,0.9,0.1,roulette,3.0,True,False,0.5,0.1,0.35,5.0,0.0,,,,,,,,,,,,,,
J30_2.RCP,1,102.22165532879819,0.12980294227600098,GA_roulette_hybrid_adaptive_heuristic_withLS_noNeighborhood,42,1000,1,50.0,60.0,,,,,,adaptive,hybrid,heuristic,True,,,,,,,0.9,0.1,roulette,3.0,True,False,0.5,0.1,0.35,5.0,0.0,,,,,,,,,,,,,,
J30_2.RCP,0,97.41213151927438,0.19013309478759766,GA_roulette_hybrid_adaptive_heuristic_noLS_withNeighborhood,42,1000,0,50.0,60.0,,,,,,adaptive,hybrid,heuristic,False,,,,,,,0.9,0.1,roulette,3.0,True,False,0.5,0.1,0.35,5.0,2.0,,,,,,,,,,,,,,
J30_2.RCP,1,95.41213151927438,0.18986296653747559,GA_roulette_hybrid_adaptive_heuristic_noLS_withNeighborhood,42,1000,1,50.0,60.0,,,,,,adaptive,hybrid,heuristic,False,,,,,,,0.9,0.1,roulette,3.0,True,False,0.5,0.1,0.35,5.0,2.0,,,,,,,,,,,,,,
J30_2.RCP,0,97.41213151927438,0.18942689895629883,GA_roulette_hybrid_adaptive_heuristic_noLS_noNeighborhood,42,1000,0,50.0,60.0,,,,,,adaptive,hybrid,heuristic,False,,,,,,,0.9,0.1,roulette,3.0,True,False,0.5,0.1,0.35,5.0,0.0,,,,,,,,,,,,,,
J30_2.RCP,1,95.41213151927438,0.1893150806427002,GA_roulette_hybrid_adaptive_heuristic_noLS_noNeighborhood,42,1000,1,50.0,60.0,,,,,,adaptive,hybrid,heuristic,False,,,,,,,0.9,0.1,roulette,3.0,True,False,0.5,0.1,0.35,5.0,0.0,,,,,,,,,,,,,,
J30_2.RCP,0,93.12641723356009,0.1318509578704834,GA_tournament_single_point_random_random_withLS_withNeighborhood,42,1000,0,50.0,60.0,,,,,,random,single_point,random,True,,,,,,,0.9,0.1,tournament,3.0,True,False,0.5,0.1,0.35,5.0,2.0,,,,,,,,,,,,,,
J30_2.RCP,1,97.41213151927438,0.12873435020446777,GA_tournament_single_point_random_random_withLS_withNeighborhood,42,1000,1,50.0,60.0,,,,,,random,single_point,random,True,,,,,,,0.9,0.1,tournament,3.0,True,False,0.5,0.1,0.35,5.0,2.0,,,,,,,,,,,,,,
J30_2.RCP,0,93.12641723356009,0.12754201889038086,GA_tournament_single_point_random_random_withLS_noNeighborhood,42,1000,0,50.0,60.0,,,,,,random,single_point,random,True,,,,,,,0.9,0.1,tournament,3.0,True,False,0.5,0.1,0.35,5.0,0.0,,,,,,,,,,,,,,
J30_2.RCP,1,97.41213151927438,0.12755084037780762,GA_tournament_single_point_random_random_withLS_noNeighborhood,42,1000,1,50.0,60.0,,,,,,random,single_point,random,True,,,,,,,0.9,0.1,tournament,3.0,True,False,0.5,0.1,0.35,5.0,0.0,,,,,,,,,,,,,,
J30_2.RCP,0,88.36451247165533,0.1852247714996338,GA_tournament_single_point_random_random_noLS_withNeighborhood,42,1000,0,50.0,60.0,,,,,,random,single_point,random,False,,,,,,,0.9,0.1,tournament,3.0,True,False,0.5,0.1,0.35,5.0,2.0,,,,,,,,,,,,,,
J30_2.RCP,1,86.79308390022676,0.18462228775024414,GA_tournament_single_point_random_random_noLS_withNeighborhood,42,1000,1,50.0,60.0,,,,,,random,single_point,random,False,,,,,,,0.9,0.1,tournament,3.0,True,False,0.5,0.1,0.35,5.0,2.0,,,,,,,,,,,,,,
J30_2.RCP,0,88.36451247165533,0.18441295623779297,GA_tournament_single_point_random_random_noLS_noNeighborhood,42,1000,0,50.0,60.0,,,,,,random,single_point,random,False,,,,,,,0.9,0.1,tournament,3.0,True,False,0.5,0.1,0.35,5.0,0.0,,,,,,,,,,,,,,
J30_2.RCP,1,86.79308390022676,0.18437504768371582,GA_tournament_single_point_random_random_noLS_noNeighborhood,42,1000,1,50.0,60.0,,,,,,random,single_point,random,False,,,,,,,0.9,0.1,tournament,3.0,True,False,0.5,0.1,0.35,5.0,0.0,,,,,,,,,,,,,,
J30_2.RCP,0,94.84070294784581,0.128342866897583,GA_tournament_single_point_random_heuristic_withLS_withNeighborhood,42,1000,0,50.0,60.0,,,,,,random,single_point,heuristic,True,,,,,,,0.9,0.1,tournament,3.0,True,False,0.5,0.1,0.35,5.0,2.0,,,,,,,,,,,,,,
J30_2.RCP,1,96.9359410430839,0.12823700904846191,GA_tournament_single_point_random_heuristic_withLS_withNeighborhood,42,1000,1,50.0,60.0,,,,,,random,single_point,heuristic,True,,,,,,,0.9,0.1,tournament,3.0,True,False,0.5,0.1,0.35,5.0,2.0,,,,,,,,,,,,,,
J30_2.RCP,0,94.84070294784581,0.12772893905639648,GA_tournament_single_point_random_heuristic_withLS_noNeighborhood,42,1000,0,50.0,60.0,,,,,,random,single_point,heuristic,True,,,,,,,0.9,0.1,tournament,3.0,True,False,0.5,0.1,0.35,5.0,0.0,,,,,,,,,,,,,,
J30_2.RCP,1,96.9359410430839,0.1292588710784912,GA_tournament_single_point_random_heuristic_withLS_noNeighborhood,42,1000,1,50.0,60.0,,,,,,random,single_point,heuristic,True,,,,,,,0.9,0.1,tournament,3.0,True,False,0.5,0.1,0.35,5.0,0.0,,,,,,,,,,,,,,
J30_2.RCP,0,87.60260770975057,0.2213881015777588,GA_tournament_single_point_random_heuristic_noLS_withNeighborhood,42,1000,0,50.0,60.0,,,,,,random,single_point,heuristic,False,,,,,,,0.9,0.1,tournament,3.0,True,False,0.5,0.1,0.35,5.0,2.0,,,,,,,,,,,,,,
J30_2.RCP,1,89.74546485260771,0.20678400993347168,GA_tournament_single_point_random_heuristic_noLS_withNeighborhood,42,1000,1,50.0,60.0,,,,,,random,single_point,heuristic,False,,,,,,,0.9,0.1,tournament,3.0,True,False,0.5,0.1,0.35,5.0,2.0,,,,,,,,,,,,,,
J30_2.RCP,0,87.60260770975057,0.21361398696899414,GA_tournament_single_point_random_heuristic_noLS_noNeighborhood,42,1000,0,50.0,60.0,,,,,,random,single_point,heuristic,False,,,,,,,0.9,0.1,tournament,3.0,True,False,0.5,0.1,0.35,5.0,0.0,,,,,,,,,,,,,,
J30_2.RCP,1,89.74546485260771,0.19189095497131348,GA_tournament_single_point_random_heuristic_noLS_noNeighborhood,42,1000,1,50.0,60.0,,,,,,random,single_point,heuristic,False,,,,,,,0.9,0.1,tournament,3.0,True,False,0.5,0.1,0.35,5.0,0.0,,,,,,,,,,,,,,
J30_2.RCP,0,95.69784580498866,0.13157081604003906,GA_tournament_single_point_adaptive_random_withLS_withNeighborhood,42,1000,0,50.0,60.0,,,,,,adaptive,single_point,random,True,,,,,,,0.9,0.1,tournament,3.0,True,False,0.5,0.1,0.35,5.0,2.0,,,,,,,,,,,,,,
J30_2.RCP,1,96.36451247165535,0.12973690032958984,GA_tournament_single_point_adaptive_random_withLS_withNeighborhood,42,1000,1,50.0,60.0,,,,,,adaptive,single_point,random,True,,,,,,,0.9,0.1,tournament,3.0,True,False,0.5,0.1,0.35,5.0,2.0,,,,,,,,,,,,,,
J30_2.RCP,0,95.69784580498866,0.13298416137695312,GA_tournament_single_point_adaptive_random_withLS_noNeighborhood,42,1000,0,50.0,60.0,,,,,,adaptive,single_point,random,True,,,,,,,0.9,0.1,tournament,3.0,True,False,0.5,0.1,0.35,5.0,0.0,,,,,,,,,,,,,,
J30_2.RCP,1,96.36451247165535,0.12963581085205078,GA_tournament_single_point_adaptive_random_withLS_noNeighborhood,42,1000,1,50.0,60.0,,,,,,adaptive,single_point,random,True,,,,,,,0.9,0.1,tournament,3.0,True,False,0.5,0.1,0.35,5.0,0.0,,,,,,,,,,,,,,
J30_2.RCP,0,93.60260770975057,0.1958940029144287,GA_tournament_single_point_adaptive_random_noLS_withNeighborhood,42,1000,0,50.0,60.0,,,,,,adaptive,single_point,random,False,,,,,,,0.9,0.1,tournament,3.0,True,False,0.5,0.1,0.35,5.0,2.0,,,,,,,,,,,,,,
J30_2.RCP,1,92.031179138322,0.19439220428466797,GA_tournament_single_point_adaptive_random_noLS_withNeighborhood,42,1000,1,50.0,60.0,,,,,,adaptive,single_point,random,False,,,,,,,0.9,0.1,tournament,3.0,True,False,0.5,0.1,0.35,5.0,2.0,,,,,,,,,,,,,,
J30_2.RCP,0,93.60260770975057,0.19501686096191406,GA_tournament_single_point_adaptive_random_noLS_noNeighborhood,42,1000,0,50.0,60.0,,,,,,adaptive,single_point,random,False,,,,,,,0.9,0.1,tournament,3.0,True,False,0.5,0.1,0.35,5.0,0.0,,,,,,,,,,,,,,
J30_2.RCP,1,92.031179138322,0.1939561367034912,GA_tournament_single_point_adaptive_random_noLS_noNeighborhood,42,1000,1,50.0,60.0,,,,,,adaptive,single_point,random,False,,,,,,,0.9,0.1,tournament,3.0,True,False,0.5,0.1,0.35,5.0,0.0,,,,,,,,,,,,,,
J30_2.RCP,0,95.45975056689343,0.13152003288269043,GA_tournament_single_point_adaptive_heuristic_withLS_withNeighborhood,42,1000,0,50.0,60.0,,,,,,adaptive,single_point,heuristic,True,,,,,,,0.9,0.1,tournament,3.0,True,False,0.5,0.1,0.35,5.0,2.0,,,,,,,,,,,,,,
J30_2.RCP,1,96.55498866213152,0.1311938762664795,GA_tournament_single_point_adaptive_heuristic_withLS_withNeighborhood,42,1000,1,50.0,60.0,,,,,,adaptive,single_point,heuristic,True,,,,,,,0.9,0.1,tournament,3.0,True,False,0.5,0.1,0.35,5.0,2.0,,,,,,,,,,,,,,
J30_2.RCP,0,95.45975056689343,0.14236116409301758,GA_tournament_single_point_adaptive_heuristic_withLS_noNeighborhood,42,1000,0,50.0,60.0,,,,,,adaptive,single_point,heuristic,True,,,,,,,0.9,0.1,tournament,3.0,True,False,0.5,0.1,0.35,5.0,0.0,,,,,,,,,,,,,,
J30_2.RCP,1,96.55498866213152,0.13293695449829102,GA_tournament_single_point_adaptive_heuristic_withLS_noNeighborhood,42,1000,1,50.0,60.0,,,,,,adaptive,single_point,heuristic,True,,,,,,,0.9,0.1,tournament,3.0,True,False,0.5,0.1,0.35,5.0,0.0,,,,,,,,,,,,,,
J30_2.RCP,0,90.17403628117914,0.1954340934753418,GA_tournament_single_point_adaptive_heuristic_noLS_withNeighborhood,42,1000,0,50.0,60.0,,,,,,adaptive,single_point,heuristic,False,,,,,,,0.9,0.1,tournament,3.0,True,False,0.5,0.1,0.35,5.0,2.0,,,,,,,,,,,,,,
J30_2.RCP,1,89.79308390022678,0.1944899559020996,GA_tournament_single_point_adaptive_heuristic_noLS_withNeighborhood,42,1000,1,50.0,60.0,,,,,,adaptive,single_point,heuristic,False,,,,,,,0.9,0.1,tournament,3.0,True,False,0.5,0.1,0.35,5.0,2.0,,,,,,,,,,,,,,
J30_2.RCP,0,90.17403628117914,0.19818806648254395,GA_tournament_single_point_adaptive_heuristic_noLS_noNeighborhood,42,1000,0,50.0,60.0,,,,,,adaptive,single_point,heuristic,False,,,,,,,0.9,0.1,tournament,3.0,True,False,0.5,0.1,0.35,5.0,0.0,,,,,,,,,,,,,,
J30_2.RCP,1,89.79308390022678,0.2068040370941162,GA_tournament_single_point_adaptive_heuristic_noLS_noNeighborhood,42,1000,1,50.0,60.0,,,,,,adaptive,single_point,heuristic,False,,,,,,,0.9,0.1,tournament,3.0,True,False,0.5,0.1,0.35,5.0,0.0,,,,,,,,,,,,,,
J30_2.RCP,0,96.84070294784581,0.1285390853881836,GA_tournament_two_point_random_random_withLS_withNeighborhood,42,1000,0,50.0,60.0,,,,,,random,two_point,random,True,,,,,,,0.9,0.1,tournament,3.0,True,False,0.5,0.1,0.35,5.0,2.0,,,,,,,,,,,,,,
J30_2.RCP,1,99.65022675736964,0.12831497192382812,GA_tournament_two_point_random_random_withLS_withNeighborhood,42,1000,1,50.0,60.0,,,,,,random,two_point,random,True,,,,,,,0.9,0.1,tournament,3.0,True,False,0.5,0.1,0.35,5.0,2.0,,,,,,,,,,,,,,
J30_2.RCP,0,96.84070294784581,0.12836384773254395,GA_tournament_two_point_random_random_withLS_noNeighborhood,42,1000,0,50.0,60.0,,,,,,random,two_point,random,True,,,,,,,0.9,0.1,tournament,3.0,True,False,0.5,0.1,0.35,5.0,0.0,,,,,,,,,,,,,,
J30_2.RCP,1,99.65022675736964,0.13174724578857422,GA_tournament_two_point_random_random_withLS_noNeighborhood,42,1000,1,50.0,60.0,,,,,,random,two_point,random,True,,,,,,,0.9,0.1,tournament,3.0,True,False,0.5,0.1,0.35,5.0,0.0,,,,,,,,,,,,,,
J30_2.RCP,0,92.26927437641724,0.18678569793701172,GA_tournament_two_point_random_random_noLS_withNeighborhood,42,1000,0,50.0,60.0,,,,,,random,two_point,random,False,,,,,,,0.9,0.1,tournament,3.0,True,False,0.5,0.1,0.35,5.0,2.0,,,,,,,,,,,,,,
J30_2.RCP,1,89.26927437641723,0.18531298637390137,GA_tournament_two_point_random_random_noLS_withNeighborhood,42,1000,1,50.0,60.0,,,,,,random,two_point,random,False,,,,,,,0.9,0.1,tournament,3.0,True,False,0.5,0.1,0.35,5.0,2.0,,,,,,,,,,,,,,
J30_2.RCP,0,92.26927437641724,0.18599796295166016,GA_tournament_two_point_random_random_noLS_noNeighborhood,42,1000,0,50.0,60.0,,,,,,random,two_point,random,False,,,,,,,0.9,0.1,tournament,3.0,True,False,0.5,0.1,0.35,5.0,0.0,,,,,,,,,,,,,,
J30_2.RCP,1,89.26927437641723,0.18692398071289062,GA_tournament_two_point_random_random_noLS_noNeighborhood,42,1000,1,50.0,60.0,,,,,,random,two_point,random,False,,,,,,,0.9,0.1,tournament,3.0,True,False,0.5,0.1,0.35,5.0,0.0,,,,,,,,,,,,,,
J30_2.RCP,0,96.3168934240363,0.12888598442077637,GA_tournament_two_point_random_heuristic_withLS_withNeighborhood,42,1000,0,50.0,60.0,,,,,,random,two_point,heuristic,True,,,,,,,0.9,0.1,tournament,3.0,True,False,0.5,0.1,0.35,5.0,2.0,,,,,,,,,,,,,,
J30_2.RCP,1,99.74546485260774,0.1281449794769287,GA_tournament_two_point_random_heuristic_withLS_withNeighborhood,42,1000,1,50.0,60.0,,,,,,random,two_point,heuristic,True,,,,,,,0.9,0.1,tournament,3.0,True,False,0.5,0.1,0.35,5.0,2.0,,,,,,,,,,,,,,
J30_2.RCP,0,96.3168934240363,0.12991714477539062,GA_tournament_two_point_random_heuristic_withLS_noNeighborhood,42,1000,0,50.0,60.0,,,,,,random,two_point,heuristic,True,,,,,,,0.9,0.1,tournament,3.0,True,False,0.5,0.1,0.35,5.0,0.0,,,,,,,,,,,,,,
J30_2.RCP,1,99.74546485260774,0.1285691261291504,GA_tournament_two_point_random_heuristic_withLS_noNeighborhood,42,1000,1,50.0,60.0,,,,,,random,two_point,heuristic,True,,,,,,,0.9,0.1,tournament,3.0,True,False,0.5,0.1,0.35,5.0,0.0,,,,,,,,,,,,,,
J30_2.RCP,0,88.07879818594104,0.18800902366638184,GA_tournament_two_point_random_heuristic_noLS_withNeighborhood,42,1000,0,50.0,60.0,,,,,,random,two_point,heuristic,False,,,,,,,0.9,0.1,tournament,3.0,True,False,0.5,0.1,0.35,5.0,2.0,,,,,,,,,,,,,,
J30_2.RCP,1,90.45975056689342,0.19112610816955566,GA_tournament_two_point_random_heuristic_noLS_withNeighborhood,42,1000,1,50.0,60.0,,,,,,random,two_point,heuristic,False,,,,,,,0.9,0.1,tournament,3.0,True,False,0.5,0.1,0.35,5.0,2.0,,,,,,,,,,,,,,
J30_2.RCP,0,88.07879818594104,0.18630027770996094,GA_tournament_two_point_random_heuristic_noLS_noNeighborhood,42,1000,0,50.0,60.0,,,,,,random,two_point,heuristic,False,,,,,,,0.9,0.1,tournament,3.0,True,False,0.5,0.1,0.35,5.0,0.0,,,,,,,,,,,,,,
J30_2.RCP,1,90.45975056689342,0.18617892265319824,GA_tournament_two_point_random_heuristic_noLS_noNeighborhood,42,1000,1,50.0,60.0,,,,,,random,two_point,heuristic,False,,,,,,,0.9,0.1,tournament,3.0,True,False,0.5,0.1,0.35,5.0,0.0,,,,,,,,,,,,,,
J30_2.RCP,0,95.17403628117916,0.1306750774383545,GA_tournament_two_point_adaptive_random_withLS_withNeighborhood,42,1000,0,50.0,60.0,,,,,,adaptive,two_point,random,True,,,,,,,0.9,0.1,tournament,3.0,True,False,0.5,0.1,0.35,5.0,2.0,,,,,,,,,,,,,,
J30_2.RCP,1,94.22165532879819,0.13538384437561035,GA_tournament_two_point_adaptive_random_withLS_withNeighborhood,42,1000,1,50.0,60.0,,,,,,adaptive,two_point,random,True,,,,,,,0.9,0.1,tournament,3.0,True,False,0.5,0.1,0.35,5.0,2.0,,,,,,,,,,,,,,
J30_2.RCP,0,95.17403628117916,0.14263439178466797,GA_tournament_two_point_adaptive_random_withLS_noNeighborhood,42,1000,0,50.0,60.0,,,,,,adaptive,two_point,random,True,,,,,,,0.9,0.1,tournament,3.0,True,False,0.5,0.1,0.35,5.0,0.0,,,,,,,,,,,,,,
J30_2.RCP,1,94.22165532879819,0.13110136985778809,GA_tournament_two_point_adaptive_random_withLS_noNeighborhood,42,1000,1,50.0,60.0,,,,,,adaptive,two_point,random,True,,,,,,,0.9,0.1,tournament,3.0,True,False,0.5,0.1,0.35,5.0,0.0,,,,,,,,,,,,,,
J30_2.RCP,0,91.50736961451248,0.19543123245239258,GA_tournament_two_point_adaptive_random_noLS_withNeighborhood,42,1000,0,50.0,60.0,,,,,,adaptive,two_point,random,False,,,,,,,0.9,0.1,tournament,3.0,True,False,0.5,0.1,0.35,5.0,2.0,,,,,,,,,,,,,,
J30_2.RCP,1,89.55498866213154,0.21797466278076172,GA_tournament_two_point_adaptive_random_noLS_withNeighborhood,42,1000,1,50.0,60.0,,,,,,adaptive,two_point,random,False,,,,,,,0.9,0.1,tournament,3.0,True,False,0.5,0.1,0.35,5.0,2.0,,,,,,,,,,,,,,
J30_2.RCP,0,91.50736961451248,0.1972198486328125,GA_tournament_two_point_adaptive_random_noLS_noNeighborhood,42,1000,0,50.0,60.0,,,,,,adaptive,two_point,random,False,,,,,,,0.9,0.1,tournament,3.0,True,False,0.5,0.1,0.35,5.0,0.0,,,,,,,,,,,,,,
J30_2.RCP,1,89.55498866213154,0.1991276741027832,GA_tournament_two_point_adaptive_random_noLS_noNeighborhood,42,1000,1,50.0,60.0,,,,,,adaptive,two_point,random,False,,,,,,,0.9,0.1,tournament,3.0,True,False,0.5,0.1,0.35,5.0,0.0,,,,,,,,,,,,,,
J30_2.RCP,0,99.98356009070297,0.13093924522399902,GA_tournament_two_point_adaptive_heuristic_withLS_withNeighborhood,42,1000,0,50.0,60.0,,,,,,adaptive,two_point,heuristic,True,,,,,,,0.9,0.1,tournament,3.0,True,False,0.5,0.1,0.35,5.0,2.0,,,,,,,,,,,,,,
J30_2.RCP,1,98.50736961451247,0.1312541961669922,GA_tournament_two_point_adaptive_heuristic_withLS_withNeighborhood,42,1000,1,50.0,60.0,,,,,,adaptive,two_point,heuristic,True,,,,,,,0.9,0.1,tournament,3.0,True,False,0.5,0.1,0.35,5.0,2.0,,,,,,,,,,,,,,
J30_2.RCP,0,99.98356009070297,0.1315767765045166,GA_tournament_two_point_adaptive_heuristic_withLS_noNeighborhood,42,1000,0,50.0,60.0,,,,,,adaptive,two_point,heuristic,True,,,,,,,0.9,0.1,tournament,3.0,True,False,0.5,0.1,0.35,5.0,0.0,,,,,,,,,,,,,,
J30_2.RCP,1,98.50736961451247,0.1316211223602295,GA_tournament_two_point_adaptive_heuristic_withLS_noNeighborhood,42,1000,1,50.0,60.0,,,,,,adaptive,two_point,heuristic,True,,,,,,,0.9,0.1,tournament,3.0,True,False,0.5,0.1,0.35,5.0,0.0,,,,,,,,,,,,,,
J30_2.RCP,0,91.60260770975057,0.1970810890197754,GA_tournament_two_point_adaptive_heuristic_noLS_withNeighborhood,42,1000,0,50.0,60.0,,,,,,adaptive,two_point,heuristic,False,,,,,,,0.9,0.1,tournament,3.0,True,False,0.5,0.1,0.35,5.0,2.0,,,,,,,,,,,,,,
J30_2.RCP,1,92.84070294784581,0.19816207885742188,GA_tournament_two_point_adaptive_heuristic_noLS_withNeighborhood,42,1000,1,50.0,60.0,,,,,,adaptive,two_point,heuristic,False,,,,,,,0.9,0.1,tournament,3.0,True,False,0.5,0.1,0.35,5.0,2.0,,,,,,,,,,,,,,
J30_2.RCP,0,91.60260770975057,0.19863486289978027,GA_tournament_two_point_adaptive_heuristic_noLS_noNeighborhood,42,1000,0,50.0,60.0,,,,,,adaptive,two_point,heuristic,False,,,,,,,0.9,0.1,tournament,3.0,True,False,0.5,0.1,0.35,5.0,0.0,,,,,,,,,,,,,,
J30_2.RCP,1,92.84070294784581,0.19714903831481934,GA_tournament_two_point_adaptive_heuristic_noLS_noNeighborhood,42,1000,1,50.0,60.0,,,,,,adaptive,two_point,heuristic,False,,,,,,,0.9,0.1,tournament,3.0,True,False,0.5,0.1,0.35,5.0,0.0,,,,,,,,,,,,,,
J30_2.RCP,0,94.1264172335601,0.6797418594360352,GA_tournament_rcx_random_random_withLS_withNeighborhood,42,1000,0,50.0,60.0,,,,,,random,rcx,random,True,,,,,,,0.9,0.1,tournament,3.0,True,False,0.5,0.1,0.35,5.0,2.0,,,,,,,,,,,,,,
J30_2.RCP,1,95.45975056689343,0.7071590423583984,GA_tournament_rcx_random_random_withLS_withNeighborhood,42,1000,1,50.0,60.0,,,,,,random,rcx,random,True,,,,,,,0.9,0.1,tournament,3.0,True,False,0.5,0.1,0.35,5.0,2.0,,,,,,,,,,,,,,
J30_2.RCP,0,94.1264172335601,0.6625430583953857,GA_tournament_rcx_random_random_withLS_noNeighborhood,42,1000,0,50.0,60.0,,,,,,random,rcx,random,True,,,,,,,0.9,0.1,tournament,3.0,True,False,0.5,0.1,0.35,5.0,0.0,,,,,,,,,,,,,,
J30_2.RCP,1,95.45975056689343,0.6677172183990479,GA_tournament_rcx_random_random_withLS_noNeighborhood,42,1000,1,50.0,60.0,,,,,,random,rcx,random,True,,,,,,,0.9,0.1,tournament,3.0,True,False,0.5,0.1,0.35,5.0,0.0,,,,,,,,,,,,,,
J30_2.RCP,0,84.07879818594105,2.2977020740509033,GA_tournament_rcx_random_random_noLS_withNeighborhood,42,1000,0,50.0,60.0,,,,,,random,rcx,random,False,,,,,,,0.9,0.1,tournament,3.0,True,False,0.5,0.1,0.35,5.0,2.0,,,,,,,,,,,,,,
J30_2.RCP,1,84.55498866213152,2.324836015701294,GA_tournament_rcx_random_random_noLS_withNeighborhood,42,1000,1,50.0,60.0,,,,,,random,rcx,random,False,,,,,,,0.9,0.1,tournament,3.0,True,False,0.5,0.1,0.35,5.0,2.0,,,,,,,,,,,,,,
J30_2.RCP,0,84.07879818594105,2.3827321529388428,GA_tournament_rcx_random_random_noLS_noNeighborhood,42,1000,0,50.0,60.0,,,,,,random,rcx,random,False,,,,,,,0.9,0.1,tournament,3.0,True,False,0.5,0.1,0.35,5.0,0.0,,,,,,,,,,,,,,
J30_2.RCP,1,84.55498866213152,2.322859048843384,GA_tournament_rcx_random_random_noLS_noNeighborhood,42,1000,1,50.0,60.0,,,,,,random,rcx,random,False,,,,,,,0.9,0.1,tournament,3.0,True,False,0.5,0.1,0.35,5.0,0.0,,,,,,,,,,,,,,
J30_2.RCP,0,98.17403628117914,0.6763651371002197,GA_tournament_rcx_random_heuristic_withLS_withNeighborhood,42,1000,0,50.0,60.0,,,,,,random,rcx,heuristic,True,,,,,,,0.9,0.1,tournament,3.0,True,False,0.5,0.1,0.35,5.0,2.0,,,,,,,,,,,,,,
J30_2.RCP,1,95.69784580498866,0.6479072570800781,GA_tournament_rcx_random_heuristic_withLS_withNeighborhood,42,1000,1,50.0,60.0,,,,,,random,rcx,heuristic,True,,,,,,,0.9,0.1,tournament,3.0,True,False,0.5,0.1,0.35,5.0,2.0,,,,,,,,,,,,,,
J30_2.RCP,0,98.17403628117914,0.6575160026550293,GA_tournament_rcx_random_heuristic_withLS_noNeighborhood,42,1000,0,50.0,60.0,,,,,,random,rcx,heuristic,True,,,,,,,0.9,0.1,tournament,3.0,True,False,0.5,0.1,0.35,5.0,0.0,,,,,,,,,,,,,,
J30_2.RCP,1,95.69784580498866,0.6641769409179688,GA_tournament_rcx_random_heuristic_withLS_noNeighborhood,42,1000,1,50.0,60.0,,,,,,random,rcx,heuristic,True,,,,,,,0.9,0.1,tournament,3.0,True,False,0.5,0.1,0.35,5.0,0.0,,,,,,,,,,,,,,
J30_2.RCP,0,89.65022675736961,2.250684976577759,GA_tournament_rcx_random_heuristic_noLS_withNeighborhood,42,1000,0,50.0,60.0,,,,,,random,rcx,heuristic,False,,,,,,,0.9,0.1,tournament,3.0,True,False,0.5,0.1,0.35,5.0,2.0,,,,,,,,,,,,,,
J30_2.RCP,1,87.88832199546485,2.252362012863159,GA_tournament_rcx_random_heuristic_noLS_withNeighborhood,42,1000,1,50.0,60.0,,,,,,random,rcx,heuristic,False,,,,,,,0.9,0.1,tournament,3.0,True,False,0.5,0.1,0.35,5.0,2.0,,,,,,,,,,,,,,
J30_2.RCP,0,89.65022675736961,2.2441248893737793,GA_tournament_rcx_random_heuristic_noLS_noNeighborhood,42,1000,0,50.0,60.0,,,,,,random,rcx,heuristic,False,,,,,,,0.9,0.1,tournament,3.0,True,False,0.5,0.1,0.35,5.0,0.0,,,,,,,,,,,,,,
J30_2.RCP,1,87.88832199546485,2.239427089691162,GA_tournament_rcx_random_heuristic_noLS_noNeighborhood,42,1000,1,50.0,60.0,,,,,,random,rcx,heuristic,False,,,,,,,0.9,0.1,tournament,3.0,True,False,0.5,0.1,0.35,5.0,0.0,,,,,,,,,,,,,,
J30_2.RCP,0,96.79308390022675,0.6674952507019043,GA_tournament_rcx_adaptive_random_withLS_withNeighborhood,42,1000,0,50.0,60.0,,,,,,adaptive,rcx,random,True,,,,,,,0.9,0.1,tournament,3.0,True,False,0.5,0.1,0.35,5.0,2.0,,,,,,,,,,,,,,
J30_2.RCP,1,97.22165532879819,0.6416487693786621,GA_tournament_rcx_adaptive_random_withLS_withNeighborhood,42,1000,1,50.0,60.0,,,,,,adaptive,rcx,random,True,,,,,,,0.9,0.1,tournament,3.0,True,False,0.5,0.1,0.35,5.0,2.0,,,,,,,,,,,,,,
J30_2.RCP,0,96.79308390022675,0.693962812423706,GA_tournament_rcx_adaptive_random_withLS_noNeighborhood,42,1000,0,50.0,60.0,,,,,,adaptive,rcx,random,True,,,,,,,0.9,0.1,tournament,3.0,True,False,0.5,0.1,0.35,5.0,0.0,,,,,,,,,,,,,,
J30_2.RCP,1,97.22165532879819,0.642829179763794,GA_tournament_rcx_adaptive_random_withLS_noNeighborhood,42,1000,1,50.0,60.0,,,,,,adaptive,rcx,random,True,,,,,,,0.9,0.1,tournament,3.0,True,False,0.5,0.1,0.35,5.0,0.0,,,,,,,,,,,,,,
J30_2.RCP,0,92.12641723356009,2.4144110679626465,GA_tournament_rcx_adaptive_random_noLS_withNeighborhood,42,1000,0,50.0,60.0,,,,,,adaptive,rcx,random,False,,,,,,,0.9,0.1,tournament,3.0,True,False,0.5,0.1,0.35,5.0,2.0,,,,,,,,,,,,,,
J30_2.RCP,1,89.98356009070295,2.3831989765167236,GA_tournament_rcx_adaptive_random_noLS_withNeighborhood,42,1000,1,50.0,60.0,,,,,,adaptive,rcx,random,False,,,,,,,0.9,0.1,tournament,3.0,True,False,0.5,0.1,0.35,5.0,2.0,,,,,,,,,,,,,,
J30_2.RCP,0,92.12641723356009,2.3573241233825684,GA_tournament_rcx_adaptive_random_noLS_noNeighborhood,42,1000,0,50.0,60.0,,,,,,adaptive,rcx,random,False,,,,,,,0.9,0.1,tournament,3.0,True,False,0.5,0.1,0.35,5.0,0.0,,,,,,,,,,,,,,
J30_2.RCP,1,89.98356009070295,2.2441399097442627,GA_tournament_rcx_adaptive_random_noLS_noNeighborhood,42,1000,1,50.0,60.0,,,,,,adaptive,rcx,random,False,,,,,,,0.9,0.1,tournament,3.0,True,False,0.5,0.1,0.35,5.0,0.0,,,,,,,,,,,,,,
J30_2.RCP,0,98.69784580498866,0.6617879867553711,GA_tournament_rcx_adaptive_heuristic_withLS_withNeighborhood,42,1000,0,50.0,60.0,,,,,,adaptive,rcx,heuristic,True,,,,,,,0.9,0.1,tournament,3.0,True,False,0.5,0.1,0.35,5.0,2.0,,,,,,,,,,,,,,
J30_2.RCP,1,95.07879818594105,0.6444690227508545,GA_tournament_rcx_adaptive_heuristic_withLS_withNeighborhood,42,1000,1,50.0,60.0,,,,,,adaptive,rcx,heuristic,True,,,,,,,0.9,0.1,tournament,3.0,True,False,0.5,0.1,0.35,5.0,2.0,,,,,,,,,,,,,,
J30_2.RCP,0,98.69784580498866,0.6647040843963623,GA_tournament_rcx_adaptive_heuristic_withLS_noNeighborhood,42,1000,0,50.0,60.0,,,,,,adaptive,rcx,heuristic,True,,,,,,,0.9,0.1,tournament,3.0,True,False,0.5,0.1,0.35,5.0,0.0,,,,,,,,,,,,,,
J30_2.RCP,1,95.07879818594105,0.6428747177124023,GA_tournament_rcx_adaptive_heuristic_withLS_noNeighborhood,42,1000,1,50.0,60.0,,,,,,adaptive,rcx,heuristic,True,,,,,,,0.9,0.1,tournament,3.0,True,False,0.5,0.1,0.35,5.0,0.0,,,,,,,,,,,,,,
J30_2.RCP,0,92.12641723356009,2.327270984649658,GA_tournament_rcx_adaptive_heuristic_noLS_withNeighborhood,42,1000,0,50.0,60.0,,,,,,adaptive,rcx,heuristic,False,,,,,,,0.9,0.1,tournament,3.0,True,False,0.5,0.1,0.35,5.0,2.0,,,,,,,,,,,,,,
J30_2.RCP,1,92.65022675736961,2.285125732421875,GA_tournament_rcx_adaptive_heuristic_noLS_withNeighborhood,42,1000,1,50.0,60.0,,,,,,adaptive,rcx,heuristic,False,,,,,,,0.9,0.1,tournament,3.0,True,False,0.5,0.1,0.35,5.0,2.0,,,,,,,,,,,,,,
J30_2.RCP,0,92.12641723356009,2.3139162063598633,GA_tournament_rcx_adaptive_heuristic_noLS_noNeighborhood,42,1000,0,50.0,60.0,,,,,,adaptive,rcx,heuristic,False,,,,,,,0.9,0.1,tournament,3.0,True,False,0.5,0.1,0.35,5.0,0.0,,,,,,,,,,,,,,
J30_2.RCP,1,92.65022675736961,2.2756359577178955,GA_tournament_rcx_adaptive_heuristic_noLS_noNeighborhood,42,1000,1,50.0,60.0,,,,,,adaptive,rcx,heuristic,False,,,,,,,0.9,0.1,tournament,3.0,True,False,0.5,0.1,0.35,5.0,0.0,,,,,,,,,,,,,,
J30_2.RCP,0,91.12641723356009,0.405163049697876,GA_tournament_hybrid_random_random_withLS_withNeighborhood,42,1000,0,50.0,60.0,,,,,,random,hybrid,random,True,,,,,,,0.9,0.1,tournament,3.0,True,False,0.5,0.1,0.35,5.0,2.0,,,,,,,,,,,,,,
J30_2.RCP,1,98.55498866213154,0.39599609375,GA_tournament_hybrid_random_random_withLS_withNeighborhood,42,1000,1,50.0,60.0,,,,,,random,hybrid,random,True,,,,,,,0.9,0.1,tournament,3.0,True,False,0.5,0.1,0.35,5.0,2.0,,,,,,,,,,,,,,
J30_2.RCP,0,91.12641723356009,0.4049990177154541,GA_tournament_hybrid_random_random_withLS_noNeighborhood,42,1000,0,50.0,60.0,,,,,,random,hybrid,random,True,,,,,,,0.9,0.1,tournament,3.0,True,False,0.5,0.1,0.35,5.0,0.0,,,,,,,,,,,,,,
J30_2.RCP,1,98.55498866213154,0.3967719078063965,GA_tournament_hybrid_random_random_withLS_noNeighborhood,42,1000,1,50.0,60.0,,,,,,random,hybrid,random,True,,,,,,,0.9,0.1,tournament,3.0,True,False,0.5,0.1,0.35,5.0,0.0,,,,,,,,,,,,,,
J30_2.RCP,0,89.26927437641724,1.3230500221252441,GA_tournament_hybrid_random_random_noLS_withNeighborhood,42,1000,0,50.0,60.0,,,,,,random,hybrid,random,False,,,,,,,0.9,0.1,tournament,3.0,True,False,0.5,0.1,0.35,5.0,2.0,,,,,,,,,,,,,,
J30_2.RCP,1,88.69784580498867,1.3642280101776123,GA_tournament_hybrid_random_random_noLS_withNeighborhood,42,1000,1,50.0,60.0,,,,,,random,hybrid,random,False,,,,,,,0.9,0.1,tournament,3.0,True,False,0.5,0.1,0.35,5.0,2.0,,,,,,,,,,,,,,
J30_2.RCP,0,89.26927437641724,1.352161169052124,GA_tournament_hybrid_random_random_noLS_noNeighborhood,42,1000,0,50.0,60.0,,,,,,random,hybrid,random,False,,,,,,,0.9,0.1,tournament,3.0,True,False,0.5,0.1,0.35,5.0,0.0,,,,,,,,,,,,,,
J30_2.RCP,1,88.69784580498867,1.2726080417633057,GA_tournament_hybrid_random_random_noLS_noNeighborhood,42,1000,1,50.0,60.0,,,,,,random,hybrid,random,False,,,,,,,0.9,0.1,tournament,3.0,True,False,0.5,0.1,0.35,5.0,0.0,,,,,,,,,,,,,,
J30_2.RCP,0,92.12641723356009,0.3789818286895752,GA_tournament_hybrid_random_heuristic_withLS_withNeighborhood,42,1000,0,50.0,60.0,,,,,,random,hybrid,heuristic,True,,,,,,,0.9,0.1,tournament,3.0,True,False,0.5,0.1,0.35,5.0,2.0,,,,,,,,,,,,,,
J30_2.RCP,1,99.55498866213154,0.4433872699737549,GA_tournament_hybrid_random_heuristic_withLS_withNeighborhood,42,1000,1,50.0,60.0,,,,,,random,hybrid,heuristic,True,,,,,,,0.9,0.1,tournament,3.0,True,False,0.5,0.1,0.35,5.0,2.0,,,,,,,,,,,,,,
J30_2.RCP,0,92.12641723356009,0.3807969093322754,GA_tournament_hybrid_random_heuristic_withLS_noNeighborhood,42,1000,0,50.0,60.0,,,,,,random,hybrid,heuristic,True,,,,,,,0.9,0.1,tournament,3.0,True,False,0.5,0.1,0.35,5.0,0.0,,,,,,,,,,,,,,
J30_2.RCP,1,99.55498866213154,0.40377211570739746,GA_tournament_hybrid_random_heuristic_withLS_noNeighborhood,42,1000,1,50.0,60.0,,,,,,random,hybrid,heuristic,True,,,,,,,0.9,0.1,tournament,3.0,True,False,0.5,0.1,0.35,5.0,0.0,,,,,,,,,,,,,,
J30_2.RCP,0,90.45975056689342,1.2787339687347412,GA_tournament_hybrid_random_heuristic_noLS_withNeighborhood,42,1000,0,50.0,60.0,,,,,,random,hybrid,heuristic,False,,,,,,,0.9,0.1,tournament,3.0,True,False,0.5,0.1,0.35,5.0,2.0,,,,,,,,,,,,,,
J30_2.RCP,1,92.31689342403628,1.2460427284240723,GA_tournament_hybrid_random_heuristic_noLS_withNeighborhood,42,1000,1,50.0,60.0,,,,,,random,hybrid,heuristic,False,,,,,,,0.9,0.1,tournament,3.0,True,False,0.5,0.1,0.35,5.0,2.0,,,,,,,,,,,,,,
J30_2.RCP,0,90.45975056689342,1.270719289779663,GA_tournament_hybrid_random_heuristic_noLS_noNeighborhood,42,1000,0,50.0,60.0,,,,,,random,hybrid,heuristic,False,,,,,,,0.9,0.1,tournament,3.0,True,False,0.5,0.1,0.35,5.0,0.0,,,,,,,,,,,,,,
J30_2.RCP,1,92.31689342403628,1.2515580654144287,GA_tournament_hybrid_random_heuristic_noLS_noNeighborhood,42,1000,1,50.0,60.0,,,,,,random,hybrid,heuristic,False,,,,,,,0.9,0.1,tournament,3.0,True,False,0.5,0.1,0.35,5.0,0.0,,,,,,,,,,,,,,
J30_2.RCP,0,96.60260770975057,0.40156078338623047,GA_tournament_hybrid_adaptive_random_withLS_withNeighborhood,42,1000,0,50.0,60.0,,,,,,adaptive,hybrid,random,True,,,,,,,0.9,0.1,tournament,3.0,True,False,0.5,0.1,0.35,5.0,2.0,,,,,,,,,,,,,,
J30_2.RCP,1,96.36451247165533,0.3758208751678467,GA_tournament_hybrid_adaptive_random_withLS_withNeighborhood,42,1000,1,50.0,60.0,,,,,,adaptive,hybrid,random,True,,,,,,,0.9,0.1,tournament,3.0,True,False,0.5,0.1,0.35,5.0,2.0,,,,,,,,,,,,,,
J30_2.RCP,0,96.60260770975057,0.39537501335144043,GA_tournament_hybrid_adaptive_random_withLS_noNeighborhood,42,1000,0,50.0,60.0,,,,,,adaptive,hybrid,random,True,,,,,,,0.9,0.1,tournament,3.0,True,False,0.5,0.1,0.35,5.0,0.0,,,,,,,,,,,,,,
J30_2.RCP,1,96.36451247165533,0.3762366771697998,GA_tournament_hybrid_adaptive_random_withLS_noNeighborhood,42,1000,1,50.0,60.0,,,,,,adaptive,hybrid,random,True,,,,,,,0.9,0.1,tournament,3.0,True,False,0.5,0.1,0.35,5.0,0.0,,,,,,,,,,,,,,
J30_2.RCP,0,86.36451247165533,1.268984079360962,GA_tournament_hybrid_adaptive_random_noLS_withNeighborhood,42,1000,0,50.0,60.0,,,,,,adaptive,hybrid,random,False,,,,,,,0.9,0.1,tournament,3.0,True,False,0.5,0.1,0.35,5.0,2.0,,,,,,,,,,,,,,
J30_2.RCP,1,85.74546485260771,1.2942876815795898,GA_tournament_hybrid_adaptive_random_noLS_withNeighborhood,42,1000,1,50.0,60.0,,,,,,adaptive,hybrid,random,False,,,,,,,0.9,0.1,tournament,3.0,True,False,0.5,0.1,0.35,5.0,2.0,,,,,,,,,,,,,,
J30_2.RCP,0,86.36451247165533,1.3566489219665527,GA_tournament_hybrid_adaptive_random_noLS_noNeighborhood,42,1000,0,50.0,60.0,,,,,,adaptive,hybrid,random,False,,,,,,,0.9,0.1,tournament,3.0,True,False,0.5,0.1,0.35,5.0,0.0,,,,,,,,,,,,,,
J30_2.RCP,1,85.74546485260771,1.2719039916992188,GA_tournament_hybrid_adaptive_random_noLS_noNeighborhood,42,1000,1,50.0,60.0,,,,,,adaptive,hybrid,random,False,,,,,,,0.9,0.1,tournament,3.0,True,False,0.5,0.1,0.35,5.0,0.0,,,,,,,,,,,,,,
J30_2.RCP,0,96.84070294784581,0.4185309410095215,GA_tournament_hybrid_adaptive_heuristic_withLS_withNeighborhood,42,1000,0,50.0,60.0,,,,,,adaptive,hybrid,heuristic,True,,,,,,,0.9,0.1,tournament,3.0,True,False,0.5,0.1,0.35,5.0,2.0,,,,,,,,,,,,,,
J30_2.RCP,1,97.031179138322,0.42299890518188477,GA_tournament_hybrid_adaptive_heuristic_withLS_withNeighborhood,42,1000,1,50.0,60.0,,,,,,adaptive,hybrid,heuristic,True,,,,,,,0.9,0.1,tournament,3.0,True,False,0.5,0.1,0.35,5.0,2.0,,,,,,,,,,,,,,
J30_2.RCP,0,96.84070294784581,0.4099006652832031,GA_tournament_hybrid_adaptive_heuristic_withLS_noNeighborhood,42,1000,0,50.0,60.0,,,,,,adaptive,hybrid,heuristic,True,,,,,,,0.9,0.1,tournament,3.0,True,False,0.5,0.1,0.35,5.0,0.0,,,,,,,,,,,,,,
J30_2.RCP,1,97.031179138322,0.3962569236755371,GA_tournament_hybrid_adaptive_heuristic_withLS_noNeighborhood,42,1000,1,50.0,60.0,,,,,,adaptive,hybrid,heuristic,True,,,,,,,0.9,0.1,tournament,3.0,True,False,0.5,0.1,0.35,5.0,0.0,,,,,,,,,,,,,,
J30_2.RCP,0,88.9359410430839,1.2601656913757324,GA_tournament_hybrid_adaptive_heuristic_noLS_withNeighborhood,42,1000,0,50.0,60.0,,,,,,adaptive,hybrid,heuristic,False,,,,,,,0.9,0.1,tournament,3.0,True,False,0.5,0.1,0.35,5.0,2.0,,,,,,,,,,,,,,
J30_2.RCP,1,89.31689342403628,1.3140678405761719,GA_tournament_hybrid_adaptive_heuristic_noLS_withNeighborhood,42,1000,1,50.0,60.0,,,,,,adaptive,hybrid,heuristic,False,,,,,,,0.9,0.1,tournament,3.0,True,False,0.5,0.1,0.35,5.0,2.0,,,,,,,,,,,,,,
J30_2.RCP,0,88.9359410430839,1.3222861289978027,GA_tournament_hybrid_adaptive_heuristic_noLS_noNeighborhood,42,1000,0,50.0,60.0,,,,,,adaptive,hybrid,heuristic,False,,,,,,,0.9,0.1,tournament,3.0,True,False,0.5,0.1,0.35,5.0,0.0,,,,,,,,,,,,,,
J30_2.RCP,1,89.31689342403628,1.3142929077148438,GA_tournament_hybrid_adaptive_heuristic_noLS_noNeighborhood,42,1000,1,50.0,60.0,,,,,,adaptive,hybrid,heuristic,False,,,,,,,0.9,0.1,tournament,3.0,True,False,0.5,0.1,0.35,5.0,0.0,,,,,,,,,,,,,,
J30_2.RCP,0,99.031179138322,0.11335968971252441,SA_default,42,1000,0,,60.0,,,,,,,,,,,,,,,,,,,,,,,,,,,10000.0,0.995,10.0,,,,,,,,,,,
J30_2.RCP,1,103.36451247165535,0.11100435256958008,SA_default,42,1000,1,,60.0,,,,,,,,,,,,,,,,,,,,,,,,,,,10000.0,0.995,10.0,,,,,,,,,,,
J30_2.RCP,0,94.22165532879819,0.10268282890319824,ILS_strength3,42,1000,0,,60.0,100.0,,,,,,,,,,,,,,,,,,,,,,,,,,,,,3.0,,,,,,,,,,
J30_2.RCP,1,100.60260770975057,0.10273098945617676,ILS_strength3,42,1000,1,,60.0,100.0,,,,,,,,,,,,,,,,,,,,,,,,,,,,,3.0,,,,,,,,,,
J30_2.RCP,0,94.22165532879819,0.1023097038269043,ILS_strength5,42,1000,0,,60.0,100.0,,,,,,,,,,,,,,,,,,,,,,,,,,,,,5.0,,,,,,,,,,
J30_2.RCP,1,100.60260770975057,0.10263872146606445,ILS_strength5,42,1000,1,,60.0,100.0,,,,,,,,,,,,,,,,,,,,,,,,,,,,,5.0,,,,,,,,,,
J30_2.RCP,0,94.22165532879819,0.10316681861877441,ILS_strength7,42,1000,0,,60.0,100.0,,,,,,,,,,,,,,,,,,,,,,,,,,,,,7.0,,,,,,,,,,
J30_2.RCP,1,100.60260770975057,0.10330700874328613,ILS_strength7,42,1000,1,,60.0,100.0,,,,,,,,,,,,,,,,,,,,,,,,,,,,,7.0,,,,,,,,,,
J30_2.RCP,0,94.22165532879819,0.10237908363342285,ILS_strength10,42,1000,0,,60.0,100.0,,,,,,,,,,,,,,,,,,,,,,,,,,,,,10.0,,,,,,,,,,
J30_2.RCP,1,100.60260770975057,0.10296392440795898,ILS_strength10,42,1000,1,,60.0,100.0,,,,,,,,,,,,,,,,,,,,,,,,,,,,,10.0,,,,,,,,,,
J30_2.RCP,0,94.22165532879819,0.10296297073364258,ILS_strength15,42,1000,0,,60.0,100.0,,,,,,,,,,,,,,,,,,,,,,,,,,,,,15.0,,,,,,,,,,
J30_2.RCP,1,100.60260770975057,0.10295510292053223,ILS_strength15,42,1000,1,,60.0,100.0,,,,,,,,,,,,,,,,,,,,,,,,,,,,,15.0,,,,,,,,,,
J30_2.RCP,0,79.22165532879819,0.11395096778869629,TS_static,42,1000,0,,60.0,100.0,,,,,,,,,,,,,,,,,,,,,,,,,20.0,,,,,10.0,True,static,1.0,4.0,10.0,,,,
J30_2.RCP,1,76.84070294784581,0.1143338680267334,TS_static,42,1000,1,,60.0,100.0,,,,,,,,,,,,,,,,,,,,,,,,,20.0,,,,,10.0,True,static,1.0,4.0,10.0,,,,
J30_2.RCP,0,79.22165532879819,0.11476016044616699,TS_dynamic,42,1000,0,,60.0,100.0,,,,,,,,,,,,,,,,,,,,,,,,,20.0,,,,,10.0,True,dynamic,1.0,4.0,10.0,,,,
J30_2.RCP,1,79.50736961451247,0.11434531211853027,TS_dynamic,42,1000,1,,60.0,100.0,,,,,,,,,,,,,,,,,,,,,,,,,20.0,,,,,10.0,True,dynamic,1.0,4.0,10.0,,,,
J30_2.RCP,0,107.9359410430839,0.1277456283569336,PR_forward_best_withLS,42,1000,0,,60.0,100.0,,,,,,,,True,,,,,,,,,best,,,,,,,,,,,,,,,,,,,10.0,forward,50.0,
J30_2.RCP,1,117.031179138322,0.1279139518737793,PR_forward_best_withLS,42,1000,1,,60.0,100.0,,,,,,,,True,,,,,,,,,best,,,,,,,,,,,,,,,,,,,10.0,forward,50.0,
J30_2.RCP,0,101.84070294784581,0.04587268829345703,PR_forward_best_noLS,42,1000,0,,60.0,100.0,,,,,,,,False,,,,,,,,,best,,,,,,,,,,,,,,,,,,,10.0,forward,50.0,
J30_2.RCP,1,108.55498866213152,0.03784966468811035,PR_forward_best_noLS,42,1000,1,,60.0,100.0,,,,,,,,False,,,,,,,,,best,,,,,,,,,,,,,,,,,,,10.0,forward,50.0,
J30_2.RCP,0,108.88832199546485,0.12838196754455566,PR_forward_random_two_withLS,42,1000,0,,60.0,100.0,,,,,,,,True,,,,,,,,,random_two,,,,,,,,,,,,,,,,,,,10.0,forward,50.0,
J30_2.RCP,1,105.41213151927438,0.12715697288513184,PR_forward_random_two_withLS,42,1000,1,,60.0,100.0,,,,,,,,True,,,,,,,,,random_two,,,,,,,,,,,,,,,,,,,10.0,forward,50.0,
J30_2.RCP,0,94.45975056689342,0.026897907257080078,PR_forward_random_two_noLS,42,1000,0,,60.0,100.0,,,,,,,,False,,,,,,,,,random_two,,,,,,,,,,,,,,,,,,,10.0,forward,50.0,
J30_2.RCP,1,98.55498866213152,0.028230905532836914,PR_forward_random_two_noLS,42,1000,1,,60.0,100.0,,,,,,,,False,,,,,,,,,random_two,,,,,,,,,,,,,,,,,,,10.0,forward,50.0,
J30_2.RCP,0,114.22165532879819,0.12746596336364746,PR_backward_best_withLS,42,1000,0,,60.0,100.0,,,,,,,,True,,,,,,,,,best,,,,,,,,,,,,,,,,,,,10.0,backward,50.0,
J30_2.RCP,1,116.12641723356012,0.1269090175628662,PR_backward_best_withLS,42,1000,1,,60.0,100.0,,,,,,,,True,,,,,,,,,best,,,,,,,,,,,,,,,,,,,10.0,backward,50.0,
J30_2.RCP,0,106.031179138322,0.03804421424865723,PR_backward_best_noLS,42,1000,0,,60.0,100.0,,,,,,,,False,,,,,,,,,best,,,,,,,,,,,,,,,,,,,10.0,backward,50.0,
J30_2.RCP,1,96.88832199546485,0.04059910774230957,PR_backward_best_noLS,42,1000,1,,60.0,100.0,,,,,,,,False,,,,,,,,,best,,,,,,,,,,,,,,,,,,,10.0,backward,50.0,
J30_2.RCP,0,101.9359410430839,0.12785816192626953,PR_backward_random_two_withLS,42,1000,0,,60.0,100.0,,,,,,,,True,,,,,,,,,random_two,,,,,,,,,,,,,,,,,,,10.0,backward,50.0,
J30_2.RCP,1,112.60260770975057,0.12704014778137207,PR_backward_random_two_withLS,42,1000,1,,60.0,100.0,,,,,,,,True,,,,,,,,,random_two,,,,,,,,,,,,,,,,,,,10.0,backward,50.0,
J30_2.RCP,0,98.84070294784583,0.028486967086791992,PR_backward_random_two_noLS,42,1000,0,,60.0,100.0,,,,,,,,False,,,,,,,,,random_two,,,,,,,,,,,,,,,,,,,10.0,backward,50.0,
J30_2.RCP,1,101.98356009070297,0.027781248092651367,PR_backward_random_two_noLS,42,1000,1,,60.0,100.0,,,,,,,,False,,,,,,,,,random_two,,,,,,,,,,,,,,,,,,,10.0,backward,50.0,
J30_2.RCP,0,105.36451247165533,0.8572790622711182,GSA_default,42,1000,0,50.0,60.0,100.0,,,,,,,random,,,,,,,,,,,,True,,20.0,,,,,,,,,,,,,,,,,,100.0
J30_2.RCP,1,105.79308390022678,0.8541929721832275,GSA_default,42,1000,1,50.0,60.0,100.0,,,,,,,random,,,,,,,,,,,,True,,20.0,,,,,,,,,,,,,,,,,,100.0
J30_3.RCP,0,77.1087074094105,0.14421892166137695,DE_rand/1_adaptiveF_bin_adaptiveCR_withLS,43,1000,0,50.0,60.0,100.0,0.1,0.9,True,True,rand/1,bin,random,True,5.0,0.3,1.5,0.3,1.0,1.0,,,,,,,,,,,,,,,,,,,,,,,,,
J30_3.RCP,1,76.64359113034074,0.14190101623535156,DE_rand/1_adaptiveF_bin_adaptiveCR_withLS,43,1000,1,50.0,60.0,100.0,0.1,0.9,True,True,rand/1,bin,random,True,5.0,0.3,1.5,0.3,1.0,1.0,,,,,,,,,,,,,,,,,,,,,,,,,
J30_3.RCP,0,78.82963764196865,0.13997912406921387,DE_rand/1_adaptiveF_bin_adaptiveCR_noLS,43,1000,0,50.0,60.0,100.0,0.1,0.9,True,True,rand/1,bin,random,False,5.0,0.3,1.5,0.3,1.0,1.0,,,,,,,,,,,,,,,,,,,,,,,,,
J30_3.RCP,1,76.78312601406165,0.13994789123535156,DE_rand/1_adaptiveF_bin_adaptiveCR_noLS,43,1000,1,50.0,60.0,100.0,0.1,0.9,True,True,rand/1,bin,random,False,5.0,0.3,1.5,0.3,1.0,1.0,,,,,,,,,,,,,,,,,,,,,,,,,
J30_3.RCP,0,77.5273120605733,0.14205694198608398,DE_rand/1_adaptiveF_bin_fixedCR_withLS,43,1000,0,50.0,60.0,100.0,0.1,0.9,True,False,rand/1,bin,random,True,5.0,0.3,1.5,0.3,1.0,1.0,,,,,,,,,,,,,,,,,,,,,,,,,
J30_3.RCP,1,75.66684694429422,0.14206194877624512,DE_rand/1_adaptiveF_bin_fixedCR_withLS,43,1000,1,50.0,60.0,100.0,0.1,0.9,True,False,rand/1,bin,random,True,5.0,0.3,1.5,0.3,1.0,1.0,,,,,,,,,,,,,,,,,,,,,,,,,
J30_3.RCP,0,72.41103299080584,0.13953399658203125,DE_rand/1_adaptiveF_bin_fixedCR_noLS,43,1000,0,50.0,60.0,100.0,0.1,0.9,True,False,rand/1,bin,random,False,5.0,0.3,1.5,0.3,1.0,1.0,,,,,,,,,,,,,,,,,,,,,,,,,
J30_3.RCP,1,75.24824229313144,0.13939714431762695,DE_rand/1_adaptiveF_bin_fixedCR_noLS,43,1000,1,50.0,60.0,100.0,0.1,0.9,True,False,rand/1,bin,random,False,5.0,0.3,1.5,0.3,1.0,1.0,,,,,,,,,,,,,,,,,,,,,,,,,
J30_3.RCP,0,76.87614926987563,0.1435260772705078,DE_rand/1_adaptiveF_exp_adaptiveCR_withLS,43,1000,0,50.0,60.0,100.0,0.1,0.9,True,True,rand/1,exp,random,True,5.0,0.3,1.5,0.3,1.0,1.0,,,,,,,,,,,,,,,,,,,,,,,,,
J30_3.RCP,1,79.01568415359655,0.14313387870788574,DE_rand/1_adaptiveF_exp_adaptiveCR_withLS,43,1000,1,50.0,60.0,100.0,0.1,0.9,True,True,rand/1,exp,random,True,5.0,0.3,1.5,0.3,1.0,1.0,,,,,,,,,,,,,,,,,,,,,,,,,
J30_3.RCP,0,77.1087074094105,0.1419062614440918,DE_rand/1_adaptiveF_exp_adaptiveCR_noLS,43,1000,0,50.0,60.0,100.0,0.1,0.9,True,True,rand/1,exp,random,False,5.0,0.3,1.5,0.3,1.0,1.0,,,,,,,,,,,,,,,,,,,,,,,,,
J30_3.RCP,1,78.41103299080585,0.14529204368591309,DE_rand/1_adaptiveF_exp_adaptiveCR_noLS,43,1000,1,50.0,60.0,100.0,0.1,0.9,True,True,rand/1,exp,random,False,5.0,0.3,1.5,0.3,1.0,1.0,,,,,,,,,,,,,,,,,,,,,,,,,
J30_3.RCP,0,76.36452136289887,0.15427303314208984,DE_rand/1_adaptiveF_exp_fixedCR_withLS,43,1000,0,50.0,60.0,100.0,0.1,0.9,True,False,rand/1,exp,random,True,5.0,0.3,1.5,0.3,1.0,1.0,,,,,,,,,,,,,,,,,,,,,,,,,
J30_3.RCP,1,78.45754461871283,0.1521439552307129,DE_rand/1_adaptiveF_exp_fixedCR_withLS,43,1000,1,50.0,60.0,100.0,0.1,0.9,True,False,rand/1,exp,random,True,5.0,0.3,1.5,0.3,1.0,1.0,,,,,,,,,,,,,,,,,,,,,,,,,
J30_3.RCP,0,73.52731206057328,0.14984512329101562,DE_rand/1_adaptiveF_exp_fixedCR_noLS,43,1000,0,50.0,60.0,100.0,0.1,0.9,True,False,rand/1,exp,random,False,5.0,0.3,1.5,0.3,1.0,1.0,,,,,,,,,,,,,,,,,,,,,,,,,
J30_3.RCP,1,74.55056787452678,0.15868687629699707,DE_rand/1_adaptiveF_exp_fixedCR_noLS,43,1000,1,50.0,60.0,100.0,0.1,0.9,True,False,rand/1,exp,random,False,5.0,0.3,1.5,0.3,1.0,1.0,,,,,,,,,,,,,,,,,,,,,,,,,
J30_3.RCP,0,81.80638182801515,0.15185880661010742,DE_rand/1_fixedF_bin_adaptiveCR_withLS,43,1000,0,50.0,60.0,100.0,0.1,0.9,False,True,rand/1,bin,random,True,5.0,0.3,1.5,0.3,1.0,1.0,,,,,,,,,,,,,,,,,,,,,,,,,
J30_3.RCP,1,79.62033531638725,0.17271089553833008,DE_rand/1_fixedF_bin_adaptiveCR_withLS,43,1000,1,50.0,60.0,100.0,0.1,0.9,False,True,rand/1,bin,random,True,5.0,0.3,1.5,0.3,1.0,1.0,,,,,,,,,,,,,,,,,,,,,,,,,
J30_3.RCP,0,74.55056787452678,0.146148681640625,DE_rand/1_fixedF_bin_adaptiveCR_noLS,43,1000,0,50.0,60.0,100.0,0.1,0.9,False,True,rand/1,bin,random,False,5.0,0.3,1.5,0.3,1.0,1.0,,,,,,,,,,,,,,,,,,,,,,,,,
J30_3.RCP,1,78.5040562466198,0.14682507514953613,DE_rand/1_fixedF_bin_adaptiveCR_noLS,43,1000,1,50.0,60.0,100.0,0.1,0.9,False,True,rand/1,bin,random,False,5.0,0.3,1.5,0.3,1.0,1.0,,,,,,,,,,,,,,,,,,,,,,,,,
J30_3.RCP,0,75.01568415359655,0.14339709281921387,DE_rand/1_fixedF_bin_fixedCR_withLS,43,1000,0,50.0,60.0,100.0,0.1,0.9,False,False,rand/1,bin,random,True,5.0,0.3,1.5,0.3,1.0,1.0,,,,,,,,,,,,,,,,,,,,,,,,,
J30_3.RCP,1,79.62033531638724,0.1468980312347412,DE_rand/1_fixedF_bin_fixedCR_withLS,43,1000,1,50.0,60.0,100.0,0.1,0.9,False,False,rand/1,bin,random,True,5.0,0.3,1.5,0.3,1.0,1.0,,,,,,,,,,,,,,,,,,,,,,,,,
J30_3.RCP,0,74.45754461871282,0.1523609161376953,DE_rand/1_fixedF_bin_fixedCR_noLS,43,1000,0,50.0,60.0,100.0,0.1,0.9,False,False,rand/1,bin,random,False,5.0,0.3,1.5,0.3,1.0,1.0,,,,,,,,,,,,,,,,,,,,,,,,,
J30_3.RCP,1,78.13196322336398,0.14513587951660156,DE_rand/1_fixedF_bin_fixedCR_noLS,43,1000,1,50.0,60.0,100.0,0.1,0.9,False,False,rand/1,bin,random,False,5.0,0.3,1.5,0.3,1.0,1.0,,,,,,,,,,,,,,,,,,,,,,,,,
J30_3.RCP,0,79.01568415359655,0.14888286590576172,DE_rand/1_fixedF_exp_adaptiveCR_withLS,43,1000,0,50.0,60.0,100.0,0.1,0.9,False,True,rand/1,exp,random,True,5.0,0.3,1.5,0.3,1.0,1.0,,,,,,,,,,,,,,,,,,,,,,,,,
J30_3.RCP,1,79.43428880475935,0.16626596450805664,DE_rand/1_fixedF_exp_adaptiveCR_withLS,43,1000,1,50.0,60.0,100.0,0.1,0.9,False,True,rand/1,exp,random,True,5.0,0.3,1.5,0.3,1.0,1.0,,,,,,,,,,,,,,,,,,,,,,,,,
J30_3.RCP,0,77.80638182801516,0.1453409194946289,DE_rand/1_fixedF_exp_adaptiveCR_noLS,43,1000,0,50.0,60.0,100.0,0.1,0.9,False,True,rand/1,exp,random,False,5.0,0.3,1.5,0.3,1.0,1.0,,,,,,,,,,,,,,,,,,,,,,,,,
J30_3.RCP,1,77.06219578150353,0.14611196517944336,DE_rand/1_fixedF_exp_adaptiveCR_noLS,43,1000,1,50.0,60.0,100.0,0.1,0.9,False,True,rand/1,exp,random,False,5.0,0.3,1.5,0.3,1.0,1.0,,,,,,,,,,,,,,,,,,,,,,,,,
J30_3.RCP,0,79.89940508382911,0.14451313018798828,DE_rand/1_fixedF_exp_fixedCR_withLS,43,1000,0,50.0,60.0,100.0,0.1,0.9,False,False,rand/1,exp,random,True,5.0,0.3,1.5,0.3,1.0,1.0,,,,,,,,,,,,,,,,,,,,,,,,,
J30_3.RCP,1,75.80638182801515,0.1451246738433838,DE_rand/1_fixedF_exp_fixedCR_withLS,43,1000,1,50.0,60.0,100.0,0.1,0.9,False,False,rand/1,exp,random,True,5.0,0.3,1.5,0.3,1.0,1.0,,,,,,,,,,,,,,,,,,,,,,,,,
J30_3.RCP,0,73.2947539210384,0.15003108978271484,DE_rand/1_fixedF_exp_fixedCR_noLS,43,1000,0,50.0,60.0,100.0,0.1,0.9,False,False,rand/1,exp,random,False,5.0,0.3,1.5,0.3,1.0,1.0,,,,,,,,,,,,,,,,,,,,,,,,,
J30_3.RCP,1,78.31800973499189,0.1522660255432129,DE_rand/1_fixedF_exp_fixedCR_noLS,43,1000,1,50.0,60.0,100.0,0.1,0.9,False,False,rand/1,exp,random,False,5.0,0.3,1.5,0.3,1.0,1.0,,,,,,,,,,,,,,,,,,,,,,,,,
J30_3.RCP,0,77.99242833964307,0.14950990676879883,DE_rand/2_adaptiveF_bin_adaptiveCR_withLS,43,1000,0,50.0,60.0,100.0,0.1,0.9,True,True,rand/2,bin,random,True,5.0,0.3,1.5,0.3,1.0,1.0,,,,,,,,,,,,,,,,,,,,,,,,,
J30_3.RCP,1,79.57382368848026,0.15725183486938477,DE_rand/2_adaptiveF_bin_adaptiveCR_withLS,43,1000,1,50.0,60.0,100.0,0.1,0.9,True,True,rand/2,bin,random,True,5.0,0.3,1.5,0.3,1.0,1.0,,,,,,,,,,,,,,,,,,,,,,,,,
J30_3.RCP,0,78.08545159545702,0.1421058177947998,DE_rand/2_adaptiveF_bin_adaptiveCR_noLS,43,1000,0,50.0,60.0,100.0,0.1,0.9,True,True,rand/2,bin,random,False,5.0,0.3,1.5,0.3,1.0,1.0,,,,,,,,,,,,,,,,,,,,,,,,,
J30_3.RCP,1,76.08545159545702,0.14219307899475098,DE_rand/2_adaptiveF_bin_adaptiveCR_noLS,43,1000,1,50.0,60.0,100.0,0.1,0.9,True,True,rand/2,bin,random,False,5.0,0.3,1.5,0.3,1.0,1.0,,,,,,,,,,,,,,,,,,,,,,,,,
J30_3.RCP,0,76.41103299080585,0.14233708381652832,DE_rand/2_adaptiveF_bin_fixedCR_withLS,43,1000,0,50.0,60.0,100.0,0.1,0.9,True,False,rand/2,bin,random,True,5.0,0.3,1.5,0.3,1.0,1.0,,,,,,,,,,,,,,,,,,,,,,,,,
J30_3.RCP,1,73.34126554894537,0.14461421966552734,DE_rand/2_adaptiveF_bin_fixedCR_withLS,43,1000,1,50.0,60.0,100.0,0.1,0.9,True,False,rand/2,bin,random,True,5.0,0.3,1.5,0.3,1.0,1.0,,,,,,,,,,,,,,,,,,,,,,,,,
J30_3.RCP,0,75.8994050838291,0.14364290237426758,DE_rand/2_adaptiveF_bin_fixedCR_noLS,43,1000,0,50.0,60.0,100.0,0.1,0.9,True,False,rand/2,bin,random,False,5.0,0.3,1.5,0.3,1.0,1.0,,,,,,,,,,,,,,,,,,,,,,,,,
J30_3.RCP,1,76.96917252568957,0.14672493934631348,DE_rand/2_adaptiveF_bin_fixedCR_noLS,43,1000,1,50.0,60.0,100.0,0.1,0.9,True,False,rand/2,bin,random,False,5.0,0.3,1.5,0.3,1.0,1.0,,,,,,,,,,,,,,,,,,,,,,,,,
J30_3.RCP,0,77.7133585722012,0.15181422233581543,DE_rand/2_adaptiveF_exp_adaptiveCR_withLS,43,1000,0,50.0,60.0,100.0,0.1,0.9,True,True,rand/2,exp,random,True,5.0,0.3,1.5,0.3,1.0,1.0,,,,,,,,,,,,,,,,,,,,,,,,,
J30_3.RCP,1,80.08545159545702,0.16498994827270508,DE_rand/2_adaptiveF_exp_adaptiveCR_withLS,43,1000,1,50.0,60.0,100.0,0.1,0.9,True,True,rand/2,exp,random,True,5.0,0.3,1.5,0.3,1.0,1.0,,,,,,,,,,,,,,,,,,,,,,,,,
J30_3.RCP,0,73.15521903731748,0.151170015335083,DE_rand/2_adaptiveF_exp_adaptiveCR_noLS,43,1000,0,50.0,60.0,100.0,0.1,0.9,True,True,rand/2,exp,random,False,5.0,0.3,1.5,0.3,1.0,1.0,,,,,,,,,,,,,,,,,,,,,,,,,
J30_3.RCP,1,76.31800973499189,0.14655804634094238,DE_rand/2_adaptiveF_exp_adaptiveCR_noLS,43,1000,1,50.0,60.0,100.0,0.1,0.9,True,True,rand/2,exp,random,False,5.0,0.3,1.5,0.3,1.0,1.0,,,,,,,,,,,,,,,,,,,,,,,,,
J30_3.RCP,0,73.75987020010817,0.14661097526550293,DE_rand/2_adaptiveF_exp_fixedCR_withLS,43,1000,0,50.0,60.0,100.0,0.1,0.9,True,False,rand/2,exp,random,True,5.0,0.3,1.5,0.3,1.0,1.0,,,,,,,,,,,,,,,,,,,,,,,,,
J30_3.RCP,1,75.24824229313143,0.14763593673706055,DE_rand/2_adaptiveF_exp_fixedCR_withLS,43,1000,1,50.0,60.0,100.0,0.1,0.9,True,False,rand/2,exp,random,True,5.0,0.3,1.5,0.3,1.0,1.0,,,,,,,,,,,,,,,,,,,,,,,,,
J30_3.RCP,0,73.99242833964307,0.15933012962341309,DE_rand/2_adaptiveF_exp_fixedCR_noLS,43,1000,0,50.0,60.0,100.0,0.1,0.9,True,False,rand/2,exp,random,False,5.0,0.3,1.5,0.3,1.0,1.0,,,,,,,,,,,,,,,,,,,,,,,,,
J30_3.RCP,1,77.34126554894539,0.154036283493042,DE_rand/2_adaptiveF_exp_fixedCR_noLS,43,1000,1,50.0,60.0,100.0,0.1,0.9,True,False,rand/2,exp,random,False,5.0,0.3,1.5,0.3,1.0,1.0,,,,,,,,,,,,,,,,,,,,,,,,,
J30_3.RCP,0,78.03893996755002,0.16286063194274902,DE_rand/2_fixedF_bin_adaptiveCR_withLS,43,1000,0,50.0,60.0,100.0,0.1,0.9,False,True,rand/2,bin,random,True,5.0,0.3,1.5,0.3,1.0,1.0,,,,,,,,,,,,,,,,,,,,,,,,,
J30_3.RCP,1,78.64359113034072,0.1618969440460205,DE_rand/2_fixedF_bin_adaptiveCR_withLS,43,1000,1,50.0,60.0,100.0,0.1,0.9,False,True,rand/2,bin,random,True,5.0,0.3,1.5,0.3,1.0,1.0,,,,,,,,,,,,,,,,,,,,,,,,,
J30_3.RCP,0,76.82963764196865,0.15574193000793457,DE_rand/2_fixedF_bin_adaptiveCR_noLS,43,1000,0,50.0,60.0,100.0,0.1,0.9,False,True,rand/2,bin,random,False,5.0,0.3,1.5,0.3,1.0,1.0,,,,,,,,,,,,,,,,,,,,,,,,,
J30_3.RCP,1,76.82963764196865,0.1526961326599121,DE_rand/2_fixedF_bin_adaptiveCR_noLS,43,1000,1,50.0,60.0,100.0,0.1,0.9,False,True,rand/2,bin,random,False,5.0,0.3,1.5,0.3,1.0,1.0,,,,,,,,,,,,,,,,,,,,,,,,,
J30_3.RCP,0,77.06219578150353,0.14975190162658691,DE_rand/2_fixedF_bin_fixedCR_withLS,43,1000,0,50.0,60.0,100.0,0.1,0.9,False,False,rand/2,bin,random,True,5.0,0.3,1.5,0.3,1.0,1.0,,,,,,,,,,,,,,,,,,,,,,,,,
J30_3.RCP,1,84.22498647917793,0.15458917617797852,DE_rand/2_fixedF_bin_fixedCR_withLS,43,1000,1,50.0,60.0,100.0,0.1,0.9,False,False,rand/2,bin,random,True,5.0,0.3,1.5,0.3,1.0,1.0,,,,,,,,,,,,,,,,,,,,,,,,,
J30_3.RCP,0,76.5040562466198,0.14862298965454102,DE_rand/2_fixedF_bin_fixedCR_noLS,43,1000,0,50.0,60.0,100.0,0.1,0.9,False,False,rand/2,bin,random,False,5.0,0.3,1.5,0.3,1.0,1.0,,,,,,,,,,,,,,,,,,,,,,,,,
J30_3.RCP,1,75.34126554894537,0.14844703674316406,DE_rand/2_fixedF_bin_fixedCR_noLS,43,1000,1,50.0,60.0,100.0,0.1,0.9,False,False,rand/2,bin,random,False,5.0,0.3,1.5,0.3,1.0,1.0,,,,,,,,,,,,,,,,,,,,,,,,,
J30_3.RCP,0,79.20173066522446,0.15560388565063477,DE_rand/2_fixedF_exp_adaptiveCR_withLS,43,1000,0,50.0,60.0,100.0,0.1,0.9,False,True,rand/2,exp,random,True,5.0,0.3,1.5,0.3,1.0,1.0,,,,,,,,,,,,,,,,,,,,,,,,,
J30_3.RCP,1,78.69010275824772,0.15532398223876953,DE_rand/2_fixedF_exp_adaptiveCR_withLS,43,1000,1,50.0,60.0,100.0,0.1,0.9,False,True,rand/2,exp,random,True,5.0,0.3,1.5,0.3,1.0,1.0,,,,,,,,,,,,,,,,,,,,,,,,,
J30_3.RCP,0,79.20173066522446,0.15194487571716309,DE_rand/2_fixedF_exp_adaptiveCR_noLS,43,1000,0,50.0,60.0,100.0,0.1,0.9,False,True,rand/2,exp,random,False,5.0,0.3,1.5,0.3,1.0,1.0,,,,,,,,,,,,,,,,,,,,,,,,,
J30_3.RCP,1,79.71335857220119,0.15283799171447754,DE_rand/2_fixedF_exp_adaptiveCR_noLS,43,1000,1,50.0,60.0,100.0,0.1,0.9,False,True,rand/2,exp,random,False,5.0,0.3,1.5,0.3,1.0,1.0,,,,,,,,,,,,,,,,,,,,,,,,,
J30_3.RCP,0,79.75987020010817,0.15102481842041016,DE_rand/2_fixedF_exp_fixedCR_withLS,43,1000,0,50.0,60.0,100.0,0.1,0.9,False,False,rand/2,exp,random,True,5.0,0.3,1.5,0.3,1.0,1.0,,,,,,,,,,,,,,,,,,,,,,,,,
J30_3.RCP,1,76.45754461871282,0.15126419067382812,DE_rand/2_fixedF_exp_fixedCR_withLS,43,1000,1,50.0,60.0,100.0,0.1,0.9,False,False,rand/2,exp,random,True,5.0,0.3,1.5,0.3,1.0,1.0,,,,,,,,,,,,,,,,,,,,,,,,,
J30_3.RCP,0,73.62033531638725,0.14910578727722168,DE_rand/2_fixedF_exp_fixedCR_noLS,43,1000,0,50.0,60.0,100.0,0.1,0.9,False,False,rand/2,exp,random,False,5.0,0.3,1.5,0.3,1.0,1.0,,,,,,,,,,,,,,,,,,,,,,,,,
J30_3.RCP,1,77.71335857220119,0.1513371467590332,DE_rand/2_fixedF_exp_fixedCR_noLS,43,1000,1,50.0,60.0,100.0,0.1,0.9,False,False,rand/2,exp,random,False,5.0,0.3,1.5,0.3,1.0,1.0,,,,,,,,,,,,,,,,,,,,,,,,,
J30_3.RCP,0,74.27149810708492,0.16480517387390137,DE_best/1_adaptiveF_bin_adaptiveCR_withLS,43,1000,0,50.0,60.0,100.0,0.1,0.9,True,True,best/1,bin,random,True,5.0,0.3,1.5,0.3,1.0,1.0,,,,,,,,,,,,,,,,,,,,,,,,,
J30_3.RCP,1,77.57382368848026,0.15768694877624512,DE_best/1_adaptiveF_bin_adaptiveCR_withLS,43,1000,1,50.0,60.0,100.0,0.1,0.9,True,True,best/1,bin,random,True,5.0,0.3,1.5,0.3,1.0,1.0,,,,,,,,,,,,,,,,,,,,,,,,,
J30_3.RCP,0,72.96917252568957,0.1428678035736084,DE_best/1_adaptiveF_bin_adaptiveCR_noLS,43,1000,0,50.0,60.0,100.0,0.1,0.9,True,True,best/1,bin,random,False,5.0,0.3,1.5,0.3,1.0,1.0,,,,,,,,,,,,,,,,,,,,,,,,,
J30_3.RCP,1,75.99242833964306,0.14202594757080078,DE_best/1_adaptiveF_bin_adaptiveCR_noLS,43,1000,1,50.0,60.0,100.0,0.1,0.9,True,True,best/1,bin,random,False,5.0,0.3,1.5,0.3,1.0,1.0,,,,,,,,,,,,,,,,,,,,,,,,,
J30_3.RCP,0,71.57382368848027,0.14346909523010254,DE_best/1_adaptiveF_bin_fixedCR_withLS,43,1000,0,50.0,60.0,100.0,0.1,0.9,True,False,best/1,bin,random,True,5.0,0.3,1.5,0.3,1.0,1.0,,,,,,,,,,,,,,,,,,,,,,,,,
J30_3.RCP,1,75.1087074094105,0.14242219924926758,DE_best/1_adaptiveF_bin_fixedCR_withLS,43,1000,1,50.0,60.0,100.0,0.1,0.9,True,False,best/1,bin,random,True,5.0,0.3,1.5,0.3,1.0,1.0,,,,,,,,,,,,,,,,,,,,,,,,,
J30_3.RCP,0,71.1087074094105,0.14094781875610352,DE_best/1_adaptiveF_bin_fixedCR_noLS,43,1000,0,50.0,60.0,100.0,0.1,0.9,True,False,best/1,bin,random,False,5.0,0.3,1.5,0.3,1.0,1.0,,,,,,,,,,,,,,,,,,,,,,,,,
J30_3.RCP,1,73.71335857220119,0.14061808586120605,DE_best/1_adaptiveF_bin_fixedCR_noLS,43,1000,1,50.0,60.0,100.0,0.1,0.9,True,False,best/1,bin,random,False,5.0,0.3,1.5,0.3,1.0,1.0,,,,,,,,,,,,,,,,,,,,,,,,,
J30_3.RCP,0,73.1087074094105,0.14564800262451172,DE_best/1_adaptiveF_exp_adaptiveCR_withLS,43,1000,0,50.0,60.0,100.0,0.1,0.9,True,True,best/1,exp,random,True,5.0,0.3,1.5,0.3,1.0,1.0,,,,,,,,,,,,,,,,,,,,,,,,,
J30_3.RCP,1,76.27149810708491,0.1454470157623291,DE_best/1_adaptiveF_exp_adaptiveCR_withLS,43,1000,1,50.0,60.0,100.0,0.1,0.9,True,True,best/1,exp,random,True,5.0,0.3,1.5,0.3,1.0,1.0,,,,,,,,,,,,,,,,,,,,,,,,,
J30_3.RCP,0,71.94591671173606,0.14403295516967773,DE_best/1_adaptiveF_exp_adaptiveCR_noLS,43,1000,0,50.0,60.0,100.0,0.1,0.9,True,True,best/1,exp,random,False,5.0,0.3,1.5,0.3,1.0,1.0,,,,,,,,,,,,,,,,,,,,,,,,,
J30_3.RCP,1,75.94591671173607,0.143751859664917,DE_best/1_adaptiveF_exp_adaptiveCR_noLS,43,1000,1,50.0,60.0,100.0,0.1,0.9,True,True,best/1,exp,random,False,5.0,0.3,1.5,0.3,1.0,1.0,,,,,,,,,,,,,,,,,,,,,,,,,
J30_3.RCP,0,74.82963764196865,0.1628561019897461,DE_best/1_adaptiveF_exp_fixedCR_withLS,43,1000,0,50.0,60.0,100.0,0.1,0.9,True,False,best/1,exp,random,True,5.0,0.3,1.5,0.3,1.0,1.0,,,,,,,,,,,,,,,,,,,,,,,,,
J30_3.RCP,1,71.85289345592213,0.15259981155395508,DE_best/1_adaptiveF_exp_fixedCR_withLS,43,1000,1,50.0,60.0,100.0,0.1,0.9,True,False,best/1,exp,random,True,5.0,0.3,1.5,0.3,1.0,1.0,,,,,,,,,,,,,,,,,,,,,,,,,
J30_3.RCP,0,70.3180097349919,0.15487289428710938,DE_best/1_adaptiveF_exp_fixedCR_noLS,43,1000,0,50.0,60.0,100.0,0.1,0.9,True,False,best/1,exp,random,False,5.0,0.3,1.5,0.3,1.0,1.0,,,,,,,,,,,,,,,,,,,,,,,,,
J30_3.RCP,1,73.89940508382911,0.14561009407043457,DE_best/1_adaptiveF_exp_fixedCR_noLS,43,1000,1,50.0,60.0,100.0,0.1,0.9,True,False,best/1,exp,random,False,5.0,0.3,1.5,0.3,1.0,1.0,,,,,,,,,,,,,,,,,,,,,,,,,
J30_3.RCP,0,72.92266089778259,0.15565705299377441,DE_best/1_fixedF_bin_adaptiveCR_withLS,43,1000,0,50.0,60.0,100.0,0.1,0.9,False,True,best/1,bin,random,True,5.0,0.3,1.5,0.3,1.0,1.0,,,,,,,,,,,,,,,,,,,,,,,,,
J30_3.RCP,1,75.20173066522446,0.1718897819519043,DE_best/1_fixedF_bin_adaptiveCR_withLS,43,1000,1,50.0,60.0,100.0,0.1,0.9,False,True,best/1,bin,random,True,5.0,0.3,1.5,0.3,1.0,1.0,,,,,,,,,,,,,,,,,,,,,,,,,
J30_3.RCP,0,70.73661438615468,0.14405035972595215,DE_best/1_fixedF_bin_adaptiveCR_noLS,43,1000,0,50.0,60.0,100.0,0.1,0.9,False,True,best/1,bin,random,False,5.0,0.3,1.5,0.3,1.0,1.0,,,,,,,,,,,,,,,,,,,,,,,,,
J30_3.RCP,1,74.73661438615468,0.16141486167907715,DE_best/1_fixedF_bin_adaptiveCR_noLS,43,1000,1,50.0,60.0,100.0,0.1,0.9,False,True,best/1,bin,random,False,5.0,0.3,1.5,0.3,1.0,1.0,,,,,,,,,,,,,,,,,,,,,,,,,
J30_3.RCP,0,70.03893996755004,0.14411711692810059,DE_best/1_fixedF_bin_fixedCR_withLS,43,1000,0,50.0,60.0,100.0,0.1,0.9,False,False,best/1,bin,random,True,5.0,0.3,1.5,0.3,1.0,1.0,,,,,,,,,,,,,,,,,,,,,,,,,
J30_3.RCP,1,84.64359113034071,0.1444108486175537,DE_best/1_fixedF_bin_fixedCR_withLS,43,1000,1,50.0,60.0,100.0,0.1,0.9,False,False,best/1,bin,random,True,5.0,0.3,1.5,0.3,1.0,1.0,,,,,,,,,,,,,,,,,,,,,,,,,
J30_3.RCP,0,71.15521903731747,0.13910984992980957,DE_best/1_fixedF_bin_fixedCR_noLS,43,1000,0,50.0,60.0,100.0,0.1,0.9,False,False,best/1,bin,random,False,5.0,0.3,1.5,0.3,1.0,1.0,,,,,,,,,,,,,,,,,,,,,,,,,
J30_3.RCP,1,80.87614926987561,0.1414790153503418,DE_best/1_fixedF_bin_fixedCR_noLS,43,1000,1,50.0,60.0,100.0,0.1,0.9,False,False,best/1,bin,random,False,5.0,0.3,1.5,0.3,1.0,1.0,,,,,,,,,,,,,,,,,,,,,,,,,
J30_3.RCP,0,71.38777717685237,0.1531829833984375,DE_best/1_fixedF_exp_adaptiveCR_withLS,43,1000,0,50.0,60.0,100.0,0.1,0.9,False,True,best/1,exp,random,True,5.0,0.3,1.5,0.3,1.0,1.0,,,,,,,,,,,,,,,,,,,,,,,,,
J30_3.RCP,1,76.50405624661981,0.16792511940002441,DE_best/1_fixedF_exp_adaptiveCR_withLS,43,1000,1,50.0,60.0,100.0,0.1,0.9,False,True,best/1,exp,random,True,5.0,0.3,1.5,0.3,1.0,1.0,,,,,,,,,,,,,,,,,,,,,,,,,
J30_3.RCP,0,71.57382368848026,0.1466522216796875,DE_best/1_fixedF_exp_adaptiveCR_noLS,43,1000,0,50.0,60.0,100.0,0.1,0.9,False,True,best/1,exp,random,False,5.0,0.3,1.5,0.3,1.0,1.0,,,,,,,,,,,,,,,,,,,,,,,,,
J30_3.RCP,1,81.2947539210384,0.14676594734191895,DE_best/1_fixedF_exp_adaptiveCR_noLS,43,1000,1,50.0,60.0,100.0,0.1,0.9,False,True,best/1,exp,random,False,5.0,0.3,1.5,0.3,1.0,1.0,,,,,,,,,,,,,,,,,,,,,,,,,
J30_3.RCP,0,68.78312601406165,0.1719679832458496,DE_best/1_fixedF_exp_fixedCR_withLS,43,1000,0,50.0,60.0,100.0,0.1,0.9,False,False,best/1,exp,random,True,5.0,0.3,1.5,0.3,1.0,1.0,,,,,,,,,,,,,,,,,,,,,,,,,
J30_3.RCP,1,80.5040562466198,0.1574249267578125,DE_best/1_fixedF_exp_fixedCR_withLS,43,1000,1,50.0,60.0,100.0,0.1,0.9,False,False,best/1,exp,random,True,5.0,0.3,1.5,0.3,1.0,1.0,,,,,,,,,,,,,,,,,,,,,,,,,
J30_3.RCP,0,70.03893996755004,0.15093612670898438,DE_best/1_fixedF_exp_fixedCR_noLS,43,1000,0,50.0,60.0,100.0,0.1,0.9,False,False,best/1,exp,random,False,5.0,0.3,1.5,0.3,1.0,1.0,,,,,,,,,,,,,,,,,,,,,,,,,
J30_3.RCP,1,80.45754461871282,0.14517593383789062,DE_best/1_fixedF_exp_fixedCR_noLS,43,1000,1,50.0,60.0,100.0,0.1,0.9,False,False,best/1,exp,random,False,5.0,0.3,1.5,0.3,1.0,1.0,,,,,,,,,,,,,,,,,,,,,,,,,
J30_3.RCP,0,73.85289345592213,0.1483309268951416,DE_best/2_adaptiveF_bin_adaptiveCR_withLS,43,1000,0,50.0,60.0,100.0,0.1,0.9,True,True,best/2,bin,random,True,5.0,0.3,1.5,0.3,1.0,1.0,,,,,,,,,,,,,,,,,,,,,,,,,
J30_3.RCP,1,75.38777717685237,0.15220117568969727,DE_best/2_adaptiveF_bin_adaptiveCR_withLS,43,1000,1,50.0,60.0,100.0,0.1,0.9,True,True,best/2,bin,random,True,5.0,0.3,1.5,0.3,1.0,1.0,,,,,,,,,,,,,,,,,,,,,,,,,
J30_3.RCP,0,73.38777717685237,0.14975500106811523,DE_best/2_adaptiveF_bin_adaptiveCR_noLS,43,1000,0,50.0,60.0,100.0,0.1,0.9,True,True,best/2,bin,random,False,5.0,0.3,1.5,0.3,1.0,1.0,,,,,,,,,,,,,,,,,,,,,,,,,
J30_3.RCP,1,74.87614926987563,0.14896106719970703,DE_best/2_adaptiveF_bin_adaptiveCR_noLS,43,1000,1,50.0,60.0,100.0,0.1,0.9,True,True,best/2,bin,random,False,5.0,0.3,1.5,0.3,1.0,1.0,,,,,,,,,,,,,,,,,,,,,,,,,
J30_3.RCP,0,73.94591671173609,0.14980602264404297,DE_best/2_adaptiveF_bin_fixedCR_withLS,43,1000,0,50.0,60.0,100.0,0.1,0.9,True,False,best/2,bin,random,True,5.0,0.3,1.5,0.3,1.0,1.0,,,,,,,,,,,,,,,,,,,,,,,,,
J30_3.RCP,1,73.43428880475933,0.1510019302368164,DE_best/2_adaptiveF_bin_fixedCR_withLS,43,1000,1,50.0,60.0,100.0,0.1,0.9,True,False,best/2,bin,random,True,5.0,0.3,1.5,0.3,1.0,1.0,,,,,,,,,,,,,,,,,,,,,,,,,
J30_3.RCP,0,73.15521903731748,0.14387798309326172,DE_best/2_adaptiveF_bin_fixedCR_noLS,43,1000,0,50.0,60.0,100.0,0.1,0.9,True,False,best/2,bin,random,False,5.0,0.3,1.5,0.3,1.0,1.0,,,,,,,,,,,,,,,,,,,,,,,,,
J30_3.RCP,1,73.66684694429422,0.14351892471313477,DE_best/2_adaptiveF_bin_fixedCR_noLS,43,1000,1,50.0,60.0,100.0,0.1,0.9,True,False,best/2,bin,random,False,5.0,0.3,1.5,0.3,1.0,1.0,,,,,,,,,,,,,,,,,,,,,,,,,
J30_3.RCP,0,77.15521903731747,0.14800381660461426,DE_best/2_adaptiveF_exp_adaptiveCR_withLS,43,1000,0,50.0,60.0,100.0,0.1,0.9,True,True,best/2,exp,random,True,5.0,0.3,1.5,0.3,1.0,1.0,,,,,,,,,,,,,,,,,,,,,,,,,
J30_3.RCP,1,75.43428880475935,0.14896321296691895,DE_best/2_adaptiveF_exp_adaptiveCR_withLS,43,1000,1,50.0,60.0,100.0,0.1,0.9,True,True,best/2,exp,random,True,5.0,0.3,1.5,0.3,1.0,1.0,,,,,,,,,,,,,,,,,,,,,,,,,
J30_3.RCP,0,75.15521903731748,0.14874911308288574,DE_best/2_adaptiveF_exp_adaptiveCR_noLS,43,1000,0,50.0,60.0,100.0,0.1,0.9,True,True,best/2,exp,random,False,5.0,0.3,1.5,0.3,1.0,1.0,,,,,,,,,,,,,,,,,,,,,,,,,
J30_3.RCP,1,75.80638182801515,0.1468348503112793,DE_best/2_adaptiveF_exp_adaptiveCR_noLS,43,1000,1,50.0,60.0,100.0,0.1,0.9,True,True,best/2,exp,random,False,5.0,0.3,1.5,0.3,1.0,1.0,,,,,,,,,,,,,,,,,,,,,,,,,
J30_3.RCP,0,75.94591671173609,0.14682388305664062,DE_best/2_adaptiveF_exp_fixedCR_withLS,43,1000,0,50.0,60.0,100.0,0.1,0.9,True,False,best/2,exp,random,True,5.0,0.3,1.5,0.3,1.0,1.0,,,,,,,,,,,,,,,,,,,,,,,,,
J30_3.RCP,1,73.71335857220119,0.14712095260620117,DE_best/2_adaptiveF_exp_fixedCR_withLS,43,1000,1,50.0,60.0,100.0,0.1,0.9,True,False,best/2,exp,random,True,5.0,0.3,1.5,0.3,1.0,1.0,,,,,,,,,,,,,,,,,,,,,,,,,
J30_3.RCP,0,72.96917252568957,0.14539313316345215,DE_best/2_adaptiveF_exp_fixedCR_noLS,43,1000,0,50.0,60.0,100.0,0.1,0.9,True,False,best/2,exp,random,False,5.0,0.3,1.5,0.3,1.0,1.0,,,,,,,,,,,,,,,,,,,,,,,,,
J30_3.RCP,1,77.38777717685237,0.14485907554626465,DE_best/2_adaptiveF_exp_fixedCR_noLS,43,1000,1,50.0,60.0,100.0,0.1,0.9,True,False,best/2,exp,random,False,5.0,0.3,1.5,0.3,1.0,1.0,,,,,,,,,,,,,,,,,,,,,,,,,
J30_3.RCP,0,73.75987020010818,0.15419912338256836,DE_best/2_fixedF_bin_adaptiveCR_withLS,43,1000,0,50.0,60.0,100.0,0.1,0.9,False,True,best/2,bin,random,True,5.0,0.3,1.5,0.3,1.0,1.0,,,,,,,,,,,,,,,,,,,,,,,,,
J30_3.RCP,1,74.82963764196865,0.15619301795959473,DE_best/2_fixedF_bin_adaptiveCR_withLS,43,1000,1,50.0,60.0,100.0,0.1,0.9,False,True,best/2,bin,random,True,5.0,0.3,1.5,0.3,1.0,1.0,,,,,,,,,,,,,,,,,,,,,,,,,
J30_3.RCP,0,73.24824229313144,0.14991378784179688,DE_best/2_fixedF_bin_adaptiveCR_noLS,43,1000,0,50.0,60.0,100.0,0.1,0.9,False,True,best/2,bin,random,False,5.0,0.3,1.5,0.3,1.0,1.0,,,,,,,,,,,,,,,,,,,,,,,,,
J30_3.RCP,1,72.78312601406166,0.1505270004272461,DE_best/2_fixedF_bin_adaptiveCR_noLS,43,1000,1,50.0,60.0,100.0,0.1,0.9,False,True,best/2,bin,random,False,5.0,0.3,1.5,0.3,1.0,1.0,,,,,,,,,,,,,,,,,,,,,,,,,
J30_3.RCP,0,69.8994050838291,0.14775609970092773,DE_best/2_fixedF_bin_fixedCR_withLS,43,1000,0,50.0,60.0,100.0,0.1,0.9,False,False,best/2,bin,random,True,5.0,0.3,1.5,0.3,1.0,1.0,,,,,,,,,,,,,,,,,,,,,,,,,
J30_3.RCP,1,78.78312601406165,0.1558856964111328,DE_best/2_fixedF_bin_fixedCR_withLS,43,1000,1,50.0,60.0,100.0,0.1,0.9,False,False,best/2,bin,random,True,5.0,0.3,1.5,0.3,1.0,1.0,,,,,,,,,,,,,,,,,,,,,,,,,
J30_3.RCP,0,72.92266089778258,0.1473081111907959,DE_best/2_fixedF_bin_fixedCR_noLS,43,1000,0,50.0,60.0,100.0,0.1,0.9,False,False,best/2,bin,random,False,5.0,0.3,1.5,0.3,1.0,1.0,,,,,,,,,,,,,,,,,,,,,,,,,
J30_3.RCP,1,79.57382368848025,0.14551305770874023,DE_best/2_fixedF_bin_fixedCR_noLS,43,1000,1,50.0,60.0,100.0,0.1,0.9,False,False,best/2,bin,random,False,5.0,0.3,1.5,0.3,1.0,1.0,,,,,,,,,,,,,,,,,,,,,,,,,
J30_3.RCP,0,72.27149810708491,0.15832138061523438,DE_best/2_fixedF_exp_adaptiveCR_withLS,43,1000,0,50.0,60.0,100.0,0.1,0.9,False,True,best/2,exp,random,True,5.0,0.3,1.5,0.3,1.0,1.0,,,,,,,,,,,,,,,,,,,,,,,,,
J30_3.RCP,1,73.89940508382911,0.15797185897827148,DE_best/2_fixedF_exp_adaptiveCR_withLS,43,1000,1,50.0,60.0,100.0,0.1,0.9,False,True,best/2,exp,random,True,5.0,0.3,1.5,0.3,1.0,1.0,,,,,,,,,,,,,,,,,,,,,,,,,
J30_3.RCP,0,70.27149810708492,0.1728060245513916,DE_best/2_fixedF_exp_adaptiveCR_noLS,43,1000,0,50.0,60.0,100.0,0.1,0.9,False,True,best/2,exp,random,False,5.0,0.3,1.5,0.3,1.0,1.0,,,,,,,,,,,,,,,,,,,,,,,,,
J30_3.RCP,1,75.2947539210384,0.15564799308776855,DE_best/2_fixedF_exp_adaptiveCR_noLS,43,1000,1,50.0,60.0,100.0,0.1,0.9,False,True,best/2,exp,random,False,5.0,0.3,1.5,0.3,1.0,1.0,,,,,,,,,,,,,,,,,,,,,,,,,
J30_3.RCP,0,71.01568415359654,0.15333318710327148,DE_best/2_fixedF_exp_fixedCR_withLS,43,1000,0,50.0,60.0,100.0,0.1,0.9,False,False,best/2,exp,random,True,5.0,0.3,1.5,0.3,1.0,1.0,,,,,,,,,,,,,,,,,,,,,,,,,
J30_3.RCP,1,70.27149810708491,0.18897008895874023,DE_best/2_fixedF_exp_fixedCR_withLS,43,1000,1,50.0,60.0,100.0,0.1,0.9,False,False,best/2,exp,random,True,5.0,0.3,1.5,0.3,1.0,1.0,,,,,,,,,,,,,,,,,,,,,,,,,
J30_3.RCP,0,68.78312601406166,0.14890098571777344,DE_best/2_fixedF_exp_fixedCR_noLS,43,1000,0,50.0,60.0,100.0,0.1,0.9,False,False,best/2,exp,random,False,5.0,0.3,1.5,0.3,1.0,1.0,,,,,,,,,,,,,,,,,,,,,,,,,
J30_3.RCP,1,81.0621957815035,0.1464221477508545,DE_best/2_fixedF_exp_fixedCR_noLS,43,1000,1,50.0,60.0,100.0,0.1,0.9,False,False,best/2,exp,random,False,5.0,0.3,1.5,0.3,1.0,1.0,,,,,,,,,,,,,,,,,,,,,,,,,
J30_3.RCP,0,77.20173066522445,0.14295601844787598,DE_adaptive_bin_adaptiveCR_withLS,43,1000,0,50.0,60.0,100.0,0.1,0.9,True,True,adaptive,bin,random,True,5.0,0.3,1.5,0.3,1.0,1.0,,,,,,,,,,,,,,,,,,,,,,,,,
J30_3.RCP,1,77.62033531638725,0.14285492897033691,DE_adaptive_bin_adaptiveCR_withLS,43,1000,1,50.0,60.0,100.0,0.1,0.9,True,True,adaptive,bin,random,True,5.0,0.3,1.5,0.3,1.0,1.0,,,,,,,,,,,,,,,,,,,,,,,,,
J30_3.RCP,0,76.50405624661981,0.14112091064453125,DE_adaptive_bin_adaptiveCR_noLS,43,1000,0,50.0,60.0,100.0,0.1,0.9,True,True,adaptive,bin,random,False,5.0,0.3,1.5,0.3,1.0,1.0,,,,,,,,,,,,,,,,,,,,,,,,,
J30_3.RCP,1,78.45754461871283,0.15807485580444336,DE_adaptive_bin_adaptiveCR_noLS,43,1000,1,50.0,60.0,100.0,0.1,0.9,True,True,adaptive,bin,random,False,5.0,0.3,1.5,0.3,1.0,1.0,,,,,,,,,,,,,,,,,,,,,,,,,
J30_3.RCP,0,76.69010275824772,0.14155817031860352,DE_adaptive_bin_fixedCR_withLS,43,1000,0,50.0,60.0,100.0,0.1,0.9,True,False,adaptive,bin,random,True,5.0,0.3,1.5,0.3,1.0,1.0,,,,,,,,,,,,,,,,,,,,,,,,,
J30_3.RCP,1,75.80638182801515,0.14202499389648438,DE_adaptive_bin_fixedCR_withLS,43,1000,1,50.0,60.0,100.0,0.1,0.9,True,False,adaptive,bin,random,True,5.0,0.3,1.5,0.3,1.0,1.0,,,,,,,,,,,,,,,,,,,,,,,,,
J30_3.RCP,0,72.64359113034072,0.14010906219482422,DE_adaptive_bin_fixedCR_noLS,43,1000,0,50.0,60.0,100.0,0.1,0.9,True,False,adaptive,bin,random,False,5.0,0.3,1.5,0.3,1.0,1.0,,,,,,,,,,,,,,,,,,,,,,,,,
J30_3.RCP,1,73.57382368848027,0.14036178588867188,DE_adaptive_bin_fixedCR_noLS,43,1000,1,50.0,60.0,100.0,0.1,0.9,True,False,adaptive,bin,random,False,5.0,0.3,1.5,0.3,1.0,1.0,,,,,,,,,,,,,,,,,,,,,,,,,
J30_3.RCP,0,81.06219578150352,0.14483404159545898,DE_adaptive_exp_adaptiveCR_withLS,43,1000,0,50.0,60.0,100.0,0.1,0.9,True,True,adaptive,exp,random,True,5.0,0.3,1.5,0.3,1.0,1.0,,,,,,,,,,,,,,,,,,,,,,,,,
J30_3.RCP,1,78.17847485127096,0.14528512954711914,DE_adaptive_exp_adaptiveCR_withLS,43,1000,1,50.0,60.0,100.0,0.1,0.9,True,True,adaptive,exp,random,True,5.0,0.3,1.5,0.3,1.0,1.0,,,,,,,,,,,,,,,,,,,,,,,,,
J30_3.RCP,0,76.82963764196865,0.14355182647705078,DE_adaptive_exp_adaptiveCR_noLS,43,1000,0,50.0,60.0,100.0,0.1,0.9,True,True,adaptive,exp,random,False,5.0,0.3,1.5,0.3,1.0,1.0,,,,,,,,,,,,,,,,,,,,,,,,,
J30_3.RCP,1,75.66684694429422,0.14358186721801758,DE_adaptive_exp_adaptiveCR_noLS,43,1000,1,50.0,60.0,100.0,0.1,0.9,True,True,adaptive,exp,random,False,5.0,0.3,1.5,0.3,1.0,1.0,,,,,,,,,,,,,,,,,,,,,,,,,
J30_3.RCP,0,76.17847485127096,0.14331698417663574,DE_adaptive_exp_fixedCR_withLS,43,1000,0,50.0,60.0,100.0,0.1,0.9,True,False,adaptive,exp,random,True,5.0,0.3,1.5,0.3,1.0,1.0,,,,,,,,,,,,,,,,,,,,,,,,,
J30_3.RCP,1,77.34126554894537,0.14372992515563965,DE_adaptive_exp_fixedCR_withLS,43,1000,1,50.0,60.0,100.0,0.1,0.9,True,False,adaptive,exp,random,True,5.0,0.3,1.5,0.3,1.0,1.0,,,,,,,,,,,,,,,,,,,,,,,,,
J30_3.RCP,0,77.06219578150353,0.14185285568237305,DE_adaptive_exp_fixedCR_noLS,43,1000,0,50.0,60.0,100.0,0.1,0.9,True,False,adaptive,exp,random,False,5.0,0.3,1.5,0.3,1.0,1.0,,,,,,,,,,,,,,,,,,,,,,,,,
J30_3.RCP,1,73.94591671173607,0.14204001426696777,DE_adaptive_exp_fixedCR_noLS,43,1000,1,50.0,60.0,100.0,0.1,0.9,True,False,adaptive,exp,random,False,5.0,0.3,1.5,0.3,1.0,1.0,,,,,,,,,,,,,,,,,,,,,,,,,
J30_3.RCP,0,76.45754461871283,0.14251494407653809,DE_current-to-rand/2_bin_adaptiveCR_withLS,43,1000,0,50.0,60.0,100.0,0.1,0.9,False,True,current-to-rand/2,bin,random,True,5.0,0.3,1.5,0.3,1.0,1.0,,,,,,,,,,,,,,,,,,,,,,,,,
J30_3.RCP,1,75.80638182801515,0.14271306991577148,DE_current-to-rand/2_bin_adaptiveCR_withLS,43,1000,1,50.0,60.0,100.0,0.1,0.9,False,True,current-to-rand/2,bin,random,True,5.0,0.3,1.5,0.3,1.0,1.0,,,,,,,,,,,,,,,,,,,,,,,,,
J30_3.RCP,0,75.7133585722012,0.1403789520263672,DE_current-to-rand/2_bin_adaptiveCR_noLS,43,1000,0,50.0,60.0,100.0,0.1,0.9,False,True,current-to-rand/2,bin,random,False,5.0,0.3,1.5,0.3,1.0,1.0,,,,,,,,,,,,,,,,,,,,,,,,,
J30_3.RCP,1,76.45754461871282,0.14122700691223145,DE_current-to-rand/2_bin_adaptiveCR_noLS,43,1000,1,50.0,60.0,100.0,0.1,0.9,False,True,current-to-rand/2,bin,random,False,5.0,0.3,1.5,0.3,1.0,1.0,,,,,,,,,,,,,,,,,,,,,,,,,
J30_3.RCP,0,75.1087074094105,0.14241385459899902,DE_current-to-rand/2_bin_fixedCR_withLS,43,1000,0,50.0,60.0,100.0,0.1,0.9,False,False,current-to-rand/2,bin,random,True,5.0,0.3,1.5,0.3,1.0,1.0,,,,,,,,,,,,,,,,,,,,,,,,,
J30_3.RCP,1,74.59707950243374,0.1439800262451172,DE_current-to-rand/2_bin_fixedCR_withLS,43,1000,1,50.0,60.0,100.0,0.1,0.9,False,False,current-to-rand/2,bin,random,True,5.0,0.3,1.5,0.3,1.0,1.0,,,,,,,,,,,,,,,,,,,,,,,,,
J30_3.RCP,0,76.50405624661981,0.14058971405029297,DE_current-to-rand/2_bin_fixedCR_noLS,43,1000,0,50.0,60.0,100.0,0.1,0.9,False,False,current-to-rand/2,bin,random,False,5.0,0.3,1.5,0.3,1.0,1.0,,,,,,,,,,,,,,,,,,,,,,,,,
J30_3.RCP,1,75.71335857220119,0.14148974418640137,DE_current-to-rand/2_bin_fixedCR_noLS,43,1000,1,50.0,60.0,100.0,0.1,0.9,False,False,current-to-rand/2,bin,random,False,5.0,0.3,1.5,0.3,1.0,1.0,,,,,,,,,,,,,,,,,,,,,,,,,
J30_3.RCP,0,79.2947539210384,0.14575695991516113,DE_current-to-rand/2_exp_adaptiveCR_withLS,43,1000,0,50.0,60.0,100.0,0.1,0.9,False,True,current-to-rand/2,exp,random,True,5.0,0.3,1.5,0.3,1.0,1.0,,,,,,,,,,,,,,,,,,,,,,,,,
J30_3.RCP,1,79.80638182801516,0.15684819221496582,DE_current-to-rand/2_exp_adaptiveCR_withLS,43,1000,1,50.0,60.0,100.0,0.1,0.9,False,True,current-to-rand/2,exp,random,True,5.0,0.3,1.5,0.3,1.0,1.0,,,,,,,,,,,,,,,,,,,,,,,,,
J30_3.RCP,0,74.82963764196865,0.14285707473754883,DE_current-to-rand/2_exp_adaptiveCR_noLS,43,1000,0,50.0,60.0,100.0,0.1,0.9,False,True,current-to-rand/2,exp,random,False,5.0,0.3,1.5,0.3,1.0,1.0,,,,,,,,,,,,,,,,,,,,,,,,,
J30_3.RCP,1,75.62033531638725,0.1434478759765625,DE_current-to-rand/2_exp_adaptiveCR_noLS,43,1000,1,50.0,60.0,100.0,0.1,0.9,False,True,current-to-rand/2,exp,random,False,5.0,0.3,1.5,0.3,1.0,1.0,,,,,,,,,,,,,,,,,,,,,,,,,
J30_3.RCP,0,77.5273120605733,0.14839506149291992,DE_current-to-rand/2_exp_fixedCR_withLS,43,1000,0,50.0,60.0,100.0,0.1,0.9,False,False,current-to-rand/2,exp,random,True,5.0,0.3,1.5,0.3,1.0,1.0,,,,,,,,,,,,,,,,,,,,,,,,,
J30_3.RCP,1,76.64359113034072,0.14502310752868652,DE_current-to-rand/2_exp_fixedCR_withLS,43,1000,1,50.0,60.0,100.0,0.1,0.9,False,False,current-to-rand/2,exp,random,True,5.0,0.3,1.5,0.3,1.0,1.0,,,,,,,,,,,,,,,,,,,,,,,,,
J30_3.RCP,0,75.1087074094105,0.1417388916015625,DE_current-to-rand/2_exp_fixedCR_noLS,43,1000,0,50.0,60.0,100.0,0.1,0.9,False,False,current-to-rand/2,exp,random,False,5.0,0.3,1.5,0.3,1.0,1.0,,,,,,,,,,,,,,,,,,,,,,,,,
J30_3.RCP,1,75.43428880475933,0.1424398422241211,DE_current-to-rand/2_exp_fixedCR_noLS,43,1000,1,50.0,60.0,100.0,0.1,0.9,False,False,current-to-rand/2,exp,random,False,5.0,0.3,1.5,0.3,1.0,1.0,,,,,,,,,,,,,,,,,,,,,,,,,
J30_3.RCP,0,79.34126554894537,0.12708091735839844,GA_roulette_single_point_random_random_withLS_withNeighborhood,43,1000,0,50.0,60.0,,,,,,random,single_point,random,True,,,,,,,0.9,0.1,roulette,3.0,True,False,0.5,0.1,0.35,5.0,2.0,,,,,,,,,,,,,,
J30_3.RCP,1,80.78312601406166,0.1382579803466797,GA_roulette_single_point_random_random_withLS_withNeighborhood,43,1000,1,50.0,60.0,,,,,,random,single_point,random,True,,,,,,,0.9,0.1,roulette,3.0,True,False,0.5,0.1,0.35,5.0,2.0,,,,,,,,,,,,,,
J30_3.RCP,0,79.34126554894537,0.12851667404174805,GA_roulette_single_point_random_random_withLS_noNeighborhood,43,1000,0,50.0,60.0,,,,,,random,single_point,random,True,,,,,,,0.9,0.1,roulette,3.0,True,False,0.5,0.1,0.35,5.0,0.0,,,,,,,,,,,,,,
J30_3.RCP,1,80.78312601406166,0.12817692756652832,GA_roulette_single_point_random_random_withLS_noNeighborhood,43,1000,1,50.0,60.0,,,,,,random,single_point,random,True,,,,,,,0.9,0.1,roulette,3.0,True,False,0.5,0.1,0.35,5.0,0.0,,,,,,,,,,,,,,
J30_3.RCP,0,78.78312601406165,0.18410420417785645,GA_roulette_single_point_random_random_noLS_withNeighborhood,43,1000,0,50.0,60.0,,,,,,random,single_point,random,False,,,,,,,0.9,0.1,roulette,3.0,True,False,0.5,0.1,0.35,5.0,2.0,,,,,,,,,,,,,,
J30_3.RCP,1,78.41103299080585,0.1832418441772461,GA_roulette_single_point_random_random_noLS_withNeighborhood,43,1000,1,50.0,60.0,,,,,,random,single_point,random,False,,,,,,,0.9,0.1,roulette,3.0,True,False,0.5,0.1,0.35,5.0,2.0,,,,,,,,,,,,,,
J30_3.RCP,0,78.78312601406165,0.18273210525512695,GA_roulette_single_point_random_random_noLS_noNeighborhood,43,1000,0,50.0,60.0,,,,,,random,single_point,random,False,,,,,,,0.9,0.1,roulette,3.0,True,False,0.5,0.1,0.35,5.0,0.0,,,,,,,,,,,,,,
J30_3.RCP,1,78.41103299080585,0.18430590629577637,GA_roulette_single_point_random_random_noLS_noNeighborhood,43,1000,1,50.0,60.0,,,,,,random,single_point,random,False,,,,,,,0.9,0.1,roulette,3.0,True,False,0.5,0.1,0.35,5.0,0.0,,,,,,,,,,,,,,
J30_3.RCP,0,79.24824229313143,0.12953424453735352,GA_roulette_single_point_random_heuristic_withLS_withNeighborhood,43,1000,0,50.0,60.0,,,,,,random,single_point,heuristic,True,,,,,,,0.9,0.1,roulette,3.0,True,False,0.5,0.1,0.35,5.0,2.0,,,,,,,,,,,,,,
J30_3.RCP,1,80.45754461871283,0.12873315811157227,GA_roulette_single_point_random_heuristic_withLS_withNeighborhood,43,1000,1,50.0,60.0,,,,,,random,single_point,heuristic,True,,,,,,,0.9,0.1,roulette,3.0,True,False,0.5,0.1,0.35,5.0,2.0,,,,,,,,,,,,,,
J30_3.RCP,0,79.24824229313143,0.1291971206665039,GA_roulette_single_point_random_heuristic_withLS_noNeighborhood,43,1000,0,50.0,60.0,,,,,,random,single_point,heuristic,True,,,,,,,0.9,0.1,roulette,3.0,True,False,0.5,0.1,0.35,5.0,0.0,,,,,,,,,,,,,,
J30_3.RCP,1,80.45754461871283,0.12812590599060059,GA_roulette_single_point_random_heuristic_withLS_noNeighborhood,43,1000,1,50.0,60.0,,,,,,random,single_point,heuristic,True,,,,,,,0.9,0.1,roulette,3.0,True,False,0.5,0.1,0.35,5.0,0.0,,,,,,,,,,,,,,
J30_3.RCP,0,76.27149810708492,0.18420195579528809,GA_roulette_single_point_random_heuristic_noLS_withNeighborhood,43,1000,0,50.0,60.0,,,,,,random,single_point,heuristic,False,,,,,,,0.9,0.1,roulette,3.0,True,False,0.5,0.1,0.35,5.0,2.0,,,,,,,,,,,,,,
J30_3.RCP,1,77.20173066522445,0.19097685813903809,GA_roulette_single_point_random_heuristic_noLS_withNeighborhood,43,1000,1,50.0,60.0,,,,,,random,single_point,heuristic,False,,,,,,,0.9,0.1,roulette,3.0,True,False,0.5,0.1,0.35,5.0,2.0,,,,,,,,,,,,,,
J30_3.RCP,0,76.27149810708492,0.18816494941711426,GA_roulette_single_point_random_heuristic_noLS_noNeighborhood,43,1000,0,50.0,60.0,,,,,,random,single_point,heuristic,False,,,,,,,0.9,0.1,roulette,3.0,True,False,0.5,0.1,0.35,5.0,0.0,,,,,,,,,,,,,,
J30_3.RCP,1,77.20173066522445,0.18699312210083008,GA_roulette_single_point_random_heuristic_noLS_noNeighborhood,43,1000,1,50.0,60.0,,,,,,random,single_point,heuristic,False,,,,,,,0.9,0.1,roulette,3.0,True,False,0.5,0.1,0.35,5.0,0.0,,,,,,,,,,,,,,
J30_3.RCP,0,80.96917252568957,0.1291980743408203,GA_roulette_single_point_adaptive_random_withLS_withNeighborhood,43,1000,0,50.0,60.0,,,,,,adaptive,single_point,random,True,,,,,,,0.9,0.1,roulette,3.0,True,False,0.5,0.1,0.35,5.0,2.0,,,,,,,,,,,,,,
J30_3.RCP,1,82.6901027582477,0.129896879196167,GA_roulette_single_point_adaptive_random_withLS_withNeighborhood,43,1000,1,50.0,60.0,,,,,,adaptive,single_point,random,True,,,,,,,0.9,0.1,roulette,3.0,True,False,0.5,0.1,0.35,5.0,2.0,,,,,,,,,,,,,,
J30_3.RCP,0,80.96917252568957,0.12965106964111328,GA_roulette_single_point_adaptive_random_withLS_noNeighborhood,43,1000,0,50.0,60.0,,,,,,adaptive,single_point,random,True,,,,,,,0.9,0.1,roulette,3.0,True,False,0.5,0.1,0.35,5.0,0.0,,,,,,,,,,,,,,
J30_3.RCP,1,82.6901027582477,0.1296830177307129,GA_roulette_single_point_adaptive_random_withLS_noNeighborhood,43,1000,1,50.0,60.0,,,,,,adaptive,single_point,random,True,,,,,,,0.9,0.1,roulette,3.0,True,False,0.5,0.1,0.35,5.0,0.0,,,,,,,,,,,,,,
J30_3.RCP,0,79.24824229313143,0.19260025024414062,GA_roulette_single_point_adaptive_random_noLS_withNeighborhood,43,1000,0,50.0,60.0,,,,,,adaptive,single_point,random,False,,,,,,,0.9,0.1,roulette,3.0,True,False,0.5,0.1,0.35,5.0,2.0,,,,,,,,,,,,,,
J30_3.RCP,1,79.24824229313144,0.19237613677978516,GA_roulette_single_point_adaptive_random_noLS_withNeighborhood,43,1000,1,50.0,60.0,,,,,,adaptive,single_point,random,False,,,,,,,0.9,0.1,roulette,3.0,True,False,0.5,0.1,0.35,5.0,2.0,,,,,,,,,,,,,,
J30_3.RCP,0,79.24824229313143,0.19195795059204102,GA_roulette_single_point_adaptive_random_noLS_noNeighborhood,43,1000,0,50.0,60.0,,,,,,adaptive,single_point,random,False,,,,,,,0.9,0.1,roulette,3.0,True,False,0.5,0.1,0.35,5.0,0.0,,,,,,,,,,,,,,
J30_3.RCP,1,79.24824229313144,0.19192004203796387,GA_roulette_single_point_adaptive_random_noLS_noNeighborhood,43,1000,1,50.0,60.0,,,,,,adaptive,single_point,random,False,,,,,,,0.9,0.1,roulette,3.0,True,False,0.5,0.1,0.35,5.0,0.0,,,,,,,,,,,,,,
J30_3.RCP,0,84.4575446187128,0.1302499771118164,GA_roulette_single_point_adaptive_heuristic_withLS_withNeighborhood,43,1000,0,50.0,60.0,,,,,,adaptive,single_point,heuristic,True,,,,,,,0.9,0.1,roulette,3.0,True,False,0.5,0.1,0.35,5.0,2.0,,,,,,,,,,,,,,
J30_3.RCP,1,80.45754461871283,0.1303708553314209,GA_roulette_single_point_adaptive_heuristic_withLS_withNeighborhood,43,1000,1,50.0,60.0,,,,,,adaptive,single_point,heuristic,True,,,,,,,0.9,0.1,roulette,3.0,True,False,0.5,0.1,0.35,5.0,2.0,,,,,,,,,,,,,,
J30_3.RCP,0,84.4575446187128,0.12972688674926758,GA_roulette_single_point_adaptive_heuristic_withLS_noNeighborhood,43,1000,0,50.0,60.0,,,,,,adaptive,single_point,heuristic,True,,,,,,,0.9,0.1,roulette,3.0,True,False,0.5,0.1,0.35,5.0,0.0,,,,,,,,,,,,,,
J30_3.RCP,1,80.45754461871283,0.12994909286499023,GA_roulette_single_point_adaptive_heuristic_withLS_noNeighborhood,43,1000,1,50.0,60.0,,,,,,adaptive,single_point,heuristic,True,,,,,,,0.9,0.1,roulette,3.0,True,False,0.5,0.1,0.35,5.0,0.0,,,,,,,,,,,,,,
J30_3.RCP,0,79.06219578150352,0.1925208568572998,GA_roulette_single_point_adaptive_heuristic_noLS_withNeighborhood,43,1000,0,50.0,60.0,,,,,,adaptive,single_point,heuristic,False,,,,,,,0.9,0.1,roulette,3.0,True,False,0.5,0.1,0.35,5.0,2.0,,,,,,,,,,,,,,
J30_3.RCP,1,73.57382368848027,0.19251084327697754,GA_roulette_single_point_adaptive_heuristic_noLS_withNeighborhood,43,1000,1,50.0,60.0,,,,,,adaptive,single_point,heuristic,False,,,,,,,0.9,0.1,roulette,3.0,True,False,0.5,0.1,0.35,5.0,2.0,,,,,,,,,,,,,,
J30_3.RCP,0,79.06219578150352,0.19522905349731445,GA_roulette_single_point_adaptive_heuristic_noLS_noNeighborhood,43,1000,0,50.0,60.0,,,,,,adaptive,single_point,heuristic,False,,,,,,,0.9,0.1,roulette,3.0,True,False,0.5,0.1,0.35,5.0,0.0,,,,,,,,,,,,,,
J30_3.RCP,1,73.57382368848027,0.1942918300628662,GA_roulette_single_point_adaptive_heuristic_noLS_noNeighborhood,43,1000,1,50.0,60.0,,,,,,adaptive,single_point,heuristic,False,,,,,,,0.9,0.1,roulette,3.0,True,False,0.5,0.1,0.35,5.0,0.0,,,,,,,,,,,,,,
J30_3.RCP,0,81.48080043266631,0.12720012664794922,GA_roulette_two_point_random_random_withLS_withNeighborhood,43,1000,0,50.0,60.0,,,,,,random,two_point,random,True,,,,,,,0.9,0.1,roulette,3.0,True,False,0.5,0.1,0.35,5.0,2.0,,,,,,,,,,,,,,
J30_3.RCP,1,84.4575446187128,0.12805986404418945,GA_roulette_two_point_random_random_withLS_withNeighborhood,43,1000,1,50.0,60.0,,,,,,random,two_point,random,True,,,,,,,0.9,0.1,roulette,3.0,True,False,0.5,0.1,0.35,5.0,2.0,,,,,,,,,,,,,,
J30_3.RCP,0,81.48080043266631,0.12780213356018066,GA_roulette_two_point_random_random_withLS_noNeighborhood,43,1000,0,50.0,60.0,,,,,,random,two_point,random,True,,,,,,,0.9,0.1,roulette,3.0,True,False,0.5,0.1,0.35,5.0,0.0,,,,,,,,,,,,,,
J30_3.RCP,1,84.4575446187128,0.12793183326721191,GA_roulette_two_point_random_random_withLS_noNeighborhood,43,1000,1,50.0,60.0,,,,,,random,two_point,random,True,,,,,,,0.9,0.1,roulette,3.0,True,False,0.5,0.1,0.35,5.0,0.0,,,,,,,,,,,,,,
J30_3.RCP,0,77.0621957815035,0.1848902702331543,GA_roulette_two_point_random_random_noLS_withNeighborhood,43,1000,0,50.0,60.0,,,,,,random,two_point,random,False,,,,,,,0.9,0.1,roulette,3.0,True,False,0.5,0.1,0.35,5.0,2.0,,,,,,,,,,,,,,
J30_3.RCP,1,77.8994050838291,0.18526697158813477,GA_roulette_two_point_random_random_noLS_withNeighborhood,43,1000,1,50.0,60.0,,,,,,random,two_point,random,False,,,,,,,0.9,0.1,roulette,3.0,True,False,0.5,0.1,0.35,5.0,2.0,,,,,,,,,,,,,,
J30_3.RCP,0,77.0621957815035,0.1848461627960205,GA_roulette_two_point_random_random_noLS_noNeighborhood,43,1000,0,50.0,60.0,,,,,,random,two_point,random,False,,,,,,,0.9,0.1,roulette,3.0,True,False,0.5,0.1,0.35,5.0,0.0,,,,,,,,,,,,,,
J30_3.RCP,1,77.8994050838291,0.18529725074768066,GA_roulette_two_point_random_random_noLS_noNeighborhood,43,1000,1,50.0,60.0,,,,,,random,two_point,random,False,,,,,,,0.9,0.1,roulette,3.0,True,False,0.5,0.1,0.35,5.0,0.0,,,,,,,,,,,,,,
J30_3.RCP,0,84.13196322336398,0.1289358139038086,GA_roulette_two_point_random_heuristic_withLS_withNeighborhood,43,1000,0,50.0,60.0,,,,,,random,two_point,heuristic,True,,,,,,,0.9,0.1,roulette,3.0,True,False,0.5,0.1,0.35,5.0,2.0,,,,,,,,,,,,,,
J30_3.RCP,1,82.64359113034072,0.1289060115814209,GA_roulette_two_point_random_heuristic_withLS_withNeighborhood,43,1000,1,50.0,60.0,,,,,,random,two_point,heuristic,True,,,,,,,0.9,0.1,roulette,3.0,True,False,0.5,0.1,0.35,5.0,2.0,,,,,,,,,,,,,,
J30_3.RCP,0,84.13196322336398,0.12847423553466797,GA_roulette_two_point_random_heuristic_withLS_noNeighborhood,43,1000,0,50.0,60.0,,,,,,random,two_point,heuristic,True,,,,,,,0.9,0.1,roulette,3.0,True,False,0.5,0.1,0.35,5.0,0.0,,,,,,,,,,,,,,
J30_3.RCP,1,82.64359113034072,0.12775206565856934,GA_roulette_two_point_random_heuristic_withLS_noNeighborhood,43,1000,1,50.0,60.0,,,,,,random,two_point,heuristic,True,,,,,,,0.9,0.1,roulette,3.0,True,False,0.5,0.1,0.35,5.0,0.0,,,,,,,,,,,,,,
J30_3.RCP,0,78.82963764196863,0.18604230880737305,GA_roulette_two_point_random_heuristic_noLS_withNeighborhood,43,1000,0,50.0,60.0,,,,,,random,two_point,heuristic,False,,,,,,,0.9,0.1,roulette,3.0,True,False,0.5,0.1,0.35,5.0,2.0,,,,,,,,,,,,,,
J30_3.RCP,1,79.57382368848026,0.18651914596557617,GA_roulette_two_point_random_heuristic_noLS_withNeighborhood,43,1000,1,50.0,60.0,,,,,,random,two_point,heuristic,False,,,,,,,0.9,0.1,roulette,3.0,True,False,0.5,0.1,0.35,5.0,2.0,,,,,,,,,,,,,,
J30_3.RCP,0,78.82963764196863,0.18625688552856445,GA_roulette_two_point_random_heuristic_noLS_noNeighborhood,43,1000,0,50.0,60.0,,,,,,random,two_point,heuristic,False,,,,,,,0.9,0.1,roulette,3.0,True,False,0.5,0.1,0.35,5.0,0.0,,,,,,,,,,,,,,
J30_3.RCP,1,79.57382368848026,0.18624520301818848,GA_roulette_two_point_random_heuristic_noLS_noNeighborhood,43,1000,1,50.0,60.0,,,,,,random,two_point,heuristic,False,,,,,,,0.9,0.1,roulette,3.0,True,False,0.5,0.1,0.35,5.0,0.0,,,,,,,,,,,,,,
J30_3.RCP,0,76.27149810708491,0.1304941177368164,GA_roulette_two_point_adaptive_random_withLS_withNeighborhood,43,1000,0,50.0,60.0,,,,,,adaptive,two_point,random,True,,,,,,,0.9,0.1,roulette,3.0,True,False,0.5,0.1,0.35,5.0,2.0,,,,,,,,,,,,,,
J30_3.RCP,1,82.55056787452678,0.13032102584838867,GA_roulette_two_point_adaptive_random_withLS_withNeighborhood,43,1000,1,50.0,60.0,,,,,,adaptive,two_point,random,True,,,,,,,0.9,0.1,roulette,3.0,True,False,0.5,0.1,0.35,5.0,2.0,,,,,,,,,,,,,,
J30_3.RCP,0,76.27149810708491,0.1312401294708252,GA_roulette_two_point_adaptive_random_withLS_noNeighborhood,43,1000,0,50.0,60.0,,,,,,adaptive,two_point,random,True,,,,,,,0.9,0.1,roulette,3.0,True,False,0.5,0.1,0.35,5.0,0.0,,,,,,,,,,,,,,
J30_3.RCP,1,82.55056787452678,0.1307227611541748,GA_roulette_two_point_adaptive_random_withLS_noNeighborhood,43,1000,1,50.0,60.0,,,,,,adaptive,two_point,random,True,,,,,,,0.9,0.1,roulette,3.0,True,False,0.5,0.1,0.35,5.0,0.0,,,,,,,,,,,,,,
J30_3.RCP,0,76.27149810708491,0.19524407386779785,GA_roulette_two_point_adaptive_random_noLS_withNeighborhood,43,1000,0,50.0,60.0,,,,,,adaptive,two_point,random,False,,,,,,,0.9,0.1,roulette,3.0,True,False,0.5,0.1,0.35,5.0,2.0,,,,,,,,,,,,,,
J30_3.RCP,1,76.55056787452678,0.1965627670288086,GA_roulette_two_point_adaptive_random_noLS_withNeighborhood,43,1000,1,50.0,60.0,,,,,,adaptive,two_point,random,False,,,,,,,0.9,0.1,roulette,3.0,True,False,0.5,0.1,0.35,5.0,2.0,,,,,,,,,,,,,,
J30_3.RCP,0,76.27149810708491,0.21103501319885254,GA_roulette_two_point_adaptive_random_noLS_noNeighborhood,43,1000,0,50.0,60.0,,,,,,adaptive,two_point,random,False,,,,,,,0.9,0.1,roulette,3.0,True,False,0.5,0.1,0.35,5.0,0.0,,,,,,,,,,,,,,
J30_3.RCP,1,76.55056787452678,0.1953737735748291,GA_roulette_two_point_adaptive_random_noLS_noNeighborhood,43,1000,1,50.0,60.0,,,,,,adaptive,two_point,random,False,,,,,,,0.9,0.1,roulette,3.0,True,False,0.5,0.1,0.35,5.0,0.0,,,,,,,,,,,,,,
J30_3.RCP,0,76.78312601406165,0.1338651180267334,GA_roulette_two_point_adaptive_heuristic_withLS_withNeighborhood,43,1000,0,50.0,60.0,,,,,,adaptive,two_point,heuristic,True,,,,,,,0.9,0.1,roulette,3.0,True,False,0.5,0.1,0.35,5.0,2.0,,,,,,,,,,,,,,
J30_3.RCP,1,76.41103299080584,0.13621139526367188,GA_roulette_two_point_adaptive_heuristic_withLS_withNeighborhood,43,1000,1,50.0,60.0,,,,,,adaptive,two_point,heuristic,True,,,,,,,0.9,0.1,roulette,3.0,True,False,0.5,0.1,0.35,5.0,2.0,,,,,,,,,,,,,,
J30_3.RCP,0,76.78312601406165,0.13463807106018066,GA_roulette_two_point_adaptive_heuristic_withLS_noNeighborhood,43,1000,0,50.0,60.0,,,,,,adaptive,two_point,heuristic,True,,,,,,,0.9,0.1,roulette,3.0,True,False,0.5,0.1,0.35,5.0,0.0,,,,,,,,,,,,,,
J30_3.RCP,1,76.41103299080584,0.13023996353149414,GA_roulette_two_point_adaptive_heuristic_withLS_noNeighborhood,43,1000,1,50.0,60.0,,,,,,adaptive,two_point,heuristic,True,,,,,,,0.9,0.1,roulette,3.0,True,False,0.5,0.1,0.35,5.0,0.0,,,,,,,,,,,,,,
J30_3.RCP,0,76.78312601406165,0.19538402557373047,GA_roulette_two_point_adaptive_heuristic_noLS_withNeighborhood,43,1000,0,50.0,60.0,,,,,,adaptive,two_point,heuristic,False,,,,,,,0.9,0.1,roulette,3.0,True,False,0.5,0.1,0.35,5.0,2.0,,,,,,,,,,,,,,
J30_3.RCP,1,76.41103299080584,0.2027449607849121,GA_roulette_two_point_adaptive_heuristic_noLS_withNeighborhood,43,1000,1,50.0,60.0,,,,,,adaptive,two_point,heuristic,False,,,,,,,0.9,0.1,roulette,3.0,True,False,0.5,0.1,0.35,5.0,2.0,,,,,,,,,,,,,,
J30_3.RCP,0,76.78312601406165,0.20416831970214844,GA_roulette_two_point_adaptive_heuristic_noLS_noNeighborhood,43,1000,0,50.0,60.0,,,,,,adaptive,two_point,heuristic,False,,,,,,,0.9,0.1,roulette,3.0,True,False,0.5,0.1,0.35,5.0,0.0,,,,,,,,,,,,,,
J30_3.RCP,1,76.41103299080584,0.20607733726501465,GA_roulette_two_point_adaptive_heuristic_noLS_noNeighborhood,43,1000,1,50.0,60.0,,,,,,adaptive,two_point,heuristic,False,,,,,,,0.9,0.1,roulette,3.0,True,False,0.5,0.1,0.35,5.0,0.0,,,,,,,,,,,,,,
J30_3.RCP,0,80.27149810708491,1.0692379474639893,GA_roulette_rcx_random_random_withLS_withNeighborhood,43,1000,0,50.0,60.0,,,,,,random,rcx,random,True,,,,,,,0.9,0.1,roulette,3.0,True,False,0.5,0.1,0.35,5.0,2.0,,,,,,,,,,,,,,
J30_3.RCP,1,84.03893996755004,1.0789389610290527,GA_roulette_rcx_random_random_withLS_withNeighborhood,43,1000,1,50.0,60.0,,,,,,random,rcx,random,True,,,,,,,0.9,0.1,roulette,3.0,True,False,0.5,0.1,0.35,5.0,2.0,,,,,,,,,,,,,,
J30_3.RCP,0,80.27149810708491,1.087144136428833,GA_roulette_rcx_random_random_withLS_noNeighborhood,43,1000,0,50.0,60.0,,,,,,random,rcx,random,True,,,,,,,0.9,0.1,roulette,3.0,True,False,0.5,0.1,0.35,5.0,0.0,,,,,,,,,,,,,,
J30_3.RCP,1,84.03893996755004,1.0748229026794434,GA_roulette_rcx_random_random_withLS_noNeighborhood,43,1000,1,50.0,60.0,,,,,,random,rcx,random,True,,,,,,,0.9,0.1,roulette,3.0,True,False,0.5,0.1,0.35,5.0,0.0,,,,,,,,,,,,,,
J30_3.RCP,0,77.80638182801513,4.049828052520752,GA_roulette_rcx_random_random_noLS_withNeighborhood,43,1000,0,50.0,60.0,,,,,,random,rcx,random,False,,,,,,,0.9,0.1,roulette,3.0,True,False,0.5,0.1,0.35,5.0,2.0,,,,,,,,,,,,,,
J30_3.RCP,1,77.66684694429422,4.035236120223999,GA_roulette_rcx_random_random_noLS_withNeighborhood,43,1000,1,50.0,60.0,,,,,,random,rcx,random,False,,,,,,,0.9,0.1,roulette,3.0,True,False,0.5,0.1,0.35,5.0,2.0,,,,,,,,,,,,,,
J30_3.RCP,0,77.80638182801513,3.9462058544158936,GA_roulette_rcx_random_random_noLS_noNeighborhood,43,1000,0,50.0,60.0,,,,,,random,rcx,random,False,,,,,,,0.9,0.1,roulette,3.0,True,False,0.5,0.1,0.35,5.0,0.0,,,,,,,,,,,,,,
J30_3.RCP,1,77.66684694429422,4.0160439014434814,GA_roulette_rcx_random_random_noLS_noNeighborhood,43,1000,1,50.0,60.0,,,,,,random,rcx,random,False,,,,,,,0.9,0.1,roulette,3.0,True,False,0.5,0.1,0.35,5.0,0.0,,,,,,,,,,,,,,
J30_3.RCP,0,83.6668469442942,1.0513839721679688,GA_roulette_rcx_random_heuristic_withLS_withNeighborhood,43,1000,0,50.0,60.0,,,,,,random,rcx,heuristic,True,,,,,,,0.9,0.1,roulette,3.0,True,False,0.5,0.1,0.35,5.0,2.0,,,,,,,,,,,,,,
J30_3.RCP,1,79.34126554894539,1.0365030765533447,GA_roulette_rcx_random_heuristic_withLS_withNeighborhood,43,1000,1,50.0,60.0,,,,,,random,rcx,heuristic,True,,,,,,,0.9,0.1,roulette,3.0,True,False,0.5,0.1,0.35,5.0,2.0,,,,,,,,,,,,,,
J30_3.RCP,0,83.6668469442942,1.0547609329223633,GA_roulette_rcx_random_heuristic_withLS_noNeighborhood,43,1000,0,50.0,60.0,,,,,,random,rcx,heuristic,True,,,,,,,0.9,0.1,roulette,3.0,True,False,0.5,0.1,0.35,5.0,0.0,,,,,,,,,,,,,,
J30_3.RCP,1,79.34126554894539,1.035323143005371,GA_roulette_rcx_random_heuristic_withLS_noNeighborhood,43,1000,1,50.0,60.0,,,,,,random,rcx,heuristic,True,,,,,,,0.9,0.1,roulette,3.0,True,False,0.5,0.1,0.35,5.0,0.0,,,,,,,,,,,,,,
J30_3.RCP,0,80.27149810708492,3.909085988998413,GA_roulette_rcx_random_heuristic_noLS_withNeighborhood,43,1000,0,50.0,60.0,,,,,,random,rcx,heuristic,False,,,,,,,0.9,0.1,roulette,3.0,True,False,0.5,0.1,0.35,5.0,2.0,,,,,,,,,,,,,,
J30_3.RCP,1,77.99242833964307,3.9294002056121826,GA_roulette_rcx_random_heuristic_noLS_withNeighborhood,43,1000,1,50.0,60.0,,,,,,random,rcx,heuristic,False,,,,,,,0.9,0.1,roulette,3.0,True,False,0.5,0.1,0.35,5.0,2.0,,,,,,,,,,,,,,
J30_3.RCP,0,80.27149810708492,3.925497055053711,GA_roulette_rcx_random_heuristic_noLS_noNeighborhood,43,1000,0,50.0,60.0,,,,,,random,rcx,heuristic,False,,,,,,,0.9,0.1,roulette,3.0,True,False,0.5,0.1,0.35,5.0,0.0,,,,,,,,,,,,,,
J30_3.RCP,1,77.99242833964307,3.91825008392334,GA_roulette_rcx_random_heuristic_noLS_noNeighborhood,43,1000,1,50.0,60.0,,,,,,random,rcx,heuristic,False,,,,,,,0.9,0.1,roulette,3.0,True,False,0.5,0.1,0.35,5.0,0.0,,,,,,,,,,,,,,
J30_3.RCP,0,81.38777717685237,1.0796442031860352,GA_roulette_rcx_adaptive_random_withLS_withNeighborhood,43,1000,0,50.0,60.0,,,,,,adaptive,rcx,random,True,,,,,,,0.9,0.1,roulette,3.0,True,False,0.5,0.1,0.35,5.0,2.0,,,,,,,,,,,,,,
J30_3.RCP,1,80.82963764196865,1.045064926147461,GA_roulette_rcx_adaptive_random_withLS_withNeighborhood,43,1000,1,50.0,60.0,,,,,,adaptive,rcx,random,True,,,,,,,0.9,0.1,roulette,3.0,True,False,0.5,0.1,0.35,5.0,2.0,,,,,,,,,,,,,,
J30_3.RCP,0,81.38777717685237,1.0849509239196777,GA_roulette_rcx_adaptive_random_withLS_noNeighborhood,43,1000,0,50.0,60.0,,,,,,adaptive,rcx,random,True,,,,,,,0.9,0.1,roulette,3.0,True,False,0.5,0.1,0.35,5.0,0.0,,,,,,,,,,,,,,
J30_3.RCP,1,80.82963764196865,1.0423519611358643,GA_roulette_rcx_adaptive_random_withLS_noNeighborhood,43,1000,1,50.0,60.0,,,,,,adaptive,rcx,random,True,,,,,,,0.9,0.1,roulette,3.0,True,False,0.5,0.1,0.35,5.0,0.0,,,,,,,,,,,,,,
J30_3.RCP,0,79.06219578150352,3.9218831062316895,GA_roulette_rcx_adaptive_random_noLS_withNeighborhood,43,1000,0,50.0,60.0,,,,,,adaptive,rcx,random,False,,,,,,,0.9,0.1,roulette,3.0,True,False,0.5,0.1,0.35,5.0,2.0,,,,,,,,,,,,,,
J30_3.RCP,1,78.55056787452678,3.912709951400757,GA_roulette_rcx_adaptive_random_noLS_withNeighborhood,43,1000,1,50.0,60.0,,,,,,adaptive,rcx,random,False,,,,,,,0.9,0.1,roulette,3.0,True,False,0.5,0.1,0.35,5.0,2.0,,,,,,,,,,,,,,
J30_3.RCP,0,79.06219578150352,3.9393808841705322,GA_roulette_rcx_adaptive_random_noLS_noNeighborhood,43,1000,0,50.0,60.0,,,,,,adaptive,rcx,random,False,,,,,,,0.9,0.1,roulette,3.0,True,False,0.5,0.1,0.35,5.0,0.0,,,,,,,,,,,,,,
J30_3.RCP,1,78.55056787452678,3.915755033493042,GA_roulette_rcx_adaptive_random_noLS_noNeighborhood,43,1000,1,50.0,60.0,,,,,,adaptive,rcx,random,False,,,,,,,0.9,0.1,roulette,3.0,True,False,0.5,0.1,0.35,5.0,0.0,,,,,,,,,,,,,,
J30_3.RCP,0,83.52731206057328,1.0537278652191162,GA_roulette_rcx_adaptive_heuristic_withLS_withNeighborhood,43,1000,0,50.0,60.0,,,,,,adaptive,rcx,heuristic,True,,,,,,,0.9,0.1,roulette,3.0,True,False,0.5,0.1,0.35,5.0,2.0,,,,,,,,,,,,,,
J30_3.RCP,1,81.62033531638724,1.019679069519043,GA_roulette_rcx_adaptive_heuristic_withLS_withNeighborhood,43,1000,1,50.0,60.0,,,,,,adaptive,rcx,heuristic,True,,,,,,,0.9,0.1,roulette,3.0,True,False,0.5,0.1,0.35,5.0,2.0,,,,,,,,,,,,,,
J30_3.RCP,0,83.52731206057328,1.0462968349456787,GA_roulette_rcx_adaptive_heuristic_withLS_noNeighborhood,43,1000,0,50.0,60.0,,,,,,adaptive,rcx,heuristic,True,,,,,,,0.9,0.1,roulette,3.0,True,False,0.5,0.1,0.35,5.0,0.0,,,,,,,,,,,,,,
J30_3.RCP,1,81.62033531638724,1.0235071182250977,GA_roulette_rcx_adaptive_heuristic_withLS_noNeighborhood,43,1000,1,50.0,60.0,,,,,,adaptive,rcx,heuristic,True,,,,,,,0.9,0.1,roulette,3.0,True,False,0.5,0.1,0.35,5.0,0.0,,,,,,,,,,,,,,
J30_3.RCP,0,77.94591671173609,3.990488052368164,GA_roulette_rcx_adaptive_heuristic_noLS_withNeighborhood,43,1000,0,50.0,60.0,,,,,,adaptive,rcx,heuristic,False,,,,,,,0.9,0.1,roulette,3.0,True,False,0.5,0.1,0.35,5.0,2.0,,,,,,,,,,,,,,
J30_3.RCP,1,77.01568415359654,4.034069061279297,GA_roulette_rcx_adaptive_heuristic_noLS_withNeighborhood,43,1000,1,50.0,60.0,,,,,,adaptive,rcx,heuristic,False,,,,,,,0.9,0.1,roulette,3.0,True,False,0.5,0.1,0.35,5.0,2.0,,,,,,,,,,,,,,
J30_3.RCP,0,77.94591671173609,3.961393117904663,GA_roulette_rcx_adaptive_heuristic_noLS_noNeighborhood,43,1000,0,50.0,60.0,,,,,,adaptive,rcx,heuristic,False,,,,,,,0.9,0.1,roulette,3.0,True,False,0.5,0.1,0.35,5.0,0.0,,,,,,,,,,,,,,
J30_3.RCP,1,77.01568415359654,3.911886215209961,GA_roulette_rcx_adaptive_heuristic_noLS_noNeighborhood,43,1000,1,50.0,60.0,,,,,,adaptive,rcx,heuristic,False,,,,,,,0.9,0.1,roulette,3.0,True,False,0.5,0.1,0.35,5.0,0.0,,,,,,,,,,,,,,
J30_3.RCP,0,82.73661438615468,0.12628602981567383,GA_roulette_hybrid_random_random_withLS_withNeighborhood,43,1000,0,50.0,60.0,,,,,,random,hybrid,random,True,,,,,,,0.9,0.1,roulette,3.0,True,False,0.5,0.1,0.35,5.0,2.0,,,,,,,,,,,,,,
J30_3.RCP,1,82.03893996755002,0.12945318222045898,GA_roulette_hybrid_random_random_withLS_withNeighborhood,43,1000,1,50.0,60.0,,,,,,random,hybrid,random,True,,,,,,,0.9,0.1,roulette,3.0,True,False,0.5,0.1,0.35,5.0,2.0,,,,,,,,,,,,,,
J30_3.RCP,0,82.73661438615468,0.1253681182861328,GA_roulette_hybrid_random_random_withLS_noNeighborhood,43,1000,0,50.0,60.0,,,,,,random,hybrid,random,True,,,,,,,0.9,0.1,roulette,3.0,True,False,0.5,0.1,0.35,5.0,0.0,,,,,,,,,,,,,,
J30_3.RCP,1,82.03893996755002,0.12572717666625977,GA_roulette_hybrid_random_random_withLS_noNeighborhood,43,1000,1,50.0,60.0,,,,,,random,hybrid,random,True,,,,,,,0.9,0.1,roulette,3.0,True,False,0.5,0.1,0.35,5.0,0.0,,,,,,,,,,,,,,
J30_3.RCP,0,81.43428880475935,0.17875003814697266,GA_roulette_hybrid_random_random_noLS_withNeighborhood,43,1000,0,50.0,60.0,,,,,,random,hybrid,random,False,,,,,,,0.9,0.1,roulette,3.0,True,False,0.5,0.1,0.35,5.0,2.0,,,,,,,,,,,,,,
J30_3.RCP,1,79.24824229313143,0.17787408828735352,GA_roulette_hybrid_random_random_noLS_withNeighborhood,43,1000,1,50.0,60.0,,,,,,random,hybrid,random,False,,,,,,,0.9,0.1,roulette,3.0,True,False,0.5,0.1,0.35,5.0,2.0,,,,,,,,,,,,,,
J30_3.RCP,0,81.43428880475935,0.1793529987335205,GA_roulette_hybrid_random_random_noLS_noNeighborhood,43,1000,0,50.0,60.0,,,,,,random,hybrid,random,False,,,,,,,0.9,0.1,roulette,3.0,True,False,0.5,0.1,0.35,5.0,0.0,,,,,,,,,,,,,,
J30_3.RCP,1,79.24824229313143,0.17809009552001953,GA_roulette_hybrid_random_random_noLS_noNeighborhood,43,1000,1,50.0,60.0,,,,,,random,hybrid,random,False,,,,,,,0.9,0.1,roulette,3.0,True,False,0.5,0.1,0.35,5.0,0.0,,,,,,,,,,,,,,
J30_3.RCP,0,85.99242833964306,0.12550902366638184,GA_roulette_hybrid_random_heuristic_withLS_withNeighborhood,43,1000,0,50.0,60.0,,,,,,random,hybrid,heuristic,True,,,,,,,0.9,0.1,roulette,3.0,True,False,0.5,0.1,0.35,5.0,2.0,,,,,,,,,,,,,,
J30_3.RCP,1,85.48080043266631,0.12627887725830078,GA_roulette_hybrid_random_heuristic_withLS_withNeighborhood,43,1000,1,50.0,60.0,,,,,,random,hybrid,heuristic,True,,,,,,,0.9,0.1,roulette,3.0,True,False,0.5,0.1,0.35,5.0,2.0,,,,,,,,,,,,,,
J30_3.RCP,0,85.99242833964306,0.12568998336791992,GA_roulette_hybrid_random_heuristic_withLS_noNeighborhood,43,1000,0,50.0,60.0,,,,,,random,hybrid,heuristic,True,,,,,,,0.9,0.1,roulette,3.0,True,False,0.5,0.1,0.35,5.0,0.0,,,,,,,,,,,,,,
J30_3.RCP,1,85.48080043266631,0.12627363204956055,GA_roulette_hybrid_random_heuristic_withLS_noNeighborhood,43,1000,1,50.0,60.0,,,,,,random,hybrid,heuristic,True,,,,,,,0.9,0.1,roulette,3.0,True,False,0.5,0.1,0.35,5.0,0.0,,,,,,,,,,,,,,
J30_3.RCP,0,81.57382368848026,0.18894076347351074,GA_roulette_hybrid_random_heuristic_noLS_withNeighborhood,43,1000,0,50.0,60.0,,,,,,random,hybrid,heuristic,False,,,,,,,0.9,0.1,roulette,3.0,True,False,0.5,0.1,0.35,5.0,2.0,,,,,,,,,,,,,,
J30_3.RCP,1,81.6668469442942,0.17966103553771973,GA_roulette_hybrid_random_heuristic_noLS_withNeighborhood,43,1000,1,50.0,60.0,,,,,,random,hybrid,heuristic,False,,,,,,,0.9,0.1,roulette,3.0,True,False,0.5,0.1,0.35,5.0,2.0,,,,,,,,,,,,,,
J30_3.RCP,0,81.57382368848026,0.17984485626220703,GA_roulette_hybrid_random_heuristic_noLS_noNeighborhood,43,1000,0,50.0,60.0,,,,,,random,hybrid,heuristic,False,,,,,,,0.9,0.1,roulette,3.0,True,False,0.5,0.1,0.35,5.0,0.0,,,,,,,,,,,,,,
J30_3.RCP,1,81.6668469442942,0.17978310585021973,GA_roulette_hybrid_random_heuristic_noLS_noNeighborhood,43,1000,1,50.0,60.0,,,,,,random,hybrid,heuristic,False,,,,,,,0.9,0.1,roulette,3.0,True,False,0.5,0.1,0.35,5.0,0.0,,,,,,,,,,,,,,
J30_3.RCP,0,77.85289345592213,0.12873601913452148,GA_roulette_hybrid_adaptive_random_withLS_withNeighborhood,43,1000,0,50.0,60.0,,,,,,adaptive,hybrid,random,True,,,,,,,0.9,0.1,roulette,3.0,True,False,0.5,0.1,0.35,5.0,2.0,,,,,,,,,,,,,,
J30_3.RCP,1,79.99242833964304,0.12884092330932617,GA_roulette_hybrid_adaptive_random_withLS_withNeighborhood,43,1000,1,50.0,60.0,,,,,,adaptive,hybrid,random,True,,,,,,,0.9,0.1,roulette,3.0,True,False,0.5,0.1,0.35,5.0,2.0,,,,,,,,,,,,,,
J30_3.RCP,0,77.85289345592213,0.1304938793182373,GA_roulette_hybrid_adaptive_random_withLS_noNeighborhood,43,1000,0,50.0,60.0,,,,,,adaptive,hybrid,random,True,,,,,,,0.9,0.1,roulette,3.0,True,False,0.5,0.1,0.35,5.0,0.0,,,,,,,,,,,,,,
J30_3.RCP,1,79.99242833964304,0.13431906700134277,GA_roulette_hybrid_adaptive_random_withLS_noNeighborhood,43,1000,1,50.0,60.0,,,,,,adaptive,hybrid,random,True,,,,,,,0.9,0.1,roulette,3.0,True,False,0.5,0.1,0.35,5.0,0.0,,,,,,,,,,,,,,
J30_3.RCP,0,77.85289345592213,0.18990492820739746,GA_roulette_hybrid_adaptive_random_noLS_withNeighborhood,43,1000,0,50.0,60.0,,,,,,adaptive,hybrid,random,False,,,,,,,0.9,0.1,roulette,3.0,True,False,0.5,0.1,0.35,5.0,2.0,,,,,,,,,,,,,,
J30_3.RCP,1,79.99242833964304,0.18857884407043457,GA_roulette_hybrid_adaptive_random_noLS_withNeighborhood,43,1000,1,50.0,60.0,,,,,,adaptive,hybrid,random,False,,,,,,,0.9,0.1,roulette,3.0,True,False,0.5,0.1,0.35,5.0,2.0,,,,,,,,,,,,,,
J30_3.RCP,0,77.85289345592213,0.19020605087280273,GA_roulette_hybrid_adaptive_random_noLS_noNeighborhood,43,1000,0,50.0,60.0,,,,,,adaptive,hybrid,random,False,,,,,,,0.9,0.1,roulette,3.0,True,False,0.5,0.1,0.35,5.0,0.0,,,,,,,,,,,,,,
J30_3.RCP,1,79.99242833964304,0.20642399787902832,GA_roulette_hybrid_adaptive_random_noLS_noNeighborhood,43,1000,1,50.0,60.0,,,,,,adaptive,hybrid,random,False,,,,,,,0.9,0.1,roulette,3.0,True,False,0.5,0.1,0.35,5.0,0.0,,,,,,,,,,,,,,
J30_3.RCP,0,81.0621957815035,0.1313931941986084,GA_roulette_hybrid_adaptive_heuristic_withLS_withNeighborhood,43,1000,0,50.0,60.0,,,,,,adaptive,hybrid,heuristic,True,,,,,,,0.9,0.1,roulette,3.0,True,False,0.5,0.1,0.35,5.0,2.0,,,,,,,,,,,,,,
J30_3.RCP,1,80.82963764196865,0.12963199615478516,GA_roulette_hybrid_adaptive_heuristic_withLS_withNeighborhood,43,1000,1,50.0,60.0,,,,,,adaptive,hybrid,heuristic,True,,,,,,,0.9,0.1,roulette,3.0,True,False,0.5,0.1,0.35,5.0,2.0,,,,,,,,,,,,,,
J30_3.RCP,0,81.0621957815035,0.12918710708618164,GA_roulette_hybrid_adaptive_heuristic_withLS_noNeighborhood,43,1000,0,50.0,60.0,,,,,,adaptive,hybrid,heuristic,True,,,,,,,0.9,0.1,roulette,3.0,True,False,0.5,0.1,0.35,5.0,0.0,,,,,,,,,,,,,,
J30_3.RCP,1,80.82963764196865,0.13069605827331543,GA_roulette_hybrid_adaptive_heuristic_withLS_noNeighborhood,43,1000,1,50.0,60.0,,,,,,adaptive,hybrid,heuristic,True,,,,,,,0.9,0.1,roulette,3.0,True,False,0.5,0.1,0.35,5.0,0.0,,,,,,,,,,,,,,
J30_3.RCP,0,79.80638182801515,0.1899547576904297,GA_roulette_hybrid_adaptive_heuristic_noLS_withNeighborhood,43,1000,0,50.0,60.0,,,,,,adaptive,hybrid,heuristic,False,,,,,,,0.9,0.1,roulette,3.0,True,False,0.5,0.1,0.35,5.0,2.0,,,,,,,,,,,,,,
J30_3.RCP,1,79.4808004326663,0.1898200511932373,GA_roulette_hybrid_adaptive_heuristic_noLS_withNeighborhood,43,1000,1,50.0,60.0,,,,,,adaptive,hybrid,heuristic,False,,,,,,,0.9,0.1,roulette,3.0,True,False,0.5,0.1,0.35,5.0,2.0,,,,,,,,,,,,,,
J30_3.RCP,0,79.80638182801515,0.21198487281799316,GA_roulette_hybrid_adaptive_heuristic_noLS_noNeighborhood,43,1000,0,50.0,60.0,,,,,,adaptive,hybrid,heuristic,False,,,,,,,0.9,0.1,roulette,3.0,True,False,0.5,0.1,0.35,5.0,0.0,,,,,,,,,,,,,,
J30_3.RCP,1,79.4808004326663,0.2217543125152588,GA_roulette_hybrid_adaptive_heuristic_noLS_noNeighborhood,43,1000,1,50.0,60.0,,,,,,adaptive,hybrid,heuristic,False,,,,,,,0.9,0.1,roulette,3.0,True,False,0.5,0.1,0.35,5.0,0.0,,,,,,,,,,,,,,
J30_3.RCP,0,78.2714981070849,0.12837576866149902,GA_tournament_single_point_random_random_withLS_withNeighborhood,43,1000,0,50.0,60.0,,,,,,random,single_point,random,True,,,,,,,0.9,0.1,tournament,3.0,True,False,0.5,0.1,0.35,5.0,2.0,,,,,,,,,,,,,,
J30_3.RCP,1,78.87614926987563,0.12775611877441406,GA_tournament_single_point_random_random_withLS_withNeighborhood,43,1000,1,50.0,60.0,,,,,,random,single_point,random,True,,,,,,,0.9,0.1,tournament,3.0,True,False,0.5,0.1,0.35,5.0,2.0,,,,,,,,,,,,,,
J30_3.RCP,0,78.2714981070849,0.1277000904083252,GA_tournament_single_point_random_random_withLS_noNeighborhood,43,1000,0,50.0,60.0,,,,,,random,single_point,random,True,,,,,,,0.9,0.1,tournament,3.0,True,False,0.5,0.1,0.35,5.0,0.0,,,,,,,,,,,,,,
J30_3.RCP,1,78.87614926987563,0.1315479278564453,GA_tournament_single_point_random_random_withLS_noNeighborhood,43,1000,1,50.0,60.0,,,,,,random,single_point,random,True,,,,,,,0.9,0.1,tournament,3.0,True,False,0.5,0.1,0.35,5.0,0.0,,,,,,,,,,,,,,
J30_3.RCP,0,73.15521903731747,0.1843869686126709,GA_tournament_single_point_random_random_noLS_withNeighborhood,43,1000,0,50.0,60.0,,,,,,random,single_point,random,False,,,,,,,0.9,0.1,tournament,3.0,True,False,0.5,0.1,0.35,5.0,2.0,,,,,,,,,,,,,,
J30_3.RCP,1,73.85289345592213,0.1850910186767578,GA_tournament_single_point_random_random_noLS_withNeighborhood,43,1000,1,50.0,60.0,,,,,,random,single_point,random,False,,,,,,,0.9,0.1,tournament,3.0,True,False,0.5,0.1,0.35,5.0,2.0,,,,,,,,,,,,,,
J30_3.RCP,0,73.15521903731747,0.18499183654785156,GA_tournament_single_point_random_random_noLS_noNeighborhood,43,1000,0,50.0,60.0,,,,,,random,single_point,random,False,,,,,,,0.9,0.1,tournament,3.0,True,False,0.5,0.1,0.35,5.0,0.0,,,,,,,,,,,,,,
J30_3.RCP,1,73.85289345592213,0.1842501163482666,GA_tournament_single_point_random_random_noLS_noNeighborhood,43,1000,1,50.0,60.0,,,,,,random,single_point,random,False,,,,,,,0.9,0.1,tournament,3.0,True,False,0.5,0.1,0.35,5.0,0.0,,,,,,,,,,,,,,
J30_3.RCP,0,80.78312601406165,0.12837886810302734,GA_tournament_single_point_random_heuristic_withLS_withNeighborhood,43,1000,0,50.0,60.0,,,,,,random,single_point,heuristic,True,,,,,,,0.9,0.1,tournament,3.0,True,False,0.5,0.1,0.35,5.0,2.0,,,,,,,,,,,,,,
J30_3.RCP,1,77.20173066522446,0.1356499195098877,GA_tournament_single_point_random_heuristic_withLS_withNeighborhood,43,1000,1,50.0,60.0,,,,,,random,single_point,heuristic,True,,,,,,,0.9,0.1,tournament,3.0,True,False,0.5,0.1,0.35,5.0,2.0,,,,,,,,,,,,,,
J30_3.RCP,0,80.78312601406165,0.13206195831298828,GA_tournament_single_point_random_heuristic_withLS_noNeighborhood,43,1000,0,50.0,60.0,,,,,,random,single_point,heuristic,True,,,,,,,0.9,0.1,tournament,3.0,True,False,0.5,0.1,0.35,5.0,0.0,,,,,,,,,,,,,,
J30_3.RCP,1,77.20173066522446,0.12848997116088867,GA_tournament_single_point_random_heuristic_withLS_noNeighborhood,43,1000,1,50.0,60.0,,,,,,random,single_point,heuristic,True,,,,,,,0.9,0.1,tournament,3.0,True,False,0.5,0.1,0.35,5.0,0.0,,,,,,,,,,,,,,
J30_3.RCP,0,73.66684694429422,0.19134783744812012,GA_tournament_single_point_random_heuristic_noLS_withNeighborhood,43,1000,0,50.0,60.0,,,,,,random,single_point,heuristic,False,,,,,,,0.9,0.1,tournament,3.0,True,False,0.5,0.1,0.35,5.0,2.0,,,,,,,,,,,,,,
J30_3.RCP,1,71.66684694429422,0.1873950958251953,GA_tournament_single_point_random_heuristic_noLS_withNeighborhood,43,1000,1,50.0,60.0,,,,,,random,single_point,heuristic,False,,,,,,,0.9,0.1,tournament,3.0,True,False,0.5,0.1,0.35,5.0,2.0,,,,,,,,,,,,,,
J30_3.RCP,0,73.66684694429422,0.18563294410705566,GA_tournament_single_point_random_heuristic_noLS_noNeighborhood,43,1000,0,50.0,60.0,,,,,,random,single_point,heuristic,False,,,,,,,0.9,0.1,tournament,3.0,True,False,0.5,0.1,0.35,5.0,0.0,,,,,,,,,,,,,,
J30_3.RCP,1,71.66684694429422,0.1886460781097412,GA_tournament_single_point_random_heuristic_noLS_noNeighborhood,43,1000,1,50.0,60.0,,,,,,random,single_point,heuristic,False,,,,,,,0.9,0.1,tournament,3.0,True,False,0.5,0.1,0.35,5.0,0.0,,,,,,,,,,,,,,
J30_3.RCP,0,79.0621957815035,0.13080787658691406,GA_tournament_single_point_adaptive_random_withLS_withNeighborhood,43,1000,0,50.0,60.0,,,,,,adaptive,single_point,random,True,,,,,,,0.9,0.1,tournament,3.0,True,False,0.5,0.1,0.35,5.0,2.0,,,,,,,,,,,,,,
J30_3.RCP,1,84.73661438615467,0.1295769214630127,GA_tournament_single_point_adaptive_random_withLS_withNeighborhood,43,1000,1,50.0,60.0,,,,,,adaptive,single_point,random,True,,,,,,,0.9,0.1,tournament,3.0,True,False,0.5,0.1,0.35,5.0,2.0,,,,,,,,,,,,,,
J30_3.RCP,0,79.0621957815035,0.12977910041809082,GA_tournament_single_point_adaptive_random_withLS_noNeighborhood,43,1000,0,50.0,60.0,,,,,,adaptive,single_point,random,True,,,,,,,0.9,0.1,tournament,3.0,True,False,0.5,0.1,0.35,5.0,0.0,,,,,,,,,,,,,,
J30_3.RCP,1,84.73661438615467,0.20577406883239746,GA_tournament_single_point_adaptive_random_withLS_noNeighborhood,43,1000,1,50.0,60.0,,,,,,adaptive,single_point,random,True,,,,,,,0.9,0.1,tournament,3.0,True,False,0.5,0.1,0.35,5.0,0.0,,,,,,,,,,,,,,
J30_3.RCP,0,73.85289345592213,0.22374510765075684,GA_tournament_single_point_adaptive_random_noLS_withNeighborhood,43,1000,0,50.0,60.0,,,,,,adaptive,single_point,random,False,,,,,,,0.9,0.1,tournament,3.0,True,False,0.5,0.1,0.35,5.0,2.0,,,,,,,,,,,,,,
J30_3.RCP,1,74.41103299080584,0.1948859691619873,GA_tournament_single_point_adaptive_random_noLS_withNeighborhood,43,1000,1,50.0,60.0,,,,,,adaptive,single_point,random,False,,,,,,,0.9,0.1,tournament,3.0,True,False,0.5,0.1,0.35,5.0,2.0,,,,,,,,,,,,,,
J30_3.RCP,0,73.85289345592213,0.20031189918518066,GA_tournament_single_point_adaptive_random_noLS_noNeighborhood,43,1000,0,50.0,60.0,,,,,,adaptive,single_point,random,False,,,,,,,0.9,0.1,tournament,3.0,True,False,0.5,0.1,0.35,5.0,0.0,,,,,,,,,,,,,,
J30_3.RCP,1,74.41103299080584,0.19491791725158691,GA_tournament_single_point_adaptive_random_noLS_noNeighborhood,43,1000,1,50.0,60.0,,,,,,adaptive,single_point,random,False,,,,,,,0.9,0.1,tournament,3.0,True,False,0.5,0.1,0.35,5.0,0.0,,,,,,,,,,,,,,
J30_3.RCP,0,80.50405624661978,0.13234567642211914,GA_tournament_single_point_adaptive_heuristic_withLS_withNeighborhood,43,1000,0,50.0,60.0,,,,,,adaptive,single_point,heuristic,True,,,,,,,0.9,0.1,tournament,3.0,True,False,0.5,0.1,0.35,5.0,2.0,,,,,,,,,,,,,,
J30_3.RCP,1,76.17847485127096,0.16092920303344727,GA_tournament_single_point_adaptive_heuristic_withLS_withNeighborhood,43,1000,1,50.0,60.0,,,,,,adaptive,single_point,heuristic,True,,,,,,,0.9,0.1,tournament,3.0,True,False,0.5,0.1,0.35,5.0,2.0,,,,,,,,,,,,,,
J30_3.RCP,0,80.50405624661978,0.1365659236907959,GA_tournament_single_point_adaptive_heuristic_withLS_noNeighborhood,43,1000,0,50.0,60.0,,,,,,adaptive,single_point,heuristic,True,,,,,,,0.9,0.1,tournament,3.0,True,False,0.5,0.1,0.35,5.0,0.0,,,,,,,,,,,,,,
J30_3.RCP,1,76.17847485127096,0.13570404052734375,GA_tournament_single_point_adaptive_heuristic_withLS_noNeighborhood,43,1000,1,50.0,60.0,,,,,,adaptive,single_point,heuristic,True,,,,,,,0.9,0.1,tournament,3.0,True,False,0.5,0.1,0.35,5.0,0.0,,,,,,,,,,,,,,
J30_3.RCP,0,72.27149810708491,0.19765520095825195,GA_tournament_single_point_adaptive_heuristic_noLS_withNeighborhood,43,1000,0,50.0,60.0,,,,,,adaptive,single_point,heuristic,False,,,,,,,0.9,0.1,tournament,3.0,True,False,0.5,0.1,0.35,5.0,2.0,,,,,,,,,,,,,,
J30_3.RCP,1,70.55056787452678,0.20395684242248535,GA_tournament_single_point_adaptive_heuristic_noLS_withNeighborhood,43,1000,1,50.0,60.0,,,,,,adaptive,single_point,heuristic,False,,,,,,,0.9,0.1,tournament,3.0,True,False,0.5,0.1,0.35,5.0,2.0,,,,,,,,,,,,,,
J30_3.RCP,0,72.27149810708491,0.20181798934936523,GA_tournament_single_point_adaptive_heuristic_noLS_noNeighborhood,43,1000,0,50.0,60.0,,,,,,adaptive,single_point,heuristic,False,,,,,,,0.9,0.1,tournament,3.0,True,False,0.5,0.1,0.35,5.0,0.0,,,,,,,,,,,,,,
J30_3.RCP,1,70.55056787452678,0.1992049217224121,GA_tournament_single_point_adaptive_heuristic_noLS_noNeighborhood,43,1000,1,50.0,60.0,,,,,,adaptive,single_point,heuristic,False,,,,,,,0.9,0.1,tournament,3.0,True,False,0.5,0.1,0.35,5.0,0.0,,,,,,,,,,,,,,
J30_3.RCP,0,78.55056787452678,0.1272869110107422,GA_tournament_two_point_random_random_withLS_withNeighborhood,43,1000,0,50.0,60.0,,,,,,random,two_point,random,True,,,,,,,0.9,0.1,tournament,3.0,True,False,0.5,0.1,0.35,5.0,2.0,,,,,,,,,,,,,,
J30_3.RCP,1,77.57382368848025,0.1279587745666504,GA_tournament_two_point_random_random_withLS_withNeighborhood,43,1000,1,50.0,60.0,,,,,,random,two_point,random,True,,,,,,,0.9,0.1,tournament,3.0,True,False,0.5,0.1,0.35,5.0,2.0,,,,,,,,,,,,,,
J30_3.RCP,0,78.55056787452678,0.12769818305969238,GA_tournament_two_point_random_random_withLS_noNeighborhood,43,1000,0,50.0,60.0,,,,,,random,two_point,random,True,,,,,,,0.9,0.1,tournament,3.0,True,False,0.5,0.1,0.35,5.0,0.0,,,,,,,,,,,,,,
J30_3.RCP,1,77.57382368848025,0.12665891647338867,GA_tournament_two_point_random_random_withLS_noNeighborhood,43,1000,1,50.0,60.0,,,,,,random,two_point,random,True,,,,,,,0.9,0.1,tournament,3.0,True,False,0.5,0.1,0.35,5.0,0.0,,,,,,,,,,,,,,
J30_3.RCP,0,71.94591671173607,0.18481707572937012,GA_tournament_two_point_random_random_noLS_withNeighborhood,43,1000,0,50.0,60.0,,,,,,random,two_point,random,False,,,,,,,0.9,0.1,tournament,3.0,True,False,0.5,0.1,0.35,5.0,2.0,,,,,,,,,,,,,,
J30_3.RCP,1,72.36452136289887,0.18584012985229492,GA_tournament_two_point_random_random_noLS_withNeighborhood,43,1000,1,50.0,60.0,,,,,,random,two_point,random,False,,,,,,,0.9,0.1,tournament,3.0,True,False,0.5,0.1,0.35,5.0,2.0,,,,,,,,,,,,,,
J30_3.RCP,0,71.94591671173607,0.1881251335144043,GA_tournament_two_point_random_random_noLS_noNeighborhood,43,1000,0,50.0,60.0,,,,,,random,two_point,random,False,,,,,,,0.9,0.1,tournament,3.0,True,False,0.5,0.1,0.35,5.0,0.0,,,,,,,,,,,,,,
J30_3.RCP,1,72.36452136289887,0.18542003631591797,GA_tournament_two_point_random_random_noLS_noNeighborhood,43,1000,1,50.0,60.0,,,,,,random,two_point,random,False,,,,,,,0.9,0.1,tournament,3.0,True,False,0.5,0.1,0.35,5.0,0.0,,,,,,,,,,,,,,
J30_3.RCP,0,75.34126554894539,0.12874603271484375,GA_tournament_two_point_random_heuristic_withLS_withNeighborhood,43,1000,0,50.0,60.0,,,,,,random,two_point,heuristic,True,,,,,,,0.9,0.1,tournament,3.0,True,False,0.5,0.1,0.35,5.0,2.0,,,,,,,,,,,,,,
J30_3.RCP,1,77.2947539210384,0.1281750202178955,GA_tournament_two_point_random_heuristic_withLS_withNeighborhood,43,1000,1,50.0,60.0,,,,,,random,two_point,heuristic,True,,,,,,,0.9,0.1,tournament,3.0,True,False,0.5,0.1,0.35,5.0,2.0,,,,,,,,,,,,,,
J30_3.RCP,0,75.34126554894539,0.12874197959899902,GA_tournament_two_point_random_heuristic_withLS_noNeighborhood,43,1000,0,50.0,60.0,,,,,,random,two_point,heuristic,True,,,,,,,0.9,0.1,tournament,3.0,True,False,0.5,0.1,0.35,5.0,0.0,,,,,,,,,,,,,,
J30_3.RCP,1,77.2947539210384,0.1278820037841797,GA_tournament_two_point_random_heuristic_withLS_noNeighborhood,43,1000,1,50.0,60.0,,,,,,random,two_point,heuristic,True,,,,,,,0.9,0.1,tournament,3.0,True,False,0.5,0.1,0.35,5.0,0.0,,,,,,,,,,,,,,
J30_3.RCP,0,71.1087074094105,0.187424898147583,GA_tournament_two_point_random_heuristic_noLS_withNeighborhood,43,1000,0,50.0,60.0,,,,,,random,two_point,heuristic,False,,,,,,,0.9,0.1,tournament,3.0,True,False,0.5,0.1,0.35,5.0,2.0,,,,,,,,,,,,,,
J30_3.RCP,1,71.43428880475935,0.1862809658050537,GA_tournament_two_point_random_heuristic_noLS_withNeighborhood,43,1000,1,50.0,60.0,,,,,,random,two_point,heuristic,False,,,,,,,0.9,0.1,tournament,3.0,True,False,0.5,0.1,0.35,5.0,2.0,,,,,,,,,,,,,,
J30_3.RCP,0,71.1087074094105,0.18770718574523926,GA_tournament_two_point_random_heuristic_noLS_noNeighborhood,43,1000,0,50.0,60.0,,,,,,random,two_point,heuristic,False,,,,,,,0.9,0.1,tournament,3.0,True,False,0.5,0.1,0.35,5.0,0.0,,,,,,,,,,,,,,
J30_3.RCP,1,71.43428880475935,0.1855475902557373,GA_tournament_two_point_random_heuristic_noLS_noNeighborhood,43,1000,1,50.0,60.0,,,,,,random,two_point,heuristic,False,,,,,,,0.9,0.1,tournament,3.0,True,False,0.5,0.1,0.35,5.0,0.0,,,,,,,,,,,,,,
J30_3.RCP,0,78.131963223364,0.1300811767578125,GA_tournament_two_point_adaptive_random_withLS_withNeighborhood,43,1000,0,50.0,60.0,,,,,,adaptive,two_point,random,True,,,,,,,0.9,0.1,tournament,3.0,True,False,0.5,0.1,0.35,5.0,2.0,,,,,,,,,,,,,,
J30_3.RCP,1,80.92266089778259,0.12981891632080078,GA_tournament_two_point_adaptive_random_withLS_withNeighborhood,43,1000,1,50.0,60.0,,,,,,adaptive,two_point,random,True,,,,,,,0.9,0.1,tournament,3.0,True,False,0.5,0.1,0.35,5.0,2.0,,,,,,,,,,,,,,
J30_3.RCP,0,78.131963223364,0.12975192070007324,GA_tournament_two_point_adaptive_random_withLS_noNeighborhood,43,1000,0,50.0,60.0,,,,,,adaptive,two_point,random,True,,,,,,,0.9,0.1,tournament,3.0,True,False,0.5,0.1,0.35,5.0,0.0,,,,,,,,,,,,,,
J30_3.RCP,1,80.92266089778259,0.12959599494934082,GA_tournament_two_point_adaptive_random_withLS_noNeighborhood,43,1000,1,50.0,60.0,,,,,,adaptive,two_point,random,True,,,,,,,0.9,0.1,tournament,3.0,True,False,0.5,0.1,0.35,5.0,0.0,,,,,,,,,,,,,,
J30_3.RCP,0,73.5273120605733,0.19646000862121582,GA_tournament_two_point_adaptive_random_noLS_withNeighborhood,43,1000,0,50.0,60.0,,,,,,adaptive,two_point,random,False,,,,,,,0.9,0.1,tournament,3.0,True,False,0.5,0.1,0.35,5.0,2.0,,,,,,,,,,,,,,
J30_3.RCP,1,73.5273120605733,0.19443893432617188,GA_tournament_two_point_adaptive_random_noLS_withNeighborhood,43,1000,1,50.0,60.0,,,,,,adaptive,two_point,random,False,,,,,,,0.9,0.1,tournament,3.0,True,False,0.5,0.1,0.35,5.0,2.0,,,,,,,,,,,,,,
J30_3.RCP,0,73.5273120605733,0.19657683372497559,GA_tournament_two_point_adaptive_random_noLS_noNeighborhood,43,1000,0,50.0,60.0,,,,,,adaptive,two_point,random,False,,,,,,,0.9,0.1,tournament,3.0,True,False,0.5,0.1,0.35,5.0,0.0,,,,,,,,,,,,,,
J30_3.RCP,1,73.5273120605733,0.19428396224975586,GA_tournament_two_point_adaptive_random_noLS_noNeighborhood,43,1000,1,50.0,60.0,,,,,,adaptive,two_point,random,False,,,,,,,0.9,0.1,tournament,3.0,True,False,0.5,0.1,0.35,5.0,0.0,,,,,,,,,,,,,,
J30_3.RCP,0,79.71335857220119,0.130295991897583,GA_tournament_two_point_adaptive_heuristic_withLS_withNeighborhood,43,1000,0,50.0,60.0,,,,,,adaptive,two_point,heuristic,True,,,,,,,0.9,0.1,tournament,3.0,True,False,0.5,0.1,0.35,5.0,2.0,,,,,,,,,,,,,,
J30_3.RCP,1,79.48080043266631,0.1302499771118164,GA_tournament_two_point_adaptive_heuristic_withLS_withNeighborhood,43,1000,1,50.0,60.0,,,,,,adaptive,two_point,heuristic,True,,,,,,,0.9,0.1,tournament,3.0,True,False,0.5,0.1,0.35,5.0,2.0,,,,,,,,,,,,,,
J30_3.RCP,0,79.71335857220119,0.13028502464294434,GA_tournament_two_point_adaptive_heuristic_withLS_noNeighborhood,43,1000,0,50.0,60.0,,,,,,adaptive,two_point,heuristic,True,,,,,,,0.9,0.1,tournament,3.0,True,False,0.5,0.1,0.35,5.0,0.0,,,,,,,,,,,,,,
J30_3.RCP,1,79.48080043266631,0.13016176223754883,GA_tournament_two_point_adaptive_heuristic_withLS_noNeighborhood,43,1000,1,50.0,60.0,,,,,,adaptive,two_point,heuristic,True,,,,,,,0.9,0.1,tournament,3.0,True,False,0.5,0.1,0.35,5.0,0.0,,,,,,,,,,,,,,
J30_3.RCP,0,74.73661438615468,0.19617319107055664,GA_tournament_two_point_adaptive_heuristic_noLS_withNeighborhood,43,1000,0,50.0,60.0,,,,,,adaptive,two_point,heuristic,False,,,,,,,0.9,0.1,tournament,3.0,True,False,0.5,0.1,0.35,5.0,2.0,,,,,,,,,,,,,,
J30_3.RCP,1,73.99242833964306,0.1960158348083496,GA_tournament_two_point_adaptive_heuristic_noLS_withNeighborhood,43,1000,1,50.0,60.0,,,,,,adaptive,two_point,heuristic,False,,,,,,,0.9,0.1,tournament,3.0,True,False,0.5,0.1,0.35,5.0,2.0,,,,,,,,,,,,,,
J30_3.RCP,0,74.73661438615468,0.19580411911010742,GA_tournament_two_point_adaptive_heuristic_noLS_noNeighborhood,43,1000,0,50.0,60.0,,,,,,adaptive,two_point,heuristic,False,,,,,,,0.9,0.1,tournament,3.0,True,False,0.5,0.1,0.35,5.0,0.0,,,,,,,,,,,,,,
J30_3.RCP,1,73.99242833964306,0.19622087478637695,GA_tournament_two_point_adaptive_heuristic_noLS_noNeighborhood,43,1000,1,50.0,60.0,,,,,,adaptive,two_point,heuristic,False,,,,,,,0.9,0.1,tournament,3.0,True,False,0.5,0.1,0.35,5.0,0.0,,,,,,,,,,,,,,
J30_3.RCP,0,80.03893996755004,0.5777571201324463,GA_tournament_rcx_random_random_withLS_withNeighborhood,43,1000,0,50.0,60.0,,,,,,random,rcx,random,True,,,,,,,0.9,0.1,tournament,3.0,True,False,0.5,0.1,0.35,5.0,2.0,,,,,,,,,,,,,,
J30_3.RCP,1,80.96917252568956,0.5808510780334473,GA_tournament_rcx_random_random_withLS_withNeighborhood,43,1000,1,50.0,60.0,,,,,,random,rcx,random,True,,,,,,,0.9,0.1,tournament,3.0,True,False,0.5,0.1,0.35,5.0,2.0,,,,,,,,,,,,,,
J30_3.RCP,0,80.03893996755004,0.5776708126068115,GA_tournament_rcx_random_random_withLS_noNeighborhood,43,1000,0,50.0,60.0,,,,,,random,rcx,random,True,,,,,,,0.9,0.1,tournament,3.0,True,False,0.5,0.1,0.35,5.0,0.0,,,,,,,,,,,,,,
J30_3.RCP,1,80.96917252568956,0.581475019454956,GA_tournament_rcx_random_random_withLS_noNeighborhood,43,1000,1,50.0,60.0,,,,,,random,rcx,random,True,,,,,,,0.9,0.1,tournament,3.0,True,False,0.5,0.1,0.35,5.0,0.0,,,,,,,,,,,,,,
J30_3.RCP,0,70.64359113034072,1.9993698596954346,GA_tournament_rcx_random_random_noLS_withNeighborhood,43,1000,0,50.0,60.0,,,,,,random,rcx,random,False,,,,,,,0.9,0.1,tournament,3.0,True,False,0.5,0.1,0.35,5.0,2.0,,,,,,,,,,,,,,
J30_3.RCP,1,74.13196322336398,2.022839069366455,GA_tournament_rcx_random_random_noLS_withNeighborhood,43,1000,1,50.0,60.0,,,,,,random,rcx,random,False,,,,,,,0.9,0.1,tournament,3.0,True,False,0.5,0.1,0.35,5.0,2.0,,,,,,,,,,,,,,
J30_3.RCP,0,70.64359113034072,1.9986481666564941,GA_tournament_rcx_random_random_noLS_noNeighborhood,43,1000,0,50.0,60.0,,,,,,random,rcx,random,False,,,,,,,0.9,0.1,tournament,3.0,True,False,0.5,0.1,0.35,5.0,0.0,,,,,,,,,,,,,,
J30_3.RCP,1,74.13196322336398,2.009916067123413,GA_tournament_rcx_random_random_noLS_noNeighborhood,43,1000,1,50.0,60.0,,,,,,random,rcx,random,False,,,,,,,0.9,0.1,tournament,3.0,True,False,0.5,0.1,0.35,5.0,0.0,,,,,,,,,,,,,,
J30_3.RCP,0,75.2947539210384,0.5806221961975098,GA_tournament_rcx_random_heuristic_withLS_withNeighborhood,43,1000,0,50.0,60.0,,,,,,random,rcx,heuristic,True,,,,,,,0.9,0.1,tournament,3.0,True,False,0.5,0.1,0.35,5.0,2.0,,,,,,,,,,,,,,
J30_3.RCP,1,76.27149810708492,0.5948379039764404,GA_tournament_rcx_random_heuristic_withLS_withNeighborhood,43,1000,1,50.0,60.0,,,,,,random,rcx,heuristic,True,,,,,,,0.9,0.1,tournament,3.0,True,False,0.5,0.1,0.35,5.0,2.0,,,,,,,,,,,,,,
J30_3.RCP,0,75.2947539210384,0.5779788494110107,GA_tournament_rcx_random_heuristic_withLS_noNeighborhood,43,1000,0,50.0,60.0,,,,,,random,rcx,heuristic,True,,,,,,,0.9,0.1,tournament,3.0,True,False,0.5,0.1,0.35,5.0,0.0,,,,,,,,,,,,,,
J30_3.RCP,1,76.27149810708492,0.5885586738586426,GA_tournament_rcx_random_heuristic_withLS_noNeighborhood,43,1000,1,50.0,60.0,,,,,,random,rcx,heuristic,True,,,,,,,0.9,0.1,tournament,3.0,True,False,0.5,0.1,0.35,5.0,0.0,,,,,,,,,,,,,,
J30_3.RCP,0,71.24824229313144,1.9876558780670166,GA_tournament_rcx_random_heuristic_noLS_withNeighborhood,43,1000,0,50.0,60.0,,,,,,random,rcx,heuristic,False,,,,,,,0.9,0.1,tournament,3.0,True,False,0.5,0.1,0.35,5.0,2.0,,,,,,,,,,,,,,
J30_3.RCP,1,72.3180097349919,2.0284032821655273,GA_tournament_rcx_random_heuristic_noLS_withNeighborhood,43,1000,1,50.0,60.0,,,,,,random,rcx,heuristic,False,,,,,,,0.9,0.1,tournament,3.0,True,False,0.5,0.1,0.35,5.0,2.0,,,,,,,,,,,,,,
J30_3.RCP,0,71.24824229313144,2.016555070877075,GA_tournament_rcx_random_heuristic_noLS_noNeighborhood,43,1000,0,50.0,60.0,,,,,,random,rcx,heuristic,False,,,,,,,0.9,0.1,tournament,3.0,True,False,0.5,0.1,0.35,5.0,0.0,,,,,,,,,,,,,,
J30_3.RCP,1,72.3180097349919,2.039371967315674,GA_tournament_rcx_random_heuristic_noLS_noNeighborhood,43,1000,1,50.0,60.0,,,,,,random,rcx,heuristic,False,,,,,,,0.9,0.1,tournament,3.0,True,False,0.5,0.1,0.35,5.0,0.0,,,,,,,,,,,,,,
J30_3.RCP,0,81.20173066522446,0.6097400188446045,GA_tournament_rcx_adaptive_random_withLS_withNeighborhood,43,1000,0,50.0,60.0,,,,,,adaptive,rcx,random,True,,,,,,,0.9,0.1,tournament,3.0,True,False,0.5,0.1,0.35,5.0,2.0,,,,,,,,,,,,,,
J30_3.RCP,1,76.64359113034074,0.6016690731048584,GA_tournament_rcx_adaptive_random_withLS_withNeighborhood,43,1000,1,50.0,60.0,,,,,,adaptive,rcx,random,True,,,,,,,0.9,0.1,tournament,3.0,True,False,0.5,0.1,0.35,5.0,2.0,,,,,,,,,,,,,,
J30_3.RCP,0,81.20173066522446,0.6079871654510498,GA_tournament_rcx_adaptive_random_withLS_noNeighborhood,43,1000,0,50.0,60.0,,,,,,adaptive,rcx,random,True,,,,,,,0.9,0.1,tournament,3.0,True,False,0.5,0.1,0.35,5.0,0.0,,,,,,,,,,,,,,
J30_3.RCP,1,76.64359113034074,0.6070351600646973,GA_tournament_rcx_adaptive_random_withLS_noNeighborhood,43,1000,1,50.0,60.0,,,,,,adaptive,rcx,random,True,,,,,,,0.9,0.1,tournament,3.0,True,False,0.5,0.1,0.35,5.0,0.0,,,,,,,,,,,,,,
J30_3.RCP,0,74.64359113034072,2.088127851486206,GA_tournament_rcx_adaptive_random_noLS_withNeighborhood,43,1000,0,50.0,60.0,,,,,,adaptive,rcx,random,False,,,,,,,0.9,0.1,tournament,3.0,True,False,0.5,0.1,0.35,5.0,2.0,,,,,,,,,,,,,,
J30_3.RCP,1,74.64359113034074,2.040351152420044,GA_tournament_rcx_adaptive_random_noLS_withNeighborhood,43,1000,1,50.0,60.0,,,,,,adaptive,rcx,random,False,,,,,,,0.9,0.1,tournament,3.0,True,False,0.5,0.1,0.35,5.0,2.0,,,,,,,,,,,,,,
J30_3.RCP,0,74.64359113034072,2.0857458114624023,GA_tournament_rcx_adaptive_random_noLS_noNeighborhood,43,1000,0,50.0,60.0,,,,,,adaptive,rcx,random,False,,,,,,,0.9,0.1,tournament,3.0,True,False,0.5,0.1,0.35,5.0,0.0,,,,,,,,,,,,,,
J30_3.RCP,1,74.64359113034074,2.027419090270996,GA_tournament_rcx_adaptive_random_noLS_noNeighborhood,43,1000,1,50.0,60.0,,,,,,adaptive,rcx,random,False,,,,,,,0.9,0.1,tournament,3.0,True,False,0.5,0.1,0.35,5.0,0.0,,,,,,,,,,,,,,
J30_3.RCP,0,77.8994050838291,0.6043839454650879,GA_tournament_rcx_adaptive_heuristic_withLS_withNeighborhood,43,1000,0,50.0,60.0,,,,,,adaptive,rcx,heuristic,True,,,,,,,0.9,0.1,tournament,3.0,True,False,0.5,0.1,0.35,5.0,2.0,,,,,,,,,,,,,,
J30_3.RCP,1,75.01568415359655,0.5844299793243408,GA_tournament_rcx_adaptive_heuristic_withLS_withNeighborhood,43,1000,1,50.0,60.0,,,,,,adaptive,rcx,heuristic,True,,,,,,,0.9,0.1,tournament,3.0,True,False,0.5,0.1,0.35,5.0,2.0,,,,,,,,,,,,,,
J30_3.RCP,0,77.8994050838291,0.60182785987854,GA_tournament_rcx_adaptive_heuristic_withLS_noNeighborhood,43,1000,0,50.0,60.0,,,,,,adaptive,rcx,heuristic,True,,,,,,,0.9,0.1,tournament,3.0,True,False,0.5,0.1,0.35,5.0,0.0,,,,,,,,,,,,,,
J30_3.RCP,1,75.01568415359655,0.5875949859619141,GA_tournament_rcx_adaptive_heuristic_withLS_noNeighborhood,43,1000,1,50.0,60.0,,,,,,adaptive,rcx,heuristic,True,,,,,,,0.9,0.1,tournament,3.0,True,False,0.5,0.1,0.35,5.0,0.0,,,,,,,,,,,,,,
J30_3.RCP,0,75.6668469442942,2.053154945373535,GA_tournament_rcx_adaptive_heuristic_noLS_withNeighborhood,43,1000,0,50.0,60.0,,,,,,adaptive,rcx,heuristic,False,,,,,,,0.9,0.1,tournament,3.0,True,False,0.5,0.1,0.35,5.0,2.0,,,,,,,,,,,,,,
J30_3.RCP,1,73.1087074094105,2.045305013656616,GA_tournament_rcx_adaptive_heuristic_noLS_withNeighborhood,43,1000,1,50.0,60.0,,,,,,adaptive,rcx,heuristic,False,,,,,,,0.9,0.1,tournament,3.0,True,False,0.5,0.1,0.35,5.0,2.0,,,,,,,,,,,,,,
J30_3.RCP,0,75.6668469442942,2.052082061767578,GA_tournament_rcx_adaptive_heuristic_noLS_noNeighborhood,43,1000,0,50.0,60.0,,,,,,adaptive,rcx,heuristic,False,,,,,,,0.9,0.1,tournament,3.0,True,False,0.5,0.1,0.35,5.0,0.0,,,,,,,,,,,,,,
J30_3.RCP,1,73.1087074094105,2.0300958156585693,GA_tournament_rcx_adaptive_heuristic_noLS_noNeighborhood,43,1000,1,50.0,60.0,,,,,,adaptive,rcx,heuristic,False,,,,,,,0.9,0.1,tournament,3.0,True,False,0.5,0.1,0.35,5.0,0.0,,,,,,,,,,,,,,
J30_3.RCP,0,75.66684694429422,0.36708998680114746,GA_tournament_hybrid_random_random_withLS_withNeighborhood,43,1000,0,50.0,60.0,,,,,,random,hybrid,random,True,,,,,,,0.9,0.1,tournament,3.0,True,False,0.5,0.1,0.35,5.0,2.0,,,,,,,,,,,,,,
J30_3.RCP,1,76.5040562466198,0.3728151321411133,GA_tournament_hybrid_random_random_withLS_withNeighborhood,43,1000,1,50.0,60.0,,,,,,random,hybrid,random,True,,,,,,,0.9,0.1,tournament,3.0,True,False,0.5,0.1,0.35,5.0,2.0,,,,,,,,,,,,,,
J30_3.RCP,0,75.66684694429422,0.3665931224822998,GA_tournament_hybrid_random_random_withLS_noNeighborhood,43,1000,0,50.0,60.0,,,,,,random,hybrid,random,True,,,,,,,0.9,0.1,tournament,3.0,True,False,0.5,0.1,0.35,5.0,0.0,,,,,,,,,,,,,,
J30_3.RCP,1,76.5040562466198,0.3757612705230713,GA_tournament_hybrid_random_random_withLS_noNeighborhood,43,1000,1,50.0,60.0,,,,,,random,hybrid,random,True,,,,,,,0.9,0.1,tournament,3.0,True,False,0.5,0.1,0.35,5.0,0.0,,,,,,,,,,,,,,
J30_3.RCP,0,70.17847485127096,1.115614891052246,GA_tournament_hybrid_random_random_noLS_withNeighborhood,43,1000,0,50.0,60.0,,,,,,random,hybrid,random,False,,,,,,,0.9,0.1,tournament,3.0,True,False,0.5,0.1,0.35,5.0,2.0,,,,,,,,,,,,,,
J30_3.RCP,1,71.57382368848026,1.139922857284546,GA_tournament_hybrid_random_random_noLS_withNeighborhood,43,1000,1,50.0,60.0,,,,,,random,hybrid,random,False,,,,,,,0.9,0.1,tournament,3.0,True,False,0.5,0.1,0.35,5.0,2.0,,,,,,,,,,,,,,
J30_3.RCP,0,70.17847485127096,1.1145260334014893,GA_tournament_hybrid_random_random_noLS_noNeighborhood,43,1000,0,50.0,60.0,,,,,,random,hybrid,random,False,,,,,,,0.9,0.1,tournament,3.0,True,False,0.5,0.1,0.35,5.0,0.0,,,,,,,,,,,,,,
J30_3.RCP,1,71.57382368848026,1.1447010040283203,GA_tournament_hybrid_random_random_noLS_noNeighborhood,43,1000,1,50.0,60.0,,,,,,random,hybrid,random,False,,,,,,,0.9,0.1,tournament,3.0,True,False,0.5,0.1,0.35,5.0,0.0,,,,,,,,,,,,,,
J30_3.RCP,0,78.27149810708492,0.3713388442993164,GA_tournament_hybrid_random_heuristic_withLS_withNeighborhood,43,1000,0,50.0,60.0,,,,,,random,hybrid,heuristic,True,,,,,,,0.9,0.1,tournament,3.0,True,False,0.5,0.1,0.35,5.0,2.0,,,,,,,,,,,,,,
J30_3.RCP,1,76.55056787452678,0.37166714668273926,GA_tournament_hybrid_random_heuristic_withLS_withNeighborhood,43,1000,1,50.0,60.0,,,,,,random,hybrid,heuristic,True,,,,,,,0.9,0.1,tournament,3.0,True,False,0.5,0.1,0.35,5.0,2.0,,,,,,,,,,,,,,
J30_3.RCP,0,78.27149810708492,0.37120795249938965,GA_tournament_hybrid_random_heuristic_withLS_noNeighborhood,43,1000,0,50.0,60.0,,,,,,random,hybrid,heuristic,True,,,,,,,0.9,0.1,tournament,3.0,True,False,0.5,0.1,0.35,5.0,0.0,,,,,,,,,,,,,,
J30_3.RCP,1,76.55056787452678,0.3726329803466797,GA_tournament_hybrid_random_heuristic_withLS_noNeighborhood,43,1000,1,50.0,60.0,,,,,,random,hybrid,heuristic,True,,,,,,,0.9,0.1,tournament,3.0,True,False,0.5,0.1,0.35,5.0,0.0,,,,,,,,,,,,,,
J30_3.RCP,0,71.99242833964306,1.1408462524414062,GA_tournament_hybrid_random_heuristic_noLS_withNeighborhood,43,1000,0,50.0,60.0,,,,,,random,hybrid,heuristic,False,,,,,,,0.9,0.1,tournament,3.0,True,False,0.5,0.1,0.35,5.0,2.0,,,,,,,,,,,,,,
J30_3.RCP,1,71.85289345592213,1.1318719387054443,GA_tournament_hybrid_random_heuristic_noLS_withNeighborhood,43,1000,1,50.0,60.0,,,,,,random,hybrid,heuristic,False,,,,,,,0.9,0.1,tournament,3.0,True,False,0.5,0.1,0.35,5.0,2.0,,,,,,,,,,,,,,
J30_3.RCP,0,71.99242833964306,1.147716760635376,GA_tournament_hybrid_random_heuristic_noLS_noNeighborhood,43,1000,0,50.0,60.0,,,,,,random,hybrid,heuristic,False,,,,,,,0.9,0.1,tournament,3.0,True,False,0.5,0.1,0.35,5.0,0.0,,,,,,,,,,,,,,
J30_3.RCP,1,71.85289345592213,1.126267910003662,GA_tournament_hybrid_random_heuristic_noLS_noNeighborhood,43,1000,1,50.0,60.0,,,,,,random,hybrid,heuristic,False,,,,,,,0.9,0.1,tournament,3.0,True,False,0.5,0.1,0.35,5.0,0.0,,,,,,,,,,,,,,
J30_3.RCP,0,79.99242833964306,0.3696870803833008,GA_tournament_hybrid_adaptive_random_withLS_withNeighborhood,43,1000,0,50.0,60.0,,,,,,adaptive,hybrid,random,True,,,,,,,0.9,0.1,tournament,3.0,True,False,0.5,0.1,0.35,5.0,2.0,,,,,,,,,,,,,,
J30_3.RCP,1,76.6901027582477,0.3585021495819092,GA_tournament_hybrid_adaptive_random_withLS_withNeighborhood,43,1000,1,50.0,60.0,,,,,,adaptive,hybrid,random,True,,,,,,,0.9,0.1,tournament,3.0,True,False,0.5,0.1,0.35,5.0,2.0,,,,,,,,,,,,,,
J30_3.RCP,0,79.99242833964306,0.37064409255981445,GA_tournament_hybrid_adaptive_random_withLS_noNeighborhood,43,1000,0,50.0,60.0,,,,,,adaptive,hybrid,random,True,,,,,,,0.9,0.1,tournament,3.0,True,False,0.5,0.1,0.35,5.0,0.0,,,,,,,,,,,,,,
J30_3.RCP,1,76.6901027582477,0.35677385330200195,GA_tournament_hybrid_adaptive_random_withLS_noNeighborhood,43,1000,1,50.0,60.0,,,,,,adaptive,hybrid,random,True,,,,,,,0.9,0.1,tournament,3.0,True,False,0.5,0.1,0.35,5.0,0.0,,,,,,,,,,,,,,
J30_3.RCP,0,73.38777717685237,1.171665906906128,GA_tournament_hybrid_adaptive_random_noLS_withNeighborhood,43,1000,0,50.0,60.0,,,,,,adaptive,hybrid,random,False,,,,,,,0.9,0.1,tournament,3.0,True,False,0.5,0.1,0.35,5.0,2.0,,,,,,,,,,,,,,
J30_3.RCP,1,72.45754461871283,1.1476490497589111,GA_tournament_hybrid_adaptive_random_noLS_withNeighborhood,43,1000,1,50.0,60.0,,,,,,adaptive,hybrid,random,False,,,,,,,0.9,0.1,tournament,3.0,True,False,0.5,0.1,0.35,5.0,2.0,,,,,,,,,,,,,,
J30_3.RCP,0,73.38777717685237,1.1669151782989502,GA_tournament_hybrid_adaptive_random_noLS_noNeighborhood,43,1000,0,50.0,60.0,,,,,,adaptive,hybrid,random,False,,,,,,,0.9,0.1,tournament,3.0,True,False,0.5,0.1,0.35,5.0,0.0,,,,,,,,,,,,,,
J30_3.RCP,1,72.45754461871283,1.1439669132232666,GA_tournament_hybrid_adaptive_random_noLS_noNeighborhood,43,1000,1,50.0,60.0,,,,,,adaptive,hybrid,random,False,,,,,,,0.9,0.1,tournament,3.0,True,False,0.5,0.1,0.35,5.0,0.0,,,,,,,,,,,,,,
J30_3.RCP,0,79.7133585722012,0.369157075881958,GA_tournament_hybrid_adaptive_heuristic_withLS_withNeighborhood,43,1000,0,50.0,60.0,,,,,,adaptive,hybrid,heuristic,True,,,,,,,0.9,0.1,tournament,3.0,True,False,0.5,0.1,0.35,5.0,2.0,,,,,,,,,,,,,,
J30_3.RCP,1,75.71335857220119,0.3746638298034668,GA_tournament_hybrid_adaptive_heuristic_withLS_withNeighborhood,43,1000,1,50.0,60.0,,,,,,adaptive,hybrid,heuristic,True,,,,,,,0.9,0.1,tournament,3.0,True,False,0.5,0.1,0.35,5.0,2.0,,,,,,,,,,,,,,
J30_3.RCP,0,79.7133585722012,0.3718400001525879,GA_tournament_hybrid_adaptive_heuristic_withLS_noNeighborhood,43,1000,0,50.0,60.0,,,,,,adaptive,hybrid,heuristic,True,,,,,,,0.9,0.1,tournament,3.0,True,False,0.5,0.1,0.35,5.0,0.0,,,,,,,,,,,,,,
J30_3.RCP,1,75.71335857220119,0.3736400604248047,GA_tournament_hybrid_adaptive_heuristic_withLS_noNeighborhood,43,1000,1,50.0,60.0,,,,,,adaptive,hybrid,heuristic,True,,,,,,,0.9,0.1,tournament,3.0,True,False,0.5,0.1,0.35,5.0,0.0,,,,,,,,,,,,,,
J30_3.RCP,0,74.96917252568956,1.1877710819244385,GA_tournament_hybrid_adaptive_heuristic_noLS_withNeighborhood,43,1000,0,50.0,60.0,,,,,,adaptive,hybrid,heuristic,False,,,,,,,0.9,0.1,tournament,3.0,True,False,0.5,0.1,0.35,5.0,2.0,,,,,,,,,,,,,,
J30_3.RCP,1,73.7133585722012,1.189298152923584,GA_tournament_hybrid_adaptive_heuristic_noLS_withNeighborhood,43,1000,1,50.0,60.0,,,,,,adaptive,hybrid,heuristic,False,,,,,,,0.9,0.1,tournament,3.0,True,False,0.5,0.1,0.35,5.0,2.0,,,,,,,,,,,,,,
J30_3.RCP,0,74.96917252568956,1.195605993270874,GA_tournament_hybrid_adaptive_heuristic_noLS_noNeighborhood,43,1000,0,50.0,60.0,,,,,,adaptive,hybrid,heuristic,False,,,,,,,0.9,0.1,tournament,3.0,True,False,0.5,0.1,0.35,5.0,0.0,,,,,,,,,,,,,,
J30_3.RCP,1,73.7133585722012,1.185225009918213,GA_tournament_hybrid_adaptive_heuristic_noLS_noNeighborhood,43,1000,1,50.0,60.0,,,,,,adaptive,hybrid,heuristic,False,,,,,,,0.9,0.1,tournament,3.0,True,False,0.5,0.1,0.35,5.0,0.0,,,,,,,,,,,,,,
J30_3.RCP,0,82.8761492698756,0.11056900024414062,SA_default,43,1000,0,,60.0,,,,,,,,,,,,,,,,,,,,,,,,,,,10000.0,0.995,10.0,,,,,,,,,,,
J30_3.RCP,1,83.29475392103839,0.1097109317779541,SA_default,43,1000,1,,60.0,,,,,,,,,,,,,,,,,,,,,,,,,,,10000.0,0.995,10.0,,,,,,,,,,,
J30_3.RCP,0,72.69010275824769,0.10266804695129395,ILS_strength3,43,1000,0,,60.0,100.0,,,,,,,,,,,,,,,,,,,,,,,,,,,,,3.0,,,,,,,,,,
J30_3.RCP,1,76.92266089778259,0.10181879997253418,ILS_strength3,43,1000,1,,60.0,100.0,,,,,,,,,,,,,,,,,,,,,,,,,,,,,3.0,,,,,,,,,,
J30_3.RCP,0,72.69010275824769,0.10222101211547852,ILS_strength5,43,1000,0,,60.0,100.0,,,,,,,,,,,,,,,,,,,,,,,,,,,,,5.0,,,,,,,,,,
J30_3.RCP,1,76.92266089778259,0.10237693786621094,ILS_strength5,43,1000,1,,60.0,100.0,,,,,,,,,,,,,,,,,,,,,,,,,,,,,5.0,,,,,,,,,,
J30_3.RCP,0,72.69010275824769,0.1020040512084961,ILS_strength7,43,1000,0,,60.0,100.0,,,,,,,,,,,,,,,,,,,,,,,,,,,,,7.0,,,,,,,,,,
J30_3.RCP,1,76.92266089778259,0.10201120376586914,ILS_strength7,43,1000,1,,60.0,100.0,,,,,,,,,,,,,,,,,,,,,,,,,,,,,7.0,,,,,,,,,,
J30_3.RCP,0,72.69010275824769,0.10181713104248047,ILS_strength10,43,1000,0,,60.0,100.0,,,,,,,,,,,,,,,,,,,,,,,,,,,,,10.0,,,,,,,,,,
J30_3.RCP,1,76.92266089778259,0.10198593139648438,ILS_strength10,43,1000,1,,60.0,100.0,,,,,,,,,,,,,,,,,,,,,,,,,,,,,10.0,,,,,,,,,,
J30_3.RCP,0,72.69010275824769,0.10225105285644531,ILS_strength15,43,1000,0,,60.0,100.0,,,,,,,,,,,,,,,,,,,,,,,,,,,,,15.0,,,,,,,,,,
J30_3.RCP,1,76.92266089778259,0.1020050048828125,ILS_strength15,43,1000,1,,60.0,100.0,,,,,,,,,,,,,,,,,,,,,,,,,,,,,15.0,,,,,,,,,,
J30_3.RCP,0,69.34126554894537,0.11455512046813965,TS_static,43,1000,0,,60.0,100.0,,,,,,,,,,,,,,,,,,,,,,,,,20.0,,,,,10.0,True,static,1.0,4.0,10.0,,,,
J30_3.RCP,1,73.43428880475932,0.11771702766418457,TS_static,43,1000,1,,60.0,100.0,,,,,,,,,,,,,,,,,,,,,,,,,20.0,,,,,10.0,True,static,1.0,4.0,10.0,,,,
J30_3.RCP,0,69.34126554894537,0.11299300193786621,TS_dynamic,43,1000,0,,60.0,100.0,,,,,,,,,,,,,,,,,,,,,,,,,20.0,,,,,10.0,True,dynamic,1.0,4.0,10.0,,,,
J30_3.RCP,1,73.43428880475932,0.11313509941101074,TS_dynamic,43,1000,1,,60.0,100.0,,,,,,,,,,,,,,,,,,,,,,,,,20.0,,,,,10.0,True,dynamic,1.0,4.0,10.0,,,,
J30_3.RCP,0,81.06219578150352,0.12651395797729492,PR_forward_best_withLS,43,1000,0,,60.0,100.0,,,,,,,,True,,,,,,,,,best,,,,,,,,,,,,,,,,,,,10.0,forward,50.0,
J30_3.RCP,1,92.13196322336397,0.12569785118103027,PR_forward_best_withLS,43,1000,1,,60.0,100.0,,,,,,,,True,,,,,,,,,best,,,,,,,,,,,,,,,,,,,10.0,forward,50.0,
J30_3.RCP,0,78.45754461871283,0.04165220260620117,PR_forward_best_noLS,43,1000,0,,60.0,100.0,,,,,,,,False,,,,,,,,,best,,,,,,,,,,,,,,,,,,,10.0,forward,50.0,
J30_3.RCP,1,91.29475392103839,0.03743100166320801,PR_forward_best_noLS,43,1000,1,,60.0,100.0,,,,,,,,False,,,,,,,,,best,,,,,,,,,,,,,,,,,,,10.0,forward,50.0,
J30_3.RCP,0,81.06219578150352,0.12690305709838867,PR_forward_random_two_withLS,43,1000,0,,60.0,100.0,,,,,,,,True,,,,,,,,,random_two,,,,,,,,,,,,,,,,,,,10.0,forward,50.0,
J30_3.RCP,1,92.2714981070849,0.13254690170288086,PR_forward_random_two_withLS,43,1000,1,,60.0,100.0,,,,,,,,True,,,,,,,,,random_two,,,,,,,,,,,,,,,,,,,10.0,forward,50.0,
J30_3.RCP,0,75.0621957815035,0.02756786346435547,PR_forward_random_two_noLS,43,1000,0,,60.0,100.0,,,,,,,,False,,,,,,,,,random_two,,,,,,,,,,,,,,,,,,,10.0,forward,50.0,
J30_3.RCP,1,94.22498647917793,0.026117324829101562,PR_forward_random_two_noLS,43,1000,1,,60.0,100.0,,,,,,,,False,,,,,,,,,random_two,,,,,,,,,,,,,,,,,,,10.0,forward,50.0,
J30_3.RCP,0,80.27149810708491,0.12604308128356934,PR_backward_best_withLS,43,1000,0,,60.0,100.0,,,,,,,,True,,,,,,,,,best,,,,,,,,,,,,,,,,,,,10.0,backward,50.0,
J30_3.RCP,1,88.31800973499189,0.12588024139404297,PR_backward_best_withLS,43,1000,1,,60.0,100.0,,,,,,,,True,,,,,,,,,best,,,,,,,,,,,,,,,,,,,10.0,backward,50.0,
J30_3.RCP,0,76.22498647917793,0.0567929744720459,PR_backward_best_noLS,43,1000,0,,60.0,100.0,,,,,,,,False,,,,,,,,,best,,,,,,,,,,,,,,,,,,,10.0,backward,50.0,
J30_3.RCP,1,93.62033531638723,0.03545236587524414,PR_backward_best_noLS,43,1000,1,,60.0,100.0,,,,,,,,False,,,,,,,,,best,,,,,,,,,,,,,,,,,,,10.0,backward,50.0,
J30_3.RCP,0,84.82963764196862,0.12711071968078613,PR_backward_random_two_withLS,43,1000,0,,60.0,100.0,,,,,,,,True,,,,,,,,,random_two,,,,,,,,,,,,,,,,,,,10.0,backward,50.0,
J30_3.RCP,1,88.87614926987561,0.12675189971923828,PR_backward_random_two_withLS,43,1000,1,,60.0,100.0,,,,,,,,True,,,,,,,,,random_two,,,,,,,,,,,,,,,,,,,10.0,backward,50.0,
J30_3.RCP,0,82.73661438615467,0.026252031326293945,PR_backward_random_two_noLS,43,1000,0,,60.0,100.0,,,,,,,,False,,,,,,,,,random_two,,,,,,,,,,,,,,,,,,,10.0,backward,50.0,
J30_3.RCP,1,88.78312601406166,0.02537083625793457,PR_backward_random_two_noLS,43,1000,1,,60.0,100.0,,,,,,,,False,,,,,,,,,random_two,,,,,,,,,,,,,,,,,,,10.0,backward,50.0,
J30_3.RCP,0,82.73661438615468,0.8509700298309326,GSA_default,43,1000,0,50.0,60.0,100.0,,,,,,,random,,,,,,,,,,,,True,,20.0,,,,,,,,,,,,,,,,,,100.0
J30_3.RCP,1,88.73661438615468,0.9367001056671143,GSA_default,43,1000,1,50.0,60.0,100.0,,,,,,,random,,,,,,,,,,,,True,,20.0,,,,,,,,,,,,,,,,,,100.0
J30_4.RCP,0,75.22314049586778,0.1409153938293457,DE_rand/1_adaptiveF_bin_adaptiveCR_withLS,55,1000,0,50.0,60.0,100.0,0.1,0.9,True,True,rand/1,bin,random,True,5.0,0.3,1.5,0.3,1.0,1.0,,,,,,,,,,,,,,,,,,,,,,,,,
J30_4.RCP,1,78.82314049586776,0.14191484451293945,DE_rand/1_adaptiveF_bin_adaptiveCR_withLS,55,1000,1,50.0,60.0,100.0,0.1,0.9,True,True,rand/1,bin,random,True,5.0,0.3,1.5,0.3,1.0,1.0,,,,,,,,,,,,,,,,,,,,,,,,,
J30_4.RCP,0,80.49586776859505,0.13983798027038574,DE_rand/1_adaptiveF_bin_adaptiveCR_noLS,55,1000,0,50.0,60.0,100.0,0.1,0.9,True,True,rand/1,bin,random,False,5.0,0.3,1.5,0.3,1.0,1.0,,,,,,,,,,,,,,,,,,,,,,,,,
J30_4.RCP,1,71.9504132231405,0.13923311233520508,DE_rand/1_adaptiveF_bin_adaptiveCR_noLS,55,1000,1,50.0,60.0,100.0,0.1,0.9,True,True,rand/1,bin,random,False,5.0,0.3,1.5,0.3,1.0,1.0,,,,,,,,,,,,,,,,,,,,,,,,,
J30_4.RCP,0,79.11404958677686,0.13976407051086426,DE_rand/1_adaptiveF_bin_fixedCR_withLS,55,1000,0,50.0,60.0,100.0,0.1,0.9,True,False,rand/1,bin,random,True,5.0,0.3,1.5,0.3,1.0,1.0,,,,,,,,,,,,,,,,,,,,,,,,,
J30_4.RCP,1,68.7504132231405,0.14008402824401855,DE_rand/1_adaptiveF_bin_fixedCR_withLS,55,1000,1,50.0,60.0,100.0,0.1,0.9,True,False,rand/1,bin,random,True,5.0,0.3,1.5,0.3,1.0,1.0,,,,,,,,,,,,,,,,,,,,,,,,,
J30_4.RCP,0,76.02314049586776,0.13905596733093262,DE_rand/1_adaptiveF_bin_fixedCR_noLS,55,1000,0,50.0,60.0,100.0,0.1,0.9,True,False,rand/1,bin,random,False,5.0,0.3,1.5,0.3,1.0,1.0,,,,,,,,,,,,,,,,,,,,,,,,,
J30_4.RCP,1,63.40495867768595,0.13918209075927734,DE_rand/1_adaptiveF_bin_fixedCR_noLS,55,1000,1,50.0,60.0,100.0,0.1,0.9,True,False,rand/1,bin,random,False,5.0,0.3,1.5,0.3,1.0,1.0,,,,,,,,,,,,,,,,,,,,,,,,,
J30_4.RCP,0,70.64132231404959,0.14450788497924805,DE_rand/1_adaptiveF_exp_adaptiveCR_withLS,55,1000,0,50.0,60.0,100.0,0.1,0.9,True,True,rand/1,exp,random,True,5.0,0.3,1.5,0.3,1.0,1.0,,,,,,,,,,,,,,,,,,,,,,,,,
J30_4.RCP,1,78.78677685950413,0.1582338809967041,DE_rand/1_adaptiveF_exp_adaptiveCR_withLS,55,1000,1,50.0,60.0,100.0,0.1,0.9,True,True,rand/1,exp,random,True,5.0,0.3,1.5,0.3,1.0,1.0,,,,,,,,,,,,,,,,,,,,,,,,,
J30_4.RCP,0,70.13223140495867,0.15383601188659668,DE_rand/1_adaptiveF_exp_adaptiveCR_noLS,55,1000,0,50.0,60.0,100.0,0.1,0.9,True,True,rand/1,exp,random,False,5.0,0.3,1.5,0.3,1.0,1.0,,,,,,,,,,,,,,,,,,,,,,,,,
J30_4.RCP,1,71.87768595041322,0.14853715896606445,DE_rand/1_adaptiveF_exp_adaptiveCR_noLS,55,1000,1,50.0,60.0,100.0,0.1,0.9,True,True,rand/1,exp,random,False,5.0,0.3,1.5,0.3,1.0,1.0,,,,,,,,,,,,,,,,,,,,,,,,,
J30_4.RCP,0,78.05950413223141,0.15454530715942383,DE_rand/1_adaptiveF_exp_fixedCR_withLS,55,1000,0,50.0,60.0,100.0,0.1,0.9,True,False,rand/1,exp,random,True,5.0,0.3,1.5,0.3,1.0,1.0,,,,,,,,,,,,,,,,,,,,,,,,,
J30_4.RCP,1,78.5322314049587,0.1502230167388916,DE_rand/1_adaptiveF_exp_fixedCR_withLS,55,1000,1,50.0,60.0,100.0,0.1,0.9,True,False,rand/1,exp,random,True,5.0,0.3,1.5,0.3,1.0,1.0,,,,,,,,,,,,,,,,,,,,,,,,,
J30_4.RCP,0,74.4595041322314,0.1454310417175293,DE_rand/1_adaptiveF_exp_fixedCR_noLS,55,1000,0,50.0,60.0,100.0,0.1,0.9,True,False,rand/1,exp,random,False,5.0,0.3,1.5,0.3,1.0,1.0,,,,,,,,,,,,,,,,,,,,,,,,,
J30_4.RCP,1,69.22314049586777,0.14331698417663574,DE_rand/1_adaptiveF_exp_fixedCR_noLS,55,1000,1,50.0,60.0,100.0,0.1,0.9,True,False,rand/1,exp,random,False,5.0,0.3,1.5,0.3,1.0,1.0,,,,,,,,,,,,,,,,,,,,,,,,,
J30_4.RCP,0,79.47768595041322,0.14737987518310547,DE_rand/1_fixedF_bin_adaptiveCR_withLS,55,1000,0,50.0,60.0,100.0,0.1,0.9,False,True,rand/1,bin,random,True,5.0,0.3,1.5,0.3,1.0,1.0,,,,,,,,,,,,,,,,,,,,,,,,,
J30_4.RCP,1,77.22314049586778,0.1490478515625,DE_rand/1_fixedF_bin_adaptiveCR_withLS,55,1000,1,50.0,60.0,100.0,0.1,0.9,False,True,rand/1,bin,random,True,5.0,0.3,1.5,0.3,1.0,1.0,,,,,,,,,,,,,,,,,,,,,,,,,
J30_4.RCP,0,75.44132231404959,0.14383387565612793,DE_rand/1_fixedF_bin_adaptiveCR_noLS,55,1000,0,50.0,60.0,100.0,0.1,0.9,False,True,rand/1,bin,random,False,5.0,0.3,1.5,0.3,1.0,1.0,,,,,,,,,,,,,,,,,,,,,,,,,
J30_4.RCP,1,70.45950413223142,0.14368414878845215,DE_rand/1_fixedF_bin_adaptiveCR_noLS,55,1000,1,50.0,60.0,100.0,0.1,0.9,False,True,rand/1,bin,random,False,5.0,0.3,1.5,0.3,1.0,1.0,,,,,,,,,,,,,,,,,,,,,,,,,
J30_4.RCP,0,83.84132231404958,0.14387822151184082,DE_rand/1_fixedF_bin_fixedCR_withLS,55,1000,0,50.0,60.0,100.0,0.1,0.9,False,False,rand/1,bin,random,True,5.0,0.3,1.5,0.3,1.0,1.0,,,,,,,,,,,,,,,,,,,,,,,,,
J30_4.RCP,1,76.53223140495868,0.14388680458068848,DE_rand/1_fixedF_bin_fixedCR_withLS,55,1000,1,50.0,60.0,100.0,0.1,0.9,False,False,rand/1,bin,random,True,5.0,0.3,1.5,0.3,1.0,1.0,,,,,,,,,,,,,,,,,,,,,,,,,
J30_4.RCP,0,65.95041322314049,0.14014124870300293,DE_rand/1_fixedF_bin_fixedCR_noLS,55,1000,0,50.0,60.0,100.0,0.1,0.9,False,False,rand/1,bin,random,False,5.0,0.3,1.5,0.3,1.0,1.0,,,,,,,,,,,,,,,,,,,,,,,,,
J30_4.RCP,1,72.60495867768594,0.14244914054870605,DE_rand/1_fixedF_bin_fixedCR_noLS,55,1000,1,50.0,60.0,100.0,0.1,0.9,False,False,rand/1,bin,random,False,5.0,0.3,1.5,0.3,1.0,1.0,,,,,,,,,,,,,,,,,,,,,,,,,
J30_4.RCP,0,76.13223140495869,0.14837408065795898,DE_rand/1_fixedF_exp_adaptiveCR_withLS,55,1000,0,50.0,60.0,100.0,0.1,0.9,False,True,rand/1,exp,random,True,5.0,0.3,1.5,0.3,1.0,1.0,,,,,,,,,,,,,,,,,,,,,,,,,
J30_4.RCP,1,71.36859504132232,0.14941620826721191,DE_rand/1_fixedF_exp_adaptiveCR_withLS,55,1000,1,50.0,60.0,100.0,0.1,0.9,False,True,rand/1,exp,random,True,5.0,0.3,1.5,0.3,1.0,1.0,,,,,,,,,,,,,,,,,,,,,,,,,
J30_4.RCP,0,69.25950413223141,0.1452770233154297,DE_rand/1_fixedF_exp_adaptiveCR_noLS,55,1000,0,50.0,60.0,100.0,0.1,0.9,False,True,rand/1,exp,random,False,5.0,0.3,1.5,0.3,1.0,1.0,,,,,,,,,,,,,,,,,,,,,,,,,
J30_4.RCP,1,76.05950413223141,0.14606690406799316,DE_rand/1_fixedF_exp_adaptiveCR_noLS,55,1000,1,50.0,60.0,100.0,0.1,0.9,False,True,rand/1,exp,random,False,5.0,0.3,1.5,0.3,1.0,1.0,,,,,,,,,,,,,,,,,,,,,,,,,
J30_4.RCP,0,80.20495867768595,0.14633417129516602,DE_rand/1_fixedF_exp_fixedCR_withLS,55,1000,0,50.0,60.0,100.0,0.1,0.9,False,False,rand/1,exp,random,True,5.0,0.3,1.5,0.3,1.0,1.0,,,,,,,,,,,,,,,,,,,,,,,,,
J30_4.RCP,1,75.91404958677687,0.1454019546508789,DE_rand/1_fixedF_exp_fixedCR_withLS,55,1000,1,50.0,60.0,100.0,0.1,0.9,False,False,rand/1,exp,random,True,5.0,0.3,1.5,0.3,1.0,1.0,,,,,,,,,,,,,,,,,,,,,,,,,
J30_4.RCP,0,73.07768595041321,0.1422719955444336,DE_rand/1_fixedF_exp_fixedCR_noLS,55,1000,0,50.0,60.0,100.0,0.1,0.9,False,False,rand/1,exp,random,False,5.0,0.3,1.5,0.3,1.0,1.0,,,,,,,,,,,,,,,,,,,,,,,,,
J30_4.RCP,1,68.85950413223142,0.14275312423706055,DE_rand/1_fixedF_exp_fixedCR_noLS,55,1000,1,50.0,60.0,100.0,0.1,0.9,False,False,rand/1,exp,random,False,5.0,0.3,1.5,0.3,1.0,1.0,,,,,,,,,,,,,,,,,,,,,,,,,
J30_4.RCP,0,83.95041322314049,0.14612793922424316,DE_rand/2_adaptiveF_bin_adaptiveCR_withLS,55,1000,0,50.0,60.0,100.0,0.1,0.9,True,True,rand/2,bin,random,True,5.0,0.3,1.5,0.3,1.0,1.0,,,,,,,,,,,,,,,,,,,,,,,,,
J30_4.RCP,1,74.64132231404959,0.14483094215393066,DE_rand/2_adaptiveF_bin_adaptiveCR_withLS,55,1000,1,50.0,60.0,100.0,0.1,0.9,True,True,rand/2,bin,random,True,5.0,0.3,1.5,0.3,1.0,1.0,,,,,,,,,,,,,,,,,,,,,,,,,
J30_4.RCP,0,75.51404958677688,0.14282488822937012,DE_rand/2_adaptiveF_bin_adaptiveCR_noLS,55,1000,0,50.0,60.0,100.0,0.1,0.9,True,True,rand/2,bin,random,False,5.0,0.3,1.5,0.3,1.0,1.0,,,,,,,,,,,,,,,,,,,,,,,,,
J30_4.RCP,1,73.73223140495867,0.1484208106994629,DE_rand/2_adaptiveF_bin_adaptiveCR_noLS,55,1000,1,50.0,60.0,100.0,0.1,0.9,True,True,rand/2,bin,random,False,5.0,0.3,1.5,0.3,1.0,1.0,,,,,,,,,,,,,,,,,,,,,,,,,
J30_4.RCP,0,83.04132231404958,0.17352700233459473,DE_rand/2_adaptiveF_bin_fixedCR_withLS,55,1000,0,50.0,60.0,100.0,0.1,0.9,True,False,rand/2,bin,random,True,5.0,0.3,1.5,0.3,1.0,1.0,,,,,,,,,,,,,,,,,,,,,,,,,
J30_4.RCP,1,78.02314049586776,0.16406798362731934,DE_rand/2_adaptiveF_bin_fixedCR_withLS,55,1000,1,50.0,60.0,100.0,0.1,0.9,True,False,rand/2,bin,random,True,5.0,0.3,1.5,0.3,1.0,1.0,,,,,,,,,,,,,,,,,,,,,,,,,
J30_4.RCP,0,74.64132231404959,0.17006802558898926,DE_rand/2_adaptiveF_bin_fixedCR_noLS,55,1000,0,50.0,60.0,100.0,0.1,0.9,True,False,rand/2,bin,random,False,5.0,0.3,1.5,0.3,1.0,1.0,,,,,,,,,,,,,,,,,,,,,,,,,
J30_4.RCP,1,78.85950413223142,0.1418318748474121,DE_rand/2_adaptiveF_bin_fixedCR_noLS,55,1000,1,50.0,60.0,100.0,0.1,0.9,True,False,rand/2,bin,random,False,5.0,0.3,1.5,0.3,1.0,1.0,,,,,,,,,,,,,,,,,,,,,,,,,
J30_4.RCP,0,75.18677685950412,0.14741802215576172,DE_rand/2_adaptiveF_exp_adaptiveCR_withLS,55,1000,0,50.0,60.0,100.0,0.1,0.9,True,True,rand/2,exp,random,True,5.0,0.3,1.5,0.3,1.0,1.0,,,,,,,,,,,,,,,,,,,,,,,,,
J30_4.RCP,1,87.36859504132231,0.14707207679748535,DE_rand/2_adaptiveF_exp_adaptiveCR_withLS,55,1000,1,50.0,60.0,100.0,0.1,0.9,True,True,rand/2,exp,random,True,5.0,0.3,1.5,0.3,1.0,1.0,,,,,,,,,,,,,,,,,,,,,,,,,
J30_4.RCP,0,74.60495867768594,0.1478283405303955,DE_rand/2_adaptiveF_exp_adaptiveCR_noLS,55,1000,0,50.0,60.0,100.0,0.1,0.9,True,True,rand/2,exp,random,False,5.0,0.3,1.5,0.3,1.0,1.0,,,,,,,,,,,,,,,,,,,,,,,,,
J30_4.RCP,1,75.36859504132231,0.14579296112060547,DE_rand/2_adaptiveF_exp_adaptiveCR_noLS,55,1000,1,50.0,60.0,100.0,0.1,0.9,True,True,rand/2,exp,random,False,5.0,0.3,1.5,0.3,1.0,1.0,,,,,,,,,,,,,,,,,,,,,,,,,
J30_4.RCP,0,80.60495867768594,0.1456761360168457,DE_rand/2_adaptiveF_exp_fixedCR_withLS,55,1000,0,50.0,60.0,100.0,0.1,0.9,True,False,rand/2,exp,random,True,5.0,0.3,1.5,0.3,1.0,1.0,,,,,,,,,,,,,,,,,,,,,,,,,
J30_4.RCP,1,78.85950413223142,0.14910268783569336,DE_rand/2_adaptiveF_exp_fixedCR_withLS,55,1000,1,50.0,60.0,100.0,0.1,0.9,True,False,rand/2,exp,random,True,5.0,0.3,1.5,0.3,1.0,1.0,,,,,,,,,,,,,,,,,,,,,,,,,
J30_4.RCP,0,73.8413223140496,0.14910197257995605,DE_rand/2_adaptiveF_exp_fixedCR_noLS,55,1000,0,50.0,60.0,100.0,0.1,0.9,True,False,rand/2,exp,random,False,5.0,0.3,1.5,0.3,1.0,1.0,,,,,,,,,,,,,,,,,,,,,,,,,
J30_4.RCP,1,69.11404958677686,0.1514439582824707,DE_rand/2_adaptiveF_exp_fixedCR_noLS,55,1000,1,50.0,60.0,100.0,0.1,0.9,True,False,rand/2,exp,random,False,5.0,0.3,1.5,0.3,1.0,1.0,,,,,,,,,,,,,,,,,,,,,,,,,
J30_4.RCP,0,80.3504132231405,0.16176819801330566,DE_rand/2_fixedF_bin_adaptiveCR_withLS,55,1000,0,50.0,60.0,100.0,0.1,0.9,False,True,rand/2,bin,random,True,5.0,0.3,1.5,0.3,1.0,1.0,,,,,,,,,,,,,,,,,,,,,,,,,
J30_4.RCP,1,69.47768595041322,0.15439271926879883,DE_rand/2_fixedF_bin_adaptiveCR_withLS,55,1000,1,50.0,60.0,100.0,0.1,0.9,False,True,rand/2,bin,random,True,5.0,0.3,1.5,0.3,1.0,1.0,,,,,,,,,,,,,,,,,,,,,,,,,
J30_4.RCP,0,73.29586776859504,0.15056991577148438,DE_rand/2_fixedF_bin_adaptiveCR_noLS,55,1000,0,50.0,60.0,100.0,0.1,0.9,False,True,rand/2,bin,random,False,5.0,0.3,1.5,0.3,1.0,1.0,,,,,,,,,,,,,,,,,,,,,,,,,
J30_4.RCP,1,68.13223140495867,0.15000104904174805,DE_rand/2_fixedF_bin_adaptiveCR_noLS,55,1000,1,50.0,60.0,100.0,0.1,0.9,False,True,rand/2,bin,random,False,5.0,0.3,1.5,0.3,1.0,1.0,,,,,,,,,,,,,,,,,,,,,,,,,
J30_4.RCP,0,77.87768595041322,0.15044212341308594,DE_rand/2_fixedF_bin_fixedCR_withLS,55,1000,0,50.0,60.0,100.0,0.1,0.9,False,False,rand/2,bin,random,True,5.0,0.3,1.5,0.3,1.0,1.0,,,,,,,,,,,,,,,,,,,,,,,,,
J30_4.RCP,1,68.0595041322314,0.15027713775634766,DE_rand/2_fixedF_bin_fixedCR_withLS,55,1000,1,50.0,60.0,100.0,0.1,0.9,False,False,rand/2,bin,random,True,5.0,0.3,1.5,0.3,1.0,1.0,,,,,,,,,,,,,,,,,,,,,,,,,
J30_4.RCP,0,71.73223140495867,0.1466069221496582,DE_rand/2_fixedF_bin_fixedCR_noLS,55,1000,0,50.0,60.0,100.0,0.1,0.9,False,False,rand/2,bin,random,False,5.0,0.3,1.5,0.3,1.0,1.0,,,,,,,,,,,,,,,,,,,,,,,,,
J30_4.RCP,1,69.62314049586776,0.14545488357543945,DE_rand/2_fixedF_bin_fixedCR_noLS,55,1000,1,50.0,60.0,100.0,0.1,0.9,False,False,rand/2,bin,random,False,5.0,0.3,1.5,0.3,1.0,1.0,,,,,,,,,,,,,,,,,,,,,,,,,
J30_4.RCP,0,72.7504132231405,0.15562009811401367,DE_rand/2_fixedF_exp_adaptiveCR_withLS,55,1000,0,50.0,60.0,100.0,0.1,0.9,False,True,rand/2,exp,random,True,5.0,0.3,1.5,0.3,1.0,1.0,,,,,,,,,,,,,,,,,,,,,,,,,
J30_4.RCP,1,82.02314049586776,0.16249585151672363,DE_rand/2_fixedF_exp_adaptiveCR_withLS,55,1000,1,50.0,60.0,100.0,0.1,0.9,False,True,rand/2,exp,random,True,5.0,0.3,1.5,0.3,1.0,1.0,,,,,,,,,,,,,,,,,,,,,,,,,
J30_4.RCP,0,71.62314049586777,0.1543140411376953,DE_rand/2_fixedF_exp_adaptiveCR_noLS,55,1000,0,50.0,60.0,100.0,0.1,0.9,False,True,rand/2,exp,random,False,5.0,0.3,1.5,0.3,1.0,1.0,,,,,,,,,,,,,,,,,,,,,,,,,
J30_4.RCP,1,72.42314049586777,0.15277528762817383,DE_rand/2_fixedF_exp_adaptiveCR_noLS,55,1000,1,50.0,60.0,100.0,0.1,0.9,False,True,rand/2,exp,random,False,5.0,0.3,1.5,0.3,1.0,1.0,,,,,,,,,,,,,,,,,,,,,,,,,
J30_4.RCP,0,73.15041322314049,0.15227198600769043,DE_rand/2_fixedF_exp_fixedCR_withLS,55,1000,0,50.0,60.0,100.0,0.1,0.9,False,False,rand/2,exp,random,True,5.0,0.3,1.5,0.3,1.0,1.0,,,,,,,,,,,,,,,,,,,,,,,,,
J30_4.RCP,1,71.55041322314051,0.15256190299987793,DE_rand/2_fixedF_exp_fixedCR_withLS,55,1000,1,50.0,60.0,100.0,0.1,0.9,False,False,rand/2,exp,random,True,5.0,0.3,1.5,0.3,1.0,1.0,,,,,,,,,,,,,,,,,,,,,,,,,
J30_4.RCP,0,71.47768595041322,0.14749979972839355,DE_rand/2_fixedF_exp_fixedCR_noLS,55,1000,0,50.0,60.0,100.0,0.1,0.9,False,False,rand/2,exp,random,False,5.0,0.3,1.5,0.3,1.0,1.0,,,,,,,,,,,,,,,,,,,,,,,,,
J30_4.RCP,1,78.3504132231405,0.14868402481079102,DE_rand/2_fixedF_exp_fixedCR_noLS,55,1000,1,50.0,60.0,100.0,0.1,0.9,False,False,rand/2,exp,random,False,5.0,0.3,1.5,0.3,1.0,1.0,,,,,,,,,,,,,,,,,,,,,,,,,
J30_4.RCP,0,73.40495867768595,0.14477324485778809,DE_best/1_adaptiveF_bin_adaptiveCR_withLS,55,1000,0,50.0,60.0,100.0,0.1,0.9,True,True,best/1,bin,random,True,5.0,0.3,1.5,0.3,1.0,1.0,,,,,,,,,,,,,,,,,,,,,,,,,
J30_4.RCP,1,76.24132231404958,0.14843297004699707,DE_best/1_adaptiveF_bin_adaptiveCR_withLS,55,1000,1,50.0,60.0,100.0,0.1,0.9,True,True,best/1,bin,random,True,5.0,0.3,1.5,0.3,1.0,1.0,,,,,,,,,,,,,,,,,,,,,,,,,
J30_4.RCP,0,67.95041322314049,0.14239883422851562,DE_best/1_adaptiveF_bin_adaptiveCR_noLS,55,1000,0,50.0,60.0,100.0,0.1,0.9,True,True,best/1,bin,random,False,5.0,0.3,1.5,0.3,1.0,1.0,,,,,,,,,,,,,,,,,,,,,,,,,
J30_4.RCP,1,70.35041322314049,0.14614176750183105,DE_best/1_adaptiveF_bin_adaptiveCR_noLS,55,1000,1,50.0,60.0,100.0,0.1,0.9,True,True,best/1,bin,random,False,5.0,0.3,1.5,0.3,1.0,1.0,,,,,,,,,,,,,,,,,,,,,,,,,
J30_4.RCP,0,71.69586776859505,0.1446700096130371,DE_best/1_adaptiveF_bin_fixedCR_withLS,55,1000,0,50.0,60.0,100.0,0.1,0.9,True,False,best/1,bin,random,True,5.0,0.3,1.5,0.3,1.0,1.0,,,,,,,,,,,,,,,,,,,,,,,,,
J30_4.RCP,1,77.11404958677686,0.14295601844787598,DE_best/1_adaptiveF_bin_fixedCR_withLS,55,1000,1,50.0,60.0,100.0,0.1,0.9,True,False,best/1,bin,random,True,5.0,0.3,1.5,0.3,1.0,1.0,,,,,,,,,,,,,,,,,,,,,,,,,
J30_4.RCP,0,67.51404958677685,0.14193105697631836,DE_best/1_adaptiveF_bin_fixedCR_noLS,55,1000,0,50.0,60.0,100.0,0.1,0.9,True,False,best/1,bin,random,False,5.0,0.3,1.5,0.3,1.0,1.0,,,,,,,,,,,,,,,,,,,,,,,,,
J30_4.RCP,1,70.02314049586778,0.15162014961242676,DE_best/1_adaptiveF_bin_fixedCR_noLS,55,1000,1,50.0,60.0,100.0,0.1,0.9,True,False,best/1,bin,random,False,5.0,0.3,1.5,0.3,1.0,1.0,,,,,,,,,,,,,,,,,,,,,,,,,
J30_4.RCP,0,79.6595041322314,0.14745092391967773,DE_best/1_adaptiveF_exp_adaptiveCR_withLS,55,1000,0,50.0,60.0,100.0,0.1,0.9,True,True,best/1,exp,random,True,5.0,0.3,1.5,0.3,1.0,1.0,,,,,,,,,,,,,,,,,,,,,,,,,
J30_4.RCP,1,69.00495867768595,0.15566205978393555,DE_best/1_adaptiveF_exp_adaptiveCR_withLS,55,1000,1,50.0,60.0,100.0,0.1,0.9,True,True,best/1,exp,random,True,5.0,0.3,1.5,0.3,1.0,1.0,,,,,,,,,,,,,,,,,,,,,,,,,
J30_4.RCP,0,69.69586776859504,0.1621410846710205,DE_best/1_adaptiveF_exp_adaptiveCR_noLS,55,1000,0,50.0,60.0,100.0,0.1,0.9,True,True,best/1,exp,random,False,5.0,0.3,1.5,0.3,1.0,1.0,,,,,,,,,,,,,,,,,,,,,,,,,
J30_4.RCP,1,68.56859504132231,0.21546602249145508,DE_best/1_adaptiveF_exp_adaptiveCR_noLS,55,1000,1,50.0,60.0,100.0,0.1,0.9,True,True,best/1,exp,random,False,5.0,0.3,1.5,0.3,1.0,1.0,,,,,,,,,,,,,,,,,,,,,,,,,
J30_4.RCP,0,71.87768595041322,0.14781904220581055,DE_best/1_adaptiveF_exp_fixedCR_withLS,55,1000,0,50.0,60.0,100.0,0.1,0.9,True,False,best/1,exp,random,True,5.0,0.3,1.5,0.3,1.0,1.0,,,,,,,,,,,,,,,,,,,,,,,,,
J30_4.RCP,1,60.7504132231405,0.14514684677124023,DE_best/1_adaptiveF_exp_fixedCR_withLS,55,1000,1,50.0,60.0,100.0,0.1,0.9,True,False,best/1,exp,random,True,5.0,0.3,1.5,0.3,1.0,1.0,,,,,,,,,,,,,,,,,,,,,,,,,
J30_4.RCP,0,70.02314049586776,0.14337706565856934,DE_best/1_adaptiveF_exp_fixedCR_noLS,55,1000,0,50.0,60.0,100.0,0.1,0.9,True,False,best/1,exp,random,False,5.0,0.3,1.5,0.3,1.0,1.0,,,,,,,,,,,,,,,,,,,,,,,,,
J30_4.RCP,1,74.1685950413223,0.14342522621154785,DE_best/1_adaptiveF_exp_fixedCR_noLS,55,1000,1,50.0,60.0,100.0,0.1,0.9,True,False,best/1,exp,random,False,5.0,0.3,1.5,0.3,1.0,1.0,,,,,,,,,,,,,,,,,,,,,,,,,
J30_4.RCP,0,71.40495867768594,0.17984795570373535,DE_best/1_fixedF_bin_adaptiveCR_withLS,55,1000,0,50.0,60.0,100.0,0.1,0.9,False,True,best/1,bin,random,True,5.0,0.3,1.5,0.3,1.0,1.0,,,,,,,,,,,,,,,,,,,,,,,,,
J30_4.RCP,1,64.16859504132232,0.1758100986480713,DE_best/1_fixedF_bin_adaptiveCR_withLS,55,1000,1,50.0,60.0,100.0,0.1,0.9,False,True,best/1,bin,random,True,5.0,0.3,1.5,0.3,1.0,1.0,,,,,,,,,,,,,,,,,,,,,,,,,
J30_4.RCP,0,64.71404958677685,0.1475222110748291,DE_best/1_fixedF_bin_adaptiveCR_noLS,55,1000,0,50.0,60.0,100.0,0.1,0.9,False,True,best/1,bin,random,False,5.0,0.3,1.5,0.3,1.0,1.0,,,,,,,,,,,,,,,,,,,,,,,,,
J30_4.RCP,1,64.27768595041321,0.14535903930664062,DE_best/1_fixedF_bin_adaptiveCR_noLS,55,1000,1,50.0,60.0,100.0,0.1,0.9,False,True,best/1,bin,random,False,5.0,0.3,1.5,0.3,1.0,1.0,,,,,,,,,,,,,,,,,,,,,,,,,
J30_4.RCP,0,78.78677685950413,0.14511799812316895,DE_best/1_fixedF_bin_fixedCR_withLS,55,1000,0,50.0,60.0,100.0,0.1,0.9,False,False,best/1,bin,random,True,5.0,0.3,1.5,0.3,1.0,1.0,,,,,,,,,,,,,,,,,,,,,,,,,
J30_4.RCP,1,61.623140495867766,0.21660971641540527,DE_best/1_fixedF_bin_fixedCR_withLS,55,1000,1,50.0,60.0,100.0,0.1,0.9,False,False,best/1,bin,random,True,5.0,0.3,1.5,0.3,1.0,1.0,,,,,,,,,,,,,,,,,,,,,,,,,
J30_4.RCP,0,72.9685950413223,0.14995670318603516,DE_best/1_fixedF_bin_fixedCR_noLS,55,1000,0,50.0,60.0,100.0,0.1,0.9,False,False,best/1,bin,random,False,5.0,0.3,1.5,0.3,1.0,1.0,,,,,,,,,,,,,,,,,,,,,,,,,
J30_4.RCP,1,66.35041322314049,0.14176011085510254,DE_best/1_fixedF_bin_fixedCR_noLS,55,1000,1,50.0,60.0,100.0,0.1,0.9,False,False,best/1,bin,random,False,5.0,0.3,1.5,0.3,1.0,1.0,,,,,,,,,,,,,,,,,,,,,,,,,
J30_4.RCP,0,78.7504132231405,0.16328001022338867,DE_best/1_fixedF_exp_adaptiveCR_withLS,55,1000,0,50.0,60.0,100.0,0.1,0.9,False,True,best/1,exp,random,True,5.0,0.3,1.5,0.3,1.0,1.0,,,,,,,,,,,,,,,,,,,,,,,,,
J30_4.RCP,1,61.18677685950413,0.1583080291748047,DE_best/1_fixedF_exp_adaptiveCR_withLS,55,1000,1,50.0,60.0,100.0,0.1,0.9,False,True,best/1,exp,random,True,5.0,0.3,1.5,0.3,1.0,1.0,,,,,,,,,,,,,,,,,,,,,,,,,
J30_4.RCP,0,70.13223140495867,0.14926886558532715,DE_best/1_fixedF_exp_adaptiveCR_noLS,55,1000,0,50.0,60.0,100.0,0.1,0.9,False,True,best/1,exp,random,False,5.0,0.3,1.5,0.3,1.0,1.0,,,,,,,,,,,,,,,,,,,,,,,,,
J30_4.RCP,1,70.78677685950413,0.14622998237609863,DE_best/1_fixedF_exp_adaptiveCR_noLS,55,1000,1,50.0,60.0,100.0,0.1,0.9,False,True,best/1,exp,random,False,5.0,0.3,1.5,0.3,1.0,1.0,,,,,,,,,,,,,,,,,,,,,,,,,
J30_4.RCP,0,82.20495867768597,0.14680194854736328,DE_best/1_fixedF_exp_fixedCR_withLS,55,1000,0,50.0,60.0,100.0,0.1,0.9,False,False,best/1,exp,random,True,5.0,0.3,1.5,0.3,1.0,1.0,,,,,,,,,,,,,,,,,,,,,,,,,
J30_4.RCP,1,66.0595041322314,0.14496803283691406,DE_best/1_fixedF_exp_fixedCR_withLS,55,1000,1,50.0,60.0,100.0,0.1,0.9,False,False,best/1,exp,random,True,5.0,0.3,1.5,0.3,1.0,1.0,,,,,,,,,,,,,,,,,,,,,,,,,
J30_4.RCP,0,75.55041322314051,0.14261412620544434,DE_best/1_fixedF_exp_fixedCR_noLS,55,1000,0,50.0,60.0,100.0,0.1,0.9,False,False,best/1,exp,random,False,5.0,0.3,1.5,0.3,1.0,1.0,,,,,,,,,,,,,,,,,,,,,,,,,
J30_4.RCP,1,60.35041322314049,0.16990208625793457,DE_best/1_fixedF_exp_fixedCR_noLS,55,1000,1,50.0,60.0,100.0,0.1,0.9,False,False,best/1,exp,random,False,5.0,0.3,1.5,0.3,1.0,1.0,,,,,,,,,,,,,,,,,,,,,,,,,
J30_4.RCP,0,82.1685950413223,0.15132594108581543,DE_best/2_adaptiveF_bin_adaptiveCR_withLS,55,1000,0,50.0,60.0,100.0,0.1,0.9,True,True,best/2,bin,random,True,5.0,0.3,1.5,0.3,1.0,1.0,,,,,,,,,,,,,,,,,,,,,,,,,
J30_4.RCP,1,68.7504132231405,0.14984703063964844,DE_best/2_adaptiveF_bin_adaptiveCR_withLS,55,1000,1,50.0,60.0,100.0,0.1,0.9,True,True,best/2,bin,random,True,5.0,0.3,1.5,0.3,1.0,1.0,,,,,,,,,,,,,,,,,,,,,,,,,
J30_4.RCP,0,74.64132231404956,0.1453690528869629,DE_best/2_adaptiveF_bin_adaptiveCR_noLS,55,1000,0,50.0,60.0,100.0,0.1,0.9,True,True,best/2,bin,random,False,5.0,0.3,1.5,0.3,1.0,1.0,,,,,,,,,,,,,,,,,,,,,,,,,
J30_4.RCP,1,73.62314049586776,0.14806509017944336,DE_best/2_adaptiveF_bin_adaptiveCR_noLS,55,1000,1,50.0,60.0,100.0,0.1,0.9,True,True,best/2,bin,random,False,5.0,0.3,1.5,0.3,1.0,1.0,,,,,,,,,,,,,,,,,,,,,,,,,
J30_4.RCP,0,85.51404958677685,0.15250515937805176,DE_best/2_adaptiveF_bin_fixedCR_withLS,55,1000,0,50.0,60.0,100.0,0.1,0.9,True,False,best/2,bin,random,True,5.0,0.3,1.5,0.3,1.0,1.0,,,,,,,,,,,,,,,,,,,,,,,,,
J30_4.RCP,1,66.4595041322314,0.16004514694213867,DE_best/2_adaptiveF_bin_fixedCR_withLS,55,1000,1,50.0,60.0,100.0,0.1,0.9,True,False,best/2,bin,random,True,5.0,0.3,1.5,0.3,1.0,1.0,,,,,,,,,,,,,,,,,,,,,,,,,
J30_4.RCP,0,66.27768595041323,0.15885019302368164,DE_best/2_adaptiveF_bin_fixedCR_noLS,55,1000,0,50.0,60.0,100.0,0.1,0.9,True,False,best/2,bin,random,False,5.0,0.3,1.5,0.3,1.0,1.0,,,,,,,,,,,,,,,,,,,,,,,,,
J30_4.RCP,1,79.95041322314049,0.16997814178466797,DE_best/2_adaptiveF_bin_fixedCR_noLS,55,1000,1,50.0,60.0,100.0,0.1,0.9,True,False,best/2,bin,random,False,5.0,0.3,1.5,0.3,1.0,1.0,,,,,,,,,,,,,,,,,,,,,,,,,
J30_4.RCP,0,72.82314049586776,0.15334200859069824,DE_best/2_adaptiveF_exp_adaptiveCR_withLS,55,1000,0,50.0,60.0,100.0,0.1,0.9,True,True,best/2,exp,random,True,5.0,0.3,1.5,0.3,1.0,1.0,,,,,,,,,,,,,,,,,,,,,,,,,
J30_4.RCP,1,80.7504132231405,0.1674189567565918,DE_best/2_adaptiveF_exp_adaptiveCR_withLS,55,1000,1,50.0,60.0,100.0,0.1,0.9,True,True,best/2,exp,random,True,5.0,0.3,1.5,0.3,1.0,1.0,,,,,,,,,,,,,,,,,,,,,,,,,
J30_4.RCP,0,67.51404958677685,0.1484208106994629,DE_best/2_adaptiveF_exp_adaptiveCR_noLS,55,1000,0,50.0,60.0,100.0,0.1,0.9,True,True,best/2,exp,random,False,5.0,0.3,1.5,0.3,1.0,1.0,,,,,,,,,,,,,,,,,,,,,,,,,
J30_4.RCP,1,69.80495867768595,0.14690589904785156,DE_best/2_adaptiveF_exp_adaptiveCR_noLS,55,1000,1,50.0,60.0,100.0,0.1,0.9,True,True,best/2,exp,random,False,5.0,0.3,1.5,0.3,1.0,1.0,,,,,,,,,,,,,,,,,,,,,,,,,
J30_4.RCP,0,71.44132231404959,0.14753222465515137,DE_best/2_adaptiveF_exp_fixedCR_withLS,55,1000,0,50.0,60.0,100.0,0.1,0.9,True,False,best/2,exp,random,True,5.0,0.3,1.5,0.3,1.0,1.0,,,,,,,,,,,,,,,,,,,,,,,,,
J30_4.RCP,1,74.56859504132231,0.14782404899597168,DE_best/2_adaptiveF_exp_fixedCR_withLS,55,1000,1,50.0,60.0,100.0,0.1,0.9,True,False,best/2,exp,random,True,5.0,0.3,1.5,0.3,1.0,1.0,,,,,,,,,,,,,,,,,,,,,,,,,
J30_4.RCP,0,68.02314049586778,0.1460108757019043,DE_best/2_adaptiveF_exp_fixedCR_noLS,55,1000,0,50.0,60.0,100.0,0.1,0.9,True,False,best/2,exp,random,False,5.0,0.3,1.5,0.3,1.0,1.0,,,,,,,,,,,,,,,,,,,,,,,,,
J30_4.RCP,1,81.69586776859504,0.1453721523284912,DE_best/2_adaptiveF_exp_fixedCR_noLS,55,1000,1,50.0,60.0,100.0,0.1,0.9,True,False,best/2,exp,random,False,5.0,0.3,1.5,0.3,1.0,1.0,,,,,,,,,,,,,,,,,,,,,,,,,
J30_4.RCP,0,71.5504132231405,0.15595698356628418,DE_best/2_fixedF_bin_adaptiveCR_withLS,55,1000,0,50.0,60.0,100.0,0.1,0.9,False,True,best/2,bin,random,True,5.0,0.3,1.5,0.3,1.0,1.0,,,,,,,,,,,,,,,,,,,,,,,,,
J30_4.RCP,1,72.53223140495868,0.1560041904449463,DE_best/2_fixedF_bin_adaptiveCR_withLS,55,1000,1,50.0,60.0,100.0,0.1,0.9,False,True,best/2,bin,random,True,5.0,0.3,1.5,0.3,1.0,1.0,,,,,,,,,,,,,,,,,,,,,,,,,
J30_4.RCP,0,72.13223140495866,0.15532302856445312,DE_best/2_fixedF_bin_adaptiveCR_noLS,55,1000,0,50.0,60.0,100.0,0.1,0.9,False,True,best/2,bin,random,False,5.0,0.3,1.5,0.3,1.0,1.0,,,,,,,,,,,,,,,,,,,,,,,,,
J30_4.RCP,1,67.6595041322314,0.1558389663696289,DE_best/2_fixedF_bin_adaptiveCR_noLS,55,1000,1,50.0,60.0,100.0,0.1,0.9,False,True,best/2,bin,random,False,5.0,0.3,1.5,0.3,1.0,1.0,,,,,,,,,,,,,,,,,,,,,,,,,
J30_4.RCP,0,75.18677685950412,0.15355300903320312,DE_best/2_fixedF_bin_fixedCR_withLS,55,1000,0,50.0,60.0,100.0,0.1,0.9,False,False,best/2,bin,random,True,5.0,0.3,1.5,0.3,1.0,1.0,,,,,,,,,,,,,,,,,,,,,,,,,
J30_4.RCP,1,58.095867768595035,0.14818906784057617,DE_best/2_fixedF_bin_fixedCR_withLS,55,1000,1,50.0,60.0,100.0,0.1,0.9,False,False,best/2,bin,random,True,5.0,0.3,1.5,0.3,1.0,1.0,,,,,,,,,,,,,,,,,,,,,,,,,
J30_4.RCP,0,71.73223140495868,0.1432952880859375,DE_best/2_fixedF_bin_fixedCR_noLS,55,1000,0,50.0,60.0,100.0,0.1,0.9,False,False,best/2,bin,random,False,5.0,0.3,1.5,0.3,1.0,1.0,,,,,,,,,,,,,,,,,,,,,,,,,
J30_4.RCP,1,60.60495867768594,0.1430530548095703,DE_best/2_fixedF_bin_fixedCR_noLS,55,1000,1,50.0,60.0,100.0,0.1,0.9,False,False,best/2,bin,random,False,5.0,0.3,1.5,0.3,1.0,1.0,,,,,,,,,,,,,,,,,,,,,,,,,
J30_4.RCP,0,77.22314049586777,0.15783214569091797,DE_best/2_fixedF_exp_adaptiveCR_withLS,55,1000,0,50.0,60.0,100.0,0.1,0.9,False,True,best/2,exp,random,True,5.0,0.3,1.5,0.3,1.0,1.0,,,,,,,,,,,,,,,,,,,,,,,,,
J30_4.RCP,1,63.914049586776855,0.15693306922912598,DE_best/2_fixedF_exp_adaptiveCR_withLS,55,1000,1,50.0,60.0,100.0,0.1,0.9,False,True,best/2,exp,random,True,5.0,0.3,1.5,0.3,1.0,1.0,,,,,,,,,,,,,,,,,,,,,,,,,
J30_4.RCP,0,58.56859504132231,0.15279793739318848,DE_best/2_fixedF_exp_adaptiveCR_noLS,55,1000,0,50.0,60.0,100.0,0.1,0.9,False,True,best/2,exp,random,False,5.0,0.3,1.5,0.3,1.0,1.0,,,,,,,,,,,,,,,,,,,,,,,,,
J30_4.RCP,1,57.40495867768595,0.15328192710876465,DE_best/2_fixedF_exp_adaptiveCR_noLS,55,1000,1,50.0,60.0,100.0,0.1,0.9,False,True,best/2,exp,random,False,5.0,0.3,1.5,0.3,1.0,1.0,,,,,,,,,,,,,,,,,,,,,,,,,
J30_4.RCP,0,77.00495867768596,0.1502997875213623,DE_best/2_fixedF_exp_fixedCR_withLS,55,1000,0,50.0,60.0,100.0,0.1,0.9,False,False,best/2,exp,random,True,5.0,0.3,1.5,0.3,1.0,1.0,,,,,,,,,,,,,,,,,,,,,,,,,
J30_4.RCP,1,65.58677685950413,0.1492300033569336,DE_best/2_fixedF_exp_fixedCR_withLS,55,1000,1,50.0,60.0,100.0,0.1,0.9,False,False,best/2,exp,random,True,5.0,0.3,1.5,0.3,1.0,1.0,,,,,,,,,,,,,,,,,,,,,,,,,
J30_4.RCP,0,68.09586776859506,0.14595603942871094,DE_best/2_fixedF_exp_fixedCR_noLS,55,1000,0,50.0,60.0,100.0,0.1,0.9,False,False,best/2,exp,random,False,5.0,0.3,1.5,0.3,1.0,1.0,,,,,,,,,,,,,,,,,,,,,,,,,
J30_4.RCP,1,63.76859504132231,0.1447610855102539,DE_best/2_fixedF_exp_fixedCR_noLS,55,1000,1,50.0,60.0,100.0,0.1,0.9,False,False,best/2,exp,random,False,5.0,0.3,1.5,0.3,1.0,1.0,,,,,,,,,,,,,,,,,,,,,,,,,
J30_4.RCP,0,70.31404958677686,0.14293789863586426,DE_adaptive_bin_adaptiveCR_withLS,55,1000,0,50.0,60.0,100.0,0.1,0.9,True,True,adaptive,bin,random,True,5.0,0.3,1.5,0.3,1.0,1.0,,,,,,,,,,,,,,,,,,,,,,,,,
J30_4.RCP,1,85.5504132231405,0.14248275756835938,DE_adaptive_bin_adaptiveCR_withLS,55,1000,1,50.0,60.0,100.0,0.1,0.9,True,True,adaptive,bin,random,True,5.0,0.3,1.5,0.3,1.0,1.0,,,,,,,,,,,,,,,,,,,,,,,,,
J30_4.RCP,0,75.40495867768597,0.1410517692565918,DE_adaptive_bin_adaptiveCR_noLS,55,1000,0,50.0,60.0,100.0,0.1,0.9,True,True,adaptive,bin,random,False,5.0,0.3,1.5,0.3,1.0,1.0,,,,,,,,,,,,,,,,,,,,,,,,,
J30_4.RCP,1,71.87768595041322,0.14114785194396973,DE_adaptive_bin_adaptiveCR_noLS,55,1000,1,50.0,60.0,100.0,0.1,0.9,True,True,adaptive,bin,random,False,5.0,0.3,1.5,0.3,1.0,1.0,,,,,,,,,,,,,,,,,,,,,,,,,
J30_4.RCP,0,70.27768595041321,0.1424098014831543,DE_adaptive_bin_fixedCR_withLS,55,1000,0,50.0,60.0,100.0,0.1,0.9,True,False,adaptive,bin,random,True,5.0,0.3,1.5,0.3,1.0,1.0,,,,,,,,,,,,,,,,,,,,,,,,,
J30_4.RCP,1,77.73223140495867,0.1416771411895752,DE_adaptive_bin_fixedCR_withLS,55,1000,1,50.0,60.0,100.0,0.1,0.9,True,False,adaptive,bin,random,True,5.0,0.3,1.5,0.3,1.0,1.0,,,,,,,,,,,,,,,,,,,,,,,,,
J30_4.RCP,0,72.3504132231405,0.14018511772155762,DE_adaptive_bin_fixedCR_noLS,55,1000,0,50.0,60.0,100.0,0.1,0.9,True,False,adaptive,bin,random,False,5.0,0.3,1.5,0.3,1.0,1.0,,,,,,,,,,,,,,,,,,,,,,,,,
J30_4.RCP,1,77.80495867768595,0.1401059627532959,DE_adaptive_bin_fixedCR_noLS,55,1000,1,50.0,60.0,100.0,0.1,0.9,True,False,adaptive,bin,random,False,5.0,0.3,1.5,0.3,1.0,1.0,,,,,,,,,,,,,,,,,,,,,,,,,
J30_4.RCP,0,75.58677685950413,0.14621710777282715,DE_adaptive_exp_adaptiveCR_withLS,55,1000,0,50.0,60.0,100.0,0.1,0.9,True,True,adaptive,exp,random,True,5.0,0.3,1.5,0.3,1.0,1.0,,,,,,,,,,,,,,,,,,,,,,,,,
J30_4.RCP,1,76.71404958677685,0.14456391334533691,DE_adaptive_exp_adaptiveCR_withLS,55,1000,1,50.0,60.0,100.0,0.1,0.9,True,True,adaptive,exp,random,True,5.0,0.3,1.5,0.3,1.0,1.0,,,,,,,,,,,,,,,,,,,,,,,,,
J30_4.RCP,0,68.82314049586776,0.14356470108032227,DE_adaptive_exp_adaptiveCR_noLS,55,1000,0,50.0,60.0,100.0,0.1,0.9,True,True,adaptive,exp,random,False,5.0,0.3,1.5,0.3,1.0,1.0,,,,,,,,,,,,,,,,,,,,,,,,,
J30_4.RCP,1,68.67768595041322,0.14309096336364746,DE_adaptive_exp_adaptiveCR_noLS,55,1000,1,50.0,60.0,100.0,0.1,0.9,True,True,adaptive,exp,random,False,5.0,0.3,1.5,0.3,1.0,1.0,,,,,,,,,,,,,,,,,,,,,,,,,
J30_4.RCP,0,65.0413223140496,0.14406919479370117,DE_adaptive_exp_fixedCR_withLS,55,1000,0,50.0,60.0,100.0,0.1,0.9,True,False,adaptive,exp,random,True,5.0,0.3,1.5,0.3,1.0,1.0,,,,,,,,,,,,,,,,,,,,,,,,,
J30_4.RCP,1,83.6595041322314,0.1436150074005127,DE_adaptive_exp_fixedCR_withLS,55,1000,1,50.0,60.0,100.0,0.1,0.9,True,False,adaptive,exp,random,True,5.0,0.3,1.5,0.3,1.0,1.0,,,,,,,,,,,,,,,,,,,,,,,,,
J30_4.RCP,0,74.64132231404959,0.14205002784729004,DE_adaptive_exp_fixedCR_noLS,55,1000,0,50.0,60.0,100.0,0.1,0.9,True,False,adaptive,exp,random,False,5.0,0.3,1.5,0.3,1.0,1.0,,,,,,,,,,,,,,,,,,,,,,,,,
J30_4.RCP,1,76.02314049586776,0.14180827140808105,DE_adaptive_exp_fixedCR_noLS,55,1000,1,50.0,60.0,100.0,0.1,0.9,True,False,adaptive,exp,random,False,5.0,0.3,1.5,0.3,1.0,1.0,,,,,,,,,,,,,,,,,,,,,,,,,
J30_4.RCP,0,86.53223140495865,0.14339518547058105,DE_current-to-rand/2_bin_adaptiveCR_withLS,55,1000,0,50.0,60.0,100.0,0.1,0.9,False,True,current-to-rand/2,bin,random,True,5.0,0.3,1.5,0.3,1.0,1.0,,,,,,,,,,,,,,,,,,,,,,,,,
J30_4.RCP,1,73.84132231404958,0.14280104637145996,DE_current-to-rand/2_bin_adaptiveCR_withLS,55,1000,1,50.0,60.0,100.0,0.1,0.9,False,True,current-to-rand/2,bin,random,True,5.0,0.3,1.5,0.3,1.0,1.0,,,,,,,,,,,,,,,,,,,,,,,,,
J30_4.RCP,0,77.55041322314051,0.14075398445129395,DE_current-to-rand/2_bin_adaptiveCR_noLS,55,1000,0,50.0,60.0,100.0,0.1,0.9,False,True,current-to-rand/2,bin,random,False,5.0,0.3,1.5,0.3,1.0,1.0,,,,,,,,,,,,,,,,,,,,,,,,,
J30_4.RCP,1,77.87768595041322,0.14405512809753418,DE_current-to-rand/2_bin_adaptiveCR_noLS,55,1000,1,50.0,60.0,100.0,0.1,0.9,False,True,current-to-rand/2,bin,random,False,5.0,0.3,1.5,0.3,1.0,1.0,,,,,,,,,,,,,,,,,,,,,,,,,
J30_4.RCP,0,86.56859504132231,0.15548419952392578,DE_current-to-rand/2_bin_fixedCR_withLS,55,1000,0,50.0,60.0,100.0,0.1,0.9,False,False,current-to-rand/2,bin,random,True,5.0,0.3,1.5,0.3,1.0,1.0,,,,,,,,,,,,,,,,,,,,,,,,,
J30_4.RCP,1,82.82314049586778,0.14169907569885254,DE_current-to-rand/2_bin_fixedCR_withLS,55,1000,1,50.0,60.0,100.0,0.1,0.9,False,False,current-to-rand/2,bin,random,True,5.0,0.3,1.5,0.3,1.0,1.0,,,,,,,,,,,,,,,,,,,,,,,,,
J30_4.RCP,0,75.33223140495868,0.13965725898742676,DE_current-to-rand/2_bin_fixedCR_noLS,55,1000,0,50.0,60.0,100.0,0.1,0.9,False,False,current-to-rand/2,bin,random,False,5.0,0.3,1.5,0.3,1.0,1.0,,,,,,,,,,,,,,,,,,,,,,,,,
J30_4.RCP,1,78.05950413223141,0.14014816284179688,DE_current-to-rand/2_bin_fixedCR_noLS,55,1000,1,50.0,60.0,100.0,0.1,0.9,False,False,current-to-rand/2,bin,random,False,5.0,0.3,1.5,0.3,1.0,1.0,,,,,,,,,,,,,,,,,,,,,,,,,
J30_4.RCP,0,83.29586776859506,0.144775390625,DE_current-to-rand/2_exp_adaptiveCR_withLS,55,1000,0,50.0,60.0,100.0,0.1,0.9,False,True,current-to-rand/2,exp,random,True,5.0,0.3,1.5,0.3,1.0,1.0,,,,,,,,,,,,,,,,,,,,,,,,,
J30_4.RCP,1,79.98677685950415,0.1447150707244873,DE_current-to-rand/2_exp_adaptiveCR_withLS,55,1000,1,50.0,60.0,100.0,0.1,0.9,False,True,current-to-rand/2,exp,random,True,5.0,0.3,1.5,0.3,1.0,1.0,,,,,,,,,,,,,,,,,,,,,,,,,
J30_4.RCP,0,69.2595041322314,0.1428999900817871,DE_current-to-rand/2_exp_adaptiveCR_noLS,55,1000,0,50.0,60.0,100.0,0.1,0.9,False,True,current-to-rand/2,exp,random,False,5.0,0.3,1.5,0.3,1.0,1.0,,,,,,,,,,,,,,,,,,,,,,,,,
J30_4.RCP,1,73.00495867768595,0.14302897453308105,DE_current-to-rand/2_exp_adaptiveCR_noLS,55,1000,1,50.0,60.0,100.0,0.1,0.9,False,True,current-to-rand/2,exp,random,False,5.0,0.3,1.5,0.3,1.0,1.0,,,,,,,,,,,,,,,,,,,,,,,,,
J30_4.RCP,0,87.07768595041321,0.14337372779846191,DE_current-to-rand/2_exp_fixedCR_withLS,55,1000,0,50.0,60.0,100.0,0.1,0.9,False,False,current-to-rand/2,exp,random,True,5.0,0.3,1.5,0.3,1.0,1.0,,,,,,,,,,,,,,,,,,,,,,,,,
J30_4.RCP,1,80.31404958677683,0.14327597618103027,DE_current-to-rand/2_exp_fixedCR_withLS,55,1000,1,50.0,60.0,100.0,0.1,0.9,False,False,current-to-rand/2,exp,random,True,5.0,0.3,1.5,0.3,1.0,1.0,,,,,,,,,,,,,,,,,,,,,,,,,
J30_4.RCP,0,81.62314049586779,0.1419219970703125,DE_current-to-rand/2_exp_fixedCR_noLS,55,1000,0,50.0,60.0,100.0,0.1,0.9,False,False,current-to-rand/2,exp,random,False,5.0,0.3,1.5,0.3,1.0,1.0,,,,,,,,,,,,,,,,,,,,,,,,,
J30_4.RCP,1,77.04132231404958,0.14318299293518066,DE_current-to-rand/2_exp_fixedCR_noLS,55,1000,1,50.0,60.0,100.0,0.1,0.9,False,False,current-to-rand/2,exp,random,False,5.0,0.3,1.5,0.3,1.0,1.0,,,,,,,,,,,,,,,,,,,,,,,,,
J30_4.RCP,0,81.18677685950412,0.12678074836730957,GA_roulette_single_point_random_random_withLS_withNeighborhood,55,1000,0,50.0,60.0,,,,,,random,single_point,random,True,,,,,,,0.9,0.1,roulette,3.0,True,False,0.5,0.1,0.35,5.0,2.0,,,,,,,,,,,,,,
J30_4.RCP,1,77.98677685950415,0.1264631748199463,GA_roulette_single_point_random_random_withLS_withNeighborhood,55,1000,1,50.0,60.0,,,,,,random,single_point,random,True,,,,,,,0.9,0.1,roulette,3.0,True,False,0.5,0.1,0.35,5.0,2.0,,,,,,,,,,,,,,
J30_4.RCP,0,81.18677685950412,0.12956809997558594,GA_roulette_single_point_random_random_withLS_noNeighborhood,55,1000,0,50.0,60.0,,,,,,random,single_point,random,True,,,,,,,0.9,0.1,roulette,3.0,True,False,0.5,0.1,0.35,5.0,0.0,,,,,,,,,,,,,,
J30_4.RCP,1,77.98677685950415,0.1317760944366455,GA_roulette_single_point_random_random_withLS_noNeighborhood,55,1000,1,50.0,60.0,,,,,,random,single_point,random,True,,,,,,,0.9,0.1,roulette,3.0,True,False,0.5,0.1,0.35,5.0,0.0,,,,,,,,,,,,,,
J30_4.RCP,0,72.4595041322314,0.18602871894836426,GA_roulette_single_point_random_random_noLS_withNeighborhood,55,1000,0,50.0,60.0,,,,,,random,single_point,random,False,,,,,,,0.9,0.1,roulette,3.0,True,False,0.5,0.1,0.35,5.0,2.0,,,,,,,,,,,,,,
J30_4.RCP,1,75.62314049586776,0.1817948818206787,GA_roulette_single_point_random_random_noLS_withNeighborhood,55,1000,1,50.0,60.0,,,,,,random,single_point,random,False,,,,,,,0.9,0.1,roulette,3.0,True,False,0.5,0.1,0.35,5.0,2.0,,,,,,,,,,,,,,
J30_4.RCP,0,72.4595041322314,0.19250202178955078,GA_roulette_single_point_random_random_noLS_noNeighborhood,55,1000,0,50.0,60.0,,,,,,random,single_point,random,False,,,,,,,0.9,0.1,roulette,3.0,True,False,0.5,0.1,0.35,5.0,0.0,,,,,,,,,,,,,,
J30_4.RCP,1,75.62314049586776,0.1832292079925537,GA_roulette_single_point_random_random_noLS_noNeighborhood,55,1000,1,50.0,60.0,,,,,,random,single_point,random,False,,,,,,,0.9,0.1,roulette,3.0,True,False,0.5,0.1,0.35,5.0,0.0,,,,,,,,,,,,,,
J30_4.RCP,0,86.71404958677687,0.12740087509155273,GA_roulette_single_point_random_heuristic_withLS_withNeighborhood,55,1000,0,50.0,60.0,,,,,,random,single_point,heuristic,True,,,,,,,0.9,0.1,roulette,3.0,True,False,0.5,0.1,0.35,5.0,2.0,,,,,,,,,,,,,,
J30_4.RCP,1,81.76859504132233,0.1278390884399414,GA_roulette_single_point_random_heuristic_withLS_withNeighborhood,55,1000,1,50.0,60.0,,,,,,random,single_point,heuristic,True,,,,,,,0.9,0.1,roulette,3.0,True,False,0.5,0.1,0.35,5.0,2.0,,,,,,,,,,,,,,
J30_4.RCP,0,86.71404958677687,0.12819480895996094,GA_roulette_single_point_random_heuristic_withLS_noNeighborhood,55,1000,0,50.0,60.0,,,,,,random,single_point,heuristic,True,,,,,,,0.9,0.1,roulette,3.0,True,False,0.5,0.1,0.35,5.0,0.0,,,,,,,,,,,,,,
J30_4.RCP,1,81.76859504132233,0.1279909610748291,GA_roulette_single_point_random_heuristic_withLS_noNeighborhood,55,1000,1,50.0,60.0,,,,,,random,single_point,heuristic,True,,,,,,,0.9,0.1,roulette,3.0,True,False,0.5,0.1,0.35,5.0,0.0,,,,,,,,,,,,,,
J30_4.RCP,0,68.71404958677685,0.18322205543518066,GA_roulette_single_point_random_heuristic_noLS_withNeighborhood,55,1000,0,50.0,60.0,,,,,,random,single_point,heuristic,False,,,,,,,0.9,0.1,roulette,3.0,True,False,0.5,0.1,0.35,5.0,2.0,,,,,,,,,,,,,,
J30_4.RCP,1,68.89586776859504,0.18268394470214844,GA_roulette_single_point_random_heuristic_noLS_withNeighborhood,55,1000,1,50.0,60.0,,,,,,random,single_point,heuristic,False,,,,,,,0.9,0.1,roulette,3.0,True,False,0.5,0.1,0.35,5.0,2.0,,,,,,,,,,,,,,
J30_4.RCP,0,68.71404958677685,0.1832568645477295,GA_roulette_single_point_random_heuristic_noLS_noNeighborhood,55,1000,0,50.0,60.0,,,,,,random,single_point,heuristic,False,,,,,,,0.9,0.1,roulette,3.0,True,False,0.5,0.1,0.35,5.0,0.0,,,,,,,,,,,,,,
J30_4.RCP,1,68.89586776859504,0.18299603462219238,GA_roulette_single_point_random_heuristic_noLS_noNeighborhood,55,1000,1,50.0,60.0,,,,,,random,single_point,heuristic,False,,,,,,,0.9,0.1,roulette,3.0,True,False,0.5,0.1,0.35,5.0,0.0,,,,,,,,,,,,,,
J30_4.RCP,0,83.18677685950412,0.12948012351989746,GA_roulette_single_point_adaptive_random_withLS_withNeighborhood,55,1000,0,50.0,60.0,,,,,,adaptive,single_point,random,True,,,,,,,0.9,0.1,roulette,3.0,True,False,0.5,0.1,0.35,5.0,2.0,,,,,,,,,,,,,,
J30_4.RCP,1,86.31404958677686,0.1286940574645996,GA_roulette_single_point_adaptive_random_withLS_withNeighborhood,55,1000,1,50.0,60.0,,,,,,adaptive,single_point,random,True,,,,,,,0.9,0.1,roulette,3.0,True,False,0.5,0.1,0.35,5.0,2.0,,,,,,,,,,,,,,
J30_4.RCP,0,83.18677685950412,0.12981486320495605,GA_roulette_single_point_adaptive_random_withLS_noNeighborhood,55,1000,0,50.0,60.0,,,,,,adaptive,single_point,random,True,,,,,,,0.9,0.1,roulette,3.0,True,False,0.5,0.1,0.35,5.0,0.0,,,,,,,,,,,,,,
J30_4.RCP,1,86.31404958677686,0.12871122360229492,GA_roulette_single_point_adaptive_random_withLS_noNeighborhood,55,1000,1,50.0,60.0,,,,,,adaptive,single_point,random,True,,,,,,,0.9,0.1,roulette,3.0,True,False,0.5,0.1,0.35,5.0,0.0,,,,,,,,,,,,,,
J30_4.RCP,0,70.60495867768596,0.19138312339782715,GA_roulette_single_point_adaptive_random_noLS_withNeighborhood,55,1000,0,50.0,60.0,,,,,,adaptive,single_point,random,False,,,,,,,0.9,0.1,roulette,3.0,True,False,0.5,0.1,0.35,5.0,2.0,,,,,,,,,,,,,,
J30_4.RCP,1,76.78677685950414,0.19144892692565918,GA_roulette_single_point_adaptive_random_noLS_withNeighborhood,55,1000,1,50.0,60.0,,,,,,adaptive,single_point,random,False,,,,,,,0.9,0.1,roulette,3.0,True,False,0.5,0.1,0.35,5.0,2.0,,,,,,,,,,,,,,
J30_4.RCP,0,70.60495867768596,0.1911602020263672,GA_roulette_single_point_adaptive_random_noLS_noNeighborhood,55,1000,0,50.0,60.0,,,,,,adaptive,single_point,random,False,,,,,,,0.9,0.1,roulette,3.0,True,False,0.5,0.1,0.35,5.0,0.0,,,,,,,,,,,,,,
J30_4.RCP,1,76.78677685950414,0.19272184371948242,GA_roulette_single_point_adaptive_random_noLS_noNeighborhood,55,1000,1,50.0,60.0,,,,,,adaptive,single_point,random,False,,,,,,,0.9,0.1,roulette,3.0,True,False,0.5,0.1,0.35,5.0,0.0,,,,,,,,,,,,,,
J30_4.RCP,0,87.69586776859505,0.13160300254821777,GA_roulette_single_point_adaptive_heuristic_withLS_withNeighborhood,55,1000,0,50.0,60.0,,,,,,adaptive,single_point,heuristic,True,,,,,,,0.9,0.1,roulette,3.0,True,False,0.5,0.1,0.35,5.0,2.0,,,,,,,,,,,,,,
J30_4.RCP,1,76.67768595041322,0.13037705421447754,GA_roulette_single_point_adaptive_heuristic_withLS_withNeighborhood,55,1000,1,50.0,60.0,,,,,,adaptive,single_point,heuristic,True,,,,,,,0.9,0.1,roulette,3.0,True,False,0.5,0.1,0.35,5.0,2.0,,,,,,,,,,,,,,
J30_4.RCP,0,87.69586776859505,0.13075780868530273,GA_roulette_single_point_adaptive_heuristic_withLS_noNeighborhood,55,1000,0,50.0,60.0,,,,,,adaptive,single_point,heuristic,True,,,,,,,0.9,0.1,roulette,3.0,True,False,0.5,0.1,0.35,5.0,0.0,,,,,,,,,,,,,,
J30_4.RCP,1,76.67768595041322,0.1306140422821045,GA_roulette_single_point_adaptive_heuristic_withLS_noNeighborhood,55,1000,1,50.0,60.0,,,,,,adaptive,single_point,heuristic,True,,,,,,,0.9,0.1,roulette,3.0,True,False,0.5,0.1,0.35,5.0,0.0,,,,,,,,,,,,,,
J30_4.RCP,0,77.69586776859505,0.19327998161315918,GA_roulette_single_point_adaptive_heuristic_noLS_withNeighborhood,55,1000,0,50.0,60.0,,,,,,adaptive,single_point,heuristic,False,,,,,,,0.9,0.1,roulette,3.0,True,False,0.5,0.1,0.35,5.0,2.0,,,,,,,,,,,,,,
J30_4.RCP,1,74.09586776859506,0.19258999824523926,GA_roulette_single_point_adaptive_heuristic_noLS_withNeighborhood,55,1000,1,50.0,60.0,,,,,,adaptive,single_point,heuristic,False,,,,,,,0.9,0.1,roulette,3.0,True,False,0.5,0.1,0.35,5.0,2.0,,,,,,,,,,,,,,
J30_4.RCP,0,77.69586776859505,0.19263386726379395,GA_roulette_single_point_adaptive_heuristic_noLS_noNeighborhood,55,1000,0,50.0,60.0,,,,,,adaptive,single_point,heuristic,False,,,,,,,0.9,0.1,roulette,3.0,True,False,0.5,0.1,0.35,5.0,0.0,,,,,,,,,,,,,,
J30_4.RCP,1,74.09586776859506,0.1927790641784668,GA_roulette_single_point_adaptive_heuristic_noLS_noNeighborhood,55,1000,1,50.0,60.0,,,,,,adaptive,single_point,heuristic,False,,,,,,,0.9,0.1,roulette,3.0,True,False,0.5,0.1,0.35,5.0,0.0,,,,,,,,,,,,,,
J30_4.RCP,0,89.18677685950415,0.1274399757385254,GA_roulette_two_point_random_random_withLS_withNeighborhood,55,1000,0,50.0,60.0,,,,,,random,two_point,random,True,,,,,,,0.9,0.1,roulette,3.0,True,False,0.5,0.1,0.35,5.0,2.0,,,,,,,,,,,,,,
J30_4.RCP,1,76.60495867768596,0.12705612182617188,GA_roulette_two_point_random_random_withLS_withNeighborhood,55,1000,1,50.0,60.0,,,,,,random,two_point,random,True,,,,,,,0.9,0.1,roulette,3.0,True,False,0.5,0.1,0.35,5.0,2.0,,,,,,,,,,,,,,
J30_4.RCP,0,89.18677685950415,0.12793803215026855,GA_roulette_two_point_random_random_withLS_noNeighborhood,55,1000,0,50.0,60.0,,,,,,random,two_point,random,True,,,,,,,0.9,0.1,roulette,3.0,True,False,0.5,0.1,0.35,5.0,0.0,,,,,,,,,,,,,,
J30_4.RCP,1,76.60495867768596,0.12729287147521973,GA_roulette_two_point_random_random_withLS_noNeighborhood,55,1000,1,50.0,60.0,,,,,,random,two_point,random,True,,,,,,,0.9,0.1,roulette,3.0,True,False,0.5,0.1,0.35,5.0,0.0,,,,,,,,,,,,,,
J30_4.RCP,0,80.5322314049587,0.18385100364685059,GA_roulette_two_point_random_random_noLS_withNeighborhood,55,1000,0,50.0,60.0,,,,,,random,two_point,random,False,,,,,,,0.9,0.1,roulette,3.0,True,False,0.5,0.1,0.35,5.0,2.0,,,,,,,,,,,,,,
J30_4.RCP,1,71.51404958677685,0.18416786193847656,GA_roulette_two_point_random_random_noLS_withNeighborhood,55,1000,1,50.0,60.0,,,,,,random,two_point,random,False,,,,,,,0.9,0.1,roulette,3.0,True,False,0.5,0.1,0.35,5.0,2.0,,,,,,,,,,,,,,
J30_4.RCP,0,80.5322314049587,0.1838068962097168,GA_roulette_two_point_random_random_noLS_noNeighborhood,55,1000,0,50.0,60.0,,,,,,random,two_point,random,False,,,,,,,0.9,0.1,roulette,3.0,True,False,0.5,0.1,0.35,5.0,0.0,,,,,,,,,,,,,,
J30_4.RCP,1,71.51404958677685,0.18514370918273926,GA_roulette_two_point_random_random_noLS_noNeighborhood,55,1000,1,50.0,60.0,,,,,,random,two_point,random,False,,,,,,,0.9,0.1,roulette,3.0,True,False,0.5,0.1,0.35,5.0,0.0,,,,,,,,,,,,,,
J30_4.RCP,0,78.42314049586777,0.12803888320922852,GA_roulette_two_point_random_heuristic_withLS_withNeighborhood,55,1000,0,50.0,60.0,,,,,,random,two_point,heuristic,True,,,,,,,0.9,0.1,roulette,3.0,True,False,0.5,0.1,0.35,5.0,2.0,,,,,,,,,,,,,,
J30_4.RCP,1,78.53223140495868,0.12895798683166504,GA_roulette_two_point_random_heuristic_withLS_withNeighborhood,55,1000,1,50.0,60.0,,,,,,random,two_point,heuristic,True,,,,,,,0.9,0.1,roulette,3.0,True,False,0.5,0.1,0.35,5.0,2.0,,,,,,,,,,,,,,
J30_4.RCP,0,78.42314049586777,0.12853002548217773,GA_roulette_two_point_random_heuristic_withLS_noNeighborhood,55,1000,0,50.0,60.0,,,,,,random,two_point,heuristic,True,,,,,,,0.9,0.1,roulette,3.0,True,False,0.5,0.1,0.35,5.0,0.0,,,,,,,,,,,,,,
J30_4.RCP,1,78.53223140495868,0.1288609504699707,GA_roulette_two_point_random_heuristic_withLS_noNeighborhood,55,1000,1,50.0,60.0,,,,,,random,two_point,heuristic,True,,,,,,,0.9,0.1,roulette,3.0,True,False,0.5,0.1,0.35,5.0,0.0,,,,,,,,,,,,,,
J30_4.RCP,0,75.87768595041324,0.18508005142211914,GA_roulette_two_point_random_heuristic_noLS_withNeighborhood,55,1000,0,50.0,60.0,,,,,,random,two_point,heuristic,False,,,,,,,0.9,0.1,roulette,3.0,True,False,0.5,0.1,0.35,5.0,2.0,,,,,,,,,,,,,,
J30_4.RCP,1,77.91404958677685,0.18494296073913574,GA_roulette_two_point_random_heuristic_noLS_withNeighborhood,55,1000,1,50.0,60.0,,,,,,random,two_point,heuristic,False,,,,,,,0.9,0.1,roulette,3.0,True,False,0.5,0.1,0.35,5.0,2.0,,,,,,,,,,,,,,
J30_4.RCP,0,75.87768595041324,0.18581700325012207,GA_roulette_two_point_random_heuristic_noLS_noNeighborhood,55,1000,0,50.0,60.0,,,,,,random,two_point,heuristic,False,,,,,,,0.9,0.1,roulette,3.0,True,False,0.5,0.1,0.35,5.0,0.0,,,,,,,,,,,,,,
J30_4.RCP,1,77.91404958677685,0.18503308296203613,GA_roulette_two_point_random_heuristic_noLS_noNeighborhood,55,1000,1,50.0,60.0,,,,,,random,two_point,heuristic,False,,,,,,,0.9,0.1,roulette,3.0,True,False,0.5,0.1,0.35,5.0,0.0,,,,,,,,,,,,,,
J30_4.RCP,0,76.9685950413223,0.13068509101867676,GA_roulette_two_point_adaptive_random_withLS_withNeighborhood,55,1000,0,50.0,60.0,,,,,,adaptive,two_point,random,True,,,,,,,0.9,0.1,roulette,3.0,True,False,0.5,0.1,0.35,5.0,2.0,,,,,,,,,,,,,,
J30_4.RCP,1,88.09586776859504,0.12937593460083008,GA_roulette_two_point_adaptive_random_withLS_withNeighborhood,55,1000,1,50.0,60.0,,,,,,adaptive,two_point,random,True,,,,,,,0.9,0.1,roulette,3.0,True,False,0.5,0.1,0.35,5.0,2.0,,,,,,,,,,,,,,
J30_4.RCP,0,76.9685950413223,0.1304478645324707,GA_roulette_two_point_adaptive_random_withLS_noNeighborhood,55,1000,0,50.0,60.0,,,,,,adaptive,two_point,random,True,,,,,,,0.9,0.1,roulette,3.0,True,False,0.5,0.1,0.35,5.0,0.0,,,,,,,,,,,,,,
J30_4.RCP,1,88.09586776859504,0.12903499603271484,GA_roulette_two_point_adaptive_random_withLS_noNeighborhood,55,1000,1,50.0,60.0,,,,,,adaptive,two_point,random,True,,,,,,,0.9,0.1,roulette,3.0,True,False,0.5,0.1,0.35,5.0,0.0,,,,,,,,,,,,,,
J30_4.RCP,0,74.31404958677686,0.19517183303833008,GA_roulette_two_point_adaptive_random_noLS_withNeighborhood,55,1000,0,50.0,60.0,,,,,,adaptive,two_point,random,False,,,,,,,0.9,0.1,roulette,3.0,True,False,0.5,0.1,0.35,5.0,2.0,,,,,,,,,,,,,,
J30_4.RCP,1,77.69586776859504,0.1941089630126953,GA_roulette_two_point_adaptive_random_noLS_withNeighborhood,55,1000,1,50.0,60.0,,,,,,adaptive,two_point,random,False,,,,,,,0.9,0.1,roulette,3.0,True,False,0.5,0.1,0.35,5.0,2.0,,,,,,,,,,,,,,
J30_4.RCP,0,74.31404958677686,0.19533586502075195,GA_roulette_two_point_adaptive_random_noLS_noNeighborhood,55,1000,0,50.0,60.0,,,,,,adaptive,two_point,random,False,,,,,,,0.9,0.1,roulette,3.0,True,False,0.5,0.1,0.35,5.0,0.0,,,,,,,,,,,,,,
J30_4.RCP,1,77.69586776859504,0.19544005393981934,GA_roulette_two_point_adaptive_random_noLS_noNeighborhood,55,1000,1,50.0,60.0,,,,,,adaptive,two_point,random,False,,,,,,,0.9,0.1,roulette,3.0,True,False,0.5,0.1,0.35,5.0,0.0,,,,,,,,,,,,,,
J30_4.RCP,0,72.7504132231405,0.1301431655883789,GA_roulette_two_point_adaptive_heuristic_withLS_withNeighborhood,55,1000,0,50.0,60.0,,,,,,adaptive,two_point,heuristic,True,,,,,,,0.9,0.1,roulette,3.0,True,False,0.5,0.1,0.35,5.0,2.0,,,,,,,,,,,,,,
J30_4.RCP,1,81.69586776859505,0.130324125289917,GA_roulette_two_point_adaptive_heuristic_withLS_withNeighborhood,55,1000,1,50.0,60.0,,,,,,adaptive,two_point,heuristic,True,,,,,,,0.9,0.1,roulette,3.0,True,False,0.5,0.1,0.35,5.0,2.0,,,,,,,,,,,,,,
J30_4.RCP,0,72.7504132231405,0.13085508346557617,GA_roulette_two_point_adaptive_heuristic_withLS_noNeighborhood,55,1000,0,50.0,60.0,,,,,,adaptive,two_point,heuristic,True,,,,,,,0.9,0.1,roulette,3.0,True,False,0.5,0.1,0.35,5.0,0.0,,,,,,,,,,,,,,
J30_4.RCP,1,81.69586776859505,0.13118720054626465,GA_roulette_two_point_adaptive_heuristic_withLS_noNeighborhood,55,1000,1,50.0,60.0,,,,,,adaptive,two_point,heuristic,True,,,,,,,0.9,0.1,roulette,3.0,True,False,0.5,0.1,0.35,5.0,0.0,,,,,,,,,,,,,,
J30_4.RCP,0,72.7504132231405,0.19489002227783203,GA_roulette_two_point_adaptive_heuristic_noLS_withNeighborhood,55,1000,0,50.0,60.0,,,,,,adaptive,two_point,heuristic,False,,,,,,,0.9,0.1,roulette,3.0,True,False,0.5,0.1,0.35,5.0,2.0,,,,,,,,,,,,,,
J30_4.RCP,1,73.62314049586776,0.19520926475524902,GA_roulette_two_point_adaptive_heuristic_noLS_withNeighborhood,55,1000,1,50.0,60.0,,,,,,adaptive,two_point,heuristic,False,,,,,,,0.9,0.1,roulette,3.0,True,False,0.5,0.1,0.35,5.0,2.0,,,,,,,,,,,,,,
J30_4.RCP,0,72.7504132231405,0.1952059268951416,GA_roulette_two_point_adaptive_heuristic_noLS_noNeighborhood,55,1000,0,50.0,60.0,,,,,,adaptive,two_point,heuristic,False,,,,,,,0.9,0.1,roulette,3.0,True,False,0.5,0.1,0.35,5.0,0.0,,,,,,,,,,,,,,
J30_4.RCP,1,73.62314049586776,0.19519400596618652,GA_roulette_two_point_adaptive_heuristic_noLS_noNeighborhood,55,1000,1,50.0,60.0,,,,,,adaptive,two_point,heuristic,False,,,,,,,0.9,0.1,roulette,3.0,True,False,0.5,0.1,0.35,5.0,0.0,,,,,,,,,,,,,,
J30_4.RCP,0,77.22314049586778,1.6873531341552734,GA_roulette_rcx_random_random_withLS_withNeighborhood,55,1000,0,50.0,60.0,,,,,,random,rcx,random,True,,,,,,,0.9,0.1,roulette,3.0,True,False,0.5,0.1,0.35,5.0,2.0,,,,,,,,,,,,,,
J30_4.RCP,1,80.96859504132233,1.6787402629852295,GA_roulette_rcx_random_random_withLS_withNeighborhood,55,1000,1,50.0,60.0,,,,,,random,rcx,random,True,,,,,,,0.9,0.1,roulette,3.0,True,False,0.5,0.1,0.35,5.0,2.0,,,,,,,,,,,,,,
J30_4.RCP,0,77.22314049586778,1.6946570873260498,GA_roulette_rcx_random_random_withLS_noNeighborhood,55,1000,0,50.0,60.0,,,,,,random,rcx,random,True,,,,,,,0.9,0.1,roulette,3.0,True,False,0.5,0.1,0.35,5.0,0.0,,,,,,,,,,,,,,
J30_4.RCP,1,80.96859504132233,1.7328767776489258,GA_roulette_rcx_random_random_withLS_noNeighborhood,55,1000,1,50.0,60.0,,,,,,random,rcx,random,True,,,,,,,0.9,0.1,roulette,3.0,True,False,0.5,0.1,0.35,5.0,0.0,,,,,,,,,,,,,,
J30_4.RCP,0,73.00495867768595,6.3795411586761475,GA_roulette_rcx_random_random_noLS_withNeighborhood,55,1000,0,50.0,60.0,,,,,,random,rcx,random,False,,,,,,,0.9,0.1,roulette,3.0,True,False,0.5,0.1,0.35,5.0,2.0,,,,,,,,,,,,,,
J30_4.RCP,1,70.64132231404959,6.433882713317871,GA_roulette_rcx_random_random_noLS_withNeighborhood,55,1000,1,50.0,60.0,,,,,,random,rcx,random,False,,,,,,,0.9,0.1,roulette,3.0,True,False,0.5,0.1,0.35,5.0,2.0,,,,,,,,,,,,,,
J30_4.RCP,0,73.00495867768595,6.352325201034546,GA_roulette_rcx_random_random_noLS_noNeighborhood,55,1000,0,50.0,60.0,,,,,,random,rcx,random,False,,,,,,,0.9,0.1,roulette,3.0,True,False,0.5,0.1,0.35,5.0,0.0,,,,,,,,,,,,,,
J30_4.RCP,1,70.64132231404959,6.5951972007751465,GA_roulette_rcx_random_random_noLS_noNeighborhood,55,1000,1,50.0,60.0,,,,,,random,rcx,random,False,,,,,,,0.9,0.1,roulette,3.0,True,False,0.5,0.1,0.35,5.0,0.0,,,,,,,,,,,,,,
J30_4.RCP,0,75.18677685950412,1.8056776523590088,GA_roulette_rcx_random_heuristic_withLS_withNeighborhood,55,1000,0,50.0,60.0,,,,,,random,rcx,heuristic,True,,,,,,,0.9,0.1,roulette,3.0,True,False,0.5,0.1,0.35,5.0,2.0,,,,,,,,,,,,,,
J30_4.RCP,1,76.24132231404958,1.7084641456604004,GA_roulette_rcx_random_heuristic_withLS_withNeighborhood,55,1000,1,50.0,60.0,,,,,,random,rcx,heuristic,True,,,,,,,0.9,0.1,roulette,3.0,True,False,0.5,0.1,0.35,5.0,2.0,,,,,,,,,,,,,,
J30_4.RCP,0,75.18677685950412,1.6660618782043457,GA_roulette_rcx_random_heuristic_withLS_noNeighborhood,55,1000,0,50.0,60.0,,,,,,random,rcx,heuristic,True,,,,,,,0.9,0.1,roulette,3.0,True,False,0.5,0.1,0.35,5.0,0.0,,,,,,,,,,,,,,
J30_4.RCP,1,76.24132231404958,1.6790578365325928,GA_roulette_rcx_random_heuristic_withLS_noNeighborhood,55,1000,1,50.0,60.0,,,,,,random,rcx,heuristic,True,,,,,,,0.9,0.1,roulette,3.0,True,False,0.5,0.1,0.35,5.0,0.0,,,,,,,,,,,,,,
J30_4.RCP,0,70.93223140495867,6.546435117721558,GA_roulette_rcx_random_heuristic_noLS_withNeighborhood,55,1000,0,50.0,60.0,,,,,,random,rcx,heuristic,False,,,,,,,0.9,0.1,roulette,3.0,True,False,0.5,0.1,0.35,5.0,2.0,,,,,,,,,,,,,,
J30_4.RCP,1,76.24132231404958,6.42618203163147,GA_roulette_rcx_random_heuristic_noLS_withNeighborhood,55,1000,1,50.0,60.0,,,,,,random,rcx,heuristic,False,,,,,,,0.9,0.1,roulette,3.0,True,False,0.5,0.1,0.35,5.0,2.0,,,,,,,,,,,,,,
J30_4.RCP,0,70.93223140495867,6.494462013244629,GA_roulette_rcx_random_heuristic_noLS_noNeighborhood,55,1000,0,50.0,60.0,,,,,,random,rcx,heuristic,False,,,,,,,0.9,0.1,roulette,3.0,True,False,0.5,0.1,0.35,5.0,0.0,,,,,,,,,,,,,,
J30_4.RCP,1,76.24132231404958,6.494197130203247,GA_roulette_rcx_random_heuristic_noLS_noNeighborhood,55,1000,1,50.0,60.0,,,,,,random,rcx,heuristic,False,,,,,,,0.9,0.1,roulette,3.0,True,False,0.5,0.1,0.35,5.0,0.0,,,,,,,,,,,,,,
J30_4.RCP,0,75.73223140495867,1.744554042816162,GA_roulette_rcx_adaptive_random_withLS_withNeighborhood,55,1000,0,50.0,60.0,,,,,,adaptive,rcx,random,True,,,,,,,0.9,0.1,roulette,3.0,True,False,0.5,0.1,0.35,5.0,2.0,,,,,,,,,,,,,,
J30_4.RCP,1,78.49586776859505,1.668715000152588,GA_roulette_rcx_adaptive_random_withLS_withNeighborhood,55,1000,1,50.0,60.0,,,,,,adaptive,rcx,random,True,,,,,,,0.9,0.1,roulette,3.0,True,False,0.5,0.1,0.35,5.0,2.0,,,,,,,,,,,,,,
J30_4.RCP,0,75.73223140495867,1.655595064163208,GA_roulette_rcx_adaptive_random_withLS_noNeighborhood,55,1000,0,50.0,60.0,,,,,,adaptive,rcx,random,True,,,,,,,0.9,0.1,roulette,3.0,True,False,0.5,0.1,0.35,5.0,0.0,,,,,,,,,,,,,,
J30_4.RCP,1,78.49586776859505,1.9008152484893799,GA_roulette_rcx_adaptive_random_withLS_noNeighborhood,55,1000,1,50.0,60.0,,,,,,adaptive,rcx,random,True,,,,,,,0.9,0.1,roulette,3.0,True,False,0.5,0.1,0.35,5.0,0.0,,,,,,,,,,,,,,
J30_4.RCP,0,75.73223140495867,6.279116153717041,GA_roulette_rcx_adaptive_random_noLS_withNeighborhood,55,1000,0,50.0,60.0,,,,,,adaptive,rcx,random,False,,,,,,,0.9,0.1,roulette,3.0,True,False,0.5,0.1,0.35,5.0,2.0,,,,,,,,,,,,,,
J30_4.RCP,1,78.49586776859505,6.4225029945373535,GA_roulette_rcx_adaptive_random_noLS_withNeighborhood,55,1000,1,50.0,60.0,,,,,,adaptive,rcx,random,False,,,,,,,0.9,0.1,roulette,3.0,True,False,0.5,0.1,0.35,5.0,2.0,,,,,,,,,,,,,,
J30_4.RCP,0,75.73223140495867,6.195886850357056,GA_roulette_rcx_adaptive_random_noLS_noNeighborhood,55,1000,0,50.0,60.0,,,,,,adaptive,rcx,random,False,,,,,,,0.9,0.1,roulette,3.0,True,False,0.5,0.1,0.35,5.0,0.0,,,,,,,,,,,,,,
J30_4.RCP,1,78.49586776859505,6.573387861251831,GA_roulette_rcx_adaptive_random_noLS_noNeighborhood,55,1000,1,50.0,60.0,,,,,,adaptive,rcx,random,False,,,,,,,0.9,0.1,roulette,3.0,True,False,0.5,0.1,0.35,5.0,0.0,,,,,,,,,,,,,,
J30_4.RCP,0,80.75041322314047,1.6870169639587402,GA_roulette_rcx_adaptive_heuristic_withLS_withNeighborhood,55,1000,0,50.0,60.0,,,,,,adaptive,rcx,heuristic,True,,,,,,,0.9,0.1,roulette,3.0,True,False,0.5,0.1,0.35,5.0,2.0,,,,,,,,,,,,,,
J30_4.RCP,1,81.33223140495868,1.6741149425506592,GA_roulette_rcx_adaptive_heuristic_withLS_withNeighborhood,55,1000,1,50.0,60.0,,,,,,adaptive,rcx,heuristic,True,,,,,,,0.9,0.1,roulette,3.0,True,False,0.5,0.1,0.35,5.0,2.0,,,,,,,,,,,,,,
J30_4.RCP,0,80.75041322314047,1.6694839000701904,GA_roulette_rcx_adaptive_heuristic_withLS_noNeighborhood,55,1000,0,50.0,60.0,,,,,,adaptive,rcx,heuristic,True,,,,,,,0.9,0.1,roulette,3.0,True,False,0.5,0.1,0.35,5.0,0.0,,,,,,,,,,,,,,
J30_4.RCP,1,81.33223140495868,1.670828104019165,GA_roulette_rcx_adaptive_heuristic_withLS_noNeighborhood,55,1000,1,50.0,60.0,,,,,,adaptive,rcx,heuristic,True,,,,,,,0.9,0.1,roulette,3.0,True,False,0.5,0.1,0.35,5.0,0.0,,,,,,,,,,,,,,
J30_4.RCP,0,66.56859504132233,6.343900918960571,GA_roulette_rcx_adaptive_heuristic_noLS_withNeighborhood,55,1000,0,50.0,60.0,,,,,,adaptive,rcx,heuristic,False,,,,,,,0.9,0.1,roulette,3.0,True,False,0.5,0.1,0.35,5.0,2.0,,,,,,,,,,,,,,
J30_4.RCP,1,75.07768595041321,6.50580096244812,GA_roulette_rcx_adaptive_heuristic_noLS_withNeighborhood,55,1000,1,50.0,60.0,,,,,,adaptive,rcx,heuristic,False,,,,,,,0.9,0.1,roulette,3.0,True,False,0.5,0.1,0.35,5.0,2.0,,,,,,,,,,,,,,
J30_4.RCP,0,66.56859504132233,6.534627199172974,GA_roulette_rcx_adaptive_heuristic_noLS_noNeighborhood,55,1000,0,50.0,60.0,,,,,,adaptive,rcx,heuristic,False,,,,,,,0.9,0.1,roulette,3.0,True,False,0.5,0.1,0.35,5.0,0.0,,,,,,,,,,,,,,
J30_4.RCP,1,75.07768595041321,6.600343942642212,GA_roulette_rcx_adaptive_heuristic_noLS_noNeighborhood,55,1000,1,50.0,60.0,,,,,,adaptive,rcx,heuristic,False,,,,,,,0.9,0.1,roulette,3.0,True,False,0.5,0.1,0.35,5.0,0.0,,,,,,,,,,,,,,
J30_4.RCP,0,80.0595041322314,0.12855195999145508,GA_roulette_hybrid_random_random_withLS_withNeighborhood,55,1000,0,50.0,60.0,,,,,,random,hybrid,random,True,,,,,,,0.9,0.1,roulette,3.0,True,False,0.5,0.1,0.35,5.0,2.0,,,,,,,,,,,,,,
J30_4.RCP,1,87.80495867768596,0.13019394874572754,GA_roulette_hybrid_random_random_withLS_withNeighborhood,55,1000,1,50.0,60.0,,,,,,random,hybrid,random,True,,,,,,,0.9,0.1,roulette,3.0,True,False,0.5,0.1,0.35,5.0,2.0,,,,,,,,,,,,,,
J30_4.RCP,0,80.0595041322314,0.12958407402038574,GA_roulette_hybrid_random_random_withLS_noNeighborhood,55,1000,0,50.0,60.0,,,,,,random,hybrid,random,True,,,,,,,0.9,0.1,roulette,3.0,True,False,0.5,0.1,0.35,5.0,0.0,,,,,,,,,,,,,,
J30_4.RCP,1,87.80495867768596,0.12781691551208496,GA_roulette_hybrid_random_random_withLS_noNeighborhood,55,1000,1,50.0,60.0,,,,,,random,hybrid,random,True,,,,,,,0.9,0.1,roulette,3.0,True,False,0.5,0.1,0.35,5.0,0.0,,,,,,,,,,,,,,
J30_4.RCP,0,75.95041322314049,0.18116402626037598,GA_roulette_hybrid_random_random_noLS_withNeighborhood,55,1000,0,50.0,60.0,,,,,,random,hybrid,random,False,,,,,,,0.9,0.1,roulette,3.0,True,False,0.5,0.1,0.35,5.0,2.0,,,,,,,,,,,,,,
J30_4.RCP,1,74.27768595041323,0.17940306663513184,GA_roulette_hybrid_random_random_noLS_withNeighborhood,55,1000,1,50.0,60.0,,,,,,random,hybrid,random,False,,,,,,,0.9,0.1,roulette,3.0,True,False,0.5,0.1,0.35,5.0,2.0,,,,,,,,,,,,,,
J30_4.RCP,0,75.95041322314049,0.17957401275634766,GA_roulette_hybrid_random_random_noLS_noNeighborhood,55,1000,0,50.0,60.0,,,,,,random,hybrid,random,False,,,,,,,0.9,0.1,roulette,3.0,True,False,0.5,0.1,0.35,5.0,0.0,,,,,,,,,,,,,,
J30_4.RCP,1,74.27768595041323,0.1793069839477539,GA_roulette_hybrid_random_random_noLS_noNeighborhood,55,1000,1,50.0,60.0,,,,,,random,hybrid,random,False,,,,,,,0.9,0.1,roulette,3.0,True,False,0.5,0.1,0.35,5.0,0.0,,,,,,,,,,,,,,
J30_4.RCP,0,84.4595041322314,0.12717008590698242,GA_roulette_hybrid_random_heuristic_withLS_withNeighborhood,55,1000,0,50.0,60.0,,,,,,random,hybrid,heuristic,True,,,,,,,0.9,0.1,roulette,3.0,True,False,0.5,0.1,0.35,5.0,2.0,,,,,,,,,,,,,,
J30_4.RCP,1,84.64132231404959,0.1272428035736084,GA_roulette_hybrid_random_heuristic_withLS_withNeighborhood,55,1000,1,50.0,60.0,,,,,,random,hybrid,heuristic,True,,,,,,,0.9,0.1,roulette,3.0,True,False,0.5,0.1,0.35,5.0,2.0,,,,,,,,,,,,,,
J30_4.RCP,0,84.4595041322314,0.1288750171661377,GA_roulette_hybrid_random_heuristic_withLS_noNeighborhood,55,1000,0,50.0,60.0,,,,,,random,hybrid,heuristic,True,,,,,,,0.9,0.1,roulette,3.0,True,False,0.5,0.1,0.35,5.0,0.0,,,,,,,,,,,,,,
J30_4.RCP,1,84.64132231404959,0.1276872158050537,GA_roulette_hybrid_random_heuristic_withLS_noNeighborhood,55,1000,1,50.0,60.0,,,,,,random,hybrid,heuristic,True,,,,,,,0.9,0.1,roulette,3.0,True,False,0.5,0.1,0.35,5.0,0.0,,,,,,,,,,,,,,
J30_4.RCP,0,76.02314049586776,0.18090391159057617,GA_roulette_hybrid_random_heuristic_noLS_withNeighborhood,55,1000,0,50.0,60.0,,,,,,random,hybrid,heuristic,False,,,,,,,0.9,0.1,roulette,3.0,True,False,0.5,0.1,0.35,5.0,2.0,,,,,,,,,,,,,,
J30_4.RCP,1,80.16859504132232,0.1804978847503662,GA_roulette_hybrid_random_heuristic_noLS_withNeighborhood,55,1000,1,50.0,60.0,,,,,,random,hybrid,heuristic,False,,,,,,,0.9,0.1,roulette,3.0,True,False,0.5,0.1,0.35,5.0,2.0,,,,,,,,,,,,,,
J30_4.RCP,0,76.02314049586776,0.17964386940002441,GA_roulette_hybrid_random_heuristic_noLS_noNeighborhood,55,1000,0,50.0,60.0,,,,,,random,hybrid,heuristic,False,,,,,,,0.9,0.1,roulette,3.0,True,False,0.5,0.1,0.35,5.0,0.0,,,,,,,,,,,,,,
J30_4.RCP,1,80.16859504132232,0.1797480583190918,GA_roulette_hybrid_random_heuristic_noLS_noNeighborhood,55,1000,1,50.0,60.0,,,,,,random,hybrid,heuristic,False,,,,,,,0.9,0.1,roulette,3.0,True,False,0.5,0.1,0.35,5.0,0.0,,,,,,,,,,,,,,
J30_4.RCP,0,75.95041322314049,0.13135385513305664,GA_roulette_hybrid_adaptive_random_withLS_withNeighborhood,55,1000,0,50.0,60.0,,,,,,adaptive,hybrid,random,True,,,,,,,0.9,0.1,roulette,3.0,True,False,0.5,0.1,0.35,5.0,2.0,,,,,,,,,,,,,,
J30_4.RCP,1,76.49586776859503,0.12920498847961426,GA_roulette_hybrid_adaptive_random_withLS_withNeighborhood,55,1000,1,50.0,60.0,,,,,,adaptive,hybrid,random,True,,,,,,,0.9,0.1,roulette,3.0,True,False,0.5,0.1,0.35,5.0,2.0,,,,,,,,,,,,,,
J30_4.RCP,0,75.95041322314049,0.13030409812927246,GA_roulette_hybrid_adaptive_random_withLS_noNeighborhood,55,1000,0,50.0,60.0,,,,,,adaptive,hybrid,random,True,,,,,,,0.9,0.1,roulette,3.0,True,False,0.5,0.1,0.35,5.0,0.0,,,,,,,,,,,,,,
J30_4.RCP,1,76.49586776859503,0.12917685508728027,GA_roulette_hybrid_adaptive_random_withLS_noNeighborhood,55,1000,1,50.0,60.0,,,,,,adaptive,hybrid,random,True,,,,,,,0.9,0.1,roulette,3.0,True,False,0.5,0.1,0.35,5.0,0.0,,,,,,,,,,,,,,
J30_4.RCP,0,73.76859504132231,0.18996000289916992,GA_roulette_hybrid_adaptive_random_noLS_withNeighborhood,55,1000,0,50.0,60.0,,,,,,adaptive,hybrid,random,False,,,,,,,0.9,0.1,roulette,3.0,True,False,0.5,0.1,0.35,5.0,2.0,,,,,,,,,,,,,,
J30_4.RCP,1,76.49586776859503,0.19220709800720215,GA_roulette_hybrid_adaptive_random_noLS_withNeighborhood,55,1000,1,50.0,60.0,,,,,,adaptive,hybrid,random,False,,,,,,,0.9,0.1,roulette,3.0,True,False,0.5,0.1,0.35,5.0,2.0,,,,,,,,,,,,,,
J30_4.RCP,0,73.76859504132231,0.18977999687194824,GA_roulette_hybrid_adaptive_random_noLS_noNeighborhood,55,1000,0,50.0,60.0,,,,,,adaptive,hybrid,random,False,,,,,,,0.9,0.1,roulette,3.0,True,False,0.5,0.1,0.35,5.0,0.0,,,,,,,,,,,,,,
J30_4.RCP,1,76.49586776859503,0.1900310516357422,GA_roulette_hybrid_adaptive_random_noLS_noNeighborhood,55,1000,1,50.0,60.0,,,,,,adaptive,hybrid,random,False,,,,,,,0.9,0.1,roulette,3.0,True,False,0.5,0.1,0.35,5.0,0.0,,,,,,,,,,,,,,
J30_4.RCP,0,80.67768595041323,0.12992405891418457,GA_roulette_hybrid_adaptive_heuristic_withLS_withNeighborhood,55,1000,0,50.0,60.0,,,,,,adaptive,hybrid,heuristic,True,,,,,,,0.9,0.1,roulette,3.0,True,False,0.5,0.1,0.35,5.0,2.0,,,,,,,,,,,,,,
J30_4.RCP,1,73.65950413223139,0.1300947666168213,GA_roulette_hybrid_adaptive_heuristic_withLS_withNeighborhood,55,1000,1,50.0,60.0,,,,,,adaptive,hybrid,heuristic,True,,,,,,,0.9,0.1,roulette,3.0,True,False,0.5,0.1,0.35,5.0,2.0,,,,,,,,,,,,,,
J30_4.RCP,0,80.67768595041323,0.12992620468139648,GA_roulette_hybrid_adaptive_heuristic_withLS_noNeighborhood,55,1000,0,50.0,60.0,,,,,,adaptive,hybrid,heuristic,True,,,,,,,0.9,0.1,roulette,3.0,True,False,0.5,0.1,0.35,5.0,0.0,,,,,,,,,,,,,,
J30_4.RCP,1,73.65950413223139,0.1297287940979004,GA_roulette_hybrid_adaptive_heuristic_withLS_noNeighborhood,55,1000,1,50.0,60.0,,,,,,adaptive,hybrid,heuristic,True,,,,,,,0.9,0.1,roulette,3.0,True,False,0.5,0.1,0.35,5.0,0.0,,,,,,,,,,,,,,
J30_4.RCP,0,78.42314049586777,0.194044828414917,GA_roulette_hybrid_adaptive_heuristic_noLS_withNeighborhood,55,1000,0,50.0,60.0,,,,,,adaptive,hybrid,heuristic,False,,,,,,,0.9,0.1,roulette,3.0,True,False,0.5,0.1,0.35,5.0,2.0,,,,,,,,,,,,,,
J30_4.RCP,1,73.65950413223139,0.19740819931030273,GA_roulette_hybrid_adaptive_heuristic_noLS_withNeighborhood,55,1000,1,50.0,60.0,,,,,,adaptive,hybrid,heuristic,False,,,,,,,0.9,0.1,roulette,3.0,True,False,0.5,0.1,0.35,5.0,2.0,,,,,,,,,,,,,,
J30_4.RCP,0,78.42314049586777,0.19064807891845703,GA_roulette_hybrid_adaptive_heuristic_noLS_noNeighborhood,55,1000,0,50.0,60.0,,,,,,adaptive,hybrid,heuristic,False,,,,,,,0.9,0.1,roulette,3.0,True,False,0.5,0.1,0.35,5.0,0.0,,,,,,,,,,,,,,
J30_4.RCP,1,73.65950413223139,0.19094085693359375,GA_roulette_hybrid_adaptive_heuristic_noLS_noNeighborhood,55,1000,1,50.0,60.0,,,,,,adaptive,hybrid,heuristic,False,,,,,,,0.9,0.1,roulette,3.0,True,False,0.5,0.1,0.35,5.0,0.0,,,,,,,,,,,,,,
J30_4.RCP,0,76.78677685950414,0.13297200202941895,GA_tournament_single_point_random_random_withLS_withNeighborhood,55,1000,0,50.0,60.0,,,,,,random,single_point,random,True,,,,,,,0.9,0.1,tournament,3.0,True,False,0.5,0.1,0.35,5.0,2.0,,,,,,,,,,,,,,
J30_4.RCP,1,73.1504132231405,0.12809085845947266,GA_tournament_single_point_random_random_withLS_withNeighborhood,55,1000,1,50.0,60.0,,,,,,random,single_point,random,True,,,,,,,0.9,0.1,tournament,3.0,True,False,0.5,0.1,0.35,5.0,2.0,,,,,,,,,,,,,,
J30_4.RCP,0,76.78677685950414,0.12839603424072266,GA_tournament_single_point_random_random_withLS_noNeighborhood,55,1000,0,50.0,60.0,,,,,,random,single_point,random,True,,,,,,,0.9,0.1,tournament,3.0,True,False,0.5,0.1,0.35,5.0,0.0,,,,,,,,,,,,,,
J30_4.RCP,1,73.1504132231405,0.1296379566192627,GA_tournament_single_point_random_random_withLS_noNeighborhood,55,1000,1,50.0,60.0,,,,,,random,single_point,random,True,,,,,,,0.9,0.1,tournament,3.0,True,False,0.5,0.1,0.35,5.0,0.0,,,,,,,,,,,,,,
J30_4.RCP,0,66.4595041322314,0.20832300186157227,GA_tournament_single_point_random_random_noLS_withNeighborhood,55,1000,0,50.0,60.0,,,,,,random,single_point,random,False,,,,,,,0.9,0.1,tournament,3.0,True,False,0.5,0.1,0.35,5.0,2.0,,,,,,,,,,,,,,
J30_4.RCP,1,61.295867768595045,0.1961507797241211,GA_tournament_single_point_random_random_noLS_withNeighborhood,55,1000,1,50.0,60.0,,,,,,random,single_point,random,False,,,,,,,0.9,0.1,tournament,3.0,True,False,0.5,0.1,0.35,5.0,2.0,,,,,,,,,,,,,,
J30_4.RCP,0,66.4595041322314,0.18681788444519043,GA_tournament_single_point_random_random_noLS_noNeighborhood,55,1000,0,50.0,60.0,,,,,,random,single_point,random,False,,,,,,,0.9,0.1,tournament,3.0,True,False,0.5,0.1,0.35,5.0,0.0,,,,,,,,,,,,,,
J30_4.RCP,1,61.295867768595045,0.19225120544433594,GA_tournament_single_point_random_random_noLS_noNeighborhood,55,1000,1,50.0,60.0,,,,,,random,single_point,random,False,,,,,,,0.9,0.1,tournament,3.0,True,False,0.5,0.1,0.35,5.0,0.0,,,,,,,,,,,,,,
J30_4.RCP,0,74.89586776859505,0.14139509201049805,GA_tournament_single_point_random_heuristic_withLS_withNeighborhood,55,1000,0,50.0,60.0,,,,,,random,single_point,heuristic,True,,,,,,,0.9,0.1,tournament,3.0,True,False,0.5,0.1,0.35,5.0,2.0,,,,,,,,,,,,,,
J30_4.RCP,1,71.44132231404959,0.1460280418395996,GA_tournament_single_point_random_heuristic_withLS_withNeighborhood,55,1000,1,50.0,60.0,,,,,,random,single_point,heuristic,True,,,,,,,0.9,0.1,tournament,3.0,True,False,0.5,0.1,0.35,5.0,2.0,,,,,,,,,,,,,,
J30_4.RCP,0,74.89586776859505,0.1309359073638916,GA_tournament_single_point_random_heuristic_withLS_noNeighborhood,55,1000,0,50.0,60.0,,,,,,random,single_point,heuristic,True,,,,,,,0.9,0.1,tournament,3.0,True,False,0.5,0.1,0.35,5.0,0.0,,,,,,,,,,,,,,
J30_4.RCP,1,71.44132231404959,0.14939117431640625,GA_tournament_single_point_random_heuristic_withLS_noNeighborhood,55,1000,1,50.0,60.0,,,,,,random,single_point,heuristic,True,,,,,,,0.9,0.1,tournament,3.0,True,False,0.5,0.1,0.35,5.0,0.0,,,,,,,,,,,,,,
J30_4.RCP,0,61.477685950413225,0.20511889457702637,GA_tournament_single_point_random_heuristic_noLS_withNeighborhood,55,1000,0,50.0,60.0,,,,,,random,single_point,heuristic,False,,,,,,,0.9,0.1,tournament,3.0,True,False,0.5,0.1,0.35,5.0,2.0,,,,,,,,,,,,,,
J30_4.RCP,1,59.51404958677686,0.19182801246643066,GA_tournament_single_point_random_heuristic_noLS_withNeighborhood,55,1000,1,50.0,60.0,,,,,,random,single_point,heuristic,False,,,,,,,0.9,0.1,tournament,3.0,True,False,0.5,0.1,0.35,5.0,2.0,,,,,,,,,,,,,,
J30_4.RCP,0,61.477685950413225,0.19444799423217773,GA_tournament_single_point_random_heuristic_noLS_noNeighborhood,55,1000,0,50.0,60.0,,,,,,random,single_point,heuristic,False,,,,,,,0.9,0.1,tournament,3.0,True,False,0.5,0.1,0.35,5.0,0.0,,,,,,,,,,,,,,
J30_4.RCP,1,59.51404958677686,0.18745183944702148,GA_tournament_single_point_random_heuristic_noLS_noNeighborhood,55,1000,1,50.0,60.0,,,,,,random,single_point,heuristic,False,,,,,,,0.9,0.1,tournament,3.0,True,False,0.5,0.1,0.35,5.0,0.0,,,,,,,,,,,,,,
J30_4.RCP,0,71.69586776859505,0.13006806373596191,GA_tournament_single_point_adaptive_random_withLS_withNeighborhood,55,1000,0,50.0,60.0,,,,,,adaptive,single_point,random,True,,,,,,,0.9,0.1,tournament,3.0,True,False,0.5,0.1,0.35,5.0,2.0,,,,,,,,,,,,,,
J30_4.RCP,1,77.47768595041322,0.12996912002563477,GA_tournament_single_point_adaptive_random_withLS_withNeighborhood,55,1000,1,50.0,60.0,,,,,,adaptive,single_point,random,True,,,,,,,0.9,0.1,tournament,3.0,True,False,0.5,0.1,0.35,5.0,2.0,,,,,,,,,,,,,,
J30_4.RCP,0,71.69586776859505,0.13063693046569824,GA_tournament_single_point_adaptive_random_withLS_noNeighborhood,55,1000,0,50.0,60.0,,,,,,adaptive,single_point,random,True,,,,,,,0.9,0.1,tournament,3.0,True,False,0.5,0.1,0.35,5.0,0.0,,,,,,,,,,,,,,
J30_4.RCP,1,77.47768595041322,0.1304168701171875,GA_tournament_single_point_adaptive_random_withLS_noNeighborhood,55,1000,1,50.0,60.0,,,,,,adaptive,single_point,random,True,,,,,,,0.9,0.1,tournament,3.0,True,False,0.5,0.1,0.35,5.0,0.0,,,,,,,,,,,,,,
J30_4.RCP,0,66.53223140495868,0.19560503959655762,GA_tournament_single_point_adaptive_random_noLS_withNeighborhood,55,1000,0,50.0,60.0,,,,,,adaptive,single_point,random,False,,,,,,,0.9,0.1,tournament,3.0,True,False,0.5,0.1,0.35,5.0,2.0,,,,,,,,,,,,,,
J30_4.RCP,1,62.60495867768594,0.1954052448272705,GA_tournament_single_point_adaptive_random_noLS_withNeighborhood,55,1000,1,50.0,60.0,,,,,,adaptive,single_point,random,False,,,,,,,0.9,0.1,tournament,3.0,True,False,0.5,0.1,0.35,5.0,2.0,,,,,,,,,,,,,,
J30_4.RCP,0,66.53223140495868,0.19545412063598633,GA_tournament_single_point_adaptive_random_noLS_noNeighborhood,55,1000,0,50.0,60.0,,,,,,adaptive,single_point,random,False,,,,,,,0.9,0.1,tournament,3.0,True,False,0.5,0.1,0.35,5.0,0.0,,,,,,,,,,,,,,
J30_4.RCP,1,62.60495867768594,0.19533395767211914,GA_tournament_single_point_adaptive_random_noLS_noNeighborhood,55,1000,1,50.0,60.0,,,,,,adaptive,single_point,random,False,,,,,,,0.9,0.1,tournament,3.0,True,False,0.5,0.1,0.35,5.0,0.0,,,,,,,,,,,,,,
J30_4.RCP,0,70.89586776859504,0.13219380378723145,GA_tournament_single_point_adaptive_heuristic_withLS_withNeighborhood,55,1000,0,50.0,60.0,,,,,,adaptive,single_point,heuristic,True,,,,,,,0.9,0.1,tournament,3.0,True,False,0.5,0.1,0.35,5.0,2.0,,,,,,,,,,,,,,
J30_4.RCP,1,77.11404958677687,0.13102388381958008,GA_tournament_single_point_adaptive_heuristic_withLS_withNeighborhood,55,1000,1,50.0,60.0,,,,,,adaptive,single_point,heuristic,True,,,,,,,0.9,0.1,tournament,3.0,True,False,0.5,0.1,0.35,5.0,2.0,,,,,,,,,,,,,,
J30_4.RCP,0,70.89586776859504,0.13211774826049805,GA_tournament_single_point_adaptive_heuristic_withLS_noNeighborhood,55,1000,0,50.0,60.0,,,,,,adaptive,single_point,heuristic,True,,,,,,,0.9,0.1,tournament,3.0,True,False,0.5,0.1,0.35,5.0,0.0,,,,,,,,,,,,,,
J30_4.RCP,1,77.11404958677687,0.1309187412261963,GA_tournament_single_point_adaptive_heuristic_withLS_noNeighborhood,55,1000,1,50.0,60.0,,,,,,adaptive,single_point,heuristic,True,,,,,,,0.9,0.1,tournament,3.0,True,False,0.5,0.1,0.35,5.0,0.0,,,,,,,,,,,,,,
J30_4.RCP,0,61.07768595041322,0.19596505165100098,GA_tournament_single_point_adaptive_heuristic_noLS_withNeighborhood,55,1000,0,50.0,60.0,,,,,,adaptive,single_point,heuristic,False,,,,,,,0.9,0.1,tournament,3.0,True,False,0.5,0.1,0.35,5.0,2.0,,,,,,,,,,,,,,
J30_4.RCP,1,66.60495867768596,0.195814847946167,GA_tournament_single_point_adaptive_heuristic_noLS_withNeighborhood,55,1000,1,50.0,60.0,,,,,,adaptive,single_point,heuristic,False,,,,,,,0.9,0.1,tournament,3.0,True,False,0.5,0.1,0.35,5.0,2.0,,,,,,,,,,,,,,
J30_4.RCP,0,61.07768595041322,0.19562983512878418,GA_tournament_single_point_adaptive_heuristic_noLS_noNeighborhood,55,1000,0,50.0,60.0,,,,,,adaptive,single_point,heuristic,False,,,,,,,0.9,0.1,tournament,3.0,True,False,0.5,0.1,0.35,5.0,0.0,,,,,,,,,,,,,,
J30_4.RCP,1,66.60495867768596,0.19603705406188965,GA_tournament_single_point_adaptive_heuristic_noLS_noNeighborhood,55,1000,1,50.0,60.0,,,,,,adaptive,single_point,heuristic,False,,,,,,,0.9,0.1,tournament,3.0,True,False,0.5,0.1,0.35,5.0,0.0,,,,,,,,,,,,,,
J30_4.RCP,0,76.78677685950413,0.1318831443786621,GA_tournament_two_point_random_random_withLS_withNeighborhood,55,1000,0,50.0,60.0,,,,,,random,two_point,random,True,,,,,,,0.9,0.1,tournament,3.0,True,False,0.5,0.1,0.35,5.0,2.0,,,,,,,,,,,,,,
J30_4.RCP,1,74.89586776859505,0.12994813919067383,GA_tournament_two_point_random_random_withLS_withNeighborhood,55,1000,1,50.0,60.0,,,,,,random,two_point,random,True,,,,,,,0.9,0.1,tournament,3.0,True,False,0.5,0.1,0.35,5.0,2.0,,,,,,,,,,,,,,
J30_4.RCP,0,76.78677685950413,0.12843585014343262,GA_tournament_two_point_random_random_withLS_noNeighborhood,55,1000,0,50.0,60.0,,,,,,random,two_point,random,True,,,,,,,0.9,0.1,tournament,3.0,True,False,0.5,0.1,0.35,5.0,0.0,,,,,,,,,,,,,,
J30_4.RCP,1,74.89586776859505,0.12796902656555176,GA_tournament_two_point_random_random_withLS_noNeighborhood,55,1000,1,50.0,60.0,,,,,,random,two_point,random,True,,,,,,,0.9,0.1,tournament,3.0,True,False,0.5,0.1,0.35,5.0,0.0,,,,,,,,,,,,,,
J30_4.RCP,0,68.27768595041321,0.18658089637756348,GA_tournament_two_point_random_random_noLS_withNeighborhood,55,1000,0,50.0,60.0,,,,,,random,two_point,random,False,,,,,,,0.9,0.1,tournament,3.0,True,False,0.5,0.1,0.35,5.0,2.0,,,,,,,,,,,,,,
J30_4.RCP,1,59.986776859504126,0.18647503852844238,GA_tournament_two_point_random_random_noLS_withNeighborhood,55,1000,1,50.0,60.0,,,,,,random,two_point,random,False,,,,,,,0.9,0.1,tournament,3.0,True,False,0.5,0.1,0.35,5.0,2.0,,,,,,,,,,,,,,
J30_4.RCP,0,68.27768595041321,0.18609094619750977,GA_tournament_two_point_random_random_noLS_noNeighborhood,55,1000,0,50.0,60.0,,,,,,random,two_point,random,False,,,,,,,0.9,0.1,tournament,3.0,True,False,0.5,0.1,0.35,5.0,0.0,,,,,,,,,,,,,,
J30_4.RCP,1,59.986776859504126,0.1853008270263672,GA_tournament_two_point_random_random_noLS_noNeighborhood,55,1000,1,50.0,60.0,,,,,,random,two_point,random,False,,,,,,,0.9,0.1,tournament,3.0,True,False,0.5,0.1,0.35,5.0,0.0,,,,,,,,,,,,,,
J30_4.RCP,0,67.98677685950415,0.1283402442932129,GA_tournament_two_point_random_heuristic_withLS_withNeighborhood,55,1000,0,50.0,60.0,,,,,,random,two_point,heuristic,True,,,,,,,0.9,0.1,tournament,3.0,True,False,0.5,0.1,0.35,5.0,2.0,,,,,,,,,,,,,,
J30_4.RCP,1,72.38677685950414,0.1284470558166504,GA_tournament_two_point_random_heuristic_withLS_withNeighborhood,55,1000,1,50.0,60.0,,,,,,random,two_point,heuristic,True,,,,,,,0.9,0.1,tournament,3.0,True,False,0.5,0.1,0.35,5.0,2.0,,,,,,,,,,,,,,
J30_4.RCP,0,67.98677685950415,0.12802696228027344,GA_tournament_two_point_random_heuristic_withLS_noNeighborhood,55,1000,0,50.0,60.0,,,,,,random,two_point,heuristic,True,,,,,,,0.9,0.1,tournament,3.0,True,False,0.5,0.1,0.35,5.0,0.0,,,,,,,,,,,,,,
J30_4.RCP,1,72.38677685950414,0.12914609909057617,GA_tournament_two_point_random_heuristic_withLS_noNeighborhood,55,1000,1,50.0,60.0,,,,,,random,two_point,heuristic,True,,,,,,,0.9,0.1,tournament,3.0,True,False,0.5,0.1,0.35,5.0,0.0,,,,,,,,,,,,,,
J30_4.RCP,0,60.67768595041322,0.18780279159545898,GA_tournament_two_point_random_heuristic_noLS_withNeighborhood,55,1000,0,50.0,60.0,,,,,,random,two_point,heuristic,False,,,,,,,0.9,0.1,tournament,3.0,True,False,0.5,0.1,0.35,5.0,2.0,,,,,,,,,,,,,,
J30_4.RCP,1,57.9504132231405,0.18695402145385742,GA_tournament_two_point_random_heuristic_noLS_withNeighborhood,55,1000,1,50.0,60.0,,,,,,random,two_point,heuristic,False,,,,,,,0.9,0.1,tournament,3.0,True,False,0.5,0.1,0.35,5.0,2.0,,,,,,,,,,,,,,
J30_4.RCP,0,60.67768595041322,0.18772101402282715,GA_tournament_two_point_random_heuristic_noLS_noNeighborhood,55,1000,0,50.0,60.0,,,,,,random,two_point,heuristic,False,,,,,,,0.9,0.1,tournament,3.0,True,False,0.5,0.1,0.35,5.0,0.0,,,,,,,,,,,,,,
J30_4.RCP,1,57.9504132231405,0.1868150234222412,GA_tournament_two_point_random_heuristic_noLS_noNeighborhood,55,1000,1,50.0,60.0,,,,,,random,two_point,heuristic,False,,,,,,,0.9,0.1,tournament,3.0,True,False,0.5,0.1,0.35,5.0,0.0,,,,,,,,,,,,,,
J30_4.RCP,0,78.89586776859505,0.1312549114227295,GA_tournament_two_point_adaptive_random_withLS_withNeighborhood,55,1000,0,50.0,60.0,,,,,,adaptive,two_point,random,True,,,,,,,0.9,0.1,tournament,3.0,True,False,0.5,0.1,0.35,5.0,2.0,,,,,,,,,,,,,,
J30_4.RCP,1,72.85950413223141,0.13103318214416504,GA_tournament_two_point_adaptive_random_withLS_withNeighborhood,55,1000,1,50.0,60.0,,,,,,adaptive,two_point,random,True,,,,,,,0.9,0.1,tournament,3.0,True,False,0.5,0.1,0.35,5.0,2.0,,,,,,,,,,,,,,
J30_4.RCP,0,78.89586776859505,0.1317918300628662,GA_tournament_two_point_adaptive_random_withLS_noNeighborhood,55,1000,0,50.0,60.0,,,,,,adaptive,two_point,random,True,,,,,,,0.9,0.1,tournament,3.0,True,False,0.5,0.1,0.35,5.0,0.0,,,,,,,,,,,,,,
J30_4.RCP,1,72.85950413223141,0.13266897201538086,GA_tournament_two_point_adaptive_random_withLS_noNeighborhood,55,1000,1,50.0,60.0,,,,,,adaptive,two_point,random,True,,,,,,,0.9,0.1,tournament,3.0,True,False,0.5,0.1,0.35,5.0,0.0,,,,,,,,,,,,,,
J30_4.RCP,0,62.09586776859504,0.1974020004272461,GA_tournament_two_point_adaptive_random_noLS_withNeighborhood,55,1000,0,50.0,60.0,,,,,,adaptive,two_point,random,False,,,,,,,0.9,0.1,tournament,3.0,True,False,0.5,0.1,0.35,5.0,2.0,,,,,,,,,,,,,,
J30_4.RCP,1,65.51404958677685,0.19724583625793457,GA_tournament_two_point_adaptive_random_noLS_withNeighborhood,55,1000,1,50.0,60.0,,,,,,adaptive,two_point,random,False,,,,,,,0.9,0.1,tournament,3.0,True,False,0.5,0.1,0.35,5.0,2.0,,,,,,,,,,,,,,
J30_4.RCP,0,62.09586776859504,0.19687414169311523,GA_tournament_two_point_adaptive_random_noLS_noNeighborhood,55,1000,0,50.0,60.0,,,,,,adaptive,two_point,random,False,,,,,,,0.9,0.1,tournament,3.0,True,False,0.5,0.1,0.35,5.0,0.0,,,,,,,,,,,,,,
J30_4.RCP,1,65.51404958677685,0.19744873046875,GA_tournament_two_point_adaptive_random_noLS_noNeighborhood,55,1000,1,50.0,60.0,,,,,,adaptive,two_point,random,False,,,,,,,0.9,0.1,tournament,3.0,True,False,0.5,0.1,0.35,5.0,0.0,,,,,,,,,,,,,,
J30_4.RCP,0,76.3504132231405,0.13237214088439941,GA_tournament_two_point_adaptive_heuristic_withLS_withNeighborhood,55,1000,0,50.0,60.0,,,,,,adaptive,two_point,heuristic,True,,,,,,,0.9,0.1,tournament,3.0,True,False,0.5,0.1,0.35,5.0,2.0,,,,,,,,,,,,,,
J30_4.RCP,1,72.5322314049587,0.13177990913391113,GA_tournament_two_point_adaptive_heuristic_withLS_withNeighborhood,55,1000,1,50.0,60.0,,,,,,adaptive,two_point,heuristic,True,,,,,,,0.9,0.1,tournament,3.0,True,False,0.5,0.1,0.35,5.0,2.0,,,,,,,,,,,,,,
J30_4.RCP,0,76.3504132231405,0.13249683380126953,GA_tournament_two_point_adaptive_heuristic_withLS_noNeighborhood,55,1000,0,50.0,60.0,,,,,,adaptive,two_point,heuristic,True,,,,,,,0.9,0.1,tournament,3.0,True,False,0.5,0.1,0.35,5.0,0.0,,,,,,,,,,,,,,
J30_4.RCP,1,72.5322314049587,0.1311030387878418,GA_tournament_two_point_adaptive_heuristic_withLS_noNeighborhood,55,1000,1,50.0,60.0,,,,,,adaptive,two_point,heuristic,True,,,,,,,0.9,0.1,tournament,3.0,True,False,0.5,0.1,0.35,5.0,0.0,,,,,,,,,,,,,,
J30_4.RCP,0,63.29586776859505,0.19798493385314941,GA_tournament_two_point_adaptive_heuristic_noLS_withNeighborhood,55,1000,0,50.0,60.0,,,,,,adaptive,two_point,heuristic,False,,,,,,,0.9,0.1,tournament,3.0,True,False,0.5,0.1,0.35,5.0,2.0,,,,,,,,,,,,,,
J30_4.RCP,1,66.85950413223141,0.19840002059936523,GA_tournament_two_point_adaptive_heuristic_noLS_withNeighborhood,55,1000,1,50.0,60.0,,,,,,adaptive,two_point,heuristic,False,,,,,,,0.9,0.1,tournament,3.0,True,False,0.5,0.1,0.35,5.0,2.0,,,,,,,,,,,,,,
J30_4.RCP,0,63.29586776859505,0.19841814041137695,GA_tournament_two_point_adaptive_heuristic_noLS_noNeighborhood,55,1000,0,50.0,60.0,,,,,,adaptive,two_point,heuristic,False,,,,,,,0.9,0.1,tournament,3.0,True,False,0.5,0.1,0.35,5.0,0.0,,,,,,,,,,,,,,
J30_4.RCP,1,66.85950413223141,0.19698882102966309,GA_tournament_two_point_adaptive_heuristic_noLS_noNeighborhood,55,1000,1,50.0,60.0,,,,,,adaptive,two_point,heuristic,False,,,,,,,0.9,0.1,tournament,3.0,True,False,0.5,0.1,0.35,5.0,0.0,,,,,,,,,,,,,,
J30_4.RCP,0,65.91404958677687,0.9254870414733887,GA_tournament_rcx_random_random_withLS_withNeighborhood,55,1000,0,50.0,60.0,,,,,,random,rcx,random,True,,,,,,,0.9,0.1,tournament,3.0,True,False,0.5,0.1,0.35,5.0,2.0,,,,,,,,,,,,,,
J30_4.RCP,1,74.6413223140496,0.8864107131958008,GA_tournament_rcx_random_random_withLS_withNeighborhood,55,1000,1,50.0,60.0,,,,,,random,rcx,random,True,,,,,,,0.9,0.1,tournament,3.0,True,False,0.5,0.1,0.35,5.0,2.0,,,,,,,,,,,,,,
J30_4.RCP,0,65.91404958677687,0.9250791072845459,GA_tournament_rcx_random_random_withLS_noNeighborhood,55,1000,0,50.0,60.0,,,,,,random,rcx,random,True,,,,,,,0.9,0.1,tournament,3.0,True,False,0.5,0.1,0.35,5.0,0.0,,,,,,,,,,,,,,
J30_4.RCP,1,74.6413223140496,0.88773512840271,GA_tournament_rcx_random_random_withLS_noNeighborhood,55,1000,1,50.0,60.0,,,,,,random,rcx,random,True,,,,,,,0.9,0.1,tournament,3.0,True,False,0.5,0.1,0.35,5.0,0.0,,,,,,,,,,,,,,
J30_4.RCP,0,57.95041322314051,3.218501091003418,GA_tournament_rcx_random_random_noLS_withNeighborhood,55,1000,0,50.0,60.0,,,,,,random,rcx,random,False,,,,,,,0.9,0.1,tournament,3.0,True,False,0.5,0.1,0.35,5.0,2.0,,,,,,,,,,,,,,
J30_4.RCP,1,60.82314049586776,3.2082440853118896,GA_tournament_rcx_random_random_noLS_withNeighborhood,55,1000,1,50.0,60.0,,,,,,random,rcx,random,False,,,,,,,0.9,0.1,tournament,3.0,True,False,0.5,0.1,0.35,5.0,2.0,,,,,,,,,,,,,,
J30_4.RCP,0,57.95041322314051,3.2156872749328613,GA_tournament_rcx_random_random_noLS_noNeighborhood,55,1000,0,50.0,60.0,,,,,,random,rcx,random,False,,,,,,,0.9,0.1,tournament,3.0,True,False,0.5,0.1,0.35,5.0,0.0,,,,,,,,,,,,,,
J30_4.RCP,1,60.82314049586776,3.2005560398101807,GA_tournament_rcx_random_random_noLS_noNeighborhood,55,1000,1,50.0,60.0,,,,,,random,rcx,random,False,,,,,,,0.9,0.1,tournament,3.0,True,False,0.5,0.1,0.35,5.0,0.0,,,,,,,,,,,,,,
J30_4.RCP,0,75.29586776859503,0.8688230514526367,GA_tournament_rcx_random_heuristic_withLS_withNeighborhood,55,1000,0,50.0,60.0,,,,,,random,rcx,heuristic,True,,,,,,,0.9,0.1,tournament,3.0,True,False,0.5,0.1,0.35,5.0,2.0,,,,,,,,,,,,,,
J30_4.RCP,1,67.73223140495868,0.9130082130432129,GA_tournament_rcx_random_heuristic_withLS_withNeighborhood,55,1000,1,50.0,60.0,,,,,,random,rcx,heuristic,True,,,,,,,0.9,0.1,tournament,3.0,True,False,0.5,0.1,0.35,5.0,2.0,,,,,,,,,,,,,,
J30_4.RCP,0,75.29586776859503,0.8690187931060791,GA_tournament_rcx_random_heuristic_withLS_noNeighborhood,55,1000,0,50.0,60.0,,,,,,random,rcx,heuristic,True,,,,,,,0.9,0.1,tournament,3.0,True,False,0.5,0.1,0.35,5.0,0.0,,,,,,,,,,,,,,
J30_4.RCP,1,67.73223140495868,0.9101791381835938,GA_tournament_rcx_random_heuristic_withLS_noNeighborhood,55,1000,1,50.0,60.0,,,,,,random,rcx,heuristic,True,,,,,,,0.9,0.1,tournament,3.0,True,False,0.5,0.1,0.35,5.0,0.0,,,,,,,,,,,,,,
J30_4.RCP,0,62.314049586776854,3.1754510402679443,GA_tournament_rcx_random_heuristic_noLS_withNeighborhood,55,1000,0,50.0,60.0,,,,,,random,rcx,heuristic,False,,,,,,,0.9,0.1,tournament,3.0,True,False,0.5,0.1,0.35,5.0,2.0,,,,,,,,,,,,,,
J30_4.RCP,1,57.223140495867774,3.1541330814361572,GA_tournament_rcx_random_heuristic_noLS_withNeighborhood,55,1000,1,50.0,60.0,,,,,,random,rcx,heuristic,False,,,,,,,0.9,0.1,tournament,3.0,True,False,0.5,0.1,0.35,5.0,2.0,,,,,,,,,,,,,,
J30_4.RCP,0,62.314049586776854,3.2105538845062256,GA_tournament_rcx_random_heuristic_noLS_noNeighborhood,55,1000,0,50.0,60.0,,,,,,random,rcx,heuristic,False,,,,,,,0.9,0.1,tournament,3.0,True,False,0.5,0.1,0.35,5.0,0.0,,,,,,,,,,,,,,
J30_4.RCP,1,57.223140495867774,3.174147844314575,GA_tournament_rcx_random_heuristic_noLS_noNeighborhood,55,1000,1,50.0,60.0,,,,,,random,rcx,heuristic,False,,,,,,,0.9,0.1,tournament,3.0,True,False,0.5,0.1,0.35,5.0,0.0,,,,,,,,,,,,,,
J30_4.RCP,0,77.18677685950412,0.9526979923248291,GA_tournament_rcx_adaptive_random_withLS_withNeighborhood,55,1000,0,50.0,60.0,,,,,,adaptive,rcx,random,True,,,,,,,0.9,0.1,tournament,3.0,True,False,0.5,0.1,0.35,5.0,2.0,,,,,,,,,,,,,,
J30_4.RCP,1,74.78677685950413,0.9044506549835205,GA_tournament_rcx_adaptive_random_withLS_withNeighborhood,55,1000,1,50.0,60.0,,,,,,adaptive,rcx,random,True,,,,,,,0.9,0.1,tournament,3.0,True,False,0.5,0.1,0.35,5.0,2.0,,,,,,,,,,,,,,
J30_4.RCP,0,77.18677685950412,0.912898063659668,GA_tournament_rcx_adaptive_random_withLS_noNeighborhood,55,1000,0,50.0,60.0,,,,,,adaptive,rcx,random,True,,,,,,,0.9,0.1,tournament,3.0,True,False,0.5,0.1,0.35,5.0,0.0,,,,,,,,,,,,,,
J30_4.RCP,1,74.78677685950413,0.9011318683624268,GA_tournament_rcx_adaptive_random_withLS_noNeighborhood,55,1000,1,50.0,60.0,,,,,,adaptive,rcx,random,True,,,,,,,0.9,0.1,tournament,3.0,True,False,0.5,0.1,0.35,5.0,0.0,,,,,,,,,,,,,,
J30_4.RCP,0,62.78677685950414,3.371673107147217,GA_tournament_rcx_adaptive_random_noLS_withNeighborhood,55,1000,0,50.0,60.0,,,,,,adaptive,rcx,random,False,,,,,,,0.9,0.1,tournament,3.0,True,False,0.5,0.1,0.35,5.0,2.0,,,,,,,,,,,,,,
J30_4.RCP,1,64.1685950413223,3.2058300971984863,GA_tournament_rcx_adaptive_random_noLS_withNeighborhood,55,1000,1,50.0,60.0,,,,,,adaptive,rcx,random,False,,,,,,,0.9,0.1,tournament,3.0,True,False,0.5,0.1,0.35,5.0,2.0,,,,,,,,,,,,,,
J30_4.RCP,0,62.78677685950414,3.2383651733398438,GA_tournament_rcx_adaptive_random_noLS_noNeighborhood,55,1000,0,50.0,60.0,,,,,,adaptive,rcx,random,False,,,,,,,0.9,0.1,tournament,3.0,True,False,0.5,0.1,0.35,5.0,0.0,,,,,,,,,,,,,,
J30_4.RCP,1,64.1685950413223,3.1903200149536133,GA_tournament_rcx_adaptive_random_noLS_noNeighborhood,55,1000,1,50.0,60.0,,,,,,adaptive,rcx,random,False,,,,,,,0.9,0.1,tournament,3.0,True,False,0.5,0.1,0.35,5.0,0.0,,,,,,,,,,,,,,
J30_4.RCP,0,66.96859504132232,0.9157288074493408,GA_tournament_rcx_adaptive_heuristic_withLS_withNeighborhood,55,1000,0,50.0,60.0,,,,,,adaptive,rcx,heuristic,True,,,,,,,0.9,0.1,tournament,3.0,True,False,0.5,0.1,0.35,5.0,2.0,,,,,,,,,,,,,,
J30_4.RCP,1,78.71404958677685,0.8447928428649902,GA_tournament_rcx_adaptive_heuristic_withLS_withNeighborhood,55,1000,1,50.0,60.0,,,,,,adaptive,rcx,heuristic,True,,,,,,,0.9,0.1,tournament,3.0,True,False,0.5,0.1,0.35,5.0,2.0,,,,,,,,,,,,,,
J30_4.RCP,0,66.96859504132232,0.9159080982208252,GA_tournament_rcx_adaptive_heuristic_withLS_noNeighborhood,55,1000,0,50.0,60.0,,,,,,adaptive,rcx,heuristic,True,,,,,,,0.9,0.1,tournament,3.0,True,False,0.5,0.1,0.35,5.0,0.0,,,,,,,,,,,,,,
J30_4.RCP,1,78.71404958677685,0.8477997779846191,GA_tournament_rcx_adaptive_heuristic_withLS_noNeighborhood,55,1000,1,50.0,60.0,,,,,,adaptive,rcx,heuristic,True,,,,,,,0.9,0.1,tournament,3.0,True,False,0.5,0.1,0.35,5.0,0.0,,,,,,,,,,,,,,
J30_4.RCP,0,63.80495867768595,3.182204008102417,GA_tournament_rcx_adaptive_heuristic_noLS_withNeighborhood,55,1000,0,50.0,60.0,,,,,,adaptive,rcx,heuristic,False,,,,,,,0.9,0.1,tournament,3.0,True,False,0.5,0.1,0.35,5.0,2.0,,,,,,,,,,,,,,
J30_4.RCP,1,62.56859504132232,3.169416904449463,GA_tournament_rcx_adaptive_heuristic_noLS_withNeighborhood,55,1000,1,50.0,60.0,,,,,,adaptive,rcx,heuristic,False,,,,,,,0.9,0.1,tournament,3.0,True,False,0.5,0.1,0.35,5.0,2.0,,,,,,,,,,,,,,
J30_4.RCP,0,63.80495867768595,3.1938798427581787,GA_tournament_rcx_adaptive_heuristic_noLS_noNeighborhood,55,1000,0,50.0,60.0,,,,,,adaptive,rcx,heuristic,False,,,,,,,0.9,0.1,tournament,3.0,True,False,0.5,0.1,0.35,5.0,0.0,,,,,,,,,,,,,,
J30_4.RCP,1,62.56859504132232,3.138258934020996,GA_tournament_rcx_adaptive_heuristic_noLS_noNeighborhood,55,1000,1,50.0,60.0,,,,,,adaptive,rcx,heuristic,False,,,,,,,0.9,0.1,tournament,3.0,True,False,0.5,0.1,0.35,5.0,0.0,,,,,,,,,,,,,,
J30_4.RCP,0,72.02314049586778,0.5320699214935303,GA_tournament_hybrid_random_random_withLS_withNeighborhood,55,1000,0,50.0,60.0,,,,,,random,hybrid,random,True,,,,,,,0.9,0.1,tournament,3.0,True,False,0.5,0.1,0.35,5.0,2.0,,,,,,,,,,,,,,
J30_4.RCP,1,67.00495867768595,0.528433084487915,GA_tournament_hybrid_random_random_withLS_withNeighborhood,55,1000,1,50.0,60.0,,,,,,random,hybrid,random,True,,,,,,,0.9,0.1,tournament,3.0,True,False,0.5,0.1,0.35,5.0,2.0,,,,,,,,,,,,,,
J30_4.RCP,0,72.02314049586778,0.5271391868591309,GA_tournament_hybrid_random_random_withLS_noNeighborhood,55,1000,0,50.0,60.0,,,,,,random,hybrid,random,True,,,,,,,0.9,0.1,tournament,3.0,True,False,0.5,0.1,0.35,5.0,0.0,,,,,,,,,,,,,,
J30_4.RCP,1,67.00495867768595,0.525446891784668,GA_tournament_hybrid_random_random_withLS_noNeighborhood,55,1000,1,50.0,60.0,,,,,,random,hybrid,random,True,,,,,,,0.9,0.1,tournament,3.0,True,False,0.5,0.1,0.35,5.0,0.0,,,,,,,,,,,,,,
J30_4.RCP,0,57.04132231404959,1.7107081413269043,GA_tournament_hybrid_random_random_noLS_withNeighborhood,55,1000,0,50.0,60.0,,,,,,random,hybrid,random,False,,,,,,,0.9,0.1,tournament,3.0,True,False,0.5,0.1,0.35,5.0,2.0,,,,,,,,,,,,,,
J30_4.RCP,1,60.53223140495867,1.7832980155944824,GA_tournament_hybrid_random_random_noLS_withNeighborhood,55,1000,1,50.0,60.0,,,,,,random,hybrid,random,False,,,,,,,0.9,0.1,tournament,3.0,True,False,0.5,0.1,0.35,5.0,2.0,,,,,,,,,,,,,,
J30_4.RCP,0,57.04132231404959,1.723057746887207,GA_tournament_hybrid_random_random_noLS_noNeighborhood,55,1000,0,50.0,60.0,,,,,,random,hybrid,random,False,,,,,,,0.9,0.1,tournament,3.0,True,False,0.5,0.1,0.35,5.0,0.0,,,,,,,,,,,,,,
J30_4.RCP,1,60.53223140495867,1.7115411758422852,GA_tournament_hybrid_random_random_noLS_noNeighborhood,55,1000,1,50.0,60.0,,,,,,random,hybrid,random,False,,,,,,,0.9,0.1,tournament,3.0,True,False,0.5,0.1,0.35,5.0,0.0,,,,,,,,,,,,,,
J30_4.RCP,0,70.9685950413223,0.5139031410217285,GA_tournament_hybrid_random_heuristic_withLS_withNeighborhood,55,1000,0,50.0,60.0,,,,,,random,hybrid,heuristic,True,,,,,,,0.9,0.1,tournament,3.0,True,False,0.5,0.1,0.35,5.0,2.0,,,,,,,,,,,,,,
J30_4.RCP,1,69.87768595041322,0.5060009956359863,GA_tournament_hybrid_random_heuristic_withLS_withNeighborhood,55,1000,1,50.0,60.0,,,,,,random,hybrid,heuristic,True,,,,,,,0.9,0.1,tournament,3.0,True,False,0.5,0.1,0.35,5.0,2.0,,,,,,,,,,,,,,
J30_4.RCP,0,70.9685950413223,0.5144670009613037,GA_tournament_hybrid_random_heuristic_withLS_noNeighborhood,55,1000,0,50.0,60.0,,,,,,random,hybrid,heuristic,True,,,,,,,0.9,0.1,tournament,3.0,True,False,0.5,0.1,0.35,5.0,0.0,,,,,,,,,,,,,,
J30_4.RCP,1,69.87768595041322,0.5058917999267578,GA_tournament_hybrid_random_heuristic_withLS_noNeighborhood,55,1000,1,50.0,60.0,,,,,,random,hybrid,heuristic,True,,,,,,,0.9,0.1,tournament,3.0,True,False,0.5,0.1,0.35,5.0,0.0,,,,,,,,,,,,,,
J30_4.RCP,0,60.67768595041322,1.728299856185913,GA_tournament_hybrid_random_heuristic_noLS_withNeighborhood,55,1000,0,50.0,60.0,,,,,,random,hybrid,heuristic,False,,,,,,,0.9,0.1,tournament,3.0,True,False,0.5,0.1,0.35,5.0,2.0,,,,,,,,,,,,,,
J30_4.RCP,1,58.53223140495868,1.7401771545410156,GA_tournament_hybrid_random_heuristic_noLS_withNeighborhood,55,1000,1,50.0,60.0,,,,,,random,hybrid,heuristic,False,,,,,,,0.9,0.1,tournament,3.0,True,False,0.5,0.1,0.35,5.0,2.0,,,,,,,,,,,,,,
J30_4.RCP,0,60.67768595041322,1.7337868213653564,GA_tournament_hybrid_random_heuristic_noLS_noNeighborhood,55,1000,0,50.0,60.0,,,,,,random,hybrid,heuristic,False,,,,,,,0.9,0.1,tournament,3.0,True,False,0.5,0.1,0.35,5.0,0.0,,,,,,,,,,,,,,
J30_4.RCP,1,58.53223140495868,1.7526369094848633,GA_tournament_hybrid_random_heuristic_noLS_noNeighborhood,55,1000,1,50.0,60.0,,,,,,random,hybrid,heuristic,False,,,,,,,0.9,0.1,tournament,3.0,True,False,0.5,0.1,0.35,5.0,0.0,,,,,,,,,,,,,,
J30_4.RCP,0,73.00495867768595,0.5611670017242432,GA_tournament_hybrid_adaptive_random_withLS_withNeighborhood,55,1000,0,50.0,60.0,,,,,,adaptive,hybrid,random,True,,,,,,,0.9,0.1,tournament,3.0,True,False,0.5,0.1,0.35,5.0,2.0,,,,,,,,,,,,,,
J30_4.RCP,1,72.96859504132232,0.5391130447387695,GA_tournament_hybrid_adaptive_random_withLS_withNeighborhood,55,1000,1,50.0,60.0,,,,,,adaptive,hybrid,random,True,,,,,,,0.9,0.1,tournament,3.0,True,False,0.5,0.1,0.35,5.0,2.0,,,,,,,,,,,,,,
J30_4.RCP,0,73.00495867768595,0.5520257949829102,GA_tournament_hybrid_adaptive_random_withLS_noNeighborhood,55,1000,0,50.0,60.0,,,,,,adaptive,hybrid,random,True,,,,,,,0.9,0.1,tournament,3.0,True,False,0.5,0.1,0.35,5.0,0.0,,,,,,,,,,,,,,
J30_4.RCP,1,72.96859504132232,0.5138449668884277,GA_tournament_hybrid_adaptive_random_withLS_noNeighborhood,55,1000,1,50.0,60.0,,,,,,adaptive,hybrid,random,True,,,,,,,0.9,0.1,tournament,3.0,True,False,0.5,0.1,0.35,5.0,0.0,,,,,,,,,,,,,,
J30_4.RCP,0,63.9504132231405,1.7799890041351318,GA_tournament_hybrid_adaptive_random_noLS_withNeighborhood,55,1000,0,50.0,60.0,,,,,,adaptive,hybrid,random,False,,,,,,,0.9,0.1,tournament,3.0,True,False,0.5,0.1,0.35,5.0,2.0,,,,,,,,,,,,,,
J30_4.RCP,1,65.98677685950413,1.7920150756835938,GA_tournament_hybrid_adaptive_random_noLS_withNeighborhood,55,1000,1,50.0,60.0,,,,,,adaptive,hybrid,random,False,,,,,,,0.9,0.1,tournament,3.0,True,False,0.5,0.1,0.35,5.0,2.0,,,,,,,,,,,,,,
J30_4.RCP,0,63.9504132231405,1.754173994064331,GA_tournament_hybrid_adaptive_random_noLS_noNeighborhood,55,1000,0,50.0,60.0,,,,,,adaptive,hybrid,random,False,,,,,,,0.9,0.1,tournament,3.0,True,False,0.5,0.1,0.35,5.0,0.0,,,,,,,,,,,,,,
J30_4.RCP,1,65.98677685950413,1.7392141819000244,GA_tournament_hybrid_adaptive_random_noLS_noNeighborhood,55,1000,1,50.0,60.0,,,,,,adaptive,hybrid,random,False,,,,,,,0.9,0.1,tournament,3.0,True,False,0.5,0.1,0.35,5.0,0.0,,,,,,,,,,,,,,
J30_4.RCP,0,77.58677685950413,0.4915449619293213,GA_tournament_hybrid_adaptive_heuristic_withLS_withNeighborhood,55,1000,0,50.0,60.0,,,,,,adaptive,hybrid,heuristic,True,,,,,,,0.9,0.1,tournament,3.0,True,False,0.5,0.1,0.35,5.0,2.0,,,,,,,,,,,,,,
J30_4.RCP,1,75.18677685950415,0.5141360759735107,GA_tournament_hybrid_adaptive_heuristic_withLS_withNeighborhood,55,1000,1,50.0,60.0,,,,,,adaptive,hybrid,heuristic,True,,,,,,,0.9,0.1,tournament,3.0,True,False,0.5,0.1,0.35,5.0,2.0,,,,,,,,,,,,,,
J30_4.RCP,0,77.58677685950413,0.4933910369873047,GA_tournament_hybrid_adaptive_heuristic_withLS_noNeighborhood,55,1000,0,50.0,60.0,,,,,,adaptive,hybrid,heuristic,True,,,,,,,0.9,0.1,tournament,3.0,True,False,0.5,0.1,0.35,5.0,0.0,,,,,,,,,,,,,,
J30_4.RCP,1,75.18677685950415,0.5131950378417969,GA_tournament_hybrid_adaptive_heuristic_withLS_noNeighborhood,55,1000,1,50.0,60.0,,,,,,adaptive,hybrid,heuristic,True,,,,,,,0.9,0.1,tournament,3.0,True,False,0.5,0.1,0.35,5.0,0.0,,,,,,,,,,,,,,
J30_4.RCP,0,64.27768595041321,1.75229811668396,GA_tournament_hybrid_adaptive_heuristic_noLS_withNeighborhood,55,1000,0,50.0,60.0,,,,,,adaptive,hybrid,heuristic,False,,,,,,,0.9,0.1,tournament,3.0,True,False,0.5,0.1,0.35,5.0,2.0,,,,,,,,,,,,,,
J30_4.RCP,1,63.00495867768595,1.7236464023590088,GA_tournament_hybrid_adaptive_heuristic_noLS_withNeighborhood,55,1000,1,50.0,60.0,,,,,,adaptive,hybrid,heuristic,False,,,,,,,0.9,0.1,tournament,3.0,True,False,0.5,0.1,0.35,5.0,2.0,,,,,,,,,,,,,,
J30_4.RCP,0,64.27768595041321,1.7535758018493652,GA_tournament_hybrid_adaptive_heuristic_noLS_noNeighborhood,55,1000,0,50.0,60.0,,,,,,adaptive,hybrid,heuristic,False,,,,,,,0.9,0.1,tournament,3.0,True,False,0.5,0.1,0.35,5.0,0.0,,,,,,,,,,,,,,
J30_4.RCP,1,63.00495867768595,1.684664011001587,GA_tournament_hybrid_adaptive_heuristic_noLS_noNeighborhood,55,1000,1,50.0,60.0,,,,,,adaptive,hybrid,heuristic,False,,,,,,,0.9,0.1,tournament,3.0,True,False,0.5,0.1,0.35,5.0,0.0,,,,,,,,,,,,,,
J30_4.RCP,0,76.20495867768595,0.11348819732666016,SA_default,55,1000,0,,60.0,,,,,,,,,,,,,,,,,,,,,,,,,,,10000.0,0.995,10.0,,,,,,,,,,,
J30_4.RCP,1,76.82314049586778,0.1120448112487793,SA_default,55,1000,1,,60.0,,,,,,,,,,,,,,,,,,,,,,,,,,,10000.0,0.995,10.0,,,,,,,,,,,
J30_4.RCP,0,69.22314049586777,0.10371208190917969,ILS_strength3,55,1000,0,,60.0,100.0,,,,,,,,,,,,,,,,,,,,,,,,,,,,,3.0,,,,,,,,,,
J30_4.RCP,1,73.33223140495868,0.10381007194519043,ILS_strength3,55,1000,1,,60.0,100.0,,,,,,,,,,,,,,,,,,,,,,,,,,,,,3.0,,,,,,,,,,
J30_4.RCP,0,69.22314049586777,0.10331296920776367,ILS_strength5,55,1000,0,,60.0,100.0,,,,,,,,,,,,,,,,,,,,,,,,,,,,,5.0,,,,,,,,,,
J30_4.RCP,1,73.33223140495868,0.10259199142456055,ILS_strength5,55,1000,1,,60.0,100.0,,,,,,,,,,,,,,,,,,,,,,,,,,,,,5.0,,,,,,,,,,
J30_4.RCP,0,69.22314049586777,0.1031198501586914,ILS_strength7,55,1000,0,,60.0,100.0,,,,,,,,,,,,,,,,,,,,,,,,,,,,,7.0,,,,,,,,,,
J30_4.RCP,1,73.33223140495868,0.10262799263000488,ILS_strength7,55,1000,1,,60.0,100.0,,,,,,,,,,,,,,,,,,,,,,,,,,,,,7.0,,,,,,,,,,
J30_4.RCP,0,69.22314049586777,0.1029207706451416,ILS_strength10,55,1000,0,,60.0,100.0,,,,,,,,,,,,,,,,,,,,,,,,,,,,,10.0,,,,,,,,,,
J30_4.RCP,1,73.33223140495868,0.10235023498535156,ILS_strength10,55,1000,1,,60.0,100.0,,,,,,,,,,,,,,,,,,,,,,,,,,,,,10.0,,,,,,,,,,
J30_4.RCP,0,69.22314049586777,0.10300612449645996,ILS_strength15,55,1000,0,,60.0,100.0,,,,,,,,,,,,,,,,,,,,,,,,,,,,,15.0,,,,,,,,,,
J30_4.RCP,1,73.33223140495868,0.10182619094848633,ILS_strength15,55,1000,1,,60.0,100.0,,,,,,,,,,,,,,,,,,,,,,,,,,,,,15.0,,,,,,,,,,
J30_4.RCP,0,58.095867768595035,0.11266493797302246,TS_static,55,1000,0,,60.0,100.0,,,,,,,,,,,,,,,,,,,,,,,,,20.0,,,,,10.0,True,static,1.0,4.0,10.0,,,,
J30_4.RCP,1,54.4595041322314,0.11338424682617188,TS_static,55,1000,1,,60.0,100.0,,,,,,,,,,,,,,,,,,,,,,,,,20.0,,,,,10.0,True,static,1.0,4.0,10.0,,,,
J30_4.RCP,0,58.095867768595035,0.1159060001373291,TS_dynamic,55,1000,0,,60.0,100.0,,,,,,,,,,,,,,,,,,,,,,,,,20.0,,,,,10.0,True,dynamic,1.0,4.0,10.0,,,,
J30_4.RCP,1,54.4595041322314,0.11300110816955566,TS_dynamic,55,1000,1,,60.0,100.0,,,,,,,,,,,,,,,,,,,,,,,,,20.0,,,,,10.0,True,dynamic,1.0,4.0,10.0,,,,
J30_4.RCP,0,97.69586776859504,0.1272130012512207,PR_forward_best_withLS,55,1000,0,,60.0,100.0,,,,,,,,True,,,,,,,,,best,,,,,,,,,,,,,,,,,,,10.0,forward,50.0,
J30_4.RCP,1,109.58677685950411,0.1273648738861084,PR_forward_best_withLS,55,1000,1,,60.0,100.0,,,,,,,,True,,,,,,,,,best,,,,,,,,,,,,,,,,,,,10.0,forward,50.0,
J30_4.RCP,0,85.1504132231405,0.03779315948486328,PR_forward_best_noLS,55,1000,0,,60.0,100.0,,,,,,,,False,,,,,,,,,best,,,,,,,,,,,,,,,,,,,10.0,forward,50.0,
J30_4.RCP,1,89.18677685950415,0.04763007164001465,PR_forward_best_noLS,55,1000,1,,60.0,100.0,,,,,,,,False,,,,,,,,,best,,,,,,,,,,,,,,,,,,,10.0,forward,50.0,
J30_4.RCP,0,105.40495867768597,0.12743401527404785,PR_forward_random_two_withLS,55,1000,0,,60.0,100.0,,,,,,,,True,,,,,,,,,random_two,,,,,,,,,,,,,,,,,,,10.0,forward,50.0,
J30_4.RCP,1,114.09586776859504,0.12737011909484863,PR_forward_random_two_withLS,55,1000,1,,60.0,100.0,,,,,,,,True,,,,,,,,,random_two,,,,,,,,,,,,,,,,,,,10.0,forward,50.0,
J30_4.RCP,0,77.73223140495867,0.02606511116027832,PR_forward_random_two_noLS,55,1000,0,,60.0,100.0,,,,,,,,False,,,,,,,,,random_two,,,,,,,,,,,,,,,,,,,10.0,forward,50.0,
J30_4.RCP,1,84.93223140495869,0.025800228118896484,PR_forward_random_two_noLS,55,1000,1,,60.0,100.0,,,,,,,,False,,,,,,,,,random_two,,,,,,,,,,,,,,,,,,,10.0,forward,50.0,
J30_4.RCP,0,103.51404958677685,0.1267549991607666,PR_backward_best_withLS,55,1000,0,,60.0,100.0,,,,,,,,True,,,,,,,,,best,,,,,,,,,,,,,,,,,,,10.0,backward,50.0,
J30_4.RCP,1,111.04132231404958,0.12977814674377441,PR_backward_best_withLS,55,1000,1,,60.0,100.0,,,,,,,,True,,,,,,,,,best,,,,,,,,,,,,,,,,,,,10.0,backward,50.0,
J30_4.RCP,0,87.69586776859505,0.03868913650512695,PR_backward_best_noLS,55,1000,0,,60.0,100.0,,,,,,,,False,,,,,,,,,best,,,,,,,,,,,,,,,,,,,10.0,backward,50.0,
J30_4.RCP,1,93.33223140495868,0.035878896713256836,PR_backward_best_noLS,55,1000,1,,60.0,100.0,,,,,,,,False,,,,,,,,,best,,,,,,,,,,,,,,,,,,,10.0,backward,50.0,
J30_4.RCP,0,100.20495867768592,0.12699222564697266,PR_backward_random_two_withLS,55,1000,0,,60.0,100.0,,,,,,,,True,,,,,,,,,random_two,,,,,,,,,,,,,,,,,,,10.0,backward,50.0,
J30_4.RCP,1,93.25950413223141,0.12707304954528809,PR_backward_random_two_withLS,55,1000,1,,60.0,100.0,,,,,,,,True,,,,,,,,,random_two,,,,,,,,,,,,,,,,,,,10.0,backward,50.0,
J30_4.RCP,0,95.18677685950412,0.026911020278930664,PR_backward_random_two_noLS,55,1000,0,,60.0,100.0,,,,,,,,False,,,,,,,,,random_two,,,,,,,,,,,,,,,,,,,10.0,backward,50.0,
J30_4.RCP,1,86.96859504132233,0.0261838436126709,PR_backward_random_two_noLS,55,1000,1,,60.0,100.0,,,,,,,,False,,,,,,,,,random_two,,,,,,,,,,,,,,,,,,,10.0,backward,50.0,
J30_4.RCP,0,94.16859504132232,0.8453629016876221,GSA_default,55,1000,0,50.0,60.0,100.0,,,,,,,random,,,,,,,,,,,,True,,20.0,,,,,,,,,,,,,,,,,,100.0
J30_4.RCP,1,92.89586776859504,0.849189043045044,GSA_default,55,1000,1,50.0,60.0,100.0,,,,,,,random,,,,,,,,,,,,True,,20.0,,,,,,,,,,,,,,,,,,100.0
J60_1.RCP,0,111.53820205768258,0.2583761215209961,DE_rand/1_adaptiveF_bin_adaptiveCR_withLS,77,1000,0,50.0,60.0,100.0,0.1,0.9,True,True,rand/1,bin,random,True,5.0,0.3,1.5,0.3,1.0,1.0,,,,,,,,,,,,,,,,,,,,,,,,,
J60_1.RCP,1,111.17456569404621,0.25892114639282227,DE_rand/1_adaptiveF_bin_adaptiveCR_withLS,77,1000,1,50.0,60.0,100.0,0.1,0.9,True,True,rand/1,bin,random,True,5.0,0.3,1.5,0.3,1.0,1.0,,,,,,,,,,,,,,,,,,,,,,,,,
J60_1.RCP,0,109.01872153820206,0.25472092628479004,DE_rand/1_adaptiveF_bin_adaptiveCR_noLS,77,1000,0,50.0,60.0,100.0,0.1,0.9,True,True,rand/1,bin,random,False,5.0,0.3,1.5,0.3,1.0,1.0,,,,,,,,,,,,,,,,,,,,,,,,,
J60_1.RCP,1,112.8628773823579,0.25578784942626953,DE_rand/1_adaptiveF_bin_adaptiveCR_noLS,77,1000,1,50.0,60.0,100.0,0.1,0.9,True,True,rand/1,bin,random,False,5.0,0.3,1.5,0.3,1.0,1.0,,,,,,,,,,,,,,,,,,,,,,,,,
J60_1.RCP,0,106.75898127846179,0.2572290897369385,DE_rand/1_adaptiveF_bin_fixedCR_withLS,77,1000,0,50.0,60.0,100.0,0.1,0.9,True,False,rand/1,bin,random,True,5.0,0.3,1.5,0.3,1.0,1.0,,,,,,,,,,,,,,,,,,,,,,,,,
J60_1.RCP,1,104.75898127846179,0.2581510543823242,DE_rand/1_adaptiveF_bin_fixedCR_withLS,77,1000,1,50.0,60.0,100.0,0.1,0.9,True,False,rand/1,bin,random,True,5.0,0.3,1.5,0.3,1.0,1.0,,,,,,,,,,,,,,,,,,,,,,,,,
J60_1.RCP,0,107.72002023950076,0.2544867992401123,DE_rand/1_adaptiveF_bin_fixedCR_noLS,77,1000,0,50.0,60.0,100.0,0.1,0.9,True,False,rand/1,bin,random,False,5.0,0.3,1.5,0.3,1.0,1.0,,,,,,,,,,,,,,,,,,,,,,,,,
J60_1.RCP,1,99.74599426547478,0.25311899185180664,DE_rand/1_adaptiveF_bin_fixedCR_noLS,77,1000,1,50.0,60.0,100.0,0.1,0.9,True,False,rand/1,bin,random,False,5.0,0.3,1.5,0.3,1.0,1.0,,,,,,,,,,,,,,,,,,,,,,,,,
J60_1.RCP,0,110.86287738235792,0.26139092445373535,DE_rand/1_adaptiveF_exp_adaptiveCR_withLS,77,1000,0,50.0,60.0,100.0,0.1,0.9,True,True,rand/1,exp,random,True,5.0,0.3,1.5,0.3,1.0,1.0,,,,,,,,,,,,,,,,,,,,,,,,,
J60_1.RCP,1,109.95378647326699,0.25929808616638184,DE_rand/1_adaptiveF_exp_adaptiveCR_withLS,77,1000,1,50.0,60.0,100.0,0.1,0.9,True,True,rand/1,exp,random,True,5.0,0.3,1.5,0.3,1.0,1.0,,,,,,,,,,,,,,,,,,,,,,,,,
J60_1.RCP,0,108.52521504469556,0.257648229598999,DE_rand/1_adaptiveF_exp_adaptiveCR_noLS,77,1000,0,50.0,60.0,100.0,0.1,0.9,True,True,rand/1,exp,random,False,5.0,0.3,1.5,0.3,1.0,1.0,,,,,,,,,,,,,,,,,,,,,,,,,
J60_1.RCP,1,111.72002023950076,0.2571890354156494,DE_rand/1_adaptiveF_exp_adaptiveCR_noLS,77,1000,1,50.0,60.0,100.0,0.1,0.9,True,True,rand/1,exp,random,False,5.0,0.3,1.5,0.3,1.0,1.0,,,,,,,,,,,,,,,,,,,,,,,,,
J60_1.RCP,0,104.83690335638386,0.25777292251586914,DE_rand/1_adaptiveF_exp_fixedCR_withLS,77,1000,0,50.0,60.0,100.0,0.1,0.9,True,False,rand/1,exp,random,True,5.0,0.3,1.5,0.3,1.0,1.0,,,,,,,,,,,,,,,,,,,,,,,,,
J60_1.RCP,1,107.12261764209816,0.2597239017486572,DE_rand/1_adaptiveF_exp_fixedCR_withLS,77,1000,1,50.0,60.0,100.0,0.1,0.9,True,False,rand/1,exp,random,True,5.0,0.3,1.5,0.3,1.0,1.0,,,,,,,,,,,,,,,,,,,,,,,,,
J60_1.RCP,0,88.81092933040985,0.25571584701538086,DE_rand/1_adaptiveF_exp_fixedCR_noLS,77,1000,0,50.0,60.0,100.0,0.1,0.9,True,False,rand/1,exp,random,False,5.0,0.3,1.5,0.3,1.0,1.0,,,,,,,,,,,,,,,,,,,,,,,,,
J60_1.RCP,1,102.03170855118907,0.2554969787597656,DE_rand/1_adaptiveF_exp_fixedCR_noLS,77,1000,1,50.0,60.0,100.0,0.1,0.9,True,False,rand/1,exp,random,False,5.0,0.3,1.5,0.3,1.0,1.0,,,,,,,,,,,,,,,,,,,,,,,,,
J60_1.RCP,0,120.10963062911115,0.26976490020751953,DE_rand/1_fixedF_bin_adaptiveCR_withLS,77,1000,0,50.0,60.0,100.0,0.1,0.9,False,True,rand/1,bin,random,True,5.0,0.3,1.5,0.3,1.0,1.0,,,,,,,,,,,,,,,,,,,,,,,,,
J60_1.RCP,1,113.69404621352673,0.2844538688659668,DE_rand/1_fixedF_bin_adaptiveCR_withLS,77,1000,1,50.0,60.0,100.0,0.1,0.9,False,True,rand/1,bin,random,True,5.0,0.3,1.5,0.3,1.0,1.0,,,,,,,,,,,,,,,,,,,,,,,,,
J60_1.RCP,0,117.82391634339686,0.29427194595336914,DE_rand/1_fixedF_bin_adaptiveCR_noLS,77,1000,0,50.0,60.0,100.0,0.1,0.9,False,True,rand/1,bin,random,False,5.0,0.3,1.5,0.3,1.0,1.0,,,,,,,,,,,,,,,,,,,,,,,,,
J60_1.RCP,1,107.87586439534492,0.2655022144317627,DE_rand/1_fixedF_bin_adaptiveCR_noLS,77,1000,1,50.0,60.0,100.0,0.1,0.9,False,True,rand/1,bin,random,False,5.0,0.3,1.5,0.3,1.0,1.0,,,,,,,,,,,,,,,,,,,,,,,,,
J60_1.RCP,0,112.94079946027998,0.2655820846557617,DE_rand/1_fixedF_bin_fixedCR_withLS,77,1000,0,50.0,60.0,100.0,0.1,0.9,False,False,rand/1,bin,random,True,5.0,0.3,1.5,0.3,1.0,1.0,,,,,,,,,,,,,,,,,,,,,,,,,
J60_1.RCP,1,107.17456569404621,0.2660050392150879,DE_rand/1_fixedF_bin_fixedCR_withLS,77,1000,1,50.0,60.0,100.0,0.1,0.9,False,False,rand/1,bin,random,True,5.0,0.3,1.5,0.3,1.0,1.0,,,,,,,,,,,,,,,,,,,,,,,,,
J60_1.RCP,0,108.70703322651374,0.2612128257751465,DE_rand/1_fixedF_bin_fixedCR_noLS,77,1000,0,50.0,60.0,100.0,0.1,0.9,False,False,rand/1,bin,random,False,5.0,0.3,1.5,0.3,1.0,1.0,,,,,,,,,,,,,,,,,,,,,,,,,
J60_1.RCP,1,102.10963062911115,0.2600860595703125,DE_rand/1_fixedF_bin_fixedCR_noLS,77,1000,1,50.0,60.0,100.0,0.1,0.9,False,False,rand/1,bin,random,False,5.0,0.3,1.5,0.3,1.0,1.0,,,,,,,,,,,,,,,,,,,,,,,,,
J60_1.RCP,0,114.39534491482543,0.27177977561950684,DE_rand/1_fixedF_exp_adaptiveCR_withLS,77,1000,0,50.0,60.0,100.0,0.1,0.9,False,True,rand/1,exp,random,True,5.0,0.3,1.5,0.3,1.0,1.0,,,,,,,,,,,,,,,,,,,,,,,,,
J60_1.RCP,1,107.30443582391634,0.27230000495910645,DE_rand/1_fixedF_exp_adaptiveCR_withLS,77,1000,1,50.0,60.0,100.0,0.1,0.9,False,True,rand/1,exp,random,True,5.0,0.3,1.5,0.3,1.0,1.0,,,,,,,,,,,,,,,,,,,,,,,,,
J60_1.RCP,0,117.04469556417608,0.26773881912231445,DE_rand/1_fixedF_exp_adaptiveCR_noLS,77,1000,0,50.0,60.0,100.0,0.1,0.9,False,True,rand/1,exp,random,False,5.0,0.3,1.5,0.3,1.0,1.0,,,,,,,,,,,,,,,,,,,,,,,,,
J60_1.RCP,1,113.4602799797605,0.26619529724121094,DE_rand/1_fixedF_exp_adaptiveCR_noLS,77,1000,1,50.0,60.0,100.0,0.1,0.9,False,True,rand/1,exp,random,False,5.0,0.3,1.5,0.3,1.0,1.0,,,,,,,,,,,,,,,,,,,,,,,,,
J60_1.RCP,0,112.00573452521505,0.26565098762512207,DE_rand/1_fixedF_exp_fixedCR_withLS,77,1000,0,50.0,60.0,100.0,0.1,0.9,False,False,rand/1,exp,random,True,5.0,0.3,1.5,0.3,1.0,1.0,,,,,,,,,,,,,,,,,,,,,,,,,
J60_1.RCP,1,104.34339686287738,0.26578712463378906,DE_rand/1_fixedF_exp_fixedCR_withLS,77,1000,1,50.0,60.0,100.0,0.1,0.9,False,False,rand/1,exp,random,True,5.0,0.3,1.5,0.3,1.0,1.0,,,,,,,,,,,,,,,,,,,,,,,,,
J60_1.RCP,0,105.04469556417608,0.26147913932800293,DE_rand/1_fixedF_exp_fixedCR_noLS,77,1000,0,50.0,60.0,100.0,0.1,0.9,False,False,rand/1,exp,random,False,5.0,0.3,1.5,0.3,1.0,1.0,,,,,,,,,,,,,,,,,,,,,,,,,
J60_1.RCP,1,106.99274751222804,0.2623300552368164,DE_rand/1_fixedF_exp_fixedCR_noLS,77,1000,1,50.0,60.0,100.0,0.1,0.9,False,False,rand/1,exp,random,False,5.0,0.3,1.5,0.3,1.0,1.0,,,,,,,,,,,,,,,,,,,,,,,,,
J60_1.RCP,0,108.13560465508517,0.26375508308410645,DE_rand/2_adaptiveF_bin_adaptiveCR_withLS,77,1000,0,50.0,60.0,100.0,0.1,0.9,True,True,rand/2,bin,random,True,5.0,0.3,1.5,0.3,1.0,1.0,,,,,,,,,,,,,,,,,,,,,,,,,
J60_1.RCP,1,106.73300725248777,0.2626638412475586,DE_rand/2_adaptiveF_bin_adaptiveCR_withLS,77,1000,1,50.0,60.0,100.0,0.1,0.9,True,True,rand/2,bin,random,True,5.0,0.3,1.5,0.3,1.0,1.0,,,,,,,,,,,,,,,,,,,,,,,,,
J60_1.RCP,0,112.03170855118907,0.2603001594543457,DE_rand/2_adaptiveF_bin_adaptiveCR_noLS,77,1000,0,50.0,60.0,100.0,0.1,0.9,True,True,rand/2,bin,random,False,5.0,0.3,1.5,0.3,1.0,1.0,,,,,,,,,,,,,,,,,,,,,,,,,
J60_1.RCP,1,111.43430595378648,0.26010704040527344,DE_rand/2_adaptiveF_bin_adaptiveCR_noLS,77,1000,1,50.0,60.0,100.0,0.1,0.9,True,True,rand/2,bin,random,False,5.0,0.3,1.5,0.3,1.0,1.0,,,,,,,,,,,,,,,,,,,,,,,,,
J60_1.RCP,0,105.1745656940462,0.26059699058532715,DE_rand/2_adaptiveF_bin_fixedCR_withLS,77,1000,0,50.0,60.0,100.0,0.1,0.9,True,False,rand/2,bin,random,True,5.0,0.3,1.5,0.3,1.0,1.0,,,,,,,,,,,,,,,,,,,,,,,,,
J60_1.RCP,1,108.03170855118907,0.26076698303222656,DE_rand/2_adaptiveF_bin_fixedCR_withLS,77,1000,1,50.0,60.0,100.0,0.1,0.9,True,False,rand/2,bin,random,True,5.0,0.3,1.5,0.3,1.0,1.0,,,,,,,,,,,,,,,,,,,,,,,,,
J60_1.RCP,0,104.966773486254,0.258228063583374,DE_rand/2_adaptiveF_bin_fixedCR_noLS,77,1000,0,50.0,60.0,100.0,0.1,0.9,True,False,rand/2,bin,random,False,5.0,0.3,1.5,0.3,1.0,1.0,,,,,,,,,,,,,,,,,,,,,,,,,
J60_1.RCP,1,108.1615786810592,0.2583792209625244,DE_rand/2_adaptiveF_bin_fixedCR_noLS,77,1000,1,50.0,60.0,100.0,0.1,0.9,True,False,rand/2,bin,random,False,5.0,0.3,1.5,0.3,1.0,1.0,,,,,,,,,,,,,,,,,,,,,,,,,
J60_1.RCP,0,111.5641760836566,0.2640089988708496,DE_rand/2_adaptiveF_exp_adaptiveCR_withLS,77,1000,0,50.0,60.0,100.0,0.1,0.9,True,True,rand/2,exp,random,True,5.0,0.3,1.5,0.3,1.0,1.0,,,,,,,,,,,,,,,,,,,,,,,,,
J60_1.RCP,1,110.5511890706696,0.2643280029296875,DE_rand/2_adaptiveF_exp_adaptiveCR_withLS,77,1000,1,50.0,60.0,100.0,0.1,0.9,True,True,rand/2,exp,random,True,5.0,0.3,1.5,0.3,1.0,1.0,,,,,,,,,,,,,,,,,,,,,,,,,
J60_1.RCP,0,110.00573452521505,0.26152992248535156,DE_rand/2_adaptiveF_exp_adaptiveCR_noLS,77,1000,0,50.0,60.0,100.0,0.1,0.9,True,True,rand/2,exp,random,False,5.0,0.3,1.5,0.3,1.0,1.0,,,,,,,,,,,,,,,,,,,,,,,,,
J60_1.RCP,1,109.66807218755271,0.2623171806335449,DE_rand/2_adaptiveF_exp_adaptiveCR_noLS,77,1000,1,50.0,60.0,100.0,0.1,0.9,True,True,rand/2,exp,random,False,5.0,0.3,1.5,0.3,1.0,1.0,,,,,,,,,,,,,,,,,,,,,,,,,
J60_1.RCP,0,111.79794231742284,0.2637779712677002,DE_rand/2_adaptiveF_exp_fixedCR_withLS,77,1000,0,50.0,60.0,100.0,0.1,0.9,True,False,rand/2,exp,random,True,5.0,0.3,1.5,0.3,1.0,1.0,,,,,,,,,,,,,,,,,,,,,,,,,
J60_1.RCP,1,100.03170855118907,0.26310300827026367,DE_rand/2_adaptiveF_exp_fixedCR_withLS,77,1000,1,50.0,60.0,100.0,0.1,0.9,True,False,rand/2,exp,random,True,5.0,0.3,1.5,0.3,1.0,1.0,,,,,,,,,,,,,,,,,,,,,,,,,
J60_1.RCP,0,105.0706695901501,0.25998473167419434,DE_rand/2_adaptiveF_exp_fixedCR_noLS,77,1000,0,50.0,60.0,100.0,0.1,0.9,True,False,rand/2,exp,random,False,5.0,0.3,1.5,0.3,1.0,1.0,,,,,,,,,,,,,,,,,,,,,,,,,
J60_1.RCP,1,99.84989036937088,0.25992584228515625,DE_rand/2_adaptiveF_exp_fixedCR_noLS,77,1000,1,50.0,60.0,100.0,0.1,0.9,True,False,rand/2,exp,random,False,5.0,0.3,1.5,0.3,1.0,1.0,,,,,,,,,,,,,,,,,,,,,,,,,
J60_1.RCP,0,113.12261764209816,0.284700870513916,DE_rand/2_fixedF_bin_adaptiveCR_withLS,77,1000,0,50.0,60.0,100.0,0.1,0.9,False,True,rand/2,bin,random,True,5.0,0.3,1.5,0.3,1.0,1.0,,,,,,,,,,,,,,,,,,,,,,,,,
J60_1.RCP,1,114.78495530443583,0.28446316719055176,DE_rand/2_fixedF_bin_adaptiveCR_withLS,77,1000,1,50.0,60.0,100.0,0.1,0.9,False,True,rand/2,bin,random,True,5.0,0.3,1.5,0.3,1.0,1.0,,,,,,,,,,,,,,,,,,,,,,,,,
J60_1.RCP,0,112.966773486254,0.27928900718688965,DE_rand/2_fixedF_bin_adaptiveCR_noLS,77,1000,0,50.0,60.0,100.0,0.1,0.9,False,True,rand/2,bin,random,False,5.0,0.3,1.5,0.3,1.0,1.0,,,,,,,,,,,,,,,,,,,,,,,,,
J60_1.RCP,1,106.23950075898128,0.2802450656890869,DE_rand/2_fixedF_bin_adaptiveCR_noLS,77,1000,1,50.0,60.0,100.0,0.1,0.9,False,True,rand/2,bin,random,False,5.0,0.3,1.5,0.3,1.0,1.0,,,,,,,,,,,,,,,,,,,,,,,,,
J60_1.RCP,0,106.91482543430595,0.2800459861755371,DE_rand/2_fixedF_bin_fixedCR_withLS,77,1000,0,50.0,60.0,100.0,0.1,0.9,False,False,rand/2,bin,random,True,5.0,0.3,1.5,0.3,1.0,1.0,,,,,,,,,,,,,,,,,,,,,,,,,
J60_1.RCP,1,103.30443582391634,0.2768869400024414,DE_rand/2_fixedF_bin_fixedCR_withLS,77,1000,1,50.0,60.0,100.0,0.1,0.9,False,False,rand/2,bin,random,True,5.0,0.3,1.5,0.3,1.0,1.0,,,,,,,,,,,,,,,,,,,,,,,,,
J60_1.RCP,0,104.75898127846179,0.27155494689941406,DE_rand/2_fixedF_bin_fixedCR_noLS,77,1000,0,50.0,60.0,100.0,0.1,0.9,False,False,rand/2,bin,random,False,5.0,0.3,1.5,0.3,1.0,1.0,,,,,,,,,,,,,,,,,,,,,,,,,
J60_1.RCP,1,103.51222803170855,0.2722921371459961,DE_rand/2_fixedF_bin_fixedCR_noLS,77,1000,1,50.0,60.0,100.0,0.1,0.9,False,False,rand/2,bin,random,False,5.0,0.3,1.5,0.3,1.0,1.0,,,,,,,,,,,,,,,,,,,,,,,,,
J60_1.RCP,0,107.64209816157867,0.2876148223876953,DE_rand/2_fixedF_exp_adaptiveCR_withLS,77,1000,0,50.0,60.0,100.0,0.1,0.9,False,True,rand/2,exp,random,True,5.0,0.3,1.5,0.3,1.0,1.0,,,,,,,,,,,,,,,,,,,,,,,,,
J60_1.RCP,1,115.3563838758644,0.287705659866333,DE_rand/2_fixedF_exp_adaptiveCR_withLS,77,1000,1,50.0,60.0,100.0,0.1,0.9,False,True,rand/2,exp,random,True,5.0,0.3,1.5,0.3,1.0,1.0,,,,,,,,,,,,,,,,,,,,,,,,,
J60_1.RCP,0,107.64209816157867,0.28235411643981934,DE_rand/2_fixedF_exp_adaptiveCR_noLS,77,1000,0,50.0,60.0,100.0,0.1,0.9,False,True,rand/2,exp,random,False,5.0,0.3,1.5,0.3,1.0,1.0,,,,,,,,,,,,,,,,,,,,,,,,,
J60_1.RCP,1,113.61612413560465,0.28218698501586914,DE_rand/2_fixedF_exp_adaptiveCR_noLS,77,1000,1,50.0,60.0,100.0,0.1,0.9,False,True,rand/2,exp,random,False,5.0,0.3,1.5,0.3,1.0,1.0,,,,,,,,,,,,,,,,,,,,,,,,,
J60_1.RCP,0,107.92781244729296,0.28026604652404785,DE_rand/2_fixedF_exp_fixedCR_withLS,77,1000,0,50.0,60.0,100.0,0.1,0.9,False,False,rand/2,exp,random,True,5.0,0.3,1.5,0.3,1.0,1.0,,,,,,,,,,,,,,,,,,,,,,,,,
J60_1.RCP,1,110.3693708888514,0.2803518772125244,DE_rand/2_fixedF_exp_fixedCR_withLS,77,1000,1,50.0,60.0,100.0,0.1,0.9,False,False,rand/2,exp,random,True,5.0,0.3,1.5,0.3,1.0,1.0,,,,,,,,,,,,,,,,,,,,,,,,,
J60_1.RCP,0,112.62911114859166,0.27425408363342285,DE_rand/2_fixedF_exp_fixedCR_noLS,77,1000,0,50.0,60.0,100.0,0.1,0.9,False,False,rand/2,exp,random,False,5.0,0.3,1.5,0.3,1.0,1.0,,,,,,,,,,,,,,,,,,,,,,,,,
J60_1.RCP,1,103.92781244729295,0.2751162052154541,DE_rand/2_fixedF_exp_fixedCR_noLS,77,1000,1,50.0,60.0,100.0,0.1,0.9,False,False,rand/2,exp,random,False,5.0,0.3,1.5,0.3,1.0,1.0,,,,,,,,,,,,,,,,,,,,,,,,,
J60_1.RCP,0,107.90183842131894,0.25998592376708984,DE_best/1_adaptiveF_bin_adaptiveCR_withLS,77,1000,0,50.0,60.0,100.0,0.1,0.9,True,True,best/1,bin,random,True,5.0,0.3,1.5,0.3,1.0,1.0,,,,,,,,,,,,,,,,,,,,,,,,,
J60_1.RCP,1,120.21352673300726,0.26057887077331543,DE_best/1_adaptiveF_bin_adaptiveCR_withLS,77,1000,1,50.0,60.0,100.0,0.1,0.9,True,True,best/1,bin,random,True,5.0,0.3,1.5,0.3,1.0,1.0,,,,,,,,,,,,,,,,,,,,,,,,,
J60_1.RCP,0,116.70703322651374,0.257831335067749,DE_best/1_adaptiveF_bin_adaptiveCR_noLS,77,1000,0,50.0,60.0,100.0,0.1,0.9,True,True,best/1,bin,random,False,5.0,0.3,1.5,0.3,1.0,1.0,,,,,,,,,,,,,,,,,,,,,,,,,
J60_1.RCP,1,105.48625400573452,0.2574951648712158,DE_best/1_adaptiveF_bin_adaptiveCR_noLS,77,1000,1,50.0,60.0,100.0,0.1,0.9,True,True,best/1,bin,random,False,5.0,0.3,1.5,0.3,1.0,1.0,,,,,,,,,,,,,,,,,,,,,,,,,
J60_1.RCP,0,98.99274751222804,0.2589240074157715,DE_best/1_adaptiveF_bin_fixedCR_withLS,77,1000,0,50.0,60.0,100.0,0.1,0.9,True,False,best/1,bin,random,True,5.0,0.3,1.5,0.3,1.0,1.0,,,,,,,,,,,,,,,,,,,,,,,,,
J60_1.RCP,1,98.99274751222804,0.2601959705352783,DE_best/1_adaptiveF_bin_fixedCR_withLS,77,1000,1,50.0,60.0,100.0,0.1,0.9,True,False,best/1,bin,random,True,5.0,0.3,1.5,0.3,1.0,1.0,,,,,,,,,,,,,,,,,,,,,,,,,
J60_1.RCP,0,98.73300725248777,0.25786495208740234,DE_best/1_adaptiveF_bin_fixedCR_noLS,77,1000,0,50.0,60.0,100.0,0.1,0.9,True,False,best/1,bin,random,False,5.0,0.3,1.5,0.3,1.0,1.0,,,,,,,,,,,,,,,,,,,,,,,,,
J60_1.RCP,1,95.33040984989037,0.2565441131591797,DE_best/1_adaptiveF_bin_fixedCR_noLS,77,1000,1,50.0,60.0,100.0,0.1,0.9,True,False,best/1,bin,random,False,5.0,0.3,1.5,0.3,1.0,1.0,,,,,,,,,,,,,,,,,,,,,,,,,
J60_1.RCP,0,108.966773486254,0.2625458240509033,DE_best/1_adaptiveF_exp_adaptiveCR_withLS,77,1000,0,50.0,60.0,100.0,0.1,0.9,True,True,best/1,exp,random,True,5.0,0.3,1.5,0.3,1.0,1.0,,,,,,,,,,,,,,,,,,,,,,,,,
J60_1.RCP,1,110.94079946027998,0.2724270820617676,DE_best/1_adaptiveF_exp_adaptiveCR_withLS,77,1000,1,50.0,60.0,100.0,0.1,0.9,True,True,best/1,exp,random,True,5.0,0.3,1.5,0.3,1.0,1.0,,,,,,,,,,,,,,,,,,,,,,,,,
J60_1.RCP,0,102.99274751222804,0.25992798805236816,DE_best/1_adaptiveF_exp_adaptiveCR_noLS,77,1000,0,50.0,60.0,100.0,0.1,0.9,True,True,best/1,exp,random,False,5.0,0.3,1.5,0.3,1.0,1.0,,,,,,,,,,,,,,,,,,,,,,,,,
J60_1.RCP,1,111.53820205768258,0.25974011421203613,DE_best/1_adaptiveF_exp_adaptiveCR_noLS,77,1000,1,50.0,60.0,100.0,0.1,0.9,True,True,best/1,exp,random,False,5.0,0.3,1.5,0.3,1.0,1.0,,,,,,,,,,,,,,,,,,,,,,,,,
J60_1.RCP,0,100.73300725248777,0.2617509365081787,DE_best/1_adaptiveF_exp_fixedCR_withLS,77,1000,0,50.0,60.0,100.0,0.1,0.9,True,False,best/1,exp,random,True,5.0,0.3,1.5,0.3,1.0,1.0,,,,,,,,,,,,,,,,,,,,,,,,,
J60_1.RCP,1,98.44729296677349,0.28737616539001465,DE_best/1_adaptiveF_exp_fixedCR_withLS,77,1000,1,50.0,60.0,100.0,0.1,0.9,True,False,best/1,exp,random,True,5.0,0.3,1.5,0.3,1.0,1.0,,,,,,,,,,,,,,,,,,,,,,,,,
J60_1.RCP,0,86.88885140833193,0.28719186782836914,DE_best/1_adaptiveF_exp_fixedCR_noLS,77,1000,0,50.0,60.0,100.0,0.1,0.9,True,False,best/1,exp,random,False,5.0,0.3,1.5,0.3,1.0,1.0,,,,,,,,,,,,,,,,,,,,,,,,,
J60_1.RCP,1,99.53820205768258,0.2905910015106201,DE_best/1_adaptiveF_exp_fixedCR_noLS,77,1000,1,50.0,60.0,100.0,0.1,0.9,True,False,best/1,exp,random,False,5.0,0.3,1.5,0.3,1.0,1.0,,,,,,,,,,,,,,,,,,,,,,,,,
J60_1.RCP,0,97.12261764209815,0.2884528636932373,DE_best/1_fixedF_bin_adaptiveCR_withLS,77,1000,0,50.0,60.0,100.0,0.1,0.9,False,True,best/1,bin,random,True,5.0,0.3,1.5,0.3,1.0,1.0,,,,,,,,,,,,,,,,,,,,,,,,,
J60_1.RCP,1,110.03170855118907,0.2977941036224365,DE_best/1_fixedF_bin_adaptiveCR_withLS,77,1000,1,50.0,60.0,100.0,0.1,0.9,False,True,best/1,bin,random,True,5.0,0.3,1.5,0.3,1.0,1.0,,,,,,,,,,,,,,,,,,,,,,,,,
J60_1.RCP,0,97.92781244729296,0.2707240581512451,DE_best/1_fixedF_bin_adaptiveCR_noLS,77,1000,0,50.0,60.0,100.0,0.1,0.9,False,True,best/1,bin,random,False,5.0,0.3,1.5,0.3,1.0,1.0,,,,,,,,,,,,,,,,,,,,,,,,,
J60_1.RCP,1,94.81092933040985,0.26707887649536133,DE_best/1_fixedF_bin_adaptiveCR_noLS,77,1000,1,50.0,60.0,100.0,0.1,0.9,False,True,best/1,bin,random,False,5.0,0.3,1.5,0.3,1.0,1.0,,,,,,,,,,,,,,,,,,,,,,,,,
J60_1.RCP,0,91.09664361612414,0.2614009380340576,DE_best/1_fixedF_bin_fixedCR_withLS,77,1000,0,50.0,60.0,100.0,0.1,0.9,False,False,best/1,bin,random,True,5.0,0.3,1.5,0.3,1.0,1.0,,,,,,,,,,,,,,,,,,,,,,,,,
J60_1.RCP,1,94.75898127846179,0.2617919445037842,DE_best/1_fixedF_bin_fixedCR_withLS,77,1000,1,50.0,60.0,100.0,0.1,0.9,False,False,best/1,bin,random,True,5.0,0.3,1.5,0.3,1.0,1.0,,,,,,,,,,,,,,,,,,,,,,,,,
J60_1.RCP,0,93.59015010963063,0.2565727233886719,DE_best/1_fixedF_bin_fixedCR_noLS,77,1000,0,50.0,60.0,100.0,0.1,0.9,False,False,best/1,bin,random,False,5.0,0.3,1.5,0.3,1.0,1.0,,,,,,,,,,,,,,,,,,,,,,,,,
J60_1.RCP,1,96.47326699274751,0.2588341236114502,DE_best/1_fixedF_bin_fixedCR_noLS,77,1000,1,50.0,60.0,100.0,0.1,0.9,False,False,best/1,bin,random,False,5.0,0.3,1.5,0.3,1.0,1.0,,,,,,,,,,,,,,,,,,,,,,,,,
J60_1.RCP,0,94.8628773823579,0.27645206451416016,DE_best/1_fixedF_exp_adaptiveCR_withLS,77,1000,0,50.0,60.0,100.0,0.1,0.9,False,True,best/1,exp,random,True,5.0,0.3,1.5,0.3,1.0,1.0,,,,,,,,,,,,,,,,,,,,,,,,,
J60_1.RCP,1,107.5641760836566,0.2748739719390869,DE_best/1_fixedF_exp_adaptiveCR_withLS,77,1000,1,50.0,60.0,100.0,0.1,0.9,False,True,best/1,exp,random,True,5.0,0.3,1.5,0.3,1.0,1.0,,,,,,,,,,,,,,,,,,,,,,,,,
J60_1.RCP,0,93.53820205768258,0.2693040370941162,DE_best/1_fixedF_exp_adaptiveCR_noLS,77,1000,0,50.0,60.0,100.0,0.1,0.9,False,True,best/1,exp,random,False,5.0,0.3,1.5,0.3,1.0,1.0,,,,,,,,,,,,,,,,,,,,,,,,,
J60_1.RCP,1,99.12261764209816,0.26868200302124023,DE_best/1_fixedF_exp_adaptiveCR_noLS,77,1000,1,50.0,60.0,100.0,0.1,0.9,False,True,best/1,exp,random,False,5.0,0.3,1.5,0.3,1.0,1.0,,,,,,,,,,,,,,,,,,,,,,,,,
J60_1.RCP,0,83.59015010963063,0.2626020908355713,DE_best/1_fixedF_exp_fixedCR_withLS,77,1000,0,50.0,60.0,100.0,0.1,0.9,False,False,best/1,exp,random,True,5.0,0.3,1.5,0.3,1.0,1.0,,,,,,,,,,,,,,,,,,,,,,,,,
J60_1.RCP,1,92.73300725248777,0.26410913467407227,DE_best/1_fixedF_exp_fixedCR_withLS,77,1000,1,50.0,60.0,100.0,0.1,0.9,False,False,best/1,exp,random,True,5.0,0.3,1.5,0.3,1.0,1.0,,,,,,,,,,,,,,,,,,,,,,,,,
J60_1.RCP,0,86.6550851745657,0.25879502296447754,DE_best/1_fixedF_exp_fixedCR_noLS,77,1000,0,50.0,60.0,100.0,0.1,0.9,False,False,best/1,exp,random,False,5.0,0.3,1.5,0.3,1.0,1.0,,,,,,,,,,,,,,,,,,,,,,,,,
J60_1.RCP,1,94.88885140833193,0.2596011161804199,DE_best/1_fixedF_exp_fixedCR_noLS,77,1000,1,50.0,60.0,100.0,0.1,0.9,False,False,best/1,exp,random,False,5.0,0.3,1.5,0.3,1.0,1.0,,,,,,,,,,,,,,,,,,,,,,,,,
J60_1.RCP,0,117.90183842131894,0.2664530277252197,DE_best/2_adaptiveF_bin_adaptiveCR_withLS,77,1000,0,50.0,60.0,100.0,0.1,0.9,True,True,best/2,bin,random,True,5.0,0.3,1.5,0.3,1.0,1.0,,,,,,,,,,,,,,,,,,,,,,,,,
J60_1.RCP,1,103.74599426547478,0.2657468318939209,DE_best/2_adaptiveF_bin_adaptiveCR_withLS,77,1000,1,50.0,60.0,100.0,0.1,0.9,True,True,best/2,bin,random,True,5.0,0.3,1.5,0.3,1.0,1.0,,,,,,,,,,,,,,,,,,,,,,,,,
J60_1.RCP,0,113.30443582391634,0.2969229221343994,DE_best/2_adaptiveF_bin_adaptiveCR_noLS,77,1000,0,50.0,60.0,100.0,0.1,0.9,True,True,best/2,bin,random,False,5.0,0.3,1.5,0.3,1.0,1.0,,,,,,,,,,,,,,,,,,,,,,,,,
J60_1.RCP,1,110.99274751222804,0.26286792755126953,DE_best/2_adaptiveF_bin_adaptiveCR_noLS,77,1000,1,50.0,60.0,100.0,0.1,0.9,True,True,best/2,bin,random,False,5.0,0.3,1.5,0.3,1.0,1.0,,,,,,,,,,,,,,,,,,,,,,,,,
J60_1.RCP,0,103.01872153820206,0.26436829566955566,DE_best/2_adaptiveF_bin_fixedCR_withLS,77,1000,0,50.0,60.0,100.0,0.1,0.9,True,False,best/2,bin,random,True,5.0,0.3,1.5,0.3,1.0,1.0,,,,,,,,,,,,,,,,,,,,,,,,,
J60_1.RCP,1,103.92781244729296,0.26479101181030273,DE_best/2_adaptiveF_bin_fixedCR_withLS,77,1000,1,50.0,60.0,100.0,0.1,0.9,True,False,best/2,bin,random,True,5.0,0.3,1.5,0.3,1.0,1.0,,,,,,,,,,,,,,,,,,,,,,,,,
J60_1.RCP,0,95.72002023950076,0.27229785919189453,DE_best/2_adaptiveF_bin_fixedCR_noLS,77,1000,0,50.0,60.0,100.0,0.1,0.9,True,False,best/2,bin,random,False,5.0,0.3,1.5,0.3,1.0,1.0,,,,,,,,,,,,,,,,,,,,,,,,,
J60_1.RCP,1,102.03170855118907,0.3185288906097412,DE_best/2_adaptiveF_bin_fixedCR_noLS,77,1000,1,50.0,60.0,100.0,0.1,0.9,True,False,best/2,bin,random,False,5.0,0.3,1.5,0.3,1.0,1.0,,,,,,,,,,,,,,,,,,,,,,,,,
J60_1.RCP,0,112.78495530443583,0.3770759105682373,DE_best/2_adaptiveF_exp_adaptiveCR_withLS,77,1000,0,50.0,60.0,100.0,0.1,0.9,True,True,best/2,exp,random,True,5.0,0.3,1.5,0.3,1.0,1.0,,,,,,,,,,,,,,,,,,,,,,,,,
J60_1.RCP,1,106.2654747849553,0.44593191146850586,DE_best/2_adaptiveF_exp_adaptiveCR_withLS,77,1000,1,50.0,60.0,100.0,0.1,0.9,True,True,best/2,exp,random,True,5.0,0.3,1.5,0.3,1.0,1.0,,,,,,,,,,,,,,,,,,,,,,,,,
J60_1.RCP,0,99.64209816157867,0.6390159130096436,DE_best/2_adaptiveF_exp_adaptiveCR_noLS,77,1000,0,50.0,60.0,100.0,0.1,0.9,True,True,best/2,exp,random,False,5.0,0.3,1.5,0.3,1.0,1.0,,,,,,,,,,,,,,,,,,,,,,,,,
J60_1.RCP,1,102.05768257716309,0.4515681266784668,DE_best/2_adaptiveF_exp_adaptiveCR_noLS,77,1000,1,50.0,60.0,100.0,0.1,0.9,True,True,best/2,exp,random,False,5.0,0.3,1.5,0.3,1.0,1.0,,,,,,,,,,,,,,,,,,,,,,,,,
J60_1.RCP,0,92.60313712261764,0.4491121768951416,DE_best/2_adaptiveF_exp_fixedCR_withLS,77,1000,0,50.0,60.0,100.0,0.1,0.9,True,False,best/2,exp,random,True,5.0,0.3,1.5,0.3,1.0,1.0,,,,,,,,,,,,,,,,,,,,,,,,,
J60_1.RCP,1,102.60313712261764,0.2986140251159668,DE_best/2_adaptiveF_exp_fixedCR_withLS,77,1000,1,50.0,60.0,100.0,0.1,0.9,True,False,best/2,exp,random,True,5.0,0.3,1.5,0.3,1.0,1.0,,,,,,,,,,,,,,,,,,,,,,,,,
J60_1.RCP,0,95.25248777196829,0.3193390369415283,DE_best/2_adaptiveF_exp_fixedCR_noLS,77,1000,0,50.0,60.0,100.0,0.1,0.9,True,False,best/2,exp,random,False,5.0,0.3,1.5,0.3,1.0,1.0,,,,,,,,,,,,,,,,,,,,,,,,,
J60_1.RCP,1,97.04469556417608,0.2674582004547119,DE_best/2_adaptiveF_exp_fixedCR_noLS,77,1000,1,50.0,60.0,100.0,0.1,0.9,True,False,best/2,exp,random,False,5.0,0.3,1.5,0.3,1.0,1.0,,,,,,,,,,,,,,,,,,,,,,,,,
J60_1.RCP,0,97.66807218755271,0.29227590560913086,DE_best/2_fixedF_bin_adaptiveCR_withLS,77,1000,0,50.0,60.0,100.0,0.1,0.9,False,True,best/2,bin,random,True,5.0,0.3,1.5,0.3,1.0,1.0,,,,,,,,,,,,,,,,,,,,,,,,,
J60_1.RCP,1,104.88885140833193,0.2870790958404541,DE_best/2_fixedF_bin_adaptiveCR_withLS,77,1000,1,50.0,60.0,100.0,0.1,0.9,False,True,best/2,bin,random,True,5.0,0.3,1.5,0.3,1.0,1.0,,,,,,,,,,,,,,,,,,,,,,,,,
J60_1.RCP,0,96.29144881092932,0.2910761833190918,DE_best/2_fixedF_bin_adaptiveCR_noLS,77,1000,0,50.0,60.0,100.0,0.1,0.9,False,True,best/2,bin,random,False,5.0,0.3,1.5,0.3,1.0,1.0,,,,,,,,,,,,,,,,,,,,,,,,,
J60_1.RCP,1,100.31742283690335,0.2806713581085205,DE_best/2_fixedF_bin_adaptiveCR_noLS,77,1000,1,50.0,60.0,100.0,0.1,0.9,False,True,best/2,bin,random,False,5.0,0.3,1.5,0.3,1.0,1.0,,,,,,,,,,,,,,,,,,,,,,,,,
J60_1.RCP,0,85.38235790183842,0.27780628204345703,DE_best/2_fixedF_bin_fixedCR_withLS,77,1000,0,50.0,60.0,100.0,0.1,0.9,False,False,best/2,bin,random,True,5.0,0.3,1.5,0.3,1.0,1.0,,,,,,,,,,,,,,,,,,,,,,,,,
J60_1.RCP,1,101.35638387586438,0.27355217933654785,DE_best/2_fixedF_bin_fixedCR_withLS,77,1000,1,50.0,60.0,100.0,0.1,0.9,False,False,best/2,bin,random,True,5.0,0.3,1.5,0.3,1.0,1.0,,,,,,,,,,,,,,,,,,,,,,,,,
J60_1.RCP,0,82.68105920053972,0.2669229507446289,DE_best/2_fixedF_bin_fixedCR_noLS,77,1000,0,50.0,60.0,100.0,0.1,0.9,False,False,best/2,bin,random,False,5.0,0.3,1.5,0.3,1.0,1.0,,,,,,,,,,,,,,,,,,,,,,,,,
J60_1.RCP,1,98.44729296677349,0.26798009872436523,DE_best/2_fixedF_bin_fixedCR_noLS,77,1000,1,50.0,60.0,100.0,0.1,0.9,False,False,best/2,bin,random,False,5.0,0.3,1.5,0.3,1.0,1.0,,,,,,,,,,,,,,,,,,,,,,,,,
J60_1.RCP,0,103.69404621352672,0.29132580757141113,DE_best/2_fixedF_exp_adaptiveCR_withLS,77,1000,0,50.0,60.0,100.0,0.1,0.9,False,True,best/2,exp,random,True,5.0,0.3,1.5,0.3,1.0,1.0,,,,,,,,,,,,,,,,,,,,,,,,,
J60_1.RCP,1,105.38235790183842,0.29045701026916504,DE_best/2_fixedF_exp_adaptiveCR_withLS,77,1000,1,50.0,60.0,100.0,0.1,0.9,False,True,best/2,exp,random,True,5.0,0.3,1.5,0.3,1.0,1.0,,,,,,,,,,,,,,,,,,,,,,,,,
J60_1.RCP,0,107.82391634339686,0.2823159694671631,DE_best/2_fixedF_exp_adaptiveCR_noLS,77,1000,0,50.0,60.0,100.0,0.1,0.9,False,True,best/2,exp,random,False,5.0,0.3,1.5,0.3,1.0,1.0,,,,,,,,,,,,,,,,,,,,,,,,,
J60_1.RCP,1,99.27846179794231,0.3164069652557373,DE_best/2_fixedF_exp_adaptiveCR_noLS,77,1000,1,50.0,60.0,100.0,0.1,0.9,False,True,best/2,exp,random,False,5.0,0.3,1.5,0.3,1.0,1.0,,,,,,,,,,,,,,,,,,,,,,,,,
J60_1.RCP,0,85.33040984989037,0.2982168197631836,DE_best/2_fixedF_exp_fixedCR_withLS,77,1000,0,50.0,60.0,100.0,0.1,0.9,False,False,best/2,exp,random,True,5.0,0.3,1.5,0.3,1.0,1.0,,,,,,,,,,,,,,,,,,,,,,,,,
J60_1.RCP,1,94.75898127846179,0.2737109661102295,DE_best/2_fixedF_exp_fixedCR_withLS,77,1000,1,50.0,60.0,100.0,0.1,0.9,False,False,best/2,exp,random,True,5.0,0.3,1.5,0.3,1.0,1.0,,,,,,,,,,,,,,,,,,,,,,,,,
J60_1.RCP,0,84.62911114859166,0.2685401439666748,DE_best/2_fixedF_exp_fixedCR_noLS,77,1000,0,50.0,60.0,100.0,0.1,0.9,False,False,best/2,exp,random,False,5.0,0.3,1.5,0.3,1.0,1.0,,,,,,,,,,,,,,,,,,,,,,,,,
J60_1.RCP,1,89.38235790183842,0.2691681385040283,DE_best/2_fixedF_exp_fixedCR_noLS,77,1000,1,50.0,60.0,100.0,0.1,0.9,False,False,best/2,exp,random,False,5.0,0.3,1.5,0.3,1.0,1.0,,,,,,,,,,,,,,,,,,,,,,,,,
J60_1.RCP,0,117.27846179794231,0.25878286361694336,DE_adaptive_bin_adaptiveCR_withLS,77,1000,0,50.0,60.0,100.0,0.1,0.9,True,True,adaptive,bin,random,True,5.0,0.3,1.5,0.3,1.0,1.0,,,,,,,,,,,,,,,,,,,,,,,,,
J60_1.RCP,1,112.99274751222804,0.25934386253356934,DE_adaptive_bin_adaptiveCR_withLS,77,1000,1,50.0,60.0,100.0,0.1,0.9,True,True,adaptive,bin,random,True,5.0,0.3,1.5,0.3,1.0,1.0,,,,,,,,,,,,,,,,,,,,,,,,,
J60_1.RCP,0,107.12261764209816,0.25847578048706055,DE_adaptive_bin_adaptiveCR_noLS,77,1000,0,50.0,60.0,100.0,0.1,0.9,True,True,adaptive,bin,random,False,5.0,0.3,1.5,0.3,1.0,1.0,,,,,,,,,,,,,,,,,,,,,,,,,
J60_1.RCP,1,112.2654747849553,0.25620579719543457,DE_adaptive_bin_adaptiveCR_noLS,77,1000,1,50.0,60.0,100.0,0.1,0.9,True,True,adaptive,bin,random,False,5.0,0.3,1.5,0.3,1.0,1.0,,,,,,,,,,,,,,,,,,,,,,,,,
J60_1.RCP,0,106.57716309664362,0.337360143661499,DE_adaptive_bin_fixedCR_withLS,77,1000,0,50.0,60.0,100.0,0.1,0.9,True,False,adaptive,bin,random,True,5.0,0.3,1.5,0.3,1.0,1.0,,,,,,,,,,,,,,,,,,,,,,,,,
J60_1.RCP,1,100.47326699274751,0.26157307624816895,DE_adaptive_bin_fixedCR_withLS,77,1000,1,50.0,60.0,100.0,0.1,0.9,True,False,adaptive,bin,random,True,5.0,0.3,1.5,0.3,1.0,1.0,,,,,,,,,,,,,,,,,,,,,,,,,
J60_1.RCP,0,98.00573452521503,0.25617408752441406,DE_adaptive_bin_fixedCR_noLS,77,1000,0,50.0,60.0,100.0,0.1,0.9,True,False,adaptive,bin,random,False,5.0,0.3,1.5,0.3,1.0,1.0,,,,,,,,,,,,,,,,,,,,,,,,,
J60_1.RCP,1,105.51222803170855,0.25530481338500977,DE_adaptive_bin_fixedCR_noLS,77,1000,1,50.0,60.0,100.0,0.1,0.9,True,False,adaptive,bin,random,False,5.0,0.3,1.5,0.3,1.0,1.0,,,,,,,,,,,,,,,,,,,,,,,,,
J60_1.RCP,0,113.79794231742284,0.2606542110443115,DE_adaptive_exp_adaptiveCR_withLS,77,1000,0,50.0,60.0,100.0,0.1,0.9,True,True,adaptive,exp,random,True,5.0,0.3,1.5,0.3,1.0,1.0,,,,,,,,,,,,,,,,,,,,,,,,,
J60_1.RCP,1,116.73300725248777,0.261674165725708,DE_adaptive_exp_adaptiveCR_withLS,77,1000,1,50.0,60.0,100.0,0.1,0.9,True,True,adaptive,exp,random,True,5.0,0.3,1.5,0.3,1.0,1.0,,,,,,,,,,,,,,,,,,,,,,,,,
J60_1.RCP,0,107.22651374599427,0.26522111892700195,DE_adaptive_exp_adaptiveCR_noLS,77,1000,0,50.0,60.0,100.0,0.1,0.9,True,True,adaptive,exp,random,False,5.0,0.3,1.5,0.3,1.0,1.0,,,,,,,,,,,,,,,,,,,,,,,,,
J60_1.RCP,1,106.2654747849553,0.2589869499206543,DE_adaptive_exp_adaptiveCR_noLS,77,1000,1,50.0,60.0,100.0,0.1,0.9,True,True,adaptive,exp,random,False,5.0,0.3,1.5,0.3,1.0,1.0,,,,,,,,,,,,,,,,,,,,,,,,,
J60_1.RCP,0,101.35638387586438,0.2606379985809326,DE_adaptive_exp_fixedCR_withLS,77,1000,0,50.0,60.0,100.0,0.1,0.9,True,False,adaptive,exp,random,True,5.0,0.3,1.5,0.3,1.0,1.0,,,,,,,,,,,,,,,,,,,,,,,,,
J60_1.RCP,1,104.39534491482543,0.26001405715942383,DE_adaptive_exp_fixedCR_withLS,77,1000,1,50.0,60.0,100.0,0.1,0.9,True,False,adaptive,exp,random,True,5.0,0.3,1.5,0.3,1.0,1.0,,,,,,,,,,,,,,,,,,,,,,,,,
J60_1.RCP,0,105.48625400573452,0.257432222366333,DE_adaptive_exp_fixedCR_noLS,77,1000,0,50.0,60.0,100.0,0.1,0.9,True,False,adaptive,exp,random,False,5.0,0.3,1.5,0.3,1.0,1.0,,,,,,,,,,,,,,,,,,,,,,,,,
J60_1.RCP,1,113.3563838758644,0.25672197341918945,DE_adaptive_exp_fixedCR_noLS,77,1000,1,50.0,60.0,100.0,0.1,0.9,True,False,adaptive,exp,random,False,5.0,0.3,1.5,0.3,1.0,1.0,,,,,,,,,,,,,,,,,,,,,,,,,
J60_1.RCP,0,122.00573452521505,0.2596108913421631,DE_current-to-rand/2_bin_adaptiveCR_withLS,77,1000,0,50.0,60.0,100.0,0.1,0.9,False,True,current-to-rand/2,bin,random,True,5.0,0.3,1.5,0.3,1.0,1.0,,,,,,,,,,,,,,,,,,,,,,,,,
J60_1.RCP,1,109.64209816157867,0.260545015335083,DE_current-to-rand/2_bin_adaptiveCR_withLS,77,1000,1,50.0,60.0,100.0,0.1,0.9,False,True,current-to-rand/2,bin,random,True,5.0,0.3,1.5,0.3,1.0,1.0,,,,,,,,,,,,,,,,,,,,,,,,,
J60_1.RCP,0,112.5511890706696,0.2570629119873047,DE_current-to-rand/2_bin_adaptiveCR_noLS,77,1000,0,50.0,60.0,100.0,0.1,0.9,False,True,current-to-rand/2,bin,random,False,5.0,0.3,1.5,0.3,1.0,1.0,,,,,,,,,,,,,,,,,,,,,,,,,
J60_1.RCP,1,112.6550851745657,0.2575211524963379,DE_current-to-rand/2_bin_adaptiveCR_noLS,77,1000,1,50.0,60.0,100.0,0.1,0.9,False,True,current-to-rand/2,bin,random,False,5.0,0.3,1.5,0.3,1.0,1.0,,,,,,,,,,,,,,,,,,,,,,,,,
J60_1.RCP,0,96.78495530443581,0.2613832950592041,DE_current-to-rand/2_bin_fixedCR_withLS,77,1000,0,50.0,60.0,100.0,0.1,0.9,False,False,current-to-rand/2,bin,random,True,5.0,0.3,1.5,0.3,1.0,1.0,,,,,,,,,,,,,,,,,,,,,,,,,
J60_1.RCP,1,106.2654747849553,0.2609841823577881,DE_current-to-rand/2_bin_fixedCR_withLS,77,1000,1,50.0,60.0,100.0,0.1,0.9,False,False,current-to-rand/2,bin,random,True,5.0,0.3,1.5,0.3,1.0,1.0,,,,,,,,,,,,,,,,,,,,,,,,,
J60_1.RCP,0,109.59015010963063,0.2565879821777344,DE_current-to-rand/2_bin_fixedCR_noLS,77,1000,0,50.0,60.0,100.0,0.1,0.9,False,False,current-to-rand/2,bin,random,False,5.0,0.3,1.5,0.3,1.0,1.0,,,,,,,,,,,,,,,,,,,,,,,,,
J60_1.RCP,1,108.1615786810592,0.2585620880126953,DE_current-to-rand/2_bin_fixedCR_noLS,77,1000,1,50.0,60.0,100.0,0.1,0.9,False,False,current-to-rand/2,bin,random,False,5.0,0.3,1.5,0.3,1.0,1.0,,,,,,,,,,,,,,,,,,,,,,,,,
J60_1.RCP,0,117.79794231742284,0.264401912689209,DE_current-to-rand/2_exp_adaptiveCR_withLS,77,1000,0,50.0,60.0,100.0,0.1,0.9,False,True,current-to-rand/2,exp,random,True,5.0,0.3,1.5,0.3,1.0,1.0,,,,,,,,,,,,,,,,,,,,,,,,,
J60_1.RCP,1,109.38235790183842,0.263120174407959,DE_current-to-rand/2_exp_adaptiveCR_withLS,77,1000,1,50.0,60.0,100.0,0.1,0.9,False,True,current-to-rand/2,exp,random,True,5.0,0.3,1.5,0.3,1.0,1.0,,,,,,,,,,,,,,,,,,,,,,,,,
J60_1.RCP,0,112.57716309664364,0.25942397117614746,DE_current-to-rand/2_exp_adaptiveCR_noLS,77,1000,0,50.0,60.0,100.0,0.1,0.9,False,True,current-to-rand/2,exp,random,False,5.0,0.3,1.5,0.3,1.0,1.0,,,,,,,,,,,,,,,,,,,,,,,,,
J60_1.RCP,1,111.64209816157867,0.25948214530944824,DE_current-to-rand/2_exp_adaptiveCR_noLS,77,1000,1,50.0,60.0,100.0,0.1,0.9,False,True,current-to-rand/2,exp,random,False,5.0,0.3,1.5,0.3,1.0,1.0,,,,,,,,,,,,,,,,,,,,,,,,,
J60_1.RCP,0,103.3563838758644,0.2605900764465332,DE_current-to-rand/2_exp_fixedCR_withLS,77,1000,0,50.0,60.0,100.0,0.1,0.9,False,False,current-to-rand/2,exp,random,True,5.0,0.3,1.5,0.3,1.0,1.0,,,,,,,,,,,,,,,,,,,,,,,,,
J60_1.RCP,1,108.966773486254,0.26053810119628906,DE_current-to-rand/2_exp_fixedCR_withLS,77,1000,1,50.0,60.0,100.0,0.1,0.9,False,False,current-to-rand/2,exp,random,True,5.0,0.3,1.5,0.3,1.0,1.0,,,,,,,,,,,,,,,,,,,,,,,,,
J60_1.RCP,0,97.3563838758644,0.2580587863922119,DE_current-to-rand/2_exp_fixedCR_noLS,77,1000,0,50.0,60.0,100.0,0.1,0.9,False,False,current-to-rand/2,exp,random,False,5.0,0.3,1.5,0.3,1.0,1.0,,,,,,,,,,,,,,,,,,,,,,,,,
J60_1.RCP,1,102.44729296677349,0.25746703147888184,DE_current-to-rand/2_exp_fixedCR_noLS,77,1000,1,50.0,60.0,100.0,0.1,0.9,False,False,current-to-rand/2,exp,random,False,5.0,0.3,1.5,0.3,1.0,1.0,,,,,,,,,,,,,,,,,,,,,,,,,
J60_1.RCP,0,127.14859166807219,0.23497891426086426,GA_roulette_single_point_random_random_withLS_withNeighborhood,77,1000,0,50.0,60.0,,,,,,random,single_point,random,True,,,,,,,0.9,0.1,roulette,3.0,True,False,0.5,0.1,0.35,5.0,2.0,,,,,,,,,,,,,,
J60_1.RCP,1,126.13560465508517,0.2359001636505127,GA_roulette_single_point_random_random_withLS_withNeighborhood,77,1000,1,50.0,60.0,,,,,,random,single_point,random,True,,,,,,,0.9,0.1,roulette,3.0,True,False,0.5,0.1,0.35,5.0,2.0,,,,,,,,,,,,,,
J60_1.RCP,0,127.14859166807219,0.23547601699829102,GA_roulette_single_point_random_random_withLS_noNeighborhood,77,1000,0,50.0,60.0,,,,,,random,single_point,random,True,,,,,,,0.9,0.1,roulette,3.0,True,False,0.5,0.1,0.35,5.0,0.0,,,,,,,,,,,,,,
J60_1.RCP,1,126.13560465508517,0.2341899871826172,GA_roulette_single_point_random_random_withLS_noNeighborhood,77,1000,1,50.0,60.0,,,,,,random,single_point,random,True,,,,,,,0.9,0.1,roulette,3.0,True,False,0.5,0.1,0.35,5.0,0.0,,,,,,,,,,,,,,
J60_1.RCP,0,114.60313712261764,0.33605003356933594,GA_roulette_single_point_random_random_noLS_withNeighborhood,77,1000,0,50.0,60.0,,,,,,random,single_point,random,False,,,,,,,0.9,0.1,roulette,3.0,True,False,0.5,0.1,0.35,5.0,2.0,,,,,,,,,,,,,,
J60_1.RCP,1,111.74599426547478,0.3338277339935303,GA_roulette_single_point_random_random_noLS_withNeighborhood,77,1000,1,50.0,60.0,,,,,,random,single_point,random,False,,,,,,,0.9,0.1,roulette,3.0,True,False,0.5,0.1,0.35,5.0,2.0,,,,,,,,,,,,,,
J60_1.RCP,0,114.60313712261764,0.3350849151611328,GA_roulette_single_point_random_random_noLS_noNeighborhood,77,1000,0,50.0,60.0,,,,,,random,single_point,random,False,,,,,,,0.9,0.1,roulette,3.0,True,False,0.5,0.1,0.35,5.0,0.0,,,,,,,,,,,,,,
J60_1.RCP,1,111.74599426547478,0.33350110054016113,GA_roulette_single_point_random_random_noLS_noNeighborhood,77,1000,1,50.0,60.0,,,,,,random,single_point,random,False,,,,,,,0.9,0.1,roulette,3.0,True,False,0.5,0.1,0.35,5.0,0.0,,,,,,,,,,,,,,
J60_1.RCP,0,124.08365660313711,0.23709917068481445,GA_roulette_single_point_random_heuristic_withLS_withNeighborhood,77,1000,0,50.0,60.0,,,,,,random,single_point,heuristic,True,,,,,,,0.9,0.1,roulette,3.0,True,False,0.5,0.1,0.35,5.0,2.0,,,,,,,,,,,,,,
J60_1.RCP,1,118.23950075898128,0.235490083694458,GA_roulette_single_point_random_heuristic_withLS_withNeighborhood,77,1000,1,50.0,60.0,,,,,,random,single_point,heuristic,True,,,,,,,0.9,0.1,roulette,3.0,True,False,0.5,0.1,0.35,5.0,2.0,,,,,,,,,,,,,,
J60_1.RCP,0,124.08365660313711,0.23584938049316406,GA_roulette_single_point_random_heuristic_withLS_noNeighborhood,77,1000,0,50.0,60.0,,,,,,random,single_point,heuristic,True,,,,,,,0.9,0.1,roulette,3.0,True,False,0.5,0.1,0.35,5.0,0.0,,,,,,,,,,,,,,
J60_1.RCP,1,118.23950075898128,0.23621082305908203,GA_roulette_single_point_random_heuristic_withLS_noNeighborhood,77,1000,1,50.0,60.0,,,,,,random,single_point,heuristic,True,,,,,,,0.9,0.1,roulette,3.0,True,False,0.5,0.1,0.35,5.0,0.0,,,,,,,,,,,,,,
J60_1.RCP,0,117.53820205768258,0.3362691402435303,GA_roulette_single_point_random_heuristic_noLS_withNeighborhood,77,1000,0,50.0,60.0,,,,,,random,single_point,heuristic,False,,,,,,,0.9,0.1,roulette,3.0,True,False,0.5,0.1,0.35,5.0,2.0,,,,,,,,,,,,,,
J60_1.RCP,1,113.77196829144881,0.33591341972351074,GA_roulette_single_point_random_heuristic_noLS_withNeighborhood,77,1000,1,50.0,60.0,,,,,,random,single_point,heuristic,False,,,,,,,0.9,0.1,roulette,3.0,True,False,0.5,0.1,0.35,5.0,2.0,,,,,,,,,,,,,,
J60_1.RCP,0,117.53820205768258,0.33641600608825684,GA_roulette_single_point_random_heuristic_noLS_noNeighborhood,77,1000,0,50.0,60.0,,,,,,random,single_point,heuristic,False,,,,,,,0.9,0.1,roulette,3.0,True,False,0.5,0.1,0.35,5.0,0.0,,,,,,,,,,,,,,
J60_1.RCP,1,113.77196829144881,0.3354167938232422,GA_roulette_single_point_random_heuristic_noLS_noNeighborhood,77,1000,1,50.0,60.0,,,,,,random,single_point,heuristic,False,,,,,,,0.9,0.1,roulette,3.0,True,False,0.5,0.1,0.35,5.0,0.0,,,,,,,,,,,,,,
J60_1.RCP,0,120.08365660313711,0.23890185356140137,GA_roulette_single_point_adaptive_random_withLS_withNeighborhood,77,1000,0,50.0,60.0,,,,,,adaptive,single_point,random,True,,,,,,,0.9,0.1,roulette,3.0,True,False,0.5,0.1,0.35,5.0,2.0,,,,,,,,,,,,,,
J60_1.RCP,1,119.92781244729296,0.23897218704223633,GA_roulette_single_point_adaptive_random_withLS_withNeighborhood,77,1000,1,50.0,60.0,,,,,,adaptive,single_point,random,True,,,,,,,0.9,0.1,roulette,3.0,True,False,0.5,0.1,0.35,5.0,2.0,,,,,,,,,,,,,,
J60_1.RCP,0,120.08365660313711,0.23848295211791992,GA_roulette_single_point_adaptive_random_withLS_noNeighborhood,77,1000,0,50.0,60.0,,,,,,adaptive,single_point,random,True,,,,,,,0.9,0.1,roulette,3.0,True,False,0.5,0.1,0.35,5.0,0.0,,,,,,,,,,,,,,
J60_1.RCP,1,119.92781244729296,0.23920679092407227,GA_roulette_single_point_adaptive_random_withLS_noNeighborhood,77,1000,1,50.0,60.0,,,,,,adaptive,single_point,random,True,,,,,,,0.9,0.1,roulette,3.0,True,False,0.5,0.1,0.35,5.0,0.0,,,,,,,,,,,,,,
J60_1.RCP,0,112.91482543430595,0.35482335090637207,GA_roulette_single_point_adaptive_random_noLS_withNeighborhood,77,1000,0,50.0,60.0,,,,,,adaptive,single_point,random,False,,,,,,,0.9,0.1,roulette,3.0,True,False,0.5,0.1,0.35,5.0,2.0,,,,,,,,,,,,,,
J60_1.RCP,1,117.87586439534492,0.3529548645019531,GA_roulette_single_point_adaptive_random_noLS_withNeighborhood,77,1000,1,50.0,60.0,,,,,,adaptive,single_point,random,False,,,,,,,0.9,0.1,roulette,3.0,True,False,0.5,0.1,0.35,5.0,2.0,,,,,,,,,,,,,,
J60_1.RCP,0,112.91482543430595,0.3539390563964844,GA_roulette_single_point_adaptive_random_noLS_noNeighborhood,77,1000,0,50.0,60.0,,,,,,adaptive,single_point,random,False,,,,,,,0.9,0.1,roulette,3.0,True,False,0.5,0.1,0.35,5.0,0.0,,,,,,,,,,,,,,
J60_1.RCP,1,117.87586439534492,0.35367703437805176,GA_roulette_single_point_adaptive_random_noLS_noNeighborhood,77,1000,1,50.0,60.0,,,,,,adaptive,single_point,random,False,,,,,,,0.9,0.1,roulette,3.0,True,False,0.5,0.1,0.35,5.0,0.0,,,,,,,,,,,,,,
J60_1.RCP,0,122.83690335638387,0.2395009994506836,GA_roulette_single_point_adaptive_heuristic_withLS_withNeighborhood,77,1000,0,50.0,60.0,,,,,,adaptive,single_point,heuristic,True,,,,,,,0.9,0.1,roulette,3.0,True,False,0.5,0.1,0.35,5.0,2.0,,,,,,,,,,,,,,
J60_1.RCP,1,118.23950075898128,0.2418045997619629,GA_roulette_single_point_adaptive_heuristic_withLS_withNeighborhood,77,1000,1,50.0,60.0,,,,,,adaptive,single_point,heuristic,True,,,,,,,0.9,0.1,roulette,3.0,True,False,0.5,0.1,0.35,5.0,2.0,,,,,,,,,,,,,,
J60_1.RCP,0,122.83690335638387,0.2421579360961914,GA_roulette_single_point_adaptive_heuristic_withLS_noNeighborhood,77,1000,0,50.0,60.0,,,,,,adaptive,single_point,heuristic,True,,,,,,,0.9,0.1,roulette,3.0,True,False,0.5,0.1,0.35,5.0,0.0,,,,,,,,,,,,,,
J60_1.RCP,1,118.23950075898128,0.24370312690734863,GA_roulette_single_point_adaptive_heuristic_withLS_noNeighborhood,77,1000,1,50.0,60.0,,,,,,adaptive,single_point,heuristic,True,,,,,,,0.9,0.1,roulette,3.0,True,False,0.5,0.1,0.35,5.0,0.0,,,,,,,,,,,,,,
J60_1.RCP,0,112.94079946027998,0.3552401065826416,GA_roulette_single_point_adaptive_heuristic_noLS_withNeighborhood,77,1000,0,50.0,60.0,,,,,,adaptive,single_point,heuristic,False,,,,,,,0.9,0.1,roulette,3.0,True,False,0.5,0.1,0.35,5.0,2.0,,,,,,,,,,,,,,
J60_1.RCP,1,116.60313712261764,0.354633092880249,GA_roulette_single_point_adaptive_heuristic_noLS_withNeighborhood,77,1000,1,50.0,60.0,,,,,,adaptive,single_point,heuristic,False,,,,,,,0.9,0.1,roulette,3.0,True,False,0.5,0.1,0.35,5.0,2.0,,,,,,,,,,,,,,
J60_1.RCP,0,112.94079946027998,0.3553938865661621,GA_roulette_single_point_adaptive_heuristic_noLS_noNeighborhood,77,1000,0,50.0,60.0,,,,,,adaptive,single_point,heuristic,False,,,,,,,0.9,0.1,roulette,3.0,True,False,0.5,0.1,0.35,5.0,0.0,,,,,,,,,,,,,,
J60_1.RCP,1,116.60313712261764,0.35425376892089844,GA_roulette_single_point_adaptive_heuristic_noLS_noNeighborhood,77,1000,1,50.0,60.0,,,,,,adaptive,single_point,heuristic,False,,,,,,,0.9,0.1,roulette,3.0,True,False,0.5,0.1,0.35,5.0,0.0,,,,,,,,,,,,,,
J60_1.RCP,0,108.52521504469556,0.23439693450927734,GA_roulette_two_point_random_random_withLS_withNeighborhood,77,1000,0,50.0,60.0,,,,,,random,two_point,random,True,,,,,,,0.9,0.1,roulette,3.0,True,False,0.5,0.1,0.35,5.0,2.0,,,,,,,,,,,,,,
J60_1.RCP,1,114.91482543430593,0.23603200912475586,GA_roulette_two_point_random_random_withLS_withNeighborhood,77,1000,1,50.0,60.0,,,,,,random,two_point,random,True,,,,,,,0.9,0.1,roulette,3.0,True,False,0.5,0.1,0.35,5.0,2.0,,,,,,,,,,,,,,
J60_1.RCP,0,108.52521504469556,0.23456692695617676,GA_roulette_two_point_random_random_withLS_noNeighborhood,77,1000,0,50.0,60.0,,,,,,random,two_point,random,True,,,,,,,0.9,0.1,roulette,3.0,True,False,0.5,0.1,0.35,5.0,0.0,,,,,,,,,,,,,,
J60_1.RCP,1,114.91482543430593,0.23473191261291504,GA_roulette_two_point_random_random_withLS_noNeighborhood,77,1000,1,50.0,60.0,,,,,,random,two_point,random,True,,,,,,,0.9,0.1,roulette,3.0,True,False,0.5,0.1,0.35,5.0,0.0,,,,,,,,,,,,,,
J60_1.RCP,0,108.52521504469556,0.33771324157714844,GA_roulette_two_point_random_random_noLS_withNeighborhood,77,1000,0,50.0,60.0,,,,,,random,two_point,random,False,,,,,,,0.9,0.1,roulette,3.0,True,False,0.5,0.1,0.35,5.0,2.0,,,,,,,,,,,,,,
J60_1.RCP,1,114.91482543430593,0.3375122547149658,GA_roulette_two_point_random_random_noLS_withNeighborhood,77,1000,1,50.0,60.0,,,,,,random,two_point,random,False,,,,,,,0.9,0.1,roulette,3.0,True,False,0.5,0.1,0.35,5.0,2.0,,,,,,,,,,,,,,
J60_1.RCP,0,108.52521504469556,0.33685779571533203,GA_roulette_two_point_random_random_noLS_noNeighborhood,77,1000,0,50.0,60.0,,,,,,random,two_point,random,False,,,,,,,0.9,0.1,roulette,3.0,True,False,0.5,0.1,0.35,5.0,0.0,,,,,,,,,,,,,,
J60_1.RCP,1,114.91482543430593,0.3381960391998291,GA_roulette_two_point_random_random_noLS_noNeighborhood,77,1000,1,50.0,60.0,,,,,,random,two_point,random,False,,,,,,,0.9,0.1,roulette,3.0,True,False,0.5,0.1,0.35,5.0,0.0,,,,,,,,,,,,,,
J60_1.RCP,0,120.73300725248777,0.23787784576416016,GA_roulette_two_point_random_heuristic_withLS_withNeighborhood,77,1000,0,50.0,60.0,,,,,,random,two_point,heuristic,True,,,,,,,0.9,0.1,roulette,3.0,True,False,0.5,0.1,0.35,5.0,2.0,,,,,,,,,,,,,,
J60_1.RCP,1,117.90183842131894,0.23611116409301758,GA_roulette_two_point_random_heuristic_withLS_withNeighborhood,77,1000,1,50.0,60.0,,,,,,random,two_point,heuristic,True,,,,,,,0.9,0.1,roulette,3.0,True,False,0.5,0.1,0.35,5.0,2.0,,,,,,,,,,,,,,
J60_1.RCP,0,120.73300725248777,0.23713088035583496,GA_roulette_two_point_random_heuristic_withLS_noNeighborhood,77,1000,0,50.0,60.0,,,,,,random,two_point,heuristic,True,,,,,,,0.9,0.1,roulette,3.0,True,False,0.5,0.1,0.35,5.0,0.0,,,,,,,,,,,,,,
J60_1.RCP,1,117.90183842131894,0.23786330223083496,GA_roulette_two_point_random_heuristic_withLS_noNeighborhood,77,1000,1,50.0,60.0,,,,,,random,two_point,heuristic,True,,,,,,,0.9,0.1,roulette,3.0,True,False,0.5,0.1,0.35,5.0,0.0,,,,,,,,,,,,,,
J60_1.RCP,0,120.73300725248777,0.3398737907409668,GA_roulette_two_point_random_heuristic_noLS_withNeighborhood,77,1000,0,50.0,60.0,,,,,,random,two_point,heuristic,False,,,,,,,0.9,0.1,roulette,3.0,True,False,0.5,0.1,0.35,5.0,2.0,,,,,,,,,,,,,,
J60_1.RCP,1,116.29144881092932,0.33901309967041016,GA_roulette_two_point_random_heuristic_noLS_withNeighborhood,77,1000,1,50.0,60.0,,,,,,random,two_point,heuristic,False,,,,,,,0.9,0.1,roulette,3.0,True,False,0.5,0.1,0.35,5.0,2.0,,,,,,,,,,,,,,
J60_1.RCP,0,120.73300725248777,0.3382248878479004,GA_roulette_two_point_random_heuristic_noLS_noNeighborhood,77,1000,0,50.0,60.0,,,,,,random,two_point,heuristic,False,,,,,,,0.9,0.1,roulette,3.0,True,False,0.5,0.1,0.35,5.0,0.0,,,,,,,,,,,,,,
J60_1.RCP,1,116.29144881092932,0.34166502952575684,GA_roulette_two_point_random_heuristic_noLS_noNeighborhood,77,1000,1,50.0,60.0,,,,,,random,two_point,heuristic,False,,,,,,,0.9,0.1,roulette,3.0,True,False,0.5,0.1,0.35,5.0,0.0,,,,,,,,,,,,,,
J60_1.RCP,0,127.64209816157867,0.240386962890625,GA_roulette_two_point_adaptive_random_withLS_withNeighborhood,77,1000,0,50.0,60.0,,,,,,adaptive,two_point,random,True,,,,,,,0.9,0.1,roulette,3.0,True,False,0.5,0.1,0.35,5.0,2.0,,,,,,,,,,,,,,
J60_1.RCP,1,121.64209816157867,0.24211978912353516,GA_roulette_two_point_adaptive_random_withLS_withNeighborhood,77,1000,1,50.0,60.0,,,,,,adaptive,two_point,random,True,,,,,,,0.9,0.1,roulette,3.0,True,False,0.5,0.1,0.35,5.0,2.0,,,,,,,,,,,,,,
J60_1.RCP,0,127.64209816157867,0.23872780799865723,GA_roulette_two_point_adaptive_random_withLS_noNeighborhood,77,1000,0,50.0,60.0,,,,,,adaptive,two_point,random,True,,,,,,,0.9,0.1,roulette,3.0,True,False,0.5,0.1,0.35,5.0,0.0,,,,,,,,,,,,,,
J60_1.RCP,1,121.64209816157867,0.24126720428466797,GA_roulette_two_point_adaptive_random_withLS_noNeighborhood,77,1000,1,50.0,60.0,,,,,,adaptive,two_point,random,True,,,,,,,0.9,0.1,roulette,3.0,True,False,0.5,0.1,0.35,5.0,0.0,,,,,,,,,,,,,,
J60_1.RCP,0,115.30443582391634,0.3566138744354248,GA_roulette_two_point_adaptive_random_noLS_withNeighborhood,77,1000,0,50.0,60.0,,,,,,adaptive,two_point,random,False,,,,,,,0.9,0.1,roulette,3.0,True,False,0.5,0.1,0.35,5.0,2.0,,,,,,,,,,,,,,
J60_1.RCP,1,110.83690335638387,0.3566458225250244,GA_roulette_two_point_adaptive_random_noLS_withNeighborhood,77,1000,1,50.0,60.0,,,,,,adaptive,two_point,random,False,,,,,,,0.9,0.1,roulette,3.0,True,False,0.5,0.1,0.35,5.0,2.0,,,,,,,,,,,,,,
J60_1.RCP,0,115.30443582391634,0.357684850692749,GA_roulette_two_point_adaptive_random_noLS_noNeighborhood,77,1000,0,50.0,60.0,,,,,,adaptive,two_point,random,False,,,,,,,0.9,0.1,roulette,3.0,True,False,0.5,0.1,0.35,5.0,0.0,,,,,,,,,,,,,,
J60_1.RCP,1,110.83690335638387,0.360978364944458,GA_roulette_two_point_adaptive_random_noLS_noNeighborhood,77,1000,1,50.0,60.0,,,,,,adaptive,two_point,random,False,,,,,,,0.9,0.1,roulette,3.0,True,False,0.5,0.1,0.35,5.0,0.0,,,,,,,,,,,,,,
J60_1.RCP,0,126.83690335638387,0.2451791763305664,GA_roulette_two_point_adaptive_heuristic_withLS_withNeighborhood,77,1000,0,50.0,60.0,,,,,,adaptive,two_point,heuristic,True,,,,,,,0.9,0.1,roulette,3.0,True,False,0.5,0.1,0.35,5.0,2.0,,,,,,,,,,,,,,
J60_1.RCP,1,118.23950075898128,0.24676775932312012,GA_roulette_two_point_adaptive_heuristic_withLS_withNeighborhood,77,1000,1,50.0,60.0,,,,,,adaptive,two_point,heuristic,True,,,,,,,0.9,0.1,roulette,3.0,True,False,0.5,0.1,0.35,5.0,2.0,,,,,,,,,,,,,,
J60_1.RCP,0,126.83690335638387,0.3406498432159424,GA_roulette_two_point_adaptive_heuristic_withLS_noNeighborhood,77,1000,0,50.0,60.0,,,,,,adaptive,two_point,heuristic,True,,,,,,,0.9,0.1,roulette,3.0,True,False,0.5,0.1,0.35,5.0,0.0,,,,,,,,,,,,,,
J60_1.RCP,1,118.23950075898128,0.26540279388427734,GA_roulette_two_point_adaptive_heuristic_withLS_noNeighborhood,77,1000,1,50.0,60.0,,,,,,adaptive,two_point,heuristic,True,,,,,,,0.9,0.1,roulette,3.0,True,False,0.5,0.1,0.35,5.0,0.0,,,,,,,,,,,,,,
J60_1.RCP,0,121.09664361612414,0.38895606994628906,GA_roulette_two_point_adaptive_heuristic_noLS_withNeighborhood,77,1000,0,50.0,60.0,,,,,,adaptive,two_point,heuristic,False,,,,,,,0.9,0.1,roulette,3.0,True,False,0.5,0.1,0.35,5.0,2.0,,,,,,,,,,,,,,
J60_1.RCP,1,112.21352673300726,0.35941410064697266,GA_roulette_two_point_adaptive_heuristic_noLS_withNeighborhood,77,1000,1,50.0,60.0,,,,,,adaptive,two_point,heuristic,False,,,,,,,0.9,0.1,roulette,3.0,True,False,0.5,0.1,0.35,5.0,2.0,,,,,,,,,,,,,,
J60_1.RCP,0,121.09664361612414,0.3644249439239502,GA_roulette_two_point_adaptive_heuristic_noLS_noNeighborhood,77,1000,0,50.0,60.0,,,,,,adaptive,two_point,heuristic,False,,,,,,,0.9,0.1,roulette,3.0,True,False,0.5,0.1,0.35,5.0,0.0,,,,,,,,,,,,,,
J60_1.RCP,1,112.21352673300726,0.44902491569519043,GA_roulette_two_point_adaptive_heuristic_noLS_noNeighborhood,77,1000,1,50.0,60.0,,,,,,adaptive,two_point,heuristic,False,,,,,,,0.9,0.1,roulette,3.0,True,False,0.5,0.1,0.35,5.0,0.0,,,,,,,,,,,,,,
J60_1.RCP,0,124.44729296677349,4.1898088455200195,GA_roulette_rcx_random_random_withLS_withNeighborhood,77,1000,0,50.0,60.0,,,,,,random,rcx,random,True,,,,,,,0.9,0.1,roulette,3.0,True,False,0.5,0.1,0.35,5.0,2.0,,,,,,,,,,,,,,
J60_1.RCP,1,118.60313712261764,4.149403095245361,GA_roulette_rcx_random_random_withLS_withNeighborhood,77,1000,1,50.0,60.0,,,,,,random,rcx,random,True,,,,,,,0.9,0.1,roulette,3.0,True,False,0.5,0.1,0.35,5.0,2.0,,,,,,,,,,,,,,
J60_1.RCP,0,124.44729296677349,4.3275980949401855,GA_roulette_rcx_random_random_withLS_noNeighborhood,77,1000,0,50.0,60.0,,,,,,random,rcx,random,True,,,,,,,0.9,0.1,roulette,3.0,True,False,0.5,0.1,0.35,5.0,0.0,,,,,,,,,,,,,,
J60_1.RCP,1,118.60313712261764,4.034482955932617,GA_roulette_rcx_random_random_withLS_noNeighborhood,77,1000,1,50.0,60.0,,,,,,random,rcx,random,True,,,,,,,0.9,0.1,roulette,3.0,True,False,0.5,0.1,0.35,5.0,0.0,,,,,,,,,,,,,,
J60_1.RCP,0,122.00573452521505,15.870866060256958,GA_roulette_rcx_random_random_noLS_withNeighborhood,77,1000,0,50.0,60.0,,,,,,random,rcx,random,False,,,,,,,0.9,0.1,roulette,3.0,True,False,0.5,0.1,0.35,5.0,2.0,,,,,,,,,,,,,,
J60_1.RCP,1,113.0706695901501,15.415402889251709,GA_roulette_rcx_random_random_noLS_withNeighborhood,77,1000,1,50.0,60.0,,,,,,random,rcx,random,False,,,,,,,0.9,0.1,roulette,3.0,True,False,0.5,0.1,0.35,5.0,2.0,,,,,,,,,,,,,,
J60_1.RCP,0,122.00573452521505,16.052910804748535,GA_roulette_rcx_random_random_noLS_noNeighborhood,77,1000,0,50.0,60.0,,,,,,random,rcx,random,False,,,,,,,0.9,0.1,roulette,3.0,True,False,0.5,0.1,0.35,5.0,0.0,,,,,,,,,,,,,,
J60_1.RCP,1,113.0706695901501,15.559417009353638,GA_roulette_rcx_random_random_noLS_noNeighborhood,77,1000,1,50.0,60.0,,,,,,random,rcx,random,False,,,,,,,0.9,0.1,roulette,3.0,True,False,0.5,0.1,0.35,5.0,0.0,,,,,,,,,,,,,,
J60_1.RCP,0,132.3693708888514,4.038899898529053,GA_roulette_rcx_random_heuristic_withLS_withNeighborhood,77,1000,0,50.0,60.0,,,,,,random,rcx,heuristic,True,,,,,,,0.9,0.1,roulette,3.0,True,False,0.5,0.1,0.35,5.0,2.0,,,,,,,,,,,,,,
J60_1.RCP,1,118.23950075898128,3.8223071098327637,GA_roulette_rcx_random_heuristic_withLS_withNeighborhood,77,1000,1,50.0,60.0,,,,,,random,rcx,heuristic,True,,,,,,,0.9,0.1,roulette,3.0,True,False,0.5,0.1,0.35,5.0,2.0,,,,,,,,,,,,,,
J60_1.RCP,0,132.3693708888514,4.096739292144775,GA_roulette_rcx_random_heuristic_withLS_noNeighborhood,77,1000,0,50.0,60.0,,,,,,random,rcx,heuristic,True,,,,,,,0.9,0.1,roulette,3.0,True,False,0.5,0.1,0.35,5.0,0.0,,,,,,,,,,,,,,
J60_1.RCP,1,118.23950075898128,3.7955729961395264,GA_roulette_rcx_random_heuristic_withLS_noNeighborhood,77,1000,1,50.0,60.0,,,,,,random,rcx,heuristic,True,,,,,,,0.9,0.1,roulette,3.0,True,False,0.5,0.1,0.35,5.0,0.0,,,,,,,,,,,,,,
J60_1.RCP,0,121.90183842131894,15.849862098693848,GA_roulette_rcx_random_heuristic_noLS_withNeighborhood,77,1000,0,50.0,60.0,,,,,,random,rcx,heuristic,False,,,,,,,0.9,0.1,roulette,3.0,True,False,0.5,0.1,0.35,5.0,2.0,,,,,,,,,,,,,,
J60_1.RCP,1,118.23950075898128,15.006499767303467,GA_roulette_rcx_random_heuristic_noLS_withNeighborhood,77,1000,1,50.0,60.0,,,,,,random,rcx,heuristic,False,,,,,,,0.9,0.1,roulette,3.0,True,False,0.5,0.1,0.35,5.0,2.0,,,,,,,,,,,,,,
J60_1.RCP,0,121.90183842131894,15.566909074783325,GA_roulette_rcx_random_heuristic_noLS_noNeighborhood,77,1000,0,50.0,60.0,,,,,,random,rcx,heuristic,False,,,,,,,0.9,0.1,roulette,3.0,True,False,0.5,0.1,0.35,5.0,0.0,,,,,,,,,,,,,,
J60_1.RCP,1,118.23950075898128,15.09084177017212,GA_roulette_rcx_random_heuristic_noLS_noNeighborhood,77,1000,1,50.0,60.0,,,,,,random,rcx,heuristic,False,,,,,,,0.9,0.1,roulette,3.0,True,False,0.5,0.1,0.35,5.0,0.0,,,,,,,,,,,,,,
J60_1.RCP,0,126.3693708888514,4.125557899475098,GA_roulette_rcx_adaptive_random_withLS_withNeighborhood,77,1000,0,50.0,60.0,,,,,,adaptive,rcx,random,True,,,,,,,0.9,0.1,roulette,3.0,True,False,0.5,0.1,0.35,5.0,2.0,,,,,,,,,,,,,,
J60_1.RCP,1,117.84989036937088,4.032677888870239,GA_roulette_rcx_adaptive_random_withLS_withNeighborhood,77,1000,1,50.0,60.0,,,,,,adaptive,rcx,random,True,,,,,,,0.9,0.1,roulette,3.0,True,False,0.5,0.1,0.35,5.0,2.0,,,,,,,,,,,,,,
J60_1.RCP,0,126.3693708888514,4.1175103187561035,GA_roulette_rcx_adaptive_random_withLS_noNeighborhood,77,1000,0,50.0,60.0,,,,,,adaptive,rcx,random,True,,,,,,,0.9,0.1,roulette,3.0,True,False,0.5,0.1,0.35,5.0,0.0,,,,,,,,,,,,,,
J60_1.RCP,1,117.84989036937088,4.031931161880493,GA_roulette_rcx_adaptive_random_withLS_noNeighborhood,77,1000,1,50.0,60.0,,,,,,adaptive,rcx,random,True,,,,,,,0.9,0.1,roulette,3.0,True,False,0.5,0.1,0.35,5.0,0.0,,,,,,,,,,,,,,
J60_1.RCP,0,116.78495530443583,15.756956338882446,GA_roulette_rcx_adaptive_random_noLS_withNeighborhood,77,1000,0,50.0,60.0,,,,,,adaptive,rcx,random,False,,,,,,,0.9,0.1,roulette,3.0,True,False,0.5,0.1,0.35,5.0,2.0,,,,,,,,,,,,,,
J60_1.RCP,1,110.6550851745657,15.594863176345825,GA_roulette_rcx_adaptive_random_noLS_withNeighborhood,77,1000,1,50.0,60.0,,,,,,adaptive,rcx,random,False,,,,,,,0.9,0.1,roulette,3.0,True,False,0.5,0.1,0.35,5.0,2.0,,,,,,,,,,,,,,
J60_1.RCP,0,116.78495530443583,15.812628984451294,GA_roulette_rcx_adaptive_random_noLS_noNeighborhood,77,1000,0,50.0,60.0,,,,,,adaptive,rcx,random,False,,,,,,,0.9,0.1,roulette,3.0,True,False,0.5,0.1,0.35,5.0,0.0,,,,,,,,,,,,,,
J60_1.RCP,1,110.6550851745657,15.681537866592407,GA_roulette_rcx_adaptive_random_noLS_noNeighborhood,77,1000,1,50.0,60.0,,,,,,adaptive,rcx,random,False,,,,,,,0.9,0.1,roulette,3.0,True,False,0.5,0.1,0.35,5.0,0.0,,,,,,,,,,,,,,
J60_1.RCP,0,108.6550851745657,4.344555139541626,GA_roulette_rcx_adaptive_heuristic_withLS_withNeighborhood,77,1000,0,50.0,60.0,,,,,,adaptive,rcx,heuristic,True,,,,,,,0.9,0.1,roulette,3.0,True,False,0.5,0.1,0.35,5.0,2.0,,,,,,,,,,,,,,
J60_1.RCP,1,118.23950075898128,4.0571630001068115,GA_roulette_rcx_adaptive_heuristic_withLS_withNeighborhood,77,1000,1,50.0,60.0,,,,,,adaptive,rcx,heuristic,True,,,,,,,0.9,0.1,roulette,3.0,True,False,0.5,0.1,0.35,5.0,2.0,,,,,,,,,,,,,,
J60_1.RCP,0,108.6550851745657,4.275482177734375,GA_roulette_rcx_adaptive_heuristic_withLS_noNeighborhood,77,1000,0,50.0,60.0,,,,,,adaptive,rcx,heuristic,True,,,,,,,0.9,0.1,roulette,3.0,True,False,0.5,0.1,0.35,5.0,0.0,,,,,,,,,,,,,,
J60_1.RCP,1,118.23950075898128,3.994715929031372,GA_roulette_rcx_adaptive_heuristic_withLS_noNeighborhood,77,1000,1,50.0,60.0,,,,,,adaptive,rcx,heuristic,True,,,,,,,0.9,0.1,roulette,3.0,True,False,0.5,0.1,0.35,5.0,0.0,,,,,,,,,,,,,,
J60_1.RCP,0,108.6550851745657,15.717278957366943,GA_roulette_rcx_adaptive_heuristic_noLS_withNeighborhood,77,1000,0,50.0,60.0,,,,,,adaptive,rcx,heuristic,False,,,,,,,0.9,0.1,roulette,3.0,True,False,0.5,0.1,0.35,5.0,2.0,,,,,,,,,,,,,,
J60_1.RCP,1,118.23950075898128,15.991172075271606,GA_roulette_rcx_adaptive_heuristic_noLS_withNeighborhood,77,1000,1,50.0,60.0,,,,,,adaptive,rcx,heuristic,False,,,,,,,0.9,0.1,roulette,3.0,True,False,0.5,0.1,0.35,5.0,2.0,,,,,,,,,,,,,,
J60_1.RCP,0,108.6550851745657,16.163952827453613,GA_roulette_rcx_adaptive_heuristic_noLS_noNeighborhood,77,1000,0,50.0,60.0,,,,,,adaptive,rcx,heuristic,False,,,,,,,0.9,0.1,roulette,3.0,True,False,0.5,0.1,0.35,5.0,0.0,,,,,,,,,,,,,,
J60_1.RCP,1,118.23950075898128,15.84049677848816,GA_roulette_rcx_adaptive_heuristic_noLS_noNeighborhood,77,1000,1,50.0,60.0,,,,,,adaptive,rcx,heuristic,False,,,,,,,0.9,0.1,roulette,3.0,True,False,0.5,0.1,0.35,5.0,0.0,,,,,,,,,,,,,,
J60_1.RCP,0,118.13560465508517,0.2349538803100586,GA_roulette_hybrid_random_random_withLS_withNeighborhood,77,1000,0,50.0,60.0,,,,,,random,hybrid,random,True,,,,,,,0.9,0.1,roulette,3.0,True,False,0.5,0.1,0.35,5.0,2.0,,,,,,,,,,,,,,
J60_1.RCP,1,122.03170855118907,0.23313522338867188,GA_roulette_hybrid_random_random_withLS_withNeighborhood,77,1000,1,50.0,60.0,,,,,,random,hybrid,random,True,,,,,,,0.9,0.1,roulette,3.0,True,False,0.5,0.1,0.35,5.0,2.0,,,,,,,,,,,,,,
J60_1.RCP,0,118.13560465508517,0.23414325714111328,GA_roulette_hybrid_random_random_withLS_noNeighborhood,77,1000,0,50.0,60.0,,,,,,random,hybrid,random,True,,,,,,,0.9,0.1,roulette,3.0,True,False,0.5,0.1,0.35,5.0,0.0,,,,,,,,,,,,,,
J60_1.RCP,1,122.03170855118907,0.2346501350402832,GA_roulette_hybrid_random_random_withLS_noNeighborhood,77,1000,1,50.0,60.0,,,,,,random,hybrid,random,True,,,,,,,0.9,0.1,roulette,3.0,True,False,0.5,0.1,0.35,5.0,0.0,,,,,,,,,,,,,,
J60_1.RCP,0,110.73300725248777,0.3317899703979492,GA_roulette_hybrid_random_random_noLS_withNeighborhood,77,1000,0,50.0,60.0,,,,,,random,hybrid,random,False,,,,,,,0.9,0.1,roulette,3.0,True,False,0.5,0.1,0.35,5.0,2.0,,,,,,,,,,,,,,
J60_1.RCP,1,114.31742283690336,0.330704927444458,GA_roulette_hybrid_random_random_noLS_withNeighborhood,77,1000,1,50.0,60.0,,,,,,random,hybrid,random,False,,,,,,,0.9,0.1,roulette,3.0,True,False,0.5,0.1,0.35,5.0,2.0,,,,,,,,,,,,,,
J60_1.RCP,0,110.73300725248777,0.33188700675964355,GA_roulette_hybrid_random_random_noLS_noNeighborhood,77,1000,0,50.0,60.0,,,,,,random,hybrid,random,False,,,,,,,0.9,0.1,roulette,3.0,True,False,0.5,0.1,0.35,5.0,0.0,,,,,,,,,,,,,,
J60_1.RCP,1,114.31742283690336,0.3297889232635498,GA_roulette_hybrid_random_random_noLS_noNeighborhood,77,1000,1,50.0,60.0,,,,,,random,hybrid,random,False,,,,,,,0.9,0.1,roulette,3.0,True,False,0.5,0.1,0.35,5.0,0.0,,,,,,,,,,,,,,
J60_1.RCP,0,115.66807218755271,0.23640012741088867,GA_roulette_hybrid_random_heuristic_withLS_withNeighborhood,77,1000,0,50.0,60.0,,,,,,random,hybrid,heuristic,True,,,,,,,0.9,0.1,roulette,3.0,True,False,0.5,0.1,0.35,5.0,2.0,,,,,,,,,,,,,,
J60_1.RCP,1,118.23950075898128,0.2355201244354248,GA_roulette_hybrid_random_heuristic_withLS_withNeighborhood,77,1000,1,50.0,60.0,,,,,,random,hybrid,heuristic,True,,,,,,,0.9,0.1,roulette,3.0,True,False,0.5,0.1,0.35,5.0,2.0,,,,,,,,,,,,,,
J60_1.RCP,0,115.66807218755271,0.2391500473022461,GA_roulette_hybrid_random_heuristic_withLS_noNeighborhood,77,1000,0,50.0,60.0,,,,,,random,hybrid,heuristic,True,,,,,,,0.9,0.1,roulette,3.0,True,False,0.5,0.1,0.35,5.0,0.0,,,,,,,,,,,,,,
J60_1.RCP,1,118.23950075898128,0.23692989349365234,GA_roulette_hybrid_random_heuristic_withLS_noNeighborhood,77,1000,1,50.0,60.0,,,,,,random,hybrid,heuristic,True,,,,,,,0.9,0.1,roulette,3.0,True,False,0.5,0.1,0.35,5.0,0.0,,,,,,,,,,,,,,
J60_1.RCP,0,103.30443582391634,0.3342430591583252,GA_roulette_hybrid_random_heuristic_noLS_withNeighborhood,77,1000,0,50.0,60.0,,,,,,random,hybrid,heuristic,False,,,,,,,0.9,0.1,roulette,3.0,True,False,0.5,0.1,0.35,5.0,2.0,,,,,,,,,,,,,,
J60_1.RCP,1,118.23950075898128,0.3337516784667969,GA_roulette_hybrid_random_heuristic_noLS_withNeighborhood,77,1000,1,50.0,60.0,,,,,,random,hybrid,heuristic,False,,,,,,,0.9,0.1,roulette,3.0,True,False,0.5,0.1,0.35,5.0,2.0,,,,,,,,,,,,,,
J60_1.RCP,0,103.30443582391634,0.33310890197753906,GA_roulette_hybrid_random_heuristic_noLS_noNeighborhood,77,1000,0,50.0,60.0,,,,,,random,hybrid,heuristic,False,,,,,,,0.9,0.1,roulette,3.0,True,False,0.5,0.1,0.35,5.0,0.0,,,,,,,,,,,,,,
J60_1.RCP,1,118.23950075898128,0.3357350826263428,GA_roulette_hybrid_random_heuristic_noLS_noNeighborhood,77,1000,1,50.0,60.0,,,,,,random,hybrid,heuristic,False,,,,,,,0.9,0.1,roulette,3.0,True,False,0.5,0.1,0.35,5.0,0.0,,,,,,,,,,,,,,
J60_1.RCP,0,113.53820205768258,0.2430109977722168,GA_roulette_hybrid_adaptive_random_withLS_withNeighborhood,77,1000,0,50.0,60.0,,,,,,adaptive,hybrid,random,True,,,,,,,0.9,0.1,roulette,3.0,True,False,0.5,0.1,0.35,5.0,2.0,,,,,,,,,,,,,,
J60_1.RCP,1,113.97976049924101,0.24028801918029785,GA_roulette_hybrid_adaptive_random_withLS_withNeighborhood,77,1000,1,50.0,60.0,,,,,,adaptive,hybrid,random,True,,,,,,,0.9,0.1,roulette,3.0,True,False,0.5,0.1,0.35,5.0,2.0,,,,,,,,,,,,,,
J60_1.RCP,0,113.53820205768258,0.2436048984527588,GA_roulette_hybrid_adaptive_random_withLS_noNeighborhood,77,1000,0,50.0,60.0,,,,,,adaptive,hybrid,random,True,,,,,,,0.9,0.1,roulette,3.0,True,False,0.5,0.1,0.35,5.0,0.0,,,,,,,,,,,,,,
J60_1.RCP,1,113.97976049924101,0.2692580223083496,GA_roulette_hybrid_adaptive_random_withLS_noNeighborhood,77,1000,1,50.0,60.0,,,,,,adaptive,hybrid,random,True,,,,,,,0.9,0.1,roulette,3.0,True,False,0.5,0.1,0.35,5.0,0.0,,,,,,,,,,,,,,
J60_1.RCP,0,113.53820205768258,0.40227198600769043,GA_roulette_hybrid_adaptive_random_noLS_withNeighborhood,77,1000,0,50.0,60.0,,,,,,adaptive,hybrid,random,False,,,,,,,0.9,0.1,roulette,3.0,True,False,0.5,0.1,0.35,5.0,2.0,,,,,,,,,,,,,,
J60_1.RCP,1,105.90183842131896,0.3531219959259033,GA_roulette_hybrid_adaptive_random_noLS_withNeighborhood,77,1000,1,50.0,60.0,,,,,,adaptive,hybrid,random,False,,,,,,,0.9,0.1,roulette,3.0,True,False,0.5,0.1,0.35,5.0,2.0,,,,,,,,,,,,,,
J60_1.RCP,0,113.53820205768258,0.4160730838775635,GA_roulette_hybrid_adaptive_random_noLS_noNeighborhood,77,1000,0,50.0,60.0,,,,,,adaptive,hybrid,random,False,,,,,,,0.9,0.1,roulette,3.0,True,False,0.5,0.1,0.35,5.0,0.0,,,,,,,,,,,,,,
J60_1.RCP,1,105.90183842131896,0.36138319969177246,GA_roulette_hybrid_adaptive_random_noLS_noNeighborhood,77,1000,1,50.0,60.0,,,,,,adaptive,hybrid,random,False,,,,,,,0.9,0.1,roulette,3.0,True,False,0.5,0.1,0.35,5.0,0.0,,,,,,,,,,,,,,
J60_1.RCP,0,127.17456569404621,0.25577592849731445,GA_roulette_hybrid_adaptive_heuristic_withLS_withNeighborhood,77,1000,0,50.0,60.0,,,,,,adaptive,hybrid,heuristic,True,,,,,,,0.9,0.1,roulette,3.0,True,False,0.5,0.1,0.35,5.0,2.0,,,,,,,,,,,,,,
J60_1.RCP,1,105.82391634339686,0.29890894889831543,GA_roulette_hybrid_adaptive_heuristic_withLS_withNeighborhood,77,1000,1,50.0,60.0,,,,,,adaptive,hybrid,heuristic,True,,,,,,,0.9,0.1,roulette,3.0,True,False,0.5,0.1,0.35,5.0,2.0,,,,,,,,,,,,,,
J60_1.RCP,0,127.17456569404621,0.30705714225769043,GA_roulette_hybrid_adaptive_heuristic_withLS_noNeighborhood,77,1000,0,50.0,60.0,,,,,,adaptive,hybrid,heuristic,True,,,,,,,0.9,0.1,roulette,3.0,True,False,0.5,0.1,0.35,5.0,0.0,,,,,,,,,,,,,,
J60_1.RCP,1,105.82391634339686,0.2609720230102539,GA_roulette_hybrid_adaptive_heuristic_withLS_noNeighborhood,77,1000,1,50.0,60.0,,,,,,adaptive,hybrid,heuristic,True,,,,,,,0.9,0.1,roulette,3.0,True,False,0.5,0.1,0.35,5.0,0.0,,,,,,,,,,,,,,
J60_1.RCP,0,118.966773486254,0.3741021156311035,GA_roulette_hybrid_adaptive_heuristic_noLS_withNeighborhood,77,1000,0,50.0,60.0,,,,,,adaptive,hybrid,heuristic,False,,,,,,,0.9,0.1,roulette,3.0,True,False,0.5,0.1,0.35,5.0,2.0,,,,,,,,,,,,,,
J60_1.RCP,1,98.3693708888514,0.3627908229827881,GA_roulette_hybrid_adaptive_heuristic_noLS_withNeighborhood,77,1000,1,50.0,60.0,,,,,,adaptive,hybrid,heuristic,False,,,,,,,0.9,0.1,roulette,3.0,True,False,0.5,0.1,0.35,5.0,2.0,,,,,,,,,,,,,,
J60_1.RCP,0,118.966773486254,0.35242700576782227,GA_roulette_hybrid_adaptive_heuristic_noLS_noNeighborhood,77,1000,0,50.0,60.0,,,,,,adaptive,hybrid,heuristic,False,,,,,,,0.9,0.1,roulette,3.0,True,False,0.5,0.1,0.35,5.0,0.0,,,,,,,,,,,,,,
J60_1.RCP,1,98.3693708888514,0.3529348373413086,GA_roulette_hybrid_adaptive_heuristic_noLS_noNeighborhood,77,1000,1,50.0,60.0,,,,,,adaptive,hybrid,heuristic,False,,,,,,,0.9,0.1,roulette,3.0,True,False,0.5,0.1,0.35,5.0,0.0,,,,,,,,,,,,,,
J60_1.RCP,0,125.66807218755271,0.24063420295715332,GA_tournament_single_point_random_random_withLS_withNeighborhood,77,1000,0,50.0,60.0,,,,,,random,single_point,random,True,,,,,,,0.9,0.1,tournament,3.0,True,False,0.5,0.1,0.35,5.0,2.0,,,,,,,,,,,,,,
J60_1.RCP,1,104.83690335638387,0.23624396324157715,GA_tournament_single_point_random_random_withLS_withNeighborhood,77,1000,1,50.0,60.0,,,,,,random,single_point,random,True,,,,,,,0.9,0.1,tournament,3.0,True,False,0.5,0.1,0.35,5.0,2.0,,,,,,,,,,,,,,
J60_1.RCP,0,125.66807218755271,0.2360999584197998,GA_tournament_single_point_random_random_withLS_noNeighborhood,77,1000,0,50.0,60.0,,,,,,random,single_point,random,True,,,,,,,0.9,0.1,tournament,3.0,True,False,0.5,0.1,0.35,5.0,0.0,,,,,,,,,,,,,,
J60_1.RCP,1,104.83690335638387,0.23580694198608398,GA_tournament_single_point_random_random_withLS_noNeighborhood,77,1000,1,50.0,60.0,,,,,,random,single_point,random,True,,,,,,,0.9,0.1,tournament,3.0,True,False,0.5,0.1,0.35,5.0,0.0,,,,,,,,,,,,,,
J60_1.RCP,0,99.69404621352675,0.338792085647583,GA_tournament_single_point_random_random_noLS_withNeighborhood,77,1000,0,50.0,60.0,,,,,,random,single_point,random,False,,,,,,,0.9,0.1,tournament,3.0,True,False,0.5,0.1,0.35,5.0,2.0,,,,,,,,,,,,,,
J60_1.RCP,1,94.42131894079947,0.33916187286376953,GA_tournament_single_point_random_random_noLS_withNeighborhood,77,1000,1,50.0,60.0,,,,,,random,single_point,random,False,,,,,,,0.9,0.1,tournament,3.0,True,False,0.5,0.1,0.35,5.0,2.0,,,,,,,,,,,,,,
J60_1.RCP,0,99.69404621352675,0.3379828929901123,GA_tournament_single_point_random_random_noLS_noNeighborhood,77,1000,0,50.0,60.0,,,,,,random,single_point,random,False,,,,,,,0.9,0.1,tournament,3.0,True,False,0.5,0.1,0.35,5.0,0.0,,,,,,,,,,,,,,
J60_1.RCP,1,94.42131894079947,0.33893489837646484,GA_tournament_single_point_random_random_noLS_noNeighborhood,77,1000,1,50.0,60.0,,,,,,random,single_point,random,False,,,,,,,0.9,0.1,tournament,3.0,True,False,0.5,0.1,0.35,5.0,0.0,,,,,,,,,,,,,,
J60_1.RCP,0,121.17456569404621,0.23643708229064941,GA_tournament_single_point_random_heuristic_withLS_withNeighborhood,77,1000,0,50.0,60.0,,,,,,random,single_point,heuristic,True,,,,,,,0.9,0.1,tournament,3.0,True,False,0.5,0.1,0.35,5.0,2.0,,,,,,,,,,,,,,
J60_1.RCP,1,108.966773486254,0.23809194564819336,GA_tournament_single_point_random_heuristic_withLS_withNeighborhood,77,1000,1,50.0,60.0,,,,,,random,single_point,heuristic,True,,,,,,,0.9,0.1,tournament,3.0,True,False,0.5,0.1,0.35,5.0,2.0,,,,,,,,,,,,,,
J60_1.RCP,0,121.17456569404621,0.23574614524841309,GA_tournament_single_point_random_heuristic_withLS_noNeighborhood,77,1000,0,50.0,60.0,,,,,,random,single_point,heuristic,True,,,,,,,0.9,0.1,tournament,3.0,True,False,0.5,0.1,0.35,5.0,0.0,,,,,,,,,,,,,,
J60_1.RCP,1,108.966773486254,0.23779773712158203,GA_tournament_single_point_random_heuristic_withLS_noNeighborhood,77,1000,1,50.0,60.0,,,,,,random,single_point,heuristic,True,,,,,,,0.9,0.1,tournament,3.0,True,False,0.5,0.1,0.35,5.0,0.0,,,,,,,,,,,,,,
J60_1.RCP,0,88.91482543430594,0.3413269519805908,GA_tournament_single_point_random_heuristic_noLS_withNeighborhood,77,1000,0,50.0,60.0,,,,,,random,single_point,heuristic,False,,,,,,,0.9,0.1,tournament,3.0,True,False,0.5,0.1,0.35,5.0,2.0,,,,,,,,,,,,,,
J60_1.RCP,1,101.92781244729295,0.33954405784606934,GA_tournament_single_point_random_heuristic_noLS_withNeighborhood,77,1000,1,50.0,60.0,,,,,,random,single_point,heuristic,False,,,,,,,0.9,0.1,tournament,3.0,True,False,0.5,0.1,0.35,5.0,2.0,,,,,,,,,,,,,,
J60_1.RCP,0,88.91482543430594,0.3390817642211914,GA_tournament_single_point_random_heuristic_noLS_noNeighborhood,77,1000,0,50.0,60.0,,,,,,random,single_point,heuristic,False,,,,,,,0.9,0.1,tournament,3.0,True,False,0.5,0.1,0.35,5.0,0.0,,,,,,,,,,,,,,
J60_1.RCP,1,101.92781244729295,0.34546399116516113,GA_tournament_single_point_random_heuristic_noLS_noNeighborhood,77,1000,1,50.0,60.0,,,,,,random,single_point,heuristic,False,,,,,,,0.9,0.1,tournament,3.0,True,False,0.5,0.1,0.35,5.0,0.0,,,,,,,,,,,,,,
J60_1.RCP,0,114.44729296677349,0.24092316627502441,GA_tournament_single_point_adaptive_random_withLS_withNeighborhood,77,1000,0,50.0,60.0,,,,,,adaptive,single_point,random,True,,,,,,,0.9,0.1,tournament,3.0,True,False,0.5,0.1,0.35,5.0,2.0,,,,,,,,,,,,,,
J60_1.RCP,1,104.68105920053974,0.2396831512451172,GA_tournament_single_point_adaptive_random_withLS_withNeighborhood,77,1000,1,50.0,60.0,,,,,,adaptive,single_point,random,True,,,,,,,0.9,0.1,tournament,3.0,True,False,0.5,0.1,0.35,5.0,2.0,,,,,,,,,,,,,,
J60_1.RCP,0,114.44729296677349,0.24078607559204102,GA_tournament_single_point_adaptive_random_withLS_noNeighborhood,77,1000,0,50.0,60.0,,,,,,adaptive,single_point,random,True,,,,,,,0.9,0.1,tournament,3.0,True,False,0.5,0.1,0.35,5.0,0.0,,,,,,,,,,,,,,
J60_1.RCP,1,104.68105920053974,0.24084711074829102,GA_tournament_single_point_adaptive_random_withLS_noNeighborhood,77,1000,1,50.0,60.0,,,,,,adaptive,single_point,random,True,,,,,,,0.9,0.1,tournament,3.0,True,False,0.5,0.1,0.35,5.0,0.0,,,,,,,,,,,,,,
J60_1.RCP,0,100.78495530443581,0.36004209518432617,GA_tournament_single_point_adaptive_random_noLS_withNeighborhood,77,1000,0,50.0,60.0,,,,,,adaptive,single_point,random,False,,,,,,,0.9,0.1,tournament,3.0,True,False,0.5,0.1,0.35,5.0,2.0,,,,,,,,,,,,,,
J60_1.RCP,1,104.3693708888514,0.35802173614501953,GA_tournament_single_point_adaptive_random_noLS_withNeighborhood,77,1000,1,50.0,60.0,,,,,,adaptive,single_point,random,False,,,,,,,0.9,0.1,tournament,3.0,True,False,0.5,0.1,0.35,5.0,2.0,,,,,,,,,,,,,,
J60_1.RCP,0,100.78495530443581,0.3592681884765625,GA_tournament_single_point_adaptive_random_noLS_noNeighborhood,77,1000,0,50.0,60.0,,,,,,adaptive,single_point,random,False,,,,,,,0.9,0.1,tournament,3.0,True,False,0.5,0.1,0.35,5.0,0.0,,,,,,,,,,,,,,
J60_1.RCP,1,104.3693708888514,0.3575277328491211,GA_tournament_single_point_adaptive_random_noLS_noNeighborhood,77,1000,1,50.0,60.0,,,,,,adaptive,single_point,random,False,,,,,,,0.9,0.1,tournament,3.0,True,False,0.5,0.1,0.35,5.0,0.0,,,,,,,,,,,,,,
J60_1.RCP,0,114.966773486254,0.2732210159301758,GA_tournament_single_point_adaptive_heuristic_withLS_withNeighborhood,77,1000,0,50.0,60.0,,,,,,adaptive,single_point,heuristic,True,,,,,,,0.9,0.1,tournament,3.0,True,False,0.5,0.1,0.35,5.0,2.0,,,,,,,,,,,,,,
J60_1.RCP,1,118.23950075898128,0.24084997177124023,GA_tournament_single_point_adaptive_heuristic_withLS_withNeighborhood,77,1000,1,50.0,60.0,,,,,,adaptive,single_point,heuristic,True,,,,,,,0.9,0.1,tournament,3.0,True,False,0.5,0.1,0.35,5.0,2.0,,,,,,,,,,,,,,
J60_1.RCP,0,114.966773486254,0.24155378341674805,GA_tournament_single_point_adaptive_heuristic_withLS_noNeighborhood,77,1000,0,50.0,60.0,,,,,,adaptive,single_point,heuristic,True,,,,,,,0.9,0.1,tournament,3.0,True,False,0.5,0.1,0.35,5.0,0.0,,,,,,,,,,,,,,
J60_1.RCP,1,118.23950075898128,0.24170994758605957,GA_tournament_single_point_adaptive_heuristic_withLS_noNeighborhood,77,1000,1,50.0,60.0,,,,,,adaptive,single_point,heuristic,True,,,,,,,0.9,0.1,tournament,3.0,True,False,0.5,0.1,0.35,5.0,0.0,,,,,,,,,,,,,,
J60_1.RCP,0,102.94079946027998,0.35761213302612305,GA_tournament_single_point_adaptive_heuristic_noLS_withNeighborhood,77,1000,0,50.0,60.0,,,,,,adaptive,single_point,heuristic,False,,,,,,,0.9,0.1,tournament,3.0,True,False,0.5,0.1,0.35,5.0,2.0,,,,,,,,,,,,,,
J60_1.RCP,1,104.36937088885139,0.3603699207305908,GA_tournament_single_point_adaptive_heuristic_noLS_withNeighborhood,77,1000,1,50.0,60.0,,,,,,adaptive,single_point,heuristic,False,,,,,,,0.9,0.1,tournament,3.0,True,False,0.5,0.1,0.35,5.0,2.0,,,,,,,,,,,,,,
J60_1.RCP,0,102.94079946027998,0.36431193351745605,GA_tournament_single_point_adaptive_heuristic_noLS_noNeighborhood,77,1000,0,50.0,60.0,,,,,,adaptive,single_point,heuristic,False,,,,,,,0.9,0.1,tournament,3.0,True,False,0.5,0.1,0.35,5.0,0.0,,,,,,,,,,,,,,
J60_1.RCP,1,104.36937088885139,0.37094783782958984,GA_tournament_single_point_adaptive_heuristic_noLS_noNeighborhood,77,1000,1,50.0,60.0,,,,,,adaptive,single_point,heuristic,False,,,,,,,0.9,0.1,tournament,3.0,True,False,0.5,0.1,0.35,5.0,0.0,,,,,,,,,,,,,,
J60_1.RCP,0,120.18755270703322,0.24263501167297363,GA_tournament_two_point_random_random_withLS_withNeighborhood,77,1000,0,50.0,60.0,,,,,,random,two_point,random,True,,,,,,,0.9,0.1,tournament,3.0,True,False,0.5,0.1,0.35,5.0,2.0,,,,,,,,,,,,,,
J60_1.RCP,1,111.53820205768258,0.26079416275024414,GA_tournament_two_point_random_random_withLS_withNeighborhood,77,1000,1,50.0,60.0,,,,,,random,two_point,random,True,,,,,,,0.9,0.1,tournament,3.0,True,False,0.5,0.1,0.35,5.0,2.0,,,,,,,,,,,,,,
J60_1.RCP,0,120.18755270703322,0.2799828052520752,GA_tournament_two_point_random_random_withLS_noNeighborhood,77,1000,0,50.0,60.0,,,,,,random,two_point,random,True,,,,,,,0.9,0.1,tournament,3.0,True,False,0.5,0.1,0.35,5.0,0.0,,,,,,,,,,,,,,
J60_1.RCP,1,111.53820205768258,0.24633383750915527,GA_tournament_two_point_random_random_withLS_noNeighborhood,77,1000,1,50.0,60.0,,,,,,random,two_point,random,True,,,,,,,0.9,0.1,tournament,3.0,True,False,0.5,0.1,0.35,5.0,0.0,,,,,,,,,,,,,,
J60_1.RCP,0,106.34339686287738,0.3706979751586914,GA_tournament_two_point_random_random_noLS_withNeighborhood,77,1000,0,50.0,60.0,,,,,,random,two_point,random,False,,,,,,,0.9,0.1,tournament,3.0,True,False,0.5,0.1,0.35,5.0,2.0,,,,,,,,,,,,,,
J60_1.RCP,1,96.966773486254,0.3445122241973877,GA_tournament_two_point_random_random_noLS_withNeighborhood,77,1000,1,50.0,60.0,,,,,,random,two_point,random,False,,,,,,,0.9,0.1,tournament,3.0,True,False,0.5,0.1,0.35,5.0,2.0,,,,,,,,,,,,,,
J60_1.RCP,0,106.34339686287738,0.3417701721191406,GA_tournament_two_point_random_random_noLS_noNeighborhood,77,1000,0,50.0,60.0,,,,,,random,two_point,random,False,,,,,,,0.9,0.1,tournament,3.0,True,False,0.5,0.1,0.35,5.0,0.0,,,,,,,,,,,,,,
J60_1.RCP,1,96.966773486254,0.3419508934020996,GA_tournament_two_point_random_random_noLS_noNeighborhood,77,1000,1,50.0,60.0,,,,,,random,two_point,random,False,,,,,,,0.9,0.1,tournament,3.0,True,False,0.5,0.1,0.35,5.0,0.0,,,,,,,,,,,,,,
J60_1.RCP,0,113.22651374599427,0.2410290241241455,GA_tournament_two_point_random_heuristic_withLS_withNeighborhood,77,1000,0,50.0,60.0,,,,,,random,two_point,heuristic,True,,,,,,,0.9,0.1,tournament,3.0,True,False,0.5,0.1,0.35,5.0,2.0,,,,,,,,,,,,,,
J60_1.RCP,1,116.34339686287738,0.24364495277404785,GA_tournament_two_point_random_heuristic_withLS_withNeighborhood,77,1000,1,50.0,60.0,,,,,,random,two_point,heuristic,True,,,,,,,0.9,0.1,tournament,3.0,True,False,0.5,0.1,0.35,5.0,2.0,,,,,,,,,,,,,,
J60_1.RCP,0,113.22651374599427,0.24042105674743652,GA_tournament_two_point_random_heuristic_withLS_noNeighborhood,77,1000,0,50.0,60.0,,,,,,random,two_point,heuristic,True,,,,,,,0.9,0.1,tournament,3.0,True,False,0.5,0.1,0.35,5.0,0.0,,,,,,,,,,,,,,
J60_1.RCP,1,116.34339686287738,0.24107122421264648,GA_tournament_two_point_random_heuristic_withLS_noNeighborhood,77,1000,1,50.0,60.0,,,,,,random,two_point,heuristic,True,,,,,,,0.9,0.1,tournament,3.0,True,False,0.5,0.1,0.35,5.0,0.0,,,,,,,,,,,,,,
J60_1.RCP,0,81.90183842131894,0.3440561294555664,GA_tournament_two_point_random_heuristic_noLS_withNeighborhood,77,1000,0,50.0,60.0,,,,,,random,two_point,heuristic,False,,,,,,,0.9,0.1,tournament,3.0,True,False,0.5,0.1,0.35,5.0,2.0,,,,,,,,,,,,,,
J60_1.RCP,1,92.8628773823579,0.3440823554992676,GA_tournament_two_point_random_heuristic_noLS_withNeighborhood,77,1000,1,50.0,60.0,,,,,,random,two_point,heuristic,False,,,,,,,0.9,0.1,tournament,3.0,True,False,0.5,0.1,0.35,5.0,2.0,,,,,,,,,,,,,,
J60_1.RCP,0,81.90183842131894,0.3422269821166992,GA_tournament_two_point_random_heuristic_noLS_noNeighborhood,77,1000,0,50.0,60.0,,,,,,random,two_point,heuristic,False,,,,,,,0.9,0.1,tournament,3.0,True,False,0.5,0.1,0.35,5.0,0.0,,,,,,,,,,,,,,
J60_1.RCP,1,92.8628773823579,0.3413851261138916,GA_tournament_two_point_random_heuristic_noLS_noNeighborhood,77,1000,1,50.0,60.0,,,,,,random,two_point,heuristic,False,,,,,,,0.9,0.1,tournament,3.0,True,False,0.5,0.1,0.35,5.0,0.0,,,,,,,,,,,,,,
J60_1.RCP,0,112.21352673300726,0.24100089073181152,GA_tournament_two_point_adaptive_random_withLS_withNeighborhood,77,1000,0,50.0,60.0,,,,,,adaptive,two_point,random,True,,,,,,,0.9,0.1,tournament,3.0,True,False,0.5,0.1,0.35,5.0,2.0,,,,,,,,,,,,,,
J60_1.RCP,1,113.53820205768258,0.2426309585571289,GA_tournament_two_point_adaptive_random_withLS_withNeighborhood,77,1000,1,50.0,60.0,,,,,,adaptive,two_point,random,True,,,,,,,0.9,0.1,tournament,3.0,True,False,0.5,0.1,0.35,5.0,2.0,,,,,,,,,,,,,,
J60_1.RCP,0,112.21352673300726,0.2409670352935791,GA_tournament_two_point_adaptive_random_withLS_noNeighborhood,77,1000,0,50.0,60.0,,,,,,adaptive,two_point,random,True,,,,,,,0.9,0.1,tournament,3.0,True,False,0.5,0.1,0.35,5.0,0.0,,,,,,,,,,,,,,
J60_1.RCP,1,113.53820205768258,0.2457430362701416,GA_tournament_two_point_adaptive_random_withLS_noNeighborhood,77,1000,1,50.0,60.0,,,,,,adaptive,two_point,random,True,,,,,,,0.9,0.1,tournament,3.0,True,False,0.5,0.1,0.35,5.0,0.0,,,,,,,,,,,,,,
J60_1.RCP,0,103.95378647326699,0.363649845123291,GA_tournament_two_point_adaptive_random_noLS_withNeighborhood,77,1000,0,50.0,60.0,,,,,,adaptive,two_point,random,False,,,,,,,0.9,0.1,tournament,3.0,True,False,0.5,0.1,0.35,5.0,2.0,,,,,,,,,,,,,,
J60_1.RCP,1,97.27846179794231,0.3608381748199463,GA_tournament_two_point_adaptive_random_noLS_withNeighborhood,77,1000,1,50.0,60.0,,,,,,adaptive,two_point,random,False,,,,,,,0.9,0.1,tournament,3.0,True,False,0.5,0.1,0.35,5.0,2.0,,,,,,,,,,,,,,
J60_1.RCP,0,103.95378647326699,0.3637361526489258,GA_tournament_two_point_adaptive_random_noLS_noNeighborhood,77,1000,0,50.0,60.0,,,,,,adaptive,two_point,random,False,,,,,,,0.9,0.1,tournament,3.0,True,False,0.5,0.1,0.35,5.0,0.0,,,,,,,,,,,,,,
J60_1.RCP,1,97.27846179794231,0.36219310760498047,GA_tournament_two_point_adaptive_random_noLS_noNeighborhood,77,1000,1,50.0,60.0,,,,,,adaptive,two_point,random,False,,,,,,,0.9,0.1,tournament,3.0,True,False,0.5,0.1,0.35,5.0,0.0,,,,,,,,,,,,,,
J60_1.RCP,0,124.42131894079945,0.2469649314880371,GA_tournament_two_point_adaptive_heuristic_withLS_withNeighborhood,77,1000,0,50.0,60.0,,,,,,adaptive,two_point,heuristic,True,,,,,,,0.9,0.1,tournament,3.0,True,False,0.5,0.1,0.35,5.0,2.0,,,,,,,,,,,,,,
J60_1.RCP,1,117.95378647326699,0.24236607551574707,GA_tournament_two_point_adaptive_heuristic_withLS_withNeighborhood,77,1000,1,50.0,60.0,,,,,,adaptive,two_point,heuristic,True,,,,,,,0.9,0.1,tournament,3.0,True,False,0.5,0.1,0.35,5.0,2.0,,,,,,,,,,,,,,
J60_1.RCP,0,124.42131894079945,0.24167799949645996,GA_tournament_two_point_adaptive_heuristic_withLS_noNeighborhood,77,1000,0,50.0,60.0,,,,,,adaptive,two_point,heuristic,True,,,,,,,0.9,0.1,tournament,3.0,True,False,0.5,0.1,0.35,5.0,0.0,,,,,,,,,,,,,,
J60_1.RCP,1,117.95378647326699,0.24853301048278809,GA_tournament_two_point_adaptive_heuristic_withLS_noNeighborhood,77,1000,1,50.0,60.0,,,,,,adaptive,two_point,heuristic,True,,,,,,,0.9,0.1,tournament,3.0,True,False,0.5,0.1,0.35,5.0,0.0,,,,,,,,,,,,,,
J60_1.RCP,0,108.23950075898128,0.3605492115020752,GA_tournament_two_point_adaptive_heuristic_noLS_withNeighborhood,77,1000,0,50.0,60.0,,,,,,adaptive,two_point,heuristic,False,,,,,,,0.9,0.1,tournament,3.0,True,False,0.5,0.1,0.35,5.0,2.0,,,,,,,,,,,,,,
J60_1.RCP,1,101.64209816157867,0.37482595443725586,GA_tournament_two_point_adaptive_heuristic_noLS_withNeighborhood,77,1000,1,50.0,60.0,,,,,,adaptive,two_point,heuristic,False,,,,,,,0.9,0.1,tournament,3.0,True,False,0.5,0.1,0.35,5.0,2.0,,,,,,,,,,,,,,
J60_1.RCP,0,108.23950075898128,0.40710926055908203,GA_tournament_two_point_adaptive_heuristic_noLS_noNeighborhood,77,1000,0,50.0,60.0,,,,,,adaptive,two_point,heuristic,False,,,,,,,0.9,0.1,tournament,3.0,True,False,0.5,0.1,0.35,5.0,0.0,,,,,,,,,,,,,,
J60_1.RCP,1,101.64209816157867,0.4379551410675049,GA_tournament_two_point_adaptive_heuristic_noLS_noNeighborhood,77,1000,1,50.0,60.0,,,,,,adaptive,two_point,heuristic,False,,,,,,,0.9,0.1,tournament,3.0,True,False,0.5,0.1,0.35,5.0,0.0,,,,,,,,,,,,,,
J60_1.RCP,0,109.22651374599427,2.1708972454071045,GA_tournament_rcx_random_random_withLS_withNeighborhood,77,1000,0,50.0,60.0,,,,,,random,rcx,random,True,,,,,,,0.9,0.1,tournament,3.0,True,False,0.5,0.1,0.35,5.0,2.0,,,,,,,,,,,,,,
J60_1.RCP,1,120.03170855118907,2.1746339797973633,GA_tournament_rcx_random_random_withLS_withNeighborhood,77,1000,1,50.0,60.0,,,,,,random,rcx,random,True,,,,,,,0.9,0.1,tournament,3.0,True,False,0.5,0.1,0.35,5.0,2.0,,,,,,,,,,,,,,
J60_1.RCP,0,109.22651374599427,2.1679108142852783,GA_tournament_rcx_random_random_withLS_noNeighborhood,77,1000,0,50.0,60.0,,,,,,random,rcx,random,True,,,,,,,0.9,0.1,tournament,3.0,True,False,0.5,0.1,0.35,5.0,0.0,,,,,,,,,,,,,,
J60_1.RCP,1,120.03170855118907,2.1827869415283203,GA_tournament_rcx_random_random_withLS_noNeighborhood,77,1000,1,50.0,60.0,,,,,,random,rcx,random,True,,,,,,,0.9,0.1,tournament,3.0,True,False,0.5,0.1,0.35,5.0,0.0,,,,,,,,,,,,,,
J60_1.RCP,0,94.03170855118907,7.826435804367065,GA_tournament_rcx_random_random_noLS_withNeighborhood,77,1000,0,50.0,60.0,,,,,,random,rcx,random,False,,,,,,,0.9,0.1,tournament,3.0,True,False,0.5,0.1,0.35,5.0,2.0,,,,,,,,,,,,,,
J60_1.RCP,1,89.30443582391634,8.0566987991333,GA_tournament_rcx_random_random_noLS_withNeighborhood,77,1000,1,50.0,60.0,,,,,,random,rcx,random,False,,,,,,,0.9,0.1,tournament,3.0,True,False,0.5,0.1,0.35,5.0,2.0,,,,,,,,,,,,,,
J60_1.RCP,0,94.03170855118907,7.860871315002441,GA_tournament_rcx_random_random_noLS_noNeighborhood,77,1000,0,50.0,60.0,,,,,,random,rcx,random,False,,,,,,,0.9,0.1,tournament,3.0,True,False,0.5,0.1,0.35,5.0,0.0,,,,,,,,,,,,,,
J60_1.RCP,1,89.30443582391634,7.873744964599609,GA_tournament_rcx_random_random_noLS_noNeighborhood,77,1000,1,50.0,60.0,,,,,,random,rcx,random,False,,,,,,,0.9,0.1,tournament,3.0,True,False,0.5,0.1,0.35,5.0,0.0,,,,,,,,,,,,,,
J60_1.RCP,0,122.18755270703322,2.1086220741271973,GA_tournament_rcx_random_heuristic_withLS_withNeighborhood,77,1000,0,50.0,60.0,,,,,,random,rcx,heuristic,True,,,,,,,0.9,0.1,tournament,3.0,True,False,0.5,0.1,0.35,5.0,2.0,,,,,,,,,,,,,,
J60_1.RCP,1,104.65508517456568,2.2794039249420166,GA_tournament_rcx_random_heuristic_withLS_withNeighborhood,77,1000,1,50.0,60.0,,,,,,random,rcx,heuristic,True,,,,,,,0.9,0.1,tournament,3.0,True,False,0.5,0.1,0.35,5.0,2.0,,,,,,,,,,,,,,
J60_1.RCP,0,122.18755270703322,2.1034648418426514,GA_tournament_rcx_random_heuristic_withLS_noNeighborhood,77,1000,0,50.0,60.0,,,,,,random,rcx,heuristic,True,,,,,,,0.9,0.1,tournament,3.0,True,False,0.5,0.1,0.35,5.0,0.0,,,,,,,,,,,,,,
J60_1.RCP,1,104.65508517456568,2.199408769607544,GA_tournament_rcx_random_heuristic_withLS_noNeighborhood,77,1000,1,50.0,60.0,,,,,,random,rcx,heuristic,True,,,,,,,0.9,0.1,tournament,3.0,True,False,0.5,0.1,0.35,5.0,0.0,,,,,,,,,,,,,,
J60_1.RCP,0,90.73300725248777,7.767895221710205,GA_tournament_rcx_random_heuristic_noLS_withNeighborhood,77,1000,0,50.0,60.0,,,,,,random,rcx,heuristic,False,,,,,,,0.9,0.1,tournament,3.0,True,False,0.5,0.1,0.35,5.0,2.0,,,,,,,,,,,,,,
J60_1.RCP,1,89.69404621352673,7.8619279861450195,GA_tournament_rcx_random_heuristic_noLS_withNeighborhood,77,1000,1,50.0,60.0,,,,,,random,rcx,heuristic,False,,,,,,,0.9,0.1,tournament,3.0,True,False,0.5,0.1,0.35,5.0,2.0,,,,,,,,,,,,,,
J60_1.RCP,0,90.73300725248777,7.866725921630859,GA_tournament_rcx_random_heuristic_noLS_noNeighborhood,77,1000,0,50.0,60.0,,,,,,random,rcx,heuristic,False,,,,,,,0.9,0.1,tournament,3.0,True,False,0.5,0.1,0.35,5.0,0.0,,,,,,,,,,,,,,
J60_1.RCP,1,89.69404621352673,7.850801706314087,GA_tournament_rcx_random_heuristic_noLS_noNeighborhood,77,1000,1,50.0,60.0,,,,,,random,rcx,heuristic,False,,,,,,,0.9,0.1,tournament,3.0,True,False,0.5,0.1,0.35,5.0,0.0,,,,,,,,,,,,,,
J60_1.RCP,0,118.6550851745657,2.176438093185425,GA_tournament_rcx_adaptive_random_withLS_withNeighborhood,77,1000,0,50.0,60.0,,,,,,adaptive,rcx,random,True,,,,,,,0.9,0.1,tournament,3.0,True,False,0.5,0.1,0.35,5.0,2.0,,,,,,,,,,,,,,
J60_1.RCP,1,108.44729296677349,2.301934242248535,GA_tournament_rcx_adaptive_random_withLS_withNeighborhood,77,1000,1,50.0,60.0,,,,,,adaptive,rcx,random,True,,,,,,,0.9,0.1,tournament,3.0,True,False,0.5,0.1,0.35,5.0,2.0,,,,,,,,,,,,,,
J60_1.RCP,0,118.6550851745657,2.181713104248047,GA_tournament_rcx_adaptive_random_withLS_noNeighborhood,77,1000,0,50.0,60.0,,,,,,adaptive,rcx,random,True,,,,,,,0.9,0.1,tournament,3.0,True,False,0.5,0.1,0.35,5.0,0.0,,,,,,,,,,,,,,
J60_1.RCP,1,108.44729296677349,2.2450711727142334,GA_tournament_rcx_adaptive_random_withLS_noNeighborhood,77,1000,1,50.0,60.0,,,,,,adaptive,rcx,random,True,,,,,,,0.9,0.1,tournament,3.0,True,False,0.5,0.1,0.35,5.0,0.0,,,,,,,,,,,,,,
J60_1.RCP,0,103.33040984989036,8.258044958114624,GA_tournament_rcx_adaptive_random_noLS_withNeighborhood,77,1000,0,50.0,60.0,,,,,,adaptive,rcx,random,False,,,,,,,0.9,0.1,tournament,3.0,True,False,0.5,0.1,0.35,5.0,2.0,,,,,,,,,,,,,,
J60_1.RCP,1,96.70703322651374,8.158484935760498,GA_tournament_rcx_adaptive_random_noLS_withNeighborhood,77,1000,1,50.0,60.0,,,,,,adaptive,rcx,random,False,,,,,,,0.9,0.1,tournament,3.0,True,False,0.5,0.1,0.35,5.0,2.0,,,,,,,,,,,,,,
J60_1.RCP,0,103.33040984989036,8.364735841751099,GA_tournament_rcx_adaptive_random_noLS_noNeighborhood,77,1000,0,50.0,60.0,,,,,,adaptive,rcx,random,False,,,,,,,0.9,0.1,tournament,3.0,True,False,0.5,0.1,0.35,5.0,0.0,,,,,,,,,,,,,,
J60_1.RCP,1,96.70703322651374,8.427434921264648,GA_tournament_rcx_adaptive_random_noLS_noNeighborhood,77,1000,1,50.0,60.0,,,,,,adaptive,rcx,random,False,,,,,,,0.9,0.1,tournament,3.0,True,False,0.5,0.1,0.35,5.0,0.0,,,,,,,,,,,,,,
J60_1.RCP,0,117.61612413560465,2.1775169372558594,GA_tournament_rcx_adaptive_heuristic_withLS_withNeighborhood,77,1000,0,50.0,60.0,,,,,,adaptive,rcx,heuristic,True,,,,,,,0.9,0.1,tournament,3.0,True,False,0.5,0.1,0.35,5.0,2.0,,,,,,,,,,,,,,
J60_1.RCP,1,116.78495530443583,2.358988046646118,GA_tournament_rcx_adaptive_heuristic_withLS_withNeighborhood,77,1000,1,50.0,60.0,,,,,,adaptive,rcx,heuristic,True,,,,,,,0.9,0.1,tournament,3.0,True,False,0.5,0.1,0.35,5.0,2.0,,,,,,,,,,,,,,
J60_1.RCP,0,117.61612413560465,2.172914981842041,GA_tournament_rcx_adaptive_heuristic_withLS_noNeighborhood,77,1000,0,50.0,60.0,,,,,,adaptive,rcx,heuristic,True,,,,,,,0.9,0.1,tournament,3.0,True,False,0.5,0.1,0.35,5.0,0.0,,,,,,,,,,,,,,
J60_1.RCP,1,116.78495530443583,2.1356160640716553,GA_tournament_rcx_adaptive_heuristic_withLS_noNeighborhood,77,1000,1,50.0,60.0,,,,,,adaptive,rcx,heuristic,True,,,,,,,0.9,0.1,tournament,3.0,True,False,0.5,0.1,0.35,5.0,0.0,,,,,,,,,,,,,,
J60_1.RCP,0,100.57716309664362,8.422006130218506,GA_tournament_rcx_adaptive_heuristic_noLS_withNeighborhood,77,1000,0,50.0,60.0,,,,,,adaptive,rcx,heuristic,False,,,,,,,0.9,0.1,tournament,3.0,True,False,0.5,0.1,0.35,5.0,2.0,,,,,,,,,,,,,,
J60_1.RCP,1,99.48625400573451,8.117622137069702,GA_tournament_rcx_adaptive_heuristic_noLS_withNeighborhood,77,1000,1,50.0,60.0,,,,,,adaptive,rcx,heuristic,False,,,,,,,0.9,0.1,tournament,3.0,True,False,0.5,0.1,0.35,5.0,2.0,,,,,,,,,,,,,,
J60_1.RCP,0,100.57716309664362,8.412407636642456,GA_tournament_rcx_adaptive_heuristic_noLS_noNeighborhood,77,1000,0,50.0,60.0,,,,,,adaptive,rcx,heuristic,False,,,,,,,0.9,0.1,tournament,3.0,True,False,0.5,0.1,0.35,5.0,0.0,,,,,,,,,,,,,,
J60_1.RCP,1,99.48625400573451,8.95211911201477,GA_tournament_rcx_adaptive_heuristic_noLS_noNeighborhood,77,1000,1,50.0,60.0,,,,,,adaptive,rcx,heuristic,False,,,,,,,0.9,0.1,tournament,3.0,True,False,0.5,0.1,0.35,5.0,0.0,,,,,,,,,,,,,,
J60_1.RCP,0,106.70703322651374,1.2499830722808838,GA_tournament_hybrid_random_random_withLS_withNeighborhood,77,1000,0,50.0,60.0,,,,,,random,hybrid,random,True,,,,,,,0.9,0.1,tournament,3.0,True,False,0.5,0.1,0.35,5.0,2.0,,,,,,,,,,,,,,
J60_1.RCP,1,108.31742283690336,1.251136064529419,GA_tournament_hybrid_random_random_withLS_withNeighborhood,77,1000,1,50.0,60.0,,,,,,random,hybrid,random,True,,,,,,,0.9,0.1,tournament,3.0,True,False,0.5,0.1,0.35,5.0,2.0,,,,,,,,,,,,,,
J60_1.RCP,0,106.70703322651374,1.2554678916931152,GA_tournament_hybrid_random_random_withLS_noNeighborhood,77,1000,0,50.0,60.0,,,,,,random,hybrid,random,True,,,,,,,0.9,0.1,tournament,3.0,True,False,0.5,0.1,0.35,5.0,0.0,,,,,,,,,,,,,,
J60_1.RCP,1,108.31742283690336,1.3902158737182617,GA_tournament_hybrid_random_random_withLS_noNeighborhood,77,1000,1,50.0,60.0,,,,,,random,hybrid,random,True,,,,,,,0.9,0.1,tournament,3.0,True,False,0.5,0.1,0.35,5.0,0.0,,,,,,,,,,,,,,
J60_1.RCP,0,97.64209816157867,4.318432092666626,GA_tournament_hybrid_random_random_noLS_withNeighborhood,77,1000,0,50.0,60.0,,,,,,random,hybrid,random,False,,,,,,,0.9,0.1,tournament,3.0,True,False,0.5,0.1,0.35,5.0,2.0,,,,,,,,,,,,,,
J60_1.RCP,1,88.70703322651374,4.227647066116333,GA_tournament_hybrid_random_random_noLS_withNeighborhood,77,1000,1,50.0,60.0,,,,,,random,hybrid,random,False,,,,,,,0.9,0.1,tournament,3.0,True,False,0.5,0.1,0.35,5.0,2.0,,,,,,,,,,,,,,
J60_1.RCP,0,97.64209816157867,4.305260896682739,GA_tournament_hybrid_random_random_noLS_noNeighborhood,77,1000,0,50.0,60.0,,,,,,random,hybrid,random,False,,,,,,,0.9,0.1,tournament,3.0,True,False,0.5,0.1,0.35,5.0,0.0,,,,,,,,,,,,,,
J60_1.RCP,1,88.70703322651374,4.231989145278931,GA_tournament_hybrid_random_random_noLS_noNeighborhood,77,1000,1,50.0,60.0,,,,,,random,hybrid,random,False,,,,,,,0.9,0.1,tournament,3.0,True,False,0.5,0.1,0.35,5.0,0.0,,,,,,,,,,,,,,
J60_1.RCP,0,120.70703322651374,1.1591212749481201,GA_tournament_hybrid_random_heuristic_withLS_withNeighborhood,77,1000,0,50.0,60.0,,,,,,random,hybrid,heuristic,True,,,,,,,0.9,0.1,tournament,3.0,True,False,0.5,0.1,0.35,5.0,2.0,,,,,,,,,,,,,,
J60_1.RCP,1,114.94079946027998,1.1990737915039062,GA_tournament_hybrid_random_heuristic_withLS_withNeighborhood,77,1000,1,50.0,60.0,,,,,,random,hybrid,heuristic,True,,,,,,,0.9,0.1,tournament,3.0,True,False,0.5,0.1,0.35,5.0,2.0,,,,,,,,,,,,,,
J60_1.RCP,0,120.70703322651374,1.158390760421753,GA_tournament_hybrid_random_heuristic_withLS_noNeighborhood,77,1000,0,50.0,60.0,,,,,,random,hybrid,heuristic,True,,,,,,,0.9,0.1,tournament,3.0,True,False,0.5,0.1,0.35,5.0,0.0,,,,,,,,,,,,,,
J60_1.RCP,1,114.94079946027998,1.5177299976348877,GA_tournament_hybrid_random_heuristic_withLS_noNeighborhood,77,1000,1,50.0,60.0,,,,,,random,hybrid,heuristic,True,,,,,,,0.9,0.1,tournament,3.0,True,False,0.5,0.1,0.35,5.0,0.0,,,,,,,,,,,,,,
J60_1.RCP,0,100.21352673300726,4.3159401416778564,GA_tournament_hybrid_random_heuristic_noLS_withNeighborhood,77,1000,0,50.0,60.0,,,,,,random,hybrid,heuristic,False,,,,,,,0.9,0.1,tournament,3.0,True,False,0.5,0.1,0.35,5.0,2.0,,,,,,,,,,,,,,
J60_1.RCP,1,93.95378647326699,4.327463150024414,GA_tournament_hybrid_random_heuristic_noLS_withNeighborhood,77,1000,1,50.0,60.0,,,,,,random,hybrid,heuristic,False,,,,,,,0.9,0.1,tournament,3.0,True,False,0.5,0.1,0.35,5.0,2.0,,,,,,,,,,,,,,
J60_1.RCP,0,100.21352673300726,4.315002202987671,GA_tournament_hybrid_random_heuristic_noLS_noNeighborhood,77,1000,0,50.0,60.0,,,,,,random,hybrid,heuristic,False,,,,,,,0.9,0.1,tournament,3.0,True,False,0.5,0.1,0.35,5.0,0.0,,,,,,,,,,,,,,
J60_1.RCP,1,93.95378647326699,4.291956901550293,GA_tournament_hybrid_random_heuristic_noLS_noNeighborhood,77,1000,1,50.0,60.0,,,,,,random,hybrid,heuristic,False,,,,,,,0.9,0.1,tournament,3.0,True,False,0.5,0.1,0.35,5.0,0.0,,,,,,,,,,,,,,
J60_1.RCP,0,111.20053972002023,1.2504081726074219,GA_tournament_hybrid_adaptive_random_withLS_withNeighborhood,77,1000,0,50.0,60.0,,,,,,adaptive,hybrid,random,True,,,,,,,0.9,0.1,tournament,3.0,True,False,0.5,0.1,0.35,5.0,2.0,,,,,,,,,,,,,,
J60_1.RCP,1,118.34339686287738,1.3171241283416748,GA_tournament_hybrid_adaptive_random_withLS_withNeighborhood,77,1000,1,50.0,60.0,,,,,,adaptive,hybrid,random,True,,,,,,,0.9,0.1,tournament,3.0,True,False,0.5,0.1,0.35,5.0,2.0,,,,,,,,,,,,,,
J60_1.RCP,0,111.20053972002023,1.2578849792480469,GA_tournament_hybrid_adaptive_random_withLS_noNeighborhood,77,1000,0,50.0,60.0,,,,,,adaptive,hybrid,random,True,,,,,,,0.9,0.1,tournament,3.0,True,False,0.5,0.1,0.35,5.0,0.0,,,,,,,,,,,,,,
J60_1.RCP,1,118.34339686287738,1.3454959392547607,GA_tournament_hybrid_adaptive_random_withLS_noNeighborhood,77,1000,1,50.0,60.0,,,,,,adaptive,hybrid,random,True,,,,,,,0.9,0.1,tournament,3.0,True,False,0.5,0.1,0.35,5.0,0.0,,,,,,,,,,,,,,
J60_1.RCP,0,101.53820205768257,4.245452880859375,GA_tournament_hybrid_adaptive_random_noLS_withNeighborhood,77,1000,0,50.0,60.0,,,,,,adaptive,hybrid,random,False,,,,,,,0.9,0.1,tournament,3.0,True,False,0.5,0.1,0.35,5.0,2.0,,,,,,,,,,,,,,
J60_1.RCP,1,106.49924101872153,4.3990020751953125,GA_tournament_hybrid_adaptive_random_noLS_withNeighborhood,77,1000,1,50.0,60.0,,,,,,adaptive,hybrid,random,False,,,,,,,0.9,0.1,tournament,3.0,True,False,0.5,0.1,0.35,5.0,2.0,,,,,,,,,,,,,,
J60_1.RCP,0,101.53820205768257,4.2297399044036865,GA_tournament_hybrid_adaptive_random_noLS_noNeighborhood,77,1000,0,50.0,60.0,,,,,,adaptive,hybrid,random,False,,,,,,,0.9,0.1,tournament,3.0,True,False,0.5,0.1,0.35,5.0,0.0,,,,,,,,,,,,,,
J60_1.RCP,1,106.49924101872153,4.92980694770813,GA_tournament_hybrid_adaptive_random_noLS_noNeighborhood,77,1000,1,50.0,60.0,,,,,,adaptive,hybrid,random,False,,,,,,,0.9,0.1,tournament,3.0,True,False,0.5,0.1,0.35,5.0,0.0,,,,,,,,,,,,,,
J60_1.RCP,0,112.99274751222804,1.1905419826507568,GA_tournament_hybrid_adaptive_heuristic_withLS_withNeighborhood,77,1000,0,50.0,60.0,,,,,,adaptive,hybrid,heuristic,True,,,,,,,0.9,0.1,tournament,3.0,True,False,0.5,0.1,0.35,5.0,2.0,,,,,,,,,,,,,,
J60_1.RCP,1,114.81092933040985,1.293449878692627,GA_tournament_hybrid_adaptive_heuristic_withLS_withNeighborhood,77,1000,1,50.0,60.0,,,,,,adaptive,hybrid,heuristic,True,,,,,,,0.9,0.1,tournament,3.0,True,False,0.5,0.1,0.35,5.0,2.0,,,,,,,,,,,,,,
J60_1.RCP,0,112.99274751222804,1.3175678253173828,GA_tournament_hybrid_adaptive_heuristic_withLS_noNeighborhood,77,1000,0,50.0,60.0,,,,,,adaptive,hybrid,heuristic,True,,,,,,,0.9,0.1,tournament,3.0,True,False,0.5,0.1,0.35,5.0,0.0,,,,,,,,,,,,,,
J60_1.RCP,1,114.81092933040985,1.3329401016235352,GA_tournament_hybrid_adaptive_heuristic_withLS_noNeighborhood,77,1000,1,50.0,60.0,,,,,,adaptive,hybrid,heuristic,True,,,,,,,0.9,0.1,tournament,3.0,True,False,0.5,0.1,0.35,5.0,0.0,,,,,,,,,,,,,,
J60_1.RCP,0,100.05768257716309,4.276678800582886,GA_tournament_hybrid_adaptive_heuristic_noLS_withNeighborhood,77,1000,0,50.0,60.0,,,,,,adaptive,hybrid,heuristic,False,,,,,,,0.9,0.1,tournament,3.0,True,False,0.5,0.1,0.35,5.0,2.0,,,,,,,,,,,,,,
J60_1.RCP,1,96.08365660313711,4.519525051116943,GA_tournament_hybrid_adaptive_heuristic_noLS_withNeighborhood,77,1000,1,50.0,60.0,,,,,,adaptive,hybrid,heuristic,False,,,,,,,0.9,0.1,tournament,3.0,True,False,0.5,0.1,0.35,5.0,2.0,,,,,,,,,,,,,,
J60_1.RCP,0,100.05768257716309,4.307424068450928,GA_tournament_hybrid_adaptive_heuristic_noLS_noNeighborhood,77,1000,0,50.0,60.0,,,,,,adaptive,hybrid,heuristic,False,,,,,,,0.9,0.1,tournament,3.0,True,False,0.5,0.1,0.35,5.0,0.0,,,,,,,,,,,,,,
J60_1.RCP,1,96.08365660313711,4.425434112548828,GA_tournament_hybrid_adaptive_heuristic_noLS_noNeighborhood,77,1000,1,50.0,60.0,,,,,,adaptive,hybrid,heuristic,False,,,,,,,0.9,0.1,tournament,3.0,True,False,0.5,0.1,0.35,5.0,0.0,,,,,,,,,,,,,,
J60_1.RCP,0,116.966773486254,0.20186805725097656,SA_default,77,1000,0,,60.0,,,,,,,,,,,,,,,,,,,,,,,,,,,10000.0,0.995,10.0,,,,,,,,,,,
J60_1.RCP,1,100.13560465508519,0.20034003257751465,SA_default,77,1000,1,,60.0,,,,,,,,,,,,,,,,,,,,,,,,,,,10000.0,0.995,10.0,,,,,,,,,,,
J60_1.RCP,0,120.29144881092932,0.19215893745422363,ILS_strength3,77,1000,0,,60.0,100.0,,,,,,,,,,,,,,,,,,,,,,,,,,,,,3.0,,,,,,,,,,
J60_1.RCP,1,109.51222803170855,0.1923389434814453,ILS_strength3,77,1000,1,,60.0,100.0,,,,,,,,,,,,,,,,,,,,,,,,,,,,,3.0,,,,,,,,,,
J60_1.RCP,0,120.29144881092932,0.19156885147094727,ILS_strength5,77,1000,0,,60.0,100.0,,,,,,,,,,,,,,,,,,,,,,,,,,,,,5.0,,,,,,,,,,
J60_1.RCP,1,109.51222803170855,0.19344282150268555,ILS_strength5,77,1000,1,,60.0,100.0,,,,,,,,,,,,,,,,,,,,,,,,,,,,,5.0,,,,,,,,,,
J60_1.RCP,0,120.29144881092932,0.19337010383605957,ILS_strength7,77,1000,0,,60.0,100.0,,,,,,,,,,,,,,,,,,,,,,,,,,,,,7.0,,,,,,,,,,
J60_1.RCP,1,109.51222803170855,0.1939089298248291,ILS_strength7,77,1000,1,,60.0,100.0,,,,,,,,,,,,,,,,,,,,,,,,,,,,,7.0,,,,,,,,,,
J60_1.RCP,0,120.29144881092932,0.191986083984375,ILS_strength10,77,1000,0,,60.0,100.0,,,,,,,,,,,,,,,,,,,,,,,,,,,,,10.0,,,,,,,,,,
J60_1.RCP,1,109.51222803170855,0.1920151710510254,ILS_strength10,77,1000,1,,60.0,100.0,,,,,,,,,,,,,,,,,,,,,,,,,,,,,10.0,,,,,,,,,,
J60_1.RCP,0,120.29144881092932,0.19161200523376465,ILS_strength15,77,1000,0,,60.0,100.0,,,,,,,,,,,,,,,,,,,,,,,,,,,,,15.0,,,,,,,,,,
J60_1.RCP,1,109.51222803170855,0.19193792343139648,ILS_strength15,77,1000,1,,60.0,100.0,,,,,,,,,,,,,,,,,,,,,,,,,,,,,15.0,,,,,,,,,,
J60_1.RCP,0,80.966773486254,0.2002701759338379,TS_static,77,1000,0,,60.0,100.0,,,,,,,,,,,,,,,,,,,,,,,,,20.0,,,,,10.0,True,static,1.0,4.0,10.0,,,,
J60_1.RCP,1,80.3693708888514,0.2003791332244873,TS_static,77,1000,1,,60.0,100.0,,,,,,,,,,,,,,,,,,,,,,,,,20.0,,,,,10.0,True,static,1.0,4.0,10.0,,,,
J60_1.RCP,0,80.966773486254,0.2006988525390625,TS_dynamic,77,1000,0,,60.0,100.0,,,,,,,,,,,,,,,,,,,,,,,,,20.0,,,,,10.0,True,dynamic,1.0,4.0,10.0,,,,
J60_1.RCP,1,80.3693708888514,0.2000741958618164,TS_dynamic,77,1000,1,,60.0,100.0,,,,,,,,,,,,,,,,,,,,,,,,,20.0,,,,,10.0,True,dynamic,1.0,4.0,10.0,,,,
J60_1.RCP,0,161.25248777196828,0.23508000373840332,PR_forward_best_withLS,77,1000,0,,60.0,100.0,,,,,,,,True,,,,,,,,,best,,,,,,,,,,,,,,,,,,,10.0,forward,50.0,
J60_1.RCP,1,126.81092933040985,0.23487305641174316,PR_forward_best_withLS,77,1000,1,,60.0,100.0,,,,,,,,True,,,,,,,,,best,,,,,,,,,,,,,,,,,,,10.0,forward,50.0,
J60_1.RCP,0,132.6550851745657,0.0934300422668457,PR_forward_best_noLS,77,1000,0,,60.0,100.0,,,,,,,,False,,,,,,,,,best,,,,,,,,,,,,,,,,,,,10.0,forward,50.0,
J60_1.RCP,1,118.23950075898128,0.0960230827331543,PR_forward_best_noLS,77,1000,1,,60.0,100.0,,,,,,,,False,,,,,,,,,best,,,,,,,,,,,,,,,,,,,10.0,forward,50.0,
J60_1.RCP,0,134.2654747849553,0.23678994178771973,PR_forward_random_two_withLS,77,1000,0,,60.0,100.0,,,,,,,,True,,,,,,,,,random_two,,,,,,,,,,,,,,,,,,,10.0,forward,50.0,
J60_1.RCP,1,120.70703322651374,0.2366771697998047,PR_forward_random_two_withLS,77,1000,1,,60.0,100.0,,,,,,,,True,,,,,,,,,random_two,,,,,,,,,,,,,,,,,,,10.0,forward,50.0,
J60_1.RCP,0,123.97976049924101,0.05143594741821289,PR_forward_random_two_noLS,77,1000,0,,60.0,100.0,,,,,,,,False,,,,,,,,,random_two,,,,,,,,,,,,,,,,,,,10.0,forward,50.0,
J60_1.RCP,1,128.26547478495527,0.04966878890991211,PR_forward_random_two_noLS,77,1000,1,,60.0,100.0,,,,,,,,False,,,,,,,,,random_two,,,,,,,,,,,,,,,,,,,10.0,forward,50.0,
J60_1.RCP,0,159.953786473267,0.23427891731262207,PR_backward_best_withLS,77,1000,0,,60.0,100.0,,,,,,,,True,,,,,,,,,best,,,,,,,,,,,,,,,,,,,10.0,backward,50.0,
J60_1.RCP,1,126.81092933040985,0.23462295532226562,PR_backward_best_withLS,77,1000,1,,60.0,100.0,,,,,,,,True,,,,,,,,,best,,,,,,,,,,,,,,,,,,,10.0,backward,50.0,
J60_1.RCP,0,126.68105920053969,0.09801912307739258,PR_backward_best_noLS,77,1000,0,,60.0,100.0,,,,,,,,False,,,,,,,,,best,,,,,,,,,,,,,,,,,,,10.0,backward,50.0,
J60_1.RCP,1,129.14859166807219,0.06587696075439453,PR_backward_best_noLS,77,1000,1,,60.0,100.0,,,,,,,,False,,,,,,,,,best,,,,,,,,,,,,,,,,,,,10.0,backward,50.0,
J60_1.RCP,0,129.30443582391635,0.23489594459533691,PR_backward_random_two_withLS,77,1000,0,,60.0,100.0,,,,,,,,True,,,,,,,,,random_two,,,,,,,,,,,,,,,,,,,10.0,backward,50.0,
J60_1.RCP,1,120.05768257716309,0.23578095436096191,PR_backward_random_two_withLS,77,1000,1,,60.0,100.0,,,,,,,,True,,,,,,,,,random_two,,,,,,,,,,,,,,,,,,,10.0,backward,50.0,
J60_1.RCP,0,112.83690335638387,0.05187702178955078,PR_backward_random_two_noLS,77,1000,0,,60.0,100.0,,,,,,,,False,,,,,,,,,random_two,,,,,,,,,,,,,,,,,,,10.0,backward,50.0,
J60_1.RCP,1,136.31742283690335,0.04687309265136719,PR_backward_random_two_noLS,77,1000,1,,60.0,100.0,,,,,,,,False,,,,,,,,,random_two,,,,,,,,,,,,,,,,,,,10.0,backward,50.0,
J60_1.RCP,0,126.10963062911115,1.7723639011383057,GSA_default,77,1000,0,50.0,60.0,100.0,,,,,,,random,,,,,,,,,,,,True,,20.0,,,,,,,,,,,,,,,,,,100.0
J60_1.RCP,1,124.1615786810592,1.6281840801239014,GSA_default,77,1000,1,50.0,60.0,100.0,,,,,,,random,,,,,,,,,,,,True,,20.0,,,,,,,,,,,,,,,,,,100.0
J60_2.RCP,0,120.60639053254437,0.2603278160095215,DE_rand/1_adaptiveF_bin_adaptiveCR_withLS,65,1000,0,50.0,60.0,100.0,0.1,0.9,True,True,rand/1,bin,random,True,5.0,0.3,1.5,0.3,1.0,1.0,,,,,,,,,,,,,,,,,,,,,,,,,
J60_2.RCP,1,121.06792899408285,0.2611098289489746,DE_rand/1_adaptiveF_bin_adaptiveCR_withLS,65,1000,1,50.0,60.0,100.0,0.1,0.9,True,True,rand/1,bin,random,True,5.0,0.3,1.5,0.3,1.0,1.0,,,,,,,,,,,,,,,,,,,,,,,,,
J60_2.RCP,0,120.7294674556213,0.2611100673675537,DE_rand/1_adaptiveF_bin_adaptiveCR_noLS,65,1000,0,50.0,60.0,100.0,0.1,0.9,True,True,rand/1,bin,random,False,5.0,0.3,1.5,0.3,1.0,1.0,,,,,,,,,,,,,,,,,,,,,,,,,
J60_2.RCP,1,119.31408284023668,0.25622105598449707,DE_rand/1_adaptiveF_bin_adaptiveCR_noLS,65,1000,1,50.0,60.0,100.0,0.1,0.9,True,True,rand/1,bin,random,False,5.0,0.3,1.5,0.3,1.0,1.0,,,,,,,,,,,,,,,,,,,,,,,,,
J60_2.RCP,0,116.97562130177516,0.26105499267578125,DE_rand/1_adaptiveF_bin_fixedCR_withLS,65,1000,0,50.0,60.0,100.0,0.1,0.9,True,False,rand/1,bin,random,True,5.0,0.3,1.5,0.3,1.0,1.0,,,,,,,,,,,,,,,,,,,,,,,,,
J60_2.RCP,1,122.69869822485208,0.2568817138671875,DE_rand/1_adaptiveF_bin_fixedCR_withLS,65,1000,1,50.0,60.0,100.0,0.1,0.9,True,False,rand/1,bin,random,True,5.0,0.3,1.5,0.3,1.0,1.0,,,,,,,,,,,,,,,,,,,,,,,,,
J60_2.RCP,0,129.03715976331364,0.2549619674682617,DE_rand/1_adaptiveF_bin_fixedCR_noLS,65,1000,0,50.0,60.0,100.0,0.1,0.9,True,False,rand/1,bin,random,False,5.0,0.3,1.5,0.3,1.0,1.0,,,,,,,,,,,,,,,,,,,,,,,,,
J60_2.RCP,1,124.05254437869822,0.25362467765808105,DE_rand/1_adaptiveF_bin_fixedCR_noLS,65,1000,1,50.0,60.0,100.0,0.1,0.9,True,False,rand/1,bin,random,False,5.0,0.3,1.5,0.3,1.0,1.0,,,,,,,,,,,,,,,,,,,,,,,,,
J60_2.RCP,0,129.0063905325444,0.26006126403808594,DE_rand/1_adaptiveF_exp_adaptiveCR_withLS,65,1000,0,50.0,60.0,100.0,0.1,0.9,True,True,rand/1,exp,random,True,5.0,0.3,1.5,0.3,1.0,1.0,,,,,,,,,,,,,,,,,,,,,,,,,
J60_2.RCP,1,121.92946745562129,0.2656519412994385,DE_rand/1_adaptiveF_exp_adaptiveCR_withLS,65,1000,1,50.0,60.0,100.0,0.1,0.9,True,True,rand/1,exp,random,True,5.0,0.3,1.5,0.3,1.0,1.0,,,,,,,,,,,,,,,,,,,,,,,,,
J60_2.RCP,0,121.28331360946746,0.25707530975341797,DE_rand/1_adaptiveF_exp_adaptiveCR_noLS,65,1000,0,50.0,60.0,100.0,0.1,0.9,True,True,rand/1,exp,random,False,5.0,0.3,1.5,0.3,1.0,1.0,,,,,,,,,,,,,,,,,,,,,,,,,
J60_2.RCP,1,118.29869822485206,0.26130104064941406,DE_rand/1_adaptiveF_exp_adaptiveCR_noLS,65,1000,1,50.0,60.0,100.0,0.1,0.9,True,True,rand/1,exp,random,False,5.0,0.3,1.5,0.3,1.0,1.0,,,,,,,,,,,,,,,,,,,,,,,,,
J60_2.RCP,0,121.25254437869823,0.26107215881347656,DE_rand/1_adaptiveF_exp_fixedCR_withLS,65,1000,0,50.0,60.0,100.0,0.1,0.9,True,False,rand/1,exp,random,True,5.0,0.3,1.5,0.3,1.0,1.0,,,,,,,,,,,,,,,,,,,,,,,,,
J60_2.RCP,1,109.40639053254436,0.257814884185791,DE_rand/1_adaptiveF_exp_fixedCR_withLS,65,1000,1,50.0,60.0,100.0,0.1,0.9,True,False,rand/1,exp,random,True,5.0,0.3,1.5,0.3,1.0,1.0,,,,,,,,,,,,,,,,,,,,,,,,,
J60_2.RCP,0,124.48331360946744,0.26082301139831543,DE_rand/1_adaptiveF_exp_fixedCR_noLS,65,1000,0,50.0,60.0,100.0,0.1,0.9,True,False,rand/1,exp,random,False,5.0,0.3,1.5,0.3,1.0,1.0,,,,,,,,,,,,,,,,,,,,,,,,,
J60_2.RCP,1,125.221775147929,0.2560291290283203,DE_rand/1_adaptiveF_exp_fixedCR_noLS,65,1000,1,50.0,60.0,100.0,0.1,0.9,True,False,rand/1,exp,random,False,5.0,0.3,1.5,0.3,1.0,1.0,,,,,,,,,,,,,,,,,,,,,,,,,
J60_2.RCP,0,123.77562130177513,0.26627373695373535,DE_rand/1_fixedF_bin_adaptiveCR_withLS,65,1000,0,50.0,60.0,100.0,0.1,0.9,False,True,rand/1,bin,random,True,5.0,0.3,1.5,0.3,1.0,1.0,,,,,,,,,,,,,,,,,,,,,,,,,
J60_2.RCP,1,111.71408284023667,0.2664778232574463,DE_rand/1_fixedF_bin_adaptiveCR_withLS,65,1000,1,50.0,60.0,100.0,0.1,0.9,False,True,rand/1,bin,random,True,5.0,0.3,1.5,0.3,1.0,1.0,,,,,,,,,,,,,,,,,,,,,,,,,
J60_2.RCP,0,117.74485207100594,0.26068115234375,DE_rand/1_fixedF_bin_adaptiveCR_noLS,65,1000,0,50.0,60.0,100.0,0.1,0.9,False,True,rand/1,bin,random,False,5.0,0.3,1.5,0.3,1.0,1.0,,,,,,,,,,,,,,,,,,,,,,,,,
J60_2.RCP,1,122.88331360946746,0.26022911071777344,DE_rand/1_fixedF_bin_adaptiveCR_noLS,65,1000,1,50.0,60.0,100.0,0.1,0.9,False,True,rand/1,bin,random,False,5.0,0.3,1.5,0.3,1.0,1.0,,,,,,,,,,,,,,,,,,,,,,,,,
J60_2.RCP,0,114.32946745562131,0.27415990829467773,DE_rand/1_fixedF_bin_fixedCR_withLS,65,1000,0,50.0,60.0,100.0,0.1,0.9,False,False,rand/1,bin,random,True,5.0,0.3,1.5,0.3,1.0,1.0,,,,,,,,,,,,,,,,,,,,,,,,,
J60_2.RCP,1,106.05254437869822,0.2613377571105957,DE_rand/1_fixedF_bin_fixedCR_withLS,65,1000,1,50.0,60.0,100.0,0.1,0.9,False,False,rand/1,bin,random,True,5.0,0.3,1.5,0.3,1.0,1.0,,,,,,,,,,,,,,,,,,,,,,,,,
J60_2.RCP,0,129.9294674556213,0.25658392906188965,DE_rand/1_fixedF_bin_fixedCR_noLS,65,1000,0,50.0,60.0,100.0,0.1,0.9,False,False,rand/1,bin,random,False,5.0,0.3,1.5,0.3,1.0,1.0,,,,,,,,,,,,,,,,,,,,,,,,,
J60_2.RCP,1,120.26792899408285,0.25645899772644043,DE_rand/1_fixedF_bin_fixedCR_noLS,65,1000,1,50.0,60.0,100.0,0.1,0.9,False,False,rand/1,bin,random,False,5.0,0.3,1.5,0.3,1.0,1.0,,,,,,,,,,,,,,,,,,,,,,,,,
J60_2.RCP,0,121.77562130177513,0.270035982131958,DE_rand/1_fixedF_exp_adaptiveCR_withLS,65,1000,0,50.0,60.0,100.0,0.1,0.9,False,True,rand/1,exp,random,True,5.0,0.3,1.5,0.3,1.0,1.0,,,,,,,,,,,,,,,,,,,,,,,,,
J60_2.RCP,1,119.3448520710059,0.26704835891723633,DE_rand/1_fixedF_exp_adaptiveCR_withLS,65,1000,1,50.0,60.0,100.0,0.1,0.9,False,True,rand/1,exp,random,True,5.0,0.3,1.5,0.3,1.0,1.0,,,,,,,,,,,,,,,,,,,,,,,,,
J60_2.RCP,0,120.17562130177515,0.26419806480407715,DE_rand/1_fixedF_exp_adaptiveCR_noLS,65,1000,0,50.0,60.0,100.0,0.1,0.9,False,True,rand/1,exp,random,False,5.0,0.3,1.5,0.3,1.0,1.0,,,,,,,,,,,,,,,,,,,,,,,,,
J60_2.RCP,1,114.91408284023669,0.2627859115600586,DE_rand/1_fixedF_exp_adaptiveCR_noLS,65,1000,1,50.0,60.0,100.0,0.1,0.9,False,True,rand/1,exp,random,False,5.0,0.3,1.5,0.3,1.0,1.0,,,,,,,,,,,,,,,,,,,,,,,,,
J60_2.RCP,0,124.97562130177513,0.26505589485168457,DE_rand/1_fixedF_exp_fixedCR_withLS,65,1000,0,50.0,60.0,100.0,0.1,0.9,False,False,rand/1,exp,random,True,5.0,0.3,1.5,0.3,1.0,1.0,,,,,,,,,,,,,,,,,,,,,,,,,
J60_2.RCP,1,112.72946745562129,0.262833833694458,DE_rand/1_fixedF_exp_fixedCR_withLS,65,1000,1,50.0,60.0,100.0,0.1,0.9,False,False,rand/1,exp,random,True,5.0,0.3,1.5,0.3,1.0,1.0,,,,,,,,,,,,,,,,,,,,,,,,,
J60_2.RCP,0,119.68331360946745,0.2584209442138672,DE_rand/1_fixedF_exp_fixedCR_noLS,65,1000,0,50.0,60.0,100.0,0.1,0.9,False,False,rand/1,exp,random,False,5.0,0.3,1.5,0.3,1.0,1.0,,,,,,,,,,,,,,,,,,,,,,,,,
J60_2.RCP,1,112.60639053254438,0.25856494903564453,DE_rand/1_fixedF_exp_fixedCR_noLS,65,1000,1,50.0,60.0,100.0,0.1,0.9,False,False,rand/1,exp,random,False,5.0,0.3,1.5,0.3,1.0,1.0,,,,,,,,,,,,,,,,,,,,,,,,,
J60_2.RCP,0,116.20639053254438,0.2643599510192871,DE_rand/2_adaptiveF_bin_adaptiveCR_withLS,65,1000,0,50.0,60.0,100.0,0.1,0.9,True,True,rand/2,bin,random,True,5.0,0.3,1.5,0.3,1.0,1.0,,,,,,,,,,,,,,,,,,,,,,,,,
J60_2.RCP,1,117.03715976331361,0.2668161392211914,DE_rand/2_adaptiveF_bin_adaptiveCR_withLS,65,1000,1,50.0,60.0,100.0,0.1,0.9,True,True,rand/2,bin,random,True,5.0,0.3,1.5,0.3,1.0,1.0,,,,,,,,,,,,,,,,,,,,,,,,,
J60_2.RCP,0,130.6063905325444,0.2642710208892822,DE_rand/2_adaptiveF_bin_adaptiveCR_noLS,65,1000,0,50.0,60.0,100.0,0.1,0.9,True,True,rand/2,bin,random,False,5.0,0.3,1.5,0.3,1.0,1.0,,,,,,,,,,,,,,,,,,,,,,,,,
J60_2.RCP,1,116.26792899408284,0.26384592056274414,DE_rand/2_adaptiveF_bin_adaptiveCR_noLS,65,1000,1,50.0,60.0,100.0,0.1,0.9,True,True,rand/2,bin,random,False,5.0,0.3,1.5,0.3,1.0,1.0,,,,,,,,,,,,,,,,,,,,,,,,,
J60_2.RCP,0,120.17562130177515,0.265484094619751,DE_rand/2_adaptiveF_bin_fixedCR_withLS,65,1000,0,50.0,60.0,100.0,0.1,0.9,True,False,rand/2,bin,random,True,5.0,0.3,1.5,0.3,1.0,1.0,,,,,,,,,,,,,,,,,,,,,,,,,
J60_2.RCP,1,131.0986982248521,0.2658810615539551,DE_rand/2_adaptiveF_bin_fixedCR_withLS,65,1000,1,50.0,60.0,100.0,0.1,0.9,True,False,rand/2,bin,random,True,5.0,0.3,1.5,0.3,1.0,1.0,,,,,,,,,,,,,,,,,,,,,,,,,
J60_2.RCP,0,108.48331360946746,0.26136279106140137,DE_rand/2_adaptiveF_bin_fixedCR_noLS,65,1000,0,50.0,60.0,100.0,0.1,0.9,True,False,rand/2,bin,random,False,5.0,0.3,1.5,0.3,1.0,1.0,,,,,,,,,,,,,,,,,,,,,,,,,
J60_2.RCP,1,122.14485207100591,0.2605419158935547,DE_rand/2_adaptiveF_bin_fixedCR_noLS,65,1000,1,50.0,60.0,100.0,0.1,0.9,True,False,rand/2,bin,random,False,5.0,0.3,1.5,0.3,1.0,1.0,,,,,,,,,,,,,,,,,,,,,,,,,
J60_2.RCP,0,124.6063905325444,0.2644968032836914,DE_rand/2_adaptiveF_exp_adaptiveCR_withLS,65,1000,0,50.0,60.0,100.0,0.1,0.9,True,True,rand/2,exp,random,True,5.0,0.3,1.5,0.3,1.0,1.0,,,,,,,,,,,,,,,,,,,,,,,,,
J60_2.RCP,1,113.8371597633136,0.2692999839782715,DE_rand/2_adaptiveF_exp_adaptiveCR_withLS,65,1000,1,50.0,60.0,100.0,0.1,0.9,True,True,rand/2,exp,random,True,5.0,0.3,1.5,0.3,1.0,1.0,,,,,,,,,,,,,,,,,,,,,,,,,
J60_2.RCP,0,109.09869822485207,0.26436281204223633,DE_rand/2_adaptiveF_exp_adaptiveCR_noLS,65,1000,0,50.0,60.0,100.0,0.1,0.9,True,True,rand/2,exp,random,False,5.0,0.3,1.5,0.3,1.0,1.0,,,,,,,,,,,,,,,,,,,,,,,,,
J60_2.RCP,1,122.88331360946746,0.2801070213317871,DE_rand/2_adaptiveF_exp_adaptiveCR_noLS,65,1000,1,50.0,60.0,100.0,0.1,0.9,True,True,rand/2,exp,random,False,5.0,0.3,1.5,0.3,1.0,1.0,,,,,,,,,,,,,,,,,,,,,,,,,
J60_2.RCP,0,109.77562130177516,0.2674529552459717,DE_rand/2_adaptiveF_exp_fixedCR_withLS,65,1000,0,50.0,60.0,100.0,0.1,0.9,True,False,rand/2,exp,random,True,5.0,0.3,1.5,0.3,1.0,1.0,,,,,,,,,,,,,,,,,,,,,,,,,
J60_2.RCP,1,121.0371597633136,0.26485109329223633,DE_rand/2_adaptiveF_exp_fixedCR_withLS,65,1000,1,50.0,60.0,100.0,0.1,0.9,True,False,rand/2,exp,random,True,5.0,0.3,1.5,0.3,1.0,1.0,,,,,,,,,,,,,,,,,,,,,,,,,
J60_2.RCP,0,120.94485207100594,0.331820011138916,DE_rand/2_adaptiveF_exp_fixedCR_noLS,65,1000,0,50.0,60.0,100.0,0.1,0.9,True,False,rand/2,exp,random,False,5.0,0.3,1.5,0.3,1.0,1.0,,,,,,,,,,,,,,,,,,,,,,,,,
J60_2.RCP,1,123.3448520710059,0.26869893074035645,DE_rand/2_adaptiveF_exp_fixedCR_noLS,65,1000,1,50.0,60.0,100.0,0.1,0.9,True,False,rand/2,exp,random,False,5.0,0.3,1.5,0.3,1.0,1.0,,,,,,,,,,,,,,,,,,,,,,,,,
J60_2.RCP,0,131.43715976331362,0.2852480411529541,DE_rand/2_fixedF_bin_adaptiveCR_withLS,65,1000,0,50.0,60.0,100.0,0.1,0.9,False,True,rand/2,bin,random,True,5.0,0.3,1.5,0.3,1.0,1.0,,,,,,,,,,,,,,,,,,,,,,,,,
J60_2.RCP,1,125.89869822485207,0.2821791172027588,DE_rand/2_fixedF_bin_adaptiveCR_withLS,65,1000,1,50.0,60.0,100.0,0.1,0.9,False,True,rand/2,bin,random,True,5.0,0.3,1.5,0.3,1.0,1.0,,,,,,,,,,,,,,,,,,,,,,,,,
J60_2.RCP,0,121.16023668639055,0.28283119201660156,DE_rand/2_fixedF_bin_adaptiveCR_noLS,65,1000,0,50.0,60.0,100.0,0.1,0.9,False,True,rand/2,bin,random,False,5.0,0.3,1.5,0.3,1.0,1.0,,,,,,,,,,,,,,,,,,,,,,,,,
J60_2.RCP,1,120.48331360946746,0.3223989009857178,DE_rand/2_fixedF_bin_adaptiveCR_noLS,65,1000,1,50.0,60.0,100.0,0.1,0.9,False,True,rand/2,bin,random,False,5.0,0.3,1.5,0.3,1.0,1.0,,,,,,,,,,,,,,,,,,,,,,,,,
J60_2.RCP,0,119.74485207100591,0.289031982421875,DE_rand/2_fixedF_bin_fixedCR_withLS,65,1000,0,50.0,60.0,100.0,0.1,0.9,False,False,rand/2,bin,random,True,5.0,0.3,1.5,0.3,1.0,1.0,,,,,,,,,,,,,,,,,,,,,,,,,
J60_2.RCP,1,117.37562130177517,0.27307796478271484,DE_rand/2_fixedF_bin_fixedCR_withLS,65,1000,1,50.0,60.0,100.0,0.1,0.9,False,False,rand/2,bin,random,True,5.0,0.3,1.5,0.3,1.0,1.0,,,,,,,,,,,,,,,,,,,,,,,,,
J60_2.RCP,0,118.94485207100593,0.2676889896392822,DE_rand/2_fixedF_bin_fixedCR_noLS,65,1000,0,50.0,60.0,100.0,0.1,0.9,False,False,rand/2,bin,random,False,5.0,0.3,1.5,0.3,1.0,1.0,,,,,,,,,,,,,,,,,,,,,,,,,
J60_2.RCP,1,117.80639053254438,0.2663440704345703,DE_rand/2_fixedF_bin_fixedCR_noLS,65,1000,1,50.0,60.0,100.0,0.1,0.9,False,False,rand/2,bin,random,False,5.0,0.3,1.5,0.3,1.0,1.0,,,,,,,,,,,,,,,,,,,,,,,,,
J60_2.RCP,0,133.03715976331364,0.2836730480194092,DE_rand/2_fixedF_exp_adaptiveCR_withLS,65,1000,0,50.0,60.0,100.0,0.1,0.9,False,True,rand/2,exp,random,True,5.0,0.3,1.5,0.3,1.0,1.0,,,,,,,,,,,,,,,,,,,,,,,,,
J60_2.RCP,1,118.021775147929,0.2821800708770752,DE_rand/2_fixedF_exp_adaptiveCR_withLS,65,1000,1,50.0,60.0,100.0,0.1,0.9,False,True,rand/2,exp,random,True,5.0,0.3,1.5,0.3,1.0,1.0,,,,,,,,,,,,,,,,,,,,,,,,,
J60_2.RCP,0,116.79100591715977,0.27565503120422363,DE_rand/2_fixedF_exp_adaptiveCR_noLS,65,1000,0,50.0,60.0,100.0,0.1,0.9,False,True,rand/2,exp,random,False,5.0,0.3,1.5,0.3,1.0,1.0,,,,,,,,,,,,,,,,,,,,,,,,,
J60_2.RCP,1,113.59100591715976,0.2742500305175781,DE_rand/2_fixedF_exp_adaptiveCR_noLS,65,1000,1,50.0,60.0,100.0,0.1,0.9,False,True,rand/2,exp,random,False,5.0,0.3,1.5,0.3,1.0,1.0,,,,,,,,,,,,,,,,,,,,,,,,,
J60_2.RCP,0,118.82177514792899,0.27401185035705566,DE_rand/2_fixedF_exp_fixedCR_withLS,65,1000,0,50.0,60.0,100.0,0.1,0.9,False,False,rand/2,exp,random,True,5.0,0.3,1.5,0.3,1.0,1.0,,,,,,,,,,,,,,,,,,,,,,,,,
J60_2.RCP,1,119.28331360946744,0.2761549949645996,DE_rand/2_fixedF_exp_fixedCR_withLS,65,1000,1,50.0,60.0,100.0,0.1,0.9,False,False,rand/2,exp,random,True,5.0,0.3,1.5,0.3,1.0,1.0,,,,,,,,,,,,,,,,,,,,,,,,,
J60_2.RCP,0,129.1602366863905,0.2685518264770508,DE_rand/2_fixedF_exp_fixedCR_noLS,65,1000,0,50.0,60.0,100.0,0.1,0.9,False,False,rand/2,exp,random,False,5.0,0.3,1.5,0.3,1.0,1.0,,,,,,,,,,,,,,,,,,,,,,,,,
J60_2.RCP,1,111.56023668639054,0.2680320739746094,DE_rand/2_fixedF_exp_fixedCR_noLS,65,1000,1,50.0,60.0,100.0,0.1,0.9,False,False,rand/2,exp,random,False,5.0,0.3,1.5,0.3,1.0,1.0,,,,,,,,,,,,,,,,,,,,,,,,,
J60_2.RCP,0,117.221775147929,0.27732396125793457,DE_best/1_adaptiveF_bin_adaptiveCR_withLS,65,1000,0,50.0,60.0,100.0,0.1,0.9,True,True,best/1,bin,random,True,5.0,0.3,1.5,0.3,1.0,1.0,,,,,,,,,,,,,,,,,,,,,,,,,
J60_2.RCP,1,123.40639053254436,0.26065516471862793,DE_best/1_adaptiveF_bin_adaptiveCR_withLS,65,1000,1,50.0,60.0,100.0,0.1,0.9,True,True,best/1,bin,random,True,5.0,0.3,1.5,0.3,1.0,1.0,,,,,,,,,,,,,,,,,,,,,,,,,
J60_2.RCP,0,124.2371597633136,0.25754332542419434,DE_best/1_adaptiveF_bin_adaptiveCR_noLS,65,1000,0,50.0,60.0,100.0,0.1,0.9,True,True,best/1,bin,random,False,5.0,0.3,1.5,0.3,1.0,1.0,,,,,,,,,,,,,,,,,,,,,,,,,
J60_2.RCP,1,111.9294674556213,0.25711894035339355,DE_best/1_adaptiveF_bin_adaptiveCR_noLS,65,1000,1,50.0,60.0,100.0,0.1,0.9,True,True,best/1,bin,random,False,5.0,0.3,1.5,0.3,1.0,1.0,,,,,,,,,,,,,,,,,,,,,,,,,
J60_2.RCP,0,115.40639053254438,0.26033782958984375,DE_best/1_adaptiveF_bin_fixedCR_withLS,65,1000,0,50.0,60.0,100.0,0.1,0.9,True,False,best/1,bin,random,True,5.0,0.3,1.5,0.3,1.0,1.0,,,,,,,,,,,,,,,,,,,,,,,,,
J60_2.RCP,1,119.62177514792899,0.2605011463165283,DE_best/1_adaptiveF_bin_fixedCR_withLS,65,1000,1,50.0,60.0,100.0,0.1,0.9,True,False,best/1,bin,random,True,5.0,0.3,1.5,0.3,1.0,1.0,,,,,,,,,,,,,,,,,,,,,,,,,
J60_2.RCP,0,110.42177514792898,0.25762009620666504,DE_best/1_adaptiveF_bin_fixedCR_noLS,65,1000,0,50.0,60.0,100.0,0.1,0.9,True,False,best/1,bin,random,False,5.0,0.3,1.5,0.3,1.0,1.0,,,,,,,,,,,,,,,,,,,,,,,,,
J60_2.RCP,1,106.14485207100591,0.25612497329711914,DE_best/1_adaptiveF_bin_fixedCR_noLS,65,1000,1,50.0,60.0,100.0,0.1,0.9,True,False,best/1,bin,random,False,5.0,0.3,1.5,0.3,1.0,1.0,,,,,,,,,,,,,,,,,,,,,,,,,
J60_2.RCP,0,111.46792899408283,0.2628190517425537,DE_best/1_adaptiveF_exp_adaptiveCR_withLS,65,1000,0,50.0,60.0,100.0,0.1,0.9,True,True,best/1,exp,random,True,5.0,0.3,1.5,0.3,1.0,1.0,,,,,,,,,,,,,,,,,,,,,,,,,
J60_2.RCP,1,115.96023668639053,0.26269006729125977,DE_best/1_adaptiveF_exp_adaptiveCR_withLS,65,1000,1,50.0,60.0,100.0,0.1,0.9,True,True,best/1,exp,random,True,5.0,0.3,1.5,0.3,1.0,1.0,,,,,,,,,,,,,,,,,,,,,,,,,
J60_2.RCP,0,112.29869822485206,0.25933003425598145,DE_best/1_adaptiveF_exp_adaptiveCR_noLS,65,1000,0,50.0,60.0,100.0,0.1,0.9,True,True,best/1,exp,random,False,5.0,0.3,1.5,0.3,1.0,1.0,,,,,,,,,,,,,,,,,,,,,,,,,
J60_2.RCP,1,112.94485207100593,0.25915098190307617,DE_best/1_adaptiveF_exp_adaptiveCR_noLS,65,1000,1,50.0,60.0,100.0,0.1,0.9,True,True,best/1,exp,random,False,5.0,0.3,1.5,0.3,1.0,1.0,,,,,,,,,,,,,,,,,,,,,,,,,
J60_2.RCP,0,114.02177514792902,0.26114678382873535,DE_best/1_adaptiveF_exp_fixedCR_withLS,65,1000,0,50.0,60.0,100.0,0.1,0.9,True,False,best/1,exp,random,True,5.0,0.3,1.5,0.3,1.0,1.0,,,,,,,,,,,,,,,,,,,,,,,,,
J60_2.RCP,1,106.79100591715977,0.26076817512512207,DE_best/1_adaptiveF_exp_fixedCR_withLS,65,1000,1,50.0,60.0,100.0,0.1,0.9,True,False,best/1,exp,random,True,5.0,0.3,1.5,0.3,1.0,1.0,,,,,,,,,,,,,,,,,,,,,,,,,
J60_2.RCP,0,111.28331360946744,0.2617478370666504,DE_best/1_adaptiveF_exp_fixedCR_noLS,65,1000,0,50.0,60.0,100.0,0.1,0.9,True,False,best/1,exp,random,False,5.0,0.3,1.5,0.3,1.0,1.0,,,,,,,,,,,,,,,,,,,,,,,,,
J60_2.RCP,1,107.28331360946746,0.25989198684692383,DE_best/1_adaptiveF_exp_fixedCR_noLS,65,1000,1,50.0,60.0,100.0,0.1,0.9,True,False,best/1,exp,random,False,5.0,0.3,1.5,0.3,1.0,1.0,,,,,,,,,,,,,,,,,,,,,,,,,
J60_2.RCP,0,120.05254437869822,0.2695791721343994,DE_best/1_fixedF_bin_adaptiveCR_withLS,65,1000,0,50.0,60.0,100.0,0.1,0.9,False,True,best/1,bin,random,True,5.0,0.3,1.5,0.3,1.0,1.0,,,,,,,,,,,,,,,,,,,,,,,,,
J60_2.RCP,1,102.17562130177517,0.2705700397491455,DE_best/1_fixedF_bin_adaptiveCR_withLS,65,1000,1,50.0,60.0,100.0,0.1,0.9,False,True,best/1,bin,random,True,5.0,0.3,1.5,0.3,1.0,1.0,,,,,,,,,,,,,,,,,,,,,,,,,
J60_2.RCP,0,117.3140828402367,0.26448702812194824,DE_best/1_fixedF_bin_adaptiveCR_noLS,65,1000,0,50.0,60.0,100.0,0.1,0.9,False,True,best/1,bin,random,False,5.0,0.3,1.5,0.3,1.0,1.0,,,,,,,,,,,,,,,,,,,,,,,,,
J60_2.RCP,1,99.43715976331363,0.26209306716918945,DE_best/1_fixedF_bin_adaptiveCR_noLS,65,1000,1,50.0,60.0,100.0,0.1,0.9,False,True,best/1,bin,random,False,5.0,0.3,1.5,0.3,1.0,1.0,,,,,,,,,,,,,,,,,,,,,,,,,
J60_2.RCP,0,118.97562130177516,0.2609519958496094,DE_best/1_fixedF_bin_fixedCR_withLS,65,1000,0,50.0,60.0,100.0,0.1,0.9,False,False,best/1,bin,random,True,5.0,0.3,1.5,0.3,1.0,1.0,,,,,,,,,,,,,,,,,,,,,,,,,
J60_2.RCP,1,97.00639053254439,0.26087403297424316,DE_best/1_fixedF_bin_fixedCR_withLS,65,1000,1,50.0,60.0,100.0,0.1,0.9,False,False,best/1,bin,random,True,5.0,0.3,1.5,0.3,1.0,1.0,,,,,,,,,,,,,,,,,,,,,,,,,
J60_2.RCP,0,130.17562130177518,0.2548060417175293,DE_best/1_fixedF_bin_fixedCR_noLS,65,1000,0,50.0,60.0,100.0,0.1,0.9,False,False,best/1,bin,random,False,5.0,0.3,1.5,0.3,1.0,1.0,,,,,,,,,,,,,,,,,,,,,,,,,
J60_2.RCP,1,104.66792899408283,0.25467491149902344,DE_best/1_fixedF_bin_fixedCR_noLS,65,1000,1,50.0,60.0,100.0,0.1,0.9,False,False,best/1,bin,random,False,5.0,0.3,1.5,0.3,1.0,1.0,,,,,,,,,,,,,,,,,,,,,,,,,
J60_2.RCP,0,119.49869822485206,0.28320837020874023,DE_best/1_fixedF_exp_adaptiveCR_withLS,65,1000,0,50.0,60.0,100.0,0.1,0.9,False,True,best/1,exp,random,True,5.0,0.3,1.5,0.3,1.0,1.0,,,,,,,,,,,,,,,,,,,,,,,,,
J60_2.RCP,1,105.46792899408285,0.270327091217041,DE_best/1_fixedF_exp_adaptiveCR_withLS,65,1000,1,50.0,60.0,100.0,0.1,0.9,False,True,best/1,exp,random,True,5.0,0.3,1.5,0.3,1.0,1.0,,,,,,,,,,,,,,,,,,,,,,,,,
J60_2.RCP,0,125.40639053254438,0.26501893997192383,DE_best/1_fixedF_exp_adaptiveCR_noLS,65,1000,0,50.0,60.0,100.0,0.1,0.9,False,True,best/1,exp,random,False,5.0,0.3,1.5,0.3,1.0,1.0,,,,,,,,,,,,,,,,,,,,,,,,,
J60_2.RCP,1,100.45254437869824,0.26451706886291504,DE_best/1_fixedF_exp_adaptiveCR_noLS,65,1000,1,50.0,60.0,100.0,0.1,0.9,False,True,best/1,exp,random,False,5.0,0.3,1.5,0.3,1.0,1.0,,,,,,,,,,,,,,,,,,,,,,,,,
J60_2.RCP,0,124.54485207100592,0.26528191566467285,DE_best/1_fixedF_exp_fixedCR_withLS,65,1000,0,50.0,60.0,100.0,0.1,0.9,False,False,best/1,exp,random,True,5.0,0.3,1.5,0.3,1.0,1.0,,,,,,,,,,,,,,,,,,,,,,,,,
J60_2.RCP,1,101.62177514792901,0.2633028030395508,DE_best/1_fixedF_exp_fixedCR_withLS,65,1000,1,50.0,60.0,100.0,0.1,0.9,False,False,best/1,exp,random,True,5.0,0.3,1.5,0.3,1.0,1.0,,,,,,,,,,,,,,,,,,,,,,,,,
J60_2.RCP,0,121.99100591715978,0.2565281391143799,DE_best/1_fixedF_exp_fixedCR_noLS,65,1000,0,50.0,60.0,100.0,0.1,0.9,False,False,best/1,exp,random,False,5.0,0.3,1.5,0.3,1.0,1.0,,,,,,,,,,,,,,,,,,,,,,,,,
J60_2.RCP,1,108.97562130177515,0.2656588554382324,DE_best/1_fixedF_exp_fixedCR_noLS,65,1000,1,50.0,60.0,100.0,0.1,0.9,False,False,best/1,exp,random,False,5.0,0.3,1.5,0.3,1.0,1.0,,,,,,,,,,,,,,,,,,,,,,,,,
J60_2.RCP,0,129.74485207100594,0.26616501808166504,DE_best/2_adaptiveF_bin_adaptiveCR_withLS,65,1000,0,50.0,60.0,100.0,0.1,0.9,True,True,best/2,bin,random,True,5.0,0.3,1.5,0.3,1.0,1.0,,,,,,,,,,,,,,,,,,,,,,,,,
J60_2.RCP,1,114.39100591715979,0.2664620876312256,DE_best/2_adaptiveF_bin_adaptiveCR_withLS,65,1000,1,50.0,60.0,100.0,0.1,0.9,True,True,best/2,bin,random,True,5.0,0.3,1.5,0.3,1.0,1.0,,,,,,,,,,,,,,,,,,,,,,,,,
J60_2.RCP,0,126.48331360946747,0.2629246711730957,DE_best/2_adaptiveF_bin_adaptiveCR_noLS,65,1000,0,50.0,60.0,100.0,0.1,0.9,True,True,best/2,bin,random,False,5.0,0.3,1.5,0.3,1.0,1.0,,,,,,,,,,,,,,,,,,,,,,,,,
J60_2.RCP,1,124.85254437869824,0.262343168258667,DE_best/2_adaptiveF_bin_adaptiveCR_noLS,65,1000,1,50.0,60.0,100.0,0.1,0.9,True,True,best/2,bin,random,False,5.0,0.3,1.5,0.3,1.0,1.0,,,,,,,,,,,,,,,,,,,,,,,,,
J60_2.RCP,0,111.40639053254438,0.26492810249328613,DE_best/2_adaptiveF_bin_fixedCR_withLS,65,1000,0,50.0,60.0,100.0,0.1,0.9,True,False,best/2,bin,random,True,5.0,0.3,1.5,0.3,1.0,1.0,,,,,,,,,,,,,,,,,,,,,,,,,
J60_2.RCP,1,122.39100591715976,0.2641260623931885,DE_best/2_adaptiveF_bin_fixedCR_withLS,65,1000,1,50.0,60.0,100.0,0.1,0.9,True,False,best/2,bin,random,True,5.0,0.3,1.5,0.3,1.0,1.0,,,,,,,,,,,,,,,,,,,,,,,,,
J60_2.RCP,0,114.08331360946748,0.2618069648742676,DE_best/2_adaptiveF_bin_fixedCR_noLS,65,1000,0,50.0,60.0,100.0,0.1,0.9,True,False,best/2,bin,random,False,5.0,0.3,1.5,0.3,1.0,1.0,,,,,,,,,,,,,,,,,,,,,,,,,
J60_2.RCP,1,121.52946745562132,0.26132726669311523,DE_best/2_adaptiveF_bin_fixedCR_noLS,65,1000,1,50.0,60.0,100.0,0.1,0.9,True,False,best/2,bin,random,False,5.0,0.3,1.5,0.3,1.0,1.0,,,,,,,,,,,,,,,,,,,,,,,,,
J60_2.RCP,0,129.80639053254438,0.26765990257263184,DE_best/2_adaptiveF_exp_adaptiveCR_withLS,65,1000,0,50.0,60.0,100.0,0.1,0.9,True,True,best/2,exp,random,True,5.0,0.3,1.5,0.3,1.0,1.0,,,,,,,,,,,,,,,,,,,,,,,,,
J60_2.RCP,1,126.66792899408286,0.267711877822876,DE_best/2_adaptiveF_exp_adaptiveCR_withLS,65,1000,1,50.0,60.0,100.0,0.1,0.9,True,True,best/2,exp,random,True,5.0,0.3,1.5,0.3,1.0,1.0,,,,,,,,,,,,,,,,,,,,,,,,,
J60_2.RCP,0,119.40639053254438,0.2693791389465332,DE_best/2_adaptiveF_exp_adaptiveCR_noLS,65,1000,0,50.0,60.0,100.0,0.1,0.9,True,True,best/2,exp,random,False,5.0,0.3,1.5,0.3,1.0,1.0,,,,,,,,,,,,,,,,,,,,,,,,,
J60_2.RCP,1,115.0371597633136,0.2652108669281006,DE_best/2_adaptiveF_exp_adaptiveCR_noLS,65,1000,1,50.0,60.0,100.0,0.1,0.9,True,True,best/2,exp,random,False,5.0,0.3,1.5,0.3,1.0,1.0,,,,,,,,,,,,,,,,,,,,,,,,,
J60_2.RCP,0,119.37562130177514,0.2659311294555664,DE_best/2_adaptiveF_exp_fixedCR_withLS,65,1000,0,50.0,60.0,100.0,0.1,0.9,True,False,best/2,exp,random,True,5.0,0.3,1.5,0.3,1.0,1.0,,,,,,,,,,,,,,,,,,,,,,,,,
J60_2.RCP,1,121.06792899408283,0.2663109302520752,DE_best/2_adaptiveF_exp_fixedCR_withLS,65,1000,1,50.0,60.0,100.0,0.1,0.9,True,False,best/2,exp,random,True,5.0,0.3,1.5,0.3,1.0,1.0,,,,,,,,,,,,,,,,,,,,,,,,,
J60_2.RCP,0,120.45254437869822,0.27394986152648926,DE_best/2_adaptiveF_exp_fixedCR_noLS,65,1000,0,50.0,60.0,100.0,0.1,0.9,True,False,best/2,exp,random,False,5.0,0.3,1.5,0.3,1.0,1.0,,,,,,,,,,,,,,,,,,,,,,,,,
J60_2.RCP,1,118.20639053254439,0.26363396644592285,DE_best/2_adaptiveF_exp_fixedCR_noLS,65,1000,1,50.0,60.0,100.0,0.1,0.9,True,False,best/2,exp,random,False,5.0,0.3,1.5,0.3,1.0,1.0,,,,,,,,,,,,,,,,,,,,,,,,,
J60_2.RCP,0,115.22177514792901,0.2829456329345703,DE_best/2_fixedF_bin_adaptiveCR_withLS,65,1000,0,50.0,60.0,100.0,0.1,0.9,False,True,best/2,bin,random,True,5.0,0.3,1.5,0.3,1.0,1.0,,,,,,,,,,,,,,,,,,,,,,,,,
J60_2.RCP,1,104.821775147929,0.28131699562072754,DE_best/2_fixedF_bin_adaptiveCR_withLS,65,1000,1,50.0,60.0,100.0,0.1,0.9,False,True,best/2,bin,random,True,5.0,0.3,1.5,0.3,1.0,1.0,,,,,,,,,,,,,,,,,,,,,,,,,
J60_2.RCP,0,112.48331360946747,0.27375006675720215,DE_best/2_fixedF_bin_adaptiveCR_noLS,65,1000,0,50.0,60.0,100.0,0.1,0.9,False,True,best/2,bin,random,False,5.0,0.3,1.5,0.3,1.0,1.0,,,,,,,,,,,,,,,,,,,,,,,,,
J60_2.RCP,1,106.76023668639053,0.272946834564209,DE_best/2_fixedF_bin_adaptiveCR_noLS,65,1000,1,50.0,60.0,100.0,0.1,0.9,False,True,best/2,bin,random,False,5.0,0.3,1.5,0.3,1.0,1.0,,,,,,,,,,,,,,,,,,,,,,,,,
J60_2.RCP,0,118.08331360946745,0.27126407623291016,DE_best/2_fixedF_bin_fixedCR_withLS,65,1000,0,50.0,60.0,100.0,0.1,0.9,False,False,best/2,bin,random,True,5.0,0.3,1.5,0.3,1.0,1.0,,,,,,,,,,,,,,,,,,,,,,,,,
J60_2.RCP,1,91.83715976331361,0.2770717144012451,DE_best/2_fixedF_bin_fixedCR_withLS,65,1000,1,50.0,60.0,100.0,0.1,0.9,False,False,best/2,bin,random,True,5.0,0.3,1.5,0.3,1.0,1.0,,,,,,,,,,,,,,,,,,,,,,,,,
J60_2.RCP,0,114.32946745562131,0.2676980495452881,DE_best/2_fixedF_bin_fixedCR_noLS,65,1000,0,50.0,60.0,100.0,0.1,0.9,False,False,best/2,bin,random,False,5.0,0.3,1.5,0.3,1.0,1.0,,,,,,,,,,,,,,,,,,,,,,,,,
J60_2.RCP,1,102.66792899408283,0.2671241760253906,DE_best/2_fixedF_bin_fixedCR_noLS,65,1000,1,50.0,60.0,100.0,0.1,0.9,False,False,best/2,bin,random,False,5.0,0.3,1.5,0.3,1.0,1.0,,,,,,,,,,,,,,,,,,,,,,,,,
J60_2.RCP,0,117.8371597633136,0.2870469093322754,DE_best/2_fixedF_exp_adaptiveCR_withLS,65,1000,0,50.0,60.0,100.0,0.1,0.9,False,True,best/2,exp,random,True,5.0,0.3,1.5,0.3,1.0,1.0,,,,,,,,,,,,,,,,,,,,,,,,,
J60_2.RCP,1,108.79100591715975,0.2863447666168213,DE_best/2_fixedF_exp_adaptiveCR_withLS,65,1000,1,50.0,60.0,100.0,0.1,0.9,False,True,best/2,exp,random,True,5.0,0.3,1.5,0.3,1.0,1.0,,,,,,,,,,,,,,,,,,,,,,,,,
J60_2.RCP,0,116.3294674556213,0.27681779861450195,DE_best/2_fixedF_exp_adaptiveCR_noLS,65,1000,0,50.0,60.0,100.0,0.1,0.9,False,True,best/2,exp,random,False,5.0,0.3,1.5,0.3,1.0,1.0,,,,,,,,,,,,,,,,,,,,,,,,,
J60_2.RCP,1,101.5294674556213,0.2749607563018799,DE_best/2_fixedF_exp_adaptiveCR_noLS,65,1000,1,50.0,60.0,100.0,0.1,0.9,False,True,best/2,exp,random,False,5.0,0.3,1.5,0.3,1.0,1.0,,,,,,,,,,,,,,,,,,,,,,,,,
J60_2.RCP,0,116.36023668639054,0.2713031768798828,DE_best/2_fixedF_exp_fixedCR_withLS,65,1000,0,50.0,60.0,100.0,0.1,0.9,False,False,best/2,exp,random,True,5.0,0.3,1.5,0.3,1.0,1.0,,,,,,,,,,,,,,,,,,,,,,,,,
J60_2.RCP,1,92.48331360946746,0.27216005325317383,DE_best/2_fixedF_exp_fixedCR_withLS,65,1000,1,50.0,60.0,100.0,0.1,0.9,False,False,best/2,exp,random,True,5.0,0.3,1.5,0.3,1.0,1.0,,,,,,,,,,,,,,,,,,,,,,,,,
J60_2.RCP,0,126.63715976331363,0.26549506187438965,DE_best/2_fixedF_exp_fixedCR_noLS,65,1000,0,50.0,60.0,100.0,0.1,0.9,False,False,best/2,exp,random,False,5.0,0.3,1.5,0.3,1.0,1.0,,,,,,,,,,,,,,,,,,,,,,,,,
J60_2.RCP,1,95.59100591715975,0.2629556655883789,DE_best/2_fixedF_exp_fixedCR_noLS,65,1000,1,50.0,60.0,100.0,0.1,0.9,False,False,best/2,exp,random,False,5.0,0.3,1.5,0.3,1.0,1.0,,,,,,,,,,,,,,,,,,,,,,,,,
J60_2.RCP,0,117.96023668639054,0.26546311378479004,DE_adaptive_bin_adaptiveCR_withLS,65,1000,0,50.0,60.0,100.0,0.1,0.9,True,True,adaptive,bin,random,True,5.0,0.3,1.5,0.3,1.0,1.0,,,,,,,,,,,,,,,,,,,,,,,,,
J60_2.RCP,1,114.26792899408287,0.2596893310546875,DE_adaptive_bin_adaptiveCR_withLS,65,1000,1,50.0,60.0,100.0,0.1,0.9,True,True,adaptive,bin,random,True,5.0,0.3,1.5,0.3,1.0,1.0,,,,,,,,,,,,,,,,,,,,,,,,,
J60_2.RCP,0,117.25254437869822,0.25690197944641113,DE_adaptive_bin_adaptiveCR_noLS,65,1000,0,50.0,60.0,100.0,0.1,0.9,True,True,adaptive,bin,random,False,5.0,0.3,1.5,0.3,1.0,1.0,,,,,,,,,,,,,,,,,,,,,,,,,
J60_2.RCP,1,118.3294674556213,0.25669097900390625,DE_adaptive_bin_adaptiveCR_noLS,65,1000,1,50.0,60.0,100.0,0.1,0.9,True,True,adaptive,bin,random,False,5.0,0.3,1.5,0.3,1.0,1.0,,,,,,,,,,,,,,,,,,,,,,,,,
J60_2.RCP,0,112.51408284023668,0.2592799663543701,DE_adaptive_bin_fixedCR_withLS,65,1000,0,50.0,60.0,100.0,0.1,0.9,True,False,adaptive,bin,random,True,5.0,0.3,1.5,0.3,1.0,1.0,,,,,,,,,,,,,,,,,,,,,,,,,
J60_2.RCP,1,126.14485207100591,0.25781726837158203,DE_adaptive_bin_fixedCR_withLS,65,1000,1,50.0,60.0,100.0,0.1,0.9,True,False,adaptive,bin,random,True,5.0,0.3,1.5,0.3,1.0,1.0,,,,,,,,,,,,,,,,,,,,,,,,,
J60_2.RCP,0,127.56023668639055,0.2554738521575928,DE_adaptive_bin_fixedCR_noLS,65,1000,0,50.0,60.0,100.0,0.1,0.9,True,False,adaptive,bin,random,False,5.0,0.3,1.5,0.3,1.0,1.0,,,,,,,,,,,,,,,,,,,,,,,,,
J60_2.RCP,1,115.621775147929,0.2559051513671875,DE_adaptive_bin_fixedCR_noLS,65,1000,1,50.0,60.0,100.0,0.1,0.9,True,False,adaptive,bin,random,False,5.0,0.3,1.5,0.3,1.0,1.0,,,,,,,,,,,,,,,,,,,,,,,,,
J60_2.RCP,0,122.88331360946745,0.26211118698120117,DE_adaptive_exp_adaptiveCR_withLS,65,1000,0,50.0,60.0,100.0,0.1,0.9,True,True,adaptive,exp,random,True,5.0,0.3,1.5,0.3,1.0,1.0,,,,,,,,,,,,,,,,,,,,,,,,,
J60_2.RCP,1,118.69869822485207,0.26146578788757324,DE_adaptive_exp_adaptiveCR_withLS,65,1000,1,50.0,60.0,100.0,0.1,0.9,True,True,adaptive,exp,random,True,5.0,0.3,1.5,0.3,1.0,1.0,,,,,,,,,,,,,,,,,,,,,,,,,
J60_2.RCP,0,130.72946745562132,0.259932279586792,DE_adaptive_exp_adaptiveCR_noLS,65,1000,0,50.0,60.0,100.0,0.1,0.9,True,True,adaptive,exp,random,False,5.0,0.3,1.5,0.3,1.0,1.0,,,,,,,,,,,,,,,,,,,,,,,,,
J60_2.RCP,1,104.54485207100592,0.259174108505249,DE_adaptive_exp_adaptiveCR_noLS,65,1000,1,50.0,60.0,100.0,0.1,0.9,True,True,adaptive,exp,random,False,5.0,0.3,1.5,0.3,1.0,1.0,,,,,,,,,,,,,,,,,,,,,,,,,
J60_2.RCP,0,123.4371597633136,0.26235389709472656,DE_adaptive_exp_fixedCR_withLS,65,1000,0,50.0,60.0,100.0,0.1,0.9,True,False,adaptive,exp,random,True,5.0,0.3,1.5,0.3,1.0,1.0,,,,,,,,,,,,,,,,,,,,,,,,,
J60_2.RCP,1,125.03715976331361,0.2607080936431885,DE_adaptive_exp_fixedCR_withLS,65,1000,1,50.0,60.0,100.0,0.1,0.9,True,False,adaptive,exp,random,True,5.0,0.3,1.5,0.3,1.0,1.0,,,,,,,,,,,,,,,,,,,,,,,,,
J60_2.RCP,0,118.57562130177516,0.2579071521759033,DE_adaptive_exp_fixedCR_noLS,65,1000,0,50.0,60.0,100.0,0.1,0.9,True,False,adaptive,exp,random,False,5.0,0.3,1.5,0.3,1.0,1.0,,,,,,,,,,,,,,,,,,,,,,,,,
J60_2.RCP,1,115.59100591715975,0.2580139636993408,DE_adaptive_exp_fixedCR_noLS,65,1000,1,50.0,60.0,100.0,0.1,0.9,True,False,adaptive,exp,random,False,5.0,0.3,1.5,0.3,1.0,1.0,,,,,,,,,,,,,,,,,,,,,,,,,
J60_2.RCP,0,130.05254437869826,0.2648289203643799,DE_current-to-rand/2_bin_adaptiveCR_withLS,65,1000,0,50.0,60.0,100.0,0.1,0.9,False,True,current-to-rand/2,bin,random,True,5.0,0.3,1.5,0.3,1.0,1.0,,,,,,,,,,,,,,,,,,,,,,,,,
J60_2.RCP,1,123.96023668639053,0.2623779773712158,DE_current-to-rand/2_bin_adaptiveCR_withLS,65,1000,1,50.0,60.0,100.0,0.1,0.9,False,True,current-to-rand/2,bin,random,True,5.0,0.3,1.5,0.3,1.0,1.0,,,,,,,,,,,,,,,,,,,,,,,,,
J60_2.RCP,0,109.68331360946745,0.2855260372161865,DE_current-to-rand/2_bin_adaptiveCR_noLS,65,1000,0,50.0,60.0,100.0,0.1,0.9,False,True,current-to-rand/2,bin,random,False,5.0,0.3,1.5,0.3,1.0,1.0,,,,,,,,,,,,,,,,,,,,,,,,,
J60_2.RCP,1,113.37562130177517,0.2625148296356201,DE_current-to-rand/2_bin_adaptiveCR_noLS,65,1000,1,50.0,60.0,100.0,0.1,0.9,False,True,current-to-rand/2,bin,random,False,5.0,0.3,1.5,0.3,1.0,1.0,,,,,,,,,,,,,,,,,,,,,,,,,
J60_2.RCP,0,116.72946745562129,0.3954019546508789,DE_current-to-rand/2_bin_fixedCR_withLS,65,1000,0,50.0,60.0,100.0,0.1,0.9,False,False,current-to-rand/2,bin,random,True,5.0,0.3,1.5,0.3,1.0,1.0,,,,,,,,,,,,,,,,,,,,,,,,,
J60_2.RCP,1,119.49869822485209,0.2632431983947754,DE_current-to-rand/2_bin_fixedCR_withLS,65,1000,1,50.0,60.0,100.0,0.1,0.9,False,False,current-to-rand/2,bin,random,True,5.0,0.3,1.5,0.3,1.0,1.0,,,,,,,,,,,,,,,,,,,,,,,,,
J60_2.RCP,0,124.97562130177516,0.25793981552124023,DE_current-to-rand/2_bin_fixedCR_noLS,65,1000,0,50.0,60.0,100.0,0.1,0.9,False,False,current-to-rand/2,bin,random,False,5.0,0.3,1.5,0.3,1.0,1.0,,,,,,,,,,,,,,,,,,,,,,,,,
J60_2.RCP,1,117.56023668639055,0.2576770782470703,DE_current-to-rand/2_bin_fixedCR_noLS,65,1000,1,50.0,60.0,100.0,0.1,0.9,False,False,current-to-rand/2,bin,random,False,5.0,0.3,1.5,0.3,1.0,1.0,,,,,,,,,,,,,,,,,,,,,,,,,
J60_2.RCP,0,122.54485207100592,0.26416611671447754,DE_current-to-rand/2_exp_adaptiveCR_withLS,65,1000,0,50.0,60.0,100.0,0.1,0.9,False,True,current-to-rand/2,exp,random,True,5.0,0.3,1.5,0.3,1.0,1.0,,,,,,,,,,,,,,,,,,,,,,,,,
J60_2.RCP,1,124.60639053254437,0.2638850212097168,DE_current-to-rand/2_exp_adaptiveCR_withLS,65,1000,1,50.0,60.0,100.0,0.1,0.9,False,True,current-to-rand/2,exp,random,True,5.0,0.3,1.5,0.3,1.0,1.0,,,,,,,,,,,,,,,,,,,,,,,,,
J60_2.RCP,0,125.83715976331361,0.26401281356811523,DE_current-to-rand/2_exp_adaptiveCR_noLS,65,1000,0,50.0,60.0,100.0,0.1,0.9,False,True,current-to-rand/2,exp,random,False,5.0,0.3,1.5,0.3,1.0,1.0,,,,,,,,,,,,,,,,,,,,,,,,,
J60_2.RCP,1,124.39100591715977,0.2622840404510498,DE_current-to-rand/2_exp_adaptiveCR_noLS,65,1000,1,50.0,60.0,100.0,0.1,0.9,False,True,current-to-rand/2,exp,random,False,5.0,0.3,1.5,0.3,1.0,1.0,,,,,,,,,,,,,,,,,,,,,,,,,
J60_2.RCP,0,127.37562130177514,0.2622950077056885,DE_current-to-rand/2_exp_fixedCR_withLS,65,1000,0,50.0,60.0,100.0,0.1,0.9,False,False,current-to-rand/2,exp,random,True,5.0,0.3,1.5,0.3,1.0,1.0,,,,,,,,,,,,,,,,,,,,,,,,,
J60_2.RCP,1,127.37562130177514,0.2658729553222656,DE_current-to-rand/2_exp_fixedCR_withLS,65,1000,1,50.0,60.0,100.0,0.1,0.9,False,False,current-to-rand/2,exp,random,True,5.0,0.3,1.5,0.3,1.0,1.0,,,,,,,,,,,,,,,,,,,,,,,,,
J60_2.RCP,0,115.89869822485207,0.2598278522491455,DE_current-to-rand/2_exp_fixedCR_noLS,65,1000,0,50.0,60.0,100.0,0.1,0.9,False,False,current-to-rand/2,exp,random,False,5.0,0.3,1.5,0.3,1.0,1.0,,,,,,,,,,,,,,,,,,,,,,,,,
J60_2.RCP,1,126.42177514792901,0.26125597953796387,DE_current-to-rand/2_exp_fixedCR_noLS,65,1000,1,50.0,60.0,100.0,0.1,0.9,False,False,current-to-rand/2,exp,random,False,5.0,0.3,1.5,0.3,1.0,1.0,,,,,,,,,,,,,,,,,,,,,,,,,
J60_2.RCP,0,140.021775147929,0.23635101318359375,GA_roulette_single_point_random_random_withLS_withNeighborhood,65,1000,0,50.0,60.0,,,,,,random,single_point,random,True,,,,,,,0.9,0.1,roulette,3.0,True,False,0.5,0.1,0.35,5.0,2.0,,,,,,,,,,,,,,
J60_2.RCP,1,135.68331360946746,0.23505401611328125,GA_roulette_single_point_random_random_withLS_withNeighborhood,65,1000,1,50.0,60.0,,,,,,random,single_point,random,True,,,,,,,0.9,0.1,roulette,3.0,True,False,0.5,0.1,0.35,5.0,2.0,,,,,,,,,,,,,,
J60_2.RCP,0,140.021775147929,0.23534893989562988,GA_roulette_single_point_random_random_withLS_noNeighborhood,65,1000,0,50.0,60.0,,,,,,random,single_point,random,True,,,,,,,0.9,0.1,roulette,3.0,True,False,0.5,0.1,0.35,5.0,0.0,,,,,,,,,,,,,,
J60_2.RCP,1,135.68331360946746,0.23439407348632812,GA_roulette_single_point_random_random_withLS_noNeighborhood,65,1000,1,50.0,60.0,,,,,,random,single_point,random,True,,,,,,,0.9,0.1,roulette,3.0,True,False,0.5,0.1,0.35,5.0,0.0,,,,,,,,,,,,,,
J60_2.RCP,0,121.25254437869822,0.33774590492248535,GA_roulette_single_point_random_random_noLS_withNeighborhood,65,1000,0,50.0,60.0,,,,,,random,single_point,random,False,,,,,,,0.9,0.1,roulette,3.0,True,False,0.5,0.1,0.35,5.0,2.0,,,,,,,,,,,,,,
J60_2.RCP,1,132.91408284023672,0.33598995208740234,GA_roulette_single_point_random_random_noLS_withNeighborhood,65,1000,1,50.0,60.0,,,,,,random,single_point,random,False,,,,,,,0.9,0.1,roulette,3.0,True,False,0.5,0.1,0.35,5.0,2.0,,,,,,,,,,,,,,
J60_2.RCP,0,121.25254437869822,0.33588671684265137,GA_roulette_single_point_random_random_noLS_noNeighborhood,65,1000,0,50.0,60.0,,,,,,random,single_point,random,False,,,,,,,0.9,0.1,roulette,3.0,True,False,0.5,0.1,0.35,5.0,0.0,,,,,,,,,,,,,,
J60_2.RCP,1,132.91408284023672,0.33671998977661133,GA_roulette_single_point_random_random_noLS_noNeighborhood,65,1000,1,50.0,60.0,,,,,,random,single_point,random,False,,,,,,,0.9,0.1,roulette,3.0,True,False,0.5,0.1,0.35,5.0,0.0,,,,,,,,,,,,,,
J60_2.RCP,0,139.31408284023667,0.24646282196044922,GA_roulette_single_point_random_heuristic_withLS_withNeighborhood,65,1000,0,50.0,60.0,,,,,,random,single_point,heuristic,True,,,,,,,0.9,0.1,roulette,3.0,True,False,0.5,0.1,0.35,5.0,2.0,,,,,,,,,,,,,,
J60_2.RCP,1,142.8525443786982,0.23622608184814453,GA_roulette_single_point_random_heuristic_withLS_withNeighborhood,65,1000,1,50.0,60.0,,,,,,random,single_point,heuristic,True,,,,,,,0.9,0.1,roulette,3.0,True,False,0.5,0.1,0.35,5.0,2.0,,,,,,,,,,,,,,
J60_2.RCP,0,139.31408284023667,0.23582696914672852,GA_roulette_single_point_random_heuristic_withLS_noNeighborhood,65,1000,0,50.0,60.0,,,,,,random,single_point,heuristic,True,,,,,,,0.9,0.1,roulette,3.0,True,False,0.5,0.1,0.35,5.0,0.0,,,,,,,,,,,,,,
J60_2.RCP,1,142.8525443786982,0.23669195175170898,GA_roulette_single_point_random_heuristic_withLS_noNeighborhood,65,1000,1,50.0,60.0,,,,,,random,single_point,heuristic,True,,,,,,,0.9,0.1,roulette,3.0,True,False,0.5,0.1,0.35,5.0,0.0,,,,,,,,,,,,,,
J60_2.RCP,0,139.31408284023667,0.33830881118774414,GA_roulette_single_point_random_heuristic_noLS_withNeighborhood,65,1000,0,50.0,60.0,,,,,,random,single_point,heuristic,False,,,,,,,0.9,0.1,roulette,3.0,True,False,0.5,0.1,0.35,5.0,2.0,,,,,,,,,,,,,,
J60_2.RCP,1,132.42177514792903,0.33706092834472656,GA_roulette_single_point_random_heuristic_noLS_withNeighborhood,65,1000,1,50.0,60.0,,,,,,random,single_point,heuristic,False,,,,,,,0.9,0.1,roulette,3.0,True,False,0.5,0.1,0.35,5.0,2.0,,,,,,,,,,,,,,
J60_2.RCP,0,139.31408284023667,0.3374781608581543,GA_roulette_single_point_random_heuristic_noLS_noNeighborhood,65,1000,0,50.0,60.0,,,,,,random,single_point,heuristic,False,,,,,,,0.9,0.1,roulette,3.0,True,False,0.5,0.1,0.35,5.0,0.0,,,,,,,,,,,,,,
J60_2.RCP,1,132.42177514792903,0.33702921867370605,GA_roulette_single_point_random_heuristic_noLS_noNeighborhood,65,1000,1,50.0,60.0,,,,,,random,single_point,heuristic,False,,,,,,,0.9,0.1,roulette,3.0,True,False,0.5,0.1,0.35,5.0,0.0,,,,,,,,,,,,,,
J60_2.RCP,0,139.96023668639052,0.24043893814086914,GA_roulette_single_point_adaptive_random_withLS_withNeighborhood,65,1000,0,50.0,60.0,,,,,,adaptive,single_point,random,True,,,,,,,0.9,0.1,roulette,3.0,True,False,0.5,0.1,0.35,5.0,2.0,,,,,,,,,,,,,,
J60_2.RCP,1,135.68331360946746,0.23941612243652344,GA_roulette_single_point_adaptive_random_withLS_withNeighborhood,65,1000,1,50.0,60.0,,,,,,adaptive,single_point,random,True,,,,,,,0.9,0.1,roulette,3.0,True,False,0.5,0.1,0.35,5.0,2.0,,,,,,,,,,,,,,
J60_2.RCP,0,139.96023668639052,0.23890209197998047,GA_roulette_single_point_adaptive_random_withLS_noNeighborhood,65,1000,0,50.0,60.0,,,,,,adaptive,single_point,random,True,,,,,,,0.9,0.1,roulette,3.0,True,False,0.5,0.1,0.35,5.0,0.0,,,,,,,,,,,,,,
J60_2.RCP,1,135.68331360946746,0.23940706253051758,GA_roulette_single_point_adaptive_random_withLS_noNeighborhood,65,1000,1,50.0,60.0,,,,,,adaptive,single_point,random,True,,,,,,,0.9,0.1,roulette,3.0,True,False,0.5,0.1,0.35,5.0,0.0,,,,,,,,,,,,,,
J60_2.RCP,0,126.3294674556213,0.35413599014282227,GA_roulette_single_point_adaptive_random_noLS_withNeighborhood,65,1000,0,50.0,60.0,,,,,,adaptive,single_point,random,False,,,,,,,0.9,0.1,roulette,3.0,True,False,0.5,0.1,0.35,5.0,2.0,,,,,,,,,,,,,,
J60_2.RCP,1,131.86792899408286,0.35405683517456055,GA_roulette_single_point_adaptive_random_noLS_withNeighborhood,65,1000,1,50.0,60.0,,,,,,adaptive,single_point,random,False,,,,,,,0.9,0.1,roulette,3.0,True,False,0.5,0.1,0.35,5.0,2.0,,,,,,,,,,,,,,
J60_2.RCP,0,126.3294674556213,0.3548250198364258,GA_roulette_single_point_adaptive_random_noLS_noNeighborhood,65,1000,0,50.0,60.0,,,,,,adaptive,single_point,random,False,,,,,,,0.9,0.1,roulette,3.0,True,False,0.5,0.1,0.35,5.0,0.0,,,,,,,,,,,,,,
J60_2.RCP,1,131.86792899408286,0.35355377197265625,GA_roulette_single_point_adaptive_random_noLS_noNeighborhood,65,1000,1,50.0,60.0,,,,,,adaptive,single_point,random,False,,,,,,,0.9,0.1,roulette,3.0,True,False,0.5,0.1,0.35,5.0,0.0,,,,,,,,,,,,,,
J60_2.RCP,0,138.3910059171598,0.24050211906433105,GA_roulette_single_point_adaptive_heuristic_withLS_withNeighborhood,65,1000,0,50.0,60.0,,,,,,adaptive,single_point,heuristic,True,,,,,,,0.9,0.1,roulette,3.0,True,False,0.5,0.1,0.35,5.0,2.0,,,,,,,,,,,,,,
J60_2.RCP,1,143.9294674556213,0.24149799346923828,GA_roulette_single_point_adaptive_heuristic_withLS_withNeighborhood,65,1000,1,50.0,60.0,,,,,,adaptive,single_point,heuristic,True,,,,,,,0.9,0.1,roulette,3.0,True,False,0.5,0.1,0.35,5.0,2.0,,,,,,,,,,,,,,
J60_2.RCP,0,138.3910059171598,0.2413768768310547,GA_roulette_single_point_adaptive_heuristic_withLS_noNeighborhood,65,1000,0,50.0,60.0,,,,,,adaptive,single_point,heuristic,True,,,,,,,0.9,0.1,roulette,3.0,True,False,0.5,0.1,0.35,5.0,0.0,,,,,,,,,,,,,,
J60_2.RCP,1,143.9294674556213,0.2518601417541504,GA_roulette_single_point_adaptive_heuristic_withLS_noNeighborhood,65,1000,1,50.0,60.0,,,,,,adaptive,single_point,heuristic,True,,,,,,,0.9,0.1,roulette,3.0,True,False,0.5,0.1,0.35,5.0,0.0,,,,,,,,,,,,,,
J60_2.RCP,0,124.2371597633136,0.3553481101989746,GA_roulette_single_point_adaptive_heuristic_noLS_withNeighborhood,65,1000,0,50.0,60.0,,,,,,adaptive,single_point,heuristic,False,,,,,,,0.9,0.1,roulette,3.0,True,False,0.5,0.1,0.35,5.0,2.0,,,,,,,,,,,,,,
J60_2.RCP,1,133.4063905325444,0.3552258014678955,GA_roulette_single_point_adaptive_heuristic_noLS_withNeighborhood,65,1000,1,50.0,60.0,,,,,,adaptive,single_point,heuristic,False,,,,,,,0.9,0.1,roulette,3.0,True,False,0.5,0.1,0.35,5.0,2.0,,,,,,,,,,,,,,
J60_2.RCP,0,124.2371597633136,0.35620903968811035,GA_roulette_single_point_adaptive_heuristic_noLS_noNeighborhood,65,1000,0,50.0,60.0,,,,,,adaptive,single_point,heuristic,False,,,,,,,0.9,0.1,roulette,3.0,True,False,0.5,0.1,0.35,5.0,0.0,,,,,,,,,,,,,,
J60_2.RCP,1,133.4063905325444,0.3546440601348877,GA_roulette_single_point_adaptive_heuristic_noLS_noNeighborhood,65,1000,1,50.0,60.0,,,,,,adaptive,single_point,heuristic,False,,,,,,,0.9,0.1,roulette,3.0,True,False,0.5,0.1,0.35,5.0,0.0,,,,,,,,,,,,,,
J60_2.RCP,0,146.2986982248521,0.23991131782531738,GA_roulette_two_point_random_random_withLS_withNeighborhood,65,1000,0,50.0,60.0,,,,,,random,two_point,random,True,,,,,,,0.9,0.1,roulette,3.0,True,False,0.5,0.1,0.35,5.0,2.0,,,,,,,,,,,,,,
J60_2.RCP,1,133.31408284023667,0.23572421073913574,GA_roulette_two_point_random_random_withLS_withNeighborhood,65,1000,1,50.0,60.0,,,,,,random,two_point,random,True,,,,,,,0.9,0.1,roulette,3.0,True,False,0.5,0.1,0.35,5.0,2.0,,,,,,,,,,,,,,
J60_2.RCP,0,146.2986982248521,0.23614811897277832,GA_roulette_two_point_random_random_withLS_noNeighborhood,65,1000,0,50.0,60.0,,,,,,random,two_point,random,True,,,,,,,0.9,0.1,roulette,3.0,True,False,0.5,0.1,0.35,5.0,0.0,,,,,,,,,,,,,,
J60_2.RCP,1,133.31408284023667,0.23560500144958496,GA_roulette_two_point_random_random_withLS_noNeighborhood,65,1000,1,50.0,60.0,,,,,,random,two_point,random,True,,,,,,,0.9,0.1,roulette,3.0,True,False,0.5,0.1,0.35,5.0,0.0,,,,,,,,,,,,,,
J60_2.RCP,0,123.22177514792898,0.33854007720947266,GA_roulette_two_point_random_random_noLS_withNeighborhood,65,1000,0,50.0,60.0,,,,,,random,two_point,random,False,,,,,,,0.9,0.1,roulette,3.0,True,False,0.5,0.1,0.35,5.0,2.0,,,,,,,,,,,,,,
J60_2.RCP,1,129.221775147929,0.3380098342895508,GA_roulette_two_point_random_random_noLS_withNeighborhood,65,1000,1,50.0,60.0,,,,,,random,two_point,random,False,,,,,,,0.9,0.1,roulette,3.0,True,False,0.5,0.1,0.35,5.0,2.0,,,,,,,,,,,,,,
J60_2.RCP,0,123.22177514792898,0.33875465393066406,GA_roulette_two_point_random_random_noLS_noNeighborhood,65,1000,0,50.0,60.0,,,,,,random,two_point,random,False,,,,,,,0.9,0.1,roulette,3.0,True,False,0.5,0.1,0.35,5.0,0.0,,,,,,,,,,,,,,
J60_2.RCP,1,129.221775147929,0.33916807174682617,GA_roulette_two_point_random_random_noLS_noNeighborhood,65,1000,1,50.0,60.0,,,,,,random,two_point,random,False,,,,,,,0.9,0.1,roulette,3.0,True,False,0.5,0.1,0.35,5.0,0.0,,,,,,,,,,,,,,
J60_2.RCP,0,136.6063905325444,0.2368156909942627,GA_roulette_two_point_random_heuristic_withLS_withNeighborhood,65,1000,0,50.0,60.0,,,,,,random,two_point,heuristic,True,,,,,,,0.9,0.1,roulette,3.0,True,False,0.5,0.1,0.35,5.0,2.0,,,,,,,,,,,,,,
J60_2.RCP,1,137.7140828402367,0.23593711853027344,GA_roulette_two_point_random_heuristic_withLS_withNeighborhood,65,1000,1,50.0,60.0,,,,,,random,two_point,heuristic,True,,,,,,,0.9,0.1,roulette,3.0,True,False,0.5,0.1,0.35,5.0,2.0,,,,,,,,,,,,,,
J60_2.RCP,0,136.6063905325444,0.23609089851379395,GA_roulette_two_point_random_heuristic_withLS_noNeighborhood,65,1000,0,50.0,60.0,,,,,,random,two_point,heuristic,True,,,,,,,0.9,0.1,roulette,3.0,True,False,0.5,0.1,0.35,5.0,0.0,,,,,,,,,,,,,,
J60_2.RCP,1,137.7140828402367,0.2358388900756836,GA_roulette_two_point_random_heuristic_withLS_noNeighborhood,65,1000,1,50.0,60.0,,,,,,random,two_point,heuristic,True,,,,,,,0.9,0.1,roulette,3.0,True,False,0.5,0.1,0.35,5.0,0.0,,,,,,,,,,,,,,
J60_2.RCP,0,125.86792899408285,0.34025120735168457,GA_roulette_two_point_random_heuristic_noLS_withNeighborhood,65,1000,0,50.0,60.0,,,,,,random,two_point,heuristic,False,,,,,,,0.9,0.1,roulette,3.0,True,False,0.5,0.1,0.35,5.0,2.0,,,,,,,,,,,,,,
J60_2.RCP,1,125.65254437869822,0.3401646614074707,GA_roulette_two_point_random_heuristic_noLS_withNeighborhood,65,1000,1,50.0,60.0,,,,,,random,two_point,heuristic,False,,,,,,,0.9,0.1,roulette,3.0,True,False,0.5,0.1,0.35,5.0,2.0,,,,,,,,,,,,,,
J60_2.RCP,0,125.86792899408285,0.3399181365966797,GA_roulette_two_point_random_heuristic_noLS_noNeighborhood,65,1000,0,50.0,60.0,,,,,,random,two_point,heuristic,False,,,,,,,0.9,0.1,roulette,3.0,True,False,0.5,0.1,0.35,5.0,0.0,,,,,,,,,,,,,,
J60_2.RCP,1,125.65254437869822,0.35189080238342285,GA_roulette_two_point_random_heuristic_noLS_noNeighborhood,65,1000,1,50.0,60.0,,,,,,random,two_point,heuristic,False,,,,,,,0.9,0.1,roulette,3.0,True,False,0.5,0.1,0.35,5.0,0.0,,,,,,,,,,,,,,
J60_2.RCP,0,141.06792899408285,0.2388620376586914,GA_roulette_two_point_adaptive_random_withLS_withNeighborhood,65,1000,0,50.0,60.0,,,,,,adaptive,two_point,random,True,,,,,,,0.9,0.1,roulette,3.0,True,False,0.5,0.1,0.35,5.0,2.0,,,,,,,,,,,,,,
J60_2.RCP,1,135.68331360946746,0.24110698699951172,GA_roulette_two_point_adaptive_random_withLS_withNeighborhood,65,1000,1,50.0,60.0,,,,,,adaptive,two_point,random,True,,,,,,,0.9,0.1,roulette,3.0,True,False,0.5,0.1,0.35,5.0,2.0,,,,,,,,,,,,,,
J60_2.RCP,0,141.06792899408285,0.24116301536560059,GA_roulette_two_point_adaptive_random_withLS_noNeighborhood,65,1000,0,50.0,60.0,,,,,,adaptive,two_point,random,True,,,,,,,0.9,0.1,roulette,3.0,True,False,0.5,0.1,0.35,5.0,0.0,,,,,,,,,,,,,,
J60_2.RCP,1,135.68331360946746,0.24109983444213867,GA_roulette_two_point_adaptive_random_withLS_noNeighborhood,65,1000,1,50.0,60.0,,,,,,adaptive,two_point,random,True,,,,,,,0.9,0.1,roulette,3.0,True,False,0.5,0.1,0.35,5.0,0.0,,,,,,,,,,,,,,
J60_2.RCP,0,128.45254437869824,0.358165979385376,GA_roulette_two_point_adaptive_random_noLS_withNeighborhood,65,1000,0,50.0,60.0,,,,,,adaptive,two_point,random,False,,,,,,,0.9,0.1,roulette,3.0,True,False,0.5,0.1,0.35,5.0,2.0,,,,,,,,,,,,,,
J60_2.RCP,1,135.68331360946746,0.36249303817749023,GA_roulette_two_point_adaptive_random_noLS_withNeighborhood,65,1000,1,50.0,60.0,,,,,,adaptive,two_point,random,False,,,,,,,0.9,0.1,roulette,3.0,True,False,0.5,0.1,0.35,5.0,2.0,,,,,,,,,,,,,,
J60_2.RCP,0,128.45254437869824,0.3574850559234619,GA_roulette_two_point_adaptive_random_noLS_noNeighborhood,65,1000,0,50.0,60.0,,,,,,adaptive,two_point,random,False,,,,,,,0.9,0.1,roulette,3.0,True,False,0.5,0.1,0.35,5.0,0.0,,,,,,,,,,,,,,
J60_2.RCP,1,135.68331360946746,0.3585681915283203,GA_roulette_two_point_adaptive_random_noLS_noNeighborhood,65,1000,1,50.0,60.0,,,,,,adaptive,two_point,random,False,,,,,,,0.9,0.1,roulette,3.0,True,False,0.5,0.1,0.35,5.0,0.0,,,,,,,,,,,,,,
J60_2.RCP,0,139.31408284023667,0.24150705337524414,GA_roulette_two_point_adaptive_heuristic_withLS_withNeighborhood,65,1000,0,50.0,60.0,,,,,,adaptive,two_point,heuristic,True,,,,,,,0.9,0.1,roulette,3.0,True,False,0.5,0.1,0.35,5.0,2.0,,,,,,,,,,,,,,
J60_2.RCP,1,148.17562130177515,0.24040722846984863,GA_roulette_two_point_adaptive_heuristic_withLS_withNeighborhood,65,1000,1,50.0,60.0,,,,,,adaptive,two_point,heuristic,True,,,,,,,0.9,0.1,roulette,3.0,True,False,0.5,0.1,0.35,5.0,2.0,,,,,,,,,,,,,,
J60_2.RCP,0,139.31408284023667,0.24145102500915527,GA_roulette_two_point_adaptive_heuristic_withLS_noNeighborhood,65,1000,0,50.0,60.0,,,,,,adaptive,two_point,heuristic,True,,,,,,,0.9,0.1,roulette,3.0,True,False,0.5,0.1,0.35,5.0,0.0,,,,,,,,,,,,,,
J60_2.RCP,1,148.17562130177515,0.24031901359558105,GA_roulette_two_point_adaptive_heuristic_withLS_noNeighborhood,65,1000,1,50.0,60.0,,,,,,adaptive,two_point,heuristic,True,,,,,,,0.9,0.1,roulette,3.0,True,False,0.5,0.1,0.35,5.0,0.0,,,,,,,,,,,,,,
J60_2.RCP,0,125.3140828402367,0.37111902236938477,GA_roulette_two_point_adaptive_heuristic_noLS_withNeighborhood,65,1000,0,50.0,60.0,,,,,,adaptive,two_point,heuristic,False,,,,,,,0.9,0.1,roulette,3.0,True,False,0.5,0.1,0.35,5.0,2.0,,,,,,,,,,,,,,
J60_2.RCP,1,117.74485207100592,0.3579249382019043,GA_roulette_two_point_adaptive_heuristic_noLS_withNeighborhood,65,1000,1,50.0,60.0,,,,,,adaptive,two_point,heuristic,False,,,,,,,0.9,0.1,roulette,3.0,True,False,0.5,0.1,0.35,5.0,2.0,,,,,,,,,,,,,,
J60_2.RCP,0,125.3140828402367,0.35915493965148926,GA_roulette_two_point_adaptive_heuristic_noLS_noNeighborhood,65,1000,0,50.0,60.0,,,,,,adaptive,two_point,heuristic,False,,,,,,,0.9,0.1,roulette,3.0,True,False,0.5,0.1,0.35,5.0,0.0,,,,,,,,,,,,,,
J60_2.RCP,1,117.74485207100592,0.4006180763244629,GA_roulette_two_point_adaptive_heuristic_noLS_noNeighborhood,65,1000,1,50.0,60.0,,,,,,adaptive,two_point,heuristic,False,,,,,,,0.9,0.1,roulette,3.0,True,False,0.5,0.1,0.35,5.0,0.0,,,,,,,,,,,,,,
J60_2.RCP,0,137.89869822485207,3.900888204574585,GA_roulette_rcx_random_random_withLS_withNeighborhood,65,1000,0,50.0,60.0,,,,,,random,rcx,random,True,,,,,,,0.9,0.1,roulette,3.0,True,False,0.5,0.1,0.35,5.0,2.0,,,,,,,,,,,,,,
J60_2.RCP,1,135.68331360946746,3.6926610469818115,GA_roulette_rcx_random_random_withLS_withNeighborhood,65,1000,1,50.0,60.0,,,,,,random,rcx,random,True,,,,,,,0.9,0.1,roulette,3.0,True,False,0.5,0.1,0.35,5.0,2.0,,,,,,,,,,,,,,
J60_2.RCP,0,137.89869822485207,3.892550230026245,GA_roulette_rcx_random_random_withLS_noNeighborhood,65,1000,0,50.0,60.0,,,,,,random,rcx,random,True,,,,,,,0.9,0.1,roulette,3.0,True,False,0.5,0.1,0.35,5.0,0.0,,,,,,,,,,,,,,
J60_2.RCP,1,135.68331360946746,3.687276840209961,GA_roulette_rcx_random_random_withLS_noNeighborhood,65,1000,1,50.0,60.0,,,,,,random,rcx,random,True,,,,,,,0.9,0.1,roulette,3.0,True,False,0.5,0.1,0.35,5.0,0.0,,,,,,,,,,,,,,
J60_2.RCP,0,127.31408284023671,14.334645986557007,GA_roulette_rcx_random_random_noLS_withNeighborhood,65,1000,0,50.0,60.0,,,,,,random,rcx,random,False,,,,,,,0.9,0.1,roulette,3.0,True,False,0.5,0.1,0.35,5.0,2.0,,,,,,,,,,,,,,
J60_2.RCP,1,132.1140828402367,14.661257028579712,GA_roulette_rcx_random_random_noLS_withNeighborhood,65,1000,1,50.0,60.0,,,,,,random,rcx,random,False,,,,,,,0.9,0.1,roulette,3.0,True,False,0.5,0.1,0.35,5.0,2.0,,,,,,,,,,,,,,
J60_2.RCP,0,127.31408284023671,14.885374069213867,GA_roulette_rcx_random_random_noLS_noNeighborhood,65,1000,0,50.0,60.0,,,,,,random,rcx,random,False,,,,,,,0.9,0.1,roulette,3.0,True,False,0.5,0.1,0.35,5.0,0.0,,,,,,,,,,,,,,
J60_2.RCP,1,132.1140828402367,14.239505767822266,GA_roulette_rcx_random_random_noLS_noNeighborhood,65,1000,1,50.0,60.0,,,,,,random,rcx,random,False,,,,,,,0.9,0.1,roulette,3.0,True,False,0.5,0.1,0.35,5.0,0.0,,,,,,,,,,,,,,
J60_2.RCP,0,139.31408284023667,3.785498857498169,GA_roulette_rcx_random_heuristic_withLS_withNeighborhood,65,1000,0,50.0,60.0,,,,,,random,rcx,heuristic,True,,,,,,,0.9,0.1,roulette,3.0,True,False,0.5,0.1,0.35,5.0,2.0,,,,,,,,,,,,,,
J60_2.RCP,1,146.2986982248521,3.6886918544769287,GA_roulette_rcx_random_heuristic_withLS_withNeighborhood,65,1000,1,50.0,60.0,,,,,,random,rcx,heuristic,True,,,,,,,0.9,0.1,roulette,3.0,True,False,0.5,0.1,0.35,5.0,2.0,,,,,,,,,,,,,,
J60_2.RCP,0,139.31408284023667,3.810957908630371,GA_roulette_rcx_random_heuristic_withLS_noNeighborhood,65,1000,0,50.0,60.0,,,,,,random,rcx,heuristic,True,,,,,,,0.9,0.1,roulette,3.0,True,False,0.5,0.1,0.35,5.0,0.0,,,,,,,,,,,,,,
J60_2.RCP,1,146.2986982248521,3.6841442584991455,GA_roulette_rcx_random_heuristic_withLS_noNeighborhood,65,1000,1,50.0,60.0,,,,,,random,rcx,heuristic,True,,,,,,,0.9,0.1,roulette,3.0,True,False,0.5,0.1,0.35,5.0,0.0,,,,,,,,,,,,,,
J60_2.RCP,0,119.4371597633136,14.391440868377686,GA_roulette_rcx_random_heuristic_noLS_withNeighborhood,65,1000,0,50.0,60.0,,,,,,random,rcx,heuristic,False,,,,,,,0.9,0.1,roulette,3.0,True,False,0.5,0.1,0.35,5.0,2.0,,,,,,,,,,,,,,
J60_2.RCP,1,121.92946745562129,14.062158107757568,GA_roulette_rcx_random_heuristic_noLS_withNeighborhood,65,1000,1,50.0,60.0,,,,,,random,rcx,heuristic,False,,,,,,,0.9,0.1,roulette,3.0,True,False,0.5,0.1,0.35,5.0,2.0,,,,,,,,,,,,,,
J60_2.RCP,0,119.4371597633136,14.363488912582397,GA_roulette_rcx_random_heuristic_noLS_noNeighborhood,65,1000,0,50.0,60.0,,,,,,random,rcx,heuristic,False,,,,,,,0.9,0.1,roulette,3.0,True,False,0.5,0.1,0.35,5.0,0.0,,,,,,,,,,,,,,
J60_2.RCP,1,121.92946745562129,14.049396276473999,GA_roulette_rcx_random_heuristic_noLS_noNeighborhood,65,1000,1,50.0,60.0,,,,,,random,rcx,heuristic,False,,,,,,,0.9,0.1,roulette,3.0,True,False,0.5,0.1,0.35,5.0,0.0,,,,,,,,,,,,,,
J60_2.RCP,0,142.36023668639055,3.7836289405822754,GA_roulette_rcx_adaptive_random_withLS_withNeighborhood,65,1000,0,50.0,60.0,,,,,,adaptive,rcx,random,True,,,,,,,0.9,0.1,roulette,3.0,True,False,0.5,0.1,0.35,5.0,2.0,,,,,,,,,,,,,,
J60_2.RCP,1,135.68331360946746,3.810689926147461,GA_roulette_rcx_adaptive_random_withLS_withNeighborhood,65,1000,1,50.0,60.0,,,,,,adaptive,rcx,random,True,,,,,,,0.9,0.1,roulette,3.0,True,False,0.5,0.1,0.35,5.0,2.0,,,,,,,,,,,,,,
J60_2.RCP,0,142.36023668639055,4.03019118309021,GA_roulette_rcx_adaptive_random_withLS_noNeighborhood,65,1000,0,50.0,60.0,,,,,,adaptive,rcx,random,True,,,,,,,0.9,0.1,roulette,3.0,True,False,0.5,0.1,0.35,5.0,0.0,,,,,,,,,,,,,,
J60_2.RCP,1,135.68331360946746,3.7671642303466797,GA_roulette_rcx_adaptive_random_withLS_noNeighborhood,65,1000,1,50.0,60.0,,,,,,adaptive,rcx,random,True,,,,,,,0.9,0.1,roulette,3.0,True,False,0.5,0.1,0.35,5.0,0.0,,,,,,,,,,,,,,
J60_2.RCP,0,117.80639053254437,14.302064895629883,GA_roulette_rcx_adaptive_random_noLS_withNeighborhood,65,1000,0,50.0,60.0,,,,,,adaptive,rcx,random,False,,,,,,,0.9,0.1,roulette,3.0,True,False,0.5,0.1,0.35,5.0,2.0,,,,,,,,,,,,,,
J60_2.RCP,1,117.89869822485207,14.336501121520996,GA_roulette_rcx_adaptive_random_noLS_withNeighborhood,65,1000,1,50.0,60.0,,,,,,adaptive,rcx,random,False,,,,,,,0.9,0.1,roulette,3.0,True,False,0.5,0.1,0.35,5.0,2.0,,,,,,,,,,,,,,
J60_2.RCP,0,117.80639053254437,14.2223961353302,GA_roulette_rcx_adaptive_random_noLS_noNeighborhood,65,1000,0,50.0,60.0,,,,,,adaptive,rcx,random,False,,,,,,,0.9,0.1,roulette,3.0,True,False,0.5,0.1,0.35,5.0,0.0,,,,,,,,,,,,,,
J60_2.RCP,1,117.89869822485207,14.198623895645142,GA_roulette_rcx_adaptive_random_noLS_noNeighborhood,65,1000,1,50.0,60.0,,,,,,adaptive,rcx,random,False,,,,,,,0.9,0.1,roulette,3.0,True,False,0.5,0.1,0.35,5.0,0.0,,,,,,,,,,,,,,
J60_2.RCP,0,136.2063905325444,3.798717975616455,GA_roulette_rcx_adaptive_heuristic_withLS_withNeighborhood,65,1000,0,50.0,60.0,,,,,,adaptive,rcx,heuristic,True,,,,,,,0.9,0.1,roulette,3.0,True,False,0.5,0.1,0.35,5.0,2.0,,,,,,,,,,,,,,
J60_2.RCP,1,144.88331360946748,3.868337869644165,GA_roulette_rcx_adaptive_heuristic_withLS_withNeighborhood,65,1000,1,50.0,60.0,,,,,,adaptive,rcx,heuristic,True,,,,,,,0.9,0.1,roulette,3.0,True,False,0.5,0.1,0.35,5.0,2.0,,,,,,,,,,,,,,
J60_2.RCP,0,136.2063905325444,3.7955000400543213,GA_roulette_rcx_adaptive_heuristic_withLS_noNeighborhood,65,1000,0,50.0,60.0,,,,,,adaptive,rcx,heuristic,True,,,,,,,0.9,0.1,roulette,3.0,True,False,0.5,0.1,0.35,5.0,0.0,,,,,,,,,,,,,,
J60_2.RCP,1,144.88331360946748,3.6145689487457275,GA_roulette_rcx_adaptive_heuristic_withLS_noNeighborhood,65,1000,1,50.0,60.0,,,,,,adaptive,rcx,heuristic,True,,,,,,,0.9,0.1,roulette,3.0,True,False,0.5,0.1,0.35,5.0,0.0,,,,,,,,,,,,,,
J60_2.RCP,0,129.621775147929,14.183374166488647,GA_roulette_rcx_adaptive_heuristic_noLS_withNeighborhood,65,1000,0,50.0,60.0,,,,,,adaptive,rcx,heuristic,False,,,,,,,0.9,0.1,roulette,3.0,True,False,0.5,0.1,0.35,5.0,2.0,,,,,,,,,,,,,,
J60_2.RCP,1,131.83715976331362,14.057867050170898,GA_roulette_rcx_adaptive_heuristic_noLS_withNeighborhood,65,1000,1,50.0,60.0,,,,,,adaptive,rcx,heuristic,False,,,,,,,0.9,0.1,roulette,3.0,True,False,0.5,0.1,0.35,5.0,2.0,,,,,,,,,,,,,,
J60_2.RCP,0,129.621775147929,14.169347047805786,GA_roulette_rcx_adaptive_heuristic_noLS_noNeighborhood,65,1000,0,50.0,60.0,,,,,,adaptive,rcx,heuristic,False,,,,,,,0.9,0.1,roulette,3.0,True,False,0.5,0.1,0.35,5.0,0.0,,,,,,,,,,,,,,
J60_2.RCP,1,131.83715976331362,14.387937068939209,GA_roulette_rcx_adaptive_heuristic_noLS_noNeighborhood,65,1000,1,50.0,60.0,,,,,,adaptive,rcx,heuristic,False,,,,,,,0.9,0.1,roulette,3.0,True,False,0.5,0.1,0.35,5.0,0.0,,,,,,,,,,,,,,
J60_2.RCP,0,150.85254437869824,0.23550915718078613,GA_roulette_hybrid_random_random_withLS_withNeighborhood,65,1000,0,50.0,60.0,,,,,,random,hybrid,random,True,,,,,,,0.9,0.1,roulette,3.0,True,False,0.5,0.1,0.35,5.0,2.0,,,,,,,,,,,,,,
J60_2.RCP,1,135.68331360946746,0.23548507690429688,GA_roulette_hybrid_random_random_withLS_withNeighborhood,65,1000,1,50.0,60.0,,,,,,random,hybrid,random,True,,,,,,,0.9,0.1,roulette,3.0,True,False,0.5,0.1,0.35,5.0,2.0,,,,,,,,,,,,,,
J60_2.RCP,0,150.85254437869824,0.23376703262329102,GA_roulette_hybrid_random_random_withLS_noNeighborhood,65,1000,0,50.0,60.0,,,,,,random,hybrid,random,True,,,,,,,0.9,0.1,roulette,3.0,True,False,0.5,0.1,0.35,5.0,0.0,,,,,,,,,,,,,,
J60_2.RCP,1,135.68331360946746,0.23590302467346191,GA_roulette_hybrid_random_random_withLS_noNeighborhood,65,1000,1,50.0,60.0,,,,,,random,hybrid,random,True,,,,,,,0.9,0.1,roulette,3.0,True,False,0.5,0.1,0.35,5.0,0.0,,,,,,,,,,,,,,
J60_2.RCP,0,138.6371597633136,0.33470892906188965,GA_roulette_hybrid_random_random_noLS_withNeighborhood,65,1000,0,50.0,60.0,,,,,,random,hybrid,random,False,,,,,,,0.9,0.1,roulette,3.0,True,False,0.5,0.1,0.35,5.0,2.0,,,,,,,,,,,,,,
J60_2.RCP,1,124.94485207100591,0.3324878215789795,GA_roulette_hybrid_random_random_noLS_withNeighborhood,65,1000,1,50.0,60.0,,,,,,random,hybrid,random,False,,,,,,,0.9,0.1,roulette,3.0,True,False,0.5,0.1,0.35,5.0,2.0,,,,,,,,,,,,,,
J60_2.RCP,0,138.6371597633136,0.3380751609802246,GA_roulette_hybrid_random_random_noLS_noNeighborhood,65,1000,0,50.0,60.0,,,,,,random,hybrid,random,False,,,,,,,0.9,0.1,roulette,3.0,True,False,0.5,0.1,0.35,5.0,0.0,,,,,,,,,,,,,,
J60_2.RCP,1,124.94485207100591,0.33354902267456055,GA_roulette_hybrid_random_random_noLS_noNeighborhood,65,1000,1,50.0,60.0,,,,,,random,hybrid,random,False,,,,,,,0.9,0.1,roulette,3.0,True,False,0.5,0.1,0.35,5.0,0.0,,,,,,,,,,,,,,
J60_2.RCP,0,139.31408284023667,0.23531889915466309,GA_roulette_hybrid_random_heuristic_withLS_withNeighborhood,65,1000,0,50.0,60.0,,,,,,random,hybrid,heuristic,True,,,,,,,0.9,0.1,roulette,3.0,True,False,0.5,0.1,0.35,5.0,2.0,,,,,,,,,,,,,,
J60_2.RCP,1,139.46792899408285,0.2353529930114746,GA_roulette_hybrid_random_heuristic_withLS_withNeighborhood,65,1000,1,50.0,60.0,,,,,,random,hybrid,heuristic,True,,,,,,,0.9,0.1,roulette,3.0,True,False,0.5,0.1,0.35,5.0,2.0,,,,,,,,,,,,,,
J60_2.RCP,0,139.31408284023667,0.23616719245910645,GA_roulette_hybrid_random_heuristic_withLS_noNeighborhood,65,1000,0,50.0,60.0,,,,,,random,hybrid,heuristic,True,,,,,,,0.9,0.1,roulette,3.0,True,False,0.5,0.1,0.35,5.0,0.0,,,,,,,,,,,,,,
J60_2.RCP,1,139.46792899408285,0.235368013381958,GA_roulette_hybrid_random_heuristic_withLS_noNeighborhood,65,1000,1,50.0,60.0,,,,,,random,hybrid,heuristic,True,,,,,,,0.9,0.1,roulette,3.0,True,False,0.5,0.1,0.35,5.0,0.0,,,,,,,,,,,,,,
J60_2.RCP,0,131.74485207100594,0.3342599868774414,GA_roulette_hybrid_random_heuristic_noLS_withNeighborhood,65,1000,0,50.0,60.0,,,,,,random,hybrid,heuristic,False,,,,,,,0.9,0.1,roulette,3.0,True,False,0.5,0.1,0.35,5.0,2.0,,,,,,,,,,,,,,
J60_2.RCP,1,131.77562130177517,0.3349440097808838,GA_roulette_hybrid_random_heuristic_noLS_withNeighborhood,65,1000,1,50.0,60.0,,,,,,random,hybrid,heuristic,False,,,,,,,0.9,0.1,roulette,3.0,True,False,0.5,0.1,0.35,5.0,2.0,,,,,,,,,,,,,,
J60_2.RCP,0,131.74485207100594,0.3328380584716797,GA_roulette_hybrid_random_heuristic_noLS_noNeighborhood,65,1000,0,50.0,60.0,,,,,,random,hybrid,heuristic,False,,,,,,,0.9,0.1,roulette,3.0,True,False,0.5,0.1,0.35,5.0,0.0,,,,,,,,,,,,,,
J60_2.RCP,1,131.77562130177517,0.33724522590637207,GA_roulette_hybrid_random_heuristic_noLS_noNeighborhood,65,1000,1,50.0,60.0,,,,,,random,hybrid,heuristic,False,,,,,,,0.9,0.1,roulette,3.0,True,False,0.5,0.1,0.35,5.0,0.0,,,,,,,,,,,,,,
J60_2.RCP,0,138.08331360946747,0.23916268348693848,GA_roulette_hybrid_adaptive_random_withLS_withNeighborhood,65,1000,0,50.0,60.0,,,,,,adaptive,hybrid,random,True,,,,,,,0.9,0.1,roulette,3.0,True,False,0.5,0.1,0.35,5.0,2.0,,,,,,,,,,,,,,
J60_2.RCP,1,129.4986982248521,0.24051928520202637,GA_roulette_hybrid_adaptive_random_withLS_withNeighborhood,65,1000,1,50.0,60.0,,,,,,adaptive,hybrid,random,True,,,,,,,0.9,0.1,roulette,3.0,True,False,0.5,0.1,0.35,5.0,2.0,,,,,,,,,,,,,,
J60_2.RCP,0,138.08331360946747,0.2395169734954834,GA_roulette_hybrid_adaptive_random_withLS_noNeighborhood,65,1000,0,50.0,60.0,,,,,,adaptive,hybrid,random,True,,,,,,,0.9,0.1,roulette,3.0,True,False,0.5,0.1,0.35,5.0,0.0,,,,,,,,,,,,,,
J60_2.RCP,1,129.4986982248521,0.23978114128112793,GA_roulette_hybrid_adaptive_random_withLS_noNeighborhood,65,1000,1,50.0,60.0,,,,,,adaptive,hybrid,random,True,,,,,,,0.9,0.1,roulette,3.0,True,False,0.5,0.1,0.35,5.0,0.0,,,,,,,,,,,,,,
J60_2.RCP,0,126.02177514792899,0.353391170501709,GA_roulette_hybrid_adaptive_random_noLS_withNeighborhood,65,1000,0,50.0,60.0,,,,,,adaptive,hybrid,random,False,,,,,,,0.9,0.1,roulette,3.0,True,False,0.5,0.1,0.35,5.0,2.0,,,,,,,,,,,,,,
J60_2.RCP,1,116.60639053254438,0.35187411308288574,GA_roulette_hybrid_adaptive_random_noLS_withNeighborhood,65,1000,1,50.0,60.0,,,,,,adaptive,hybrid,random,False,,,,,,,0.9,0.1,roulette,3.0,True,False,0.5,0.1,0.35,5.0,2.0,,,,,,,,,,,,,,
J60_2.RCP,0,126.02177514792899,0.35267210006713867,GA_roulette_hybrid_adaptive_random_noLS_noNeighborhood,65,1000,0,50.0,60.0,,,,,,adaptive,hybrid,random,False,,,,,,,0.9,0.1,roulette,3.0,True,False,0.5,0.1,0.35,5.0,0.0,,,,,,,,,,,,,,
J60_2.RCP,1,116.60639053254438,0.35199594497680664,GA_roulette_hybrid_adaptive_random_noLS_noNeighborhood,65,1000,1,50.0,60.0,,,,,,adaptive,hybrid,random,False,,,,,,,0.9,0.1,roulette,3.0,True,False,0.5,0.1,0.35,5.0,0.0,,,,,,,,,,,,,,
J60_2.RCP,0,135.19100591715977,0.24167108535766602,GA_roulette_hybrid_adaptive_heuristic_withLS_withNeighborhood,65,1000,0,50.0,60.0,,,,,,adaptive,hybrid,heuristic,True,,,,,,,0.9,0.1,roulette,3.0,True,False,0.5,0.1,0.35,5.0,2.0,,,,,,,,,,,,,,
J60_2.RCP,1,133.80639053254438,0.24302887916564941,GA_roulette_hybrid_adaptive_heuristic_withLS_withNeighborhood,65,1000,1,50.0,60.0,,,,,,adaptive,hybrid,heuristic,True,,,,,,,0.9,0.1,roulette,3.0,True,False,0.5,0.1,0.35,5.0,2.0,,,,,,,,,,,,,,
J60_2.RCP,0,135.19100591715977,0.2393207550048828,GA_roulette_hybrid_adaptive_heuristic_withLS_noNeighborhood,65,1000,0,50.0,60.0,,,,,,adaptive,hybrid,heuristic,True,,,,,,,0.9,0.1,roulette,3.0,True,False,0.5,0.1,0.35,5.0,0.0,,,,,,,,,,,,,,
J60_2.RCP,1,133.80639053254438,0.24185991287231445,GA_roulette_hybrid_adaptive_heuristic_withLS_noNeighborhood,65,1000,1,50.0,60.0,,,,,,adaptive,hybrid,heuristic,True,,,,,,,0.9,0.1,roulette,3.0,True,False,0.5,0.1,0.35,5.0,0.0,,,,,,,,,,,,,,
J60_2.RCP,0,130.08331360946747,0.35452890396118164,GA_roulette_hybrid_adaptive_heuristic_noLS_withNeighborhood,65,1000,0,50.0,60.0,,,,,,adaptive,hybrid,heuristic,False,,,,,,,0.9,0.1,roulette,3.0,True,False,0.5,0.1,0.35,5.0,2.0,,,,,,,,,,,,,,
J60_2.RCP,1,130.85254437869824,0.35216307640075684,GA_roulette_hybrid_adaptive_heuristic_noLS_withNeighborhood,65,1000,1,50.0,60.0,,,,,,adaptive,hybrid,heuristic,False,,,,,,,0.9,0.1,roulette,3.0,True,False,0.5,0.1,0.35,5.0,2.0,,,,,,,,,,,,,,
J60_2.RCP,0,130.08331360946747,0.3537161350250244,GA_roulette_hybrid_adaptive_heuristic_noLS_noNeighborhood,65,1000,0,50.0,60.0,,,,,,adaptive,hybrid,heuristic,False,,,,,,,0.9,0.1,roulette,3.0,True,False,0.5,0.1,0.35,5.0,0.0,,,,,,,,,,,,,,
J60_2.RCP,1,130.85254437869824,0.3520500659942627,GA_roulette_hybrid_adaptive_heuristic_noLS_noNeighborhood,65,1000,1,50.0,60.0,,,,,,adaptive,hybrid,heuristic,False,,,,,,,0.9,0.1,roulette,3.0,True,False,0.5,0.1,0.35,5.0,0.0,,,,,,,,,,,,,,
J60_2.RCP,0,132.821775147929,0.24156427383422852,GA_tournament_single_point_random_random_withLS_withNeighborhood,65,1000,0,50.0,60.0,,,,,,random,single_point,random,True,,,,,,,0.9,0.1,tournament,3.0,True,False,0.5,0.1,0.35,5.0,2.0,,,,,,,,,,,,,,
J60_2.RCP,1,119.89869822485207,0.23565196990966797,GA_tournament_single_point_random_random_withLS_withNeighborhood,65,1000,1,50.0,60.0,,,,,,random,single_point,random,True,,,,,,,0.9,0.1,tournament,3.0,True,False,0.5,0.1,0.35,5.0,2.0,,,,,,,,,,,,,,
J60_2.RCP,0,132.821775147929,0.23505806922912598,GA_tournament_single_point_random_random_withLS_noNeighborhood,65,1000,0,50.0,60.0,,,,,,random,single_point,random,True,,,,,,,0.9,0.1,tournament,3.0,True,False,0.5,0.1,0.35,5.0,0.0,,,,,,,,,,,,,,
J60_2.RCP,1,119.89869822485207,0.2375631332397461,GA_tournament_single_point_random_random_withLS_noNeighborhood,65,1000,1,50.0,60.0,,,,,,random,single_point,random,True,,,,,,,0.9,0.1,tournament,3.0,True,False,0.5,0.1,0.35,5.0,0.0,,,,,,,,,,,,,,
J60_2.RCP,0,102.42177514792898,0.3393268585205078,GA_tournament_single_point_random_random_noLS_withNeighborhood,65,1000,0,50.0,60.0,,,,,,random,single_point,random,False,,,,,,,0.9,0.1,tournament,3.0,True,False,0.5,0.1,0.35,5.0,2.0,,,,,,,,,,,,,,
J60_2.RCP,1,103.86792899408283,0.33899617195129395,GA_tournament_single_point_random_random_noLS_withNeighborhood,65,1000,1,50.0,60.0,,,,,,random,single_point,random,False,,,,,,,0.9,0.1,tournament,3.0,True,False,0.5,0.1,0.35,5.0,2.0,,,,,,,,,,,,,,
J60_2.RCP,0,102.42177514792898,0.33745384216308594,GA_tournament_single_point_random_random_noLS_noNeighborhood,65,1000,0,50.0,60.0,,,,,,random,single_point,random,False,,,,,,,0.9,0.1,tournament,3.0,True,False,0.5,0.1,0.35,5.0,0.0,,,,,,,,,,,,,,
J60_2.RCP,1,103.86792899408283,0.338641881942749,GA_tournament_single_point_random_random_noLS_noNeighborhood,65,1000,1,50.0,60.0,,,,,,random,single_point,random,False,,,,,,,0.9,0.1,tournament,3.0,True,False,0.5,0.1,0.35,5.0,0.0,,,,,,,,,,,,,,
J60_2.RCP,0,112.60639053254438,0.23984599113464355,GA_tournament_single_point_random_heuristic_withLS_withNeighborhood,65,1000,0,50.0,60.0,,,,,,random,single_point,heuristic,True,,,,,,,0.9,0.1,tournament,3.0,True,False,0.5,0.1,0.35,5.0,2.0,,,,,,,,,,,,,,
J60_2.RCP,1,128.91408284023672,0.24276113510131836,GA_tournament_single_point_random_heuristic_withLS_withNeighborhood,65,1000,1,50.0,60.0,,,,,,random,single_point,heuristic,True,,,,,,,0.9,0.1,tournament,3.0,True,False,0.5,0.1,0.35,5.0,2.0,,,,,,,,,,,,,,
J60_2.RCP,0,112.60639053254438,0.23871183395385742,GA_tournament_single_point_random_heuristic_withLS_noNeighborhood,65,1000,0,50.0,60.0,,,,,,random,single_point,heuristic,True,,,,,,,0.9,0.1,tournament,3.0,True,False,0.5,0.1,0.35,5.0,0.0,,,,,,,,,,,,,,
J60_2.RCP,1,128.91408284023672,0.2372729778289795,GA_tournament_single_point_random_heuristic_withLS_noNeighborhood,65,1000,1,50.0,60.0,,,,,,random,single_point,heuristic,True,,,,,,,0.9,0.1,tournament,3.0,True,False,0.5,0.1,0.35,5.0,0.0,,,,,,,,,,,,,,
J60_2.RCP,0,98.29869822485207,0.34021687507629395,GA_tournament_single_point_random_heuristic_noLS_withNeighborhood,65,1000,0,50.0,60.0,,,,,,random,single_point,heuristic,False,,,,,,,0.9,0.1,tournament,3.0,True,False,0.5,0.1,0.35,5.0,2.0,,,,,,,,,,,,,,
J60_2.RCP,1,105.46792899408283,0.34065723419189453,GA_tournament_single_point_random_heuristic_noLS_withNeighborhood,65,1000,1,50.0,60.0,,,,,,random,single_point,heuristic,False,,,,,,,0.9,0.1,tournament,3.0,True,False,0.5,0.1,0.35,5.0,2.0,,,,,,,,,,,,,,
J60_2.RCP,0,98.29869822485207,0.34146833419799805,GA_tournament_single_point_random_heuristic_noLS_noNeighborhood,65,1000,0,50.0,60.0,,,,,,random,single_point,heuristic,False,,,,,,,0.9,0.1,tournament,3.0,True,False,0.5,0.1,0.35,5.0,0.0,,,,,,,,,,,,,,
J60_2.RCP,1,105.46792899408283,0.33998608589172363,GA_tournament_single_point_random_heuristic_noLS_noNeighborhood,65,1000,1,50.0,60.0,,,,,,random,single_point,heuristic,False,,,,,,,0.9,0.1,tournament,3.0,True,False,0.5,0.1,0.35,5.0,0.0,,,,,,,,,,,,,,
J60_2.RCP,0,127.89869822485208,0.2414567470550537,GA_tournament_single_point_adaptive_random_withLS_withNeighborhood,65,1000,0,50.0,60.0,,,,,,adaptive,single_point,random,True,,,,,,,0.9,0.1,tournament,3.0,True,False,0.5,0.1,0.35,5.0,2.0,,,,,,,,,,,,,,
J60_2.RCP,1,111.37562130177514,0.24083709716796875,GA_tournament_single_point_adaptive_random_withLS_withNeighborhood,65,1000,1,50.0,60.0,,,,,,adaptive,single_point,random,True,,,,,,,0.9,0.1,tournament,3.0,True,False,0.5,0.1,0.35,5.0,2.0,,,,,,,,,,,,,,
J60_2.RCP,0,127.89869822485208,0.24001002311706543,GA_tournament_single_point_adaptive_random_withLS_noNeighborhood,65,1000,0,50.0,60.0,,,,,,adaptive,single_point,random,True,,,,,,,0.9,0.1,tournament,3.0,True,False,0.5,0.1,0.35,5.0,0.0,,,,,,,,,,,,,,
J60_2.RCP,1,111.37562130177514,0.24169015884399414,GA_tournament_single_point_adaptive_random_withLS_noNeighborhood,65,1000,1,50.0,60.0,,,,,,adaptive,single_point,random,True,,,,,,,0.9,0.1,tournament,3.0,True,False,0.5,0.1,0.35,5.0,0.0,,,,,,,,,,,,,,
J60_2.RCP,0,118.42177514792898,0.359421968460083,GA_tournament_single_point_adaptive_random_noLS_withNeighborhood,65,1000,0,50.0,60.0,,,,,,adaptive,single_point,random,False,,,,,,,0.9,0.1,tournament,3.0,True,False,0.5,0.1,0.35,5.0,2.0,,,,,,,,,,,,,,
J60_2.RCP,1,111.37562130177514,0.3589141368865967,GA_tournament_single_point_adaptive_random_noLS_withNeighborhood,65,1000,1,50.0,60.0,,,,,,adaptive,single_point,random,False,,,,,,,0.9,0.1,tournament,3.0,True,False,0.5,0.1,0.35,5.0,2.0,,,,,,,,,,,,,,
J60_2.RCP,0,118.42177514792898,0.3582150936126709,GA_tournament_single_point_adaptive_random_noLS_noNeighborhood,65,1000,0,50.0,60.0,,,,,,adaptive,single_point,random,False,,,,,,,0.9,0.1,tournament,3.0,True,False,0.5,0.1,0.35,5.0,0.0,,,,,,,,,,,,,,
J60_2.RCP,1,111.37562130177514,0.3595240116119385,GA_tournament_single_point_adaptive_random_noLS_noNeighborhood,65,1000,1,50.0,60.0,,,,,,adaptive,single_point,random,False,,,,,,,0.9,0.1,tournament,3.0,True,False,0.5,0.1,0.35,5.0,0.0,,,,,,,,,,,,,,
J60_2.RCP,0,117.19100591715977,0.24361014366149902,GA_tournament_single_point_adaptive_heuristic_withLS_withNeighborhood,65,1000,0,50.0,60.0,,,,,,adaptive,single_point,heuristic,True,,,,,,,0.9,0.1,tournament,3.0,True,False,0.5,0.1,0.35,5.0,2.0,,,,,,,,,,,,,,
J60_2.RCP,1,133.83715976331362,0.24324297904968262,GA_tournament_single_point_adaptive_heuristic_withLS_withNeighborhood,65,1000,1,50.0,60.0,,,,,,adaptive,single_point,heuristic,True,,,,,,,0.9,0.1,tournament,3.0,True,False,0.5,0.1,0.35,5.0,2.0,,,,,,,,,,,,,,
J60_2.RCP,0,117.19100591715977,0.2411646842956543,GA_tournament_single_point_adaptive_heuristic_withLS_noNeighborhood,65,1000,0,50.0,60.0,,,,,,adaptive,single_point,heuristic,True,,,,,,,0.9,0.1,tournament,3.0,True,False,0.5,0.1,0.35,5.0,0.0,,,,,,,,,,,,,,
J60_2.RCP,1,133.83715976331362,0.24143409729003906,GA_tournament_single_point_adaptive_heuristic_withLS_noNeighborhood,65,1000,1,50.0,60.0,,,,,,adaptive,single_point,heuristic,True,,,,,,,0.9,0.1,tournament,3.0,True,False,0.5,0.1,0.35,5.0,0.0,,,,,,,,,,,,,,
J60_2.RCP,0,108.66792899408284,0.3588218688964844,GA_tournament_single_point_adaptive_heuristic_noLS_withNeighborhood,65,1000,0,50.0,60.0,,,,,,adaptive,single_point,heuristic,False,,,,,,,0.9,0.1,tournament,3.0,True,False,0.5,0.1,0.35,5.0,2.0,,,,,,,,,,,,,,
J60_2.RCP,1,109.96023668639053,0.3596363067626953,GA_tournament_single_point_adaptive_heuristic_noLS_withNeighborhood,65,1000,1,50.0,60.0,,,,,,adaptive,single_point,heuristic,False,,,,,,,0.9,0.1,tournament,3.0,True,False,0.5,0.1,0.35,5.0,2.0,,,,,,,,,,,,,,
J60_2.RCP,0,108.66792899408284,0.3596842288970947,GA_tournament_single_point_adaptive_heuristic_noLS_noNeighborhood,65,1000,0,50.0,60.0,,,,,,adaptive,single_point,heuristic,False,,,,,,,0.9,0.1,tournament,3.0,True,False,0.5,0.1,0.35,5.0,0.0,,,,,,,,,,,,,,
J60_2.RCP,1,109.96023668639053,0.36018991470336914,GA_tournament_single_point_adaptive_heuristic_noLS_noNeighborhood,65,1000,1,50.0,60.0,,,,,,adaptive,single_point,heuristic,False,,,,,,,0.9,0.1,tournament,3.0,True,False,0.5,0.1,0.35,5.0,0.0,,,,,,,,,,,,,,
J60_2.RCP,0,135.59100591715978,0.23591399192810059,GA_tournament_two_point_random_random_withLS_withNeighborhood,65,1000,0,50.0,60.0,,,,,,random,two_point,random,True,,,,,,,0.9,0.1,tournament,3.0,True,False,0.5,0.1,0.35,5.0,2.0,,,,,,,,,,,,,,
J60_2.RCP,1,110.66792899408283,0.23589110374450684,GA_tournament_two_point_random_random_withLS_withNeighborhood,65,1000,1,50.0,60.0,,,,,,random,two_point,random,True,,,,,,,0.9,0.1,tournament,3.0,True,False,0.5,0.1,0.35,5.0,2.0,,,,,,,,,,,,,,
J60_2.RCP,0,135.59100591715978,0.2358248233795166,GA_tournament_two_point_random_random_withLS_noNeighborhood,65,1000,0,50.0,60.0,,,,,,random,two_point,random,True,,,,,,,0.9,0.1,tournament,3.0,True,False,0.5,0.1,0.35,5.0,0.0,,,,,,,,,,,,,,
J60_2.RCP,1,110.66792899408283,0.23550915718078613,GA_tournament_two_point_random_random_withLS_noNeighborhood,65,1000,1,50.0,60.0,,,,,,random,two_point,random,True,,,,,,,0.9,0.1,tournament,3.0,True,False,0.5,0.1,0.35,5.0,0.0,,,,,,,,,,,,,,
J60_2.RCP,0,98.36023668639052,0.3397939205169678,GA_tournament_two_point_random_random_noLS_withNeighborhood,65,1000,0,50.0,60.0,,,,,,random,two_point,random,False,,,,,,,0.9,0.1,tournament,3.0,True,False,0.5,0.1,0.35,5.0,2.0,,,,,,,,,,,,,,
J60_2.RCP,1,97.77562130177515,0.33699727058410645,GA_tournament_two_point_random_random_noLS_withNeighborhood,65,1000,1,50.0,60.0,,,,,,random,two_point,random,False,,,,,,,0.9,0.1,tournament,3.0,True,False,0.5,0.1,0.35,5.0,2.0,,,,,,,,,,,,,,
J60_2.RCP,0,98.36023668639052,0.33905792236328125,GA_tournament_two_point_random_random_noLS_noNeighborhood,65,1000,0,50.0,60.0,,,,,,random,two_point,random,False,,,,,,,0.9,0.1,tournament,3.0,True,False,0.5,0.1,0.35,5.0,0.0,,,,,,,,,,,,,,
J60_2.RCP,1,97.77562130177515,0.34082794189453125,GA_tournament_two_point_random_random_noLS_noNeighborhood,65,1000,1,50.0,60.0,,,,,,random,two_point,random,False,,,,,,,0.9,0.1,tournament,3.0,True,False,0.5,0.1,0.35,5.0,0.0,,,,,,,,,,,,,,
J60_2.RCP,0,123.09869822485206,0.2387838363647461,GA_tournament_two_point_random_heuristic_withLS_withNeighborhood,65,1000,0,50.0,60.0,,,,,,random,two_point,heuristic,True,,,,,,,0.9,0.1,tournament,3.0,True,False,0.5,0.1,0.35,5.0,2.0,,,,,,,,,,,,,,
J60_2.RCP,1,128.26792899408284,0.23677992820739746,GA_tournament_two_point_random_heuristic_withLS_withNeighborhood,65,1000,1,50.0,60.0,,,,,,random,two_point,heuristic,True,,,,,,,0.9,0.1,tournament,3.0,True,False,0.5,0.1,0.35,5.0,2.0,,,,,,,,,,,,,,
J60_2.RCP,0,123.09869822485206,0.23716402053833008,GA_tournament_two_point_random_heuristic_withLS_noNeighborhood,65,1000,0,50.0,60.0,,,,,,random,two_point,heuristic,True,,,,,,,0.9,0.1,tournament,3.0,True,False,0.5,0.1,0.35,5.0,0.0,,,,,,,,,,,,,,
J60_2.RCP,1,128.26792899408284,0.2371230125427246,GA_tournament_two_point_random_heuristic_withLS_noNeighborhood,65,1000,1,50.0,60.0,,,,,,random,two_point,heuristic,True,,,,,,,0.9,0.1,tournament,3.0,True,False,0.5,0.1,0.35,5.0,0.0,,,,,,,,,,,,,,
J60_2.RCP,0,94.32946745562131,0.3447742462158203,GA_tournament_two_point_random_heuristic_noLS_withNeighborhood,65,1000,0,50.0,60.0,,,,,,random,two_point,heuristic,False,,,,,,,0.9,0.1,tournament,3.0,True,False,0.5,0.1,0.35,5.0,2.0,,,,,,,,,,,,,,
J60_2.RCP,1,97.31408284023668,0.3408541679382324,GA_tournament_two_point_random_heuristic_noLS_withNeighborhood,65,1000,1,50.0,60.0,,,,,,random,two_point,heuristic,False,,,,,,,0.9,0.1,tournament,3.0,True,False,0.5,0.1,0.35,5.0,2.0,,,,,,,,,,,,,,
J60_2.RCP,0,94.32946745562131,0.3421769142150879,GA_tournament_two_point_random_heuristic_noLS_noNeighborhood,65,1000,0,50.0,60.0,,,,,,random,two_point,heuristic,False,,,,,,,0.9,0.1,tournament,3.0,True,False,0.5,0.1,0.35,5.0,0.0,,,,,,,,,,,,,,
J60_2.RCP,1,97.31408284023668,0.33866095542907715,GA_tournament_two_point_random_heuristic_noLS_noNeighborhood,65,1000,1,50.0,60.0,,,,,,random,two_point,heuristic,False,,,,,,,0.9,0.1,tournament,3.0,True,False,0.5,0.1,0.35,5.0,0.0,,,,,,,,,,,,,,
J60_2.RCP,0,128.2986982248521,0.2399449348449707,GA_tournament_two_point_adaptive_random_withLS_withNeighborhood,65,1000,0,50.0,60.0,,,,,,adaptive,two_point,random,True,,,,,,,0.9,0.1,tournament,3.0,True,False,0.5,0.1,0.35,5.0,2.0,,,,,,,,,,,,,,
J60_2.RCP,1,124.54485207100592,0.2409648895263672,GA_tournament_two_point_adaptive_random_withLS_withNeighborhood,65,1000,1,50.0,60.0,,,,,,adaptive,two_point,random,True,,,,,,,0.9,0.1,tournament,3.0,True,False,0.5,0.1,0.35,5.0,2.0,,,,,,,,,,,,,,
J60_2.RCP,0,128.2986982248521,0.2412409782409668,GA_tournament_two_point_adaptive_random_withLS_noNeighborhood,65,1000,0,50.0,60.0,,,,,,adaptive,two_point,random,True,,,,,,,0.9,0.1,tournament,3.0,True,False,0.5,0.1,0.35,5.0,0.0,,,,,,,,,,,,,,
J60_2.RCP,1,124.54485207100592,0.24029922485351562,GA_tournament_two_point_adaptive_random_withLS_noNeighborhood,65,1000,1,50.0,60.0,,,,,,adaptive,two_point,random,True,,,,,,,0.9,0.1,tournament,3.0,True,False,0.5,0.1,0.35,5.0,0.0,,,,,,,,,,,,,,
J60_2.RCP,0,103.99100591715977,0.3587150573730469,GA_tournament_two_point_adaptive_random_noLS_withNeighborhood,65,1000,0,50.0,60.0,,,,,,adaptive,two_point,random,False,,,,,,,0.9,0.1,tournament,3.0,True,False,0.5,0.1,0.35,5.0,2.0,,,,,,,,,,,,,,
J60_2.RCP,1,110.36023668639052,0.3644721508026123,GA_tournament_two_point_adaptive_random_noLS_withNeighborhood,65,1000,1,50.0,60.0,,,,,,adaptive,two_point,random,False,,,,,,,0.9,0.1,tournament,3.0,True,False,0.5,0.1,0.35,5.0,2.0,,,,,,,,,,,,,,
J60_2.RCP,0,103.99100591715977,0.38776612281799316,GA_tournament_two_point_adaptive_random_noLS_noNeighborhood,65,1000,0,50.0,60.0,,,,,,adaptive,two_point,random,False,,,,,,,0.9,0.1,tournament,3.0,True,False,0.5,0.1,0.35,5.0,0.0,,,,,,,,,,,,,,
J60_2.RCP,1,110.36023668639052,0.36470818519592285,GA_tournament_two_point_adaptive_random_noLS_noNeighborhood,65,1000,1,50.0,60.0,,,,,,adaptive,two_point,random,False,,,,,,,0.9,0.1,tournament,3.0,True,False,0.5,0.1,0.35,5.0,0.0,,,,,,,,,,,,,,
J60_2.RCP,0,125.56023668639054,0.2428133487701416,GA_tournament_two_point_adaptive_heuristic_withLS_withNeighborhood,65,1000,0,50.0,60.0,,,,,,adaptive,two_point,heuristic,True,,,,,,,0.9,0.1,tournament,3.0,True,False,0.5,0.1,0.35,5.0,2.0,,,,,,,,,,,,,,
J60_2.RCP,1,130.7910059171598,0.2445540428161621,GA_tournament_two_point_adaptive_heuristic_withLS_withNeighborhood,65,1000,1,50.0,60.0,,,,,,adaptive,two_point,heuristic,True,,,,,,,0.9,0.1,tournament,3.0,True,False,0.5,0.1,0.35,5.0,2.0,,,,,,,,,,,,,,
J60_2.RCP,0,125.56023668639054,0.24302101135253906,GA_tournament_two_point_adaptive_heuristic_withLS_noNeighborhood,65,1000,0,50.0,60.0,,,,,,adaptive,two_point,heuristic,True,,,,,,,0.9,0.1,tournament,3.0,True,False,0.5,0.1,0.35,5.0,0.0,,,,,,,,,,,,,,
J60_2.RCP,1,130.7910059171598,0.2431950569152832,GA_tournament_two_point_adaptive_heuristic_withLS_noNeighborhood,65,1000,1,50.0,60.0,,,,,,adaptive,two_point,heuristic,True,,,,,,,0.9,0.1,tournament,3.0,True,False,0.5,0.1,0.35,5.0,0.0,,,,,,,,,,,,,,
J60_2.RCP,0,118.08331360946747,0.36094117164611816,GA_tournament_two_point_adaptive_heuristic_noLS_withNeighborhood,65,1000,0,50.0,60.0,,,,,,adaptive,two_point,heuristic,False,,,,,,,0.9,0.1,tournament,3.0,True,False,0.5,0.1,0.35,5.0,2.0,,,,,,,,,,,,,,
J60_2.RCP,1,108.91408284023669,0.36159825325012207,GA_tournament_two_point_adaptive_heuristic_noLS_withNeighborhood,65,1000,1,50.0,60.0,,,,,,adaptive,two_point,heuristic,False,,,,,,,0.9,0.1,tournament,3.0,True,False,0.5,0.1,0.35,5.0,2.0,,,,,,,,,,,,,,
J60_2.RCP,0,118.08331360946747,0.3604710102081299,GA_tournament_two_point_adaptive_heuristic_noLS_noNeighborhood,65,1000,0,50.0,60.0,,,,,,adaptive,two_point,heuristic,False,,,,,,,0.9,0.1,tournament,3.0,True,False,0.5,0.1,0.35,5.0,0.0,,,,,,,,,,,,,,
J60_2.RCP,1,108.91408284023669,0.36109113693237305,GA_tournament_two_point_adaptive_heuristic_noLS_noNeighborhood,65,1000,1,50.0,60.0,,,,,,adaptive,two_point,heuristic,False,,,,,,,0.9,0.1,tournament,3.0,True,False,0.5,0.1,0.35,5.0,0.0,,,,,,,,,,,,,,
J60_2.RCP,0,130.05254437869826,1.970287799835205,GA_tournament_rcx_random_random_withLS_withNeighborhood,65,1000,0,50.0,60.0,,,,,,random,rcx,random,True,,,,,,,0.9,0.1,tournament,3.0,True,False,0.5,0.1,0.35,5.0,2.0,,,,,,,,,,,,,,
J60_2.RCP,1,117.62177514792897,1.9767580032348633,GA_tournament_rcx_random_random_withLS_withNeighborhood,65,1000,1,50.0,60.0,,,,,,random,rcx,random,True,,,,,,,0.9,0.1,tournament,3.0,True,False,0.5,0.1,0.35,5.0,2.0,,,,,,,,,,,,,,
J60_2.RCP,0,130.05254437869826,1.9609529972076416,GA_tournament_rcx_random_random_withLS_noNeighborhood,65,1000,0,50.0,60.0,,,,,,random,rcx,random,True,,,,,,,0.9,0.1,tournament,3.0,True,False,0.5,0.1,0.35,5.0,0.0,,,,,,,,,,,,,,
J60_2.RCP,1,117.62177514792897,1.9568359851837158,GA_tournament_rcx_random_random_withLS_noNeighborhood,65,1000,1,50.0,60.0,,,,,,random,rcx,random,True,,,,,,,0.9,0.1,tournament,3.0,True,False,0.5,0.1,0.35,5.0,0.0,,,,,,,,,,,,,,
J60_2.RCP,0,95.8371597633136,7.215780019760132,GA_tournament_rcx_random_random_noLS_withNeighborhood,65,1000,0,50.0,60.0,,,,,,random,rcx,random,False,,,,,,,0.9,0.1,tournament,3.0,True,False,0.5,0.1,0.35,5.0,2.0,,,,,,,,,,,,,,
J60_2.RCP,1,98.32946745562131,7.1879541873931885,GA_tournament_rcx_random_random_noLS_withNeighborhood,65,1000,1,50.0,60.0,,,,,,random,rcx,random,False,,,,,,,0.9,0.1,tournament,3.0,True,False,0.5,0.1,0.35,5.0,2.0,,,,,,,,,,,,,,
J60_2.RCP,0,95.8371597633136,7.24831485748291,GA_tournament_rcx_random_random_noLS_noNeighborhood,65,1000,0,50.0,60.0,,,,,,random,rcx,random,False,,,,,,,0.9,0.1,tournament,3.0,True,False,0.5,0.1,0.35,5.0,0.0,,,,,,,,,,,,,,
J60_2.RCP,1,98.32946745562131,7.12068510055542,GA_tournament_rcx_random_random_noLS_noNeighborhood,65,1000,1,50.0,60.0,,,,,,random,rcx,random,False,,,,,,,0.9,0.1,tournament,3.0,True,False,0.5,0.1,0.35,5.0,0.0,,,,,,,,,,,,,,
J60_2.RCP,0,123.00639053254439,1.9884889125823975,GA_tournament_rcx_random_heuristic_withLS_withNeighborhood,65,1000,0,50.0,60.0,,,,,,random,rcx,heuristic,True,,,,,,,0.9,0.1,tournament,3.0,True,False,0.5,0.1,0.35,5.0,2.0,,,,,,,,,,,,,,
J60_2.RCP,1,138.05254437869823,1.9064960479736328,GA_tournament_rcx_random_heuristic_withLS_withNeighborhood,65,1000,1,50.0,60.0,,,,,,random,rcx,heuristic,True,,,,,,,0.9,0.1,tournament,3.0,True,False,0.5,0.1,0.35,5.0,2.0,,,,,,,,,,,,,,
J60_2.RCP,0,123.00639053254439,1.9843640327453613,GA_tournament_rcx_random_heuristic_withLS_noNeighborhood,65,1000,0,50.0,60.0,,,,,,random,rcx,heuristic,True,,,,,,,0.9,0.1,tournament,3.0,True,False,0.5,0.1,0.35,5.0,0.0,,,,,,,,,,,,,,
J60_2.RCP,1,138.05254437869823,1.887239933013916,GA_tournament_rcx_random_heuristic_withLS_noNeighborhood,65,1000,1,50.0,60.0,,,,,,random,rcx,heuristic,True,,,,,,,0.9,0.1,tournament,3.0,True,False,0.5,0.1,0.35,5.0,0.0,,,,,,,,,,,,,,
J60_2.RCP,0,101.59100591715976,7.099372863769531,GA_tournament_rcx_random_heuristic_noLS_withNeighborhood,65,1000,0,50.0,60.0,,,,,,random,rcx,heuristic,False,,,,,,,0.9,0.1,tournament,3.0,True,False,0.5,0.1,0.35,5.0,2.0,,,,,,,,,,,,,,
J60_2.RCP,1,102.97562130177515,7.212057113647461,GA_tournament_rcx_random_heuristic_noLS_withNeighborhood,65,1000,1,50.0,60.0,,,,,,random,rcx,heuristic,False,,,,,,,0.9,0.1,tournament,3.0,True,False,0.5,0.1,0.35,5.0,2.0,,,,,,,,,,,,,,
J60_2.RCP,0,101.59100591715976,7.136609077453613,GA_tournament_rcx_random_heuristic_noLS_noNeighborhood,65,1000,0,50.0,60.0,,,,,,random,rcx,heuristic,False,,,,,,,0.9,0.1,tournament,3.0,True,False,0.5,0.1,0.35,5.0,0.0,,,,,,,,,,,,,,
J60_2.RCP,1,102.97562130177515,7.172701120376587,GA_tournament_rcx_random_heuristic_noLS_noNeighborhood,65,1000,1,50.0,60.0,,,,,,random,rcx,heuristic,False,,,,,,,0.9,0.1,tournament,3.0,True,False,0.5,0.1,0.35,5.0,0.0,,,,,,,,,,,,,,
J60_2.RCP,0,124.02177514792902,1.9093270301818848,GA_tournament_rcx_adaptive_random_withLS_withNeighborhood,65,1000,0,50.0,60.0,,,,,,adaptive,rcx,random,True,,,,,,,0.9,0.1,tournament,3.0,True,False,0.5,0.1,0.35,5.0,2.0,,,,,,,,,,,,,,
J60_2.RCP,1,128.02177514792902,1.9754090309143066,GA_tournament_rcx_adaptive_random_withLS_withNeighborhood,65,1000,1,50.0,60.0,,,,,,adaptive,rcx,random,True,,,,,,,0.9,0.1,tournament,3.0,True,False,0.5,0.1,0.35,5.0,2.0,,,,,,,,,,,,,,
J60_2.RCP,0,124.02177514792902,1.9092237949371338,GA_tournament_rcx_adaptive_random_withLS_noNeighborhood,65,1000,0,50.0,60.0,,,,,,adaptive,rcx,random,True,,,,,,,0.9,0.1,tournament,3.0,True,False,0.5,0.1,0.35,5.0,0.0,,,,,,,,,,,,,,
J60_2.RCP,1,128.02177514792902,1.983309268951416,GA_tournament_rcx_adaptive_random_withLS_noNeighborhood,65,1000,1,50.0,60.0,,,,,,adaptive,rcx,random,True,,,,,,,0.9,0.1,tournament,3.0,True,False,0.5,0.1,0.35,5.0,0.0,,,,,,,,,,,,,,
J60_2.RCP,0,109.89869822485207,7.2935121059417725,GA_tournament_rcx_adaptive_random_noLS_withNeighborhood,65,1000,0,50.0,60.0,,,,,,adaptive,rcx,random,False,,,,,,,0.9,0.1,tournament,3.0,True,False,0.5,0.1,0.35,5.0,2.0,,,,,,,,,,,,,,
J60_2.RCP,1,112.36023668639052,7.332581043243408,GA_tournament_rcx_adaptive_random_noLS_withNeighborhood,65,1000,1,50.0,60.0,,,,,,adaptive,rcx,random,False,,,,,,,0.9,0.1,tournament,3.0,True,False,0.5,0.1,0.35,5.0,2.0,,,,,,,,,,,,,,
J60_2.RCP,0,109.89869822485207,7.3009068965911865,GA_tournament_rcx_adaptive_random_noLS_noNeighborhood,65,1000,0,50.0,60.0,,,,,,adaptive,rcx,random,False,,,,,,,0.9,0.1,tournament,3.0,True,False,0.5,0.1,0.35,5.0,0.0,,,,,,,,,,,,,,
J60_2.RCP,1,112.36023668639052,7.3467793464660645,GA_tournament_rcx_adaptive_random_noLS_noNeighborhood,65,1000,1,50.0,60.0,,,,,,adaptive,rcx,random,False,,,,,,,0.9,0.1,tournament,3.0,True,False,0.5,0.1,0.35,5.0,0.0,,,,,,,,,,,,,,
J60_2.RCP,0,129.3140828402367,1.879612922668457,GA_tournament_rcx_adaptive_heuristic_withLS_withNeighborhood,65,1000,0,50.0,60.0,,,,,,adaptive,rcx,heuristic,True,,,,,,,0.9,0.1,tournament,3.0,True,False,0.5,0.1,0.35,5.0,2.0,,,,,,,,,,,,,,
J60_2.RCP,1,121.49869822485208,1.8793141841888428,GA_tournament_rcx_adaptive_heuristic_withLS_withNeighborhood,65,1000,1,50.0,60.0,,,,,,adaptive,rcx,heuristic,True,,,,,,,0.9,0.1,tournament,3.0,True,False,0.5,0.1,0.35,5.0,2.0,,,,,,,,,,,,,,
J60_2.RCP,0,129.3140828402367,1.933354139328003,GA_tournament_rcx_adaptive_heuristic_withLS_noNeighborhood,65,1000,0,50.0,60.0,,,,,,adaptive,rcx,heuristic,True,,,,,,,0.9,0.1,tournament,3.0,True,False,0.5,0.1,0.35,5.0,0.0,,,,,,,,,,,,,,
J60_2.RCP,1,121.49869822485208,1.9030821323394775,GA_tournament_rcx_adaptive_heuristic_withLS_noNeighborhood,65,1000,1,50.0,60.0,,,,,,adaptive,rcx,heuristic,True,,,,,,,0.9,0.1,tournament,3.0,True,False,0.5,0.1,0.35,5.0,0.0,,,,,,,,,,,,,,
J60_2.RCP,0,110.08331360946747,7.395505905151367,GA_tournament_rcx_adaptive_heuristic_noLS_withNeighborhood,65,1000,0,50.0,60.0,,,,,,adaptive,rcx,heuristic,False,,,,,,,0.9,0.1,tournament,3.0,True,False,0.5,0.1,0.35,5.0,2.0,,,,,,,,,,,,,,
J60_2.RCP,1,112.02177514792899,7.370375871658325,GA_tournament_rcx_adaptive_heuristic_noLS_withNeighborhood,65,1000,1,50.0,60.0,,,,,,adaptive,rcx,heuristic,False,,,,,,,0.9,0.1,tournament,3.0,True,False,0.5,0.1,0.35,5.0,2.0,,,,,,,,,,,,,,
J60_2.RCP,0,110.08331360946747,7.196044206619263,GA_tournament_rcx_adaptive_heuristic_noLS_noNeighborhood,65,1000,0,50.0,60.0,,,,,,adaptive,rcx,heuristic,False,,,,,,,0.9,0.1,tournament,3.0,True,False,0.5,0.1,0.35,5.0,0.0,,,,,,,,,,,,,,
J60_2.RCP,1,112.02177514792899,7.184841871261597,GA_tournament_rcx_adaptive_heuristic_noLS_noNeighborhood,65,1000,1,50.0,60.0,,,,,,adaptive,rcx,heuristic,False,,,,,,,0.9,0.1,tournament,3.0,True,False,0.5,0.1,0.35,5.0,0.0,,,,,,,,,,,,,,
J60_2.RCP,0,138.48331360946744,1.184032917022705,GA_tournament_hybrid_random_random_withLS_withNeighborhood,65,1000,0,50.0,60.0,,,,,,random,hybrid,random,True,,,,,,,0.9,0.1,tournament,3.0,True,False,0.5,0.1,0.35,5.0,2.0,,,,,,,,,,,,,,
J60_2.RCP,1,121.71408284023669,1.0914621353149414,GA_tournament_hybrid_random_random_withLS_withNeighborhood,65,1000,1,50.0,60.0,,,,,,random,hybrid,random,True,,,,,,,0.9,0.1,tournament,3.0,True,False,0.5,0.1,0.35,5.0,2.0,,,,,,,,,,,,,,
J60_2.RCP,0,138.48331360946744,1.179150104522705,GA_tournament_hybrid_random_random_withLS_noNeighborhood,65,1000,0,50.0,60.0,,,,,,random,hybrid,random,True,,,,,,,0.9,0.1,tournament,3.0,True,False,0.5,0.1,0.35,5.0,0.0,,,,,,,,,,,,,,
J60_2.RCP,1,121.71408284023669,1.0950748920440674,GA_tournament_hybrid_random_random_withLS_noNeighborhood,65,1000,1,50.0,60.0,,,,,,random,hybrid,random,True,,,,,,,0.9,0.1,tournament,3.0,True,False,0.5,0.1,0.35,5.0,0.0,,,,,,,,,,,,,,
J60_2.RCP,0,103.25254437869825,3.95403790473938,GA_tournament_hybrid_random_random_noLS_withNeighborhood,65,1000,0,50.0,60.0,,,,,,random,hybrid,random,False,,,,,,,0.9,0.1,tournament,3.0,True,False,0.5,0.1,0.35,5.0,2.0,,,,,,,,,,,,,,
J60_2.RCP,1,96.36023668639055,3.9455459117889404,GA_tournament_hybrid_random_random_noLS_withNeighborhood,65,1000,1,50.0,60.0,,,,,,random,hybrid,random,False,,,,,,,0.9,0.1,tournament,3.0,True,False,0.5,0.1,0.35,5.0,2.0,,,,,,,,,,,,,,
J60_2.RCP,0,103.25254437869825,3.969264268875122,GA_tournament_hybrid_random_random_noLS_noNeighborhood,65,1000,0,50.0,60.0,,,,,,random,hybrid,random,False,,,,,,,0.9,0.1,tournament,3.0,True,False,0.5,0.1,0.35,5.0,0.0,,,,,,,,,,,,,,
J60_2.RCP,1,96.36023668639055,4.016052961349487,GA_tournament_hybrid_random_random_noLS_noNeighborhood,65,1000,1,50.0,60.0,,,,,,random,hybrid,random,False,,,,,,,0.9,0.1,tournament,3.0,True,False,0.5,0.1,0.35,5.0,0.0,,,,,,,,,,,,,,
J60_2.RCP,0,126.45254437869822,1.1495721340179443,GA_tournament_hybrid_random_heuristic_withLS_withNeighborhood,65,1000,0,50.0,60.0,,,,,,random,hybrid,heuristic,True,,,,,,,0.9,0.1,tournament,3.0,True,False,0.5,0.1,0.35,5.0,2.0,,,,,,,,,,,,,,
J60_2.RCP,1,129.1294674556213,1.1143312454223633,GA_tournament_hybrid_random_heuristic_withLS_withNeighborhood,65,1000,1,50.0,60.0,,,,,,random,hybrid,heuristic,True,,,,,,,0.9,0.1,tournament,3.0,True,False,0.5,0.1,0.35,5.0,2.0,,,,,,,,,,,,,,
J60_2.RCP,0,126.45254437869822,1.1598961353302002,GA_tournament_hybrid_random_heuristic_withLS_noNeighborhood,65,1000,0,50.0,60.0,,,,,,random,hybrid,heuristic,True,,,,,,,0.9,0.1,tournament,3.0,True,False,0.5,0.1,0.35,5.0,0.0,,,,,,,,,,,,,,
J60_2.RCP,1,129.1294674556213,1.1312670707702637,GA_tournament_hybrid_random_heuristic_withLS_noNeighborhood,65,1000,1,50.0,60.0,,,,,,random,hybrid,heuristic,True,,,,,,,0.9,0.1,tournament,3.0,True,False,0.5,0.1,0.35,5.0,0.0,,,,,,,,,,,,,,
J60_2.RCP,0,104.14485207100594,3.9541382789611816,GA_tournament_hybrid_random_heuristic_noLS_withNeighborhood,65,1000,0,50.0,60.0,,,,,,random,hybrid,heuristic,False,,,,,,,0.9,0.1,tournament,3.0,True,False,0.5,0.1,0.35,5.0,2.0,,,,,,,,,,,,,,
J60_2.RCP,1,104.2371597633136,3.8126068115234375,GA_tournament_hybrid_random_heuristic_noLS_withNeighborhood,65,1000,1,50.0,60.0,,,,,,random,hybrid,heuristic,False,,,,,,,0.9,0.1,tournament,3.0,True,False,0.5,0.1,0.35,5.0,2.0,,,,,,,,,,,,,,
J60_2.RCP,0,104.14485207100594,3.9705469608306885,GA_tournament_hybrid_random_heuristic_noLS_noNeighborhood,65,1000,0,50.0,60.0,,,,,,random,hybrid,heuristic,False,,,,,,,0.9,0.1,tournament,3.0,True,False,0.5,0.1,0.35,5.0,0.0,,,,,,,,,,,,,,
J60_2.RCP,1,104.2371597633136,3.774601936340332,GA_tournament_hybrid_random_heuristic_noLS_noNeighborhood,65,1000,1,50.0,60.0,,,,,,random,hybrid,heuristic,False,,,,,,,0.9,0.1,tournament,3.0,True,False,0.5,0.1,0.35,5.0,0.0,,,,,,,,,,,,,,
J60_2.RCP,0,115.19100591715977,1.1044108867645264,GA_tournament_hybrid_adaptive_random_withLS_withNeighborhood,65,1000,0,50.0,60.0,,,,,,adaptive,hybrid,random,True,,,,,,,0.9,0.1,tournament,3.0,True,False,0.5,0.1,0.35,5.0,2.0,,,,,,,,,,,,,,
J60_2.RCP,1,124.45254437869822,1.1572988033294678,GA_tournament_hybrid_adaptive_random_withLS_withNeighborhood,65,1000,1,50.0,60.0,,,,,,adaptive,hybrid,random,True,,,,,,,0.9,0.1,tournament,3.0,True,False,0.5,0.1,0.35,5.0,2.0,,,,,,,,,,,,,,
J60_2.RCP,0,115.19100591715977,1.0964891910552979,GA_tournament_hybrid_adaptive_random_withLS_noNeighborhood,65,1000,0,50.0,60.0,,,,,,adaptive,hybrid,random,True,,,,,,,0.9,0.1,tournament,3.0,True,False,0.5,0.1,0.35,5.0,0.0,,,,,,,,,,,,,,
J60_2.RCP,1,124.45254437869822,1.2422740459442139,GA_tournament_hybrid_adaptive_random_withLS_noNeighborhood,65,1000,1,50.0,60.0,,,,,,adaptive,hybrid,random,True,,,,,,,0.9,0.1,tournament,3.0,True,False,0.5,0.1,0.35,5.0,0.0,,,,,,,,,,,,,,
J60_2.RCP,0,104.08331360946747,4.010150909423828,GA_tournament_hybrid_adaptive_random_noLS_withNeighborhood,65,1000,0,50.0,60.0,,,,,,adaptive,hybrid,random,False,,,,,,,0.9,0.1,tournament,3.0,True,False,0.5,0.1,0.35,5.0,2.0,,,,,,,,,,,,,,
J60_2.RCP,1,107.68331360946746,4.037084102630615,GA_tournament_hybrid_adaptive_random_noLS_withNeighborhood,65,1000,1,50.0,60.0,,,,,,adaptive,hybrid,random,False,,,,,,,0.9,0.1,tournament,3.0,True,False,0.5,0.1,0.35,5.0,2.0,,,,,,,,,,,,,,
J60_2.RCP,0,104.08331360946747,4.060135126113892,GA_tournament_hybrid_adaptive_random_noLS_noNeighborhood,65,1000,0,50.0,60.0,,,,,,adaptive,hybrid,random,False,,,,,,,0.9,0.1,tournament,3.0,True,False,0.5,0.1,0.35,5.0,0.0,,,,,,,,,,,,,,
J60_2.RCP,1,107.68331360946746,3.965049982070923,GA_tournament_hybrid_adaptive_random_noLS_noNeighborhood,65,1000,1,50.0,60.0,,,,,,adaptive,hybrid,random,False,,,,,,,0.9,0.1,tournament,3.0,True,False,0.5,0.1,0.35,5.0,0.0,,,,,,,,,,,,,,
J60_2.RCP,0,120.421775147929,1.0896880626678467,GA_tournament_hybrid_adaptive_heuristic_withLS_withNeighborhood,65,1000,0,50.0,60.0,,,,,,adaptive,hybrid,heuristic,True,,,,,,,0.9,0.1,tournament,3.0,True,False,0.5,0.1,0.35,5.0,2.0,,,,,,,,,,,,,,
J60_2.RCP,1,123.83715976331362,1.1210618019104004,GA_tournament_hybrid_adaptive_heuristic_withLS_withNeighborhood,65,1000,1,50.0,60.0,,,,,,adaptive,hybrid,heuristic,True,,,,,,,0.9,0.1,tournament,3.0,True,False,0.5,0.1,0.35,5.0,2.0,,,,,,,,,,,,,,
J60_2.RCP,0,120.421775147929,1.1852009296417236,GA_tournament_hybrid_adaptive_heuristic_withLS_noNeighborhood,65,1000,0,50.0,60.0,,,,,,adaptive,hybrid,heuristic,True,,,,,,,0.9,0.1,tournament,3.0,True,False,0.5,0.1,0.35,5.0,0.0,,,,,,,,,,,,,,
J60_2.RCP,1,123.83715976331362,1.1119811534881592,GA_tournament_hybrid_adaptive_heuristic_withLS_noNeighborhood,65,1000,1,50.0,60.0,,,,,,adaptive,hybrid,heuristic,True,,,,,,,0.9,0.1,tournament,3.0,True,False,0.5,0.1,0.35,5.0,0.0,,,,,,,,,,,,,,
J60_2.RCP,0,113.59100591715976,4.0801379680633545,GA_tournament_hybrid_adaptive_heuristic_noLS_withNeighborhood,65,1000,0,50.0,60.0,,,,,,adaptive,hybrid,heuristic,False,,,,,,,0.9,0.1,tournament,3.0,True,False,0.5,0.1,0.35,5.0,2.0,,,,,,,,,,,,,,
J60_2.RCP,1,104.91408284023669,3.821164131164551,GA_tournament_hybrid_adaptive_heuristic_noLS_withNeighborhood,65,1000,1,50.0,60.0,,,,,,adaptive,hybrid,heuristic,False,,,,,,,0.9,0.1,tournament,3.0,True,False,0.5,0.1,0.35,5.0,2.0,,,,,,,,,,,,,,
J60_2.RCP,0,113.59100591715976,3.9172980785369873,GA_tournament_hybrid_adaptive_heuristic_noLS_noNeighborhood,65,1000,0,50.0,60.0,,,,,,adaptive,hybrid,heuristic,False,,,,,,,0.9,0.1,tournament,3.0,True,False,0.5,0.1,0.35,5.0,0.0,,,,,,,,,,,,,,
J60_2.RCP,1,104.91408284023669,3.962318181991577,GA_tournament_hybrid_adaptive_heuristic_noLS_noNeighborhood,65,1000,1,50.0,60.0,,,,,,adaptive,hybrid,heuristic,False,,,,,,,0.9,0.1,tournament,3.0,True,False,0.5,0.1,0.35,5.0,0.0,,,,,,,,,,,,,,
J60_2.RCP,0,156.36023668639055,0.20706510543823242,SA_default,65,1000,0,,60.0,,,,,,,,,,,,,,,,,,,,,,,,,,,10000.0,0.995,10.0,,,,,,,,,,,
J60_2.RCP,1,149.3140828402367,0.2080519199371338,SA_default,65,1000,1,,60.0,,,,,,,,,,,,,,,,,,,,,,,,,,,10000.0,0.995,10.0,,,,,,,,,,,
J60_2.RCP,0,170.1140828402367,0.2001352310180664,ILS_strength3,65,1000,0,,60.0,100.0,,,,,,,,,,,,,,,,,,,,,,,,,,,,,3.0,,,,,,,,,,
J60_2.RCP,1,133.4371597633136,0.2014620304107666,ILS_strength3,65,1000,1,,60.0,100.0,,,,,,,,,,,,,,,,,,,,,,,,,,,,,3.0,,,,,,,,,,
J60_2.RCP,0,170.1140828402367,0.2005300521850586,ILS_strength5,65,1000,0,,60.0,100.0,,,,,,,,,,,,,,,,,,,,,,,,,,,,,5.0,,,,,,,,,,
J60_2.RCP,1,133.4371597633136,0.19924116134643555,ILS_strength5,65,1000,1,,60.0,100.0,,,,,,,,,,,,,,,,,,,,,,,,,,,,,5.0,,,,,,,,,,
J60_2.RCP,0,170.1140828402367,0.1956160068511963,ILS_strength7,65,1000,0,,60.0,100.0,,,,,,,,,,,,,,,,,,,,,,,,,,,,,7.0,,,,,,,,,,
J60_2.RCP,1,133.4371597633136,0.20151996612548828,ILS_strength7,65,1000,1,,60.0,100.0,,,,,,,,,,,,,,,,,,,,,,,,,,,,,7.0,,,,,,,,,,
J60_2.RCP,0,170.1140828402367,0.20619535446166992,ILS_strength10,65,1000,0,,60.0,100.0,,,,,,,,,,,,,,,,,,,,,,,,,,,,,10.0,,,,,,,,,,
J60_2.RCP,1,133.4371597633136,0.199876070022583,ILS_strength10,65,1000,1,,60.0,100.0,,,,,,,,,,,,,,,,,,,,,,,,,,,,,10.0,,,,,,,,,,
J60_2.RCP,0,170.1140828402367,0.20469307899475098,ILS_strength15,65,1000,0,,60.0,100.0,,,,,,,,,,,,,,,,,,,,,,,,,,,,,15.0,,,,,,,,,,
J60_2.RCP,1,133.4371597633136,0.20532727241516113,ILS_strength15,65,1000,1,,60.0,100.0,,,,,,,,,,,,,,,,,,,,,,,,,,,,,15.0,,,,,,,,,,
J60_2.RCP,0,94.72946745562129,0.20975995063781738,TS_static,65,1000,0,,60.0,100.0,,,,,,,,,,,,,,,,,,,,,,,,,20.0,,,,,10.0,True,static,1.0,4.0,10.0,,,,
J60_2.RCP,1,85.37562130177517,0.20559000968933105,TS_static,65,1000,1,,60.0,100.0,,,,,,,,,,,,,,,,,,,,,,,,,20.0,,,,,10.0,True,static,1.0,4.0,10.0,,,,
J60_2.RCP,0,94.72946745562129,0.2137889862060547,TS_dynamic,65,1000,0,,60.0,100.0,,,,,,,,,,,,,,,,,,,,,,,,,20.0,,,,,10.0,True,dynamic,1.0,4.0,10.0,,,,
J60_2.RCP,1,85.37562130177517,0.20989370346069336,TS_dynamic,65,1000,1,,60.0,100.0,,,,,,,,,,,,,,,,,,,,,,,,,20.0,,,,,10.0,True,dynamic,1.0,4.0,10.0,,,,
J60_2.RCP,0,164.32946745562128,0.24506425857543945,PR_forward_best_withLS,65,1000,0,,60.0,100.0,,,,,,,,True,,,,,,,,,best,,,,,,,,,,,,,,,,,,,10.0,forward,50.0,
J60_2.RCP,1,157.0986982248521,0.2467501163482666,PR_forward_best_withLS,65,1000,1,,60.0,100.0,,,,,,,,True,,,,,,,,,best,,,,,,,,,,,,,,,,,,,10.0,forward,50.0,
J60_2.RCP,0,163.96023668639052,0.06881093978881836,PR_forward_best_noLS,65,1000,0,,60.0,100.0,,,,,,,,False,,,,,,,,,best,,,,,,,,,,,,,,,,,,,10.0,forward,50.0,
J60_2.RCP,1,165.9294674556213,0.07553410530090332,PR_forward_best_noLS,65,1000,1,,60.0,100.0,,,,,,,,False,,,,,,,,,best,,,,,,,,,,,,,,,,,,,10.0,forward,50.0,
J60_2.RCP,0,152.14485207100594,0.24220490455627441,PR_forward_random_two_withLS,65,1000,0,,60.0,100.0,,,,,,,,True,,,,,,,,,random_two,,,,,,,,,,,,,,,,,,,10.0,forward,50.0,
J60_2.RCP,1,146.42177514792903,0.24364376068115234,PR_forward_random_two_withLS,65,1000,1,,60.0,100.0,,,,,,,,True,,,,,,,,,random_two,,,,,,,,,,,,,,,,,,,10.0,forward,50.0,
J60_2.RCP,0,147.19100591715977,0.05042099952697754,PR_forward_random_two_noLS,65,1000,0,,60.0,100.0,,,,,,,,False,,,,,,,,,random_two,,,,,,,,,,,,,,,,,,,10.0,forward,50.0,
J60_2.RCP,1,150.85254437869824,0.0514218807220459,PR_forward_random_two_noLS,65,1000,1,,60.0,100.0,,,,,,,,False,,,,,,,,,random_two,,,,,,,,,,,,,,,,,,,10.0,forward,50.0,
J60_2.RCP,0,170.63715976331363,0.2435462474822998,PR_backward_best_withLS,65,1000,0,,60.0,100.0,,,,,,,,True,,,,,,,,,best,,,,,,,,,,,,,,,,,,,10.0,backward,50.0,
J60_2.RCP,1,160.60639053254437,0.24195170402526855,PR_backward_best_withLS,65,1000,1,,60.0,100.0,,,,,,,,True,,,,,,,,,best,,,,,,,,,,,,,,,,,,,10.0,backward,50.0,
J60_2.RCP,0,154.20639053254436,0.10743498802185059,PR_backward_best_noLS,65,1000,0,,60.0,100.0,,,,,,,,False,,,,,,,,,best,,,,,,,,,,,,,,,,,,,10.0,backward,50.0,
J60_2.RCP,1,162.1140828402367,0.08049702644348145,PR_backward_best_noLS,65,1000,1,,60.0,100.0,,,,,,,,False,,,,,,,,,best,,,,,,,,,,,,,,,,,,,10.0,backward,50.0,
J60_2.RCP,0,130.29869822485207,0.242570161819458,PR_backward_random_two_withLS,65,1000,0,,60.0,100.0,,,,,,,,True,,,,,,,,,random_two,,,,,,,,,,,,,,,,,,,10.0,backward,50.0,
J60_2.RCP,1,160.36023668639055,0.24144268035888672,PR_backward_random_two_withLS,65,1000,1,,60.0,100.0,,,,,,,,True,,,,,,,,,random_two,,,,,,,,,,,,,,,,,,,10.0,backward,50.0,
J60_2.RCP,0,139.71408284023667,0.05076789855957031,PR_backward_random_two_noLS,65,1000,0,,60.0,100.0,,,,,,,,False,,,,,,,,,random_two,,,,,,,,,,,,,,,,,,,10.0,backward,50.0,
J60_2.RCP,1,154.7910059171598,0.051747798919677734,PR_backward_random_two_noLS,65,1000,1,,60.0,100.0,,,,,,,,False,,,,,,,,,random_two,,,,,,,,,,,,,,,,,,,10.0,backward,50.0,
J60_2.RCP,0,159.7140828402367,1.6856610774993896,GSA_default,65,1000,0,50.0,60.0,100.0,,,,,,,random,,,,,,,,,,,,True,,20.0,,,,,,,,,,,,,,,,,,100.0
J60_2.RCP,1,135.68331360946746,1.6602458953857422,GSA_default,65,1000,1,50.0,60.0,100.0,,,,,,,random,,,,,,,,,,,,True,,20.0,,,,,,,,,,,,,,,,,,100.0
J60_3.RCP,0,141.48362664290488,0.2663571834564209,DE_rand/1_adaptiveF_bin_adaptiveCR_withLS,67,1000,0,50.0,60.0,100.0,0.1,0.9,True,True,rand/1,bin,random,True,5.0,0.3,1.5,0.3,1.0,1.0,,,,,,,,,,,,,,,,,,,,,,,,,
J60_3.RCP,1,139.90153709066607,0.2651069164276123,DE_rand/1_adaptiveF_bin_adaptiveCR_withLS,67,1000,1,50.0,60.0,100.0,0.1,0.9,True,True,rand/1,bin,random,True,5.0,0.3,1.5,0.3,1.0,1.0,,,,,,,,,,,,,,,,,,,,,,,,,
J60_3.RCP,0,133.8119848518601,0.2647871971130371,DE_rand/1_adaptiveF_bin_adaptiveCR_noLS,67,1000,0,50.0,60.0,100.0,0.1,0.9,True,True,rand/1,bin,random,False,5.0,0.3,1.5,0.3,1.0,1.0,,,,,,,,,,,,,,,,,,,,,,,,,
J60_3.RCP,1,131.96123858320337,0.2617909908294678,DE_rand/1_adaptiveF_bin_adaptiveCR_noLS,67,1000,1,50.0,60.0,100.0,0.1,0.9,True,True,rand/1,bin,random,False,5.0,0.3,1.5,0.3,1.0,1.0,,,,,,,,,,,,,,,,,,,,,,,,,
J60_3.RCP,0,129.42392515036758,0.26482677459716797,DE_rand/1_adaptiveF_bin_fixedCR_withLS,67,1000,0,50.0,60.0,100.0,0.1,0.9,True,False,rand/1,bin,random,True,5.0,0.3,1.5,0.3,1.0,1.0,,,,,,,,,,,,,,,,,,,,,,,,,
J60_3.RCP,1,123.45377589663624,0.2632451057434082,DE_rand/1_adaptiveF_bin_fixedCR_withLS,67,1000,1,50.0,60.0,100.0,0.1,0.9,True,False,rand/1,bin,random,True,5.0,0.3,1.5,0.3,1.0,1.0,,,,,,,,,,,,,,,,,,,,,,,,,
J60_3.RCP,0,114.37914903096457,0.26401209831237793,DE_rand/1_adaptiveF_bin_fixedCR_noLS,67,1000,0,50.0,60.0,100.0,0.1,0.9,True,False,rand/1,bin,random,False,5.0,0.3,1.5,0.3,1.0,1.0,,,,,,,,,,,,,,,,,,,,,,,,,
J60_3.RCP,1,116.64780574738249,0.26229190826416016,DE_rand/1_adaptiveF_bin_fixedCR_noLS,67,1000,1,50.0,60.0,100.0,0.1,0.9,True,False,rand/1,bin,random,False,5.0,0.3,1.5,0.3,1.0,1.0,,,,,,,,,,,,,,,,,,,,,,,,,
J60_3.RCP,0,129.8119848518601,0.2703568935394287,DE_rand/1_adaptiveF_exp_adaptiveCR_withLS,67,1000,0,50.0,60.0,100.0,0.1,0.9,True,True,rand/1,exp,random,True,5.0,0.3,1.5,0.3,1.0,1.0,,,,,,,,,,,,,,,,,,,,,,,,,
J60_3.RCP,1,129.2746714190243,0.2817399501800537,DE_rand/1_adaptiveF_exp_adaptiveCR_withLS,67,1000,1,50.0,60.0,100.0,0.1,0.9,True,True,rand/1,exp,random,True,5.0,0.3,1.5,0.3,1.0,1.0,,,,,,,,,,,,,,,,,,,,,,,,,
J60_3.RCP,0,144.34929828469592,0.2982008457183838,DE_rand/1_adaptiveF_exp_adaptiveCR_noLS,67,1000,0,50.0,60.0,100.0,0.1,0.9,True,True,rand/1,exp,random,False,5.0,0.3,1.5,0.3,1.0,1.0,,,,,,,,,,,,,,,,,,,,,,,,,
J60_3.RCP,1,125.75228335932279,0.305980920791626,DE_rand/1_adaptiveF_exp_adaptiveCR_noLS,67,1000,1,50.0,60.0,100.0,0.1,0.9,True,True,rand/1,exp,random,False,5.0,0.3,1.5,0.3,1.0,1.0,,,,,,,,,,,,,,,,,,,,,,,,,
J60_3.RCP,0,119.84183559812875,0.318828821182251,DE_rand/1_adaptiveF_exp_fixedCR_withLS,67,1000,0,50.0,60.0,100.0,0.1,0.9,True,False,rand/1,exp,random,True,5.0,0.3,1.5,0.3,1.0,1.0,,,,,,,,,,,,,,,,,,,,,,,,,
J60_3.RCP,1,124.9164624638004,0.286700963973999,DE_rand/1_adaptiveF_exp_fixedCR_withLS,67,1000,1,50.0,60.0,100.0,0.1,0.9,True,False,rand/1,exp,random,True,5.0,0.3,1.5,0.3,1.0,1.0,,,,,,,,,,,,,,,,,,,,,,,,,
J60_3.RCP,0,118.43885052350188,0.25957822799682617,DE_rand/1_adaptiveF_exp_fixedCR_noLS,67,1000,0,50.0,60.0,100.0,0.1,0.9,True,False,rand/1,exp,random,False,5.0,0.3,1.5,0.3,1.0,1.0,,,,,,,,,,,,,,,,,,,,,,,,,
J60_3.RCP,1,122.94631321006905,0.2594780921936035,DE_rand/1_adaptiveF_exp_fixedCR_noLS,67,1000,1,50.0,60.0,100.0,0.1,0.9,True,False,rand/1,exp,random,False,5.0,0.3,1.5,0.3,1.0,1.0,,,,,,,,,,,,,,,,,,,,,,,,,
J60_3.RCP,0,133.78213410559144,0.3141334056854248,DE_rand/1_fixedF_bin_adaptiveCR_withLS,67,1000,0,50.0,60.0,100.0,0.1,0.9,False,True,rand/1,bin,random,True,5.0,0.3,1.5,0.3,1.0,1.0,,,,,,,,,,,,,,,,,,,,,,,,,
J60_3.RCP,1,139.39407440409892,0.3294060230255127,DE_rand/1_fixedF_bin_adaptiveCR_withLS,67,1000,1,50.0,60.0,100.0,0.1,0.9,False,True,rand/1,bin,random,True,5.0,0.3,1.5,0.3,1.0,1.0,,,,,,,,,,,,,,,,,,,,,,,,,
J60_3.RCP,0,143.63288037424815,0.2713031768798828,DE_rand/1_fixedF_bin_adaptiveCR_noLS,67,1000,0,50.0,60.0,100.0,0.1,0.9,False,True,rand/1,bin,random,False,5.0,0.3,1.5,0.3,1.0,1.0,,,,,,,,,,,,,,,,,,,,,,,,,
J60_3.RCP,1,147.30452216529292,0.2785310745239258,DE_rand/1_fixedF_bin_adaptiveCR_noLS,67,1000,1,50.0,60.0,100.0,0.1,0.9,False,True,rand/1,bin,random,False,5.0,0.3,1.5,0.3,1.0,1.0,,,,,,,,,,,,,,,,,,,,,,,,,
J60_3.RCP,0,145.57317888171085,0.27720093727111816,DE_rand/1_fixedF_bin_fixedCR_withLS,67,1000,0,50.0,60.0,100.0,0.1,0.9,False,False,rand/1,bin,random,True,5.0,0.3,1.5,0.3,1.0,1.0,,,,,,,,,,,,,,,,,,,,,,,,,
J60_3.RCP,1,142.170193807084,0.27272510528564453,DE_rand/1_fixedF_bin_fixedCR_withLS,67,1000,1,50.0,60.0,100.0,0.1,0.9,False,False,rand/1,bin,random,True,5.0,0.3,1.5,0.3,1.0,1.0,,,,,,,,,,,,,,,,,,,,,,,,,
J60_3.RCP,0,131.3343729115616,0.27282094955444336,DE_rand/1_fixedF_bin_fixedCR_noLS,67,1000,0,50.0,60.0,100.0,0.1,0.9,False,False,rand/1,bin,random,False,5.0,0.3,1.5,0.3,1.0,1.0,,,,,,,,,,,,,,,,,,,,,,,,,
J60_3.RCP,1,151.21496992648696,0.26127004623413086,DE_rand/1_fixedF_bin_fixedCR_noLS,67,1000,1,50.0,60.0,100.0,0.1,0.9,False,False,rand/1,bin,random,False,5.0,0.3,1.5,0.3,1.0,1.0,,,,,,,,,,,,,,,,,,,,,,,,,
J60_3.RCP,0,129.8119848518601,0.27164506912231445,DE_rand/1_fixedF_exp_adaptiveCR_withLS,67,1000,0,50.0,60.0,100.0,0.1,0.9,False,True,rand/1,exp,random,True,5.0,0.3,1.5,0.3,1.0,1.0,,,,,,,,,,,,,,,,,,,,,,,,,
J60_3.RCP,1,139.36422365783025,0.2714121341705322,DE_rand/1_fixedF_exp_adaptiveCR_withLS,67,1000,1,50.0,60.0,100.0,0.1,0.9,False,True,rand/1,exp,random,True,5.0,0.3,1.5,0.3,1.0,1.0,,,,,,,,,,,,,,,,,,,,,,,,,
J60_3.RCP,0,148.64780574738248,0.2685871124267578,DE_rand/1_fixedF_exp_adaptiveCR_noLS,67,1000,0,50.0,60.0,100.0,0.1,0.9,False,True,rand/1,exp,random,False,5.0,0.3,1.5,0.3,1.0,1.0,,,,,,,,,,,,,,,,,,,,,,,,,
J60_3.RCP,1,153.125417687681,0.27468109130859375,DE_rand/1_fixedF_exp_adaptiveCR_noLS,67,1000,1,50.0,60.0,100.0,0.1,0.9,False,True,rand/1,exp,random,False,5.0,0.3,1.5,0.3,1.0,1.0,,,,,,,,,,,,,,,,,,,,,,,,,
J60_3.RCP,0,129.1851191802183,0.26538610458374023,DE_rand/1_fixedF_exp_fixedCR_withLS,67,1000,0,50.0,60.0,100.0,0.1,0.9,False,False,rand/1,exp,random,True,5.0,0.3,1.5,0.3,1.0,1.0,,,,,,,,,,,,,,,,,,,,,,,,,
J60_3.RCP,1,149.30452216529292,0.2656838893890381,DE_rand/1_fixedF_exp_fixedCR_withLS,67,1000,1,50.0,60.0,100.0,0.1,0.9,False,False,rand/1,exp,random,True,5.0,0.3,1.5,0.3,1.0,1.0,,,,,,,,,,,,,,,,,,,,,,,,,
J60_3.RCP,0,134.080641568278,0.2725181579589844,DE_rand/1_fixedF_exp_fixedCR_noLS,67,1000,0,50.0,60.0,100.0,0.1,0.9,False,False,rand/1,exp,random,False,5.0,0.3,1.5,0.3,1.0,1.0,,,,,,,,,,,,,,,,,,,,,,,,,
J60_3.RCP,1,142.7672087324571,0.26261401176452637,DE_rand/1_fixedF_exp_fixedCR_noLS,67,1000,1,50.0,60.0,100.0,0.1,0.9,False,False,rand/1,exp,random,False,5.0,0.3,1.5,0.3,1.0,1.0,,,,,,,,,,,,,,,,,,,,,,,,,
J60_3.RCP,0,135.1851191802183,0.2622489929199219,DE_rand/2_adaptiveF_bin_adaptiveCR_withLS,67,1000,0,50.0,60.0,100.0,0.1,0.9,True,True,rand/2,bin,random,True,5.0,0.3,1.5,0.3,1.0,1.0,,,,,,,,,,,,,,,,,,,,,,,,,
J60_3.RCP,1,131.00601470260636,0.26262974739074707,DE_rand/2_adaptiveF_bin_adaptiveCR_withLS,67,1000,1,50.0,60.0,100.0,0.1,0.9,True,True,rand/2,bin,random,True,5.0,0.3,1.5,0.3,1.0,1.0,,,,,,,,,,,,,,,,,,,,,,,,,
J60_3.RCP,0,130.25974604588995,0.260728120803833,DE_rand/2_adaptiveF_bin_adaptiveCR_noLS,67,1000,0,50.0,60.0,100.0,0.1,0.9,True,True,rand/2,bin,random,False,5.0,0.3,1.5,0.3,1.0,1.0,,,,,,,,,,,,,,,,,,,,,,,,,
J60_3.RCP,1,128.0507908220094,0.25968194007873535,DE_rand/2_adaptiveF_bin_adaptiveCR_noLS,67,1000,1,50.0,60.0,100.0,0.1,0.9,True,True,rand/2,bin,random,False,5.0,0.3,1.5,0.3,1.0,1.0,,,,,,,,,,,,,,,,,,,,,,,,,
J60_3.RCP,0,129.72243261305414,0.2622208595275879,DE_rand/2_adaptiveF_bin_fixedCR_withLS,67,1000,0,50.0,60.0,100.0,0.1,0.9,True,False,rand/2,bin,random,True,5.0,0.3,1.5,0.3,1.0,1.0,,,,,,,,,,,,,,,,,,,,,,,,,
J60_3.RCP,1,124.73735798618846,0.2641279697418213,DE_rand/2_adaptiveF_bin_fixedCR_withLS,67,1000,1,50.0,60.0,100.0,0.1,0.9,True,False,rand/2,bin,random,True,5.0,0.3,1.5,0.3,1.0,1.0,,,,,,,,,,,,,,,,,,,,,,,,,
J60_3.RCP,0,130.82691022499444,0.260051965713501,DE_rand/2_adaptiveF_bin_fixedCR_noLS,67,1000,0,50.0,60.0,100.0,0.1,0.9,True,False,rand/2,bin,random,False,5.0,0.3,1.5,0.3,1.0,1.0,,,,,,,,,,,,,,,,,,,,,,,,,
J60_3.RCP,1,125.42392515036757,0.25832200050354004,DE_rand/2_adaptiveF_bin_fixedCR_noLS,67,1000,1,50.0,60.0,100.0,0.1,0.9,True,False,rand/2,bin,random,False,5.0,0.3,1.5,0.3,1.0,1.0,,,,,,,,,,,,,,,,,,,,,,,,,
J60_3.RCP,0,134.88661171753174,0.2648169994354248,DE_rand/2_adaptiveF_exp_adaptiveCR_withLS,67,1000,0,50.0,60.0,100.0,0.1,0.9,True,True,rand/2,exp,random,True,5.0,0.3,1.5,0.3,1.0,1.0,,,,,,,,,,,,,,,,,,,,,,,,,
J60_3.RCP,1,146.7075072399198,0.2705957889556885,DE_rand/2_adaptiveF_exp_adaptiveCR_withLS,67,1000,1,50.0,60.0,100.0,0.1,0.9,True,True,rand/2,exp,random,True,5.0,0.3,1.5,0.3,1.0,1.0,,,,,,,,,,,,,,,,,,,,,,,,,
J60_3.RCP,0,131.90153709066607,0.26198673248291016,DE_rand/2_adaptiveF_exp_adaptiveCR_noLS,67,1000,0,50.0,60.0,100.0,0.1,0.9,True,True,rand/2,exp,random,False,5.0,0.3,1.5,0.3,1.0,1.0,,,,,,,,,,,,,,,,,,,,,,,,,
J60_3.RCP,1,130.14034306081533,0.2638058662414551,DE_rand/2_adaptiveF_exp_adaptiveCR_noLS,67,1000,1,50.0,60.0,100.0,0.1,0.9,True,True,rand/2,exp,random,False,5.0,0.3,1.5,0.3,1.0,1.0,,,,,,,,,,,,,,,,,,,,,,,,,
J60_3.RCP,0,128.82691022499444,0.26340627670288086,DE_rand/2_adaptiveF_exp_fixedCR_withLS,67,1000,0,50.0,60.0,100.0,0.1,0.9,True,False,rand/2,exp,random,True,5.0,0.3,1.5,0.3,1.0,1.0,,,,,,,,,,,,,,,,,,,,,,,,,
J60_3.RCP,1,120.58810425484518,0.26415109634399414,DE_rand/2_adaptiveF_exp_fixedCR_withLS,67,1000,1,50.0,60.0,100.0,0.1,0.9,True,False,rand/2,exp,random,True,5.0,0.3,1.5,0.3,1.0,1.0,,,,,,,,,,,,,,,,,,,,,,,,,
J60_3.RCP,0,124.22989529962129,0.26052308082580566,DE_rand/2_adaptiveF_exp_fixedCR_noLS,67,1000,0,50.0,60.0,100.0,0.1,0.9,True,False,rand/2,exp,random,False,5.0,0.3,1.5,0.3,1.0,1.0,,,,,,,,,,,,,,,,,,,,,,,,,
J60_3.RCP,1,126.05079082200935,0.26117992401123047,DE_rand/2_adaptiveF_exp_fixedCR_noLS,67,1000,1,50.0,60.0,100.0,0.1,0.9,True,False,rand/2,exp,random,False,5.0,0.3,1.5,0.3,1.0,1.0,,,,,,,,,,,,,,,,,,,,,,,,,
J60_3.RCP,0,147.42392515036755,0.2830541133880615,DE_rand/2_fixedF_bin_adaptiveCR_withLS,67,1000,0,50.0,60.0,100.0,0.1,0.9,False,True,rand/2,bin,random,True,5.0,0.3,1.5,0.3,1.0,1.0,,,,,,,,,,,,,,,,,,,,,,,,,
J60_3.RCP,1,150.4985520160392,0.2836019992828369,DE_rand/2_fixedF_bin_adaptiveCR_withLS,67,1000,1,50.0,60.0,100.0,0.1,0.9,False,True,rand/2,bin,random,True,5.0,0.3,1.5,0.3,1.0,1.0,,,,,,,,,,,,,,,,,,,,,,,,,
J60_3.RCP,0,151.90153709066607,0.2770099639892578,DE_rand/2_fixedF_bin_adaptiveCR_noLS,67,1000,0,50.0,60.0,100.0,0.1,0.9,False,True,rand/2,bin,random,False,5.0,0.3,1.5,0.3,1.0,1.0,,,,,,,,,,,,,,,,,,,,,,,,,
J60_3.RCP,1,139.30452216529292,0.2774009704589844,DE_rand/2_fixedF_bin_adaptiveCR_noLS,67,1000,1,50.0,60.0,100.0,0.1,0.9,False,True,rand/2,bin,random,False,5.0,0.3,1.5,0.3,1.0,1.0,,,,,,,,,,,,,,,,,,,,,,,,,
J60_3.RCP,0,142.7672087324571,0.2758209705352783,DE_rand/2_fixedF_bin_fixedCR_withLS,67,1000,0,50.0,60.0,100.0,0.1,0.9,False,False,rand/2,bin,random,True,5.0,0.3,1.5,0.3,1.0,1.0,,,,,,,,,,,,,,,,,,,,,,,,,
J60_3.RCP,1,128.61795500111384,0.27745485305786133,DE_rand/2_fixedF_bin_fixedCR_withLS,67,1000,1,50.0,60.0,100.0,0.1,0.9,False,False,rand/2,bin,random,True,5.0,0.3,1.5,0.3,1.0,1.0,,,,,,,,,,,,,,,,,,,,,,,,,
J60_3.RCP,0,129.6627311205168,0.2705559730529785,DE_rand/2_fixedF_bin_fixedCR_noLS,67,1000,0,50.0,60.0,100.0,0.1,0.9,False,False,rand/2,bin,random,False,5.0,0.3,1.5,0.3,1.0,1.0,,,,,,,,,,,,,,,,,,,,,,,,,
J60_3.RCP,1,147.48362664290488,0.2714262008666992,DE_rand/2_fixedF_bin_fixedCR_noLS,67,1000,1,50.0,60.0,100.0,0.1,0.9,False,False,rand/2,bin,random,False,5.0,0.3,1.5,0.3,1.0,1.0,,,,,,,,,,,,,,,,,,,,,,,,,
J60_3.RCP,0,146.11049231454666,0.2853391170501709,DE_rand/2_fixedF_exp_adaptiveCR_withLS,67,1000,0,50.0,60.0,100.0,0.1,0.9,False,True,rand/2,exp,random,True,5.0,0.3,1.5,0.3,1.0,1.0,,,,,,,,,,,,,,,,,,,,,,,,,
J60_3.RCP,1,149.39407440409892,0.2848238945007324,DE_rand/2_fixedF_exp_adaptiveCR_withLS,67,1000,1,50.0,60.0,100.0,0.1,0.9,False,True,rand/2,exp,random,True,5.0,0.3,1.5,0.3,1.0,1.0,,,,,,,,,,,,,,,,,,,,,,,,,
J60_3.RCP,0,136.46870126977055,0.2786548137664795,DE_rand/2_fixedF_exp_adaptiveCR_noLS,67,1000,0,50.0,60.0,100.0,0.1,0.9,False,True,rand/2,exp,random,False,5.0,0.3,1.5,0.3,1.0,1.0,,,,,,,,,,,,,,,,,,,,,,,,,
J60_3.RCP,1,145.6627311205168,0.2793769836425781,DE_rand/2_fixedF_exp_adaptiveCR_noLS,67,1000,1,50.0,60.0,100.0,0.1,0.9,False,True,rand/2,exp,random,False,5.0,0.3,1.5,0.3,1.0,1.0,,,,,,,,,,,,,,,,,,,,,,,,,
J60_3.RCP,0,149.8716863443974,0.2768518924713135,DE_rand/2_fixedF_exp_fixedCR_withLS,67,1000,0,50.0,60.0,100.0,0.1,0.9,False,False,rand/2,exp,random,True,5.0,0.3,1.5,0.3,1.0,1.0,,,,,,,,,,,,,,,,,,,,,,,,,
J60_3.RCP,1,135.6627311205168,0.27950191497802734,DE_rand/2_fixedF_exp_fixedCR_withLS,67,1000,1,50.0,60.0,100.0,0.1,0.9,False,False,rand/2,exp,random,True,5.0,0.3,1.5,0.3,1.0,1.0,,,,,,,,,,,,,,,,,,,,,,,,,
J60_3.RCP,0,143.57317888171085,0.27219200134277344,DE_rand/2_fixedF_exp_fixedCR_noLS,67,1000,0,50.0,60.0,100.0,0.1,0.9,False,False,rand/2,exp,random,False,5.0,0.3,1.5,0.3,1.0,1.0,,,,,,,,,,,,,,,,,,,,,,,,,
J60_3.RCP,1,148.58810425484518,0.27312207221984863,DE_rand/2_fixedF_exp_fixedCR_noLS,67,1000,1,50.0,60.0,100.0,0.1,0.9,False,False,rand/2,exp,random,False,5.0,0.3,1.5,0.3,1.0,1.0,,,,,,,,,,,,,,,,,,,,,,,,,
J60_3.RCP,0,128.11049231454666,0.2624688148498535,DE_best/1_adaptiveF_bin_adaptiveCR_withLS,67,1000,0,50.0,60.0,100.0,0.1,0.9,True,True,best/1,bin,random,True,5.0,0.3,1.5,0.3,1.0,1.0,,,,,,,,,,,,,,,,,,,,,,,,,
J60_3.RCP,1,125.8119848518601,0.2606520652770996,DE_best/1_adaptiveF_bin_adaptiveCR_withLS,67,1000,1,50.0,60.0,100.0,0.1,0.9,True,True,best/1,bin,random,True,5.0,0.3,1.5,0.3,1.0,1.0,,,,,,,,,,,,,,,,,,,,,,,,,
J60_3.RCP,0,124.52840276230786,0.257098913192749,DE_best/1_adaptiveF_bin_adaptiveCR_noLS,67,1000,0,50.0,60.0,100.0,0.1,0.9,True,True,best/1,bin,random,False,5.0,0.3,1.5,0.3,1.0,1.0,,,,,,,,,,,,,,,,,,,,,,,,,
J60_3.RCP,1,119.51347738917353,0.25853490829467773,DE_best/1_adaptiveF_bin_adaptiveCR_noLS,67,1000,1,50.0,60.0,100.0,0.1,0.9,True,True,best/1,bin,random,False,5.0,0.3,1.5,0.3,1.0,1.0,,,,,,,,,,,,,,,,,,,,,,,,,
J60_3.RCP,0,115.24482067275562,0.2595021724700928,DE_best/1_adaptiveF_bin_fixedCR_withLS,67,1000,0,50.0,60.0,100.0,0.1,0.9,True,False,best/1,bin,random,True,5.0,0.3,1.5,0.3,1.0,1.0,,,,,,,,,,,,,,,,,,,,,,,,,
J60_3.RCP,1,116.37914903096458,0.2589080333709717,DE_best/1_adaptiveF_bin_fixedCR_withLS,67,1000,1,50.0,60.0,100.0,0.1,0.9,True,False,best/1,bin,random,True,5.0,0.3,1.5,0.3,1.0,1.0,,,,,,,,,,,,,,,,,,,,,,,,,
J60_3.RCP,0,106.64780574738249,0.25577497482299805,DE_best/1_adaptiveF_bin_fixedCR_noLS,67,1000,0,50.0,60.0,100.0,0.1,0.9,True,False,best/1,bin,random,False,5.0,0.3,1.5,0.3,1.0,1.0,,,,,,,,,,,,,,,,,,,,,,,,,
J60_3.RCP,1,107.6030296279795,0.25615978240966797,DE_best/1_adaptiveF_bin_fixedCR_noLS,67,1000,1,50.0,60.0,100.0,0.1,0.9,True,False,best/1,bin,random,False,5.0,0.3,1.5,0.3,1.0,1.0,,,,,,,,,,,,,,,,,,,,,,,,,
J60_3.RCP,0,139.30452216529292,0.2628288269042969,DE_best/1_adaptiveF_exp_adaptiveCR_withLS,67,1000,0,50.0,60.0,100.0,0.1,0.9,True,True,best/1,exp,random,True,5.0,0.3,1.5,0.3,1.0,1.0,,,,,,,,,,,,,,,,,,,,,,,,,
J60_3.RCP,1,118.55825350857654,0.2618379592895508,DE_best/1_adaptiveF_exp_adaptiveCR_withLS,67,1000,1,50.0,60.0,100.0,0.1,0.9,True,True,best/1,exp,random,True,5.0,0.3,1.5,0.3,1.0,1.0,,,,,,,,,,,,,,,,,,,,,,,,,
J60_3.RCP,0,127.51347738917353,0.25855207443237305,DE_best/1_adaptiveF_exp_adaptiveCR_noLS,67,1000,0,50.0,60.0,100.0,0.1,0.9,True,True,best/1,exp,random,False,5.0,0.3,1.5,0.3,1.0,1.0,,,,,,,,,,,,,,,,,,,,,,,,,
J60_3.RCP,1,121.51347738917356,0.2599918842315674,DE_best/1_adaptiveF_exp_adaptiveCR_noLS,67,1000,1,50.0,60.0,100.0,0.1,0.9,True,True,best/1,exp,random,False,5.0,0.3,1.5,0.3,1.0,1.0,,,,,,,,,,,,,,,,,,,,,,,,,
J60_3.RCP,0,115.24482067275564,0.26083898544311523,DE_best/1_adaptiveF_exp_fixedCR_withLS,67,1000,0,50.0,60.0,100.0,0.1,0.9,True,False,best/1,exp,random,True,5.0,0.3,1.5,0.3,1.0,1.0,,,,,,,,,,,,,,,,,,,,,,,,,
J60_3.RCP,1,111.36422365783025,0.2604038715362549,DE_best/1_adaptiveF_exp_fixedCR_withLS,67,1000,1,50.0,60.0,100.0,0.1,0.9,True,False,best/1,exp,random,True,5.0,0.3,1.5,0.3,1.0,1.0,,,,,,,,,,,,,,,,,,,,,,,,,
J60_3.RCP,0,107.06571619514368,0.2587270736694336,DE_best/1_adaptiveF_exp_fixedCR_noLS,67,1000,0,50.0,60.0,100.0,0.1,0.9,True,False,best/1,exp,random,False,5.0,0.3,1.5,0.3,1.0,1.0,,,,,,,,,,,,,,,,,,,,,,,,,
J60_3.RCP,1,104.67765649365116,0.25751590728759766,DE_best/1_adaptiveF_exp_fixedCR_noLS,67,1000,1,50.0,60.0,100.0,0.1,0.9,True,False,best/1,exp,random,False,5.0,0.3,1.5,0.3,1.0,1.0,,,,,,,,,,,,,,,,,,,,,,,,,
J60_3.RCP,0,126.22989529962129,0.2704901695251465,DE_best/1_fixedF_bin_adaptiveCR_withLS,67,1000,0,50.0,60.0,100.0,0.1,0.9,False,True,best/1,bin,random,True,5.0,0.3,1.5,0.3,1.0,1.0,,,,,,,,,,,,,,,,,,,,,,,,,
J60_3.RCP,1,125.69258186678547,0.2703580856323242,DE_best/1_fixedF_bin_adaptiveCR_withLS,67,1000,1,50.0,60.0,100.0,0.1,0.9,False,True,best/1,bin,random,True,5.0,0.3,1.5,0.3,1.0,1.0,,,,,,,,,,,,,,,,,,,,,,,,,
J60_3.RCP,0,118.31944753842726,0.26559996604919434,DE_best/1_fixedF_bin_adaptiveCR_noLS,67,1000,0,50.0,60.0,100.0,0.1,0.9,False,True,best/1,bin,random,False,5.0,0.3,1.5,0.3,1.0,1.0,,,,,,,,,,,,,,,,,,,,,,,,,
J60_3.RCP,1,125.30452216529294,0.26482105255126953,DE_best/1_fixedF_bin_adaptiveCR_noLS,67,1000,1,50.0,60.0,100.0,0.1,0.9,False,True,best/1,bin,random,False,5.0,0.3,1.5,0.3,1.0,1.0,,,,,,,,,,,,,,,,,,,,,,,,,
J60_3.RCP,0,111.03586544887503,0.2622392177581787,DE_best/1_fixedF_bin_fixedCR_withLS,67,1000,0,50.0,60.0,100.0,0.1,0.9,False,False,best/1,bin,random,True,5.0,0.3,1.5,0.3,1.0,1.0,,,,,,,,,,,,,,,,,,,,,,,,,
J60_3.RCP,1,134.080641568278,0.2607131004333496,DE_best/1_fixedF_bin_fixedCR_withLS,67,1000,1,50.0,60.0,100.0,0.1,0.9,False,False,best/1,bin,random,True,5.0,0.3,1.5,0.3,1.0,1.0,,,,,,,,,,,,,,,,,,,,,,,,,
J60_3.RCP,0,121.72243261305412,0.257112979888916,DE_best/1_fixedF_bin_fixedCR_noLS,67,1000,0,50.0,60.0,100.0,0.1,0.9,False,False,best/1,bin,random,False,5.0,0.3,1.5,0.3,1.0,1.0,,,,,,,,,,,,,,,,,,,,,,,,,
J60_3.RCP,1,136.82691022499444,0.25528788566589355,DE_best/1_fixedF_bin_fixedCR_noLS,67,1000,1,50.0,60.0,100.0,0.1,0.9,False,False,best/1,bin,random,False,5.0,0.3,1.5,0.3,1.0,1.0,,,,,,,,,,,,,,,,,,,,,,,,,
J60_3.RCP,0,120.67765649365116,0.27274012565612793,DE_best/1_fixedF_exp_adaptiveCR_withLS,67,1000,0,50.0,60.0,100.0,0.1,0.9,False,True,best/1,exp,random,True,5.0,0.3,1.5,0.3,1.0,1.0,,,,,,,,,,,,,,,,,,,,,,,,,
J60_3.RCP,1,118.31944753842727,0.271953821182251,DE_best/1_fixedF_exp_adaptiveCR_withLS,67,1000,1,50.0,60.0,100.0,0.1,0.9,False,True,best/1,exp,random,True,5.0,0.3,1.5,0.3,1.0,1.0,,,,,,,,,,,,,,,,,,,,,,,,,
J60_3.RCP,0,128.46870126977055,0.27083897590637207,DE_best/1_fixedF_exp_adaptiveCR_noLS,67,1000,0,50.0,60.0,100.0,0.1,0.9,False,True,best/1,exp,random,False,5.0,0.3,1.5,0.3,1.0,1.0,,,,,,,,,,,,,,,,,,,,,,,,,
J60_3.RCP,1,142.4985520160392,0.26687097549438477,DE_best/1_fixedF_exp_adaptiveCR_noLS,67,1000,1,50.0,60.0,100.0,0.1,0.9,False,True,best/1,exp,random,False,5.0,0.3,1.5,0.3,1.0,1.0,,,,,,,,,,,,,,,,,,,,,,,,,
J60_3.RCP,0,109.93138783693472,0.2646059989929199,DE_best/1_fixedF_exp_fixedCR_withLS,67,1000,0,50.0,60.0,100.0,0.1,0.9,False,False,best/1,exp,random,True,5.0,0.3,1.5,0.3,1.0,1.0,,,,,,,,,,,,,,,,,,,,,,,,,
J60_3.RCP,1,124.05079082200935,0.2641289234161377,DE_best/1_fixedF_exp_fixedCR_withLS,67,1000,1,50.0,60.0,100.0,0.1,0.9,False,False,best/1,exp,random,True,5.0,0.3,1.5,0.3,1.0,1.0,,,,,,,,,,,,,,,,,,,,,,,,,
J60_3.RCP,0,129.90153709066607,0.2589149475097656,DE_best/1_fixedF_exp_fixedCR_noLS,67,1000,0,50.0,60.0,100.0,0.1,0.9,False,False,best/1,exp,random,False,5.0,0.3,1.5,0.3,1.0,1.0,,,,,,,,,,,,,,,,,,,,,,,,,
J60_3.RCP,1,143.00601470260636,0.2576298713684082,DE_best/1_fixedF_exp_fixedCR_noLS,67,1000,1,50.0,60.0,100.0,0.1,0.9,False,False,best/1,exp,random,False,5.0,0.3,1.5,0.3,1.0,1.0,,,,,,,,,,,,,,,,,,,,,,,,,
J60_3.RCP,0,112.25974604588994,0.2646608352661133,DE_best/2_adaptiveF_bin_adaptiveCR_withLS,67,1000,0,50.0,60.0,100.0,0.1,0.9,True,True,best/2,bin,random,True,5.0,0.3,1.5,0.3,1.0,1.0,,,,,,,,,,,,,,,,,,,,,,,,,
J60_3.RCP,1,121.84183559812877,0.26505112648010254,DE_best/2_adaptiveF_bin_adaptiveCR_withLS,67,1000,1,50.0,60.0,100.0,0.1,0.9,True,True,best/2,bin,random,True,5.0,0.3,1.5,0.3,1.0,1.0,,,,,,,,,,,,,,,,,,,,,,,,,
J60_3.RCP,0,121.27467141902427,0.26414918899536133,DE_best/2_adaptiveF_bin_adaptiveCR_noLS,67,1000,0,50.0,60.0,100.0,0.1,0.9,True,True,best/2,bin,random,False,5.0,0.3,1.5,0.3,1.0,1.0,,,,,,,,,,,,,,,,,,,,,,,,,
J60_3.RCP,1,109.36422365783025,0.2681410312652588,DE_best/2_adaptiveF_bin_adaptiveCR_noLS,67,1000,1,50.0,60.0,100.0,0.1,0.9,True,True,best/2,bin,random,False,5.0,0.3,1.5,0.3,1.0,1.0,,,,,,,,,,,,,,,,,,,,,,,,,
J60_3.RCP,0,116.55825350857651,0.26648688316345215,DE_best/2_adaptiveF_bin_fixedCR_withLS,67,1000,0,50.0,60.0,100.0,0.1,0.9,True,False,best/2,bin,random,True,5.0,0.3,1.5,0.3,1.0,1.0,,,,,,,,,,,,,,,,,,,,,,,,,
J60_3.RCP,1,117.09556694141236,0.26482200622558594,DE_best/2_adaptiveF_bin_fixedCR_withLS,67,1000,1,50.0,60.0,100.0,0.1,0.9,True,False,best/2,bin,random,True,5.0,0.3,1.5,0.3,1.0,1.0,,,,,,,,,,,,,,,,,,,,,,,,,
J60_3.RCP,0,117.51347738917354,0.26171231269836426,DE_best/2_adaptiveF_bin_fixedCR_noLS,67,1000,0,50.0,60.0,100.0,0.1,0.9,True,False,best/2,bin,random,False,5.0,0.3,1.5,0.3,1.0,1.0,,,,,,,,,,,,,,,,,,,,,,,,,
J60_3.RCP,1,116.61795500111384,0.26122117042541504,DE_best/2_adaptiveF_bin_fixedCR_noLS,67,1000,1,50.0,60.0,100.0,0.1,0.9,True,False,best/2,bin,random,False,5.0,0.3,1.5,0.3,1.0,1.0,,,,,,,,,,,,,,,,,,,,,,,,,
J60_3.RCP,0,128.080641568278,0.26773500442504883,DE_best/2_adaptiveF_exp_adaptiveCR_withLS,67,1000,0,50.0,60.0,100.0,0.1,0.9,True,True,best/2,exp,random,True,5.0,0.3,1.5,0.3,1.0,1.0,,,,,,,,,,,,,,,,,,,,,,,,,
J60_3.RCP,1,120.82691022499442,0.2689528465270996,DE_best/2_adaptiveF_exp_adaptiveCR_withLS,67,1000,1,50.0,60.0,100.0,0.1,0.9,True,True,best/2,exp,random,True,5.0,0.3,1.5,0.3,1.0,1.0,,,,,,,,,,,,,,,,,,,,,,,,,
J60_3.RCP,0,136.22989529962132,0.26436567306518555,DE_best/2_adaptiveF_exp_adaptiveCR_noLS,67,1000,0,50.0,60.0,100.0,0.1,0.9,True,True,best/2,exp,random,False,5.0,0.3,1.5,0.3,1.0,1.0,,,,,,,,,,,,,,,,,,,,,,,,,
J60_3.RCP,1,128.46870126977055,0.2648458480834961,DE_best/2_adaptiveF_exp_adaptiveCR_noLS,67,1000,1,50.0,60.0,100.0,0.1,0.9,True,True,best/2,exp,random,False,5.0,0.3,1.5,0.3,1.0,1.0,,,,,,,,,,,,,,,,,,,,,,,,,
J60_3.RCP,0,115.7522833593228,0.2651829719543457,DE_best/2_adaptiveF_exp_fixedCR_withLS,67,1000,0,50.0,60.0,100.0,0.1,0.9,True,False,best/2,exp,random,True,5.0,0.3,1.5,0.3,1.0,1.0,,,,,,,,,,,,,,,,,,,,,,,,,
J60_3.RCP,1,114.88661171753175,0.2665591239929199,DE_best/2_adaptiveF_exp_fixedCR_withLS,67,1000,1,50.0,60.0,100.0,0.1,0.9,True,False,best/2,exp,random,True,5.0,0.3,1.5,0.3,1.0,1.0,,,,,,,,,,,,,,,,,,,,,,,,,
J60_3.RCP,0,111.45377589663622,0.26319217681884766,DE_best/2_adaptiveF_exp_fixedCR_noLS,67,1000,0,50.0,60.0,100.0,0.1,0.9,True,False,best/2,exp,random,False,5.0,0.3,1.5,0.3,1.0,1.0,,,,,,,,,,,,,,,,,,,,,,,,,
J60_3.RCP,1,116.58810425484518,0.2620868682861328,DE_best/2_adaptiveF_exp_fixedCR_noLS,67,1000,1,50.0,60.0,100.0,0.1,0.9,True,False,best/2,exp,random,False,5.0,0.3,1.5,0.3,1.0,1.0,,,,,,,,,,,,,,,,,,,,,,,,,
J60_3.RCP,0,118.28959679215862,0.284226655960083,DE_best/2_fixedF_bin_adaptiveCR_withLS,67,1000,0,50.0,60.0,100.0,0.1,0.9,False,True,best/2,bin,random,True,5.0,0.3,1.5,0.3,1.0,1.0,,,,,,,,,,,,,,,,,,,,,,,,,
J60_3.RCP,1,121.00601470260636,0.28624820709228516,DE_best/2_fixedF_bin_adaptiveCR_withLS,67,1000,1,50.0,60.0,100.0,0.1,0.9,False,True,best/2,bin,random,True,5.0,0.3,1.5,0.3,1.0,1.0,,,,,,,,,,,,,,,,,,,,,,,,,
J60_3.RCP,0,120.14034306081534,0.27565908432006836,DE_best/2_fixedF_bin_adaptiveCR_noLS,67,1000,0,50.0,60.0,100.0,0.1,0.9,False,True,best/2,bin,random,False,5.0,0.3,1.5,0.3,1.0,1.0,,,,,,,,,,,,,,,,,,,,,,,,,
J60_3.RCP,1,122.2895967921586,0.2768421173095703,DE_best/2_fixedF_bin_adaptiveCR_noLS,67,1000,1,50.0,60.0,100.0,0.1,0.9,False,True,best/2,bin,random,False,5.0,0.3,1.5,0.3,1.0,1.0,,,,,,,,,,,,,,,,,,,,,,,,,
J60_3.RCP,0,112.82691022499444,0.2701539993286133,DE_best/2_fixedF_bin_fixedCR_withLS,67,1000,0,50.0,60.0,100.0,0.1,0.9,False,False,best/2,bin,random,True,5.0,0.3,1.5,0.3,1.0,1.0,,,,,,,,,,,,,,,,,,,,,,,,,
J60_3.RCP,1,138.25974604588995,0.27051305770874023,DE_best/2_fixedF_bin_fixedCR_withLS,67,1000,1,50.0,60.0,100.0,0.1,0.9,False,False,best/2,bin,random,True,5.0,0.3,1.5,0.3,1.0,1.0,,,,,,,,,,,,,,,,,,,,,,,,,
J60_3.RCP,0,124.34929828469595,0.2638106346130371,DE_best/2_fixedF_bin_fixedCR_noLS,67,1000,0,50.0,60.0,100.0,0.1,0.9,False,False,best/2,bin,random,False,5.0,0.3,1.5,0.3,1.0,1.0,,,,,,,,,,,,,,,,,,,,,,,,,
J60_3.RCP,1,134.52840276230785,0.2635531425476074,DE_best/2_fixedF_bin_fixedCR_noLS,67,1000,1,50.0,60.0,100.0,0.1,0.9,False,False,best/2,bin,random,False,5.0,0.3,1.5,0.3,1.0,1.0,,,,,,,,,,,,,,,,,,,,,,,,,
J60_3.RCP,0,115.54332813544221,0.2881181240081787,DE_best/2_fixedF_exp_adaptiveCR_withLS,67,1000,0,50.0,60.0,100.0,0.1,0.9,False,True,best/2,exp,random,True,5.0,0.3,1.5,0.3,1.0,1.0,,,,,,,,,,,,,,,,,,,,,,,,,
J60_3.RCP,1,120.61795500111384,0.28762006759643555,DE_best/2_fixedF_exp_adaptiveCR_withLS,67,1000,1,50.0,60.0,100.0,0.1,0.9,False,True,best/2,exp,random,True,5.0,0.3,1.5,0.3,1.0,1.0,,,,,,,,,,,,,,,,,,,,,,,,,
J60_3.RCP,0,123.36422365783025,0.27867794036865234,DE_best/2_fixedF_exp_adaptiveCR_noLS,67,1000,0,50.0,60.0,100.0,0.1,0.9,False,True,best/2,exp,random,False,5.0,0.3,1.5,0.3,1.0,1.0,,,,,,,,,,,,,,,,,,,,,,,,,
J60_3.RCP,1,125.125417687681,0.35001111030578613,DE_best/2_fixedF_exp_adaptiveCR_noLS,67,1000,1,50.0,60.0,100.0,0.1,0.9,False,True,best/2,exp,random,False,5.0,0.3,1.5,0.3,1.0,1.0,,,,,,,,,,,,,,,,,,,,,,,,,
J60_3.RCP,0,120.37914903096457,0.27564215660095215,DE_best/2_fixedF_exp_fixedCR_withLS,67,1000,0,50.0,60.0,100.0,0.1,0.9,False,False,best/2,exp,random,True,5.0,0.3,1.5,0.3,1.0,1.0,,,,,,,,,,,,,,,,,,,,,,,,,
J60_3.RCP,1,116.7672087324571,0.2706749439239502,DE_best/2_fixedF_exp_fixedCR_withLS,67,1000,1,50.0,60.0,100.0,0.1,0.9,False,False,best/2,exp,random,True,5.0,0.3,1.5,0.3,1.0,1.0,,,,,,,,,,,,,,,,,,,,,,,,,
J60_3.RCP,0,117.09556694141233,0.2651498317718506,DE_best/2_fixedF_exp_fixedCR_noLS,67,1000,0,50.0,60.0,100.0,0.1,0.9,False,False,best/2,exp,random,False,5.0,0.3,1.5,0.3,1.0,1.0,,,,,,,,,,,,,,,,,,,,,,,,,
J60_3.RCP,1,138.7075072399198,0.26625633239746094,DE_best/2_fixedF_exp_fixedCR_noLS,67,1000,1,50.0,60.0,100.0,0.1,0.9,False,False,best/2,exp,random,False,5.0,0.3,1.5,0.3,1.0,1.0,,,,,,,,,,,,,,,,,,,,,,,,,
J60_3.RCP,0,134.34929828469592,0.25989699363708496,DE_adaptive_bin_adaptiveCR_withLS,67,1000,0,50.0,60.0,100.0,0.1,0.9,True,True,adaptive,bin,random,True,5.0,0.3,1.5,0.3,1.0,1.0,,,,,,,,,,,,,,,,,,,,,,,,,
J60_3.RCP,1,128.58810425484518,0.25966429710388184,DE_adaptive_bin_adaptiveCR_withLS,67,1000,1,50.0,60.0,100.0,0.1,0.9,True,True,adaptive,bin,random,True,5.0,0.3,1.5,0.3,1.0,1.0,,,,,,,,,,,,,,,,,,,,,,,,,
J60_3.RCP,0,125.03586544887503,0.25775790214538574,DE_adaptive_bin_adaptiveCR_noLS,67,1000,0,50.0,60.0,100.0,0.1,0.9,True,True,adaptive,bin,random,False,5.0,0.3,1.5,0.3,1.0,1.0,,,,,,,,,,,,,,,,,,,,,,,,,
J60_3.RCP,1,143.8716863443974,0.29491615295410156,DE_adaptive_bin_adaptiveCR_noLS,67,1000,1,50.0,60.0,100.0,0.1,0.9,True,True,adaptive,bin,random,False,5.0,0.3,1.5,0.3,1.0,1.0,,,,,,,,,,,,,,,,,,,,,,,,,
J60_3.RCP,0,123.18511918021834,0.27393102645874023,DE_adaptive_bin_fixedCR_withLS,67,1000,0,50.0,60.0,100.0,0.1,0.9,True,False,adaptive,bin,random,True,5.0,0.3,1.5,0.3,1.0,1.0,,,,,,,,,,,,,,,,,,,,,,,,,
J60_3.RCP,1,131.00601470260636,0.26470088958740234,DE_adaptive_bin_fixedCR_withLS,67,1000,1,50.0,60.0,100.0,0.1,0.9,True,False,adaptive,bin,random,True,5.0,0.3,1.5,0.3,1.0,1.0,,,,,,,,,,,,,,,,,,,,,,,,,
J60_3.RCP,0,121.9015370906661,0.2570509910583496,DE_adaptive_bin_fixedCR_noLS,67,1000,0,50.0,60.0,100.0,0.1,0.9,True,False,adaptive,bin,random,False,5.0,0.3,1.5,0.3,1.0,1.0,,,,,,,,,,,,,,,,,,,,,,,,,
J60_3.RCP,1,127.24482067275562,0.2604331970214844,DE_adaptive_bin_fixedCR_noLS,67,1000,1,50.0,60.0,100.0,0.1,0.9,True,False,adaptive,bin,random,False,5.0,0.3,1.5,0.3,1.0,1.0,,,,,,,,,,,,,,,,,,,,,,,,,
J60_3.RCP,0,135.30452216529292,0.26372504234313965,DE_adaptive_exp_adaptiveCR_withLS,67,1000,0,50.0,60.0,100.0,0.1,0.9,True,True,adaptive,exp,random,True,5.0,0.3,1.5,0.3,1.0,1.0,,,,,,,,,,,,,,,,,,,,,,,,,
J60_3.RCP,1,138.4985520160392,0.2658560276031494,DE_adaptive_exp_adaptiveCR_withLS,67,1000,1,50.0,60.0,100.0,0.1,0.9,True,True,adaptive,exp,random,True,5.0,0.3,1.5,0.3,1.0,1.0,,,,,,,,,,,,,,,,,,,,,,,,,
J60_3.RCP,0,127.63288037424819,0.27423906326293945,DE_adaptive_exp_adaptiveCR_noLS,67,1000,0,50.0,60.0,100.0,0.1,0.9,True,True,adaptive,exp,random,False,5.0,0.3,1.5,0.3,1.0,1.0,,,,,,,,,,,,,,,,,,,,,,,,,
J60_3.RCP,1,135.39407440409892,0.27091097831726074,DE_adaptive_exp_adaptiveCR_noLS,67,1000,1,50.0,60.0,100.0,0.1,0.9,True,True,adaptive,exp,random,False,5.0,0.3,1.5,0.3,1.0,1.0,,,,,,,,,,,,,,,,,,,,,,,,,
J60_3.RCP,0,121.36422365783027,0.2611668109893799,DE_adaptive_exp_fixedCR_withLS,67,1000,0,50.0,60.0,100.0,0.1,0.9,True,False,adaptive,exp,random,True,5.0,0.3,1.5,0.3,1.0,1.0,,,,,,,,,,,,,,,,,,,,,,,,,
J60_3.RCP,1,127.18511918021831,0.2612800598144531,DE_adaptive_exp_fixedCR_withLS,67,1000,1,50.0,60.0,100.0,0.1,0.9,True,False,adaptive,exp,random,True,5.0,0.3,1.5,0.3,1.0,1.0,,,,,,,,,,,,,,,,,,,,,,,,,
J60_3.RCP,0,126.55825350857654,0.25783610343933105,DE_adaptive_exp_fixedCR_noLS,67,1000,0,50.0,60.0,100.0,0.1,0.9,True,False,adaptive,exp,random,False,5.0,0.3,1.5,0.3,1.0,1.0,,,,,,,,,,,,,,,,,,,,,,,,,
J60_3.RCP,1,120.08064156827803,0.2594931125640869,DE_adaptive_exp_fixedCR_noLS,67,1000,1,50.0,60.0,100.0,0.1,0.9,True,False,adaptive,exp,random,False,5.0,0.3,1.5,0.3,1.0,1.0,,,,,,,,,,,,,,,,,,,,,,,,,
J60_3.RCP,0,132.88661171753174,0.2658050060272217,DE_current-to-rand/2_bin_adaptiveCR_withLS,67,1000,0,50.0,60.0,100.0,0.1,0.9,False,True,current-to-rand/2,bin,random,True,5.0,0.3,1.5,0.3,1.0,1.0,,,,,,,,,,,,,,,,,,,,,,,,,
J60_3.RCP,1,133.6925818667855,0.2625997066497803,DE_current-to-rand/2_bin_adaptiveCR_withLS,67,1000,1,50.0,60.0,100.0,0.1,0.9,False,True,current-to-rand/2,bin,random,True,5.0,0.3,1.5,0.3,1.0,1.0,,,,,,,,,,,,,,,,,,,,,,,,,
J60_3.RCP,0,123.93138783693472,0.2598719596862793,DE_current-to-rand/2_bin_adaptiveCR_noLS,67,1000,0,50.0,60.0,100.0,0.1,0.9,False,True,current-to-rand/2,bin,random,False,5.0,0.3,1.5,0.3,1.0,1.0,,,,,,,,,,,,,,,,,,,,,,,,,
J60_3.RCP,1,125.36422365783025,0.257310152053833,DE_current-to-rand/2_bin_adaptiveCR_noLS,67,1000,1,50.0,60.0,100.0,0.1,0.9,False,True,current-to-rand/2,bin,random,False,5.0,0.3,1.5,0.3,1.0,1.0,,,,,,,,,,,,,,,,,,,,,,,,,
J60_3.RCP,0,121.69258186678547,0.25945019721984863,DE_current-to-rand/2_bin_fixedCR_withLS,67,1000,0,50.0,60.0,100.0,0.1,0.9,False,False,current-to-rand/2,bin,random,True,5.0,0.3,1.5,0.3,1.0,1.0,,,,,,,,,,,,,,,,,,,,,,,,,
J60_3.RCP,1,127.27467141902427,0.2599780559539795,DE_current-to-rand/2_bin_fixedCR_withLS,67,1000,1,50.0,60.0,100.0,0.1,0.9,False,False,current-to-rand/2,bin,random,True,5.0,0.3,1.5,0.3,1.0,1.0,,,,,,,,,,,,,,,,,,,,,,,,,
J60_3.RCP,0,128.0209400757407,0.25716304779052734,DE_current-to-rand/2_bin_fixedCR_noLS,67,1000,0,50.0,60.0,100.0,0.1,0.9,False,False,current-to-rand/2,bin,random,False,5.0,0.3,1.5,0.3,1.0,1.0,,,,,,,,,,,,,,,,,,,,,,,,,
J60_3.RCP,1,113.24482067275564,0.25632214546203613,DE_current-to-rand/2_bin_fixedCR_noLS,67,1000,1,50.0,60.0,100.0,0.1,0.9,False,False,current-to-rand/2,bin,random,False,5.0,0.3,1.5,0.3,1.0,1.0,,,,,,,,,,,,,,,,,,,,,,,,,
J60_3.RCP,0,134.170193807084,0.2689979076385498,DE_current-to-rand/2_exp_adaptiveCR_withLS,67,1000,0,50.0,60.0,100.0,0.1,0.9,False,True,current-to-rand/2,exp,random,True,5.0,0.3,1.5,0.3,1.0,1.0,,,,,,,,,,,,,,,,,,,,,,,,,
J60_3.RCP,1,127.8716863443974,0.27222514152526855,DE_current-to-rand/2_exp_adaptiveCR_withLS,67,1000,1,50.0,60.0,100.0,0.1,0.9,False,True,current-to-rand/2,exp,random,True,5.0,0.3,1.5,0.3,1.0,1.0,,,,,,,,,,,,,,,,,,,,,,,,,
J60_3.RCP,0,138.88661171753174,0.2650899887084961,DE_current-to-rand/2_exp_adaptiveCR_noLS,67,1000,0,50.0,60.0,100.0,0.1,0.9,False,True,current-to-rand/2,exp,random,False,5.0,0.3,1.5,0.3,1.0,1.0,,,,,,,,,,,,,,,,,,,,,,,,,
J60_3.RCP,1,122.37914903096457,0.26622486114501953,DE_current-to-rand/2_exp_adaptiveCR_noLS,67,1000,1,50.0,60.0,100.0,0.1,0.9,False,True,current-to-rand/2,exp,random,False,5.0,0.3,1.5,0.3,1.0,1.0,,,,,,,,,,,,,,,,,,,,,,,,,
J60_3.RCP,0,124.46870126977055,0.26213693618774414,DE_current-to-rand/2_exp_fixedCR_withLS,67,1000,0,50.0,60.0,100.0,0.1,0.9,False,False,current-to-rand/2,exp,random,True,5.0,0.3,1.5,0.3,1.0,1.0,,,,,,,,,,,,,,,,,,,,,,,,,
J60_3.RCP,1,117.00601470260638,0.2701609134674072,DE_current-to-rand/2_exp_fixedCR_withLS,67,1000,1,50.0,60.0,100.0,0.1,0.9,False,False,current-to-rand/2,exp,random,True,5.0,0.3,1.5,0.3,1.0,1.0,,,,,,,,,,,,,,,,,,,,,,,,,
J60_3.RCP,0,125.48362664290487,0.2616589069366455,DE_current-to-rand/2_exp_fixedCR_noLS,67,1000,0,50.0,60.0,100.0,0.1,0.9,False,False,current-to-rand/2,exp,random,False,5.0,0.3,1.5,0.3,1.0,1.0,,,,,,,,,,,,,,,,,,,,,,,,,
J60_3.RCP,1,117.93138783693472,0.2579500675201416,DE_current-to-rand/2_exp_fixedCR_noLS,67,1000,1,50.0,60.0,100.0,0.1,0.9,False,False,current-to-rand/2,exp,random,False,5.0,0.3,1.5,0.3,1.0,1.0,,,,,,,,,,,,,,,,,,,,,,,,,
J60_3.RCP,0,152.31944753842726,0.23504185676574707,GA_roulette_single_point_random_random_withLS_withNeighborhood,67,1000,0,50.0,60.0,,,,,,random,single_point,random,True,,,,,,,0.9,0.1,roulette,3.0,True,False,0.5,0.1,0.35,5.0,2.0,,,,,,,,,,,,,,
J60_3.RCP,1,160.37914903096458,0.23626017570495605,GA_roulette_single_point_random_random_withLS_withNeighborhood,67,1000,1,50.0,60.0,,,,,,random,single_point,random,True,,,,,,,0.9,0.1,roulette,3.0,True,False,0.5,0.1,0.35,5.0,2.0,,,,,,,,,,,,,,
J60_3.RCP,0,152.31944753842726,0.2344048023223877,GA_roulette_single_point_random_random_withLS_noNeighborhood,67,1000,0,50.0,60.0,,,,,,random,single_point,random,True,,,,,,,0.9,0.1,roulette,3.0,True,False,0.5,0.1,0.35,5.0,0.0,,,,,,,,,,,,,,
J60_3.RCP,1,160.37914903096458,0.23459196090698242,GA_roulette_single_point_random_random_withLS_noNeighborhood,67,1000,1,50.0,60.0,,,,,,random,single_point,random,True,,,,,,,0.9,0.1,roulette,3.0,True,False,0.5,0.1,0.35,5.0,0.0,,,,,,,,,,,,,,
J60_3.RCP,0,152.31944753842726,0.3345530033111572,GA_roulette_single_point_random_random_noLS_withNeighborhood,67,1000,0,50.0,60.0,,,,,,random,single_point,random,False,,,,,,,0.9,0.1,roulette,3.0,True,False,0.5,0.1,0.35,5.0,2.0,,,,,,,,,,,,,,
J60_3.RCP,1,160.37914903096458,0.332690954208374,GA_roulette_single_point_random_random_noLS_withNeighborhood,67,1000,1,50.0,60.0,,,,,,random,single_point,random,False,,,,,,,0.9,0.1,roulette,3.0,True,False,0.5,0.1,0.35,5.0,2.0,,,,,,,,,,,,,,
J60_3.RCP,0,152.31944753842726,0.33569788932800293,GA_roulette_single_point_random_random_noLS_noNeighborhood,67,1000,0,50.0,60.0,,,,,,random,single_point,random,False,,,,,,,0.9,0.1,roulette,3.0,True,False,0.5,0.1,0.35,5.0,0.0,,,,,,,,,,,,,,
J60_3.RCP,1,160.37914903096458,0.33384013175964355,GA_roulette_single_point_random_random_noLS_noNeighborhood,67,1000,1,50.0,60.0,,,,,,random,single_point,random,False,,,,,,,0.9,0.1,roulette,3.0,True,False,0.5,0.1,0.35,5.0,0.0,,,,,,,,,,,,,,
J60_3.RCP,0,157.54332813544218,0.23622608184814453,GA_roulette_single_point_random_heuristic_withLS_withNeighborhood,67,1000,0,50.0,60.0,,,,,,random,single_point,heuristic,True,,,,,,,0.9,0.1,roulette,3.0,True,False,0.5,0.1,0.35,5.0,2.0,,,,,,,,,,,,,,
J60_3.RCP,1,169.36422365783025,0.2365880012512207,GA_roulette_single_point_random_heuristic_withLS_withNeighborhood,67,1000,1,50.0,60.0,,,,,,random,single_point,heuristic,True,,,,,,,0.9,0.1,roulette,3.0,True,False,0.5,0.1,0.35,5.0,2.0,,,,,,,,,,,,,,
J60_3.RCP,0,157.54332813544218,0.234375,GA_roulette_single_point_random_heuristic_withLS_noNeighborhood,67,1000,0,50.0,60.0,,,,,,random,single_point,heuristic,True,,,,,,,0.9,0.1,roulette,3.0,True,False,0.5,0.1,0.35,5.0,0.0,,,,,,,,,,,,,,
J60_3.RCP,1,169.36422365783025,0.23442387580871582,GA_roulette_single_point_random_heuristic_withLS_noNeighborhood,67,1000,1,50.0,60.0,,,,,,random,single_point,heuristic,True,,,,,,,0.9,0.1,roulette,3.0,True,False,0.5,0.1,0.35,5.0,0.0,,,,,,,,,,,,,,
J60_3.RCP,0,150.82691022499444,0.3359949588775635,GA_roulette_single_point_random_heuristic_noLS_withNeighborhood,67,1000,0,50.0,60.0,,,,,,random,single_point,heuristic,False,,,,,,,0.9,0.1,roulette,3.0,True,False,0.5,0.1,0.35,5.0,2.0,,,,,,,,,,,,,,
J60_3.RCP,1,149.54332813544218,0.33521103858947754,GA_roulette_single_point_random_heuristic_noLS_withNeighborhood,67,1000,1,50.0,60.0,,,,,,random,single_point,heuristic,False,,,,,,,0.9,0.1,roulette,3.0,True,False,0.5,0.1,0.35,5.0,2.0,,,,,,,,,,,,,,
J60_3.RCP,0,150.82691022499444,0.3391571044921875,GA_roulette_single_point_random_heuristic_noLS_noNeighborhood,67,1000,0,50.0,60.0,,,,,,random,single_point,heuristic,False,,,,,,,0.9,0.1,roulette,3.0,True,False,0.5,0.1,0.35,5.0,0.0,,,,,,,,,,,,,,
J60_3.RCP,1,149.54332813544218,0.33530712127685547,GA_roulette_single_point_random_heuristic_noLS_noNeighborhood,67,1000,1,50.0,60.0,,,,,,random,single_point,heuristic,False,,,,,,,0.9,0.1,roulette,3.0,True,False,0.5,0.1,0.35,5.0,0.0,,,,,,,,,,,,,,
J60_3.RCP,0,152.31944753842726,0.23898601531982422,GA_roulette_single_point_adaptive_random_withLS_withNeighborhood,67,1000,0,50.0,60.0,,,,,,adaptive,single_point,random,True,,,,,,,0.9,0.1,roulette,3.0,True,False,0.5,0.1,0.35,5.0,2.0,,,,,,,,,,,,,,
J60_3.RCP,1,145.84183559812877,0.23987483978271484,GA_roulette_single_point_adaptive_random_withLS_withNeighborhood,67,1000,1,50.0,60.0,,,,,,adaptive,single_point,random,True,,,,,,,0.9,0.1,roulette,3.0,True,False,0.5,0.1,0.35,5.0,2.0,,,,,,,,,,,,,,
J60_3.RCP,0,152.31944753842726,0.2421739101409912,GA_roulette_single_point_adaptive_random_withLS_noNeighborhood,67,1000,0,50.0,60.0,,,,,,adaptive,single_point,random,True,,,,,,,0.9,0.1,roulette,3.0,True,False,0.5,0.1,0.35,5.0,0.0,,,,,,,,,,,,,,
J60_3.RCP,1,145.84183559812877,0.23947501182556152,GA_roulette_single_point_adaptive_random_withLS_noNeighborhood,67,1000,1,50.0,60.0,,,,,,adaptive,single_point,random,True,,,,,,,0.9,0.1,roulette,3.0,True,False,0.5,0.1,0.35,5.0,0.0,,,,,,,,,,,,,,
J60_3.RCP,0,152.31944753842726,0.3561069965362549,GA_roulette_single_point_adaptive_random_noLS_withNeighborhood,67,1000,0,50.0,60.0,,,,,,adaptive,single_point,random,False,,,,,,,0.9,0.1,roulette,3.0,True,False,0.5,0.1,0.35,5.0,2.0,,,,,,,,,,,,,,
J60_3.RCP,1,145.84183559812877,0.3571178913116455,GA_roulette_single_point_adaptive_random_noLS_withNeighborhood,67,1000,1,50.0,60.0,,,,,,adaptive,single_point,random,False,,,,,,,0.9,0.1,roulette,3.0,True,False,0.5,0.1,0.35,5.0,2.0,,,,,,,,,,,,,,
J60_3.RCP,0,152.31944753842726,0.3595702648162842,GA_roulette_single_point_adaptive_random_noLS_noNeighborhood,67,1000,0,50.0,60.0,,,,,,adaptive,single_point,random,False,,,,,,,0.9,0.1,roulette,3.0,True,False,0.5,0.1,0.35,5.0,0.0,,,,,,,,,,,,,,
J60_3.RCP,1,145.84183559812877,0.35294604301452637,GA_roulette_single_point_adaptive_random_noLS_noNeighborhood,67,1000,1,50.0,60.0,,,,,,adaptive,single_point,random,False,,,,,,,0.9,0.1,roulette,3.0,True,False,0.5,0.1,0.35,5.0,0.0,,,,,,,,,,,,,,
J60_3.RCP,0,157.3343729115616,0.24158525466918945,GA_roulette_single_point_adaptive_heuristic_withLS_withNeighborhood,67,1000,0,50.0,60.0,,,,,,adaptive,single_point,heuristic,True,,,,,,,0.9,0.1,roulette,3.0,True,False,0.5,0.1,0.35,5.0,2.0,,,,,,,,,,,,,,
J60_3.RCP,1,169.36422365783025,0.24195623397827148,GA_roulette_single_point_adaptive_heuristic_withLS_withNeighborhood,67,1000,1,50.0,60.0,,,,,,adaptive,single_point,heuristic,True,,,,,,,0.9,0.1,roulette,3.0,True,False,0.5,0.1,0.35,5.0,2.0,,,,,,,,,,,,,,
J60_3.RCP,0,157.3343729115616,0.2420978546142578,GA_roulette_single_point_adaptive_heuristic_withLS_noNeighborhood,67,1000,0,50.0,60.0,,,,,,adaptive,single_point,heuristic,True,,,,,,,0.9,0.1,roulette,3.0,True,False,0.5,0.1,0.35,5.0,0.0,,,,,,,,,,,,,,
J60_3.RCP,1,169.36422365783025,0.2400960922241211,GA_roulette_single_point_adaptive_heuristic_withLS_noNeighborhood,67,1000,1,50.0,60.0,,,,,,adaptive,single_point,heuristic,True,,,,,,,0.9,0.1,roulette,3.0,True,False,0.5,0.1,0.35,5.0,0.0,,,,,,,,,,,,,,
J60_3.RCP,0,137.03586544887503,0.355665922164917,GA_roulette_single_point_adaptive_heuristic_noLS_withNeighborhood,67,1000,0,50.0,60.0,,,,,,adaptive,single_point,heuristic,False,,,,,,,0.9,0.1,roulette,3.0,True,False,0.5,0.1,0.35,5.0,2.0,,,,,,,,,,,,,,
J60_3.RCP,1,164.85676097126307,0.355363130569458,GA_roulette_single_point_adaptive_heuristic_noLS_withNeighborhood,67,1000,1,50.0,60.0,,,,,,adaptive,single_point,heuristic,False,,,,,,,0.9,0.1,roulette,3.0,True,False,0.5,0.1,0.35,5.0,2.0,,,,,,,,,,,,,,
J60_3.RCP,0,137.03586544887503,0.35521507263183594,GA_roulette_single_point_adaptive_heuristic_noLS_noNeighborhood,67,1000,0,50.0,60.0,,,,,,adaptive,single_point,heuristic,False,,,,,,,0.9,0.1,roulette,3.0,True,False,0.5,0.1,0.35,5.0,0.0,,,,,,,,,,,,,,
J60_3.RCP,1,164.85676097126307,0.3556978702545166,GA_roulette_single_point_adaptive_heuristic_noLS_noNeighborhood,67,1000,1,50.0,60.0,,,,,,adaptive,single_point,heuristic,False,,,,,,,0.9,0.1,roulette,3.0,True,False,0.5,0.1,0.35,5.0,0.0,,,,,,,,,,,,,,
J60_3.RCP,0,152.31944753842726,0.23461198806762695,GA_roulette_two_point_random_random_withLS_withNeighborhood,67,1000,0,50.0,60.0,,,,,,random,two_point,random,True,,,,,,,0.9,0.1,roulette,3.0,True,False,0.5,0.1,0.35,5.0,2.0,,,,,,,,,,,,,,
J60_3.RCP,1,167.51347738917352,0.2359790802001953,GA_roulette_two_point_random_random_withLS_withNeighborhood,67,1000,1,50.0,60.0,,,,,,random,two_point,random,True,,,,,,,0.9,0.1,roulette,3.0,True,False,0.5,0.1,0.35,5.0,2.0,,,,,,,,,,,,,,
J60_3.RCP,0,152.31944753842726,0.2351207733154297,GA_roulette_two_point_random_random_withLS_noNeighborhood,67,1000,0,50.0,60.0,,,,,,random,two_point,random,True,,,,,,,0.9,0.1,roulette,3.0,True,False,0.5,0.1,0.35,5.0,0.0,,,,,,,,,,,,,,
J60_3.RCP,1,167.51347738917352,0.23562908172607422,GA_roulette_two_point_random_random_withLS_noNeighborhood,67,1000,1,50.0,60.0,,,,,,random,two_point,random,True,,,,,,,0.9,0.1,roulette,3.0,True,False,0.5,0.1,0.35,5.0,0.0,,,,,,,,,,,,,,
J60_3.RCP,0,146.2895967921586,0.33654117584228516,GA_roulette_two_point_random_random_noLS_withNeighborhood,67,1000,0,50.0,60.0,,,,,,random,two_point,random,False,,,,,,,0.9,0.1,roulette,3.0,True,False,0.5,0.1,0.35,5.0,2.0,,,,,,,,,,,,,,
J60_3.RCP,1,156.73735798618844,0.33792591094970703,GA_roulette_two_point_random_random_noLS_withNeighborhood,67,1000,1,50.0,60.0,,,,,,random,two_point,random,False,,,,,,,0.9,0.1,roulette,3.0,True,False,0.5,0.1,0.35,5.0,2.0,,,,,,,,,,,,,,
J60_3.RCP,0,146.2895967921586,0.33533406257629395,GA_roulette_two_point_random_random_noLS_noNeighborhood,67,1000,0,50.0,60.0,,,,,,random,two_point,random,False,,,,,,,0.9,0.1,roulette,3.0,True,False,0.5,0.1,0.35,5.0,0.0,,,,,,,,,,,,,,
J60_3.RCP,1,156.73735798618844,0.3427729606628418,GA_roulette_two_point_random_random_noLS_noNeighborhood,67,1000,1,50.0,60.0,,,,,,random,two_point,random,False,,,,,,,0.9,0.1,roulette,3.0,True,False,0.5,0.1,0.35,5.0,0.0,,,,,,,,,,,,,,
J60_3.RCP,0,155.99108932947203,0.23781895637512207,GA_roulette_two_point_random_heuristic_withLS_withNeighborhood,67,1000,0,50.0,60.0,,,,,,random,two_point,heuristic,True,,,,,,,0.9,0.1,roulette,3.0,True,False,0.5,0.1,0.35,5.0,2.0,,,,,,,,,,,,,,
J60_3.RCP,1,167.8716863443974,0.23770713806152344,GA_roulette_two_point_random_heuristic_withLS_withNeighborhood,67,1000,1,50.0,60.0,,,,,,random,two_point,heuristic,True,,,,,,,0.9,0.1,roulette,3.0,True,False,0.5,0.1,0.35,5.0,2.0,,,,,,,,,,,,,,
J60_3.RCP,0,155.99108932947203,0.24143409729003906,GA_roulette_two_point_random_heuristic_withLS_noNeighborhood,67,1000,0,50.0,60.0,,,,,,random,two_point,heuristic,True,,,,,,,0.9,0.1,roulette,3.0,True,False,0.5,0.1,0.35,5.0,0.0,,,,,,,,,,,,,,
J60_3.RCP,1,167.8716863443974,0.24039292335510254,GA_roulette_two_point_random_heuristic_withLS_noNeighborhood,67,1000,1,50.0,60.0,,,,,,random,two_point,heuristic,True,,,,,,,0.9,0.1,roulette,3.0,True,False,0.5,0.1,0.35,5.0,0.0,,,,,,,,,,,,,,
J60_3.RCP,0,155.8119848518601,0.33884572982788086,GA_roulette_two_point_random_heuristic_noLS_withNeighborhood,67,1000,0,50.0,60.0,,,,,,random,two_point,heuristic,False,,,,,,,0.9,0.1,roulette,3.0,True,False,0.5,0.1,0.35,5.0,2.0,,,,,,,,,,,,,,
J60_3.RCP,1,146.40899977723322,0.34035682678222656,GA_roulette_two_point_random_heuristic_noLS_withNeighborhood,67,1000,1,50.0,60.0,,,,,,random,two_point,heuristic,False,,,,,,,0.9,0.1,roulette,3.0,True,False,0.5,0.1,0.35,5.0,2.0,,,,,,,,,,,,,,
J60_3.RCP,0,155.8119848518601,0.4455859661102295,GA_roulette_two_point_random_heuristic_noLS_noNeighborhood,67,1000,0,50.0,60.0,,,,,,random,two_point,heuristic,False,,,,,,,0.9,0.1,roulette,3.0,True,False,0.5,0.1,0.35,5.0,0.0,,,,,,,,,,,,,,
J60_3.RCP,1,146.40899977723322,0.34845805168151855,GA_roulette_two_point_random_heuristic_noLS_noNeighborhood,67,1000,1,50.0,60.0,,,,,,random,two_point,heuristic,False,,,,,,,0.9,0.1,roulette,3.0,True,False,0.5,0.1,0.35,5.0,0.0,,,,,,,,,,,,,,
J60_3.RCP,0,148.080641568278,0.27425098419189453,GA_roulette_two_point_adaptive_random_withLS_withNeighborhood,67,1000,0,50.0,60.0,,,,,,adaptive,two_point,random,True,,,,,,,0.9,0.1,roulette,3.0,True,False,0.5,0.1,0.35,5.0,2.0,,,,,,,,,,,,,,
J60_3.RCP,1,165.99108932947203,0.30698275566101074,GA_roulette_two_point_adaptive_random_withLS_withNeighborhood,67,1000,1,50.0,60.0,,,,,,adaptive,two_point,random,True,,,,,,,0.9,0.1,roulette,3.0,True,False,0.5,0.1,0.35,5.0,2.0,,,,,,,,,,,,,,
J60_3.RCP,0,148.080641568278,0.25698208808898926,GA_roulette_two_point_adaptive_random_withLS_noNeighborhood,67,1000,0,50.0,60.0,,,,,,adaptive,two_point,random,True,,,,,,,0.9,0.1,roulette,3.0,True,False,0.5,0.1,0.35,5.0,0.0,,,,,,,,,,,,,,
J60_3.RCP,1,165.99108932947203,0.24651193618774414,GA_roulette_two_point_adaptive_random_withLS_noNeighborhood,67,1000,1,50.0,60.0,,,,,,adaptive,two_point,random,True,,,,,,,0.9,0.1,roulette,3.0,True,False,0.5,0.1,0.35,5.0,0.0,,,,,,,,,,,,,,
J60_3.RCP,0,143.8716863443974,0.35964488983154297,GA_roulette_two_point_adaptive_random_noLS_withNeighborhood,67,1000,0,50.0,60.0,,,,,,adaptive,two_point,random,False,,,,,,,0.9,0.1,roulette,3.0,True,False,0.5,0.1,0.35,5.0,2.0,,,,,,,,,,,,,,
J60_3.RCP,1,163.24482067275562,0.35895586013793945,GA_roulette_two_point_adaptive_random_noLS_withNeighborhood,67,1000,1,50.0,60.0,,,,,,adaptive,two_point,random,False,,,,,,,0.9,0.1,roulette,3.0,True,False,0.5,0.1,0.35,5.0,2.0,,,,,,,,,,,,,,
J60_3.RCP,0,143.8716863443974,0.3571488857269287,GA_roulette_two_point_adaptive_random_noLS_noNeighborhood,67,1000,0,50.0,60.0,,,,,,adaptive,two_point,random,False,,,,,,,0.9,0.1,roulette,3.0,True,False,0.5,0.1,0.35,5.0,0.0,,,,,,,,,,,,,,
J60_3.RCP,1,163.24482067275562,0.3613259792327881,GA_roulette_two_point_adaptive_random_noLS_noNeighborhood,67,1000,1,50.0,60.0,,,,,,adaptive,two_point,random,False,,,,,,,0.9,0.1,roulette,3.0,True,False,0.5,0.1,0.35,5.0,0.0,,,,,,,,,,,,,,
J60_3.RCP,0,162.82691022499444,0.2416996955871582,GA_roulette_two_point_adaptive_heuristic_withLS_withNeighborhood,67,1000,0,50.0,60.0,,,,,,adaptive,two_point,heuristic,True,,,,,,,0.9,0.1,roulette,3.0,True,False,0.5,0.1,0.35,5.0,2.0,,,,,,,,,,,,,,
J60_3.RCP,1,169.36422365783025,0.24358296394348145,GA_roulette_two_point_adaptive_heuristic_withLS_withNeighborhood,67,1000,1,50.0,60.0,,,,,,adaptive,two_point,heuristic,True,,,,,,,0.9,0.1,roulette,3.0,True,False,0.5,0.1,0.35,5.0,2.0,,,,,,,,,,,,,,
J60_3.RCP,0,162.82691022499444,0.24565720558166504,GA_roulette_two_point_adaptive_heuristic_withLS_noNeighborhood,67,1000,0,50.0,60.0,,,,,,adaptive,two_point,heuristic,True,,,,,,,0.9,0.1,roulette,3.0,True,False,0.5,0.1,0.35,5.0,0.0,,,,,,,,,,,,,,
J60_3.RCP,1,169.36422365783025,0.24328374862670898,GA_roulette_two_point_adaptive_heuristic_withLS_noNeighborhood,67,1000,1,50.0,60.0,,,,,,adaptive,two_point,heuristic,True,,,,,,,0.9,0.1,roulette,3.0,True,False,0.5,0.1,0.35,5.0,0.0,,,,,,,,,,,,,,
J60_3.RCP,0,151.45377589663622,0.36040806770324707,GA_roulette_two_point_adaptive_heuristic_noLS_withNeighborhood,67,1000,0,50.0,60.0,,,,,,adaptive,two_point,heuristic,False,,,,,,,0.9,0.1,roulette,3.0,True,False,0.5,0.1,0.35,5.0,2.0,,,,,,,,,,,,,,
J60_3.RCP,1,155.06571619514366,0.36032795906066895,GA_roulette_two_point_adaptive_heuristic_noLS_withNeighborhood,67,1000,1,50.0,60.0,,,,,,adaptive,two_point,heuristic,False,,,,,,,0.9,0.1,roulette,3.0,True,False,0.5,0.1,0.35,5.0,2.0,,,,,,,,,,,,,,
J60_3.RCP,0,151.45377589663622,0.36030006408691406,GA_roulette_two_point_adaptive_heuristic_noLS_noNeighborhood,67,1000,0,50.0,60.0,,,,,,adaptive,two_point,heuristic,False,,,,,,,0.9,0.1,roulette,3.0,True,False,0.5,0.1,0.35,5.0,0.0,,,,,,,,,,,,,,
J60_3.RCP,1,155.06571619514366,0.35983991622924805,GA_roulette_two_point_adaptive_heuristic_noLS_noNeighborhood,67,1000,1,50.0,60.0,,,,,,adaptive,two_point,heuristic,False,,,,,,,0.9,0.1,roulette,3.0,True,False,0.5,0.1,0.35,5.0,0.0,,,,,,,,,,,,,,
J60_3.RCP,0,152.31944753842726,3.6643338203430176,GA_roulette_rcx_random_random_withLS_withNeighborhood,67,1000,0,50.0,60.0,,,,,,random,rcx,random,True,,,,,,,0.9,0.1,roulette,3.0,True,False,0.5,0.1,0.35,5.0,2.0,,,,,,,,,,,,,,
J60_3.RCP,1,161.24482067275562,3.586803913116455,GA_roulette_rcx_random_random_withLS_withNeighborhood,67,1000,1,50.0,60.0,,,,,,random,rcx,random,True,,,,,,,0.9,0.1,roulette,3.0,True,False,0.5,0.1,0.35,5.0,2.0,,,,,,,,,,,,,,
J60_3.RCP,0,152.31944753842726,3.660029172897339,GA_roulette_rcx_random_random_withLS_noNeighborhood,67,1000,0,50.0,60.0,,,,,,random,rcx,random,True,,,,,,,0.9,0.1,roulette,3.0,True,False,0.5,0.1,0.35,5.0,0.0,,,,,,,,,,,,,,
J60_3.RCP,1,161.24482067275562,3.581820011138916,GA_roulette_rcx_random_random_withLS_noNeighborhood,67,1000,1,50.0,60.0,,,,,,random,rcx,random,True,,,,,,,0.9,0.1,roulette,3.0,True,False,0.5,0.1,0.35,5.0,0.0,,,,,,,,,,,,,,
J60_3.RCP,0,145.125417687681,14.260986089706421,GA_roulette_rcx_random_random_noLS_withNeighborhood,67,1000,0,50.0,60.0,,,,,,random,rcx,random,False,,,,,,,0.9,0.1,roulette,3.0,True,False,0.5,0.1,0.35,5.0,2.0,,,,,,,,,,,,,,
J60_3.RCP,1,149.51347738917352,13.46995997428894,GA_roulette_rcx_random_random_noLS_withNeighborhood,67,1000,1,50.0,60.0,,,,,,random,rcx,random,False,,,,,,,0.9,0.1,roulette,3.0,True,False,0.5,0.1,0.35,5.0,2.0,,,,,,,,,,,,,,
J60_3.RCP,0,145.125417687681,13.734221935272217,GA_roulette_rcx_random_random_noLS_noNeighborhood,67,1000,0,50.0,60.0,,,,,,random,rcx,random,False,,,,,,,0.9,0.1,roulette,3.0,True,False,0.5,0.1,0.35,5.0,0.0,,,,,,,,,,,,,,
J60_3.RCP,1,149.51347738917352,13.536064147949219,GA_roulette_rcx_random_random_noLS_noNeighborhood,67,1000,1,50.0,60.0,,,,,,random,rcx,random,False,,,,,,,0.9,0.1,roulette,3.0,True,False,0.5,0.1,0.35,5.0,0.0,,,,,,,,,,,,,,
J60_3.RCP,0,154.37914903096458,3.5019760131835938,GA_roulette_rcx_random_heuristic_withLS_withNeighborhood,67,1000,0,50.0,60.0,,,,,,random,rcx,heuristic,True,,,,,,,0.9,0.1,roulette,3.0,True,False,0.5,0.1,0.35,5.0,2.0,,,,,,,,,,,,,,
J60_3.RCP,1,139.2746714190243,3.453648805618286,GA_roulette_rcx_random_heuristic_withLS_withNeighborhood,67,1000,1,50.0,60.0,,,,,,random,rcx,heuristic,True,,,,,,,0.9,0.1,roulette,3.0,True,False,0.5,0.1,0.35,5.0,2.0,,,,,,,,,,,,,,
J60_3.RCP,0,154.37914903096458,3.386469841003418,GA_roulette_rcx_random_heuristic_withLS_noNeighborhood,67,1000,0,50.0,60.0,,,,,,random,rcx,heuristic,True,,,,,,,0.9,0.1,roulette,3.0,True,False,0.5,0.1,0.35,5.0,0.0,,,,,,,,,,,,,,
J60_3.RCP,1,139.2746714190243,3.4484617710113525,GA_roulette_rcx_random_heuristic_withLS_noNeighborhood,67,1000,1,50.0,60.0,,,,,,random,rcx,heuristic,True,,,,,,,0.9,0.1,roulette,3.0,True,False,0.5,0.1,0.35,5.0,0.0,,,,,,,,,,,,,,
J60_3.RCP,0,143.84183559812877,13.65058183670044,GA_roulette_rcx_random_heuristic_noLS_withNeighborhood,67,1000,0,50.0,60.0,,,,,,random,rcx,heuristic,False,,,,,,,0.9,0.1,roulette,3.0,True,False,0.5,0.1,0.35,5.0,2.0,,,,,,,,,,,,,,
J60_3.RCP,1,139.2746714190243,13.380690813064575,GA_roulette_rcx_random_heuristic_noLS_withNeighborhood,67,1000,1,50.0,60.0,,,,,,random,rcx,heuristic,False,,,,,,,0.9,0.1,roulette,3.0,True,False,0.5,0.1,0.35,5.0,2.0,,,,,,,,,,,,,,
J60_3.RCP,0,143.84183559812877,13.627774953842163,GA_roulette_rcx_random_heuristic_noLS_noNeighborhood,67,1000,0,50.0,60.0,,,,,,random,rcx,heuristic,False,,,,,,,0.9,0.1,roulette,3.0,True,False,0.5,0.1,0.35,5.0,0.0,,,,,,,,,,,,,,
J60_3.RCP,1,139.2746714190243,13.238263130187988,GA_roulette_rcx_random_heuristic_noLS_noNeighborhood,67,1000,1,50.0,60.0,,,,,,random,rcx,heuristic,False,,,,,,,0.9,0.1,roulette,3.0,True,False,0.5,0.1,0.35,5.0,0.0,,,,,,,,,,,,,,
J60_3.RCP,0,152.31944753842726,3.780808925628662,GA_roulette_rcx_adaptive_random_withLS_withNeighborhood,67,1000,0,50.0,60.0,,,,,,adaptive,rcx,random,True,,,,,,,0.9,0.1,roulette,3.0,True,False,0.5,0.1,0.35,5.0,2.0,,,,,,,,,,,,,,
J60_3.RCP,1,171.06571619514366,3.6684117317199707,GA_roulette_rcx_adaptive_random_withLS_withNeighborhood,67,1000,1,50.0,60.0,,,,,,adaptive,rcx,random,True,,,,,,,0.9,0.1,roulette,3.0,True,False,0.5,0.1,0.35,5.0,2.0,,,,,,,,,,,,,,
J60_3.RCP,0,152.31944753842726,3.8353168964385986,GA_roulette_rcx_adaptive_random_withLS_noNeighborhood,67,1000,0,50.0,60.0,,,,,,adaptive,rcx,random,True,,,,,,,0.9,0.1,roulette,3.0,True,False,0.5,0.1,0.35,5.0,0.0,,,,,,,,,,,,,,
J60_3.RCP,1,171.06571619514366,3.672238826751709,GA_roulette_rcx_adaptive_random_withLS_noNeighborhood,67,1000,1,50.0,60.0,,,,,,adaptive,rcx,random,True,,,,,,,0.9,0.1,roulette,3.0,True,False,0.5,0.1,0.35,5.0,0.0,,,,,,,,,,,,,,
J60_3.RCP,0,152.31944753842726,13.84812593460083,GA_roulette_rcx_adaptive_random_noLS_withNeighborhood,67,1000,0,50.0,60.0,,,,,,adaptive,rcx,random,False,,,,,,,0.9,0.1,roulette,3.0,True,False,0.5,0.1,0.35,5.0,2.0,,,,,,,,,,,,,,
J60_3.RCP,1,158.9164624638004,13.740889072418213,GA_roulette_rcx_adaptive_random_noLS_withNeighborhood,67,1000,1,50.0,60.0,,,,,,adaptive,rcx,random,False,,,,,,,0.9,0.1,roulette,3.0,True,False,0.5,0.1,0.35,5.0,2.0,,,,,,,,,,,,,,
J60_3.RCP,0,152.31944753842726,14.504731178283691,GA_roulette_rcx_adaptive_random_noLS_noNeighborhood,67,1000,0,50.0,60.0,,,,,,adaptive,rcx,random,False,,,,,,,0.9,0.1,roulette,3.0,True,False,0.5,0.1,0.35,5.0,0.0,,,,,,,,,,,,,,
J60_3.RCP,1,158.9164624638004,14.015069961547852,GA_roulette_rcx_adaptive_random_noLS_noNeighborhood,67,1000,1,50.0,60.0,,,,,,adaptive,rcx,random,False,,,,,,,0.9,0.1,roulette,3.0,True,False,0.5,0.1,0.35,5.0,0.0,,,,,,,,,,,,,,
J60_3.RCP,0,135.15526843394966,3.688554048538208,GA_roulette_rcx_adaptive_heuristic_withLS_withNeighborhood,67,1000,0,50.0,60.0,,,,,,adaptive,rcx,heuristic,True,,,,,,,0.9,0.1,roulette,3.0,True,False,0.5,0.1,0.35,5.0,2.0,,,,,,,,,,,,,,
J60_3.RCP,1,156.170193807084,3.5814549922943115,GA_roulette_rcx_adaptive_heuristic_withLS_withNeighborhood,67,1000,1,50.0,60.0,,,,,,adaptive,rcx,heuristic,True,,,,,,,0.9,0.1,roulette,3.0,True,False,0.5,0.1,0.35,5.0,2.0,,,,,,,,,,,,,,
J60_3.RCP,0,135.15526843394966,3.7965240478515625,GA_roulette_rcx_adaptive_heuristic_withLS_noNeighborhood,67,1000,0,50.0,60.0,,,,,,adaptive,rcx,heuristic,True,,,,,,,0.9,0.1,roulette,3.0,True,False,0.5,0.1,0.35,5.0,0.0,,,,,,,,,,,,,,
J60_3.RCP,1,156.170193807084,3.585474967956543,GA_roulette_rcx_adaptive_heuristic_withLS_noNeighborhood,67,1000,1,50.0,60.0,,,,,,adaptive,rcx,heuristic,True,,,,,,,0.9,0.1,roulette,3.0,True,False,0.5,0.1,0.35,5.0,0.0,,,,,,,,,,,,,,
J60_3.RCP,0,135.15526843394966,13.888913869857788,GA_roulette_rcx_adaptive_heuristic_noLS_withNeighborhood,67,1000,0,50.0,60.0,,,,,,adaptive,rcx,heuristic,False,,,,,,,0.9,0.1,roulette,3.0,True,False,0.5,0.1,0.35,5.0,2.0,,,,,,,,,,,,,,
J60_3.RCP,1,151.03586544887503,13.824387073516846,GA_roulette_rcx_adaptive_heuristic_noLS_withNeighborhood,67,1000,1,50.0,60.0,,,,,,adaptive,rcx,heuristic,False,,,,,,,0.9,0.1,roulette,3.0,True,False,0.5,0.1,0.35,5.0,2.0,,,,,,,,,,,,,,
J60_3.RCP,0,135.15526843394966,13.698901891708374,GA_roulette_rcx_adaptive_heuristic_noLS_noNeighborhood,67,1000,0,50.0,60.0,,,,,,adaptive,rcx,heuristic,False,,,,,,,0.9,0.1,roulette,3.0,True,False,0.5,0.1,0.35,5.0,0.0,,,,,,,,,,,,,,
J60_3.RCP,1,151.03586544887503,13.759145975112915,GA_roulette_rcx_adaptive_heuristic_noLS_noNeighborhood,67,1000,1,50.0,60.0,,,,,,adaptive,rcx,heuristic,False,,,,,,,0.9,0.1,roulette,3.0,True,False,0.5,0.1,0.35,5.0,0.0,,,,,,,,,,,,,,
J60_3.RCP,0,152.31944753842726,0.23746418952941895,GA_roulette_hybrid_random_random_withLS_withNeighborhood,67,1000,0,50.0,60.0,,,,,,random,hybrid,random,True,,,,,,,0.9,0.1,roulette,3.0,True,False,0.5,0.1,0.35,5.0,2.0,,,,,,,,,,,,,,
J60_3.RCP,1,166.43885052350188,0.23350787162780762,GA_roulette_hybrid_random_random_withLS_withNeighborhood,67,1000,1,50.0,60.0,,,,,,random,hybrid,random,True,,,,,,,0.9,0.1,roulette,3.0,True,False,0.5,0.1,0.35,5.0,2.0,,,,,,,,,,,,,,
J60_3.RCP,0,152.31944753842726,0.23302006721496582,GA_roulette_hybrid_random_random_withLS_noNeighborhood,67,1000,0,50.0,60.0,,,,,,random,hybrid,random,True,,,,,,,0.9,0.1,roulette,3.0,True,False,0.5,0.1,0.35,5.0,0.0,,,,,,,,,,,,,,
J60_3.RCP,1,166.43885052350188,0.2330479621887207,GA_roulette_hybrid_random_random_withLS_noNeighborhood,67,1000,1,50.0,60.0,,,,,,random,hybrid,random,True,,,,,,,0.9,0.1,roulette,3.0,True,False,0.5,0.1,0.35,5.0,0.0,,,,,,,,,,,,,,
J60_3.RCP,0,152.31944753842726,0.33543896675109863,GA_roulette_hybrid_random_random_noLS_withNeighborhood,67,1000,0,50.0,60.0,,,,,,random,hybrid,random,False,,,,,,,0.9,0.1,roulette,3.0,True,False,0.5,0.1,0.35,5.0,2.0,,,,,,,,,,,,,,
J60_3.RCP,1,150.40899977723322,0.3305659294128418,GA_roulette_hybrid_random_random_noLS_withNeighborhood,67,1000,1,50.0,60.0,,,,,,random,hybrid,random,False,,,,,,,0.9,0.1,roulette,3.0,True,False,0.5,0.1,0.35,5.0,2.0,,,,,,,,,,,,,,
J60_3.RCP,0,152.31944753842726,0.3313899040222168,GA_roulette_hybrid_random_random_noLS_noNeighborhood,67,1000,0,50.0,60.0,,,,,,random,hybrid,random,False,,,,,,,0.9,0.1,roulette,3.0,True,False,0.5,0.1,0.35,5.0,0.0,,,,,,,,,,,,,,
J60_3.RCP,1,150.40899977723322,0.330672025680542,GA_roulette_hybrid_random_random_noLS_noNeighborhood,67,1000,1,50.0,60.0,,,,,,random,hybrid,random,False,,,,,,,0.9,0.1,roulette,3.0,True,False,0.5,0.1,0.35,5.0,0.0,,,,,,,,,,,,,,
J60_3.RCP,0,153.42392515036755,0.2353050708770752,GA_roulette_hybrid_random_heuristic_withLS_withNeighborhood,67,1000,0,50.0,60.0,,,,,,random,hybrid,heuristic,True,,,,,,,0.9,0.1,roulette,3.0,True,False,0.5,0.1,0.35,5.0,2.0,,,,,,,,,,,,,,
J60_3.RCP,1,159.125417687681,0.23607206344604492,GA_roulette_hybrid_random_heuristic_withLS_withNeighborhood,67,1000,1,50.0,60.0,,,,,,random,hybrid,heuristic,True,,,,,,,0.9,0.1,roulette,3.0,True,False,0.5,0.1,0.35,5.0,2.0,,,,,,,,,,,,,,
J60_3.RCP,0,153.42392515036755,0.23437118530273438,GA_roulette_hybrid_random_heuristic_withLS_noNeighborhood,67,1000,0,50.0,60.0,,,,,,random,hybrid,heuristic,True,,,,,,,0.9,0.1,roulette,3.0,True,False,0.5,0.1,0.35,5.0,0.0,,,,,,,,,,,,,,
J60_3.RCP,1,159.125417687681,0.23546218872070312,GA_roulette_hybrid_random_heuristic_withLS_noNeighborhood,67,1000,1,50.0,60.0,,,,,,random,hybrid,heuristic,True,,,,,,,0.9,0.1,roulette,3.0,True,False,0.5,0.1,0.35,5.0,0.0,,,,,,,,,,,,,,
J60_3.RCP,0,148.11049231454666,0.33283209800720215,GA_roulette_hybrid_random_heuristic_noLS_withNeighborhood,67,1000,0,50.0,60.0,,,,,,random,hybrid,heuristic,False,,,,,,,0.9,0.1,roulette,3.0,True,False,0.5,0.1,0.35,5.0,2.0,,,,,,,,,,,,,,
J60_3.RCP,1,149.8716863443974,0.3331029415130615,GA_roulette_hybrid_random_heuristic_noLS_withNeighborhood,67,1000,1,50.0,60.0,,,,,,random,hybrid,heuristic,False,,,,,,,0.9,0.1,roulette,3.0,True,False,0.5,0.1,0.35,5.0,2.0,,,,,,,,,,,,,,
J60_3.RCP,0,148.11049231454666,0.3337669372558594,GA_roulette_hybrid_random_heuristic_noLS_noNeighborhood,67,1000,0,50.0,60.0,,,,,,random,hybrid,heuristic,False,,,,,,,0.9,0.1,roulette,3.0,True,False,0.5,0.1,0.35,5.0,0.0,,,,,,,,,,,,,,
J60_3.RCP,1,149.8716863443974,0.3324880599975586,GA_roulette_hybrid_random_heuristic_noLS_noNeighborhood,67,1000,1,50.0,60.0,,,,,,random,hybrid,heuristic,False,,,,,,,0.9,0.1,roulette,3.0,True,False,0.5,0.1,0.35,5.0,0.0,,,,,,,,,,,,,,
J60_3.RCP,0,152.31944753842726,0.23728108406066895,GA_roulette_hybrid_adaptive_random_withLS_withNeighborhood,67,1000,0,50.0,60.0,,,,,,adaptive,hybrid,random,True,,,,,,,0.9,0.1,roulette,3.0,True,False,0.5,0.1,0.35,5.0,2.0,,,,,,,,,,,,,,
J60_3.RCP,1,180.82691022499444,0.23829293251037598,GA_roulette_hybrid_adaptive_random_withLS_withNeighborhood,67,1000,1,50.0,60.0,,,,,,adaptive,hybrid,random,True,,,,,,,0.9,0.1,roulette,3.0,True,False,0.5,0.1,0.35,5.0,2.0,,,,,,,,,,,,,,
J60_3.RCP,0,152.31944753842726,0.23801612854003906,GA_roulette_hybrid_adaptive_random_withLS_noNeighborhood,67,1000,0,50.0,60.0,,,,,,adaptive,hybrid,random,True,,,,,,,0.9,0.1,roulette,3.0,True,False,0.5,0.1,0.35,5.0,0.0,,,,,,,,,,,,,,
J60_3.RCP,1,180.82691022499444,0.2414231300354004,GA_roulette_hybrid_adaptive_random_withLS_noNeighborhood,67,1000,1,50.0,60.0,,,,,,adaptive,hybrid,random,True,,,,,,,0.9,0.1,roulette,3.0,True,False,0.5,0.1,0.35,5.0,0.0,,,,,,,,,,,,,,
J60_3.RCP,0,152.31944753842726,0.34978508949279785,GA_roulette_hybrid_adaptive_random_noLS_withNeighborhood,67,1000,0,50.0,60.0,,,,,,adaptive,hybrid,random,False,,,,,,,0.9,0.1,roulette,3.0,True,False,0.5,0.1,0.35,5.0,2.0,,,,,,,,,,,,,,
J60_3.RCP,1,152.52840276230785,0.3516378402709961,GA_roulette_hybrid_adaptive_random_noLS_withNeighborhood,67,1000,1,50.0,60.0,,,,,,adaptive,hybrid,random,False,,,,,,,0.9,0.1,roulette,3.0,True,False,0.5,0.1,0.35,5.0,2.0,,,,,,,,,,,,,,
J60_3.RCP,0,152.31944753842726,0.35007214546203613,GA_roulette_hybrid_adaptive_random_noLS_noNeighborhood,67,1000,0,50.0,60.0,,,,,,adaptive,hybrid,random,False,,,,,,,0.9,0.1,roulette,3.0,True,False,0.5,0.1,0.35,5.0,0.0,,,,,,,,,,,,,,
J60_3.RCP,1,152.52840276230785,0.3511087894439697,GA_roulette_hybrid_adaptive_random_noLS_noNeighborhood,67,1000,1,50.0,60.0,,,,,,adaptive,hybrid,random,False,,,,,,,0.9,0.1,roulette,3.0,True,False,0.5,0.1,0.35,5.0,0.0,,,,,,,,,,,,,,
J60_3.RCP,0,167.00601470260636,0.2429032325744629,GA_roulette_hybrid_adaptive_heuristic_withLS_withNeighborhood,67,1000,0,50.0,60.0,,,,,,adaptive,hybrid,heuristic,True,,,,,,,0.9,0.1,roulette,3.0,True,False,0.5,0.1,0.35,5.0,2.0,,,,,,,,,,,,,,
J60_3.RCP,1,158.73735798618844,0.24118924140930176,GA_roulette_hybrid_adaptive_heuristic_withLS_withNeighborhood,67,1000,1,50.0,60.0,,,,,,adaptive,hybrid,heuristic,True,,,,,,,0.9,0.1,roulette,3.0,True,False,0.5,0.1,0.35,5.0,2.0,,,,,,,,,,,,,,
J60_3.RCP,0,167.00601470260636,0.23990297317504883,GA_roulette_hybrid_adaptive_heuristic_withLS_noNeighborhood,67,1000,0,50.0,60.0,,,,,,adaptive,hybrid,heuristic,True,,,,,,,0.9,0.1,roulette,3.0,True,False,0.5,0.1,0.35,5.0,0.0,,,,,,,,,,,,,,
J60_3.RCP,1,158.73735798618844,0.23851490020751953,GA_roulette_hybrid_adaptive_heuristic_withLS_noNeighborhood,67,1000,1,50.0,60.0,,,,,,adaptive,hybrid,heuristic,True,,,,,,,0.9,0.1,roulette,3.0,True,False,0.5,0.1,0.35,5.0,0.0,,,,,,,,,,,,,,
J60_3.RCP,0,167.00601470260636,0.3537137508392334,GA_roulette_hybrid_adaptive_heuristic_noLS_withNeighborhood,67,1000,0,50.0,60.0,,,,,,adaptive,hybrid,heuristic,False,,,,,,,0.9,0.1,roulette,3.0,True,False,0.5,0.1,0.35,5.0,2.0,,,,,,,,,,,,,,
J60_3.RCP,1,149.39407440409892,0.3524050712585449,GA_roulette_hybrid_adaptive_heuristic_noLS_withNeighborhood,67,1000,1,50.0,60.0,,,,,,adaptive,hybrid,heuristic,False,,,,,,,0.9,0.1,roulette,3.0,True,False,0.5,0.1,0.35,5.0,2.0,,,,,,,,,,,,,,
J60_3.RCP,0,167.00601470260636,0.35376691818237305,GA_roulette_hybrid_adaptive_heuristic_noLS_noNeighborhood,67,1000,0,50.0,60.0,,,,,,adaptive,hybrid,heuristic,False,,,,,,,0.9,0.1,roulette,3.0,True,False,0.5,0.1,0.35,5.0,0.0,,,,,,,,,,,,,,
J60_3.RCP,1,149.39407440409892,0.3520348072052002,GA_roulette_hybrid_adaptive_heuristic_noLS_noNeighborhood,67,1000,1,50.0,60.0,,,,,,adaptive,hybrid,heuristic,False,,,,,,,0.9,0.1,roulette,3.0,True,False,0.5,0.1,0.35,5.0,0.0,,,,,,,,,,,,,,
J60_3.RCP,0,131.75228335932277,0.2399733066558838,GA_tournament_single_point_random_random_withLS_withNeighborhood,67,1000,0,50.0,60.0,,,,,,random,single_point,random,True,,,,,,,0.9,0.1,tournament,3.0,True,False,0.5,0.1,0.35,5.0,2.0,,,,,,,,,,,,,,
J60_3.RCP,1,141.69258186678547,0.23630023002624512,GA_tournament_single_point_random_random_withLS_withNeighborhood,67,1000,1,50.0,60.0,,,,,,random,single_point,random,True,,,,,,,0.9,0.1,tournament,3.0,True,False,0.5,0.1,0.35,5.0,2.0,,,,,,,,,,,,,,
J60_3.RCP,0,131.75228335932277,0.235015869140625,GA_tournament_single_point_random_random_withLS_noNeighborhood,67,1000,0,50.0,60.0,,,,,,random,single_point,random,True,,,,,,,0.9,0.1,tournament,3.0,True,False,0.5,0.1,0.35,5.0,0.0,,,,,,,,,,,,,,
J60_3.RCP,1,141.69258186678547,0.23659110069274902,GA_tournament_single_point_random_random_withLS_noNeighborhood,67,1000,1,50.0,60.0,,,,,,random,single_point,random,True,,,,,,,0.9,0.1,tournament,3.0,True,False,0.5,0.1,0.35,5.0,0.0,,,,,,,,,,,,,,
J60_3.RCP,0,114.82691022499442,0.33780884742736816,GA_tournament_single_point_random_random_noLS_withNeighborhood,67,1000,0,50.0,60.0,,,,,,random,single_point,random,False,,,,,,,0.9,0.1,tournament,3.0,True,False,0.5,0.1,0.35,5.0,2.0,,,,,,,,,,,,,,
J60_3.RCP,1,110.46870126977055,0.33670520782470703,GA_tournament_single_point_random_random_noLS_withNeighborhood,67,1000,1,50.0,60.0,,,,,,random,single_point,random,False,,,,,,,0.9,0.1,tournament,3.0,True,False,0.5,0.1,0.35,5.0,2.0,,,,,,,,,,,,,,
J60_3.RCP,0,114.82691022499442,0.3388071060180664,GA_tournament_single_point_random_random_noLS_noNeighborhood,67,1000,0,50.0,60.0,,,,,,random,single_point,random,False,,,,,,,0.9,0.1,tournament,3.0,True,False,0.5,0.1,0.35,5.0,0.0,,,,,,,,,,,,,,
J60_3.RCP,1,110.46870126977055,0.3381829261779785,GA_tournament_single_point_random_random_noLS_noNeighborhood,67,1000,1,50.0,60.0,,,,,,random,single_point,random,False,,,,,,,0.9,0.1,tournament,3.0,True,False,0.5,0.1,0.35,5.0,0.0,,,,,,,,,,,,,,
J60_3.RCP,0,136.52840276230785,0.23579001426696777,GA_tournament_single_point_random_heuristic_withLS_withNeighborhood,67,1000,0,50.0,60.0,,,,,,random,single_point,heuristic,True,,,,,,,0.9,0.1,tournament,3.0,True,False,0.5,0.1,0.35,5.0,2.0,,,,,,,,,,,,,,
J60_3.RCP,1,142.20004455335263,0.23714494705200195,GA_tournament_single_point_random_heuristic_withLS_withNeighborhood,67,1000,1,50.0,60.0,,,,,,random,single_point,heuristic,True,,,,,,,0.9,0.1,tournament,3.0,True,False,0.5,0.1,0.35,5.0,2.0,,,,,,,,,,,,,,
J60_3.RCP,0,136.52840276230785,0.23718905448913574,GA_tournament_single_point_random_heuristic_withLS_noNeighborhood,67,1000,0,50.0,60.0,,,,,,random,single_point,heuristic,True,,,,,,,0.9,0.1,tournament,3.0,True,False,0.5,0.1,0.35,5.0,0.0,,,,,,,,,,,,,,
J60_3.RCP,1,142.20004455335263,0.2359330654144287,GA_tournament_single_point_random_heuristic_withLS_noNeighborhood,67,1000,1,50.0,60.0,,,,,,random,single_point,heuristic,True,,,,,,,0.9,0.1,tournament,3.0,True,False,0.5,0.1,0.35,5.0,0.0,,,,,,,,,,,,,,
J60_3.RCP,0,120.31944753842727,0.34145092964172363,GA_tournament_single_point_random_heuristic_noLS_withNeighborhood,67,1000,0,50.0,60.0,,,,,,random,single_point,heuristic,False,,,,,,,0.9,0.1,tournament,3.0,True,False,0.5,0.1,0.35,5.0,2.0,,,,,,,,,,,,,,
J60_3.RCP,1,126.64780574738249,0.3405570983886719,GA_tournament_single_point_random_heuristic_noLS_withNeighborhood,67,1000,1,50.0,60.0,,,,,,random,single_point,heuristic,False,,,,,,,0.9,0.1,tournament,3.0,True,False,0.5,0.1,0.35,5.0,2.0,,,,,,,,,,,,,,
J60_3.RCP,0,120.31944753842727,0.34049391746520996,GA_tournament_single_point_random_heuristic_noLS_noNeighborhood,67,1000,0,50.0,60.0,,,,,,random,single_point,heuristic,False,,,,,,,0.9,0.1,tournament,3.0,True,False,0.5,0.1,0.35,5.0,0.0,,,,,,,,,,,,,,
J60_3.RCP,1,126.64780574738249,0.33918094635009766,GA_tournament_single_point_random_heuristic_noLS_noNeighborhood,67,1000,1,50.0,60.0,,,,,,random,single_point,heuristic,False,,,,,,,0.9,0.1,tournament,3.0,True,False,0.5,0.1,0.35,5.0,0.0,,,,,,,,,,,,,,
J60_3.RCP,0,152.31944753842726,0.2389969825744629,GA_tournament_single_point_adaptive_random_withLS_withNeighborhood,67,1000,0,50.0,60.0,,,,,,adaptive,single_point,random,True,,,,,,,0.9,0.1,tournament,3.0,True,False,0.5,0.1,0.35,5.0,2.0,,,,,,,,,,,,,,
J60_3.RCP,1,157.42392515036755,0.24222993850708008,GA_tournament_single_point_adaptive_random_withLS_withNeighborhood,67,1000,1,50.0,60.0,,,,,,adaptive,single_point,random,True,,,,,,,0.9,0.1,tournament,3.0,True,False,0.5,0.1,0.35,5.0,2.0,,,,,,,,,,,,,,
J60_3.RCP,0,152.31944753842726,0.2389209270477295,GA_tournament_single_point_adaptive_random_withLS_noNeighborhood,67,1000,0,50.0,60.0,,,,,,adaptive,single_point,random,True,,,,,,,0.9,0.1,tournament,3.0,True,False,0.5,0.1,0.35,5.0,0.0,,,,,,,,,,,,,,
J60_3.RCP,1,157.42392515036755,0.23899078369140625,GA_tournament_single_point_adaptive_random_withLS_noNeighborhood,67,1000,1,50.0,60.0,,,,,,adaptive,single_point,random,True,,,,,,,0.9,0.1,tournament,3.0,True,False,0.5,0.1,0.35,5.0,0.0,,,,,,,,,,,,,,
J60_3.RCP,0,140.64780574738248,0.35640907287597656,GA_tournament_single_point_adaptive_random_noLS_withNeighborhood,67,1000,0,50.0,60.0,,,,,,adaptive,single_point,random,False,,,,,,,0.9,0.1,tournament,3.0,True,False,0.5,0.1,0.35,5.0,2.0,,,,,,,,,,,,,,
J60_3.RCP,1,134.37914903096458,0.3558647632598877,GA_tournament_single_point_adaptive_random_noLS_withNeighborhood,67,1000,1,50.0,60.0,,,,,,adaptive,single_point,random,False,,,,,,,0.9,0.1,tournament,3.0,True,False,0.5,0.1,0.35,5.0,2.0,,,,,,,,,,,,,,
J60_3.RCP,0,140.64780574738248,0.35558176040649414,GA_tournament_single_point_adaptive_random_noLS_noNeighborhood,67,1000,0,50.0,60.0,,,,,,adaptive,single_point,random,False,,,,,,,0.9,0.1,tournament,3.0,True,False,0.5,0.1,0.35,5.0,0.0,,,,,,,,,,,,,,
J60_3.RCP,1,134.37914903096458,0.35611915588378906,GA_tournament_single_point_adaptive_random_noLS_noNeighborhood,67,1000,1,50.0,60.0,,,,,,adaptive,single_point,random,False,,,,,,,0.9,0.1,tournament,3.0,True,False,0.5,0.1,0.35,5.0,0.0,,,,,,,,,,,,,,
J60_3.RCP,0,144.37914903096458,0.23944592475891113,GA_tournament_single_point_adaptive_heuristic_withLS_withNeighborhood,67,1000,0,50.0,60.0,,,,,,adaptive,single_point,heuristic,True,,,,,,,0.9,0.1,tournament,3.0,True,False,0.5,0.1,0.35,5.0,2.0,,,,,,,,,,,,,,
J60_3.RCP,1,152.79705947872577,0.24088382720947266,GA_tournament_single_point_adaptive_heuristic_withLS_withNeighborhood,67,1000,1,50.0,60.0,,,,,,adaptive,single_point,heuristic,True,,,,,,,0.9,0.1,tournament,3.0,True,False,0.5,0.1,0.35,5.0,2.0,,,,,,,,,,,,,,
J60_3.RCP,0,144.37914903096458,0.23961424827575684,GA_tournament_single_point_adaptive_heuristic_withLS_noNeighborhood,67,1000,0,50.0,60.0,,,,,,adaptive,single_point,heuristic,True,,,,,,,0.9,0.1,tournament,3.0,True,False,0.5,0.1,0.35,5.0,0.0,,,,,,,,,,,,,,
J60_3.RCP,1,152.79705947872577,0.24184799194335938,GA_tournament_single_point_adaptive_heuristic_withLS_noNeighborhood,67,1000,1,50.0,60.0,,,,,,adaptive,single_point,heuristic,True,,,,,,,0.9,0.1,tournament,3.0,True,False,0.5,0.1,0.35,5.0,0.0,,,,,,,,,,,,,,
J60_3.RCP,0,133.84183559812877,0.35840892791748047,GA_tournament_single_point_adaptive_heuristic_noLS_withNeighborhood,67,1000,0,50.0,60.0,,,,,,adaptive,single_point,heuristic,False,,,,,,,0.9,0.1,tournament,3.0,True,False,0.5,0.1,0.35,5.0,2.0,,,,,,,,,,,,,,
J60_3.RCP,1,129.51347738917352,0.35730791091918945,GA_tournament_single_point_adaptive_heuristic_noLS_withNeighborhood,67,1000,1,50.0,60.0,,,,,,adaptive,single_point,heuristic,False,,,,,,,0.9,0.1,tournament,3.0,True,False,0.5,0.1,0.35,5.0,2.0,,,,,,,,,,,,,,
J60_3.RCP,0,133.84183559812877,0.35732603073120117,GA_tournament_single_point_adaptive_heuristic_noLS_noNeighborhood,67,1000,0,50.0,60.0,,,,,,adaptive,single_point,heuristic,False,,,,,,,0.9,0.1,tournament,3.0,True,False,0.5,0.1,0.35,5.0,0.0,,,,,,,,,,,,,,
J60_3.RCP,1,129.51347738917352,0.35746002197265625,GA_tournament_single_point_adaptive_heuristic_noLS_noNeighborhood,67,1000,1,50.0,60.0,,,,,,adaptive,single_point,heuristic,False,,,,,,,0.9,0.1,tournament,3.0,True,False,0.5,0.1,0.35,5.0,0.0,,,,,,,,,,,,,,
J60_3.RCP,0,143.21496992648696,0.2359619140625,GA_tournament_two_point_random_random_withLS_withNeighborhood,67,1000,0,50.0,60.0,,,,,,random,two_point,random,True,,,,,,,0.9,0.1,tournament,3.0,True,False,0.5,0.1,0.35,5.0,2.0,,,,,,,,,,,,,,
J60_3.RCP,1,151.15526843394966,0.23530340194702148,GA_tournament_two_point_random_random_withLS_withNeighborhood,67,1000,1,50.0,60.0,,,,,,random,two_point,random,True,,,,,,,0.9,0.1,tournament,3.0,True,False,0.5,0.1,0.35,5.0,2.0,,,,,,,,,,,,,,
J60_3.RCP,0,143.21496992648696,0.23585820198059082,GA_tournament_two_point_random_random_withLS_noNeighborhood,67,1000,0,50.0,60.0,,,,,,random,two_point,random,True,,,,,,,0.9,0.1,tournament,3.0,True,False,0.5,0.1,0.35,5.0,0.0,,,,,,,,,,,,,,
J60_3.RCP,1,151.15526843394966,0.23402905464172363,GA_tournament_two_point_random_random_withLS_noNeighborhood,67,1000,1,50.0,60.0,,,,,,random,two_point,random,True,,,,,,,0.9,0.1,tournament,3.0,True,False,0.5,0.1,0.35,5.0,0.0,,,,,,,,,,,,,,
J60_3.RCP,0,119.8119848518601,0.33789682388305664,GA_tournament_two_point_random_random_noLS_withNeighborhood,67,1000,0,50.0,60.0,,,,,,random,two_point,random,False,,,,,,,0.9,0.1,tournament,3.0,True,False,0.5,0.1,0.35,5.0,2.0,,,,,,,,,,,,,,
J60_3.RCP,1,115.57317888171085,0.3383758068084717,GA_tournament_two_point_random_random_noLS_withNeighborhood,67,1000,1,50.0,60.0,,,,,,random,two_point,random,False,,,,,,,0.9,0.1,tournament,3.0,True,False,0.5,0.1,0.35,5.0,2.0,,,,,,,,,,,,,,
J60_3.RCP,0,119.8119848518601,0.3386368751525879,GA_tournament_two_point_random_random_noLS_noNeighborhood,67,1000,0,50.0,60.0,,,,,,random,two_point,random,False,,,,,,,0.9,0.1,tournament,3.0,True,False,0.5,0.1,0.35,5.0,0.0,,,,,,,,,,,,,,
J60_3.RCP,1,115.57317888171085,0.3380758762359619,GA_tournament_two_point_random_random_noLS_noNeighborhood,67,1000,1,50.0,60.0,,,,,,random,two_point,random,False,,,,,,,0.9,0.1,tournament,3.0,True,False,0.5,0.1,0.35,5.0,0.0,,,,,,,,,,,,,,
J60_3.RCP,0,141.48362664290488,0.2368147373199463,GA_tournament_two_point_random_heuristic_withLS_withNeighborhood,67,1000,0,50.0,60.0,,,,,,random,two_point,heuristic,True,,,,,,,0.9,0.1,tournament,3.0,True,False,0.5,0.1,0.35,5.0,2.0,,,,,,,,,,,,,,
J60_3.RCP,1,154.2298952996213,0.23665428161621094,GA_tournament_two_point_random_heuristic_withLS_withNeighborhood,67,1000,1,50.0,60.0,,,,,,random,two_point,heuristic,True,,,,,,,0.9,0.1,tournament,3.0,True,False,0.5,0.1,0.35,5.0,2.0,,,,,,,,,,,,,,
J60_3.RCP,0,141.48362664290488,0.23609089851379395,GA_tournament_two_point_random_heuristic_withLS_noNeighborhood,67,1000,0,50.0,60.0,,,,,,random,two_point,heuristic,True,,,,,,,0.9,0.1,tournament,3.0,True,False,0.5,0.1,0.35,5.0,0.0,,,,,,,,,,,,,,
J60_3.RCP,1,154.2298952996213,0.23685026168823242,GA_tournament_two_point_random_heuristic_withLS_noNeighborhood,67,1000,1,50.0,60.0,,,,,,random,two_point,heuristic,True,,,,,,,0.9,0.1,tournament,3.0,True,False,0.5,0.1,0.35,5.0,0.0,,,,,,,,,,,,,,
J60_3.RCP,0,128.64780574738248,0.3406059741973877,GA_tournament_two_point_random_heuristic_noLS_withNeighborhood,67,1000,0,50.0,60.0,,,,,,random,two_point,heuristic,False,,,,,,,0.9,0.1,tournament,3.0,True,False,0.5,0.1,0.35,5.0,2.0,,,,,,,,,,,,,,
J60_3.RCP,1,118.11049231454666,0.33898496627807617,GA_tournament_two_point_random_heuristic_noLS_withNeighborhood,67,1000,1,50.0,60.0,,,,,,random,two_point,heuristic,False,,,,,,,0.9,0.1,tournament,3.0,True,False,0.5,0.1,0.35,5.0,2.0,,,,,,,,,,,,,,
J60_3.RCP,0,128.64780574738248,0.3407130241394043,GA_tournament_two_point_random_heuristic_noLS_noNeighborhood,67,1000,0,50.0,60.0,,,,,,random,two_point,heuristic,False,,,,,,,0.9,0.1,tournament,3.0,True,False,0.5,0.1,0.35,5.0,0.0,,,,,,,,,,,,,,
J60_3.RCP,1,118.11049231454666,0.34070563316345215,GA_tournament_two_point_random_heuristic_noLS_noNeighborhood,67,1000,1,50.0,60.0,,,,,,random,two_point,heuristic,False,,,,,,,0.9,0.1,tournament,3.0,True,False,0.5,0.1,0.35,5.0,0.0,,,,,,,,,,,,,,
J60_3.RCP,0,151.39407440409892,0.2391190528869629,GA_tournament_two_point_adaptive_random_withLS_withNeighborhood,67,1000,0,50.0,60.0,,,,,,adaptive,two_point,random,True,,,,,,,0.9,0.1,tournament,3.0,True,False,0.5,0.1,0.35,5.0,2.0,,,,,,,,,,,,,,
J60_3.RCP,1,165.39407440409892,0.24001312255859375,GA_tournament_two_point_adaptive_random_withLS_withNeighborhood,67,1000,1,50.0,60.0,,,,,,adaptive,two_point,random,True,,,,,,,0.9,0.1,tournament,3.0,True,False,0.5,0.1,0.35,5.0,2.0,,,,,,,,,,,,,,
J60_3.RCP,0,151.39407440409892,0.23914694786071777,GA_tournament_two_point_adaptive_random_withLS_noNeighborhood,67,1000,0,50.0,60.0,,,,,,adaptive,two_point,random,True,,,,,,,0.9,0.1,tournament,3.0,True,False,0.5,0.1,0.35,5.0,0.0,,,,,,,,,,,,,,
J60_3.RCP,1,165.39407440409892,0.23924517631530762,GA_tournament_two_point_adaptive_random_withLS_noNeighborhood,67,1000,1,50.0,60.0,,,,,,adaptive,two_point,random,True,,,,,,,0.9,0.1,tournament,3.0,True,False,0.5,0.1,0.35,5.0,0.0,,,,,,,,,,,,,,
J60_3.RCP,0,129.42392515036755,0.3575270175933838,GA_tournament_two_point_adaptive_random_noLS_withNeighborhood,67,1000,0,50.0,60.0,,,,,,adaptive,two_point,random,False,,,,,,,0.9,0.1,tournament,3.0,True,False,0.5,0.1,0.35,5.0,2.0,,,,,,,,,,,,,,
J60_3.RCP,1,132.11049231454666,0.3579721450805664,GA_tournament_two_point_adaptive_random_noLS_withNeighborhood,67,1000,1,50.0,60.0,,,,,,adaptive,two_point,random,False,,,,,,,0.9,0.1,tournament,3.0,True,False,0.5,0.1,0.35,5.0,2.0,,,,,,,,,,,,,,
J60_3.RCP,0,129.42392515036755,0.35813188552856445,GA_tournament_two_point_adaptive_random_noLS_noNeighborhood,67,1000,0,50.0,60.0,,,,,,adaptive,two_point,random,False,,,,,,,0.9,0.1,tournament,3.0,True,False,0.5,0.1,0.35,5.0,0.0,,,,,,,,,,,,,,
J60_3.RCP,1,132.11049231454666,0.35759711265563965,GA_tournament_two_point_adaptive_random_noLS_noNeighborhood,67,1000,1,50.0,60.0,,,,,,adaptive,two_point,random,False,,,,,,,0.9,0.1,tournament,3.0,True,False,0.5,0.1,0.35,5.0,0.0,,,,,,,,,,,,,,
J60_3.RCP,0,147.57317888171085,0.24043011665344238,GA_tournament_two_point_adaptive_heuristic_withLS_withNeighborhood,67,1000,0,50.0,60.0,,,,,,adaptive,two_point,heuristic,True,,,,,,,0.9,0.1,tournament,3.0,True,False,0.5,0.1,0.35,5.0,2.0,,,,,,,,,,,,,,
J60_3.RCP,1,146.2895967921586,0.24120783805847168,GA_tournament_two_point_adaptive_heuristic_withLS_withNeighborhood,67,1000,1,50.0,60.0,,,,,,adaptive,two_point,heuristic,True,,,,,,,0.9,0.1,tournament,3.0,True,False,0.5,0.1,0.35,5.0,2.0,,,,,,,,,,,,,,
J60_3.RCP,0,147.57317888171085,0.2412259578704834,GA_tournament_two_point_adaptive_heuristic_withLS_noNeighborhood,67,1000,0,50.0,60.0,,,,,,adaptive,two_point,heuristic,True,,,,,,,0.9,0.1,tournament,3.0,True,False,0.5,0.1,0.35,5.0,0.0,,,,,,,,,,,,,,
J60_3.RCP,1,146.2895967921586,0.24075579643249512,GA_tournament_two_point_adaptive_heuristic_withLS_noNeighborhood,67,1000,1,50.0,60.0,,,,,,adaptive,two_point,heuristic,True,,,,,,,0.9,0.1,tournament,3.0,True,False,0.5,0.1,0.35,5.0,0.0,,,,,,,,,,,,,,
J60_3.RCP,0,131.60302962797954,0.3632807731628418,GA_tournament_two_point_adaptive_heuristic_noLS_withNeighborhood,67,1000,0,50.0,60.0,,,,,,adaptive,two_point,heuristic,False,,,,,,,0.9,0.1,tournament,3.0,True,False,0.5,0.1,0.35,5.0,2.0,,,,,,,,,,,,,,
J60_3.RCP,1,131.1851191802183,0.38008594512939453,GA_tournament_two_point_adaptive_heuristic_noLS_withNeighborhood,67,1000,1,50.0,60.0,,,,,,adaptive,two_point,heuristic,False,,,,,,,0.9,0.1,tournament,3.0,True,False,0.5,0.1,0.35,5.0,2.0,,,,,,,,,,,,,,
J60_3.RCP,0,131.60302962797954,0.36208009719848633,GA_tournament_two_point_adaptive_heuristic_noLS_noNeighborhood,67,1000,0,50.0,60.0,,,,,,adaptive,two_point,heuristic,False,,,,,,,0.9,0.1,tournament,3.0,True,False,0.5,0.1,0.35,5.0,0.0,,,,,,,,,,,,,,
J60_3.RCP,1,131.1851191802183,0.3596498966217041,GA_tournament_two_point_adaptive_heuristic_noLS_noNeighborhood,67,1000,1,50.0,60.0,,,,,,adaptive,two_point,heuristic,False,,,,,,,0.9,0.1,tournament,3.0,True,False,0.5,0.1,0.35,5.0,0.0,,,,,,,,,,,,,,
J60_3.RCP,0,152.31944753842726,1.9394001960754395,GA_tournament_rcx_random_random_withLS_withNeighborhood,67,1000,0,50.0,60.0,,,,,,random,rcx,random,True,,,,,,,0.9,0.1,tournament,3.0,True,False,0.5,0.1,0.35,5.0,2.0,,,,,,,,,,,,,,
J60_3.RCP,1,156.61795500111384,1.9276599884033203,GA_tournament_rcx_random_random_withLS_withNeighborhood,67,1000,1,50.0,60.0,,,,,,random,rcx,random,True,,,,,,,0.9,0.1,tournament,3.0,True,False,0.5,0.1,0.35,5.0,2.0,,,,,,,,,,,,,,
J60_3.RCP,0,152.31944753842726,1.9417061805725098,GA_tournament_rcx_random_random_withLS_noNeighborhood,67,1000,0,50.0,60.0,,,,,,random,rcx,random,True,,,,,,,0.9,0.1,tournament,3.0,True,False,0.5,0.1,0.35,5.0,0.0,,,,,,,,,,,,,,
J60_3.RCP,1,156.61795500111384,1.9264519214630127,GA_tournament_rcx_random_random_withLS_noNeighborhood,67,1000,1,50.0,60.0,,,,,,random,rcx,random,True,,,,,,,0.9,0.1,tournament,3.0,True,False,0.5,0.1,0.35,5.0,0.0,,,,,,,,,,,,,,
J60_3.RCP,0,123.4836266429049,7.003745794296265,GA_tournament_rcx_random_random_noLS_withNeighborhood,67,1000,0,50.0,60.0,,,,,,random,rcx,random,False,,,,,,,0.9,0.1,tournament,3.0,True,False,0.5,0.1,0.35,5.0,2.0,,,,,,,,,,,,,,
J60_3.RCP,1,114.79705947872579,6.869738817214966,GA_tournament_rcx_random_random_noLS_withNeighborhood,67,1000,1,50.0,60.0,,,,,,random,rcx,random,False,,,,,,,0.9,0.1,tournament,3.0,True,False,0.5,0.1,0.35,5.0,2.0,,,,,,,,,,,,,,
J60_3.RCP,0,123.4836266429049,7.01592493057251,GA_tournament_rcx_random_random_noLS_noNeighborhood,67,1000,0,50.0,60.0,,,,,,random,rcx,random,False,,,,,,,0.9,0.1,tournament,3.0,True,False,0.5,0.1,0.35,5.0,0.0,,,,,,,,,,,,,,
J60_3.RCP,1,114.79705947872579,6.86493706703186,GA_tournament_rcx_random_random_noLS_noNeighborhood,67,1000,1,50.0,60.0,,,,,,random,rcx,random,False,,,,,,,0.9,0.1,tournament,3.0,True,False,0.5,0.1,0.35,5.0,0.0,,,,,,,,,,,,,,
J60_3.RCP,0,144.14034306081533,1.8886590003967285,GA_tournament_rcx_random_heuristic_withLS_withNeighborhood,67,1000,0,50.0,60.0,,,,,,random,rcx,heuristic,True,,,,,,,0.9,0.1,tournament,3.0,True,False,0.5,0.1,0.35,5.0,2.0,,,,,,,,,,,,,,
J60_3.RCP,1,138.9164624638004,1.9315540790557861,GA_tournament_rcx_random_heuristic_withLS_withNeighborhood,67,1000,1,50.0,60.0,,,,,,random,rcx,heuristic,True,,,,,,,0.9,0.1,tournament,3.0,True,False,0.5,0.1,0.35,5.0,2.0,,,,,,,,,,,,,,
J60_3.RCP,0,144.14034306081533,1.8888070583343506,GA_tournament_rcx_random_heuristic_withLS_noNeighborhood,67,1000,0,50.0,60.0,,,,,,random,rcx,heuristic,True,,,,,,,0.9,0.1,tournament,3.0,True,False,0.5,0.1,0.35,5.0,0.0,,,,,,,,,,,,,,
J60_3.RCP,1,138.9164624638004,1.932157039642334,GA_tournament_rcx_random_heuristic_withLS_noNeighborhood,67,1000,1,50.0,60.0,,,,,,random,rcx,heuristic,True,,,,,,,0.9,0.1,tournament,3.0,True,False,0.5,0.1,0.35,5.0,0.0,,,,,,,,,,,,,,
J60_3.RCP,0,125.96123858320338,6.905229091644287,GA_tournament_rcx_random_heuristic_noLS_withNeighborhood,67,1000,0,50.0,60.0,,,,,,random,rcx,heuristic,False,,,,,,,0.9,0.1,tournament,3.0,True,False,0.5,0.1,0.35,5.0,2.0,,,,,,,,,,,,,,
J60_3.RCP,1,121.60302962797952,6.846560001373291,GA_tournament_rcx_random_heuristic_noLS_withNeighborhood,67,1000,1,50.0,60.0,,,,,,random,rcx,heuristic,False,,,,,,,0.9,0.1,tournament,3.0,True,False,0.5,0.1,0.35,5.0,2.0,,,,,,,,,,,,,,
J60_3.RCP,0,125.96123858320338,6.906643867492676,GA_tournament_rcx_random_heuristic_noLS_noNeighborhood,67,1000,0,50.0,60.0,,,,,,random,rcx,heuristic,False,,,,,,,0.9,0.1,tournament,3.0,True,False,0.5,0.1,0.35,5.0,0.0,,,,,,,,,,,,,,
J60_3.RCP,1,121.60302962797952,6.831204175949097,GA_tournament_rcx_random_heuristic_noLS_noNeighborhood,67,1000,1,50.0,60.0,,,,,,random,rcx,heuristic,False,,,,,,,0.9,0.1,tournament,3.0,True,False,0.5,0.1,0.35,5.0,0.0,,,,,,,,,,,,,,
J60_3.RCP,0,152.31944753842726,1.9624660015106201,GA_tournament_rcx_adaptive_random_withLS_withNeighborhood,67,1000,0,50.0,60.0,,,,,,adaptive,rcx,random,True,,,,,,,0.9,0.1,tournament,3.0,True,False,0.5,0.1,0.35,5.0,2.0,,,,,,,,,,,,,,
J60_3.RCP,1,158.11049231454666,1.8675169944763184,GA_tournament_rcx_adaptive_random_withLS_withNeighborhood,67,1000,1,50.0,60.0,,,,,,adaptive,rcx,random,True,,,,,,,0.9,0.1,tournament,3.0,True,False,0.5,0.1,0.35,5.0,2.0,,,,,,,,,,,,,,
J60_3.RCP,0,152.31944753842726,1.9679291248321533,GA_tournament_rcx_adaptive_random_withLS_noNeighborhood,67,1000,0,50.0,60.0,,,,,,adaptive,rcx,random,True,,,,,,,0.9,0.1,tournament,3.0,True,False,0.5,0.1,0.35,5.0,0.0,,,,,,,,,,,,,,
J60_3.RCP,1,158.11049231454666,1.9847359657287598,GA_tournament_rcx_adaptive_random_withLS_noNeighborhood,67,1000,1,50.0,60.0,,,,,,adaptive,rcx,random,True,,,,,,,0.9,0.1,tournament,3.0,True,False,0.5,0.1,0.35,5.0,0.0,,,,,,,,,,,,,,
J60_3.RCP,0,139.75228335932277,7.8527867794036865,GA_tournament_rcx_adaptive_random_noLS_withNeighborhood,67,1000,0,50.0,60.0,,,,,,adaptive,rcx,random,False,,,,,,,0.9,0.1,tournament,3.0,True,False,0.5,0.1,0.35,5.0,2.0,,,,,,,,,,,,,,
J60_3.RCP,1,121.36422365783025,7.196223974227905,GA_tournament_rcx_adaptive_random_noLS_withNeighborhood,67,1000,1,50.0,60.0,,,,,,adaptive,rcx,random,False,,,,,,,0.9,0.1,tournament,3.0,True,False,0.5,0.1,0.35,5.0,2.0,,,,,,,,,,,,,,
J60_3.RCP,0,139.75228335932277,7.367722034454346,GA_tournament_rcx_adaptive_random_noLS_noNeighborhood,67,1000,0,50.0,60.0,,,,,,adaptive,rcx,random,False,,,,,,,0.9,0.1,tournament,3.0,True,False,0.5,0.1,0.35,5.0,0.0,,,,,,,,,,,,,,
J60_3.RCP,1,121.36422365783025,7.173719882965088,GA_tournament_rcx_adaptive_random_noLS_noNeighborhood,67,1000,1,50.0,60.0,,,,,,adaptive,rcx,random,False,,,,,,,0.9,0.1,tournament,3.0,True,False,0.5,0.1,0.35,5.0,0.0,,,,,,,,,,,,,,
J60_3.RCP,0,136.31944753842726,1.8719580173492432,GA_tournament_rcx_adaptive_heuristic_withLS_withNeighborhood,67,1000,0,50.0,60.0,,,,,,adaptive,rcx,heuristic,True,,,,,,,0.9,0.1,tournament,3.0,True,False,0.5,0.1,0.35,5.0,2.0,,,,,,,,,,,,,,
J60_3.RCP,1,148.73735798618844,1.899785041809082,GA_tournament_rcx_adaptive_heuristic_withLS_withNeighborhood,67,1000,1,50.0,60.0,,,,,,adaptive,rcx,heuristic,True,,,,,,,0.9,0.1,tournament,3.0,True,False,0.5,0.1,0.35,5.0,2.0,,,,,,,,,,,,,,
J60_3.RCP,0,136.31944753842726,1.8555588722229004,GA_tournament_rcx_adaptive_heuristic_withLS_noNeighborhood,67,1000,0,50.0,60.0,,,,,,adaptive,rcx,heuristic,True,,,,,,,0.9,0.1,tournament,3.0,True,False,0.5,0.1,0.35,5.0,0.0,,,,,,,,,,,,,,
J60_3.RCP,1,148.73735798618844,1.9400379657745361,GA_tournament_rcx_adaptive_heuristic_withLS_noNeighborhood,67,1000,1,50.0,60.0,,,,,,adaptive,rcx,heuristic,True,,,,,,,0.9,0.1,tournament,3.0,True,False,0.5,0.1,0.35,5.0,0.0,,,,,,,,,,,,,,
J60_3.RCP,0,126.97616395633771,6.936492919921875,GA_tournament_rcx_adaptive_heuristic_noLS_withNeighborhood,67,1000,0,50.0,60.0,,,,,,adaptive,rcx,heuristic,False,,,,,,,0.9,0.1,tournament,3.0,True,False,0.5,0.1,0.35,5.0,2.0,,,,,,,,,,,,,,
J60_3.RCP,1,131.6030296279795,6.978312015533447,GA_tournament_rcx_adaptive_heuristic_noLS_withNeighborhood,67,1000,1,50.0,60.0,,,,,,adaptive,rcx,heuristic,False,,,,,,,0.9,0.1,tournament,3.0,True,False,0.5,0.1,0.35,5.0,2.0,,,,,,,,,,,,,,
J60_3.RCP,0,126.97616395633771,6.95208477973938,GA_tournament_rcx_adaptive_heuristic_noLS_noNeighborhood,67,1000,0,50.0,60.0,,,,,,adaptive,rcx,heuristic,False,,,,,,,0.9,0.1,tournament,3.0,True,False,0.5,0.1,0.35,5.0,0.0,,,,,,,,,,,,,,
J60_3.RCP,1,131.6030296279795,7.006922006607056,GA_tournament_rcx_adaptive_heuristic_noLS_noNeighborhood,67,1000,1,50.0,60.0,,,,,,adaptive,rcx,heuristic,False,,,,,,,0.9,0.1,tournament,3.0,True,False,0.5,0.1,0.35,5.0,0.0,,,,,,,,,,,,,,
J60_3.RCP,0,152.31944753842726,1.1377129554748535,GA_tournament_hybrid_random_random_withLS_withNeighborhood,67,1000,0,50.0,60.0,,,,,,random,hybrid,random,True,,,,,,,0.9,0.1,tournament,3.0,True,False,0.5,0.1,0.35,5.0,2.0,,,,,,,,,,,,,,
J60_3.RCP,1,163.21496992648696,1.0952420234680176,GA_tournament_hybrid_random_random_withLS_withNeighborhood,67,1000,1,50.0,60.0,,,,,,random,hybrid,random,True,,,,,,,0.9,0.1,tournament,3.0,True,False,0.5,0.1,0.35,5.0,2.0,,,,,,,,,,,,,,
J60_3.RCP,0,152.31944753842726,1.1704771518707275,GA_tournament_hybrid_random_random_withLS_noNeighborhood,67,1000,0,50.0,60.0,,,,,,random,hybrid,random,True,,,,,,,0.9,0.1,tournament,3.0,True,False,0.5,0.1,0.35,5.0,0.0,,,,,,,,,,,,,,
J60_3.RCP,1,163.21496992648696,1.1062679290771484,GA_tournament_hybrid_random_random_withLS_noNeighborhood,67,1000,1,50.0,60.0,,,,,,random,hybrid,random,True,,,,,,,0.9,0.1,tournament,3.0,True,False,0.5,0.1,0.35,5.0,0.0,,,,,,,,,,,,,,
J60_3.RCP,0,130.05079082200936,3.836663007736206,GA_tournament_hybrid_random_random_noLS_withNeighborhood,67,1000,0,50.0,60.0,,,,,,random,hybrid,random,False,,,,,,,0.9,0.1,tournament,3.0,True,False,0.5,0.1,0.35,5.0,2.0,,,,,,,,,,,,,,
J60_3.RCP,1,118.22989529962129,3.8046510219573975,GA_tournament_hybrid_random_random_noLS_withNeighborhood,67,1000,1,50.0,60.0,,,,,,random,hybrid,random,False,,,,,,,0.9,0.1,tournament,3.0,True,False,0.5,0.1,0.35,5.0,2.0,,,,,,,,,,,,,,
J60_3.RCP,0,130.05079082200936,3.8058433532714844,GA_tournament_hybrid_random_random_noLS_noNeighborhood,67,1000,0,50.0,60.0,,,,,,random,hybrid,random,False,,,,,,,0.9,0.1,tournament,3.0,True,False,0.5,0.1,0.35,5.0,0.0,,,,,,,,,,,,,,
J60_3.RCP,1,118.22989529962129,3.878251791000366,GA_tournament_hybrid_random_random_noLS_noNeighborhood,67,1000,1,50.0,60.0,,,,,,random,hybrid,random,False,,,,,,,0.9,0.1,tournament,3.0,True,False,0.5,0.1,0.35,5.0,0.0,,,,,,,,,,,,,,
J60_3.RCP,0,150.080641568278,1.0402591228485107,GA_tournament_hybrid_random_heuristic_withLS_withNeighborhood,67,1000,0,50.0,60.0,,,,,,random,hybrid,heuristic,True,,,,,,,0.9,0.1,tournament,3.0,True,False,0.5,0.1,0.35,5.0,2.0,,,,,,,,,,,,,,
J60_3.RCP,1,144.7672087324571,1.1178820133209229,GA_tournament_hybrid_random_heuristic_withLS_withNeighborhood,67,1000,1,50.0,60.0,,,,,,random,hybrid,heuristic,True,,,,,,,0.9,0.1,tournament,3.0,True,False,0.5,0.1,0.35,5.0,2.0,,,,,,,,,,,,,,
J60_3.RCP,0,150.080641568278,1.1141953468322754,GA_tournament_hybrid_random_heuristic_withLS_noNeighborhood,67,1000,0,50.0,60.0,,,,,,random,hybrid,heuristic,True,,,,,,,0.9,0.1,tournament,3.0,True,False,0.5,0.1,0.35,5.0,0.0,,,,,,,,,,,,,,
J60_3.RCP,1,144.7672087324571,1.1095099449157715,GA_tournament_hybrid_random_heuristic_withLS_noNeighborhood,67,1000,1,50.0,60.0,,,,,,random,hybrid,heuristic,True,,,,,,,0.9,0.1,tournament,3.0,True,False,0.5,0.1,0.35,5.0,0.0,,,,,,,,,,,,,,
J60_3.RCP,0,126.67765649365114,3.9882750511169434,GA_tournament_hybrid_random_heuristic_noLS_withNeighborhood,67,1000,0,50.0,60.0,,,,,,random,hybrid,heuristic,False,,,,,,,0.9,0.1,tournament,3.0,True,False,0.5,0.1,0.35,5.0,2.0,,,,,,,,,,,,,,
J60_3.RCP,1,113.7522833593228,3.970258951187134,GA_tournament_hybrid_random_heuristic_noLS_withNeighborhood,67,1000,1,50.0,60.0,,,,,,random,hybrid,heuristic,False,,,,,,,0.9,0.1,tournament,3.0,True,False,0.5,0.1,0.35,5.0,2.0,,,,,,,,,,,,,,
J60_3.RCP,0,126.67765649365114,3.7594921588897705,GA_tournament_hybrid_random_heuristic_noLS_noNeighborhood,67,1000,0,50.0,60.0,,,,,,random,hybrid,heuristic,False,,,,,,,0.9,0.1,tournament,3.0,True,False,0.5,0.1,0.35,5.0,0.0,,,,,,,,,,,,,,
J60_3.RCP,1,113.7522833593228,3.901973009109497,GA_tournament_hybrid_random_heuristic_noLS_noNeighborhood,67,1000,1,50.0,60.0,,,,,,random,hybrid,heuristic,False,,,,,,,0.9,0.1,tournament,3.0,True,False,0.5,0.1,0.35,5.0,0.0,,,,,,,,,,,,,,
J60_3.RCP,0,140.82691022499444,1.178130865097046,GA_tournament_hybrid_adaptive_random_withLS_withNeighborhood,67,1000,0,50.0,60.0,,,,,,adaptive,hybrid,random,True,,,,,,,0.9,0.1,tournament,3.0,True,False,0.5,0.1,0.35,5.0,2.0,,,,,,,,,,,,,,
J60_3.RCP,1,159.6627311205168,1.087228775024414,GA_tournament_hybrid_adaptive_random_withLS_withNeighborhood,67,1000,1,50.0,60.0,,,,,,adaptive,hybrid,random,True,,,,,,,0.9,0.1,tournament,3.0,True,False,0.5,0.1,0.35,5.0,2.0,,,,,,,,,,,,,,
J60_3.RCP,0,140.82691022499444,1.2019672393798828,GA_tournament_hybrid_adaptive_random_withLS_noNeighborhood,67,1000,0,50.0,60.0,,,,,,adaptive,hybrid,random,True,,,,,,,0.9,0.1,tournament,3.0,True,False,0.5,0.1,0.35,5.0,0.0,,,,,,,,,,,,,,
J60_3.RCP,1,159.6627311205168,1.1394319534301758,GA_tournament_hybrid_adaptive_random_withLS_noNeighborhood,67,1000,1,50.0,60.0,,,,,,adaptive,hybrid,random,True,,,,,,,0.9,0.1,tournament,3.0,True,False,0.5,0.1,0.35,5.0,0.0,,,,,,,,,,,,,,
J60_3.RCP,0,126.61795500111383,4.014320135116577,GA_tournament_hybrid_adaptive_random_noLS_withNeighborhood,67,1000,0,50.0,60.0,,,,,,adaptive,hybrid,random,False,,,,,,,0.9,0.1,tournament,3.0,True,False,0.5,0.1,0.35,5.0,2.0,,,,,,,,,,,,,,
J60_3.RCP,1,126.14034306081533,3.814444065093994,GA_tournament_hybrid_adaptive_random_noLS_withNeighborhood,67,1000,1,50.0,60.0,,,,,,adaptive,hybrid,random,False,,,,,,,0.9,0.1,tournament,3.0,True,False,0.5,0.1,0.35,5.0,2.0,,,,,,,,,,,,,,
J60_3.RCP,0,126.61795500111383,3.879531145095825,GA_tournament_hybrid_adaptive_random_noLS_noNeighborhood,67,1000,0,50.0,60.0,,,,,,adaptive,hybrid,random,False,,,,,,,0.9,0.1,tournament,3.0,True,False,0.5,0.1,0.35,5.0,0.0,,,,,,,,,,,,,,
J60_3.RCP,1,126.14034306081533,3.6723411083221436,GA_tournament_hybrid_adaptive_random_noLS_noNeighborhood,67,1000,1,50.0,60.0,,,,,,adaptive,hybrid,random,False,,,,,,,0.9,0.1,tournament,3.0,True,False,0.5,0.1,0.35,5.0,0.0,,,,,,,,,,,,,,
J60_3.RCP,0,133.69258186678547,1.0683588981628418,GA_tournament_hybrid_adaptive_heuristic_withLS_withNeighborhood,67,1000,0,50.0,60.0,,,,,,adaptive,hybrid,heuristic,True,,,,,,,0.9,0.1,tournament,3.0,True,False,0.5,0.1,0.35,5.0,2.0,,,,,,,,,,,,,,
J60_3.RCP,1,147.3343729115616,1.0700619220733643,GA_tournament_hybrid_adaptive_heuristic_withLS_withNeighborhood,67,1000,1,50.0,60.0,,,,,,adaptive,hybrid,heuristic,True,,,,,,,0.9,0.1,tournament,3.0,True,False,0.5,0.1,0.35,5.0,2.0,,,,,,,,,,,,,,
J60_3.RCP,0,133.69258186678547,1.0816130638122559,GA_tournament_hybrid_adaptive_heuristic_withLS_noNeighborhood,67,1000,0,50.0,60.0,,,,,,adaptive,hybrid,heuristic,True,,,,,,,0.9,0.1,tournament,3.0,True,False,0.5,0.1,0.35,5.0,0.0,,,,,,,,,,,,,,
J60_3.RCP,1,147.3343729115616,1.069162130355835,GA_tournament_hybrid_adaptive_heuristic_withLS_noNeighborhood,67,1000,1,50.0,60.0,,,,,,adaptive,hybrid,heuristic,True,,,,,,,0.9,0.1,tournament,3.0,True,False,0.5,0.1,0.35,5.0,0.0,,,,,,,,,,,,,,
J60_3.RCP,0,122.94631321006905,3.764979124069214,GA_tournament_hybrid_adaptive_heuristic_noLS_withNeighborhood,67,1000,0,50.0,60.0,,,,,,adaptive,hybrid,heuristic,False,,,,,,,0.9,0.1,tournament,3.0,True,False,0.5,0.1,0.35,5.0,2.0,,,,,,,,,,,,,,
J60_3.RCP,1,133.99108932947203,3.8069581985473633,GA_tournament_hybrid_adaptive_heuristic_noLS_withNeighborhood,67,1000,1,50.0,60.0,,,,,,adaptive,hybrid,heuristic,False,,,,,,,0.9,0.1,tournament,3.0,True,False,0.5,0.1,0.35,5.0,2.0,,,,,,,,,,,,,,
J60_3.RCP,0,122.94631321006905,3.728731870651245,GA_tournament_hybrid_adaptive_heuristic_noLS_noNeighborhood,67,1000,0,50.0,60.0,,,,,,adaptive,hybrid,heuristic,False,,,,,,,0.9,0.1,tournament,3.0,True,False,0.5,0.1,0.35,5.0,0.0,,,,,,,,,,,,,,
J60_3.RCP,1,133.99108932947203,3.794630765914917,GA_tournament_hybrid_adaptive_heuristic_noLS_noNeighborhood,67,1000,1,50.0,60.0,,,,,,adaptive,hybrid,heuristic,False,,,,,,,0.9,0.1,tournament,3.0,True,False,0.5,0.1,0.35,5.0,0.0,,,,,,,,,,,,,,
J60_3.RCP,0,156.61795500111384,0.20084190368652344,SA_default,67,1000,0,,60.0,,,,,,,,,,,,,,,,,,,,,,,,,,,10000.0,0.995,10.0,,,,,,,,,,,
J60_3.RCP,1,190.31944753842726,0.1981191635131836,SA_default,67,1000,1,,60.0,,,,,,,,,,,,,,,,,,,,,,,,,,,10000.0,0.995,10.0,,,,,,,,,,,
J60_3.RCP,0,233.00601470260634,0.19001102447509766,ILS_strength3,67,1000,0,,60.0,100.0,,,,,,,,,,,,,,,,,,,,,,,,,,,,,3.0,,,,,,,,,,
J60_3.RCP,1,224.88661171753174,0.19145679473876953,ILS_strength3,67,1000,1,,60.0,100.0,,,,,,,,,,,,,,,,,,,,,,,,,,,,,3.0,,,,,,,,,,
J60_3.RCP,0,233.00601470260634,0.19024896621704102,ILS_strength5,67,1000,0,,60.0,100.0,,,,,,,,,,,,,,,,,,,,,,,,,,,,,5.0,,,,,,,,,,
J60_3.RCP,1,224.88661171753174,0.19025206565856934,ILS_strength5,67,1000,1,,60.0,100.0,,,,,,,,,,,,,,,,,,,,,,,,,,,,,5.0,,,,,,,,,,
J60_3.RCP,0,233.00601470260634,0.19078612327575684,ILS_strength7,67,1000,0,,60.0,100.0,,,,,,,,,,,,,,,,,,,,,,,,,,,,,7.0,,,,,,,,,,
J60_3.RCP,1,224.88661171753174,0.19114327430725098,ILS_strength7,67,1000,1,,60.0,100.0,,,,,,,,,,,,,,,,,,,,,,,,,,,,,7.0,,,,,,,,,,
J60_3.RCP,0,233.00601470260634,0.1902790069580078,ILS_strength10,67,1000,0,,60.0,100.0,,,,,,,,,,,,,,,,,,,,,,,,,,,,,10.0,,,,,,,,,,
J60_3.RCP,1,224.88661171753174,0.19011712074279785,ILS_strength10,67,1000,1,,60.0,100.0,,,,,,,,,,,,,,,,,,,,,,,,,,,,,10.0,,,,,,,,,,
J60_3.RCP,0,233.00601470260634,0.1901082992553711,ILS_strength15,67,1000,0,,60.0,100.0,,,,,,,,,,,,,,,,,,,,,,,,,,,,,15.0,,,,,,,,,,
J60_3.RCP,1,224.88661171753174,0.19032883644104004,ILS_strength15,67,1000,1,,60.0,100.0,,,,,,,,,,,,,,,,,,,,,,,,,,,,,15.0,,,,,,,,,,
J60_3.RCP,0,95.09556694141234,0.2007889747619629,TS_static,67,1000,0,,60.0,100.0,,,,,,,,,,,,,,,,,,,,,,,,,20.0,,,,,10.0,True,static,1.0,4.0,10.0,,,,
J60_3.RCP,1,99.18511918021831,0.20082306861877441,TS_static,67,1000,1,,60.0,100.0,,,,,,,,,,,,,,,,,,,,,,,,,20.0,,,,,10.0,True,static,1.0,4.0,10.0,,,,
J60_3.RCP,0,95.09556694141234,0.19974398612976074,TS_dynamic,67,1000,0,,60.0,100.0,,,,,,,,,,,,,,,,,,,,,,,,,20.0,,,,,10.0,True,dynamic,1.0,4.0,10.0,,,,
J60_3.RCP,1,99.18511918021831,0.19920730590820312,TS_dynamic,67,1000,1,,60.0,100.0,,,,,,,,,,,,,,,,,,,,,,,,,20.0,,,,,10.0,True,dynamic,1.0,4.0,10.0,,,,
J60_3.RCP,0,255.51347738917357,0.23465180397033691,PR_forward_best_withLS,67,1000,0,,60.0,100.0,,,,,,,,True,,,,,,,,,best,,,,,,,,,,,,,,,,,,,10.0,forward,50.0,
J60_3.RCP,1,232.46870126977055,0.23293304443359375,PR_forward_best_withLS,67,1000,1,,60.0,100.0,,,,,,,,True,,,,,,,,,best,,,,,,,,,,,,,,,,,,,10.0,forward,50.0,
J60_3.RCP,0,188.43885052350188,0.08896207809448242,PR_forward_best_noLS,67,1000,0,,60.0,100.0,,,,,,,,False,,,,,,,,,best,,,,,,,,,,,,,,,,,,,10.0,forward,50.0,
J60_3.RCP,1,159.2746714190243,0.07637190818786621,PR_forward_best_noLS,67,1000,1,,60.0,100.0,,,,,,,,False,,,,,,,,,best,,,,,,,,,,,,,,,,,,,10.0,forward,50.0,
J60_3.RCP,0,180.170193807084,0.2355179786682129,PR_forward_random_two_withLS,67,1000,0,,60.0,100.0,,,,,,,,True,,,,,,,,,random_two,,,,,,,,,,,,,,,,,,,10.0,forward,50.0,
J60_3.RCP,1,167.125417687681,0.24128317832946777,PR_forward_random_two_withLS,67,1000,1,,60.0,100.0,,,,,,,,True,,,,,,,,,random_two,,,,,,,,,,,,,,,,,,,10.0,forward,50.0,
J60_3.RCP,0,163.15526843394966,0.04878520965576172,PR_forward_random_two_noLS,67,1000,0,,60.0,100.0,,,,,,,,False,,,,,,,,,random_two,,,,,,,,,,,,,,,,,,,10.0,forward,50.0,
J60_3.RCP,1,158.080641568278,0.04885983467102051,PR_forward_random_two_noLS,67,1000,1,,60.0,100.0,,,,,,,,False,,,,,,,,,random_two,,,,,,,,,,,,,,,,,,,10.0,forward,50.0,
J60_3.RCP,0,230.05079082200936,0.23576593399047852,PR_backward_best_withLS,67,1000,0,,60.0,100.0,,,,,,,,True,,,,,,,,,best,,,,,,,,,,,,,,,,,,,10.0,backward,50.0,
J60_3.RCP,1,202.40899977723322,0.23733806610107422,PR_backward_best_withLS,67,1000,1,,60.0,100.0,,,,,,,,True,,,,,,,,,best,,,,,,,,,,,,,,,,,,,10.0,backward,50.0,
J60_3.RCP,0,167.6030296279795,0.10499000549316406,PR_backward_best_noLS,67,1000,0,,60.0,100.0,,,,,,,,False,,,,,,,,,best,,,,,,,,,,,,,,,,,,,10.0,backward,50.0,
J60_3.RCP,1,158.58810425484518,0.10163307189941406,PR_backward_best_noLS,67,1000,1,,60.0,100.0,,,,,,,,False,,,,,,,,,best,,,,,,,,,,,,,,,,,,,10.0,backward,50.0,
J60_3.RCP,0,191.24482067275562,0.24149298667907715,PR_backward_random_two_withLS,67,1000,0,,60.0,100.0,,,,,,,,True,,,,,,,,,random_two,,,,,,,,,,,,,,,,,,,10.0,backward,50.0,
J60_3.RCP,1,178.43885052350188,0.23892617225646973,PR_backward_random_two_withLS,67,1000,1,,60.0,100.0,,,,,,,,True,,,,,,,,,random_two,,,,,,,,,,,,,,,,,,,10.0,backward,50.0,
J60_3.RCP,0,172.79705947872577,0.049859046936035156,PR_backward_random_two_noLS,67,1000,0,,60.0,100.0,,,,,,,,False,,,,,,,,,random_two,,,,,,,,,,,,,,,,,,,10.0,backward,50.0,
J60_3.RCP,1,156.25974604588995,0.04736208915710449,PR_backward_random_two_noLS,67,1000,1,,60.0,100.0,,,,,,,,False,,,,,,,,,random_two,,,,,,,,,,,,,,,,,,,10.0,backward,50.0,
J60_3.RCP,0,152.31944753842726,1.6321604251861572,GSA_default,67,1000,0,50.0,60.0,100.0,,,,,,,random,,,,,,,,,,,,True,,20.0,,,,,,,,,,,,,,,,,,100.0
J60_3.RCP,1,182.88661171753174,1.5991721153259277,GSA_default,67,1000,1,50.0,60.0,100.0,,,,,,,random,,,,,,,,,,,,True,,20.0,,,,,,,,,,,,,,,,,,100.0
J90_1.RCP,0,191.0581421251949,0.37946581840515137,DE_rand/1_adaptiveF_bin_adaptiveCR_withLS,67,1000,0,50.0,60.0,100.0,0.1,0.9,True,True,rand/1,bin,random,True,5.0,0.3,1.5,0.3,1.0,1.0,,,,,,,,,,,,,,,,,,,,,,,,,
J90_1.RCP,1,189.08799287146357,0.38110995292663574,DE_rand/1_adaptiveF_bin_adaptiveCR_withLS,67,1000,1,50.0,60.0,100.0,0.1,0.9,True,True,rand/1,bin,random,True,5.0,0.3,1.5,0.3,1.0,1.0,,,,,,,,,,,,,,,,,,,,,,,,,
J90_1.RCP,0,177.4760525729561,0.3751533031463623,DE_rand/1_adaptiveF_bin_adaptiveCR_noLS,67,1000,0,50.0,60.0,100.0,0.1,0.9,True,True,rand/1,bin,random,False,5.0,0.3,1.5,0.3,1.0,1.0,,,,,,,,,,,,,,,,,,,,,,,,,
J90_1.RCP,1,187.68500779683671,0.39054107666015625,DE_rand/1_adaptiveF_bin_adaptiveCR_noLS,67,1000,1,50.0,60.0,100.0,0.1,0.9,True,True,rand/1,bin,random,False,5.0,0.3,1.5,0.3,1.0,1.0,,,,,,,,,,,,,,,,,,,,,,,,,
J90_1.RCP,0,150.0133660057919,0.38074207305908203,DE_rand/1_adaptiveF_bin_fixedCR_withLS,67,1000,0,50.0,60.0,100.0,0.1,0.9,True,False,rand/1,bin,random,True,5.0,0.3,1.5,0.3,1.0,1.0,,,,,,,,,,,,,,,,,,,,,,,,,
J90_1.RCP,1,166.75963466250835,0.3827798366546631,DE_rand/1_adaptiveF_bin_fixedCR_withLS,67,1000,1,50.0,60.0,100.0,0.1,0.9,True,False,rand/1,bin,random,True,5.0,0.3,1.5,0.3,1.0,1.0,,,,,,,,,,,,,,,,,,,,,,,,,
J90_1.RCP,0,160.1626197371352,0.37172698974609375,DE_rand/1_adaptiveF_bin_fixedCR_noLS,67,1000,0,50.0,60.0,100.0,0.1,0.9,True,False,rand/1,bin,random,False,5.0,0.3,1.5,0.3,1.0,1.0,,,,,,,,,,,,,,,,,,,,,,,,,
J90_1.RCP,1,163.0581421251949,0.3727538585662842,DE_rand/1_adaptiveF_bin_fixedCR_noLS,67,1000,1,50.0,60.0,100.0,0.1,0.9,True,False,rand/1,bin,random,False,5.0,0.3,1.5,0.3,1.0,1.0,,,,,,,,,,,,,,,,,,,,,,,,,
J90_1.RCP,0,180.46112719982176,0.3812429904937744,DE_rand/1_adaptiveF_exp_adaptiveCR_withLS,67,1000,0,50.0,60.0,100.0,0.1,0.9,True,True,rand/1,exp,random,True,5.0,0.3,1.5,0.3,1.0,1.0,,,,,,,,,,,,,,,,,,,,,,,,,
J90_1.RCP,1,182.87903764758298,0.37641119956970215,DE_rand/1_adaptiveF_exp_adaptiveCR_withLS,67,1000,1,50.0,60.0,100.0,0.1,0.9,True,True,rand/1,exp,random,True,5.0,0.3,1.5,0.3,1.0,1.0,,,,,,,,,,,,,,,,,,,,,,,,,
J90_1.RCP,0,182.99844063265758,0.37636804580688477,DE_rand/1_adaptiveF_exp_adaptiveCR_noLS,67,1000,0,50.0,60.0,100.0,0.1,0.9,True,True,rand/1,exp,random,False,5.0,0.3,1.5,0.3,1.0,1.0,,,,,,,,,,,,,,,,,,,,,,,,,
J90_1.RCP,1,176.40142570728446,0.3873419761657715,DE_rand/1_adaptiveF_exp_adaptiveCR_noLS,67,1000,1,50.0,60.0,100.0,0.1,0.9,True,True,rand/1,exp,random,False,5.0,0.3,1.5,0.3,1.0,1.0,,,,,,,,,,,,,,,,,,,,,,,,,
J90_1.RCP,0,155.29694809534416,0.37560105323791504,DE_rand/1_adaptiveF_exp_fixedCR_withLS,67,1000,0,50.0,60.0,100.0,0.1,0.9,True,False,rand/1,exp,random,True,5.0,0.3,1.5,0.3,1.0,1.0,,,,,,,,,,,,,,,,,,,,,,,,,
J90_1.RCP,1,164.4611271998218,0.37516212463378906,DE_rand/1_adaptiveF_exp_fixedCR_withLS,67,1000,1,50.0,60.0,100.0,0.1,0.9,True,False,rand/1,exp,random,True,5.0,0.3,1.5,0.3,1.0,1.0,,,,,,,,,,,,,,,,,,,,,,,,,
J90_1.RCP,0,164.5805301848964,0.3724191188812256,DE_rand/1_adaptiveF_exp_fixedCR_noLS,67,1000,0,50.0,60.0,100.0,0.1,0.9,True,False,rand/1,exp,random,False,5.0,0.3,1.5,0.3,1.0,1.0,,,,,,,,,,,,,,,,,,,,,,,,,
J90_1.RCP,1,143.20739585653823,0.37888002395629883,DE_rand/1_adaptiveF_exp_fixedCR_noLS,67,1000,1,50.0,60.0,100.0,0.1,0.9,True,False,rand/1,exp,random,False,5.0,0.3,1.5,0.3,1.0,1.0,,,,,,,,,,,,,,,,,,,,,,,,,
J90_1.RCP,0,197.44620182668743,0.39258384704589844,DE_rand/1_fixedF_bin_adaptiveCR_withLS,67,1000,0,50.0,60.0,100.0,0.1,0.9,False,True,rand/1,bin,random,True,5.0,0.3,1.5,0.3,1.0,1.0,,,,,,,,,,,,,,,,,,,,,,,,,
J90_1.RCP,1,194.81933615504568,0.3914339542388916,DE_rand/1_fixedF_bin_adaptiveCR_withLS,67,1000,1,50.0,60.0,100.0,0.1,0.9,False,True,rand/1,bin,random,True,5.0,0.3,1.5,0.3,1.0,1.0,,,,,,,,,,,,,,,,,,,,,,,,,
J90_1.RCP,0,181.44620182668746,0.38775205612182617,DE_rand/1_fixedF_bin_adaptiveCR_noLS,67,1000,0,50.0,60.0,100.0,0.1,0.9,False,True,rand/1,bin,random,False,5.0,0.3,1.5,0.3,1.0,1.0,,,,,,,,,,,,,,,,,,,,,,,,,
J90_1.RCP,1,192.90888839385164,0.3877239227294922,DE_rand/1_fixedF_bin_adaptiveCR_noLS,67,1000,1,50.0,60.0,100.0,0.1,0.9,False,True,rand/1,bin,random,False,5.0,0.3,1.5,0.3,1.0,1.0,,,,,,,,,,,,,,,,,,,,,,,,,
J90_1.RCP,0,180.72978391623968,0.384091854095459,DE_rand/1_fixedF_bin_fixedCR_withLS,67,1000,0,50.0,60.0,100.0,0.1,0.9,False,False,rand/1,bin,random,True,5.0,0.3,1.5,0.3,1.0,1.0,,,,,,,,,,,,,,,,,,,,,,,,,
J90_1.RCP,1,180.87903764758298,0.39046311378479004,DE_rand/1_fixedF_bin_fixedCR_withLS,67,1000,1,50.0,60.0,100.0,0.1,0.9,False,False,rand/1,bin,random,True,5.0,0.3,1.5,0.3,1.0,1.0,,,,,,,,,,,,,,,,,,,,,,,,,
J90_1.RCP,0,184.69993316997102,0.38585805892944336,DE_rand/1_fixedF_bin_fixedCR_noLS,67,1000,0,50.0,60.0,100.0,0.1,0.9,False,False,rand/1,bin,random,False,5.0,0.3,1.5,0.3,1.0,1.0,,,,,,,,,,,,,,,,,,,,,,,,,
J90_1.RCP,1,188.43127645355312,0.37921619415283203,DE_rand/1_fixedF_bin_fixedCR_noLS,67,1000,1,50.0,60.0,100.0,0.1,0.9,False,False,rand/1,bin,random,False,5.0,0.3,1.5,0.3,1.0,1.0,,,,,,,,,,,,,,,,,,,,,,,,,
J90_1.RCP,0,167.83426152817998,0.39697885513305664,DE_rand/1_fixedF_exp_adaptiveCR_withLS,67,1000,0,50.0,60.0,100.0,0.1,0.9,False,True,rand/1,exp,random,True,5.0,0.3,1.5,0.3,1.0,1.0,,,,,,,,,,,,,,,,,,,,,,,,,
J90_1.RCP,1,187.56560481176206,0.3971560001373291,DE_rand/1_fixedF_exp_adaptiveCR_withLS,67,1000,1,50.0,60.0,100.0,0.1,0.9,False,True,rand/1,exp,random,True,5.0,0.3,1.5,0.3,1.0,1.0,,,,,,,,,,,,,,,,,,,,,,,,,
J90_1.RCP,0,194.78948540877698,0.39164018630981445,DE_rand/1_fixedF_exp_adaptiveCR_noLS,67,1000,0,50.0,60.0,100.0,0.1,0.9,False,True,rand/1,exp,random,False,5.0,0.3,1.5,0.3,1.0,1.0,,,,,,,,,,,,,,,,,,,,,,,,,
J90_1.RCP,1,193.59545555803075,0.3937389850616455,DE_rand/1_fixedF_exp_adaptiveCR_noLS,67,1000,1,50.0,60.0,100.0,0.1,0.9,False,True,rand/1,exp,random,False,5.0,0.3,1.5,0.3,1.0,1.0,,,,,,,,,,,,,,,,,,,,,,,,,
J90_1.RCP,0,178.3715749610158,0.3866720199584961,DE_rand/1_fixedF_exp_fixedCR_withLS,67,1000,0,50.0,60.0,100.0,0.1,0.9,False,False,rand/1,exp,random,True,5.0,0.3,1.5,0.3,1.0,1.0,,,,,,,,,,,,,,,,,,,,,,,,,
J90_1.RCP,1,183.50590331922476,0.3910977840423584,DE_rand/1_fixedF_exp_fixedCR_withLS,67,1000,1,50.0,60.0,100.0,0.1,0.9,False,False,rand/1,exp,random,True,5.0,0.3,1.5,0.3,1.0,1.0,,,,,,,,,,,,,,,,,,,,,,,,,
J90_1.RCP,0,190.5805301848964,0.38033199310302734,DE_rand/1_fixedF_exp_fixedCR_noLS,67,1000,0,50.0,60.0,100.0,0.1,0.9,False,False,rand/1,exp,random,False,5.0,0.3,1.5,0.3,1.0,1.0,,,,,,,,,,,,,,,,,,,,,,,,,
J90_1.RCP,1,179.0581421251949,0.3806309700012207,DE_rand/1_fixedF_exp_fixedCR_noLS,67,1000,1,50.0,60.0,100.0,0.1,0.9,False,False,rand/1,exp,random,False,5.0,0.3,1.5,0.3,1.0,1.0,,,,,,,,,,,,,,,,,,,,,,,,,
J90_1.RCP,0,188.13276899086654,0.38429808616638184,DE_rand/2_adaptiveF_bin_adaptiveCR_withLS,67,1000,0,50.0,60.0,100.0,0.1,0.9,True,True,rand/2,bin,random,True,5.0,0.3,1.5,0.3,1.0,1.0,,,,,,,,,,,,,,,,,,,,,,,,,
J90_1.RCP,1,169.6253063042994,0.4109170436859131,DE_rand/2_adaptiveF_bin_adaptiveCR_withLS,67,1000,1,50.0,60.0,100.0,0.1,0.9,True,True,rand/2,bin,random,True,5.0,0.3,1.5,0.3,1.0,1.0,,,,,,,,,,,,,,,,,,,,,,,,,
J90_1.RCP,0,168.28202272220986,0.3788869380950928,DE_rand/2_adaptiveF_bin_adaptiveCR_noLS,67,1000,0,50.0,60.0,100.0,0.1,0.9,True,True,rand/2,bin,random,False,5.0,0.3,1.5,0.3,1.0,1.0,,,,,,,,,,,,,,,,,,,,,,,,,
J90_1.RCP,1,184.69993316997105,0.38416099548339844,DE_rand/2_adaptiveF_bin_adaptiveCR_noLS,67,1000,1,50.0,60.0,100.0,0.1,0.9,True,True,rand/2,bin,random,False,5.0,0.3,1.5,0.3,1.0,1.0,,,,,,,,,,,,,,,,,,,,,,,,,
J90_1.RCP,0,159.29694809534416,0.38800907135009766,DE_rand/2_adaptiveF_bin_fixedCR_withLS,67,1000,0,50.0,60.0,100.0,0.1,0.9,True,False,rand/2,bin,random,True,5.0,0.3,1.5,0.3,1.0,1.0,,,,,,,,,,,,,,,,,,,,,,,,,
J90_1.RCP,1,151.77456003564265,0.3844277858734131,DE_rand/2_adaptiveF_bin_fixedCR_withLS,67,1000,1,50.0,60.0,100.0,0.1,0.9,True,False,rand/2,bin,random,True,5.0,0.3,1.5,0.3,1.0,1.0,,,,,,,,,,,,,,,,,,,,,,,,,
J90_1.RCP,0,150.5208286923591,0.3783092498779297,DE_rand/2_adaptiveF_bin_fixedCR_noLS,67,1000,0,50.0,60.0,100.0,0.1,0.9,True,False,rand/2,bin,random,False,5.0,0.3,1.5,0.3,1.0,1.0,,,,,,,,,,,,,,,,,,,,,,,,,
J90_1.RCP,1,156.9088883938516,0.377913236618042,DE_rand/2_adaptiveF_bin_fixedCR_noLS,67,1000,1,50.0,60.0,100.0,0.1,0.9,True,False,rand/2,bin,random,False,5.0,0.3,1.5,0.3,1.0,1.0,,,,,,,,,,,,,,,,,,,,,,,,,
J90_1.RCP,0,185.86411227444864,0.38524794578552246,DE_rand/2_adaptiveF_exp_adaptiveCR_withLS,67,1000,0,50.0,60.0,100.0,0.1,0.9,True,True,rand/2,exp,random,True,5.0,0.3,1.5,0.3,1.0,1.0,,,,,,,,,,,,,,,,,,,,,,,,,
J90_1.RCP,1,178.87903764758298,0.38527798652648926,DE_rand/2_adaptiveF_exp_adaptiveCR_withLS,67,1000,1,50.0,60.0,100.0,0.1,0.9,True,True,rand/2,exp,random,True,5.0,0.3,1.5,0.3,1.0,1.0,,,,,,,,,,,,,,,,,,,,,,,,,
J90_1.RCP,0,185.02829137892624,0.3831651210784912,DE_rand/2_adaptiveF_exp_adaptiveCR_noLS,67,1000,0,50.0,60.0,100.0,0.1,0.9,True,True,rand/2,exp,random,False,5.0,0.3,1.5,0.3,1.0,1.0,,,,,,,,,,,,,,,,,,,,,,,,,
J90_1.RCP,1,166.9088883938516,0.3888728618621826,DE_rand/2_adaptiveF_exp_adaptiveCR_noLS,67,1000,1,50.0,60.0,100.0,0.1,0.9,True,True,rand/2,exp,random,False,5.0,0.3,1.5,0.3,1.0,1.0,,,,,,,,,,,,,,,,,,,,,,,,,
J90_1.RCP,0,155.89396302071728,0.3822143077850342,DE_rand/2_adaptiveF_exp_fixedCR_withLS,67,1000,0,50.0,60.0,100.0,0.1,0.9,True,False,rand/2,exp,random,True,5.0,0.3,1.5,0.3,1.0,1.0,,,,,,,,,,,,,,,,,,,,,,,,,
J90_1.RCP,1,163.1476943640009,0.38369321823120117,DE_rand/2_adaptiveF_exp_fixedCR_withLS,67,1000,1,50.0,60.0,100.0,0.1,0.9,True,False,rand/2,exp,random,True,5.0,0.3,1.5,0.3,1.0,1.0,,,,,,,,,,,,,,,,,,,,,,,,,
J90_1.RCP,0,159.41635108041882,0.37761402130126953,DE_rand/2_adaptiveF_exp_fixedCR_noLS,67,1000,0,50.0,60.0,100.0,0.1,0.9,True,False,rand/2,exp,random,False,5.0,0.3,1.5,0.3,1.0,1.0,,,,,,,,,,,,,,,,,,,,,,,,,
J90_1.RCP,1,149.44620182668743,0.37938809394836426,DE_rand/2_adaptiveF_exp_fixedCR_noLS,67,1000,1,50.0,60.0,100.0,0.1,0.9,True,False,rand/2,exp,random,False,5.0,0.3,1.5,0.3,1.0,1.0,,,,,,,,,,,,,,,,,,,,,,,,,
J90_1.RCP,0,181.56560481176206,0.41835999488830566,DE_rand/2_fixedF_bin_adaptiveCR_withLS,67,1000,0,50.0,60.0,100.0,0.1,0.9,False,True,rand/2,bin,random,True,5.0,0.3,1.5,0.3,1.0,1.0,,,,,,,,,,,,,,,,,,,,,,,,,
J90_1.RCP,1,194.34172421474713,0.42209911346435547,DE_rand/2_fixedF_bin_adaptiveCR_withLS,67,1000,1,50.0,60.0,100.0,0.1,0.9,False,True,rand/2,bin,random,True,5.0,0.3,1.5,0.3,1.0,1.0,,,,,,,,,,,,,,,,,,,,,,,,,
J90_1.RCP,0,178.49097794609042,0.4138333797454834,DE_rand/2_fixedF_bin_adaptiveCR_noLS,67,1000,0,50.0,60.0,100.0,0.1,0.9,False,True,rand/2,bin,random,False,5.0,0.3,1.5,0.3,1.0,1.0,,,,,,,,,,,,,,,,,,,,,,,,,
J90_1.RCP,1,170.46112719982176,0.4124898910522461,DE_rand/2_fixedF_bin_adaptiveCR_noLS,67,1000,1,50.0,60.0,100.0,0.1,0.9,False,True,rand/2,bin,random,False,5.0,0.3,1.5,0.3,1.0,1.0,,,,,,,,,,,,,,,,,,,,,,,,,
J90_1.RCP,0,188.28202272220983,0.403026819229126,DE_rand/2_fixedF_bin_fixedCR_withLS,67,1000,0,50.0,60.0,100.0,0.1,0.9,False,False,rand/2,bin,random,True,5.0,0.3,1.5,0.3,1.0,1.0,,,,,,,,,,,,,,,,,,,,,,,,,
J90_1.RCP,1,181.86411227444867,0.4064958095550537,DE_rand/2_fixedF_bin_fixedCR_withLS,67,1000,1,50.0,60.0,100.0,0.1,0.9,False,False,rand/2,bin,random,True,5.0,0.3,1.5,0.3,1.0,1.0,,,,,,,,,,,,,,,,,,,,,,,,,
J90_1.RCP,0,189.14769436400087,0.3996560573577881,DE_rand/2_fixedF_bin_fixedCR_noLS,67,1000,0,50.0,60.0,100.0,0.1,0.9,False,False,rand/2,bin,random,False,5.0,0.3,1.5,0.3,1.0,1.0,,,,,,,,,,,,,,,,,,,,,,,,,
J90_1.RCP,1,181.53575406549345,0.3984401226043701,DE_rand/2_fixedF_bin_fixedCR_noLS,67,1000,1,50.0,60.0,100.0,0.1,0.9,False,False,rand/2,bin,random,False,5.0,0.3,1.5,0.3,1.0,1.0,,,,,,,,,,,,,,,,,,,,,,,,,
J90_1.RCP,0,201.80441078191132,0.4253427982330322,DE_rand/2_fixedF_exp_adaptiveCR_withLS,67,1000,0,50.0,60.0,100.0,0.1,0.9,False,True,rand/2,exp,random,True,5.0,0.3,1.5,0.3,1.0,1.0,,,,,,,,,,,,,,,,,,,,,,,,,
J90_1.RCP,1,185.02829137892627,0.529926061630249,DE_rand/2_fixedF_exp_adaptiveCR_withLS,67,1000,1,50.0,60.0,100.0,0.1,0.9,False,True,rand/2,exp,random,True,5.0,0.3,1.5,0.3,1.0,1.0,,,,,,,,,,,,,,,,,,,,,,,,,
J90_1.RCP,0,174.99844063265758,0.41875410079956055,DE_rand/2_fixedF_exp_adaptiveCR_noLS,67,1000,0,50.0,60.0,100.0,0.1,0.9,False,True,rand/2,exp,random,False,5.0,0.3,1.5,0.3,1.0,1.0,,,,,,,,,,,,,,,,,,,,,,,,,
J90_1.RCP,1,189.17754511026953,0.4184420108795166,DE_rand/2_fixedF_exp_adaptiveCR_noLS,67,1000,1,50.0,60.0,100.0,0.1,0.9,False,True,rand/2,exp,random,False,5.0,0.3,1.5,0.3,1.0,1.0,,,,,,,,,,,,,,,,,,,,,,,,,
J90_1.RCP,0,189.3267988416128,0.40990400314331055,DE_rand/2_fixedF_exp_fixedCR_withLS,67,1000,0,50.0,60.0,100.0,0.1,0.9,False,False,rand/2,exp,random,True,5.0,0.3,1.5,0.3,1.0,1.0,,,,,,,,,,,,,,,,,,,,,,,,,
J90_1.RCP,1,196.5208286923591,0.4102058410644531,DE_rand/2_fixedF_exp_fixedCR_withLS,67,1000,1,50.0,60.0,100.0,0.1,0.9,False,False,rand/2,exp,random,True,5.0,0.3,1.5,0.3,1.0,1.0,,,,,,,,,,,,,,,,,,,,,,,,,
J90_1.RCP,0,180.81933615504565,0.4015669822692871,DE_rand/2_fixedF_exp_fixedCR_noLS,67,1000,0,50.0,60.0,100.0,0.1,0.9,False,False,rand/2,exp,random,False,5.0,0.3,1.5,0.3,1.0,1.0,,,,,,,,,,,,,,,,,,,,,,,,,
J90_1.RCP,1,177.47605257295612,0.3995840549468994,DE_rand/2_fixedF_exp_fixedCR_noLS,67,1000,1,50.0,60.0,100.0,0.1,0.9,False,False,rand/2,exp,random,False,5.0,0.3,1.5,0.3,1.0,1.0,,,,,,,,,,,,,,,,,,,,,,,,,
J90_1.RCP,0,174.69993316997102,0.37518906593322754,DE_best/1_adaptiveF_bin_adaptiveCR_withLS,67,1000,0,50.0,60.0,100.0,0.1,0.9,True,True,best/1,bin,random,True,5.0,0.3,1.5,0.3,1.0,1.0,,,,,,,,,,,,,,,,,,,,,,,,,
J90_1.RCP,1,178.10291824459787,0.37598085403442383,DE_best/1_adaptiveF_bin_adaptiveCR_withLS,67,1000,1,50.0,60.0,100.0,0.1,0.9,True,True,best/1,bin,random,True,5.0,0.3,1.5,0.3,1.0,1.0,,,,,,,,,,,,,,,,,,,,,,,,,
J90_1.RCP,0,180.0432167520606,0.37227392196655273,DE_best/1_adaptiveF_bin_adaptiveCR_noLS,67,1000,0,50.0,60.0,100.0,0.1,0.9,True,True,best/1,bin,random,False,5.0,0.3,1.5,0.3,1.0,1.0,,,,,,,,,,,,,,,,,,,,,,,,,
J90_1.RCP,1,172.16261973713523,0.37453579902648926,DE_best/1_adaptiveF_bin_adaptiveCR_noLS,67,1000,1,50.0,60.0,100.0,0.1,0.9,True,True,best/1,bin,random,False,5.0,0.3,1.5,0.3,1.0,1.0,,,,,,,,,,,,,,,,,,,,,,,,,
J90_1.RCP,0,132.84918690131434,0.37823486328125,DE_best/1_adaptiveF_bin_fixedCR_withLS,67,1000,0,50.0,60.0,100.0,0.1,0.9,True,False,best/1,bin,random,True,5.0,0.3,1.5,0.3,1.0,1.0,,,,,,,,,,,,,,,,,,,,,,,,,
J90_1.RCP,1,182.2223212296725,0.37689924240112305,DE_best/1_adaptiveF_bin_fixedCR_withLS,67,1000,1,50.0,60.0,100.0,0.1,0.9,True,False,best/1,bin,random,True,5.0,0.3,1.5,0.3,1.0,1.0,,,,,,,,,,,,,,,,,,,,,,,,,
J90_1.RCP,0,149.74470928937404,0.37511610984802246,DE_best/1_adaptiveF_bin_fixedCR_noLS,67,1000,0,50.0,60.0,100.0,0.1,0.9,True,False,best/1,bin,random,False,5.0,0.3,1.5,0.3,1.0,1.0,,,,,,,,,,,,,,,,,,,,,,,,,
J90_1.RCP,1,147.47605257295612,0.3710949420928955,DE_best/1_adaptiveF_bin_fixedCR_noLS,67,1000,1,50.0,60.0,100.0,0.1,0.9,True,False,best/1,bin,random,False,5.0,0.3,1.5,0.3,1.0,1.0,,,,,,,,,,,,,,,,,,,,,,,,,
J90_1.RCP,0,172.61038093116505,0.37959718704223633,DE_best/1_adaptiveF_exp_adaptiveCR_withLS,67,1000,0,50.0,60.0,100.0,0.1,0.9,True,True,best/1,exp,random,True,5.0,0.3,1.5,0.3,1.0,1.0,,,,,,,,,,,,,,,,,,,,,,,,,
J90_1.RCP,1,179.44620182668746,0.37887001037597656,DE_best/1_adaptiveF_exp_adaptiveCR_withLS,67,1000,1,50.0,60.0,100.0,0.1,0.9,True,True,best/1,exp,random,True,5.0,0.3,1.5,0.3,1.0,1.0,,,,,,,,,,,,,,,,,,,,,,,,,
J90_1.RCP,0,158.5208286923591,0.37708497047424316,DE_best/1_adaptiveF_exp_adaptiveCR_noLS,67,1000,0,50.0,60.0,100.0,0.1,0.9,True,True,best/1,exp,random,False,5.0,0.3,1.5,0.3,1.0,1.0,,,,,,,,,,,,,,,,,,,,,,,,,
J90_1.RCP,1,171.9835152595233,0.37502503395080566,DE_best/1_adaptiveF_exp_adaptiveCR_noLS,67,1000,1,50.0,60.0,100.0,0.1,0.9,True,True,best/1,exp,random,False,5.0,0.3,1.5,0.3,1.0,1.0,,,,,,,,,,,,,,,,,,,,,,,,,
J90_1.RCP,0,148.10291824459787,0.37800002098083496,DE_best/1_adaptiveF_exp_fixedCR_withLS,67,1000,0,50.0,60.0,100.0,0.1,0.9,True,False,best/1,exp,random,True,5.0,0.3,1.5,0.3,1.0,1.0,,,,,,,,,,,,,,,,,,,,,,,,,
J90_1.RCP,1,145.92381376698594,0.3817300796508789,DE_best/1_adaptiveF_exp_fixedCR_withLS,67,1000,1,50.0,60.0,100.0,0.1,0.9,True,False,best/1,exp,random,True,5.0,0.3,1.5,0.3,1.0,1.0,,,,,,,,,,,,,,,,,,,,,,,,,
J90_1.RCP,0,123.8939630207173,0.3726990222930908,DE_best/1_adaptiveF_exp_fixedCR_noLS,67,1000,0,50.0,60.0,100.0,0.1,0.9,True,False,best/1,exp,random,False,5.0,0.3,1.5,0.3,1.0,1.0,,,,,,,,,,,,,,,,,,,,,,,,,
J90_1.RCP,1,139.2073958565382,0.3742709159851074,DE_best/1_adaptiveF_exp_fixedCR_noLS,67,1000,1,50.0,60.0,100.0,0.1,0.9,True,False,best/1,exp,random,False,5.0,0.3,1.5,0.3,1.0,1.0,,,,,,,,,,,,,,,,,,,,,,,,,
J90_1.RCP,0,165.50590331922476,0.3938322067260742,DE_best/1_fixedF_bin_adaptiveCR_withLS,67,1000,0,50.0,60.0,100.0,0.1,0.9,False,True,best/1,bin,random,True,5.0,0.3,1.5,0.3,1.0,1.0,,,,,,,,,,,,,,,,,,,,,,,,,
J90_1.RCP,1,152.13276899086654,0.3938260078430176,DE_best/1_fixedF_bin_adaptiveCR_withLS,67,1000,1,50.0,60.0,100.0,0.1,0.9,False,True,best/1,bin,random,True,5.0,0.3,1.5,0.3,1.0,1.0,,,,,,,,,,,,,,,,,,,,,,,,,
J90_1.RCP,0,171.71485854310535,0.3861701488494873,DE_best/1_fixedF_bin_adaptiveCR_noLS,67,1000,0,50.0,60.0,100.0,0.1,0.9,False,True,best/1,bin,random,False,5.0,0.3,1.5,0.3,1.0,1.0,,,,,,,,,,,,,,,,,,,,,,,,,
J90_1.RCP,1,162.75963466250838,0.3874058723449707,DE_best/1_fixedF_bin_adaptiveCR_noLS,67,1000,1,50.0,60.0,100.0,0.1,0.9,False,True,best/1,bin,random,False,5.0,0.3,1.5,0.3,1.0,1.0,,,,,,,,,,,,,,,,,,,,,,,,,
J90_1.RCP,0,144.28202272220983,0.3778069019317627,DE_best/1_fixedF_bin_fixedCR_withLS,67,1000,0,50.0,60.0,100.0,0.1,0.9,False,False,best/1,bin,random,True,5.0,0.3,1.5,0.3,1.0,1.0,,,,,,,,,,,,,,,,,,,,,,,,,
J90_1.RCP,1,153.23724660280683,0.37882518768310547,DE_best/1_fixedF_bin_fixedCR_withLS,67,1000,1,50.0,60.0,100.0,0.1,0.9,False,False,best/1,bin,random,True,5.0,0.3,1.5,0.3,1.0,1.0,,,,,,,,,,,,,,,,,,,,,,,,,
J90_1.RCP,0,164.31187346847852,0.37216997146606445,DE_best/1_fixedF_bin_fixedCR_noLS,67,1000,0,50.0,60.0,100.0,0.1,0.9,False,False,best/1,bin,random,False,5.0,0.3,1.5,0.3,1.0,1.0,,,,,,,,,,,,,,,,,,,,,,,,,
J90_1.RCP,1,148.96858988638894,0.3738257884979248,DE_best/1_fixedF_bin_fixedCR_noLS,67,1000,1,50.0,60.0,100.0,0.1,0.9,False,False,best/1,bin,random,False,5.0,0.3,1.5,0.3,1.0,1.0,,,,,,,,,,,,,,,,,,,,,,,,,
J90_1.RCP,0,183.1476943640009,0.400280237197876,DE_best/1_fixedF_exp_adaptiveCR_withLS,67,1000,0,50.0,60.0,100.0,0.1,0.9,False,True,best/1,exp,random,True,5.0,0.3,1.5,0.3,1.0,1.0,,,,,,,,,,,,,,,,,,,,,,,,,
J90_1.RCP,1,158.01336600579194,0.39287495613098145,DE_best/1_fixedF_exp_adaptiveCR_withLS,67,1000,1,50.0,60.0,100.0,0.1,0.9,False,True,best/1,exp,random,True,5.0,0.3,1.5,0.3,1.0,1.0,,,,,,,,,,,,,,,,,,,,,,,,,
J90_1.RCP,0,164.3715749610158,0.39330363273620605,DE_best/1_fixedF_exp_adaptiveCR_noLS,67,1000,0,50.0,60.0,100.0,0.1,0.9,False,True,best/1,exp,random,False,5.0,0.3,1.5,0.3,1.0,1.0,,,,,,,,,,,,,,,,,,,,,,,,,
J90_1.RCP,1,162.4014257072845,0.3910799026489258,DE_best/1_fixedF_exp_adaptiveCR_noLS,67,1000,1,50.0,60.0,100.0,0.1,0.9,False,True,best/1,exp,random,False,5.0,0.3,1.5,0.3,1.0,1.0,,,,,,,,,,,,,,,,,,,,,,,,,
J90_1.RCP,0,148.25217197594117,0.37955212593078613,DE_best/1_fixedF_exp_fixedCR_withLS,67,1000,0,50.0,60.0,100.0,0.1,0.9,False,False,best/1,exp,random,True,5.0,0.3,1.5,0.3,1.0,1.0,,,,,,,,,,,,,,,,,,,,,,,,,
J90_1.RCP,1,151.20739585653823,0.3809030055999756,DE_best/1_fixedF_exp_fixedCR_withLS,67,1000,1,50.0,60.0,100.0,0.1,0.9,False,False,best/1,exp,random,True,5.0,0.3,1.5,0.3,1.0,1.0,,,,,,,,,,,,,,,,,,,,,,,,,
J90_1.RCP,0,156.55067943862772,0.37226200103759766,DE_best/1_fixedF_exp_fixedCR_noLS,67,1000,0,50.0,60.0,100.0,0.1,0.9,False,False,best/1,exp,random,False,5.0,0.3,1.5,0.3,1.0,1.0,,,,,,,,,,,,,,,,,,,,,,,,,
J90_1.RCP,1,150.64023167743372,0.37378597259521484,DE_best/1_fixedF_exp_fixedCR_noLS,67,1000,1,50.0,60.0,100.0,0.1,0.9,False,False,best/1,exp,random,False,5.0,0.3,1.5,0.3,1.0,1.0,,,,,,,,,,,,,,,,,,,,,,,,,
J90_1.RCP,0,174.90888839385164,0.3884761333465576,DE_best/2_adaptiveF_bin_adaptiveCR_withLS,67,1000,0,50.0,60.0,100.0,0.1,0.9,True,True,best/2,bin,random,True,5.0,0.3,1.5,0.3,1.0,1.0,,,,,,,,,,,,,,,,,,,,,,,,,
J90_1.RCP,1,190.10291824459787,0.3869931697845459,DE_best/2_adaptiveF_bin_adaptiveCR_withLS,67,1000,1,50.0,60.0,100.0,0.1,0.9,True,True,best/2,bin,random,True,5.0,0.3,1.5,0.3,1.0,1.0,,,,,,,,,,,,,,,,,,,,,,,,,
J90_1.RCP,0,174.61038093116505,0.3805699348449707,DE_best/2_adaptiveF_bin_adaptiveCR_noLS,67,1000,0,50.0,60.0,100.0,0.1,0.9,True,True,best/2,bin,random,False,5.0,0.3,1.5,0.3,1.0,1.0,,,,,,,,,,,,,,,,,,,,,,,,,
J90_1.RCP,1,188.13276899086654,0.384814977645874,DE_best/2_adaptiveF_bin_adaptiveCR_noLS,67,1000,1,50.0,60.0,100.0,0.1,0.9,True,True,best/2,bin,random,False,5.0,0.3,1.5,0.3,1.0,1.0,,,,,,,,,,,,,,,,,,,,,,,,,
J90_1.RCP,0,153.53575406549345,0.38295817375183105,DE_best/2_adaptiveF_bin_fixedCR_withLS,67,1000,0,50.0,60.0,100.0,0.1,0.9,True,False,best/2,bin,random,True,5.0,0.3,1.5,0.3,1.0,1.0,,,,,,,,,,,,,,,,,,,,,,,,,
J90_1.RCP,1,160.81933615504568,0.38312387466430664,DE_best/2_adaptiveF_bin_fixedCR_withLS,67,1000,1,50.0,60.0,100.0,0.1,0.9,True,False,best/2,bin,random,True,5.0,0.3,1.5,0.3,1.0,1.0,,,,,,,,,,,,,,,,,,,,,,,,,
J90_1.RCP,0,150.13276899086654,0.3788118362426758,DE_best/2_adaptiveF_bin_fixedCR_noLS,67,1000,0,50.0,60.0,100.0,0.1,0.9,True,False,best/2,bin,random,False,5.0,0.3,1.5,0.3,1.0,1.0,,,,,,,,,,,,,,,,,,,,,,,,,
J90_1.RCP,1,135.2969480953442,0.3778209686279297,DE_best/2_adaptiveF_bin_fixedCR_noLS,67,1000,1,50.0,60.0,100.0,0.1,0.9,True,False,best/2,bin,random,False,5.0,0.3,1.5,0.3,1.0,1.0,,,,,,,,,,,,,,,,,,,,,,,,,
J90_1.RCP,0,185.71485854310535,0.3879110813140869,DE_best/2_adaptiveF_exp_adaptiveCR_withLS,67,1000,0,50.0,60.0,100.0,0.1,0.9,True,True,best/2,exp,random,True,5.0,0.3,1.5,0.3,1.0,1.0,,,,,,,,,,,,,,,,,,,,,,,,,
J90_1.RCP,1,177.53575406549342,0.3886680603027344,DE_best/2_adaptiveF_exp_adaptiveCR_withLS,67,1000,1,50.0,60.0,100.0,0.1,0.9,True,True,best/2,exp,random,True,5.0,0.3,1.5,0.3,1.0,1.0,,,,,,,,,,,,,,,,,,,,,,,,,
J90_1.RCP,0,178.1626197371352,0.4056379795074463,DE_best/2_adaptiveF_exp_adaptiveCR_noLS,67,1000,0,50.0,60.0,100.0,0.1,0.9,True,True,best/2,exp,random,False,5.0,0.3,1.5,0.3,1.0,1.0,,,,,,,,,,,,,,,,,,,,,,,,,
J90_1.RCP,1,171.9536645132546,0.3821568489074707,DE_best/2_adaptiveF_exp_adaptiveCR_noLS,67,1000,1,50.0,60.0,100.0,0.1,0.9,True,True,best/2,exp,random,False,5.0,0.3,1.5,0.3,1.0,1.0,,,,,,,,,,,,,,,,,,,,,,,,,
J90_1.RCP,0,153.1178436177322,0.4743690490722656,DE_best/2_adaptiveF_exp_fixedCR_withLS,67,1000,0,50.0,60.0,100.0,0.1,0.9,True,False,best/2,exp,random,True,5.0,0.3,1.5,0.3,1.0,1.0,,,,,,,,,,,,,,,,,,,,,,,,,
J90_1.RCP,1,155.86411227444864,0.38242101669311523,DE_best/2_adaptiveF_exp_fixedCR_withLS,67,1000,1,50.0,60.0,100.0,0.1,0.9,True,False,best/2,exp,random,True,5.0,0.3,1.5,0.3,1.0,1.0,,,,,,,,,,,,,,,,,,,,,,,,,
J90_1.RCP,0,132.16261973713523,0.3890681266784668,DE_best/2_adaptiveF_exp_fixedCR_noLS,67,1000,0,50.0,60.0,100.0,0.1,0.9,True,False,best/2,exp,random,False,5.0,0.3,1.5,0.3,1.0,1.0,,,,,,,,,,,,,,,,,,,,,,,,,
J90_1.RCP,1,134.99844063265758,0.38282275199890137,DE_best/2_adaptiveF_exp_fixedCR_noLS,67,1000,1,50.0,60.0,100.0,0.1,0.9,True,False,best/2,exp,random,False,5.0,0.3,1.5,0.3,1.0,1.0,,,,,,,,,,,,,,,,,,,,,,,,,
J90_1.RCP,0,157.0581421251949,0.42150187492370605,DE_best/2_fixedF_bin_adaptiveCR_withLS,67,1000,0,50.0,60.0,100.0,0.1,0.9,False,True,best/2,bin,random,True,5.0,0.3,1.5,0.3,1.0,1.0,,,,,,,,,,,,,,,,,,,,,,,,,
J90_1.RCP,1,174.2521719759412,0.4201622009277344,DE_best/2_fixedF_bin_adaptiveCR_withLS,67,1000,1,50.0,60.0,100.0,0.1,0.9,False,True,best/2,bin,random,True,5.0,0.3,1.5,0.3,1.0,1.0,,,,,,,,,,,,,,,,,,,,,,,,,
J90_1.RCP,0,157.86411227444867,0.41033220291137695,DE_best/2_fixedF_bin_adaptiveCR_noLS,67,1000,0,50.0,60.0,100.0,0.1,0.9,False,True,best/2,bin,random,False,5.0,0.3,1.5,0.3,1.0,1.0,,,,,,,,,,,,,,,,,,,,,,,,,
J90_1.RCP,1,162.61038093116508,0.4102296829223633,DE_best/2_fixedF_bin_adaptiveCR_noLS,67,1000,1,50.0,60.0,100.0,0.1,0.9,False,True,best/2,bin,random,False,5.0,0.3,1.5,0.3,1.0,1.0,,,,,,,,,,,,,,,,,,,,,,,,,
J90_1.RCP,0,150.07306749832927,0.39342284202575684,DE_best/2_fixedF_bin_fixedCR_withLS,67,1000,0,50.0,60.0,100.0,0.1,0.9,False,False,best/2,bin,random,True,5.0,0.3,1.5,0.3,1.0,1.0,,,,,,,,,,,,,,,,,,,,,,,,,
J90_1.RCP,1,157.23724660280683,0.39310312271118164,DE_best/2_fixedF_bin_fixedCR_withLS,67,1000,1,50.0,60.0,100.0,0.1,0.9,False,False,best/2,bin,random,True,5.0,0.3,1.5,0.3,1.0,1.0,,,,,,,,,,,,,,,,,,,,,,,,,
J90_1.RCP,0,158.8491869013143,0.3840157985687256,DE_best/2_fixedF_bin_fixedCR_noLS,67,1000,0,50.0,60.0,100.0,0.1,0.9,False,False,best/2,bin,random,False,5.0,0.3,1.5,0.3,1.0,1.0,,,,,,,,,,,,,,,,,,,,,,,,,
J90_1.RCP,1,166.43127645355312,0.38591599464416504,DE_best/2_fixedF_bin_fixedCR_noLS,67,1000,1,50.0,60.0,100.0,0.1,0.9,False,False,best/2,bin,random,False,5.0,0.3,1.5,0.3,1.0,1.0,,,,,,,,,,,,,,,,,,,,,,,,,
J90_1.RCP,0,166.49097794609042,0.4243950843811035,DE_best/2_fixedF_exp_adaptiveCR_withLS,67,1000,0,50.0,60.0,100.0,0.1,0.9,False,True,best/2,exp,random,True,5.0,0.3,1.5,0.3,1.0,1.0,,,,,,,,,,,,,,,,,,,,,,,,,
J90_1.RCP,1,170.22232122967253,0.42315006256103516,DE_best/2_fixedF_exp_adaptiveCR_withLS,67,1000,1,50.0,60.0,100.0,0.1,0.9,False,True,best/2,exp,random,True,5.0,0.3,1.5,0.3,1.0,1.0,,,,,,,,,,,,,,,,,,,,,,,,,
J90_1.RCP,0,172.43127645355312,0.41404008865356445,DE_best/2_fixedF_exp_adaptiveCR_noLS,67,1000,0,50.0,60.0,100.0,0.1,0.9,False,True,best/2,exp,random,False,5.0,0.3,1.5,0.3,1.0,1.0,,,,,,,,,,,,,,,,,,,,,,,,,
J90_1.RCP,1,168.9387391401203,0.41057491302490234,DE_best/2_fixedF_exp_adaptiveCR_noLS,67,1000,1,50.0,60.0,100.0,0.1,0.9,False,True,best/2,exp,random,False,5.0,0.3,1.5,0.3,1.0,1.0,,,,,,,,,,,,,,,,,,,,,,,,,
J90_1.RCP,0,145.47605257295612,0.39446592330932617,DE_best/2_fixedF_exp_fixedCR_withLS,67,1000,0,50.0,60.0,100.0,0.1,0.9,False,False,best/2,exp,random,True,5.0,0.3,1.5,0.3,1.0,1.0,,,,,,,,,,,,,,,,,,,,,,,,,
J90_1.RCP,1,133.29694809534422,0.3999650478363037,DE_best/2_fixedF_exp_fixedCR_withLS,67,1000,1,50.0,60.0,100.0,0.1,0.9,False,False,best/2,exp,random,True,5.0,0.3,1.5,0.3,1.0,1.0,,,,,,,,,,,,,,,,,,,,,,,,,
J90_1.RCP,0,170.789485408777,0.38432884216308594,DE_best/2_fixedF_exp_fixedCR_noLS,67,1000,0,50.0,60.0,100.0,0.1,0.9,False,False,best/2,exp,random,False,5.0,0.3,1.5,0.3,1.0,1.0,,,,,,,,,,,,,,,,,,,,,,,,,
J90_1.RCP,1,150.75963466250835,0.3838179111480713,DE_best/2_fixedF_exp_fixedCR_noLS,67,1000,1,50.0,60.0,100.0,0.1,0.9,False,False,best/2,exp,random,False,5.0,0.3,1.5,0.3,1.0,1.0,,,,,,,,,,,,,,,,,,,,,,,,,
J90_1.RCP,0,195.29694809534416,0.3751358985900879,DE_adaptive_bin_adaptiveCR_withLS,67,1000,0,50.0,60.0,100.0,0.1,0.9,True,True,adaptive,bin,random,True,5.0,0.3,1.5,0.3,1.0,1.0,,,,,,,,,,,,,,,,,,,,,,,,,
J90_1.RCP,1,184.64023167743372,0.37428975105285645,DE_adaptive_bin_adaptiveCR_withLS,67,1000,1,50.0,60.0,100.0,0.1,0.9,True,True,adaptive,bin,random,True,5.0,0.3,1.5,0.3,1.0,1.0,,,,,,,,,,,,,,,,,,,,,,,,,
J90_1.RCP,0,176.55067943862775,0.3705410957336426,DE_adaptive_bin_adaptiveCR_noLS,67,1000,0,50.0,60.0,100.0,0.1,0.9,True,True,adaptive,bin,random,False,5.0,0.3,1.5,0.3,1.0,1.0,,,,,,,,,,,,,,,,,,,,,,,,,
J90_1.RCP,1,185.86411227444864,0.3709533214569092,DE_adaptive_bin_adaptiveCR_noLS,67,1000,1,50.0,60.0,100.0,0.1,0.9,True,True,adaptive,bin,random,False,5.0,0.3,1.5,0.3,1.0,1.0,,,,,,,,,,,,,,,,,,,,,,,,,
J90_1.RCP,0,177.38650033415013,0.37351012229919434,DE_adaptive_bin_fixedCR_withLS,67,1000,0,50.0,60.0,100.0,0.1,0.9,True,False,adaptive,bin,random,True,5.0,0.3,1.5,0.3,1.0,1.0,,,,,,,,,,,,,,,,,,,,,,,,,
J90_1.RCP,1,162.75963466250835,0.37351083755493164,DE_adaptive_bin_fixedCR_withLS,67,1000,1,50.0,60.0,100.0,0.1,0.9,True,False,adaptive,bin,random,True,5.0,0.3,1.5,0.3,1.0,1.0,,,,,,,,,,,,,,,,,,,,,,,,,
J90_1.RCP,0,143.74470928937404,0.3700110912322998,DE_adaptive_bin_fixedCR_noLS,67,1000,0,50.0,60.0,100.0,0.1,0.9,True,False,adaptive,bin,random,False,5.0,0.3,1.5,0.3,1.0,1.0,,,,,,,,,,,,,,,,,,,,,,,,,
J90_1.RCP,1,163.3267988416128,0.36987805366516113,DE_adaptive_bin_fixedCR_noLS,67,1000,1,50.0,60.0,100.0,0.1,0.9,True,False,adaptive,bin,random,False,5.0,0.3,1.5,0.3,1.0,1.0,,,,,,,,,,,,,,,,,,,,,,,,,
J90_1.RCP,0,184.46112719982176,0.3773918151855469,DE_adaptive_exp_adaptiveCR_withLS,67,1000,0,50.0,60.0,100.0,0.1,0.9,True,True,adaptive,exp,random,True,5.0,0.3,1.5,0.3,1.0,1.0,,,,,,,,,,,,,,,,,,,,,,,,,
J90_1.RCP,1,177.95366451325464,0.3772099018096924,DE_adaptive_exp_adaptiveCR_withLS,67,1000,1,50.0,60.0,100.0,0.1,0.9,True,True,adaptive,exp,random,True,5.0,0.3,1.5,0.3,1.0,1.0,,,,,,,,,,,,,,,,,,,,,,,,,
J90_1.RCP,0,192.64023167743375,0.3736419677734375,DE_adaptive_exp_adaptiveCR_noLS,67,1000,0,50.0,60.0,100.0,0.1,0.9,True,True,adaptive,exp,random,False,5.0,0.3,1.5,0.3,1.0,1.0,,,,,,,,,,,,,,,,,,,,,,,,,
J90_1.RCP,1,184.64023167743372,0.37671589851379395,DE_adaptive_exp_adaptiveCR_noLS,67,1000,1,50.0,60.0,100.0,0.1,0.9,True,True,adaptive,exp,random,False,5.0,0.3,1.5,0.3,1.0,1.0,,,,,,,,,,,,,,,,,,,,,,,,,
J90_1.RCP,0,135.4163510804188,0.3768131732940674,DE_adaptive_exp_fixedCR_withLS,67,1000,0,50.0,60.0,100.0,0.1,0.9,True,False,adaptive,exp,random,True,5.0,0.3,1.5,0.3,1.0,1.0,,,,,,,,,,,,,,,,,,,,,,,,,
J90_1.RCP,1,176.69993316997105,0.37655115127563477,DE_adaptive_exp_fixedCR_withLS,67,1000,1,50.0,60.0,100.0,0.1,0.9,True,False,adaptive,exp,random,True,5.0,0.3,1.5,0.3,1.0,1.0,,,,,,,,,,,,,,,,,,,,,,,,,
J90_1.RCP,0,142.49097794609045,0.39250779151916504,DE_adaptive_exp_fixedCR_noLS,67,1000,0,50.0,60.0,100.0,0.1,0.9,True,False,adaptive,exp,random,False,5.0,0.3,1.5,0.3,1.0,1.0,,,,,,,,,,,,,,,,,,,,,,,,,
J90_1.RCP,1,163.59545555803072,0.37120604515075684,DE_adaptive_exp_fixedCR_noLS,67,1000,1,50.0,60.0,100.0,0.1,0.9,True,False,adaptive,exp,random,False,5.0,0.3,1.5,0.3,1.0,1.0,,,,,,,,,,,,,,,,,,,,,,,,,
J90_1.RCP,0,190.81933615504568,0.37867116928100586,DE_current-to-rand/2_bin_adaptiveCR_withLS,67,1000,0,50.0,60.0,100.0,0.1,0.9,False,True,current-to-rand/2,bin,random,True,5.0,0.3,1.5,0.3,1.0,1.0,,,,,,,,,,,,,,,,,,,,,,,,,
J90_1.RCP,1,178.5805301848964,0.3766670227050781,DE_current-to-rand/2_bin_adaptiveCR_withLS,67,1000,1,50.0,60.0,100.0,0.1,0.9,False,True,current-to-rand/2,bin,random,True,5.0,0.3,1.5,0.3,1.0,1.0,,,,,,,,,,,,,,,,,,,,,,,,,
J90_1.RCP,0,177.38650033415013,0.37476515769958496,DE_current-to-rand/2_bin_adaptiveCR_noLS,67,1000,0,50.0,60.0,100.0,0.1,0.9,False,True,current-to-rand/2,bin,random,False,5.0,0.3,1.5,0.3,1.0,1.0,,,,,,,,,,,,,,,,,,,,,,,,,
J90_1.RCP,1,178.10291824459787,0.37479186058044434,DE_current-to-rand/2_bin_adaptiveCR_noLS,67,1000,1,50.0,60.0,100.0,0.1,0.9,False,True,current-to-rand/2,bin,random,False,5.0,0.3,1.5,0.3,1.0,1.0,,,,,,,,,,,,,,,,,,,,,,,,,
J90_1.RCP,0,147.62530630429941,0.374708890914917,DE_current-to-rand/2_bin_fixedCR_withLS,67,1000,0,50.0,60.0,100.0,0.1,0.9,False,False,current-to-rand/2,bin,random,True,5.0,0.3,1.5,0.3,1.0,1.0,,,,,,,,,,,,,,,,,,,,,,,,,
J90_1.RCP,1,162.5208286923591,0.382274866104126,DE_current-to-rand/2_bin_fixedCR_withLS,67,1000,1,50.0,60.0,100.0,0.1,0.9,False,False,current-to-rand/2,bin,random,True,5.0,0.3,1.5,0.3,1.0,1.0,,,,,,,,,,,,,,,,,,,,,,,,,
J90_1.RCP,0,151.23724660280686,0.37443017959594727,DE_current-to-rand/2_bin_fixedCR_noLS,67,1000,0,50.0,60.0,100.0,0.1,0.9,False,False,current-to-rand/2,bin,random,False,5.0,0.3,1.5,0.3,1.0,1.0,,,,,,,,,,,,,,,,,,,,,,,,,
J90_1.RCP,1,140.13276899086654,0.37435317039489746,DE_current-to-rand/2_bin_fixedCR_noLS,67,1000,1,50.0,60.0,100.0,0.1,0.9,False,False,current-to-rand/2,bin,random,False,5.0,0.3,1.5,0.3,1.0,1.0,,,,,,,,,,,,,,,,,,,,,,,,,
J90_1.RCP,0,183.71485854310535,0.5294539928436279,DE_current-to-rand/2_exp_adaptiveCR_withLS,67,1000,0,50.0,60.0,100.0,0.1,0.9,False,True,current-to-rand/2,exp,random,True,5.0,0.3,1.5,0.3,1.0,1.0,,,,,,,,,,,,,,,,,,,,,,,,,
J90_1.RCP,1,181.29694809534416,0.3864130973815918,DE_current-to-rand/2_exp_adaptiveCR_withLS,67,1000,1,50.0,60.0,100.0,0.1,0.9,False,True,current-to-rand/2,exp,random,True,5.0,0.3,1.5,0.3,1.0,1.0,,,,,,,,,,,,,,,,,,,,,,,,,
J90_1.RCP,0,162.84918690131434,0.37812185287475586,DE_current-to-rand/2_exp_adaptiveCR_noLS,67,1000,0,50.0,60.0,100.0,0.1,0.9,False,True,current-to-rand/2,exp,random,False,5.0,0.3,1.5,0.3,1.0,1.0,,,,,,,,,,,,,,,,,,,,,,,,,
J90_1.RCP,1,181.3267988416128,0.3793919086456299,DE_current-to-rand/2_exp_adaptiveCR_noLS,67,1000,1,50.0,60.0,100.0,0.1,0.9,False,True,current-to-rand/2,exp,random,False,5.0,0.3,1.5,0.3,1.0,1.0,,,,,,,,,,,,,,,,,,,,,,,,,
J90_1.RCP,0,172.19247048340387,0.3764629364013672,DE_current-to-rand/2_exp_fixedCR_withLS,67,1000,0,50.0,60.0,100.0,0.1,0.9,False,False,current-to-rand/2,exp,random,True,5.0,0.3,1.5,0.3,1.0,1.0,,,,,,,,,,,,,,,,,,,,,,,,,
J90_1.RCP,1,151.9835152595233,0.424177885055542,DE_current-to-rand/2_exp_fixedCR_withLS,67,1000,1,50.0,60.0,100.0,0.1,0.9,False,False,current-to-rand/2,exp,random,True,5.0,0.3,1.5,0.3,1.0,1.0,,,,,,,,,,,,,,,,,,,,,,,,,
J90_1.RCP,0,170.0432167520606,0.3777930736541748,DE_current-to-rand/2_exp_fixedCR_noLS,67,1000,0,50.0,60.0,100.0,0.1,0.9,False,False,current-to-rand/2,exp,random,False,5.0,0.3,1.5,0.3,1.0,1.0,,,,,,,,,,,,,,,,,,,,,,,,,
J90_1.RCP,1,136.19247048340392,0.3770411014556885,DE_current-to-rand/2_exp_fixedCR_noLS,67,1000,1,50.0,60.0,100.0,0.1,0.9,False,False,current-to-rand/2,exp,random,False,5.0,0.3,1.5,0.3,1.0,1.0,,,,,,,,,,,,,,,,,,,,,,,,,
J90_1.RCP,0,212.34172421474716,0.3462231159210205,GA_roulette_single_point_random_random_withLS_withNeighborhood,67,1000,0,50.0,60.0,,,,,,random,single_point,random,True,,,,,,,0.9,0.1,roulette,3.0,True,False,0.5,0.1,0.35,5.0,2.0,,,,,,,,,,,,,,
J90_1.RCP,1,198.9088883938516,0.34344029426574707,GA_roulette_single_point_random_random_withLS_withNeighborhood,67,1000,1,50.0,60.0,,,,,,random,single_point,random,True,,,,,,,0.9,0.1,roulette,3.0,True,False,0.5,0.1,0.35,5.0,2.0,,,,,,,,,,,,,,
J90_1.RCP,0,212.34172421474716,0.38806819915771484,GA_roulette_single_point_random_random_withLS_noNeighborhood,67,1000,0,50.0,60.0,,,,,,random,single_point,random,True,,,,,,,0.9,0.1,roulette,3.0,True,False,0.5,0.1,0.35,5.0,0.0,,,,,,,,,,,,,,
J90_1.RCP,1,198.9088883938516,0.3419170379638672,GA_roulette_single_point_random_random_withLS_noNeighborhood,67,1000,1,50.0,60.0,,,,,,random,single_point,random,True,,,,,,,0.9,0.1,roulette,3.0,True,False,0.5,0.1,0.35,5.0,0.0,,,,,,,,,,,,,,
J90_1.RCP,0,191.2073958565382,0.4885671138763428,GA_roulette_single_point_random_random_noLS_withNeighborhood,67,1000,0,50.0,60.0,,,,,,random,single_point,random,False,,,,,,,0.9,0.1,roulette,3.0,True,False,0.5,0.1,0.35,5.0,2.0,,,,,,,,,,,,,,
J90_1.RCP,1,183.23724660280686,0.5045089721679688,GA_roulette_single_point_random_random_noLS_withNeighborhood,67,1000,1,50.0,60.0,,,,,,random,single_point,random,False,,,,,,,0.9,0.1,roulette,3.0,True,False,0.5,0.1,0.35,5.0,2.0,,,,,,,,,,,,,,
J90_1.RCP,0,191.2073958565382,0.4864029884338379,GA_roulette_single_point_random_random_noLS_noNeighborhood,67,1000,0,50.0,60.0,,,,,,random,single_point,random,False,,,,,,,0.9,0.1,roulette,3.0,True,False,0.5,0.1,0.35,5.0,0.0,,,,,,,,,,,,,,
J90_1.RCP,1,183.23724660280686,0.4896571636199951,GA_roulette_single_point_random_random_noLS_noNeighborhood,67,1000,1,50.0,60.0,,,,,,random,single_point,random,False,,,,,,,0.9,0.1,roulette,3.0,True,False,0.5,0.1,0.35,5.0,0.0,,,,,,,,,,,,,,
J90_1.RCP,0,200.49097794609045,0.3429601192474365,GA_roulette_single_point_random_heuristic_withLS_withNeighborhood,67,1000,0,50.0,60.0,,,,,,random,single_point,heuristic,True,,,,,,,0.9,0.1,roulette,3.0,True,False,0.5,0.1,0.35,5.0,2.0,,,,,,,,,,,,,,
J90_1.RCP,1,192.75963466250838,0.34525299072265625,GA_roulette_single_point_random_heuristic_withLS_withNeighborhood,67,1000,1,50.0,60.0,,,,,,random,single_point,heuristic,True,,,,,,,0.9,0.1,roulette,3.0,True,False,0.5,0.1,0.35,5.0,2.0,,,,,,,,,,,,,,
J90_1.RCP,0,200.49097794609045,0.3445591926574707,GA_roulette_single_point_random_heuristic_withLS_noNeighborhood,67,1000,0,50.0,60.0,,,,,,random,single_point,heuristic,True,,,,,,,0.9,0.1,roulette,3.0,True,False,0.5,0.1,0.35,5.0,0.0,,,,,,,,,,,,,,
J90_1.RCP,1,192.75963466250838,0.3410317897796631,GA_roulette_single_point_random_heuristic_withLS_noNeighborhood,67,1000,1,50.0,60.0,,,,,,random,single_point,heuristic,True,,,,,,,0.9,0.1,roulette,3.0,True,False,0.5,0.1,0.35,5.0,0.0,,,,,,,,,,,,,,
J90_1.RCP,0,195.53575406549345,0.4951040744781494,GA_roulette_single_point_random_heuristic_noLS_withNeighborhood,67,1000,0,50.0,60.0,,,,,,random,single_point,heuristic,False,,,,,,,0.9,0.1,roulette,3.0,True,False,0.5,0.1,0.35,5.0,2.0,,,,,,,,,,,,,,
J90_1.RCP,1,192.75963466250838,0.5344140529632568,GA_roulette_single_point_random_heuristic_noLS_withNeighborhood,67,1000,1,50.0,60.0,,,,,,random,single_point,heuristic,False,,,,,,,0.9,0.1,roulette,3.0,True,False,0.5,0.1,0.35,5.0,2.0,,,,,,,,,,,,,,
J90_1.RCP,0,195.53575406549345,0.4954349994659424,GA_roulette_single_point_random_heuristic_noLS_noNeighborhood,67,1000,0,50.0,60.0,,,,,,random,single_point,heuristic,False,,,,,,,0.9,0.1,roulette,3.0,True,False,0.5,0.1,0.35,5.0,0.0,,,,,,,,,,,,,,
J90_1.RCP,1,192.75963466250838,0.49344801902770996,GA_roulette_single_point_random_heuristic_noLS_noNeighborhood,67,1000,1,50.0,60.0,,,,,,random,single_point,heuristic,False,,,,,,,0.9,0.1,roulette,3.0,True,False,0.5,0.1,0.35,5.0,0.0,,,,,,,,,,,,,,
J90_1.RCP,0,190.43127645355312,0.3511159420013428,GA_roulette_single_point_adaptive_random_withLS_withNeighborhood,67,1000,0,50.0,60.0,,,,,,adaptive,single_point,random,True,,,,,,,0.9,0.1,roulette,3.0,True,False,0.5,0.1,0.35,5.0,2.0,,,,,,,,,,,,,,
J90_1.RCP,1,187.2670973490755,0.35549378395080566,GA_roulette_single_point_adaptive_random_withLS_withNeighborhood,67,1000,1,50.0,60.0,,,,,,adaptive,single_point,random,True,,,,,,,0.9,0.1,roulette,3.0,True,False,0.5,0.1,0.35,5.0,2.0,,,,,,,,,,,,,,
J90_1.RCP,0,190.43127645355312,0.3468480110168457,GA_roulette_single_point_adaptive_random_withLS_noNeighborhood,67,1000,0,50.0,60.0,,,,,,adaptive,single_point,random,True,,,,,,,0.9,0.1,roulette,3.0,True,False,0.5,0.1,0.35,5.0,0.0,,,,,,,,,,,,,,
J90_1.RCP,1,187.2670973490755,0.43081092834472656,GA_roulette_single_point_adaptive_random_withLS_noNeighborhood,67,1000,1,50.0,60.0,,,,,,adaptive,single_point,random,True,,,,,,,0.9,0.1,roulette,3.0,True,False,0.5,0.1,0.35,5.0,0.0,,,,,,,,,,,,,,
J90_1.RCP,0,190.43127645355312,0.543956995010376,GA_roulette_single_point_adaptive_random_noLS_withNeighborhood,67,1000,0,50.0,60.0,,,,,,adaptive,single_point,random,False,,,,,,,0.9,0.1,roulette,3.0,True,False,0.5,0.1,0.35,5.0,2.0,,,,,,,,,,,,,,
J90_1.RCP,1,187.2670973490755,0.5210769176483154,GA_roulette_single_point_adaptive_random_noLS_withNeighborhood,67,1000,1,50.0,60.0,,,,,,adaptive,single_point,random,False,,,,,,,0.9,0.1,roulette,3.0,True,False,0.5,0.1,0.35,5.0,2.0,,,,,,,,,,,,,,
J90_1.RCP,0,190.43127645355312,0.5606391429901123,GA_roulette_single_point_adaptive_random_noLS_noNeighborhood,67,1000,0,50.0,60.0,,,,,,adaptive,single_point,random,False,,,,,,,0.9,0.1,roulette,3.0,True,False,0.5,0.1,0.35,5.0,0.0,,,,,,,,,,,,,,
J90_1.RCP,1,187.2670973490755,0.5148680210113525,GA_roulette_single_point_adaptive_random_noLS_noNeighborhood,67,1000,1,50.0,60.0,,,,,,adaptive,single_point,random,False,,,,,,,0.9,0.1,roulette,3.0,True,False,0.5,0.1,0.35,5.0,0.0,,,,,,,,,,,,,,
J90_1.RCP,0,202.19247048340387,0.35028886795043945,GA_roulette_single_point_adaptive_heuristic_withLS_withNeighborhood,67,1000,0,50.0,60.0,,,,,,adaptive,single_point,heuristic,True,,,,,,,0.9,0.1,roulette,3.0,True,False,0.5,0.1,0.35,5.0,2.0,,,,,,,,,,,,,,
J90_1.RCP,1,192.75963466250838,0.3793308734893799,GA_roulette_single_point_adaptive_heuristic_withLS_withNeighborhood,67,1000,1,50.0,60.0,,,,,,adaptive,single_point,heuristic,True,,,,,,,0.9,0.1,roulette,3.0,True,False,0.5,0.1,0.35,5.0,2.0,,,,,,,,,,,,,,
J90_1.RCP,0,202.19247048340387,0.35501694679260254,GA_roulette_single_point_adaptive_heuristic_withLS_noNeighborhood,67,1000,0,50.0,60.0,,,,,,adaptive,single_point,heuristic,True,,,,,,,0.9,0.1,roulette,3.0,True,False,0.5,0.1,0.35,5.0,0.0,,,,,,,,,,,,,,
J90_1.RCP,1,192.75963466250838,0.35736083984375,GA_roulette_single_point_adaptive_heuristic_withLS_noNeighborhood,67,1000,1,50.0,60.0,,,,,,adaptive,single_point,heuristic,True,,,,,,,0.9,0.1,roulette,3.0,True,False,0.5,0.1,0.35,5.0,0.0,,,,,,,,,,,,,,
J90_1.RCP,0,194.04321675206057,0.5203862190246582,GA_roulette_single_point_adaptive_heuristic_noLS_withNeighborhood,67,1000,0,50.0,60.0,,,,,,adaptive,single_point,heuristic,False,,,,,,,0.9,0.1,roulette,3.0,True,False,0.5,0.1,0.35,5.0,2.0,,,,,,,,,,,,,,
J90_1.RCP,1,192.75963466250838,0.5587899684906006,GA_roulette_single_point_adaptive_heuristic_noLS_withNeighborhood,67,1000,1,50.0,60.0,,,,,,adaptive,single_point,heuristic,False,,,,,,,0.9,0.1,roulette,3.0,True,False,0.5,0.1,0.35,5.0,2.0,,,,,,,,,,,,,,
J90_1.RCP,0,194.04321675206057,0.5279600620269775,GA_roulette_single_point_adaptive_heuristic_noLS_noNeighborhood,67,1000,0,50.0,60.0,,,,,,adaptive,single_point,heuristic,False,,,,,,,0.9,0.1,roulette,3.0,True,False,0.5,0.1,0.35,5.0,0.0,,,,,,,,,,,,,,
J90_1.RCP,1,192.75963466250838,0.5197150707244873,GA_roulette_single_point_adaptive_heuristic_noLS_noNeighborhood,67,1000,1,50.0,60.0,,,,,,adaptive,single_point,heuristic,False,,,,,,,0.9,0.1,roulette,3.0,True,False,0.5,0.1,0.35,5.0,0.0,,,,,,,,,,,,,,
J90_1.RCP,0,210.4014257072845,0.34134602546691895,GA_roulette_two_point_random_random_withLS_withNeighborhood,67,1000,0,50.0,60.0,,,,,,random,two_point,random,True,,,,,,,0.9,0.1,roulette,3.0,True,False,0.5,0.1,0.35,5.0,2.0,,,,,,,,,,,,,,
J90_1.RCP,1,203.41635108041882,0.36049675941467285,GA_roulette_two_point_random_random_withLS_withNeighborhood,67,1000,1,50.0,60.0,,,,,,random,two_point,random,True,,,,,,,0.9,0.1,roulette,3.0,True,False,0.5,0.1,0.35,5.0,2.0,,,,,,,,,,,,,,
J90_1.RCP,0,210.4014257072845,0.34705686569213867,GA_roulette_two_point_random_random_withLS_noNeighborhood,67,1000,0,50.0,60.0,,,,,,random,two_point,random,True,,,,,,,0.9,0.1,roulette,3.0,True,False,0.5,0.1,0.35,5.0,0.0,,,,,,,,,,,,,,
J90_1.RCP,1,203.41635108041882,0.3428680896759033,GA_roulette_two_point_random_random_withLS_noNeighborhood,67,1000,1,50.0,60.0,,,,,,random,two_point,random,True,,,,,,,0.9,0.1,roulette,3.0,True,False,0.5,0.1,0.35,5.0,0.0,,,,,,,,,,,,,,
J90_1.RCP,0,193.26709734907553,0.49795007705688477,GA_roulette_two_point_random_random_noLS_withNeighborhood,67,1000,0,50.0,60.0,,,,,,random,two_point,random,False,,,,,,,0.9,0.1,roulette,3.0,True,False,0.5,0.1,0.35,5.0,2.0,,,,,,,,,,,,,,
J90_1.RCP,1,186.07306749832924,0.5033180713653564,GA_roulette_two_point_random_random_noLS_withNeighborhood,67,1000,1,50.0,60.0,,,,,,random,two_point,random,False,,,,,,,0.9,0.1,roulette,3.0,True,False,0.5,0.1,0.35,5.0,2.0,,,,,,,,,,,,,,
J90_1.RCP,0,193.26709734907553,0.48905301094055176,GA_roulette_two_point_random_random_noLS_noNeighborhood,67,1000,0,50.0,60.0,,,,,,random,two_point,random,False,,,,,,,0.9,0.1,roulette,3.0,True,False,0.5,0.1,0.35,5.0,0.0,,,,,,,,,,,,,,
J90_1.RCP,1,186.07306749832924,0.4989049434661865,GA_roulette_two_point_random_random_noLS_noNeighborhood,67,1000,1,50.0,60.0,,,,,,random,two_point,random,False,,,,,,,0.9,0.1,roulette,3.0,True,False,0.5,0.1,0.35,5.0,0.0,,,,,,,,,,,,,,
J90_1.RCP,0,203.0879928714636,0.351409912109375,GA_roulette_two_point_random_heuristic_withLS_withNeighborhood,67,1000,0,50.0,60.0,,,,,,random,two_point,heuristic,True,,,,,,,0.9,0.1,roulette,3.0,True,False,0.5,0.1,0.35,5.0,2.0,,,,,,,,,,,,,,
J90_1.RCP,1,192.75963466250838,0.3439009189605713,GA_roulette_two_point_random_heuristic_withLS_withNeighborhood,67,1000,1,50.0,60.0,,,,,,random,two_point,heuristic,True,,,,,,,0.9,0.1,roulette,3.0,True,False,0.5,0.1,0.35,5.0,2.0,,,,,,,,,,,,,,
J90_1.RCP,0,203.0879928714636,0.3454740047454834,GA_roulette_two_point_random_heuristic_withLS_noNeighborhood,67,1000,0,50.0,60.0,,,,,,random,two_point,heuristic,True,,,,,,,0.9,0.1,roulette,3.0,True,False,0.5,0.1,0.35,5.0,0.0,,,,,,,,,,,,,,
J90_1.RCP,1,192.75963466250838,0.34520816802978516,GA_roulette_two_point_random_heuristic_withLS_noNeighborhood,67,1000,1,50.0,60.0,,,,,,random,two_point,heuristic,True,,,,,,,0.9,0.1,roulette,3.0,True,False,0.5,0.1,0.35,5.0,0.0,,,,,,,,,,,,,,
J90_1.RCP,0,190.25217197594117,0.49437499046325684,GA_roulette_two_point_random_heuristic_noLS_withNeighborhood,67,1000,0,50.0,60.0,,,,,,random,two_point,heuristic,False,,,,,,,0.9,0.1,roulette,3.0,True,False,0.5,0.1,0.35,5.0,2.0,,,,,,,,,,,,,,
J90_1.RCP,1,192.75963466250838,0.494978666305542,GA_roulette_two_point_random_heuristic_noLS_withNeighborhood,67,1000,1,50.0,60.0,,,,,,random,two_point,heuristic,False,,,,,,,0.9,0.1,roulette,3.0,True,False,0.5,0.1,0.35,5.0,2.0,,,,,,,,,,,,,,
J90_1.RCP,0,190.25217197594117,0.4950270652770996,GA_roulette_two_point_random_heuristic_noLS_noNeighborhood,67,1000,0,50.0,60.0,,,,,,random,two_point,heuristic,False,,,,,,,0.9,0.1,roulette,3.0,True,False,0.5,0.1,0.35,5.0,0.0,,,,,,,,,,,,,,
J90_1.RCP,1,192.75963466250838,0.49469494819641113,GA_roulette_two_point_random_heuristic_noLS_noNeighborhood,67,1000,1,50.0,60.0,,,,,,random,two_point,heuristic,False,,,,,,,0.9,0.1,roulette,3.0,True,False,0.5,0.1,0.35,5.0,0.0,,,,,,,,,,,,,,
J90_1.RCP,0,212.1924704834039,0.34883570671081543,GA_roulette_two_point_adaptive_random_withLS_withNeighborhood,67,1000,0,50.0,60.0,,,,,,adaptive,two_point,random,True,,,,,,,0.9,0.1,roulette,3.0,True,False,0.5,0.1,0.35,5.0,2.0,,,,,,,,,,,,,,
J90_1.RCP,1,187.71485854310535,0.35049986839294434,GA_roulette_two_point_adaptive_random_withLS_withNeighborhood,67,1000,1,50.0,60.0,,,,,,adaptive,two_point,random,True,,,,,,,0.9,0.1,roulette,3.0,True,False,0.5,0.1,0.35,5.0,2.0,,,,,,,,,,,,,,
J90_1.RCP,0,212.1924704834039,0.34999585151672363,GA_roulette_two_point_adaptive_random_withLS_noNeighborhood,67,1000,0,50.0,60.0,,,,,,adaptive,two_point,random,True,,,,,,,0.9,0.1,roulette,3.0,True,False,0.5,0.1,0.35,5.0,0.0,,,,,,,,,,,,,,
J90_1.RCP,1,187.71485854310535,0.35047173500061035,GA_roulette_two_point_adaptive_random_withLS_noNeighborhood,67,1000,1,50.0,60.0,,,,,,adaptive,two_point,random,True,,,,,,,0.9,0.1,roulette,3.0,True,False,0.5,0.1,0.35,5.0,0.0,,,,,,,,,,,,,,
J90_1.RCP,0,187.20739585653823,0.5179808139801025,GA_roulette_two_point_adaptive_random_noLS_withNeighborhood,67,1000,0,50.0,60.0,,,,,,adaptive,two_point,random,False,,,,,,,0.9,0.1,roulette,3.0,True,False,0.5,0.1,0.35,5.0,2.0,,,,,,,,,,,,,,
J90_1.RCP,1,187.71485854310535,0.5192627906799316,GA_roulette_two_point_adaptive_random_noLS_withNeighborhood,67,1000,1,50.0,60.0,,,,,,adaptive,two_point,random,False,,,,,,,0.9,0.1,roulette,3.0,True,False,0.5,0.1,0.35,5.0,2.0,,,,,,,,,,,,,,
J90_1.RCP,0,187.20739585653823,0.5238091945648193,GA_roulette_two_point_adaptive_random_noLS_noNeighborhood,67,1000,0,50.0,60.0,,,,,,adaptive,two_point,random,False,,,,,,,0.9,0.1,roulette,3.0,True,False,0.5,0.1,0.35,5.0,0.0,,,,,,,,,,,,,,
J90_1.RCP,1,187.71485854310535,0.5185370445251465,GA_roulette_two_point_adaptive_random_noLS_noNeighborhood,67,1000,1,50.0,60.0,,,,,,adaptive,two_point,random,False,,,,,,,0.9,0.1,roulette,3.0,True,False,0.5,0.1,0.35,5.0,0.0,,,,,,,,,,,,,,
J90_1.RCP,0,213.89396302071728,0.3519570827484131,GA_roulette_two_point_adaptive_heuristic_withLS_withNeighborhood,67,1000,0,50.0,60.0,,,,,,adaptive,two_point,heuristic,True,,,,,,,0.9,0.1,roulette,3.0,True,False,0.5,0.1,0.35,5.0,2.0,,,,,,,,,,,,,,
J90_1.RCP,1,192.75963466250838,0.3518710136413574,GA_roulette_two_point_adaptive_heuristic_withLS_withNeighborhood,67,1000,1,50.0,60.0,,,,,,adaptive,two_point,heuristic,True,,,,,,,0.9,0.1,roulette,3.0,True,False,0.5,0.1,0.35,5.0,2.0,,,,,,,,,,,,,,
J90_1.RCP,0,213.89396302071728,0.35184407234191895,GA_roulette_two_point_adaptive_heuristic_withLS_noNeighborhood,67,1000,0,50.0,60.0,,,,,,adaptive,two_point,heuristic,True,,,,,,,0.9,0.1,roulette,3.0,True,False,0.5,0.1,0.35,5.0,0.0,,,,,,,,,,,,,,
J90_1.RCP,1,192.75963466250838,0.35089898109436035,GA_roulette_two_point_adaptive_heuristic_withLS_noNeighborhood,67,1000,1,50.0,60.0,,,,,,adaptive,two_point,heuristic,True,,,,,,,0.9,0.1,roulette,3.0,True,False,0.5,0.1,0.35,5.0,0.0,,,,,,,,,,,,,,
J90_1.RCP,0,199.59545555803072,0.5216469764709473,GA_roulette_two_point_adaptive_heuristic_noLS_withNeighborhood,67,1000,0,50.0,60.0,,,,,,adaptive,two_point,heuristic,False,,,,,,,0.9,0.1,roulette,3.0,True,False,0.5,0.1,0.35,5.0,2.0,,,,,,,,,,,,,,
J90_1.RCP,1,186.37157496101582,0.5221390724182129,GA_roulette_two_point_adaptive_heuristic_noLS_withNeighborhood,67,1000,1,50.0,60.0,,,,,,adaptive,two_point,heuristic,False,,,,,,,0.9,0.1,roulette,3.0,True,False,0.5,0.1,0.35,5.0,2.0,,,,,,,,,,,,,,
J90_1.RCP,0,199.59545555803072,0.5227830410003662,GA_roulette_two_point_adaptive_heuristic_noLS_noNeighborhood,67,1000,0,50.0,60.0,,,,,,adaptive,two_point,heuristic,False,,,,,,,0.9,0.1,roulette,3.0,True,False,0.5,0.1,0.35,5.0,0.0,,,,,,,,,,,,,,
J90_1.RCP,1,186.37157496101582,0.5228610038757324,GA_roulette_two_point_adaptive_heuristic_noLS_noNeighborhood,67,1000,1,50.0,60.0,,,,,,adaptive,two_point,heuristic,False,,,,,,,0.9,0.1,roulette,3.0,True,False,0.5,0.1,0.35,5.0,0.0,,,,,,,,,,,,,,
J90_1.RCP,0,199.0581421251949,5.689980745315552,GA_roulette_rcx_random_random_withLS_withNeighborhood,67,1000,0,50.0,60.0,,,,,,random,rcx,random,True,,,,,,,0.9,0.1,roulette,3.0,True,False,0.5,0.1,0.35,5.0,2.0,,,,,,,,,,,,,,
J90_1.RCP,1,188.52082869235912,5.693915843963623,GA_roulette_rcx_random_random_withLS_withNeighborhood,67,1000,1,50.0,60.0,,,,,,random,rcx,random,True,,,,,,,0.9,0.1,roulette,3.0,True,False,0.5,0.1,0.35,5.0,2.0,,,,,,,,,,,,,,
J90_1.RCP,0,199.0581421251949,5.781489133834839,GA_roulette_rcx_random_random_withLS_noNeighborhood,67,1000,0,50.0,60.0,,,,,,random,rcx,random,True,,,,,,,0.9,0.1,roulette,3.0,True,False,0.5,0.1,0.35,5.0,0.0,,,,,,,,,,,,,,
J90_1.RCP,1,188.52082869235912,5.699927806854248,GA_roulette_rcx_random_random_withLS_noNeighborhood,67,1000,1,50.0,60.0,,,,,,random,rcx,random,True,,,,,,,0.9,0.1,roulette,3.0,True,False,0.5,0.1,0.35,5.0,0.0,,,,,,,,,,,,,,
J90_1.RCP,0,176.78948540877698,22.220894813537598,GA_roulette_rcx_random_random_noLS_withNeighborhood,67,1000,0,50.0,60.0,,,,,,random,rcx,random,False,,,,,,,0.9,0.1,roulette,3.0,True,False,0.5,0.1,0.35,5.0,2.0,,,,,,,,,,,,,,
J90_1.RCP,1,179.02829137892624,21.7554771900177,GA_roulette_rcx_random_random_noLS_withNeighborhood,67,1000,1,50.0,60.0,,,,,,random,rcx,random,False,,,,,,,0.9,0.1,roulette,3.0,True,False,0.5,0.1,0.35,5.0,2.0,,,,,,,,,,,,,,
J90_1.RCP,0,176.78948540877698,22.143253087997437,GA_roulette_rcx_random_random_noLS_noNeighborhood,67,1000,0,50.0,60.0,,,,,,random,rcx,random,False,,,,,,,0.9,0.1,roulette,3.0,True,False,0.5,0.1,0.35,5.0,0.0,,,,,,,,,,,,,,
J90_1.RCP,1,179.02829137892624,21.986368894577026,GA_roulette_rcx_random_random_noLS_noNeighborhood,67,1000,1,50.0,60.0,,,,,,random,rcx,random,False,,,,,,,0.9,0.1,roulette,3.0,True,False,0.5,0.1,0.35,5.0,0.0,,,,,,,,,,,,,,
J90_1.RCP,0,222.99844063265758,5.640178203582764,GA_roulette_rcx_random_heuristic_withLS_withNeighborhood,67,1000,0,50.0,60.0,,,,,,random,rcx,heuristic,True,,,,,,,0.9,0.1,roulette,3.0,True,False,0.5,0.1,0.35,5.0,2.0,,,,,,,,,,,,,,
J90_1.RCP,1,192.75963466250838,5.852860927581787,GA_roulette_rcx_random_heuristic_withLS_withNeighborhood,67,1000,1,50.0,60.0,,,,,,random,rcx,heuristic,True,,,,,,,0.9,0.1,roulette,3.0,True,False,0.5,0.1,0.35,5.0,2.0,,,,,,,,,,,,,,
J90_1.RCP,0,222.99844063265758,5.552978277206421,GA_roulette_rcx_random_heuristic_withLS_noNeighborhood,67,1000,0,50.0,60.0,,,,,,random,rcx,heuristic,True,,,,,,,0.9,0.1,roulette,3.0,True,False,0.5,0.1,0.35,5.0,0.0,,,,,,,,,,,,,,
J90_1.RCP,1,192.75963466250838,5.90941596031189,GA_roulette_rcx_random_heuristic_withLS_noNeighborhood,67,1000,1,50.0,60.0,,,,,,random,rcx,heuristic,True,,,,,,,0.9,0.1,roulette,3.0,True,False,0.5,0.1,0.35,5.0,0.0,,,,,,,,,,,,,,
J90_1.RCP,0,192.13276899086654,22.612223863601685,GA_roulette_rcx_random_heuristic_noLS_withNeighborhood,67,1000,0,50.0,60.0,,,,,,random,rcx,heuristic,False,,,,,,,0.9,0.1,roulette,3.0,True,False,0.5,0.1,0.35,5.0,2.0,,,,,,,,,,,,,,
J90_1.RCP,1,192.75963466250838,22.252091884613037,GA_roulette_rcx_random_heuristic_noLS_withNeighborhood,67,1000,1,50.0,60.0,,,,,,random,rcx,heuristic,False,,,,,,,0.9,0.1,roulette,3.0,True,False,0.5,0.1,0.35,5.0,2.0,,,,,,,,,,,,,,
J90_1.RCP,0,192.13276899086654,21.787503004074097,GA_roulette_rcx_random_heuristic_noLS_noNeighborhood,67,1000,0,50.0,60.0,,,,,,random,rcx,heuristic,False,,,,,,,0.9,0.1,roulette,3.0,True,False,0.5,0.1,0.35,5.0,0.0,,,,,,,,,,,,,,
J90_1.RCP,1,192.75963466250838,22.10532832145691,GA_roulette_rcx_random_heuristic_noLS_noNeighborhood,67,1000,1,50.0,60.0,,,,,,random,rcx,heuristic,False,,,,,,,0.9,0.1,roulette,3.0,True,False,0.5,0.1,0.35,5.0,0.0,,,,,,,,,,,,,,
J90_1.RCP,0,210.87903764758298,6.463926076889038,GA_roulette_rcx_adaptive_random_withLS_withNeighborhood,67,1000,0,50.0,60.0,,,,,,adaptive,rcx,random,True,,,,,,,0.9,0.1,roulette,3.0,True,False,0.5,0.1,0.35,5.0,2.0,,,,,,,,,,,,,,
J90_1.RCP,1,187.2670973490755,6.012730121612549,GA_roulette_rcx_adaptive_random_withLS_withNeighborhood,67,1000,1,50.0,60.0,,,,,,adaptive,rcx,random,True,,,,,,,0.9,0.1,roulette,3.0,True,False,0.5,0.1,0.35,5.0,2.0,,,,,,,,,,,,,,
J90_1.RCP,0,210.87903764758298,5.924535036087036,GA_roulette_rcx_adaptive_random_withLS_noNeighborhood,67,1000,0,50.0,60.0,,,,,,adaptive,rcx,random,True,,,,,,,0.9,0.1,roulette,3.0,True,False,0.5,0.1,0.35,5.0,0.0,,,,,,,,,,,,,,
J90_1.RCP,1,187.2670973490755,5.912873268127441,GA_roulette_rcx_adaptive_random_withLS_noNeighborhood,67,1000,1,50.0,60.0,,,,,,adaptive,rcx,random,True,,,,,,,0.9,0.1,roulette,3.0,True,False,0.5,0.1,0.35,5.0,0.0,,,,,,,,,,,,,,
J90_1.RCP,0,197.02829137892627,22.710108995437622,GA_roulette_rcx_adaptive_random_noLS_withNeighborhood,67,1000,0,50.0,60.0,,,,,,adaptive,rcx,random,False,,,,,,,0.9,0.1,roulette,3.0,True,False,0.5,0.1,0.35,5.0,2.0,,,,,,,,,,,,,,
J90_1.RCP,1,180.81933615504568,22.574631929397583,GA_roulette_rcx_adaptive_random_noLS_withNeighborhood,67,1000,1,50.0,60.0,,,,,,adaptive,rcx,random,False,,,,,,,0.9,0.1,roulette,3.0,True,False,0.5,0.1,0.35,5.0,2.0,,,,,,,,,,,,,,
J90_1.RCP,0,197.02829137892627,22.411739110946655,GA_roulette_rcx_adaptive_random_noLS_noNeighborhood,67,1000,0,50.0,60.0,,,,,,adaptive,rcx,random,False,,,,,,,0.9,0.1,roulette,3.0,True,False,0.5,0.1,0.35,5.0,0.0,,,,,,,,,,,,,,
J90_1.RCP,1,180.81933615504568,22.751893043518066,GA_roulette_rcx_adaptive_random_noLS_noNeighborhood,67,1000,1,50.0,60.0,,,,,,adaptive,rcx,random,False,,,,,,,0.9,0.1,roulette,3.0,True,False,0.5,0.1,0.35,5.0,0.0,,,,,,,,,,,,,,
J90_1.RCP,0,217.9536645132546,5.72131085395813,GA_roulette_rcx_adaptive_heuristic_withLS_withNeighborhood,67,1000,0,50.0,60.0,,,,,,adaptive,rcx,heuristic,True,,,,,,,0.9,0.1,roulette,3.0,True,False,0.5,0.1,0.35,5.0,2.0,,,,,,,,,,,,,,
J90_1.RCP,1,192.75963466250838,5.702100992202759,GA_roulette_rcx_adaptive_heuristic_withLS_withNeighborhood,67,1000,1,50.0,60.0,,,,,,adaptive,rcx,heuristic,True,,,,,,,0.9,0.1,roulette,3.0,True,False,0.5,0.1,0.35,5.0,2.0,,,,,,,,,,,,,,
J90_1.RCP,0,217.9536645132546,5.647517204284668,GA_roulette_rcx_adaptive_heuristic_withLS_noNeighborhood,67,1000,0,50.0,60.0,,,,,,adaptive,rcx,heuristic,True,,,,,,,0.9,0.1,roulette,3.0,True,False,0.5,0.1,0.35,5.0,0.0,,,,,,,,,,,,,,
J90_1.RCP,1,192.75963466250838,5.692799091339111,GA_roulette_rcx_adaptive_heuristic_withLS_noNeighborhood,67,1000,1,50.0,60.0,,,,,,adaptive,rcx,heuristic,True,,,,,,,0.9,0.1,roulette,3.0,True,False,0.5,0.1,0.35,5.0,0.0,,,,,,,,,,,,,,
J90_1.RCP,0,179.29694809534416,22.032076120376587,GA_roulette_rcx_adaptive_heuristic_noLS_withNeighborhood,67,1000,0,50.0,60.0,,,,,,adaptive,rcx,heuristic,False,,,,,,,0.9,0.1,roulette,3.0,True,False,0.5,0.1,0.35,5.0,2.0,,,,,,,,,,,,,,
J90_1.RCP,1,184.8491869013143,22.23773694038391,GA_roulette_rcx_adaptive_heuristic_noLS_withNeighborhood,67,1000,1,50.0,60.0,,,,,,adaptive,rcx,heuristic,False,,,,,,,0.9,0.1,roulette,3.0,True,False,0.5,0.1,0.35,5.0,2.0,,,,,,,,,,,,,,
J90_1.RCP,0,179.29694809534416,21.777352809906006,GA_roulette_rcx_adaptive_heuristic_noLS_noNeighborhood,67,1000,0,50.0,60.0,,,,,,adaptive,rcx,heuristic,False,,,,,,,0.9,0.1,roulette,3.0,True,False,0.5,0.1,0.35,5.0,0.0,,,,,,,,,,,,,,
J90_1.RCP,1,184.8491869013143,21.75813889503479,GA_roulette_rcx_adaptive_heuristic_noLS_noNeighborhood,67,1000,1,50.0,60.0,,,,,,adaptive,rcx,heuristic,False,,,,,,,0.9,0.1,roulette,3.0,True,False,0.5,0.1,0.35,5.0,0.0,,,,,,,,,,,,,,
J90_1.RCP,0,214.78948540877698,0.3389582633972168,GA_roulette_hybrid_random_random_withLS_withNeighborhood,67,1000,0,50.0,60.0,,,,,,random,hybrid,random,True,,,,,,,0.9,0.1,roulette,3.0,True,False,0.5,0.1,0.35,5.0,2.0,,,,,,,,,,,,,,
J90_1.RCP,1,210.67008242370235,0.33811402320861816,GA_roulette_hybrid_random_random_withLS_withNeighborhood,67,1000,1,50.0,60.0,,,,,,random,hybrid,random,True,,,,,,,0.9,0.1,roulette,3.0,True,False,0.5,0.1,0.35,5.0,2.0,,,,,,,,,,,,,,
J90_1.RCP,0,214.78948540877698,0.3398411273956299,GA_roulette_hybrid_random_random_withLS_noNeighborhood,67,1000,0,50.0,60.0,,,,,,random,hybrid,random,True,,,,,,,0.9,0.1,roulette,3.0,True,False,0.5,0.1,0.35,5.0,0.0,,,,,,,,,,,,,,
J90_1.RCP,1,210.67008242370235,0.33767199516296387,GA_roulette_hybrid_random_random_withLS_noNeighborhood,67,1000,1,50.0,60.0,,,,,,random,hybrid,random,True,,,,,,,0.9,0.1,roulette,3.0,True,False,0.5,0.1,0.35,5.0,0.0,,,,,,,,,,,,,,
J90_1.RCP,0,196.0133660057919,0.4797959327697754,GA_roulette_hybrid_random_random_noLS_withNeighborhood,67,1000,0,50.0,60.0,,,,,,random,hybrid,random,False,,,,,,,0.9,0.1,roulette,3.0,True,False,0.5,0.1,0.35,5.0,2.0,,,,,,,,,,,,,,
J90_1.RCP,1,187.83426152818,0.4816439151763916,GA_roulette_hybrid_random_random_noLS_withNeighborhood,67,1000,1,50.0,60.0,,,,,,random,hybrid,random,False,,,,,,,0.9,0.1,roulette,3.0,True,False,0.5,0.1,0.35,5.0,2.0,,,,,,,,,,,,,,
J90_1.RCP,0,196.0133660057919,0.4852101802825928,GA_roulette_hybrid_random_random_noLS_noNeighborhood,67,1000,0,50.0,60.0,,,,,,random,hybrid,random,False,,,,,,,0.9,0.1,roulette,3.0,True,False,0.5,0.1,0.35,5.0,0.0,,,,,,,,,,,,,,
J90_1.RCP,1,187.83426152818,0.48041796684265137,GA_roulette_hybrid_random_random_noLS_noNeighborhood,67,1000,1,50.0,60.0,,,,,,random,hybrid,random,False,,,,,,,0.9,0.1,roulette,3.0,True,False,0.5,0.1,0.35,5.0,0.0,,,,,,,,,,,,,,
J90_1.RCP,0,184.69993316997105,0.3420431613922119,GA_roulette_hybrid_random_heuristic_withLS_withNeighborhood,67,1000,0,50.0,60.0,,,,,,random,hybrid,heuristic,True,,,,,,,0.9,0.1,roulette,3.0,True,False,0.5,0.1,0.35,5.0,2.0,,,,,,,,,,,,,,
J90_1.RCP,1,192.75963466250838,0.3405029773712158,GA_roulette_hybrid_random_heuristic_withLS_withNeighborhood,67,1000,1,50.0,60.0,,,,,,random,hybrid,heuristic,True,,,,,,,0.9,0.1,roulette,3.0,True,False,0.5,0.1,0.35,5.0,2.0,,,,,,,,,,,,,,
J90_1.RCP,0,184.69993316997105,0.3417229652404785,GA_roulette_hybrid_random_heuristic_withLS_noNeighborhood,67,1000,0,50.0,60.0,,,,,,random,hybrid,heuristic,True,,,,,,,0.9,0.1,roulette,3.0,True,False,0.5,0.1,0.35,5.0,0.0,,,,,,,,,,,,,,
J90_1.RCP,1,192.75963466250838,0.3410329818725586,GA_roulette_hybrid_random_heuristic_withLS_noNeighborhood,67,1000,1,50.0,60.0,,,,,,random,hybrid,heuristic,True,,,,,,,0.9,0.1,roulette,3.0,True,False,0.5,0.1,0.35,5.0,0.0,,,,,,,,,,,,,,
J90_1.RCP,0,184.69993316997105,0.4836726188659668,GA_roulette_hybrid_random_heuristic_noLS_withNeighborhood,67,1000,0,50.0,60.0,,,,,,random,hybrid,heuristic,False,,,,,,,0.9,0.1,roulette,3.0,True,False,0.5,0.1,0.35,5.0,2.0,,,,,,,,,,,,,,
J90_1.RCP,1,192.75963466250838,0.4831259250640869,GA_roulette_hybrid_random_heuristic_noLS_withNeighborhood,67,1000,1,50.0,60.0,,,,,,random,hybrid,heuristic,False,,,,,,,0.9,0.1,roulette,3.0,True,False,0.5,0.1,0.35,5.0,2.0,,,,,,,,,,,,,,
J90_1.RCP,0,184.69993316997105,0.48347997665405273,GA_roulette_hybrid_random_heuristic_noLS_noNeighborhood,67,1000,0,50.0,60.0,,,,,,random,hybrid,heuristic,False,,,,,,,0.9,0.1,roulette,3.0,True,False,0.5,0.1,0.35,5.0,0.0,,,,,,,,,,,,,,
J90_1.RCP,1,192.75963466250838,0.4828011989593506,GA_roulette_hybrid_random_heuristic_noLS_noNeighborhood,67,1000,1,50.0,60.0,,,,,,random,hybrid,heuristic,False,,,,,,,0.9,0.1,roulette,3.0,True,False,0.5,0.1,0.35,5.0,0.0,,,,,,,,,,,,,,
J90_1.RCP,0,203.0581421251949,0.34758687019348145,GA_roulette_hybrid_adaptive_random_withLS_withNeighborhood,67,1000,0,50.0,60.0,,,,,,adaptive,hybrid,random,True,,,,,,,0.9,0.1,roulette,3.0,True,False,0.5,0.1,0.35,5.0,2.0,,,,,,,,,,,,,,
J90_1.RCP,1,189.77456003564265,0.3457508087158203,GA_roulette_hybrid_adaptive_random_withLS_withNeighborhood,67,1000,1,50.0,60.0,,,,,,adaptive,hybrid,random,True,,,,,,,0.9,0.1,roulette,3.0,True,False,0.5,0.1,0.35,5.0,2.0,,,,,,,,,,,,,,
J90_1.RCP,0,203.0581421251949,0.34686923027038574,GA_roulette_hybrid_adaptive_random_withLS_noNeighborhood,67,1000,0,50.0,60.0,,,,,,adaptive,hybrid,random,True,,,,,,,0.9,0.1,roulette,3.0,True,False,0.5,0.1,0.35,5.0,0.0,,,,,,,,,,,,,,
J90_1.RCP,1,189.77456003564265,0.3442847728729248,GA_roulette_hybrid_adaptive_random_withLS_noNeighborhood,67,1000,1,50.0,60.0,,,,,,adaptive,hybrid,random,True,,,,,,,0.9,0.1,roulette,3.0,True,False,0.5,0.1,0.35,5.0,0.0,,,,,,,,,,,,,,
J90_1.RCP,0,196.55067943862772,0.5096127986907959,GA_roulette_hybrid_adaptive_random_noLS_withNeighborhood,67,1000,0,50.0,60.0,,,,,,adaptive,hybrid,random,False,,,,,,,0.9,0.1,roulette,3.0,True,False,0.5,0.1,0.35,5.0,2.0,,,,,,,,,,,,,,
J90_1.RCP,1,189.05814212519493,0.5098869800567627,GA_roulette_hybrid_adaptive_random_noLS_withNeighborhood,67,1000,1,50.0,60.0,,,,,,adaptive,hybrid,random,False,,,,,,,0.9,0.1,roulette,3.0,True,False,0.5,0.1,0.35,5.0,2.0,,,,,,,,,,,,,,
J90_1.RCP,0,196.55067943862772,0.5106847286224365,GA_roulette_hybrid_adaptive_random_noLS_noNeighborhood,67,1000,0,50.0,60.0,,,,,,adaptive,hybrid,random,False,,,,,,,0.9,0.1,roulette,3.0,True,False,0.5,0.1,0.35,5.0,0.0,,,,,,,,,,,,,,
J90_1.RCP,1,189.05814212519493,0.5086700916290283,GA_roulette_hybrid_adaptive_random_noLS_noNeighborhood,67,1000,1,50.0,60.0,,,,,,adaptive,hybrid,random,False,,,,,,,0.9,0.1,roulette,3.0,True,False,0.5,0.1,0.35,5.0,0.0,,,,,,,,,,,,,,
J90_1.RCP,0,204.96858988638897,0.3503758907318115,GA_roulette_hybrid_adaptive_heuristic_withLS_withNeighborhood,67,1000,0,50.0,60.0,,,,,,adaptive,hybrid,heuristic,True,,,,,,,0.9,0.1,roulette,3.0,True,False,0.5,0.1,0.35,5.0,2.0,,,,,,,,,,,,,,
J90_1.RCP,1,192.75963466250838,0.3497920036315918,GA_roulette_hybrid_adaptive_heuristic_withLS_withNeighborhood,67,1000,1,50.0,60.0,,,,,,adaptive,hybrid,heuristic,True,,,,,,,0.9,0.1,roulette,3.0,True,False,0.5,0.1,0.35,5.0,2.0,,,,,,,,,,,,,,
J90_1.RCP,0,204.96858988638897,0.34815192222595215,GA_roulette_hybrid_adaptive_heuristic_withLS_noNeighborhood,67,1000,0,50.0,60.0,,,,,,adaptive,hybrid,heuristic,True,,,,,,,0.9,0.1,roulette,3.0,True,False,0.5,0.1,0.35,5.0,0.0,,,,,,,,,,,,,,
J90_1.RCP,1,192.75963466250838,0.34714198112487793,GA_roulette_hybrid_adaptive_heuristic_withLS_noNeighborhood,67,1000,1,50.0,60.0,,,,,,adaptive,hybrid,heuristic,True,,,,,,,0.9,0.1,roulette,3.0,True,False,0.5,0.1,0.35,5.0,0.0,,,,,,,,,,,,,,
J90_1.RCP,0,199.50590331922476,0.5248138904571533,GA_roulette_hybrid_adaptive_heuristic_noLS_withNeighborhood,67,1000,0,50.0,60.0,,,,,,adaptive,hybrid,heuristic,False,,,,,,,0.9,0.1,roulette,3.0,True,False,0.5,0.1,0.35,5.0,2.0,,,,,,,,,,,,,,
J90_1.RCP,1,192.75963466250838,0.5124368667602539,GA_roulette_hybrid_adaptive_heuristic_noLS_withNeighborhood,67,1000,1,50.0,60.0,,,,,,adaptive,hybrid,heuristic,False,,,,,,,0.9,0.1,roulette,3.0,True,False,0.5,0.1,0.35,5.0,2.0,,,,,,,,,,,,,,
J90_1.RCP,0,199.50590331922476,0.5201339721679688,GA_roulette_hybrid_adaptive_heuristic_noLS_noNeighborhood,67,1000,0,50.0,60.0,,,,,,adaptive,hybrid,heuristic,False,,,,,,,0.9,0.1,roulette,3.0,True,False,0.5,0.1,0.35,5.0,0.0,,,,,,,,,,,,,,
J90_1.RCP,1,192.75963466250838,0.5137782096862793,GA_roulette_hybrid_adaptive_heuristic_noLS_noNeighborhood,67,1000,1,50.0,60.0,,,,,,adaptive,hybrid,heuristic,False,,,,,,,0.9,0.1,roulette,3.0,True,False,0.5,0.1,0.35,5.0,0.0,,,,,,,,,,,,,,
J90_1.RCP,0,192.93873914012028,0.3432581424713135,GA_tournament_single_point_random_random_withLS_withNeighborhood,67,1000,0,50.0,60.0,,,,,,random,single_point,random,True,,,,,,,0.9,0.1,tournament,3.0,True,False,0.5,0.1,0.35,5.0,2.0,,,,,,,,,,,,,,
J90_1.RCP,1,180.96858988638894,0.34171438217163086,GA_tournament_single_point_random_random_withLS_withNeighborhood,67,1000,1,50.0,60.0,,,,,,random,single_point,random,True,,,,,,,0.9,0.1,tournament,3.0,True,False,0.5,0.1,0.35,5.0,2.0,,,,,,,,,,,,,,
J90_1.RCP,0,192.93873914012028,0.3385908603668213,GA_tournament_single_point_random_random_withLS_noNeighborhood,67,1000,0,50.0,60.0,,,,,,random,single_point,random,True,,,,,,,0.9,0.1,tournament,3.0,True,False,0.5,0.1,0.35,5.0,0.0,,,,,,,,,,,,,,
J90_1.RCP,1,180.96858988638894,0.337465763092041,GA_tournament_single_point_random_random_withLS_noNeighborhood,67,1000,1,50.0,60.0,,,,,,random,single_point,random,True,,,,,,,0.9,0.1,tournament,3.0,True,False,0.5,0.1,0.35,5.0,0.0,,,,,,,,,,,,,,
J90_1.RCP,0,161.0581421251949,0.48567891120910645,GA_tournament_single_point_random_random_noLS_withNeighborhood,67,1000,0,50.0,60.0,,,,,,random,single_point,random,False,,,,,,,0.9,0.1,tournament,3.0,True,False,0.5,0.1,0.35,5.0,2.0,,,,,,,,,,,,,,
J90_1.RCP,1,158.90888839385164,0.48584890365600586,GA_tournament_single_point_random_random_noLS_withNeighborhood,67,1000,1,50.0,60.0,,,,,,random,single_point,random,False,,,,,,,0.9,0.1,tournament,3.0,True,False,0.5,0.1,0.35,5.0,2.0,,,,,,,,,,,,,,
J90_1.RCP,0,161.0581421251949,0.4865128993988037,GA_tournament_single_point_random_random_noLS_noNeighborhood,67,1000,0,50.0,60.0,,,,,,random,single_point,random,False,,,,,,,0.9,0.1,tournament,3.0,True,False,0.5,0.1,0.35,5.0,0.0,,,,,,,,,,,,,,
J90_1.RCP,1,158.90888839385164,0.4844841957092285,GA_tournament_single_point_random_random_noLS_noNeighborhood,67,1000,1,50.0,60.0,,,,,,random,single_point,random,False,,,,,,,0.9,0.1,tournament,3.0,True,False,0.5,0.1,0.35,5.0,0.0,,,,,,,,,,,,,,
J90_1.RCP,0,194.8491869013143,0.3460390567779541,GA_tournament_single_point_random_heuristic_withLS_withNeighborhood,67,1000,0,50.0,60.0,,,,,,random,single_point,heuristic,True,,,,,,,0.9,0.1,tournament,3.0,True,False,0.5,0.1,0.35,5.0,2.0,,,,,,,,,,,,,,
J90_1.RCP,1,192.75963466250838,0.3427159786224365,GA_tournament_single_point_random_heuristic_withLS_withNeighborhood,67,1000,1,50.0,60.0,,,,,,random,single_point,heuristic,True,,,,,,,0.9,0.1,tournament,3.0,True,False,0.5,0.1,0.35,5.0,2.0,,,,,,,,,,,,,,
J90_1.RCP,0,194.8491869013143,0.3428819179534912,GA_tournament_single_point_random_heuristic_withLS_noNeighborhood,67,1000,0,50.0,60.0,,,,,,random,single_point,heuristic,True,,,,,,,0.9,0.1,tournament,3.0,True,False,0.5,0.1,0.35,5.0,0.0,,,,,,,,,,,,,,
J90_1.RCP,1,192.75963466250838,0.34264492988586426,GA_tournament_single_point_random_heuristic_withLS_noNeighborhood,67,1000,1,50.0,60.0,,,,,,random,single_point,heuristic,True,,,,,,,0.9,0.1,tournament,3.0,True,False,0.5,0.1,0.35,5.0,0.0,,,,,,,,,,,,,,
J90_1.RCP,0,155.77456003564265,0.490070104598999,GA_tournament_single_point_random_heuristic_noLS_withNeighborhood,67,1000,0,50.0,60.0,,,,,,random,single_point,heuristic,False,,,,,,,0.9,0.1,tournament,3.0,True,False,0.5,0.1,0.35,5.0,2.0,,,,,,,,,,,,,,
J90_1.RCP,1,162.96858988638897,0.49579715728759766,GA_tournament_single_point_random_heuristic_noLS_withNeighborhood,67,1000,1,50.0,60.0,,,,,,random,single_point,heuristic,False,,,,,,,0.9,0.1,tournament,3.0,True,False,0.5,0.1,0.35,5.0,2.0,,,,,,,,,,,,,,
J90_1.RCP,0,155.77456003564265,0.4912540912628174,GA_tournament_single_point_random_heuristic_noLS_noNeighborhood,67,1000,0,50.0,60.0,,,,,,random,single_point,heuristic,False,,,,,,,0.9,0.1,tournament,3.0,True,False,0.5,0.1,0.35,5.0,0.0,,,,,,,,,,,,,,
J90_1.RCP,1,162.96858988638897,0.4903421401977539,GA_tournament_single_point_random_heuristic_noLS_noNeighborhood,67,1000,1,50.0,60.0,,,,,,random,single_point,heuristic,False,,,,,,,0.9,0.1,tournament,3.0,True,False,0.5,0.1,0.35,5.0,0.0,,,,,,,,,,,,,,
J90_1.RCP,0,190.1626197371352,0.3463420867919922,GA_tournament_single_point_adaptive_random_withLS_withNeighborhood,67,1000,0,50.0,60.0,,,,,,adaptive,single_point,random,True,,,,,,,0.9,0.1,tournament,3.0,True,False,0.5,0.1,0.35,5.0,2.0,,,,,,,,,,,,,,
J90_1.RCP,1,192.4611271998218,0.3458061218261719,GA_tournament_single_point_adaptive_random_withLS_withNeighborhood,67,1000,1,50.0,60.0,,,,,,adaptive,single_point,random,True,,,,,,,0.9,0.1,tournament,3.0,True,False,0.5,0.1,0.35,5.0,2.0,,,,,,,,,,,,,,
J90_1.RCP,0,190.1626197371352,0.34637904167175293,GA_tournament_single_point_adaptive_random_withLS_noNeighborhood,67,1000,0,50.0,60.0,,,,,,adaptive,single_point,random,True,,,,,,,0.9,0.1,tournament,3.0,True,False,0.5,0.1,0.35,5.0,0.0,,,,,,,,,,,,,,
J90_1.RCP,1,192.4611271998218,0.3458569049835205,GA_tournament_single_point_adaptive_random_withLS_noNeighborhood,67,1000,1,50.0,60.0,,,,,,adaptive,single_point,random,True,,,,,,,0.9,0.1,tournament,3.0,True,False,0.5,0.1,0.35,5.0,0.0,,,,,,,,,,,,,,
J90_1.RCP,0,168.67008242370238,0.5162620544433594,GA_tournament_single_point_adaptive_random_noLS_withNeighborhood,67,1000,0,50.0,60.0,,,,,,adaptive,single_point,random,False,,,,,,,0.9,0.1,tournament,3.0,True,False,0.5,0.1,0.35,5.0,2.0,,,,,,,,,,,,,,
J90_1.RCP,1,166.9387391401203,0.5159831047058105,GA_tournament_single_point_adaptive_random_noLS_withNeighborhood,67,1000,1,50.0,60.0,,,,,,adaptive,single_point,random,False,,,,,,,0.9,0.1,tournament,3.0,True,False,0.5,0.1,0.35,5.0,2.0,,,,,,,,,,,,,,
J90_1.RCP,0,168.67008242370238,0.5168318748474121,GA_tournament_single_point_adaptive_random_noLS_noNeighborhood,67,1000,0,50.0,60.0,,,,,,adaptive,single_point,random,False,,,,,,,0.9,0.1,tournament,3.0,True,False,0.5,0.1,0.35,5.0,0.0,,,,,,,,,,,,,,
J90_1.RCP,1,166.9387391401203,0.5158309936523438,GA_tournament_single_point_adaptive_random_noLS_noNeighborhood,67,1000,1,50.0,60.0,,,,,,adaptive,single_point,random,False,,,,,,,0.9,0.1,tournament,3.0,True,False,0.5,0.1,0.35,5.0,0.0,,,,,,,,,,,,,,
J90_1.RCP,0,203.74470928937404,0.35061120986938477,GA_tournament_single_point_adaptive_heuristic_withLS_withNeighborhood,67,1000,0,50.0,60.0,,,,,,adaptive,single_point,heuristic,True,,,,,,,0.9,0.1,tournament,3.0,True,False,0.5,0.1,0.35,5.0,2.0,,,,,,,,,,,,,,
J90_1.RCP,1,184.7297839162397,0.34836816787719727,GA_tournament_single_point_adaptive_heuristic_withLS_withNeighborhood,67,1000,1,50.0,60.0,,,,,,adaptive,single_point,heuristic,True,,,,,,,0.9,0.1,tournament,3.0,True,False,0.5,0.1,0.35,5.0,2.0,,,,,,,,,,,,,,
J90_1.RCP,0,203.74470928937404,0.34762096405029297,GA_tournament_single_point_adaptive_heuristic_withLS_noNeighborhood,67,1000,0,50.0,60.0,,,,,,adaptive,single_point,heuristic,True,,,,,,,0.9,0.1,tournament,3.0,True,False,0.5,0.1,0.35,5.0,0.0,,,,,,,,,,,,,,
J90_1.RCP,1,184.7297839162397,0.34807801246643066,GA_tournament_single_point_adaptive_heuristic_withLS_noNeighborhood,67,1000,1,50.0,60.0,,,,,,adaptive,single_point,heuristic,True,,,,,,,0.9,0.1,tournament,3.0,True,False,0.5,0.1,0.35,5.0,0.0,,,,,,,,,,,,,,
J90_1.RCP,0,171.23724660280683,0.5183990001678467,GA_tournament_single_point_adaptive_heuristic_noLS_withNeighborhood,67,1000,0,50.0,60.0,,,,,,adaptive,single_point,heuristic,False,,,,,,,0.9,0.1,tournament,3.0,True,False,0.5,0.1,0.35,5.0,2.0,,,,,,,,,,,,,,
J90_1.RCP,1,170.0432167520606,0.5164401531219482,GA_tournament_single_point_adaptive_heuristic_noLS_withNeighborhood,67,1000,1,50.0,60.0,,,,,,adaptive,single_point,heuristic,False,,,,,,,0.9,0.1,tournament,3.0,True,False,0.5,0.1,0.35,5.0,2.0,,,,,,,,,,,,,,
J90_1.RCP,0,171.23724660280683,0.518082857131958,GA_tournament_single_point_adaptive_heuristic_noLS_noNeighborhood,67,1000,0,50.0,60.0,,,,,,adaptive,single_point,heuristic,False,,,,,,,0.9,0.1,tournament,3.0,True,False,0.5,0.1,0.35,5.0,0.0,,,,,,,,,,,,,,
J90_1.RCP,1,170.0432167520606,0.516395092010498,GA_tournament_single_point_adaptive_heuristic_noLS_noNeighborhood,67,1000,1,50.0,60.0,,,,,,adaptive,single_point,heuristic,False,,,,,,,0.9,0.1,tournament,3.0,True,False,0.5,0.1,0.35,5.0,0.0,,,,,,,,,,,,,,
J90_1.RCP,0,200.19247048340387,0.3404052257537842,GA_tournament_two_point_random_random_withLS_withNeighborhood,67,1000,0,50.0,60.0,,,,,,random,two_point,random,True,,,,,,,0.9,0.1,tournament,3.0,True,False,0.5,0.1,0.35,5.0,2.0,,,,,,,,,,,,,,
J90_1.RCP,1,184.34172421474713,0.34042906761169434,GA_tournament_two_point_random_random_withLS_withNeighborhood,67,1000,1,50.0,60.0,,,,,,random,two_point,random,True,,,,,,,0.9,0.1,tournament,3.0,True,False,0.5,0.1,0.35,5.0,2.0,,,,,,,,,,,,,,
J90_1.RCP,0,200.19247048340387,0.338731050491333,GA_tournament_two_point_random_random_withLS_noNeighborhood,67,1000,0,50.0,60.0,,,,,,random,two_point,random,True,,,,,,,0.9,0.1,tournament,3.0,True,False,0.5,0.1,0.35,5.0,0.0,,,,,,,,,,,,,,
J90_1.RCP,1,184.34172421474713,0.34132981300354004,GA_tournament_two_point_random_random_withLS_noNeighborhood,67,1000,1,50.0,60.0,,,,,,random,two_point,random,True,,,,,,,0.9,0.1,tournament,3.0,True,False,0.5,0.1,0.35,5.0,0.0,,,,,,,,,,,,,,
J90_1.RCP,0,159.02829137892624,0.4883732795715332,GA_tournament_two_point_random_random_noLS_withNeighborhood,67,1000,0,50.0,60.0,,,,,,random,two_point,random,False,,,,,,,0.9,0.1,tournament,3.0,True,False,0.5,0.1,0.35,5.0,2.0,,,,,,,,,,,,,,
J90_1.RCP,1,162.9387391401203,0.48744893074035645,GA_tournament_two_point_random_random_noLS_withNeighborhood,67,1000,1,50.0,60.0,,,,,,random,two_point,random,False,,,,,,,0.9,0.1,tournament,3.0,True,False,0.5,0.1,0.35,5.0,2.0,,,,,,,,,,,,,,
J90_1.RCP,0,159.02829137892624,0.48864221572875977,GA_tournament_two_point_random_random_noLS_noNeighborhood,67,1000,0,50.0,60.0,,,,,,random,two_point,random,False,,,,,,,0.9,0.1,tournament,3.0,True,False,0.5,0.1,0.35,5.0,0.0,,,,,,,,,,,,,,
J90_1.RCP,1,162.9387391401203,0.4877340793609619,GA_tournament_two_point_random_random_noLS_noNeighborhood,67,1000,1,50.0,60.0,,,,,,random,two_point,random,False,,,,,,,0.9,0.1,tournament,3.0,True,False,0.5,0.1,0.35,5.0,0.0,,,,,,,,,,,,,,
J90_1.RCP,0,197.92381376698594,0.3444232940673828,GA_tournament_two_point_random_heuristic_withLS_withNeighborhood,67,1000,0,50.0,60.0,,,,,,random,two_point,heuristic,True,,,,,,,0.9,0.1,tournament,3.0,True,False,0.5,0.1,0.35,5.0,2.0,,,,,,,,,,,,,,
J90_1.RCP,1,187.38650033415016,0.34247303009033203,GA_tournament_two_point_random_heuristic_withLS_withNeighborhood,67,1000,1,50.0,60.0,,,,,,random,two_point,heuristic,True,,,,,,,0.9,0.1,tournament,3.0,True,False,0.5,0.1,0.35,5.0,2.0,,,,,,,,,,,,,,
J90_1.RCP,0,197.92381376698594,0.3435781002044678,GA_tournament_two_point_random_heuristic_withLS_noNeighborhood,67,1000,0,50.0,60.0,,,,,,random,two_point,heuristic,True,,,,,,,0.9,0.1,tournament,3.0,True,False,0.5,0.1,0.35,5.0,0.0,,,,,,,,,,,,,,
J90_1.RCP,1,187.38650033415016,0.3434131145477295,GA_tournament_two_point_random_heuristic_withLS_noNeighborhood,67,1000,1,50.0,60.0,,,,,,random,two_point,heuristic,True,,,,,,,0.9,0.1,tournament,3.0,True,False,0.5,0.1,0.35,5.0,0.0,,,,,,,,,,,,,,
J90_1.RCP,0,172.64023167743375,0.4933037757873535,GA_tournament_two_point_random_heuristic_noLS_withNeighborhood,67,1000,0,50.0,60.0,,,,,,random,two_point,heuristic,False,,,,,,,0.9,0.1,tournament,3.0,True,False,0.5,0.1,0.35,5.0,2.0,,,,,,,,,,,,,,
J90_1.RCP,1,165.26709734907553,0.490297794342041,GA_tournament_two_point_random_heuristic_noLS_withNeighborhood,67,1000,1,50.0,60.0,,,,,,random,two_point,heuristic,False,,,,,,,0.9,0.1,tournament,3.0,True,False,0.5,0.1,0.35,5.0,2.0,,,,,,,,,,,,,,
J90_1.RCP,0,172.64023167743375,0.4946002960205078,GA_tournament_two_point_random_heuristic_noLS_noNeighborhood,67,1000,0,50.0,60.0,,,,,,random,two_point,heuristic,False,,,,,,,0.9,0.1,tournament,3.0,True,False,0.5,0.1,0.35,5.0,0.0,,,,,,,,,,,,,,
J90_1.RCP,1,165.26709734907553,0.490192174911499,GA_tournament_two_point_random_heuristic_noLS_noNeighborhood,67,1000,1,50.0,60.0,,,,,,random,two_point,heuristic,False,,,,,,,0.9,0.1,tournament,3.0,True,False,0.5,0.1,0.35,5.0,0.0,,,,,,,,,,,,,,
J90_1.RCP,0,197.44620182668743,0.345919132232666,GA_tournament_two_point_adaptive_random_withLS_withNeighborhood,67,1000,0,50.0,60.0,,,,,,adaptive,two_point,random,True,,,,,,,0.9,0.1,tournament,3.0,True,False,0.5,0.1,0.35,5.0,2.0,,,,,,,,,,,,,,
J90_1.RCP,1,187.41635108041882,0.3469221591949463,GA_tournament_two_point_adaptive_random_withLS_withNeighborhood,67,1000,1,50.0,60.0,,,,,,adaptive,two_point,random,True,,,,,,,0.9,0.1,tournament,3.0,True,False,0.5,0.1,0.35,5.0,2.0,,,,,,,,,,,,,,
J90_1.RCP,0,197.44620182668743,0.34694409370422363,GA_tournament_two_point_adaptive_random_withLS_noNeighborhood,67,1000,0,50.0,60.0,,,,,,adaptive,two_point,random,True,,,,,,,0.9,0.1,tournament,3.0,True,False,0.5,0.1,0.35,5.0,0.0,,,,,,,,,,,,,,
J90_1.RCP,1,187.41635108041882,0.34886908531188965,GA_tournament_two_point_adaptive_random_withLS_noNeighborhood,67,1000,1,50.0,60.0,,,,,,adaptive,two_point,random,True,,,,,,,0.9,0.1,tournament,3.0,True,False,0.5,0.1,0.35,5.0,0.0,,,,,,,,,,,,,,
J90_1.RCP,0,168.28202272220983,0.5248289108276367,GA_tournament_two_point_adaptive_random_noLS_withNeighborhood,67,1000,0,50.0,60.0,,,,,,adaptive,two_point,random,False,,,,,,,0.9,0.1,tournament,3.0,True,False,0.5,0.1,0.35,5.0,2.0,,,,,,,,,,,,,,
J90_1.RCP,1,162.58053018489642,0.5178020000457764,GA_tournament_two_point_adaptive_random_noLS_withNeighborhood,67,1000,1,50.0,60.0,,,,,,adaptive,two_point,random,False,,,,,,,0.9,0.1,tournament,3.0,True,False,0.5,0.1,0.35,5.0,2.0,,,,,,,,,,,,,,
J90_1.RCP,0,168.28202272220983,0.517042875289917,GA_tournament_two_point_adaptive_random_noLS_noNeighborhood,67,1000,0,50.0,60.0,,,,,,adaptive,two_point,random,False,,,,,,,0.9,0.1,tournament,3.0,True,False,0.5,0.1,0.35,5.0,0.0,,,,,,,,,,,,,,
J90_1.RCP,1,162.58053018489642,0.5158698558807373,GA_tournament_two_point_adaptive_random_noLS_noNeighborhood,67,1000,1,50.0,60.0,,,,,,adaptive,two_point,random,False,,,,,,,0.9,0.1,tournament,3.0,True,False,0.5,0.1,0.35,5.0,0.0,,,,,,,,,,,,,,
J90_1.RCP,0,191.77456003564268,0.35024285316467285,GA_tournament_two_point_adaptive_heuristic_withLS_withNeighborhood,67,1000,0,50.0,60.0,,,,,,adaptive,two_point,heuristic,True,,,,,,,0.9,0.1,tournament,3.0,True,False,0.5,0.1,0.35,5.0,2.0,,,,,,,,,,,,,,
J90_1.RCP,1,192.75963466250838,0.3487842082977295,GA_tournament_two_point_adaptive_heuristic_withLS_withNeighborhood,67,1000,1,50.0,60.0,,,,,,adaptive,two_point,heuristic,True,,,,,,,0.9,0.1,tournament,3.0,True,False,0.5,0.1,0.35,5.0,2.0,,,,,,,,,,,,,,
J90_1.RCP,0,191.77456003564268,0.3488490581512451,GA_tournament_two_point_adaptive_heuristic_withLS_noNeighborhood,67,1000,0,50.0,60.0,,,,,,adaptive,two_point,heuristic,True,,,,,,,0.9,0.1,tournament,3.0,True,False,0.5,0.1,0.35,5.0,0.0,,,,,,,,,,,,,,
J90_1.RCP,1,192.75963466250838,0.34947681427001953,GA_tournament_two_point_adaptive_heuristic_withLS_noNeighborhood,67,1000,1,50.0,60.0,,,,,,adaptive,two_point,heuristic,True,,,,,,,0.9,0.1,tournament,3.0,True,False,0.5,0.1,0.35,5.0,0.0,,,,,,,,,,,,,,
J90_1.RCP,0,166.64023167743375,0.5194950103759766,GA_tournament_two_point_adaptive_heuristic_noLS_withNeighborhood,67,1000,0,50.0,60.0,,,,,,adaptive,two_point,heuristic,False,,,,,,,0.9,0.1,tournament,3.0,True,False,0.5,0.1,0.35,5.0,2.0,,,,,,,,,,,,,,
J90_1.RCP,1,162.3715749610158,0.5180799961090088,GA_tournament_two_point_adaptive_heuristic_noLS_withNeighborhood,67,1000,1,50.0,60.0,,,,,,adaptive,two_point,heuristic,False,,,,,,,0.9,0.1,tournament,3.0,True,False,0.5,0.1,0.35,5.0,2.0,,,,,,,,,,,,,,
J90_1.RCP,0,166.64023167743375,0.5191497802734375,GA_tournament_two_point_adaptive_heuristic_noLS_noNeighborhood,67,1000,0,50.0,60.0,,,,,,adaptive,two_point,heuristic,False,,,,,,,0.9,0.1,tournament,3.0,True,False,0.5,0.1,0.35,5.0,0.0,,,,,,,,,,,,,,
J90_1.RCP,1,162.3715749610158,0.5175621509552002,GA_tournament_two_point_adaptive_heuristic_noLS_noNeighborhood,67,1000,1,50.0,60.0,,,,,,adaptive,two_point,heuristic,False,,,,,,,0.9,0.1,tournament,3.0,True,False,0.5,0.1,0.35,5.0,0.0,,,,,,,,,,,,,,
J90_1.RCP,0,191.1178436177322,3.042041063308716,GA_tournament_rcx_random_random_withLS_withNeighborhood,67,1000,0,50.0,60.0,,,,,,random,rcx,random,True,,,,,,,0.9,0.1,tournament,3.0,True,False,0.5,0.1,0.35,5.0,2.0,,,,,,,,,,,,,,
J90_1.RCP,1,181.17754511026956,2.917701244354248,GA_tournament_rcx_random_random_withLS_withNeighborhood,67,1000,1,50.0,60.0,,,,,,random,rcx,random,True,,,,,,,0.9,0.1,tournament,3.0,True,False,0.5,0.1,0.35,5.0,2.0,,,,,,,,,,,,,,
J90_1.RCP,0,191.1178436177322,3.032135248184204,GA_tournament_rcx_random_random_withLS_noNeighborhood,67,1000,0,50.0,60.0,,,,,,random,rcx,random,True,,,,,,,0.9,0.1,tournament,3.0,True,False,0.5,0.1,0.35,5.0,0.0,,,,,,,,,,,,,,
J90_1.RCP,1,181.17754511026956,2.9228851795196533,GA_tournament_rcx_random_random_withLS_noNeighborhood,67,1000,1,50.0,60.0,,,,,,random,rcx,random,True,,,,,,,0.9,0.1,tournament,3.0,True,False,0.5,0.1,0.35,5.0,0.0,,,,,,,,,,,,,,
J90_1.RCP,0,164.4014257072845,10.995466947555542,GA_tournament_rcx_random_random_noLS_withNeighborhood,67,1000,0,50.0,60.0,,,,,,random,rcx,random,False,,,,,,,0.9,0.1,tournament,3.0,True,False,0.5,0.1,0.35,5.0,2.0,,,,,,,,,,,,,,
J90_1.RCP,1,154.40142570728446,10.620068073272705,GA_tournament_rcx_random_random_noLS_withNeighborhood,67,1000,1,50.0,60.0,,,,,,random,rcx,random,False,,,,,,,0.9,0.1,tournament,3.0,True,False,0.5,0.1,0.35,5.0,2.0,,,,,,,,,,,,,,
J90_1.RCP,0,164.4014257072845,10.976257085800171,GA_tournament_rcx_random_random_noLS_noNeighborhood,67,1000,0,50.0,60.0,,,,,,random,rcx,random,False,,,,,,,0.9,0.1,tournament,3.0,True,False,0.5,0.1,0.35,5.0,0.0,,,,,,,,,,,,,,
J90_1.RCP,1,154.40142570728446,10.635859966278076,GA_tournament_rcx_random_random_noLS_noNeighborhood,67,1000,1,50.0,60.0,,,,,,random,rcx,random,False,,,,,,,0.9,0.1,tournament,3.0,True,False,0.5,0.1,0.35,5.0,0.0,,,,,,,,,,,,,,
J90_1.RCP,0,193.38650033415013,2.967082977294922,GA_tournament_rcx_random_heuristic_withLS_withNeighborhood,67,1000,0,50.0,60.0,,,,,,random,rcx,heuristic,True,,,,,,,0.9,0.1,tournament,3.0,True,False,0.5,0.1,0.35,5.0,2.0,,,,,,,,,,,,,,
J90_1.RCP,1,188.67008242370238,2.8923158645629883,GA_tournament_rcx_random_heuristic_withLS_withNeighborhood,67,1000,1,50.0,60.0,,,,,,random,rcx,heuristic,True,,,,,,,0.9,0.1,tournament,3.0,True,False,0.5,0.1,0.35,5.0,2.0,,,,,,,,,,,,,,
J90_1.RCP,0,193.38650033415013,2.9655849933624268,GA_tournament_rcx_random_heuristic_withLS_noNeighborhood,67,1000,0,50.0,60.0,,,,,,random,rcx,heuristic,True,,,,,,,0.9,0.1,tournament,3.0,True,False,0.5,0.1,0.35,5.0,0.0,,,,,,,,,,,,,,
J90_1.RCP,1,188.67008242370238,2.888383150100708,GA_tournament_rcx_random_heuristic_withLS_noNeighborhood,67,1000,1,50.0,60.0,,,,,,random,rcx,heuristic,True,,,,,,,0.9,0.1,tournament,3.0,True,False,0.5,0.1,0.35,5.0,0.0,,,,,,,,,,,,,,
J90_1.RCP,0,164.10291824459787,10.987422227859497,GA_tournament_rcx_random_heuristic_noLS_withNeighborhood,67,1000,0,50.0,60.0,,,,,,random,rcx,heuristic,False,,,,,,,0.9,0.1,tournament,3.0,True,False,0.5,0.1,0.35,5.0,2.0,,,,,,,,,,,,,,
J90_1.RCP,1,161.65515705056805,11.241375923156738,GA_tournament_rcx_random_heuristic_noLS_withNeighborhood,67,1000,1,50.0,60.0,,,,,,random,rcx,heuristic,False,,,,,,,0.9,0.1,tournament,3.0,True,False,0.5,0.1,0.35,5.0,2.0,,,,,,,,,,,,,,
J90_1.RCP,0,164.10291824459787,11.365766763687134,GA_tournament_rcx_random_heuristic_noLS_noNeighborhood,67,1000,0,50.0,60.0,,,,,,random,rcx,heuristic,False,,,,,,,0.9,0.1,tournament,3.0,True,False,0.5,0.1,0.35,5.0,0.0,,,,,,,,,,,,,,
J90_1.RCP,1,161.65515705056805,11.402639150619507,GA_tournament_rcx_random_heuristic_noLS_noNeighborhood,67,1000,1,50.0,60.0,,,,,,random,rcx,heuristic,False,,,,,,,0.9,0.1,tournament,3.0,True,False,0.5,0.1,0.35,5.0,0.0,,,,,,,,,,,,,,
J90_1.RCP,0,183.26709734907553,3.089076280593872,GA_tournament_rcx_adaptive_random_withLS_withNeighborhood,67,1000,0,50.0,60.0,,,,,,adaptive,rcx,random,True,,,,,,,0.9,0.1,tournament,3.0,True,False,0.5,0.1,0.35,5.0,2.0,,,,,,,,,,,,,,
J90_1.RCP,1,187.1476943640009,2.9736130237579346,GA_tournament_rcx_adaptive_random_withLS_withNeighborhood,67,1000,1,50.0,60.0,,,,,,adaptive,rcx,random,True,,,,,,,0.9,0.1,tournament,3.0,True,False,0.5,0.1,0.35,5.0,2.0,,,,,,,,,,,,,,
J90_1.RCP,0,183.26709734907553,3.4287197589874268,GA_tournament_rcx_adaptive_random_withLS_noNeighborhood,67,1000,0,50.0,60.0,,,,,,adaptive,rcx,random,True,,,,,,,0.9,0.1,tournament,3.0,True,False,0.5,0.1,0.35,5.0,0.0,,,,,,,,,,,,,,
J90_1.RCP,1,187.1476943640009,3.065042734146118,GA_tournament_rcx_adaptive_random_withLS_noNeighborhood,67,1000,1,50.0,60.0,,,,,,adaptive,rcx,random,True,,,,,,,0.9,0.1,tournament,3.0,True,False,0.5,0.1,0.35,5.0,0.0,,,,,,,,,,,,,,
J90_1.RCP,0,171.23724660280683,11.458797931671143,GA_tournament_rcx_adaptive_random_noLS_withNeighborhood,67,1000,0,50.0,60.0,,,,,,adaptive,rcx,random,False,,,,,,,0.9,0.1,tournament,3.0,True,False,0.5,0.1,0.35,5.0,2.0,,,,,,,,,,,,,,
J90_1.RCP,1,171.1476943640009,11.363020658493042,GA_tournament_rcx_adaptive_random_noLS_withNeighborhood,67,1000,1,50.0,60.0,,,,,,adaptive,rcx,random,False,,,,,,,0.9,0.1,tournament,3.0,True,False,0.5,0.1,0.35,5.0,2.0,,,,,,,,,,,,,,
J90_1.RCP,0,171.23724660280683,11.826196193695068,GA_tournament_rcx_adaptive_random_noLS_noNeighborhood,67,1000,0,50.0,60.0,,,,,,adaptive,rcx,random,False,,,,,,,0.9,0.1,tournament,3.0,True,False,0.5,0.1,0.35,5.0,0.0,,,,,,,,,,,,,,
J90_1.RCP,1,171.1476943640009,11.642300128936768,GA_tournament_rcx_adaptive_random_noLS_noNeighborhood,67,1000,1,50.0,60.0,,,,,,adaptive,rcx,random,False,,,,,,,0.9,0.1,tournament,3.0,True,False,0.5,0.1,0.35,5.0,0.0,,,,,,,,,,,,,,
J90_1.RCP,0,200.34172421474716,2.891417980194092,GA_tournament_rcx_adaptive_heuristic_withLS_withNeighborhood,67,1000,0,50.0,60.0,,,,,,adaptive,rcx,heuristic,True,,,,,,,0.9,0.1,tournament,3.0,True,False,0.5,0.1,0.35,5.0,2.0,,,,,,,,,,,,,,
J90_1.RCP,1,186.3118734684785,2.978080987930298,GA_tournament_rcx_adaptive_heuristic_withLS_withNeighborhood,67,1000,1,50.0,60.0,,,,,,adaptive,rcx,heuristic,True,,,,,,,0.9,0.1,tournament,3.0,True,False,0.5,0.1,0.35,5.0,2.0,,,,,,,,,,,,,,
J90_1.RCP,0,200.34172421474716,2.8664469718933105,GA_tournament_rcx_adaptive_heuristic_withLS_noNeighborhood,67,1000,0,50.0,60.0,,,,,,adaptive,rcx,heuristic,True,,,,,,,0.9,0.1,tournament,3.0,True,False,0.5,0.1,0.35,5.0,0.0,,,,,,,,,,,,,,
J90_1.RCP,1,186.3118734684785,2.9435031414031982,GA_tournament_rcx_adaptive_heuristic_withLS_noNeighborhood,67,1000,1,50.0,60.0,,,,,,adaptive,rcx,heuristic,True,,,,,,,0.9,0.1,tournament,3.0,True,False,0.5,0.1,0.35,5.0,0.0,,,,,,,,,,,,,,
J90_1.RCP,0,178.7297839162397,11.378380060195923,GA_tournament_rcx_adaptive_heuristic_noLS_withNeighborhood,67,1000,0,50.0,60.0,,,,,,adaptive,rcx,heuristic,False,,,,,,,0.9,0.1,tournament,3.0,True,False,0.5,0.1,0.35,5.0,2.0,,,,,,,,,,,,,,
J90_1.RCP,1,159.74470928937407,11.097519874572754,GA_tournament_rcx_adaptive_heuristic_noLS_withNeighborhood,67,1000,1,50.0,60.0,,,,,,adaptive,rcx,heuristic,False,,,,,,,0.9,0.1,tournament,3.0,True,False,0.5,0.1,0.35,5.0,2.0,,,,,,,,,,,,,,
J90_1.RCP,0,178.7297839162397,11.221911907196045,GA_tournament_rcx_adaptive_heuristic_noLS_noNeighborhood,67,1000,0,50.0,60.0,,,,,,adaptive,rcx,heuristic,False,,,,,,,0.9,0.1,tournament,3.0,True,False,0.5,0.1,0.35,5.0,0.0,,,,,,,,,,,,,,
J90_1.RCP,1,159.74470928937407,11.347352981567383,GA_tournament_rcx_adaptive_heuristic_noLS_noNeighborhood,67,1000,1,50.0,60.0,,,,,,adaptive,rcx,heuristic,False,,,,,,,0.9,0.1,tournament,3.0,True,False,0.5,0.1,0.35,5.0,0.0,,,,,,,,,,,,,,
J90_1.RCP,0,194.13276899086654,1.8007380962371826,GA_tournament_hybrid_random_random_withLS_withNeighborhood,67,1000,0,50.0,60.0,,,,,,random,hybrid,random,True,,,,,,,0.9,0.1,tournament,3.0,True,False,0.5,0.1,0.35,5.0,2.0,,,,,,,,,,,,,,
J90_1.RCP,1,194.96858988638897,1.7960400581359863,GA_tournament_hybrid_random_random_withLS_withNeighborhood,67,1000,1,50.0,60.0,,,,,,random,hybrid,random,True,,,,,,,0.9,0.1,tournament,3.0,True,False,0.5,0.1,0.35,5.0,2.0,,,,,,,,,,,,,,
J90_1.RCP,0,194.13276899086654,1.7789618968963623,GA_tournament_hybrid_random_random_withLS_noNeighborhood,67,1000,0,50.0,60.0,,,,,,random,hybrid,random,True,,,,,,,0.9,0.1,tournament,3.0,True,False,0.5,0.1,0.35,5.0,0.0,,,,,,,,,,,,,,
J90_1.RCP,1,194.96858988638897,1.758450984954834,GA_tournament_hybrid_random_random_withLS_noNeighborhood,67,1000,1,50.0,60.0,,,,,,random,hybrid,random,True,,,,,,,0.9,0.1,tournament,3.0,True,False,0.5,0.1,0.35,5.0,0.0,,,,,,,,,,,,,,
J90_1.RCP,0,152.9387391401203,6.033743858337402,GA_tournament_hybrid_random_random_noLS_withNeighborhood,67,1000,0,50.0,60.0,,,,,,random,hybrid,random,False,,,,,,,0.9,0.1,tournament,3.0,True,False,0.5,0.1,0.35,5.0,2.0,,,,,,,,,,,,,,
J90_1.RCP,1,162.34172421474713,6.095327854156494,GA_tournament_hybrid_random_random_noLS_withNeighborhood,67,1000,1,50.0,60.0,,,,,,random,hybrid,random,False,,,,,,,0.9,0.1,tournament,3.0,True,False,0.5,0.1,0.35,5.0,2.0,,,,,,,,,,,,,,
J90_1.RCP,0,152.9387391401203,6.146009922027588,GA_tournament_hybrid_random_random_noLS_noNeighborhood,67,1000,0,50.0,60.0,,,,,,random,hybrid,random,False,,,,,,,0.9,0.1,tournament,3.0,True,False,0.5,0.1,0.35,5.0,0.0,,,,,,,,,,,,,,
J90_1.RCP,1,162.34172421474713,6.070313930511475,GA_tournament_hybrid_random_random_noLS_noNeighborhood,67,1000,1,50.0,60.0,,,,,,random,hybrid,random,False,,,,,,,0.9,0.1,tournament,3.0,True,False,0.5,0.1,0.35,5.0,0.0,,,,,,,,,,,,,,
J90_1.RCP,0,201.65515705056805,1.7482478618621826,GA_tournament_hybrid_random_heuristic_withLS_withNeighborhood,67,1000,0,50.0,60.0,,,,,,random,hybrid,heuristic,True,,,,,,,0.9,0.1,tournament,3.0,True,False,0.5,0.1,0.35,5.0,2.0,,,,,,,,,,,,,,
J90_1.RCP,1,192.75963466250838,1.6436419486999512,GA_tournament_hybrid_random_heuristic_withLS_withNeighborhood,67,1000,1,50.0,60.0,,,,,,random,hybrid,heuristic,True,,,,,,,0.9,0.1,tournament,3.0,True,False,0.5,0.1,0.35,5.0,2.0,,,,,,,,,,,,,,
J90_1.RCP,0,201.65515705056805,1.772965908050537,GA_tournament_hybrid_random_heuristic_withLS_noNeighborhood,67,1000,0,50.0,60.0,,,,,,random,hybrid,heuristic,True,,,,,,,0.9,0.1,tournament,3.0,True,False,0.5,0.1,0.35,5.0,0.0,,,,,,,,,,,,,,
J90_1.RCP,1,192.75963466250838,1.6116821765899658,GA_tournament_hybrid_random_heuristic_withLS_noNeighborhood,67,1000,1,50.0,60.0,,,,,,random,hybrid,heuristic,True,,,,,,,0.9,0.1,tournament,3.0,True,False,0.5,0.1,0.35,5.0,0.0,,,,,,,,,,,,,,
J90_1.RCP,0,165.77456003564265,6.084255933761597,GA_tournament_hybrid_random_heuristic_noLS_withNeighborhood,67,1000,0,50.0,60.0,,,,,,random,hybrid,heuristic,False,,,,,,,0.9,0.1,tournament,3.0,True,False,0.5,0.1,0.35,5.0,2.0,,,,,,,,,,,,,,
J90_1.RCP,1,166.25217197594117,5.792729139328003,GA_tournament_hybrid_random_heuristic_noLS_withNeighborhood,67,1000,1,50.0,60.0,,,,,,random,hybrid,heuristic,False,,,,,,,0.9,0.1,tournament,3.0,True,False,0.5,0.1,0.35,5.0,2.0,,,,,,,,,,,,,,
J90_1.RCP,0,165.77456003564265,5.921324014663696,GA_tournament_hybrid_random_heuristic_noLS_noNeighborhood,67,1000,0,50.0,60.0,,,,,,random,hybrid,heuristic,False,,,,,,,0.9,0.1,tournament,3.0,True,False,0.5,0.1,0.35,5.0,0.0,,,,,,,,,,,,,,
J90_1.RCP,1,166.25217197594117,5.8140342235565186,GA_tournament_hybrid_random_heuristic_noLS_noNeighborhood,67,1000,1,50.0,60.0,,,,,,random,hybrid,heuristic,False,,,,,,,0.9,0.1,tournament,3.0,True,False,0.5,0.1,0.35,5.0,0.0,,,,,,,,,,,,,,
J90_1.RCP,0,190.16261973713523,1.7513008117675781,GA_tournament_hybrid_adaptive_random_withLS_withNeighborhood,67,1000,0,50.0,60.0,,,,,,adaptive,hybrid,random,True,,,,,,,0.9,0.1,tournament,3.0,True,False,0.5,0.1,0.35,5.0,2.0,,,,,,,,,,,,,,
J90_1.RCP,1,187.65515705056805,1.7290840148925781,GA_tournament_hybrid_adaptive_random_withLS_withNeighborhood,67,1000,1,50.0,60.0,,,,,,adaptive,hybrid,random,True,,,,,,,0.9,0.1,tournament,3.0,True,False,0.5,0.1,0.35,5.0,2.0,,,,,,,,,,,,,,
J90_1.RCP,0,190.16261973713523,1.7551400661468506,GA_tournament_hybrid_adaptive_random_withLS_noNeighborhood,67,1000,0,50.0,60.0,,,,,,adaptive,hybrid,random,True,,,,,,,0.9,0.1,tournament,3.0,True,False,0.5,0.1,0.35,5.0,0.0,,,,,,,,,,,,,,
J90_1.RCP,1,187.65515705056805,1.7215089797973633,GA_tournament_hybrid_adaptive_random_withLS_noNeighborhood,67,1000,1,50.0,60.0,,,,,,adaptive,hybrid,random,True,,,,,,,0.9,0.1,tournament,3.0,True,False,0.5,0.1,0.35,5.0,0.0,,,,,,,,,,,,,,
J90_1.RCP,0,172.55067943862772,6.161000967025757,GA_tournament_hybrid_adaptive_random_noLS_withNeighborhood,67,1000,0,50.0,60.0,,,,,,adaptive,hybrid,random,False,,,,,,,0.9,0.1,tournament,3.0,True,False,0.5,0.1,0.35,5.0,2.0,,,,,,,,,,,,,,
J90_1.RCP,1,172.34172421474716,6.0467541217803955,GA_tournament_hybrid_adaptive_random_noLS_withNeighborhood,67,1000,1,50.0,60.0,,,,,,adaptive,hybrid,random,False,,,,,,,0.9,0.1,tournament,3.0,True,False,0.5,0.1,0.35,5.0,2.0,,,,,,,,,,,,,,
J90_1.RCP,0,172.55067943862772,6.2207019329071045,GA_tournament_hybrid_adaptive_random_noLS_noNeighborhood,67,1000,0,50.0,60.0,,,,,,adaptive,hybrid,random,False,,,,,,,0.9,0.1,tournament,3.0,True,False,0.5,0.1,0.35,5.0,0.0,,,,,,,,,,,,,,
J90_1.RCP,1,172.34172421474716,6.221569061279297,GA_tournament_hybrid_adaptive_random_noLS_noNeighborhood,67,1000,1,50.0,60.0,,,,,,adaptive,hybrid,random,False,,,,,,,0.9,0.1,tournament,3.0,True,False,0.5,0.1,0.35,5.0,0.0,,,,,,,,,,,,,,
J90_1.RCP,0,197.92381376698597,1.7613880634307861,GA_tournament_hybrid_adaptive_heuristic_withLS_withNeighborhood,67,1000,0,50.0,60.0,,,,,,adaptive,hybrid,heuristic,True,,,,,,,0.9,0.1,tournament,3.0,True,False,0.5,0.1,0.35,5.0,2.0,,,,,,,,,,,,,,
J90_1.RCP,1,187.02829137892624,1.5770080089569092,GA_tournament_hybrid_adaptive_heuristic_withLS_withNeighborhood,67,1000,1,50.0,60.0,,,,,,adaptive,hybrid,heuristic,True,,,,,,,0.9,0.1,tournament,3.0,True,False,0.5,0.1,0.35,5.0,2.0,,,,,,,,,,,,,,
J90_1.RCP,0,197.92381376698597,1.749025821685791,GA_tournament_hybrid_adaptive_heuristic_withLS_noNeighborhood,67,1000,0,50.0,60.0,,,,,,adaptive,hybrid,heuristic,True,,,,,,,0.9,0.1,tournament,3.0,True,False,0.5,0.1,0.35,5.0,0.0,,,,,,,,,,,,,,
J90_1.RCP,1,187.02829137892624,1.5725531578063965,GA_tournament_hybrid_adaptive_heuristic_withLS_noNeighborhood,67,1000,1,50.0,60.0,,,,,,adaptive,hybrid,heuristic,True,,,,,,,0.9,0.1,tournament,3.0,True,False,0.5,0.1,0.35,5.0,0.0,,,,,,,,,,,,,,
J90_1.RCP,0,169.9536645132546,5.861814022064209,GA_tournament_hybrid_adaptive_heuristic_noLS_withNeighborhood,67,1000,0,50.0,60.0,,,,,,adaptive,hybrid,heuristic,False,,,,,,,0.9,0.1,tournament,3.0,True,False,0.5,0.1,0.35,5.0,2.0,,,,,,,,,,,,,,
J90_1.RCP,1,161.59545555803072,5.980427026748657,GA_tournament_hybrid_adaptive_heuristic_noLS_withNeighborhood,67,1000,1,50.0,60.0,,,,,,adaptive,hybrid,heuristic,False,,,,,,,0.9,0.1,tournament,3.0,True,False,0.5,0.1,0.35,5.0,2.0,,,,,,,,,,,,,,
J90_1.RCP,0,169.9536645132546,5.872013807296753,GA_tournament_hybrid_adaptive_heuristic_noLS_noNeighborhood,67,1000,0,50.0,60.0,,,,,,adaptive,hybrid,heuristic,False,,,,,,,0.9,0.1,tournament,3.0,True,False,0.5,0.1,0.35,5.0,0.0,,,,,,,,,,,,,,
J90_1.RCP,1,161.59545555803072,6.032482147216797,GA_tournament_hybrid_adaptive_heuristic_noLS_noNeighborhood,67,1000,1,50.0,60.0,,,,,,adaptive,hybrid,heuristic,False,,,,,,,0.9,0.1,tournament,3.0,True,False,0.5,0.1,0.35,5.0,0.0,,,,,,,,,,,,,,
J90_1.RCP,0,195.50590331922476,0.29066991806030273,SA_default,67,1000,0,,60.0,,,,,,,,,,,,,,,,,,,,,,,,,,,10000.0,0.995,10.0,,,,,,,,,,,
J90_1.RCP,1,225.0581421251949,0.2894551753997803,SA_default,67,1000,1,,60.0,,,,,,,,,,,,,,,,,,,,,,,,,,,10000.0,0.995,10.0,,,,,,,,,,,
J90_1.RCP,0,237.86411227444864,0.2795290946960449,ILS_strength3,67,1000,0,,60.0,100.0,,,,,,,,,,,,,,,,,,,,,,,,,,,,,3.0,,,,,,,,,,
J90_1.RCP,1,210.0432167520606,0.2809290885925293,ILS_strength3,67,1000,1,,60.0,100.0,,,,,,,,,,,,,,,,,,,,,,,,,,,,,3.0,,,,,,,,,,
J90_1.RCP,0,237.86411227444864,0.2806558609008789,ILS_strength5,67,1000,0,,60.0,100.0,,,,,,,,,,,,,,,,,,,,,,,,,,,,,5.0,,,,,,,,,,
J90_1.RCP,1,210.0432167520606,0.2824118137359619,ILS_strength5,67,1000,1,,60.0,100.0,,,,,,,,,,,,,,,,,,,,,,,,,,,,,5.0,,,,,,,,,,
J90_1.RCP,0,237.86411227444864,0.2940561771392822,ILS_strength7,67,1000,0,,60.0,100.0,,,,,,,,,,,,,,,,,,,,,,,,,,,,,7.0,,,,,,,,,,
J90_1.RCP,1,210.0432167520606,0.2810230255126953,ILS_strength7,67,1000,1,,60.0,100.0,,,,,,,,,,,,,,,,,,,,,,,,,,,,,7.0,,,,,,,,,,
J90_1.RCP,0,237.86411227444864,0.2794320583343506,ILS_strength10,67,1000,0,,60.0,100.0,,,,,,,,,,,,,,,,,,,,,,,,,,,,,10.0,,,,,,,,,,
J90_1.RCP,1,210.0432167520606,0.2796618938446045,ILS_strength10,67,1000,1,,60.0,100.0,,,,,,,,,,,,,,,,,,,,,,,,,,,,,10.0,,,,,,,,,,
J90_1.RCP,0,237.86411227444864,0.2813429832458496,ILS_strength15,67,1000,0,,60.0,100.0,,,,,,,,,,,,,,,,,,,,,,,,,,,,,15.0,,,,,,,,,,
J90_1.RCP,1,210.0432167520606,0.2827017307281494,ILS_strength15,67,1000,1,,60.0,100.0,,,,,,,,,,,,,,,,,,,,,,,,,,,,,15.0,,,,,,,,,,
J90_1.RCP,0,132.55067943862775,0.2898440361022949,TS_static,67,1000,0,,60.0,100.0,,,,,,,,,,,,,,,,,,,,,,,,,20.0,,,,,10.0,True,static,1.0,4.0,10.0,,,,
J90_1.RCP,1,118.2521719759412,0.28853416442871094,TS_static,67,1000,1,,60.0,100.0,,,,,,,,,,,,,,,,,,,,,,,,,20.0,,,,,10.0,True,static,1.0,4.0,10.0,,,,
J90_1.RCP,0,132.55067943862775,0.2900712490081787,TS_dynamic,67,1000,0,,60.0,100.0,,,,,,,,,,,,,,,,,,,,,,,,,20.0,,,,,10.0,True,dynamic,1.0,4.0,10.0,,,,
J90_1.RCP,1,118.2521719759412,0.2965099811553955,TS_dynamic,67,1000,1,,60.0,100.0,,,,,,,,,,,,,,,,,,,,,,,,,20.0,,,,,10.0,True,dynamic,1.0,4.0,10.0,,,,
J90_1.RCP,0,286.28202272220983,0.36449289321899414,PR_forward_best_withLS,67,1000,0,,60.0,100.0,,,,,,,,True,,,,,,,,,best,,,,,,,,,,,,,,,,,,,10.0,forward,50.0,
J90_1.RCP,1,203.32679884161283,0.3537600040435791,PR_forward_best_withLS,67,1000,1,,60.0,100.0,,,,,,,,True,,,,,,,,,best,,,,,,,,,,,,,,,,,,,10.0,forward,50.0,
J90_1.RCP,0,233.44620182668743,0.11137700080871582,PR_forward_best_noLS,67,1000,0,,60.0,100.0,,,,,,,,False,,,,,,,,,best,,,,,,,,,,,,,,,,,,,10.0,forward,50.0,
J90_1.RCP,1,170.8491869013143,0.15209698677062988,PR_forward_best_noLS,67,1000,1,,60.0,100.0,,,,,,,,False,,,,,,,,,best,,,,,,,,,,,,,,,,,,,10.0,forward,50.0,
J90_1.RCP,0,230.10291824459787,0.34656214714050293,PR_forward_random_two_withLS,67,1000,0,,60.0,100.0,,,,,,,,True,,,,,,,,,random_two,,,,,,,,,,,,,,,,,,,10.0,forward,50.0,
J90_1.RCP,1,224.5805301848964,0.3440210819244385,PR_forward_random_two_withLS,67,1000,1,,60.0,100.0,,,,,,,,True,,,,,,,,,random_two,,,,,,,,,,,,,,,,,,,10.0,forward,50.0,
J90_1.RCP,0,235.71485854310535,0.06996703147888184,PR_forward_random_two_noLS,67,1000,0,,60.0,100.0,,,,,,,,False,,,,,,,,,random_two,,,,,,,,,,,,,,,,,,,10.0,forward,50.0,
J90_1.RCP,1,186.69993316997105,0.07055211067199707,PR_forward_random_two_noLS,67,1000,1,,60.0,100.0,,,,,,,,False,,,,,,,,,random_two,,,,,,,,,,,,,,,,,,,10.0,forward,50.0,
J90_1.RCP,0,288.879037647583,0.34281396865844727,PR_backward_best_withLS,67,1000,0,,60.0,100.0,,,,,,,,True,,,,,,,,,best,,,,,,,,,,,,,,,,,,,10.0,backward,50.0,
J90_1.RCP,1,208.07306749832927,0.3530271053314209,PR_backward_best_withLS,67,1000,1,,60.0,100.0,,,,,,,,True,,,,,,,,,best,,,,,,,,,,,,,,,,,,,10.0,backward,50.0,
J90_1.RCP,0,193.68500779683671,0.16151714324951172,PR_backward_best_noLS,67,1000,0,,60.0,100.0,,,,,,,,False,,,,,,,,,best,,,,,,,,,,,,,,,,,,,10.0,backward,50.0,
J90_1.RCP,1,212.28202272220983,0.1118009090423584,PR_backward_best_noLS,67,1000,1,,60.0,100.0,,,,,,,,False,,,,,,,,,best,,,,,,,,,,,,,,,,,,,10.0,backward,50.0,
J90_1.RCP,0,222.67008242370235,0.34657716751098633,PR_backward_random_two_withLS,67,1000,0,,60.0,100.0,,,,,,,,True,,,,,,,,,random_two,,,,,,,,,,,,,,,,,,,10.0,backward,50.0,
J90_1.RCP,1,175.71485854310538,0.3554048538208008,PR_backward_random_two_withLS,67,1000,1,,60.0,100.0,,,,,,,,True,,,,,,,,,random_two,,,,,,,,,,,,,,,,,,,10.0,backward,50.0,
J90_1.RCP,0,194.96858988638894,0.07188892364501953,PR_backward_random_two_noLS,67,1000,0,,60.0,100.0,,,,,,,,False,,,,,,,,,random_two,,,,,,,,,,,,,,,,,,,10.0,backward,50.0,
J90_1.RCP,1,175.50590331922479,0.07676506042480469,PR_backward_random_two_noLS,67,1000,1,,60.0,100.0,,,,,,,,False,,,,,,,,,random_two,,,,,,,,,,,,,,,,,,,10.0,backward,50.0,
J90_1.RCP,0,227.92381376698592,2.419032096862793,GSA_default,67,1000,0,50.0,60.0,100.0,,,,,,,random,,,,,,,,,,,,True,,20.0,,,,,,,,,,,,,,,,,,100.0
J90_1.RCP,1,218.46112719982176,2.395143985748291,GSA_default,67,1000,1,50.0,60.0,100.0,,,,,,,random,,,,,,,,,,,,True,,20.0,,,,,,,,,,,,,,,,,,100.0
J90_2.RCP,0,113.41606404958678,0.37590599060058594,DE_rand/1_adaptiveF_bin_adaptiveCR_withLS,88,1000,0,50.0,60.0,100.0,0.1,0.9,True,True,rand/1,bin,random,True,5.0,0.3,1.5,0.3,1.0,1.0,,,,,,,,,,,,,,,,,,,,,,,,,
J90_2.RCP,1,120.50697314049586,0.3763267993927002,DE_rand/1_adaptiveF_bin_adaptiveCR_withLS,88,1000,1,50.0,60.0,100.0,0.1,0.9,True,True,rand/1,bin,random,True,5.0,0.3,1.5,0.3,1.0,1.0,,,,,,,,,,,,,,,,,,,,,,,,,
J90_2.RCP,0,112.75697314049586,0.37125682830810547,DE_rand/1_adaptiveF_bin_adaptiveCR_noLS,88,1000,0,50.0,60.0,100.0,0.1,0.9,True,True,rand/1,bin,random,False,5.0,0.3,1.5,0.3,1.0,1.0,,,,,,,,,,,,,,,,,,,,,,,,,
J90_2.RCP,1,113.96151859504131,0.36953306198120117,DE_rand/1_adaptiveF_bin_adaptiveCR_noLS,88,1000,1,50.0,60.0,100.0,0.1,0.9,True,True,rand/1,bin,random,False,5.0,0.3,1.5,0.3,1.0,1.0,,,,,,,,,,,,,,,,,,,,,,,,,
J90_2.RCP,0,106.98424586776859,0.3867189884185791,DE_rand/1_adaptiveF_bin_fixedCR_withLS,88,1000,0,50.0,60.0,100.0,0.1,0.9,True,False,rand/1,bin,random,True,5.0,0.3,1.5,0.3,1.0,1.0,,,,,,,,,,,,,,,,,,,,,,,,,
J90_2.RCP,1,113.91606404958678,0.37409210205078125,DE_rand/1_adaptiveF_bin_fixedCR_withLS,88,1000,1,50.0,60.0,100.0,0.1,0.9,True,False,rand/1,bin,random,True,5.0,0.3,1.5,0.3,1.0,1.0,,,,,,,,,,,,,,,,,,,,,,,,,
J90_2.RCP,0,110.02970041322314,0.37271618843078613,DE_rand/1_adaptiveF_bin_fixedCR_noLS,88,1000,0,50.0,60.0,100.0,0.1,0.9,True,False,rand/1,bin,random,False,5.0,0.3,1.5,0.3,1.0,1.0,,,,,,,,,,,,,,,,,,,,,,,,,
J90_2.RCP,1,105.09788223140495,0.3774552345275879,DE_rand/1_adaptiveF_bin_fixedCR_noLS,88,1000,1,50.0,60.0,100.0,0.1,0.9,True,False,rand/1,bin,random,False,5.0,0.3,1.5,0.3,1.0,1.0,,,,,,,,,,,,,,,,,,,,,,,,,
J90_2.RCP,0,108.84788223140495,0.38672494888305664,DE_rand/1_adaptiveF_exp_adaptiveCR_withLS,88,1000,0,50.0,60.0,100.0,0.1,0.9,True,True,rand/1,exp,random,True,5.0,0.3,1.5,0.3,1.0,1.0,,,,,,,,,,,,,,,,,,,,,,,,,
J90_2.RCP,1,114.32515495867769,0.3766169548034668,DE_rand/1_adaptiveF_exp_adaptiveCR_withLS,88,1000,1,50.0,60.0,100.0,0.1,0.9,True,True,rand/1,exp,random,True,5.0,0.3,1.5,0.3,1.0,1.0,,,,,,,,,,,,,,,,,,,,,,,,,
J90_2.RCP,0,114.25697314049584,0.3734598159790039,DE_rand/1_adaptiveF_exp_adaptiveCR_noLS,88,1000,0,50.0,60.0,100.0,0.1,0.9,True,True,rand/1,exp,random,False,5.0,0.3,1.5,0.3,1.0,1.0,,,,,,,,,,,,,,,,,,,,,,,,,
J90_2.RCP,1,112.84788223140495,0.37245798110961914,DE_rand/1_adaptiveF_exp_adaptiveCR_noLS,88,1000,1,50.0,60.0,100.0,0.1,0.9,True,True,rand/1,exp,random,False,5.0,0.3,1.5,0.3,1.0,1.0,,,,,,,,,,,,,,,,,,,,,,,,,
J90_2.RCP,0,106.59788223140495,0.3769810199737549,DE_rand/1_adaptiveF_exp_fixedCR_withLS,88,1000,0,50.0,60.0,100.0,0.1,0.9,True,False,rand/1,exp,random,True,5.0,0.3,1.5,0.3,1.0,1.0,,,,,,,,,,,,,,,,,,,,,,,,,
J90_2.RCP,1,111.18879132231405,0.3753988742828369,DE_rand/1_adaptiveF_exp_fixedCR_withLS,88,1000,1,50.0,60.0,100.0,0.1,0.9,True,False,rand/1,exp,random,True,5.0,0.3,1.5,0.3,1.0,1.0,,,,,,,,,,,,,,,,,,,,,,,,,
J90_2.RCP,0,109.43879132231405,0.37212491035461426,DE_rand/1_adaptiveF_exp_fixedCR_noLS,88,1000,0,50.0,60.0,100.0,0.1,0.9,True,False,rand/1,exp,random,False,5.0,0.3,1.5,0.3,1.0,1.0,,,,,,,,,,,,,,,,,,,,,,,,,
J90_2.RCP,1,111.37060950413223,0.3725259304046631,DE_rand/1_adaptiveF_exp_fixedCR_noLS,88,1000,1,50.0,60.0,100.0,0.1,0.9,True,False,rand/1,exp,random,False,5.0,0.3,1.5,0.3,1.0,1.0,,,,,,,,,,,,,,,,,,,,,,,,,
J90_2.RCP,0,121.07515495867769,0.4006690979003906,DE_rand/1_fixedF_bin_adaptiveCR_withLS,88,1000,0,50.0,60.0,100.0,0.1,0.9,False,True,rand/1,bin,random,True,5.0,0.3,1.5,0.3,1.0,1.0,,,,,,,,,,,,,,,,,,,,,,,,,
J90_2.RCP,1,112.21151859504131,0.3932027816772461,DE_rand/1_fixedF_bin_adaptiveCR_withLS,88,1000,1,50.0,60.0,100.0,0.1,0.9,False,True,rand/1,bin,random,True,5.0,0.3,1.5,0.3,1.0,1.0,,,,,,,,,,,,,,,,,,,,,,,,,
J90_2.RCP,0,113.43879132231405,0.3875119686126709,DE_rand/1_fixedF_bin_adaptiveCR_noLS,88,1000,0,50.0,60.0,100.0,0.1,0.9,False,True,rand/1,bin,random,False,5.0,0.3,1.5,0.3,1.0,1.0,,,,,,,,,,,,,,,,,,,,,,,,,
J90_2.RCP,1,105.21151859504134,0.39089298248291016,DE_rand/1_fixedF_bin_adaptiveCR_noLS,88,1000,1,50.0,60.0,100.0,0.1,0.9,False,True,rand/1,bin,random,False,5.0,0.3,1.5,0.3,1.0,1.0,,,,,,,,,,,,,,,,,,,,,,,,,
J90_2.RCP,0,110.68879132231405,0.42221522331237793,DE_rand/1_fixedF_bin_fixedCR_withLS,88,1000,0,50.0,60.0,100.0,0.1,0.9,False,False,rand/1,bin,random,True,5.0,0.3,1.5,0.3,1.0,1.0,,,,,,,,,,,,,,,,,,,,,,,,,
J90_2.RCP,1,103.25697314049586,0.3945600986480713,DE_rand/1_fixedF_bin_fixedCR_withLS,88,1000,1,50.0,60.0,100.0,0.1,0.9,False,False,rand/1,bin,random,True,5.0,0.3,1.5,0.3,1.0,1.0,,,,,,,,,,,,,,,,,,,,,,,,,
J90_2.RCP,0,102.07515495867769,0.37964916229248047,DE_rand/1_fixedF_bin_fixedCR_noLS,88,1000,0,50.0,60.0,100.0,0.1,0.9,False,False,rand/1,bin,random,False,5.0,0.3,1.5,0.3,1.0,1.0,,,,,,,,,,,,,,,,,,,,,,,,,
J90_2.RCP,1,113.12060950413223,0.37798309326171875,DE_rand/1_fixedF_bin_fixedCR_noLS,88,1000,1,50.0,60.0,100.0,0.1,0.9,False,False,rand/1,bin,random,False,5.0,0.3,1.5,0.3,1.0,1.0,,,,,,,,,,,,,,,,,,,,,,,,,
J90_2.RCP,0,112.57515495867769,0.39211010932922363,DE_rand/1_fixedF_exp_adaptiveCR_withLS,88,1000,0,50.0,60.0,100.0,0.1,0.9,False,True,rand/1,exp,random,True,5.0,0.3,1.5,0.3,1.0,1.0,,,,,,,,,,,,,,,,,,,,,,,,,
J90_2.RCP,1,116.3933367768595,0.3925650119781494,DE_rand/1_fixedF_exp_adaptiveCR_withLS,88,1000,1,50.0,60.0,100.0,0.1,0.9,False,True,rand/1,exp,random,True,5.0,0.3,1.5,0.3,1.0,1.0,,,,,,,,,,,,,,,,,,,,,,,,,
J90_2.RCP,0,110.52970041322314,0.3858020305633545,DE_rand/1_fixedF_exp_adaptiveCR_noLS,88,1000,0,50.0,60.0,100.0,0.1,0.9,False,True,rand/1,exp,random,False,5.0,0.3,1.5,0.3,1.0,1.0,,,,,,,,,,,,,,,,,,,,,,,,,
J90_2.RCP,1,113.41606404958678,0.39608073234558105,DE_rand/1_fixedF_exp_adaptiveCR_noLS,88,1000,1,50.0,60.0,100.0,0.1,0.9,False,True,rand/1,exp,random,False,5.0,0.3,1.5,0.3,1.0,1.0,,,,,,,,,,,,,,,,,,,,,,,,,
J90_2.RCP,0,109.8024276859504,0.3944590091705322,DE_rand/1_fixedF_exp_fixedCR_withLS,88,1000,0,50.0,60.0,100.0,0.1,0.9,False,False,rand/1,exp,random,True,5.0,0.3,1.5,0.3,1.0,1.0,,,,,,,,,,,,,,,,,,,,,,,,,
J90_2.RCP,1,114.71151859504131,0.39334821701049805,DE_rand/1_fixedF_exp_fixedCR_withLS,88,1000,1,50.0,60.0,100.0,0.1,0.9,False,False,rand/1,exp,random,True,5.0,0.3,1.5,0.3,1.0,1.0,,,,,,,,,,,,,,,,,,,,,,,,,
J90_2.RCP,0,103.82515495867769,0.38873291015625,DE_rand/1_fixedF_exp_fixedCR_noLS,88,1000,0,50.0,60.0,100.0,0.1,0.9,False,False,rand/1,exp,random,False,5.0,0.3,1.5,0.3,1.0,1.0,,,,,,,,,,,,,,,,,,,,,,,,,
J90_2.RCP,1,104.59788223140495,0.38880372047424316,DE_rand/1_fixedF_exp_fixedCR_noLS,88,1000,1,50.0,60.0,100.0,0.1,0.9,False,False,rand/1,exp,random,False,5.0,0.3,1.5,0.3,1.0,1.0,,,,,,,,,,,,,,,,,,,,,,,,,
J90_2.RCP,0,113.09788223140495,0.3943798542022705,DE_rand/2_adaptiveF_bin_adaptiveCR_withLS,88,1000,0,50.0,60.0,100.0,0.1,0.9,True,True,rand/2,bin,random,True,5.0,0.3,1.5,0.3,1.0,1.0,,,,,,,,,,,,,,,,,,,,,,,,,
J90_2.RCP,1,112.82515495867769,0.39418506622314453,DE_rand/2_adaptiveF_bin_adaptiveCR_withLS,88,1000,1,50.0,60.0,100.0,0.1,0.9,True,True,rand/2,bin,random,True,5.0,0.3,1.5,0.3,1.0,1.0,,,,,,,,,,,,,,,,,,,,,,,,,
J90_2.RCP,0,108.96151859504131,0.37970709800720215,DE_rand/2_adaptiveF_bin_adaptiveCR_noLS,88,1000,0,50.0,60.0,100.0,0.1,0.9,True,True,rand/2,bin,random,False,5.0,0.3,1.5,0.3,1.0,1.0,,,,,,,,,,,,,,,,,,,,,,,,,
J90_2.RCP,1,115.5524276859504,0.38158178329467773,DE_rand/2_adaptiveF_bin_adaptiveCR_noLS,88,1000,1,50.0,60.0,100.0,0.1,0.9,True,True,rand/2,bin,random,False,5.0,0.3,1.5,0.3,1.0,1.0,,,,,,,,,,,,,,,,,,,,,,,,,
J90_2.RCP,0,111.75697314049586,0.382321834564209,DE_rand/2_adaptiveF_bin_fixedCR_withLS,88,1000,0,50.0,60.0,100.0,0.1,0.9,True,False,rand/2,bin,random,True,5.0,0.3,1.5,0.3,1.0,1.0,,,,,,,,,,,,,,,,,,,,,,,,,
J90_2.RCP,1,106.34788223140495,0.39821290969848633,DE_rand/2_adaptiveF_bin_fixedCR_withLS,88,1000,1,50.0,60.0,100.0,0.1,0.9,True,False,rand/2,bin,random,True,5.0,0.3,1.5,0.3,1.0,1.0,,,,,,,,,,,,,,,,,,,,,,,,,
J90_2.RCP,0,101.18879132231405,0.38013482093811035,DE_rand/2_adaptiveF_bin_fixedCR_noLS,88,1000,0,50.0,60.0,100.0,0.1,0.9,True,False,rand/2,bin,random,False,5.0,0.3,1.5,0.3,1.0,1.0,,,,,,,,,,,,,,,,,,,,,,,,,
J90_2.RCP,1,108.16606404958678,0.3761429786682129,DE_rand/2_adaptiveF_bin_fixedCR_noLS,88,1000,1,50.0,60.0,100.0,0.1,0.9,True,False,rand/2,bin,random,False,5.0,0.3,1.5,0.3,1.0,1.0,,,,,,,,,,,,,,,,,,,,,,,,,
J90_2.RCP,0,118.52970041322314,0.3844919204711914,DE_rand/2_adaptiveF_exp_adaptiveCR_withLS,88,1000,0,50.0,60.0,100.0,0.1,0.9,True,True,rand/2,exp,random,True,5.0,0.3,1.5,0.3,1.0,1.0,,,,,,,,,,,,,,,,,,,,,,,,,
J90_2.RCP,1,116.0524276859504,0.3829960823059082,DE_rand/2_adaptiveF_exp_adaptiveCR_withLS,88,1000,1,50.0,60.0,100.0,0.1,0.9,True,True,rand/2,exp,random,True,5.0,0.3,1.5,0.3,1.0,1.0,,,,,,,,,,,,,,,,,,,,,,,,,
J90_2.RCP,0,113.52970041322314,0.3804340362548828,DE_rand/2_adaptiveF_exp_adaptiveCR_noLS,88,1000,0,50.0,60.0,100.0,0.1,0.9,True,True,rand/2,exp,random,False,5.0,0.3,1.5,0.3,1.0,1.0,,,,,,,,,,,,,,,,,,,,,,,,,
J90_2.RCP,1,111.16606404958678,0.3802943229675293,DE_rand/2_adaptiveF_exp_adaptiveCR_noLS,88,1000,1,50.0,60.0,100.0,0.1,0.9,True,True,rand/2,exp,random,False,5.0,0.3,1.5,0.3,1.0,1.0,,,,,,,,,,,,,,,,,,,,,,,,,
J90_2.RCP,0,111.93879132231405,0.38201332092285156,DE_rand/2_adaptiveF_exp_fixedCR_withLS,88,1000,0,50.0,60.0,100.0,0.1,0.9,True,False,rand/2,exp,random,True,5.0,0.3,1.5,0.3,1.0,1.0,,,,,,,,,,,,,,,,,,,,,,,,,
J90_2.RCP,1,109.1433367768595,0.38292407989501953,DE_rand/2_adaptiveF_exp_fixedCR_withLS,88,1000,1,50.0,60.0,100.0,0.1,0.9,True,False,rand/2,exp,random,True,5.0,0.3,1.5,0.3,1.0,1.0,,,,,,,,,,,,,,,,,,,,,,,,,
J90_2.RCP,0,111.87060950413223,0.37943315505981445,DE_rand/2_adaptiveF_exp_fixedCR_noLS,88,1000,0,50.0,60.0,100.0,0.1,0.9,True,False,rand/2,exp,random,False,5.0,0.3,1.5,0.3,1.0,1.0,,,,,,,,,,,,,,,,,,,,,,,,,
J90_2.RCP,1,110.0524276859504,0.3782668113708496,DE_rand/2_adaptiveF_exp_fixedCR_noLS,88,1000,1,50.0,60.0,100.0,0.1,0.9,True,False,rand/2,exp,random,False,5.0,0.3,1.5,0.3,1.0,1.0,,,,,,,,,,,,,,,,,,,,,,,,,
J90_2.RCP,0,112.5524276859504,0.4168097972869873,DE_rand/2_fixedF_bin_adaptiveCR_withLS,88,1000,0,50.0,60.0,100.0,0.1,0.9,False,True,rand/2,bin,random,True,5.0,0.3,1.5,0.3,1.0,1.0,,,,,,,,,,,,,,,,,,,,,,,,,
J90_2.RCP,1,106.48424586776859,0.42125415802001953,DE_rand/2_fixedF_bin_adaptiveCR_withLS,88,1000,1,50.0,60.0,100.0,0.1,0.9,False,True,rand/2,bin,random,True,5.0,0.3,1.5,0.3,1.0,1.0,,,,,,,,,,,,,,,,,,,,,,,,,
J90_2.RCP,0,111.25697314049586,0.41324400901794434,DE_rand/2_fixedF_bin_adaptiveCR_noLS,88,1000,0,50.0,60.0,100.0,0.1,0.9,False,True,rand/2,bin,random,False,5.0,0.3,1.5,0.3,1.0,1.0,,,,,,,,,,,,,,,,,,,,,,,,,
J90_2.RCP,1,115.52970041322314,0.4069182872772217,DE_rand/2_fixedF_bin_adaptiveCR_noLS,88,1000,1,50.0,60.0,100.0,0.1,0.9,False,True,rand/2,bin,random,False,5.0,0.3,1.5,0.3,1.0,1.0,,,,,,,,,,,,,,,,,,,,,,,,,
J90_2.RCP,0,111.93879132231405,0.4050862789154053,DE_rand/2_fixedF_bin_fixedCR_withLS,88,1000,0,50.0,60.0,100.0,0.1,0.9,False,False,rand/2,bin,random,True,5.0,0.3,1.5,0.3,1.0,1.0,,,,,,,,,,,,,,,,,,,,,,,,,
J90_2.RCP,1,113.21151859504131,0.401094913482666,DE_rand/2_fixedF_bin_fixedCR_withLS,88,1000,1,50.0,60.0,100.0,0.1,0.9,False,False,rand/2,bin,random,True,5.0,0.3,1.5,0.3,1.0,1.0,,,,,,,,,,,,,,,,,,,,,,,,,
J90_2.RCP,0,114.41606404958678,0.39632105827331543,DE_rand/2_fixedF_bin_fixedCR_noLS,88,1000,0,50.0,60.0,100.0,0.1,0.9,False,False,rand/2,bin,random,False,5.0,0.3,1.5,0.3,1.0,1.0,,,,,,,,,,,,,,,,,,,,,,,,,
J90_2.RCP,1,99.68879132231405,0.3950378894805908,DE_rand/2_fixedF_bin_fixedCR_noLS,88,1000,1,50.0,60.0,100.0,0.1,0.9,False,False,rand/2,bin,random,False,5.0,0.3,1.5,0.3,1.0,1.0,,,,,,,,,,,,,,,,,,,,,,,,,
J90_2.RCP,0,117.96151859504131,0.41870594024658203,DE_rand/2_fixedF_exp_adaptiveCR_withLS,88,1000,0,50.0,60.0,100.0,0.1,0.9,False,True,rand/2,exp,random,True,5.0,0.3,1.5,0.3,1.0,1.0,,,,,,,,,,,,,,,,,,,,,,,,,
J90_2.RCP,1,115.73424586776859,0.4619271755218506,DE_rand/2_fixedF_exp_adaptiveCR_withLS,88,1000,1,50.0,60.0,100.0,0.1,0.9,False,True,rand/2,exp,random,True,5.0,0.3,1.5,0.3,1.0,1.0,,,,,,,,,,,,,,,,,,,,,,,,,
J90_2.RCP,0,104.07515495867769,0.4934351444244385,DE_rand/2_fixedF_exp_adaptiveCR_noLS,88,1000,0,50.0,60.0,100.0,0.1,0.9,False,True,rand/2,exp,random,False,5.0,0.3,1.5,0.3,1.0,1.0,,,,,,,,,,,,,,,,,,,,,,,,,
J90_2.RCP,1,115.87060950413223,0.4176480770111084,DE_rand/2_fixedF_exp_adaptiveCR_noLS,88,1000,1,50.0,60.0,100.0,0.1,0.9,False,True,rand/2,exp,random,False,5.0,0.3,1.5,0.3,1.0,1.0,,,,,,,,,,,,,,,,,,,,,,,,,
J90_2.RCP,0,103.3933367768595,0.4125659465789795,DE_rand/2_fixedF_exp_fixedCR_withLS,88,1000,0,50.0,60.0,100.0,0.1,0.9,False,False,rand/2,exp,random,True,5.0,0.3,1.5,0.3,1.0,1.0,,,,,,,,,,,,,,,,,,,,,,,,,
J90_2.RCP,1,104.66606404958678,0.41962194442749023,DE_rand/2_fixedF_exp_fixedCR_withLS,88,1000,1,50.0,60.0,100.0,0.1,0.9,False,False,rand/2,exp,random,True,5.0,0.3,1.5,0.3,1.0,1.0,,,,,,,,,,,,,,,,,,,,,,,,,
J90_2.RCP,0,115.73424586776859,0.4009830951690674,DE_rand/2_fixedF_exp_fixedCR_noLS,88,1000,0,50.0,60.0,100.0,0.1,0.9,False,False,rand/2,exp,random,False,5.0,0.3,1.5,0.3,1.0,1.0,,,,,,,,,,,,,,,,,,,,,,,,,
J90_2.RCP,1,110.9160640495868,0.4035358428955078,DE_rand/2_fixedF_exp_fixedCR_noLS,88,1000,1,50.0,60.0,100.0,0.1,0.9,False,False,rand/2,exp,random,False,5.0,0.3,1.5,0.3,1.0,1.0,,,,,,,,,,,,,,,,,,,,,,,,,
J90_2.RCP,0,108.07515495867769,0.380418062210083,DE_best/1_adaptiveF_bin_adaptiveCR_withLS,88,1000,0,50.0,60.0,100.0,0.1,0.9,True,True,best/1,bin,random,True,5.0,0.3,1.5,0.3,1.0,1.0,,,,,,,,,,,,,,,,,,,,,,,,,
J90_2.RCP,1,114.5524276859504,0.3771018981933594,DE_best/1_adaptiveF_bin_adaptiveCR_withLS,88,1000,1,50.0,60.0,100.0,0.1,0.9,True,True,best/1,bin,random,True,5.0,0.3,1.5,0.3,1.0,1.0,,,,,,,,,,,,,,,,,,,,,,,,,
J90_2.RCP,0,110.98424586776859,0.3743290901184082,DE_best/1_adaptiveF_bin_adaptiveCR_noLS,88,1000,0,50.0,60.0,100.0,0.1,0.9,True,True,best/1,bin,random,False,5.0,0.3,1.5,0.3,1.0,1.0,,,,,,,,,,,,,,,,,,,,,,,,,
J90_2.RCP,1,112.12060950413223,0.37787890434265137,DE_best/1_adaptiveF_bin_adaptiveCR_noLS,88,1000,1,50.0,60.0,100.0,0.1,0.9,True,True,best/1,bin,random,False,5.0,0.3,1.5,0.3,1.0,1.0,,,,,,,,,,,,,,,,,,,,,,,,,
J90_2.RCP,0,99.59788223140495,0.3805069923400879,DE_best/1_adaptiveF_bin_fixedCR_withLS,88,1000,0,50.0,60.0,100.0,0.1,0.9,True,False,best/1,bin,random,True,5.0,0.3,1.5,0.3,1.0,1.0,,,,,,,,,,,,,,,,,,,,,,,,,
J90_2.RCP,1,101.66606404958678,0.3794288635253906,DE_best/1_adaptiveF_bin_fixedCR_withLS,88,1000,1,50.0,60.0,100.0,0.1,0.9,True,False,best/1,bin,random,True,5.0,0.3,1.5,0.3,1.0,1.0,,,,,,,,,,,,,,,,,,,,,,,,,
J90_2.RCP,0,105.98424586776859,0.372020959854126,DE_best/1_adaptiveF_bin_fixedCR_noLS,88,1000,0,50.0,60.0,100.0,0.1,0.9,True,False,best/1,bin,random,False,5.0,0.3,1.5,0.3,1.0,1.0,,,,,,,,,,,,,,,,,,,,,,,,,
J90_2.RCP,1,104.50697314049586,0.3711740970611572,DE_best/1_adaptiveF_bin_fixedCR_noLS,88,1000,1,50.0,60.0,100.0,0.1,0.9,True,False,best/1,bin,random,False,5.0,0.3,1.5,0.3,1.0,1.0,,,,,,,,,,,,,,,,,,,,,,,,,
J90_2.RCP,0,113.73424586776859,0.3819739818572998,DE_best/1_adaptiveF_exp_adaptiveCR_withLS,88,1000,0,50.0,60.0,100.0,0.1,0.9,True,True,best/1,exp,random,True,5.0,0.3,1.5,0.3,1.0,1.0,,,,,,,,,,,,,,,,,,,,,,,,,
J90_2.RCP,1,106.12060950413223,0.382138729095459,DE_best/1_adaptiveF_exp_adaptiveCR_withLS,88,1000,1,50.0,60.0,100.0,0.1,0.9,True,True,best/1,exp,random,True,5.0,0.3,1.5,0.3,1.0,1.0,,,,,,,,,,,,,,,,,,,,,,,,,
J90_2.RCP,0,110.3024276859504,0.375352144241333,DE_best/1_adaptiveF_exp_adaptiveCR_noLS,88,1000,0,50.0,60.0,100.0,0.1,0.9,True,True,best/1,exp,random,False,5.0,0.3,1.5,0.3,1.0,1.0,,,,,,,,,,,,,,,,,,,,,,,,,
J90_2.RCP,1,108.73424586776859,0.3750479221343994,DE_best/1_adaptiveF_exp_adaptiveCR_noLS,88,1000,1,50.0,60.0,100.0,0.1,0.9,True,True,best/1,exp,random,False,5.0,0.3,1.5,0.3,1.0,1.0,,,,,,,,,,,,,,,,,,,,,,,,,
J90_2.RCP,0,102.62060950413223,0.3847222328186035,DE_best/1_adaptiveF_exp_fixedCR_withLS,88,1000,0,50.0,60.0,100.0,0.1,0.9,True,False,best/1,exp,random,True,5.0,0.3,1.5,0.3,1.0,1.0,,,,,,,,,,,,,,,,,,,,,,,,,
J90_2.RCP,1,99.09788223140495,0.3910198211669922,DE_best/1_adaptiveF_exp_fixedCR_withLS,88,1000,1,50.0,60.0,100.0,0.1,0.9,True,False,best/1,exp,random,True,5.0,0.3,1.5,0.3,1.0,1.0,,,,,,,,,,,,,,,,,,,,,,,,,
J90_2.RCP,0,89.5524276859504,0.38792920112609863,DE_best/1_adaptiveF_exp_fixedCR_noLS,88,1000,0,50.0,60.0,100.0,0.1,0.9,True,False,best/1,exp,random,False,5.0,0.3,1.5,0.3,1.0,1.0,,,,,,,,,,,,,,,,,,,,,,,,,
J90_2.RCP,1,104.93879132231405,0.3791971206665039,DE_best/1_adaptiveF_exp_fixedCR_noLS,88,1000,1,50.0,60.0,100.0,0.1,0.9,True,False,best/1,exp,random,False,5.0,0.3,1.5,0.3,1.0,1.0,,,,,,,,,,,,,,,,,,,,,,,,,
J90_2.RCP,0,98.02970041322314,0.39139890670776367,DE_best/1_fixedF_bin_adaptiveCR_withLS,88,1000,0,50.0,60.0,100.0,0.1,0.9,False,True,best/1,bin,random,True,5.0,0.3,1.5,0.3,1.0,1.0,,,,,,,,,,,,,,,,,,,,,,,,,
J90_2.RCP,1,96.66606404958678,0.3956019878387451,DE_best/1_fixedF_bin_adaptiveCR_withLS,88,1000,1,50.0,60.0,100.0,0.1,0.9,False,True,best/1,bin,random,True,5.0,0.3,1.5,0.3,1.0,1.0,,,,,,,,,,,,,,,,,,,,,,,,,
J90_2.RCP,0,101.66606404958678,0.3899219036102295,DE_best/1_fixedF_bin_adaptiveCR_noLS,88,1000,0,50.0,60.0,100.0,0.1,0.9,False,True,best/1,bin,random,False,5.0,0.3,1.5,0.3,1.0,1.0,,,,,,,,,,,,,,,,,,,,,,,,,
J90_2.RCP,1,99.96151859504131,0.3845839500427246,DE_best/1_fixedF_bin_adaptiveCR_noLS,88,1000,1,50.0,60.0,100.0,0.1,0.9,False,True,best/1,bin,random,False,5.0,0.3,1.5,0.3,1.0,1.0,,,,,,,,,,,,,,,,,,,,,,,,,
J90_2.RCP,0,95.43879132231405,0.3813822269439697,DE_best/1_fixedF_bin_fixedCR_withLS,88,1000,0,50.0,60.0,100.0,0.1,0.9,False,False,best/1,bin,random,True,5.0,0.3,1.5,0.3,1.0,1.0,,,,,,,,,,,,,,,,,,,,,,,,,
J90_2.RCP,1,88.25697314049586,0.38165998458862305,DE_best/1_fixedF_bin_fixedCR_withLS,88,1000,1,50.0,60.0,100.0,0.1,0.9,False,False,best/1,bin,random,True,5.0,0.3,1.5,0.3,1.0,1.0,,,,,,,,,,,,,,,,,,,,,,,,,
J90_2.RCP,0,99.5524276859504,0.37320494651794434,DE_best/1_fixedF_bin_fixedCR_noLS,88,1000,0,50.0,60.0,100.0,0.1,0.9,False,False,best/1,bin,random,False,5.0,0.3,1.5,0.3,1.0,1.0,,,,,,,,,,,,,,,,,,,,,,,,,
J90_2.RCP,1,87.02970041322314,0.3726329803466797,DE_best/1_fixedF_bin_fixedCR_noLS,88,1000,1,50.0,60.0,100.0,0.1,0.9,False,False,best/1,bin,random,False,5.0,0.3,1.5,0.3,1.0,1.0,,,,,,,,,,,,,,,,,,,,,,,,,
J90_2.RCP,0,105.00697314049586,0.3985018730163574,DE_best/1_fixedF_exp_adaptiveCR_withLS,88,1000,0,50.0,60.0,100.0,0.1,0.9,False,True,best/1,exp,random,True,5.0,0.3,1.5,0.3,1.0,1.0,,,,,,,,,,,,,,,,,,,,,,,,,
J90_2.RCP,1,108.21151859504131,0.39731788635253906,DE_best/1_fixedF_exp_adaptiveCR_withLS,88,1000,1,50.0,60.0,100.0,0.1,0.9,False,True,best/1,exp,random,True,5.0,0.3,1.5,0.3,1.0,1.0,,,,,,,,,,,,,,,,,,,,,,,,,
J90_2.RCP,0,98.09788223140495,0.39112305641174316,DE_best/1_fixedF_exp_adaptiveCR_noLS,88,1000,0,50.0,60.0,100.0,0.1,0.9,False,True,best/1,exp,random,False,5.0,0.3,1.5,0.3,1.0,1.0,,,,,,,,,,,,,,,,,,,,,,,,,
J90_2.RCP,1,98.96151859504131,0.3856191635131836,DE_best/1_fixedF_exp_adaptiveCR_noLS,88,1000,1,50.0,60.0,100.0,0.1,0.9,False,True,best/1,exp,random,False,5.0,0.3,1.5,0.3,1.0,1.0,,,,,,,,,,,,,,,,,,,,,,,,,
J90_2.RCP,0,97.71151859504131,0.3832070827484131,DE_best/1_fixedF_exp_fixedCR_withLS,88,1000,0,50.0,60.0,100.0,0.1,0.9,False,False,best/1,exp,random,True,5.0,0.3,1.5,0.3,1.0,1.0,,,,,,,,,,,,,,,,,,,,,,,,,
J90_2.RCP,1,98.87060950413223,0.3782970905303955,DE_best/1_fixedF_exp_fixedCR_withLS,88,1000,1,50.0,60.0,100.0,0.1,0.9,False,False,best/1,exp,random,True,5.0,0.3,1.5,0.3,1.0,1.0,,,,,,,,,,,,,,,,,,,,,,,,,
J90_2.RCP,0,97.48424586776859,0.37442779541015625,DE_best/1_fixedF_exp_fixedCR_noLS,88,1000,0,50.0,60.0,100.0,0.1,0.9,False,False,best/1,exp,random,False,5.0,0.3,1.5,0.3,1.0,1.0,,,,,,,,,,,,,,,,,,,,,,,,,
J90_2.RCP,1,99.46151859504131,0.4013669490814209,DE_best/1_fixedF_exp_fixedCR_noLS,88,1000,1,50.0,60.0,100.0,0.1,0.9,False,False,best/1,exp,random,False,5.0,0.3,1.5,0.3,1.0,1.0,,,,,,,,,,,,,,,,,,,,,,,,,
J90_2.RCP,0,104.34788223140495,0.3853118419647217,DE_best/2_adaptiveF_bin_adaptiveCR_withLS,88,1000,0,50.0,60.0,100.0,0.1,0.9,True,True,best/2,bin,random,True,5.0,0.3,1.5,0.3,1.0,1.0,,,,,,,,,,,,,,,,,,,,,,,,,
J90_2.RCP,1,120.32515495867769,0.38471007347106934,DE_best/2_adaptiveF_bin_adaptiveCR_withLS,88,1000,1,50.0,60.0,100.0,0.1,0.9,True,True,best/2,bin,random,True,5.0,0.3,1.5,0.3,1.0,1.0,,,,,,,,,,,,,,,,,,,,,,,,,
J90_2.RCP,0,109.8024276859504,0.38115906715393066,DE_best/2_adaptiveF_bin_adaptiveCR_noLS,88,1000,0,50.0,60.0,100.0,0.1,0.9,True,True,best/2,bin,random,False,5.0,0.3,1.5,0.3,1.0,1.0,,,,,,,,,,,,,,,,,,,,,,,,,
J90_2.RCP,1,115.23424586776859,0.37886619567871094,DE_best/2_adaptiveF_bin_adaptiveCR_noLS,88,1000,1,50.0,60.0,100.0,0.1,0.9,True,True,best/2,bin,random,False,5.0,0.3,1.5,0.3,1.0,1.0,,,,,,,,,,,,,,,,,,,,,,,,,
J90_2.RCP,0,102.52970041322314,0.3820531368255615,DE_best/2_adaptiveF_bin_fixedCR_withLS,88,1000,0,50.0,60.0,100.0,0.1,0.9,True,False,best/2,bin,random,True,5.0,0.3,1.5,0.3,1.0,1.0,,,,,,,,,,,,,,,,,,,,,,,,,
J90_2.RCP,1,106.27970041322314,0.3842811584472656,DE_best/2_adaptiveF_bin_fixedCR_withLS,88,1000,1,50.0,60.0,100.0,0.1,0.9,True,False,best/2,bin,random,True,5.0,0.3,1.5,0.3,1.0,1.0,,,,,,,,,,,,,,,,,,,,,,,,,
J90_2.RCP,0,113.0751549586777,0.38007616996765137,DE_best/2_adaptiveF_bin_fixedCR_noLS,88,1000,0,50.0,60.0,100.0,0.1,0.9,True,False,best/2,bin,random,False,5.0,0.3,1.5,0.3,1.0,1.0,,,,,,,,,,,,,,,,,,,,,,,,,
J90_2.RCP,1,100.68879132231405,0.37970900535583496,DE_best/2_adaptiveF_bin_fixedCR_noLS,88,1000,1,50.0,60.0,100.0,0.1,0.9,True,False,best/2,bin,random,False,5.0,0.3,1.5,0.3,1.0,1.0,,,,,,,,,,,,,,,,,,,,,,,,,
J90_2.RCP,0,114.87060950413223,0.38692307472229004,DE_best/2_adaptiveF_exp_adaptiveCR_withLS,88,1000,0,50.0,60.0,100.0,0.1,0.9,True,True,best/2,exp,random,True,5.0,0.3,1.5,0.3,1.0,1.0,,,,,,,,,,,,,,,,,,,,,,,,,
J90_2.RCP,1,108.93879132231405,0.3862309455871582,DE_best/2_adaptiveF_exp_adaptiveCR_withLS,88,1000,1,50.0,60.0,100.0,0.1,0.9,True,True,best/2,exp,random,True,5.0,0.3,1.5,0.3,1.0,1.0,,,,,,,,,,,,,,,,,,,,,,,,,
J90_2.RCP,0,113.71151859504131,0.3824787139892578,DE_best/2_adaptiveF_exp_adaptiveCR_noLS,88,1000,0,50.0,60.0,100.0,0.1,0.9,True,True,best/2,exp,random,False,5.0,0.3,1.5,0.3,1.0,1.0,,,,,,,,,,,,,,,,,,,,,,,,,
J90_2.RCP,1,110.75697314049586,0.3839080333709717,DE_best/2_adaptiveF_exp_adaptiveCR_noLS,88,1000,1,50.0,60.0,100.0,0.1,0.9,True,True,best/2,exp,random,False,5.0,0.3,1.5,0.3,1.0,1.0,,,,,,,,,,,,,,,,,,,,,,,,,
J90_2.RCP,0,100.82515495867769,0.3853440284729004,DE_best/2_adaptiveF_exp_fixedCR_withLS,88,1000,0,50.0,60.0,100.0,0.1,0.9,True,False,best/2,exp,random,True,5.0,0.3,1.5,0.3,1.0,1.0,,,,,,,,,,,,,,,,,,,,,,,,,
J90_2.RCP,1,106.93879132231406,0.38687896728515625,DE_best/2_adaptiveF_exp_fixedCR_withLS,88,1000,1,50.0,60.0,100.0,0.1,0.9,True,False,best/2,exp,random,True,5.0,0.3,1.5,0.3,1.0,1.0,,,,,,,,,,,,,,,,,,,,,,,,,
J90_2.RCP,0,109.21151859504131,0.3862171173095703,DE_best/2_adaptiveF_exp_fixedCR_noLS,88,1000,0,50.0,60.0,100.0,0.1,0.9,True,False,best/2,exp,random,False,5.0,0.3,1.5,0.3,1.0,1.0,,,,,,,,,,,,,,,,,,,,,,,,,
J90_2.RCP,1,100.32515495867769,0.3841238021850586,DE_best/2_adaptiveF_exp_fixedCR_noLS,88,1000,1,50.0,60.0,100.0,0.1,0.9,True,False,best/2,exp,random,False,5.0,0.3,1.5,0.3,1.0,1.0,,,,,,,,,,,,,,,,,,,,,,,,,
J90_2.RCP,0,105.3024276859504,0.41832709312438965,DE_best/2_fixedF_bin_adaptiveCR_withLS,88,1000,0,50.0,60.0,100.0,0.1,0.9,False,True,best/2,bin,random,True,5.0,0.3,1.5,0.3,1.0,1.0,,,,,,,,,,,,,,,,,,,,,,,,,
J90_2.RCP,1,98.48424586776859,0.41625094413757324,DE_best/2_fixedF_bin_adaptiveCR_withLS,88,1000,1,50.0,60.0,100.0,0.1,0.9,False,True,best/2,bin,random,True,5.0,0.3,1.5,0.3,1.0,1.0,,,,,,,,,,,,,,,,,,,,,,,,,
J90_2.RCP,0,104.52970041322314,0.40931010246276855,DE_best/2_fixedF_bin_adaptiveCR_noLS,88,1000,0,50.0,60.0,100.0,0.1,0.9,False,True,best/2,bin,random,False,5.0,0.3,1.5,0.3,1.0,1.0,,,,,,,,,,,,,,,,,,,,,,,,,
J90_2.RCP,1,98.02970041322314,0.40563201904296875,DE_best/2_fixedF_bin_adaptiveCR_noLS,88,1000,1,50.0,60.0,100.0,0.1,0.9,False,True,best/2,bin,random,False,5.0,0.3,1.5,0.3,1.0,1.0,,,,,,,,,,,,,,,,,,,,,,,,,
J90_2.RCP,0,101.62060950413223,0.3945651054382324,DE_best/2_fixedF_bin_fixedCR_withLS,88,1000,0,50.0,60.0,100.0,0.1,0.9,False,False,best/2,bin,random,True,5.0,0.3,1.5,0.3,1.0,1.0,,,,,,,,,,,,,,,,,,,,,,,,,
J90_2.RCP,1,99.12060950413223,0.39121294021606445,DE_best/2_fixedF_bin_fixedCR_withLS,88,1000,1,50.0,60.0,100.0,0.1,0.9,False,False,best/2,bin,random,True,5.0,0.3,1.5,0.3,1.0,1.0,,,,,,,,,,,,,,,,,,,,,,,,,
J90_2.RCP,0,104.21151859504131,0.3872842788696289,DE_best/2_fixedF_bin_fixedCR_noLS,88,1000,0,50.0,60.0,100.0,0.1,0.9,False,False,best/2,bin,random,False,5.0,0.3,1.5,0.3,1.0,1.0,,,,,,,,,,,,,,,,,,,,,,,,,
J90_2.RCP,1,98.12060950413223,0.3809237480163574,DE_best/2_fixedF_bin_fixedCR_noLS,88,1000,1,50.0,60.0,100.0,0.1,0.9,False,False,best/2,bin,random,False,5.0,0.3,1.5,0.3,1.0,1.0,,,,,,,,,,,,,,,,,,,,,,,,,
J90_2.RCP,0,98.68879132231405,0.4174928665161133,DE_best/2_fixedF_exp_adaptiveCR_withLS,88,1000,0,50.0,60.0,100.0,0.1,0.9,False,True,best/2,exp,random,True,5.0,0.3,1.5,0.3,1.0,1.0,,,,,,,,,,,,,,,,,,,,,,,,,
J90_2.RCP,1,101.87060950413223,0.41950392723083496,DE_best/2_fixedF_exp_adaptiveCR_withLS,88,1000,1,50.0,60.0,100.0,0.1,0.9,False,True,best/2,exp,random,True,5.0,0.3,1.5,0.3,1.0,1.0,,,,,,,,,,,,,,,,,,,,,,,,,
J90_2.RCP,0,99.0524276859504,0.41796112060546875,DE_best/2_fixedF_exp_adaptiveCR_noLS,88,1000,0,50.0,60.0,100.0,0.1,0.9,False,True,best/2,exp,random,False,5.0,0.3,1.5,0.3,1.0,1.0,,,,,,,,,,,,,,,,,,,,,,,,,
J90_2.RCP,1,99.0524276859504,0.41568875312805176,DE_best/2_fixedF_exp_adaptiveCR_noLS,88,1000,1,50.0,60.0,100.0,0.1,0.9,False,True,best/2,exp,random,False,5.0,0.3,1.5,0.3,1.0,1.0,,,,,,,,,,,,,,,,,,,,,,,,,
J90_2.RCP,0,104.52970041322314,0.3978888988494873,DE_best/2_fixedF_exp_fixedCR_withLS,88,1000,0,50.0,60.0,100.0,0.1,0.9,False,False,best/2,exp,random,True,5.0,0.3,1.5,0.3,1.0,1.0,,,,,,,,,,,,,,,,,,,,,,,,,
J90_2.RCP,1,96.6433367768595,0.3933260440826416,DE_best/2_fixedF_exp_fixedCR_withLS,88,1000,1,50.0,60.0,100.0,0.1,0.9,False,False,best/2,exp,random,True,5.0,0.3,1.5,0.3,1.0,1.0,,,,,,,,,,,,,,,,,,,,,,,,,
J90_2.RCP,0,107.8024276859504,0.3896768093109131,DE_best/2_fixedF_exp_fixedCR_noLS,88,1000,0,50.0,60.0,100.0,0.1,0.9,False,False,best/2,exp,random,False,5.0,0.3,1.5,0.3,1.0,1.0,,,,,,,,,,,,,,,,,,,,,,,,,
J90_2.RCP,1,96.09788223140495,0.40453481674194336,DE_best/2_fixedF_exp_fixedCR_noLS,88,1000,1,50.0,60.0,100.0,0.1,0.9,False,False,best/2,exp,random,False,5.0,0.3,1.5,0.3,1.0,1.0,,,,,,,,,,,,,,,,,,,,,,,,,
J90_2.RCP,0,120.5524276859504,0.3758687973022461,DE_adaptive_bin_adaptiveCR_withLS,88,1000,0,50.0,60.0,100.0,0.1,0.9,True,True,adaptive,bin,random,True,5.0,0.3,1.5,0.3,1.0,1.0,,,,,,,,,,,,,,,,,,,,,,,,,
J90_2.RCP,1,118.71151859504134,0.3781142234802246,DE_adaptive_bin_adaptiveCR_withLS,88,1000,1,50.0,60.0,100.0,0.1,0.9,True,True,adaptive,bin,random,True,5.0,0.3,1.5,0.3,1.0,1.0,,,,,,,,,,,,,,,,,,,,,,,,,
J90_2.RCP,0,115.37060950413223,0.3902468681335449,DE_adaptive_bin_adaptiveCR_noLS,88,1000,0,50.0,60.0,100.0,0.1,0.9,True,True,adaptive,bin,random,False,5.0,0.3,1.5,0.3,1.0,1.0,,,,,,,,,,,,,,,,,,,,,,,,,
J90_2.RCP,1,111.23424586776859,0.3802917003631592,DE_adaptive_bin_adaptiveCR_noLS,88,1000,1,50.0,60.0,100.0,0.1,0.9,True,True,adaptive,bin,random,False,5.0,0.3,1.5,0.3,1.0,1.0,,,,,,,,,,,,,,,,,,,,,,,,,
J90_2.RCP,0,111.77970041322314,0.38297390937805176,DE_adaptive_bin_fixedCR_withLS,88,1000,0,50.0,60.0,100.0,0.1,0.9,True,False,adaptive,bin,random,True,5.0,0.3,1.5,0.3,1.0,1.0,,,,,,,,,,,,,,,,,,,,,,,,,
J90_2.RCP,1,99.91606404958678,0.37656283378601074,DE_adaptive_bin_fixedCR_withLS,88,1000,1,50.0,60.0,100.0,0.1,0.9,True,False,adaptive,bin,random,True,5.0,0.3,1.5,0.3,1.0,1.0,,,,,,,,,,,,,,,,,,,,,,,,,
J90_2.RCP,0,111.68879132231405,0.373626708984375,DE_adaptive_bin_fixedCR_noLS,88,1000,0,50.0,60.0,100.0,0.1,0.9,True,False,adaptive,bin,random,False,5.0,0.3,1.5,0.3,1.0,1.0,,,,,,,,,,,,,,,,,,,,,,,,,
J90_2.RCP,1,109.02970041322314,0.37795090675354004,DE_adaptive_bin_fixedCR_noLS,88,1000,1,50.0,60.0,100.0,0.1,0.9,True,False,adaptive,bin,random,False,5.0,0.3,1.5,0.3,1.0,1.0,,,,,,,,,,,,,,,,,,,,,,,,,
J90_2.RCP,0,111.96151859504131,0.38838815689086914,DE_adaptive_exp_adaptiveCR_withLS,88,1000,0,50.0,60.0,100.0,0.1,0.9,True,True,adaptive,exp,random,True,5.0,0.3,1.5,0.3,1.0,1.0,,,,,,,,,,,,,,,,,,,,,,,,,
J90_2.RCP,1,121.16606404958678,0.379547119140625,DE_adaptive_exp_adaptiveCR_withLS,88,1000,1,50.0,60.0,100.0,0.1,0.9,True,True,adaptive,exp,random,True,5.0,0.3,1.5,0.3,1.0,1.0,,,,,,,,,,,,,,,,,,,,,,,,,
J90_2.RCP,0,111.84788223140495,0.37628817558288574,DE_adaptive_exp_adaptiveCR_noLS,88,1000,0,50.0,60.0,100.0,0.1,0.9,True,True,adaptive,exp,random,False,5.0,0.3,1.5,0.3,1.0,1.0,,,,,,,,,,,,,,,,,,,,,,,,,
J90_2.RCP,1,113.41606404958678,0.3767580986022949,DE_adaptive_exp_adaptiveCR_noLS,88,1000,1,50.0,60.0,100.0,0.1,0.9,True,True,adaptive,exp,random,False,5.0,0.3,1.5,0.3,1.0,1.0,,,,,,,,,,,,,,,,,,,,,,,,,
J90_2.RCP,0,100.3933367768595,0.39084696769714355,DE_adaptive_exp_fixedCR_withLS,88,1000,0,50.0,60.0,100.0,0.1,0.9,True,False,adaptive,exp,random,True,5.0,0.3,1.5,0.3,1.0,1.0,,,,,,,,,,,,,,,,,,,,,,,,,
J90_2.RCP,1,101.52970041322314,0.37711215019226074,DE_adaptive_exp_fixedCR_withLS,88,1000,1,50.0,60.0,100.0,0.1,0.9,True,False,adaptive,exp,random,True,5.0,0.3,1.5,0.3,1.0,1.0,,,,,,,,,,,,,,,,,,,,,,,,,
J90_2.RCP,0,110.18879132231405,0.3753490447998047,DE_adaptive_exp_fixedCR_noLS,88,1000,0,50.0,60.0,100.0,0.1,0.9,True,False,adaptive,exp,random,False,5.0,0.3,1.5,0.3,1.0,1.0,,,,,,,,,,,,,,,,,,,,,,,,,
J90_2.RCP,1,109.75697314049586,0.39112401008605957,DE_adaptive_exp_fixedCR_noLS,88,1000,1,50.0,60.0,100.0,0.1,0.9,True,False,adaptive,exp,random,False,5.0,0.3,1.5,0.3,1.0,1.0,,,,,,,,,,,,,,,,,,,,,,,,,
J90_2.RCP,0,111.84788223140495,0.3787848949432373,DE_current-to-rand/2_bin_adaptiveCR_withLS,88,1000,0,50.0,60.0,100.0,0.1,0.9,False,True,current-to-rand/2,bin,random,True,5.0,0.3,1.5,0.3,1.0,1.0,,,,,,,,,,,,,,,,,,,,,,,,,
J90_2.RCP,1,107.84788223140495,0.3819420337677002,DE_current-to-rand/2_bin_adaptiveCR_withLS,88,1000,1,50.0,60.0,100.0,0.1,0.9,False,True,current-to-rand/2,bin,random,True,5.0,0.3,1.5,0.3,1.0,1.0,,,,,,,,,,,,,,,,,,,,,,,,,
J90_2.RCP,0,108.48424586776859,0.3747420310974121,DE_current-to-rand/2_bin_adaptiveCR_noLS,88,1000,0,50.0,60.0,100.0,0.1,0.9,False,True,current-to-rand/2,bin,random,False,5.0,0.3,1.5,0.3,1.0,1.0,,,,,,,,,,,,,,,,,,,,,,,,,
J90_2.RCP,1,108.46151859504131,0.37371277809143066,DE_current-to-rand/2_bin_adaptiveCR_noLS,88,1000,1,50.0,60.0,100.0,0.1,0.9,False,True,current-to-rand/2,bin,random,False,5.0,0.3,1.5,0.3,1.0,1.0,,,,,,,,,,,,,,,,,,,,,,,,,
J90_2.RCP,0,107.50697314049586,0.3774898052215576,DE_current-to-rand/2_bin_fixedCR_withLS,88,1000,0,50.0,60.0,100.0,0.1,0.9,False,False,current-to-rand/2,bin,random,True,5.0,0.3,1.5,0.3,1.0,1.0,,,,,,,,,,,,,,,,,,,,,,,,,
J90_2.RCP,1,102.6433367768595,0.3774898052215576,DE_current-to-rand/2_bin_fixedCR_withLS,88,1000,1,50.0,60.0,100.0,0.1,0.9,False,False,current-to-rand/2,bin,random,True,5.0,0.3,1.5,0.3,1.0,1.0,,,,,,,,,,,,,,,,,,,,,,,,,
J90_2.RCP,0,98.23424586776859,0.3739449977874756,DE_current-to-rand/2_bin_fixedCR_noLS,88,1000,0,50.0,60.0,100.0,0.1,0.9,False,False,current-to-rand/2,bin,random,False,5.0,0.3,1.5,0.3,1.0,1.0,,,,,,,,,,,,,,,,,,,,,,,,,
J90_2.RCP,1,108.87060950413223,0.37349605560302734,DE_current-to-rand/2_bin_fixedCR_noLS,88,1000,1,50.0,60.0,100.0,0.1,0.9,False,False,current-to-rand/2,bin,random,False,5.0,0.3,1.5,0.3,1.0,1.0,,,,,,,,,,,,,,,,,,,,,,,,,
J90_2.RCP,0,114.84788223140495,0.3819279670715332,DE_current-to-rand/2_exp_adaptiveCR_withLS,88,1000,0,50.0,60.0,100.0,0.1,0.9,False,True,current-to-rand/2,exp,random,True,5.0,0.3,1.5,0.3,1.0,1.0,,,,,,,,,,,,,,,,,,,,,,,,,
J90_2.RCP,1,108.48424586776859,0.38229990005493164,DE_current-to-rand/2_exp_adaptiveCR_withLS,88,1000,1,50.0,60.0,100.0,0.1,0.9,False,True,current-to-rand/2,exp,random,True,5.0,0.3,1.5,0.3,1.0,1.0,,,,,,,,,,,,,,,,,,,,,,,,,
J90_2.RCP,0,103.43879132231405,0.38266611099243164,DE_current-to-rand/2_exp_adaptiveCR_noLS,88,1000,0,50.0,60.0,100.0,0.1,0.9,False,True,current-to-rand/2,exp,random,False,5.0,0.3,1.5,0.3,1.0,1.0,,,,,,,,,,,,,,,,,,,,,,,,,
J90_2.RCP,1,108.02970041322314,0.3820221424102783,DE_current-to-rand/2_exp_adaptiveCR_noLS,88,1000,1,50.0,60.0,100.0,0.1,0.9,False,True,current-to-rand/2,exp,random,False,5.0,0.3,1.5,0.3,1.0,1.0,,,,,,,,,,,,,,,,,,,,,,,,,
J90_2.RCP,0,110.09788223140495,0.37984514236450195,DE_current-to-rand/2_exp_fixedCR_withLS,88,1000,0,50.0,60.0,100.0,0.1,0.9,False,False,current-to-rand/2,exp,random,True,5.0,0.3,1.5,0.3,1.0,1.0,,,,,,,,,,,,,,,,,,,,,,,,,
J90_2.RCP,1,107.12060950413223,0.3785591125488281,DE_current-to-rand/2_exp_fixedCR_withLS,88,1000,1,50.0,60.0,100.0,0.1,0.9,False,False,current-to-rand/2,exp,random,True,5.0,0.3,1.5,0.3,1.0,1.0,,,,,,,,,,,,,,,,,,,,,,,,,
J90_2.RCP,0,109.37060950413223,0.37638306617736816,DE_current-to-rand/2_exp_fixedCR_noLS,88,1000,0,50.0,60.0,100.0,0.1,0.9,False,False,current-to-rand/2,exp,random,False,5.0,0.3,1.5,0.3,1.0,1.0,,,,,,,,,,,,,,,,,,,,,,,,,
J90_2.RCP,1,103.64333677685953,0.3760488033294678,DE_current-to-rand/2_exp_fixedCR_noLS,88,1000,1,50.0,60.0,100.0,0.1,0.9,False,False,current-to-rand/2,exp,random,False,5.0,0.3,1.5,0.3,1.0,1.0,,,,,,,,,,,,,,,,,,,,,,,,,
J90_2.RCP,0,128.52970041322314,0.34061312675476074,GA_roulette_single_point_random_random_withLS_withNeighborhood,88,1000,0,50.0,60.0,,,,,,random,single_point,random,True,,,,,,,0.9,0.1,roulette,3.0,True,False,0.5,0.1,0.35,5.0,2.0,,,,,,,,,,,,,,
J90_2.RCP,1,120.5524276859504,0.34209609031677246,GA_roulette_single_point_random_random_withLS_withNeighborhood,88,1000,1,50.0,60.0,,,,,,random,single_point,random,True,,,,,,,0.9,0.1,roulette,3.0,True,False,0.5,0.1,0.35,5.0,2.0,,,,,,,,,,,,,,
J90_2.RCP,0,128.52970041322314,0.34281015396118164,GA_roulette_single_point_random_random_withLS_noNeighborhood,88,1000,0,50.0,60.0,,,,,,random,single_point,random,True,,,,,,,0.9,0.1,roulette,3.0,True,False,0.5,0.1,0.35,5.0,0.0,,,,,,,,,,,,,,
J90_2.RCP,1,120.5524276859504,0.3419220447540283,GA_roulette_single_point_random_random_withLS_noNeighborhood,88,1000,1,50.0,60.0,,,,,,random,single_point,random,True,,,,,,,0.9,0.1,roulette,3.0,True,False,0.5,0.1,0.35,5.0,0.0,,,,,,,,,,,,,,
J90_2.RCP,0,111.1433367768595,0.48906803131103516,GA_roulette_single_point_random_random_noLS_withNeighborhood,88,1000,0,50.0,60.0,,,,,,random,single_point,random,False,,,,,,,0.9,0.1,roulette,3.0,True,False,0.5,0.1,0.35,5.0,2.0,,,,,,,,,,,,,,
J90_2.RCP,1,118.23424586776859,0.48952198028564453,GA_roulette_single_point_random_random_noLS_withNeighborhood,88,1000,1,50.0,60.0,,,,,,random,single_point,random,False,,,,,,,0.9,0.1,roulette,3.0,True,False,0.5,0.1,0.35,5.0,2.0,,,,,,,,,,,,,,
J90_2.RCP,0,111.1433367768595,0.4875059127807617,GA_roulette_single_point_random_random_noLS_noNeighborhood,88,1000,0,50.0,60.0,,,,,,random,single_point,random,False,,,,,,,0.9,0.1,roulette,3.0,True,False,0.5,0.1,0.35,5.0,0.0,,,,,,,,,,,,,,
J90_2.RCP,1,118.23424586776859,0.4896218776702881,GA_roulette_single_point_random_random_noLS_noNeighborhood,88,1000,1,50.0,60.0,,,,,,random,single_point,random,False,,,,,,,0.9,0.1,roulette,3.0,True,False,0.5,0.1,0.35,5.0,0.0,,,,,,,,,,,,,,
J90_2.RCP,0,123.32515495867769,0.3446810245513916,GA_roulette_single_point_random_heuristic_withLS_withNeighborhood,88,1000,0,50.0,60.0,,,,,,random,single_point,heuristic,True,,,,,,,0.9,0.1,roulette,3.0,True,False,0.5,0.1,0.35,5.0,2.0,,,,,,,,,,,,,,
J90_2.RCP,1,118.00697314049586,0.3465430736541748,GA_roulette_single_point_random_heuristic_withLS_withNeighborhood,88,1000,1,50.0,60.0,,,,,,random,single_point,heuristic,True,,,,,,,0.9,0.1,roulette,3.0,True,False,0.5,0.1,0.35,5.0,2.0,,,,,,,,,,,,,,
J90_2.RCP,0,123.32515495867769,0.3449831008911133,GA_roulette_single_point_random_heuristic_withLS_noNeighborhood,88,1000,0,50.0,60.0,,,,,,random,single_point,heuristic,True,,,,,,,0.9,0.1,roulette,3.0,True,False,0.5,0.1,0.35,5.0,0.0,,,,,,,,,,,,,,
J90_2.RCP,1,118.00697314049586,0.34566402435302734,GA_roulette_single_point_random_heuristic_withLS_noNeighborhood,88,1000,1,50.0,60.0,,,,,,random,single_point,heuristic,True,,,,,,,0.9,0.1,roulette,3.0,True,False,0.5,0.1,0.35,5.0,0.0,,,,,,,,,,,,,,
J90_2.RCP,0,110.21151859504131,0.491898775100708,GA_roulette_single_point_random_heuristic_noLS_withNeighborhood,88,1000,0,50.0,60.0,,,,,,random,single_point,heuristic,False,,,,,,,0.9,0.1,roulette,3.0,True,False,0.5,0.1,0.35,5.0,2.0,,,,,,,,,,,,,,
J90_2.RCP,1,118.00697314049586,0.4919588565826416,GA_roulette_single_point_random_heuristic_noLS_withNeighborhood,88,1000,1,50.0,60.0,,,,,,random,single_point,heuristic,False,,,,,,,0.9,0.1,roulette,3.0,True,False,0.5,0.1,0.35,5.0,2.0,,,,,,,,,,,,,,
J90_2.RCP,0,110.21151859504131,0.4934110641479492,GA_roulette_single_point_random_heuristic_noLS_noNeighborhood,88,1000,0,50.0,60.0,,,,,,random,single_point,heuristic,False,,,,,,,0.9,0.1,roulette,3.0,True,False,0.5,0.1,0.35,5.0,0.0,,,,,,,,,,,,,,
J90_2.RCP,1,118.00697314049586,0.4913289546966553,GA_roulette_single_point_random_heuristic_noLS_noNeighborhood,88,1000,1,50.0,60.0,,,,,,random,single_point,heuristic,False,,,,,,,0.9,0.1,roulette,3.0,True,False,0.5,0.1,0.35,5.0,0.0,,,,,,,,,,,,,,
J90_2.RCP,0,114.8933367768595,0.3487670421600342,GA_roulette_single_point_adaptive_random_withLS_withNeighborhood,88,1000,0,50.0,60.0,,,,,,adaptive,single_point,random,True,,,,,,,0.9,0.1,roulette,3.0,True,False,0.5,0.1,0.35,5.0,2.0,,,,,,,,,,,,,,
J90_2.RCP,1,124.12060950413223,0.34772706031799316,GA_roulette_single_point_adaptive_random_withLS_withNeighborhood,88,1000,1,50.0,60.0,,,,,,adaptive,single_point,random,True,,,,,,,0.9,0.1,roulette,3.0,True,False,0.5,0.1,0.35,5.0,2.0,,,,,,,,,,,,,,
J90_2.RCP,0,114.8933367768595,0.35122013092041016,GA_roulette_single_point_adaptive_random_withLS_noNeighborhood,88,1000,0,50.0,60.0,,,,,,adaptive,single_point,random,True,,,,,,,0.9,0.1,roulette,3.0,True,False,0.5,0.1,0.35,5.0,0.0,,,,,,,,,,,,,,
J90_2.RCP,1,124.12060950413223,0.34923386573791504,GA_roulette_single_point_adaptive_random_withLS_noNeighborhood,88,1000,1,50.0,60.0,,,,,,adaptive,single_point,random,True,,,,,,,0.9,0.1,roulette,3.0,True,False,0.5,0.1,0.35,5.0,0.0,,,,,,,,,,,,,,
J90_2.RCP,0,113.6433367768595,0.5196008682250977,GA_roulette_single_point_adaptive_random_noLS_withNeighborhood,88,1000,0,50.0,60.0,,,,,,adaptive,single_point,random,False,,,,,,,0.9,0.1,roulette,3.0,True,False,0.5,0.1,0.35,5.0,2.0,,,,,,,,,,,,,,
J90_2.RCP,1,118.66606404958678,0.5140039920806885,GA_roulette_single_point_adaptive_random_noLS_withNeighborhood,88,1000,1,50.0,60.0,,,,,,adaptive,single_point,random,False,,,,,,,0.9,0.1,roulette,3.0,True,False,0.5,0.1,0.35,5.0,2.0,,,,,,,,,,,,,,
J90_2.RCP,0,113.6433367768595,0.5177297592163086,GA_roulette_single_point_adaptive_random_noLS_noNeighborhood,88,1000,0,50.0,60.0,,,,,,adaptive,single_point,random,False,,,,,,,0.9,0.1,roulette,3.0,True,False,0.5,0.1,0.35,5.0,0.0,,,,,,,,,,,,,,
J90_2.RCP,1,118.66606404958678,0.513641357421875,GA_roulette_single_point_adaptive_random_noLS_noNeighborhood,88,1000,1,50.0,60.0,,,,,,adaptive,single_point,random,False,,,,,,,0.9,0.1,roulette,3.0,True,False,0.5,0.1,0.35,5.0,0.0,,,,,,,,,,,,,,
J90_2.RCP,0,123.32515495867769,0.3509988784790039,GA_roulette_single_point_adaptive_heuristic_withLS_withNeighborhood,88,1000,0,50.0,60.0,,,,,,adaptive,single_point,heuristic,True,,,,,,,0.9,0.1,roulette,3.0,True,False,0.5,0.1,0.35,5.0,2.0,,,,,,,,,,,,,,
J90_2.RCP,1,124.6433367768595,0.35224294662475586,GA_roulette_single_point_adaptive_heuristic_withLS_withNeighborhood,88,1000,1,50.0,60.0,,,,,,adaptive,single_point,heuristic,True,,,,,,,0.9,0.1,roulette,3.0,True,False,0.5,0.1,0.35,5.0,2.0,,,,,,,,,,,,,,
J90_2.RCP,0,123.32515495867769,0.3521108627319336,GA_roulette_single_point_adaptive_heuristic_withLS_noNeighborhood,88,1000,0,50.0,60.0,,,,,,adaptive,single_point,heuristic,True,,,,,,,0.9,0.1,roulette,3.0,True,False,0.5,0.1,0.35,5.0,0.0,,,,,,,,,,,,,,
J90_2.RCP,1,124.6433367768595,0.35236120223999023,GA_roulette_single_point_adaptive_heuristic_withLS_noNeighborhood,88,1000,1,50.0,60.0,,,,,,adaptive,single_point,heuristic,True,,,,,,,0.9,0.1,roulette,3.0,True,False,0.5,0.1,0.35,5.0,0.0,,,,,,,,,,,,,,
J90_2.RCP,0,112.25697314049586,0.5184111595153809,GA_roulette_single_point_adaptive_heuristic_noLS_withNeighborhood,88,1000,0,50.0,60.0,,,,,,adaptive,single_point,heuristic,False,,,,,,,0.9,0.1,roulette,3.0,True,False,0.5,0.1,0.35,5.0,2.0,,,,,,,,,,,,,,
J90_2.RCP,1,116.82515495867769,0.5205540657043457,GA_roulette_single_point_adaptive_heuristic_noLS_withNeighborhood,88,1000,1,50.0,60.0,,,,,,adaptive,single_point,heuristic,False,,,,,,,0.9,0.1,roulette,3.0,True,False,0.5,0.1,0.35,5.0,2.0,,,,,,,,,,,,,,
J90_2.RCP,0,112.25697314049586,0.5297179222106934,GA_roulette_single_point_adaptive_heuristic_noLS_noNeighborhood,88,1000,0,50.0,60.0,,,,,,adaptive,single_point,heuristic,False,,,,,,,0.9,0.1,roulette,3.0,True,False,0.5,0.1,0.35,5.0,0.0,,,,,,,,,,,,,,
J90_2.RCP,1,116.82515495867769,0.5371270179748535,GA_roulette_single_point_adaptive_heuristic_noLS_noNeighborhood,88,1000,1,50.0,60.0,,,,,,adaptive,single_point,heuristic,False,,,,,,,0.9,0.1,roulette,3.0,True,False,0.5,0.1,0.35,5.0,0.0,,,,,,,,,,,,,,
J90_2.RCP,0,127.0524276859504,0.34174323081970215,GA_roulette_two_point_random_random_withLS_withNeighborhood,88,1000,0,50.0,60.0,,,,,,random,two_point,random,True,,,,,,,0.9,0.1,roulette,3.0,True,False,0.5,0.1,0.35,5.0,2.0,,,,,,,,,,,,,,
J90_2.RCP,1,127.1433367768595,0.34111499786376953,GA_roulette_two_point_random_random_withLS_withNeighborhood,88,1000,1,50.0,60.0,,,,,,random,two_point,random,True,,,,,,,0.9,0.1,roulette,3.0,True,False,0.5,0.1,0.35,5.0,2.0,,,,,,,,,,,,,,
J90_2.RCP,0,127.0524276859504,0.3450169563293457,GA_roulette_two_point_random_random_withLS_noNeighborhood,88,1000,0,50.0,60.0,,,,,,random,two_point,random,True,,,,,,,0.9,0.1,roulette,3.0,True,False,0.5,0.1,0.35,5.0,0.0,,,,,,,,,,,,,,
J90_2.RCP,1,127.1433367768595,0.3535468578338623,GA_roulette_two_point_random_random_withLS_noNeighborhood,88,1000,1,50.0,60.0,,,,,,random,two_point,random,True,,,,,,,0.9,0.1,roulette,3.0,True,False,0.5,0.1,0.35,5.0,0.0,,,,,,,,,,,,,,
J90_2.RCP,0,118.32515495867769,0.4990813732147217,GA_roulette_two_point_random_random_noLS_withNeighborhood,88,1000,0,50.0,60.0,,,,,,random,two_point,random,False,,,,,,,0.9,0.1,roulette,3.0,True,False,0.5,0.1,0.35,5.0,2.0,,,,,,,,,,,,,,
J90_2.RCP,1,117.32515495867769,0.4992220401763916,GA_roulette_two_point_random_random_noLS_withNeighborhood,88,1000,1,50.0,60.0,,,,,,random,two_point,random,False,,,,,,,0.9,0.1,roulette,3.0,True,False,0.5,0.1,0.35,5.0,2.0,,,,,,,,,,,,,,
J90_2.RCP,0,118.32515495867769,0.4982428550720215,GA_roulette_two_point_random_random_noLS_noNeighborhood,88,1000,0,50.0,60.0,,,,,,random,two_point,random,False,,,,,,,0.9,0.1,roulette,3.0,True,False,0.5,0.1,0.35,5.0,0.0,,,,,,,,,,,,,,
J90_2.RCP,1,117.32515495867769,0.49753808975219727,GA_roulette_two_point_random_random_noLS_noNeighborhood,88,1000,1,50.0,60.0,,,,,,random,two_point,random,False,,,,,,,0.9,0.1,roulette,3.0,True,False,0.5,0.1,0.35,5.0,0.0,,,,,,,,,,,,,,
J90_2.RCP,0,123.32515495867769,0.3494699001312256,GA_roulette_two_point_random_heuristic_withLS_withNeighborhood,88,1000,0,50.0,60.0,,,,,,random,two_point,heuristic,True,,,,,,,0.9,0.1,roulette,3.0,True,False,0.5,0.1,0.35,5.0,2.0,,,,,,,,,,,,,,
J90_2.RCP,1,126.07515495867769,0.3440978527069092,GA_roulette_two_point_random_heuristic_withLS_withNeighborhood,88,1000,1,50.0,60.0,,,,,,random,two_point,heuristic,True,,,,,,,0.9,0.1,roulette,3.0,True,False,0.5,0.1,0.35,5.0,2.0,,,,,,,,,,,,,,
J90_2.RCP,0,123.32515495867769,0.3506608009338379,GA_roulette_two_point_random_heuristic_withLS_noNeighborhood,88,1000,0,50.0,60.0,,,,,,random,two_point,heuristic,True,,,,,,,0.9,0.1,roulette,3.0,True,False,0.5,0.1,0.35,5.0,0.0,,,,,,,,,,,,,,
J90_2.RCP,1,126.07515495867769,0.34659910202026367,GA_roulette_two_point_random_heuristic_withLS_noNeighborhood,88,1000,1,50.0,60.0,,,,,,random,two_point,heuristic,True,,,,,,,0.9,0.1,roulette,3.0,True,False,0.5,0.1,0.35,5.0,0.0,,,,,,,,,,,,,,
J90_2.RCP,0,118.71151859504131,0.5052781105041504,GA_roulette_two_point_random_heuristic_noLS_withNeighborhood,88,1000,0,50.0,60.0,,,,,,random,two_point,heuristic,False,,,,,,,0.9,0.1,roulette,3.0,True,False,0.5,0.1,0.35,5.0,2.0,,,,,,,,,,,,,,
J90_2.RCP,1,120.8933367768595,0.49371814727783203,GA_roulette_two_point_random_heuristic_noLS_withNeighborhood,88,1000,1,50.0,60.0,,,,,,random,two_point,heuristic,False,,,,,,,0.9,0.1,roulette,3.0,True,False,0.5,0.1,0.35,5.0,2.0,,,,,,,,,,,,,,
J90_2.RCP,0,118.71151859504131,0.4960010051727295,GA_roulette_two_point_random_heuristic_noLS_noNeighborhood,88,1000,0,50.0,60.0,,,,,,random,two_point,heuristic,False,,,,,,,0.9,0.1,roulette,3.0,True,False,0.5,0.1,0.35,5.0,0.0,,,,,,,,,,,,,,
J90_2.RCP,1,120.8933367768595,0.4985237121582031,GA_roulette_two_point_random_heuristic_noLS_noNeighborhood,88,1000,1,50.0,60.0,,,,,,random,two_point,heuristic,False,,,,,,,0.9,0.1,roulette,3.0,True,False,0.5,0.1,0.35,5.0,0.0,,,,,,,,,,,,,,
J90_2.RCP,0,118.25697314049586,0.36316394805908203,GA_roulette_two_point_adaptive_random_withLS_withNeighborhood,88,1000,0,50.0,60.0,,,,,,adaptive,two_point,random,True,,,,,,,0.9,0.1,roulette,3.0,True,False,0.5,0.1,0.35,5.0,2.0,,,,,,,,,,,,,,
J90_2.RCP,1,125.27970041322314,0.34929394721984863,GA_roulette_two_point_adaptive_random_withLS_withNeighborhood,88,1000,1,50.0,60.0,,,,,,adaptive,two_point,random,True,,,,,,,0.9,0.1,roulette,3.0,True,False,0.5,0.1,0.35,5.0,2.0,,,,,,,,,,,,,,
J90_2.RCP,0,118.25697314049586,0.34956884384155273,GA_roulette_two_point_adaptive_random_withLS_noNeighborhood,88,1000,0,50.0,60.0,,,,,,adaptive,two_point,random,True,,,,,,,0.9,0.1,roulette,3.0,True,False,0.5,0.1,0.35,5.0,0.0,,,,,,,,,,,,,,
J90_2.RCP,1,125.27970041322314,0.35102319717407227,GA_roulette_two_point_adaptive_random_withLS_noNeighborhood,88,1000,1,50.0,60.0,,,,,,adaptive,two_point,random,True,,,,,,,0.9,0.1,roulette,3.0,True,False,0.5,0.1,0.35,5.0,0.0,,,,,,,,,,,,,,
J90_2.RCP,0,115.37060950413223,0.5212581157684326,GA_roulette_two_point_adaptive_random_noLS_withNeighborhood,88,1000,0,50.0,60.0,,,,,,adaptive,two_point,random,False,,,,,,,0.9,0.1,roulette,3.0,True,False,0.5,0.1,0.35,5.0,2.0,,,,,,,,,,,,,,
J90_2.RCP,1,111.59788223140495,0.5254898071289062,GA_roulette_two_point_adaptive_random_noLS_withNeighborhood,88,1000,1,50.0,60.0,,,,,,adaptive,two_point,random,False,,,,,,,0.9,0.1,roulette,3.0,True,False,0.5,0.1,0.35,5.0,2.0,,,,,,,,,,,,,,
J90_2.RCP,0,115.37060950413223,0.5260639190673828,GA_roulette_two_point_adaptive_random_noLS_noNeighborhood,88,1000,0,50.0,60.0,,,,,,adaptive,two_point,random,False,,,,,,,0.9,0.1,roulette,3.0,True,False,0.5,0.1,0.35,5.0,0.0,,,,,,,,,,,,,,
J90_2.RCP,1,111.59788223140495,0.5180280208587646,GA_roulette_two_point_adaptive_random_noLS_noNeighborhood,88,1000,1,50.0,60.0,,,,,,adaptive,two_point,random,False,,,,,,,0.9,0.1,roulette,3.0,True,False,0.5,0.1,0.35,5.0,0.0,,,,,,,,,,,,,,
J90_2.RCP,0,122.82515495867769,0.35349202156066895,GA_roulette_two_point_adaptive_heuristic_withLS_withNeighborhood,88,1000,0,50.0,60.0,,,,,,adaptive,two_point,heuristic,True,,,,,,,0.9,0.1,roulette,3.0,True,False,0.5,0.1,0.35,5.0,2.0,,,,,,,,,,,,,,
J90_2.RCP,1,129.12060950413223,0.35253000259399414,GA_roulette_two_point_adaptive_heuristic_withLS_withNeighborhood,88,1000,1,50.0,60.0,,,,,,adaptive,two_point,heuristic,True,,,,,,,0.9,0.1,roulette,3.0,True,False,0.5,0.1,0.35,5.0,2.0,,,,,,,,,,,,,,
J90_2.RCP,0,122.82515495867769,0.3581359386444092,GA_roulette_two_point_adaptive_heuristic_withLS_noNeighborhood,88,1000,0,50.0,60.0,,,,,,adaptive,two_point,heuristic,True,,,,,,,0.9,0.1,roulette,3.0,True,False,0.5,0.1,0.35,5.0,0.0,,,,,,,,,,,,,,
J90_2.RCP,1,129.12060950413223,0.35303568840026855,GA_roulette_two_point_adaptive_heuristic_withLS_noNeighborhood,88,1000,1,50.0,60.0,,,,,,adaptive,two_point,heuristic,True,,,,,,,0.9,0.1,roulette,3.0,True,False,0.5,0.1,0.35,5.0,0.0,,,,,,,,,,,,,,
J90_2.RCP,0,112.82515495867769,0.5236010551452637,GA_roulette_two_point_adaptive_heuristic_noLS_withNeighborhood,88,1000,0,50.0,60.0,,,,,,adaptive,two_point,heuristic,False,,,,,,,0.9,0.1,roulette,3.0,True,False,0.5,0.1,0.35,5.0,2.0,,,,,,,,,,,,,,
J90_2.RCP,1,120.82515495867769,0.5224478244781494,GA_roulette_two_point_adaptive_heuristic_noLS_withNeighborhood,88,1000,1,50.0,60.0,,,,,,adaptive,two_point,heuristic,False,,,,,,,0.9,0.1,roulette,3.0,True,False,0.5,0.1,0.35,5.0,2.0,,,,,,,,,,,,,,
J90_2.RCP,0,112.82515495867769,0.5228018760681152,GA_roulette_two_point_adaptive_heuristic_noLS_noNeighborhood,88,1000,0,50.0,60.0,,,,,,adaptive,two_point,heuristic,False,,,,,,,0.9,0.1,roulette,3.0,True,False,0.5,0.1,0.35,5.0,0.0,,,,,,,,,,,,,,
J90_2.RCP,1,120.82515495867769,0.5232200622558594,GA_roulette_two_point_adaptive_heuristic_noLS_noNeighborhood,88,1000,1,50.0,60.0,,,,,,adaptive,two_point,heuristic,False,,,,,,,0.9,0.1,roulette,3.0,True,False,0.5,0.1,0.35,5.0,0.0,,,,,,,,,,,,,,
J90_2.RCP,0,128.52970041322314,6.840887069702148,GA_roulette_rcx_random_random_withLS_withNeighborhood,88,1000,0,50.0,60.0,,,,,,random,rcx,random,True,,,,,,,0.9,0.1,roulette,3.0,True,False,0.5,0.1,0.35,5.0,2.0,,,,,,,,,,,,,,
J90_2.RCP,1,127.1433367768595,6.939855098724365,GA_roulette_rcx_random_random_withLS_withNeighborhood,88,1000,1,50.0,60.0,,,,,,random,rcx,random,True,,,,,,,0.9,0.1,roulette,3.0,True,False,0.5,0.1,0.35,5.0,2.0,,,,,,,,,,,,,,
J90_2.RCP,0,128.52970041322314,6.827702045440674,GA_roulette_rcx_random_random_withLS_noNeighborhood,88,1000,0,50.0,60.0,,,,,,random,rcx,random,True,,,,,,,0.9,0.1,roulette,3.0,True,False,0.5,0.1,0.35,5.0,0.0,,,,,,,,,,,,,,
J90_2.RCP,1,127.1433367768595,6.985623836517334,GA_roulette_rcx_random_random_withLS_noNeighborhood,88,1000,1,50.0,60.0,,,,,,random,rcx,random,True,,,,,,,0.9,0.1,roulette,3.0,True,False,0.5,0.1,0.35,5.0,0.0,,,,,,,,,,,,,,
J90_2.RCP,0,114.84788223140495,26.47338628768921,GA_roulette_rcx_random_random_noLS_withNeighborhood,88,1000,0,50.0,60.0,,,,,,random,rcx,random,False,,,,,,,0.9,0.1,roulette,3.0,True,False,0.5,0.1,0.35,5.0,2.0,,,,,,,,,,,,,,
J90_2.RCP,1,113.16606404958678,26.754223108291626,GA_roulette_rcx_random_random_noLS_withNeighborhood,88,1000,1,50.0,60.0,,,,,,random,rcx,random,False,,,,,,,0.9,0.1,roulette,3.0,True,False,0.5,0.1,0.35,5.0,2.0,,,,,,,,,,,,,,
J90_2.RCP,0,114.84788223140495,26.58976411819458,GA_roulette_rcx_random_random_noLS_noNeighborhood,88,1000,0,50.0,60.0,,,,,,random,rcx,random,False,,,,,,,0.9,0.1,roulette,3.0,True,False,0.5,0.1,0.35,5.0,0.0,,,,,,,,,,,,,,
J90_2.RCP,1,113.16606404958678,26.721930980682373,GA_roulette_rcx_random_random_noLS_noNeighborhood,88,1000,1,50.0,60.0,,,,,,random,rcx,random,False,,,,,,,0.9,0.1,roulette,3.0,True,False,0.5,0.1,0.35,5.0,0.0,,,,,,,,,,,,,,
J90_2.RCP,0,123.32515495867769,7.184545993804932,GA_roulette_rcx_random_heuristic_withLS_withNeighborhood,88,1000,0,50.0,60.0,,,,,,random,rcx,heuristic,True,,,,,,,0.9,0.1,roulette,3.0,True,False,0.5,0.1,0.35,5.0,2.0,,,,,,,,,,,,,,
J90_2.RCP,1,125.07515495867769,7.020462989807129,GA_roulette_rcx_random_heuristic_withLS_withNeighborhood,88,1000,1,50.0,60.0,,,,,,random,rcx,heuristic,True,,,,,,,0.9,0.1,roulette,3.0,True,False,0.5,0.1,0.35,5.0,2.0,,,,,,,,,,,,,,
J90_2.RCP,0,123.32515495867769,7.015955924987793,GA_roulette_rcx_random_heuristic_withLS_noNeighborhood,88,1000,0,50.0,60.0,,,,,,random,rcx,heuristic,True,,,,,,,0.9,0.1,roulette,3.0,True,False,0.5,0.1,0.35,5.0,0.0,,,,,,,,,,,,,,
J90_2.RCP,1,125.07515495867769,6.994642972946167,GA_roulette_rcx_random_heuristic_withLS_noNeighborhood,88,1000,1,50.0,60.0,,,,,,random,rcx,heuristic,True,,,,,,,0.9,0.1,roulette,3.0,True,False,0.5,0.1,0.35,5.0,0.0,,,,,,,,,,,,,,
J90_2.RCP,0,108.77970041322314,27.303333282470703,GA_roulette_rcx_random_heuristic_noLS_withNeighborhood,88,1000,0,50.0,60.0,,,,,,random,rcx,heuristic,False,,,,,,,0.9,0.1,roulette,3.0,True,False,0.5,0.1,0.35,5.0,2.0,,,,,,,,,,,,,,
J90_2.RCP,1,120.32515495867769,26.913539171218872,GA_roulette_rcx_random_heuristic_noLS_withNeighborhood,88,1000,1,50.0,60.0,,,,,,random,rcx,heuristic,False,,,,,,,0.9,0.1,roulette,3.0,True,False,0.5,0.1,0.35,5.0,2.0,,,,,,,,,,,,,,
J90_2.RCP,0,108.77970041322314,27.11047124862671,GA_roulette_rcx_random_heuristic_noLS_noNeighborhood,88,1000,0,50.0,60.0,,,,,,random,rcx,heuristic,False,,,,,,,0.9,0.1,roulette,3.0,True,False,0.5,0.1,0.35,5.0,0.0,,,,,,,,,,,,,,
J90_2.RCP,1,120.32515495867769,26.787933111190796,GA_roulette_rcx_random_heuristic_noLS_noNeighborhood,88,1000,1,50.0,60.0,,,,,,random,rcx,heuristic,False,,,,,,,0.9,0.1,roulette,3.0,True,False,0.5,0.1,0.35,5.0,0.0,,,,,,,,,,,,,,
J90_2.RCP,0,123.43879132231405,7.250324010848999,GA_roulette_rcx_adaptive_random_withLS_withNeighborhood,88,1000,0,50.0,60.0,,,,,,adaptive,rcx,random,True,,,,,,,0.9,0.1,roulette,3.0,True,False,0.5,0.1,0.35,5.0,2.0,,,,,,,,,,,,,,
J90_2.RCP,1,122.50697314049586,6.643502235412598,GA_roulette_rcx_adaptive_random_withLS_withNeighborhood,88,1000,1,50.0,60.0,,,,,,adaptive,rcx,random,True,,,,,,,0.9,0.1,roulette,3.0,True,False,0.5,0.1,0.35,5.0,2.0,,,,,,,,,,,,,,
J90_2.RCP,0,123.43879132231405,6.9084508419036865,GA_roulette_rcx_adaptive_random_withLS_noNeighborhood,88,1000,0,50.0,60.0,,,,,,adaptive,rcx,random,True,,,,,,,0.9,0.1,roulette,3.0,True,False,0.5,0.1,0.35,5.0,0.0,,,,,,,,,,,,,,
J90_2.RCP,1,122.50697314049586,6.850437879562378,GA_roulette_rcx_adaptive_random_withLS_noNeighborhood,88,1000,1,50.0,60.0,,,,,,adaptive,rcx,random,True,,,,,,,0.9,0.1,roulette,3.0,True,False,0.5,0.1,0.35,5.0,0.0,,,,,,,,,,,,,,
J90_2.RCP,0,116.84788223140498,26.667629957199097,GA_roulette_rcx_adaptive_random_noLS_withNeighborhood,88,1000,0,50.0,60.0,,,,,,adaptive,rcx,random,False,,,,,,,0.9,0.1,roulette,3.0,True,False,0.5,0.1,0.35,5.0,2.0,,,,,,,,,,,,,,
J90_2.RCP,1,114.75697314049586,25.805500030517578,GA_roulette_rcx_adaptive_random_noLS_withNeighborhood,88,1000,1,50.0,60.0,,,,,,adaptive,rcx,random,False,,,,,,,0.9,0.1,roulette,3.0,True,False,0.5,0.1,0.35,5.0,2.0,,,,,,,,,,,,,,
J90_2.RCP,0,116.84788223140498,26.43058490753174,GA_roulette_rcx_adaptive_random_noLS_noNeighborhood,88,1000,0,50.0,60.0,,,,,,adaptive,rcx,random,False,,,,,,,0.9,0.1,roulette,3.0,True,False,0.5,0.1,0.35,5.0,0.0,,,,,,,,,,,,,,
J90_2.RCP,1,114.75697314049586,25.735305070877075,GA_roulette_rcx_adaptive_random_noLS_noNeighborhood,88,1000,1,50.0,60.0,,,,,,adaptive,rcx,random,False,,,,,,,0.9,0.1,roulette,3.0,True,False,0.5,0.1,0.35,5.0,0.0,,,,,,,,,,,,,,
J90_2.RCP,0,123.32515495867769,6.703360080718994,GA_roulette_rcx_adaptive_heuristic_withLS_withNeighborhood,88,1000,0,50.0,60.0,,,,,,adaptive,rcx,heuristic,True,,,,,,,0.9,0.1,roulette,3.0,True,False,0.5,0.1,0.35,5.0,2.0,,,,,,,,,,,,,,
J90_2.RCP,1,115.18879132231405,6.873708009719849,GA_roulette_rcx_adaptive_heuristic_withLS_withNeighborhood,88,1000,1,50.0,60.0,,,,,,adaptive,rcx,heuristic,True,,,,,,,0.9,0.1,roulette,3.0,True,False,0.5,0.1,0.35,5.0,2.0,,,,,,,,,,,,,,
J90_2.RCP,0,123.32515495867769,6.612461090087891,GA_roulette_rcx_adaptive_heuristic_withLS_noNeighborhood,88,1000,0,50.0,60.0,,,,,,adaptive,rcx,heuristic,True,,,,,,,0.9,0.1,roulette,3.0,True,False,0.5,0.1,0.35,5.0,0.0,,,,,,,,,,,,,,
J90_2.RCP,1,115.18879132231405,6.680906057357788,GA_roulette_rcx_adaptive_heuristic_withLS_noNeighborhood,88,1000,1,50.0,60.0,,,,,,adaptive,rcx,heuristic,True,,,,,,,0.9,0.1,roulette,3.0,True,False,0.5,0.1,0.35,5.0,0.0,,,,,,,,,,,,,,
J90_2.RCP,0,117.46151859504131,25.967405796051025,GA_roulette_rcx_adaptive_heuristic_noLS_withNeighborhood,88,1000,0,50.0,60.0,,,,,,adaptive,rcx,heuristic,False,,,,,,,0.9,0.1,roulette,3.0,True,False,0.5,0.1,0.35,5.0,2.0,,,,,,,,,,,,,,
J90_2.RCP,1,115.18879132231405,26.04247808456421,GA_roulette_rcx_adaptive_heuristic_noLS_withNeighborhood,88,1000,1,50.0,60.0,,,,,,adaptive,rcx,heuristic,False,,,,,,,0.9,0.1,roulette,3.0,True,False,0.5,0.1,0.35,5.0,2.0,,,,,,,,,,,,,,
J90_2.RCP,0,117.46151859504131,26.6308491230011,GA_roulette_rcx_adaptive_heuristic_noLS_noNeighborhood,88,1000,0,50.0,60.0,,,,,,adaptive,rcx,heuristic,False,,,,,,,0.9,0.1,roulette,3.0,True,False,0.5,0.1,0.35,5.0,0.0,,,,,,,,,,,,,,
J90_2.RCP,1,115.18879132231405,26.086094856262207,GA_roulette_rcx_adaptive_heuristic_noLS_noNeighborhood,88,1000,1,50.0,60.0,,,,,,adaptive,rcx,heuristic,False,,,,,,,0.9,0.1,roulette,3.0,True,False,0.5,0.1,0.35,5.0,0.0,,,,,,,,,,,,,,
J90_2.RCP,0,122.52970041322314,0.3520019054412842,GA_roulette_hybrid_random_random_withLS_withNeighborhood,88,1000,0,50.0,60.0,,,,,,random,hybrid,random,True,,,,,,,0.9,0.1,roulette,3.0,True,False,0.5,0.1,0.35,5.0,2.0,,,,,,,,,,,,,,
J90_2.RCP,1,127.1433367768595,0.34619784355163574,GA_roulette_hybrid_random_random_withLS_withNeighborhood,88,1000,1,50.0,60.0,,,,,,random,hybrid,random,True,,,,,,,0.9,0.1,roulette,3.0,True,False,0.5,0.1,0.35,5.0,2.0,,,,,,,,,,,,,,
J90_2.RCP,0,122.52970041322314,0.3422729969024658,GA_roulette_hybrid_random_random_withLS_noNeighborhood,88,1000,0,50.0,60.0,,,,,,random,hybrid,random,True,,,,,,,0.9,0.1,roulette,3.0,True,False,0.5,0.1,0.35,5.0,0.0,,,,,,,,,,,,,,
J90_2.RCP,1,127.1433367768595,0.3446998596191406,GA_roulette_hybrid_random_random_withLS_noNeighborhood,88,1000,1,50.0,60.0,,,,,,random,hybrid,random,True,,,,,,,0.9,0.1,roulette,3.0,True,False,0.5,0.1,0.35,5.0,0.0,,,,,,,,,,,,,,
J90_2.RCP,0,122.18879132231405,0.4997098445892334,GA_roulette_hybrid_random_random_noLS_withNeighborhood,88,1000,0,50.0,60.0,,,,,,random,hybrid,random,False,,,,,,,0.9,0.1,roulette,3.0,True,False,0.5,0.1,0.35,5.0,2.0,,,,,,,,,,,,,,
J90_2.RCP,1,117.21151859504131,0.4861562252044678,GA_roulette_hybrid_random_random_noLS_withNeighborhood,88,1000,1,50.0,60.0,,,,,,random,hybrid,random,False,,,,,,,0.9,0.1,roulette,3.0,True,False,0.5,0.1,0.35,5.0,2.0,,,,,,,,,,,,,,
J90_2.RCP,0,122.18879132231405,0.49317407608032227,GA_roulette_hybrid_random_random_noLS_noNeighborhood,88,1000,0,50.0,60.0,,,,,,random,hybrid,random,False,,,,,,,0.9,0.1,roulette,3.0,True,False,0.5,0.1,0.35,5.0,0.0,,,,,,,,,,,,,,
J90_2.RCP,1,117.21151859504131,0.48230600357055664,GA_roulette_hybrid_random_random_noLS_noNeighborhood,88,1000,1,50.0,60.0,,,,,,random,hybrid,random,False,,,,,,,0.9,0.1,roulette,3.0,True,False,0.5,0.1,0.35,5.0,0.0,,,,,,,,,,,,,,
J90_2.RCP,0,123.32515495867769,0.3446078300476074,GA_roulette_hybrid_random_heuristic_withLS_withNeighborhood,88,1000,0,50.0,60.0,,,,,,random,hybrid,heuristic,True,,,,,,,0.9,0.1,roulette,3.0,True,False,0.5,0.1,0.35,5.0,2.0,,,,,,,,,,,,,,
J90_2.RCP,1,131.75697314049586,0.3424680233001709,GA_roulette_hybrid_random_heuristic_withLS_withNeighborhood,88,1000,1,50.0,60.0,,,,,,random,hybrid,heuristic,True,,,,,,,0.9,0.1,roulette,3.0,True,False,0.5,0.1,0.35,5.0,2.0,,,,,,,,,,,,,,
J90_2.RCP,0,123.32515495867769,0.3436768054962158,GA_roulette_hybrid_random_heuristic_withLS_noNeighborhood,88,1000,0,50.0,60.0,,,,,,random,hybrid,heuristic,True,,,,,,,0.9,0.1,roulette,3.0,True,False,0.5,0.1,0.35,5.0,0.0,,,,,,,,,,,,,,
J90_2.RCP,1,131.75697314049586,0.35440707206726074,GA_roulette_hybrid_random_heuristic_withLS_noNeighborhood,88,1000,1,50.0,60.0,,,,,,random,hybrid,heuristic,True,,,,,,,0.9,0.1,roulette,3.0,True,False,0.5,0.1,0.35,5.0,0.0,,,,,,,,,,,,,,
J90_2.RCP,0,114.23424586776859,0.4978606700897217,GA_roulette_hybrid_random_heuristic_noLS_withNeighborhood,88,1000,0,50.0,60.0,,,,,,random,hybrid,heuristic,False,,,,,,,0.9,0.1,roulette,3.0,True,False,0.5,0.1,0.35,5.0,2.0,,,,,,,,,,,,,,
J90_2.RCP,1,117.87060950413223,0.491121768951416,GA_roulette_hybrid_random_heuristic_noLS_withNeighborhood,88,1000,1,50.0,60.0,,,,,,random,hybrid,heuristic,False,,,,,,,0.9,0.1,roulette,3.0,True,False,0.5,0.1,0.35,5.0,2.0,,,,,,,,,,,,,,
J90_2.RCP,0,114.23424586776859,0.48665285110473633,GA_roulette_hybrid_random_heuristic_noLS_noNeighborhood,88,1000,0,50.0,60.0,,,,,,random,hybrid,heuristic,False,,,,,,,0.9,0.1,roulette,3.0,True,False,0.5,0.1,0.35,5.0,0.0,,,,,,,,,,,,,,
J90_2.RCP,1,117.87060950413223,0.48968982696533203,GA_roulette_hybrid_random_heuristic_noLS_noNeighborhood,88,1000,1,50.0,60.0,,,,,,random,hybrid,heuristic,False,,,,,,,0.9,0.1,roulette,3.0,True,False,0.5,0.1,0.35,5.0,0.0,,,,,,,,,,,,,,
J90_2.RCP,0,128.52970041322314,0.351240873336792,GA_roulette_hybrid_adaptive_random_withLS_withNeighborhood,88,1000,0,50.0,60.0,,,,,,adaptive,hybrid,random,True,,,,,,,0.9,0.1,roulette,3.0,True,False,0.5,0.1,0.35,5.0,2.0,,,,,,,,,,,,,,
J90_2.RCP,1,125.82515495867769,0.3500490188598633,GA_roulette_hybrid_adaptive_random_withLS_withNeighborhood,88,1000,1,50.0,60.0,,,,,,adaptive,hybrid,random,True,,,,,,,0.9,0.1,roulette,3.0,True,False,0.5,0.1,0.35,5.0,2.0,,,,,,,,,,,,,,
J90_2.RCP,0,128.52970041322314,0.3518049716949463,GA_roulette_hybrid_adaptive_random_withLS_noNeighborhood,88,1000,0,50.0,60.0,,,,,,adaptive,hybrid,random,True,,,,,,,0.9,0.1,roulette,3.0,True,False,0.5,0.1,0.35,5.0,0.0,,,,,,,,,,,,,,
J90_2.RCP,1,125.82515495867769,0.3519480228424072,GA_roulette_hybrid_adaptive_random_withLS_noNeighborhood,88,1000,1,50.0,60.0,,,,,,adaptive,hybrid,random,True,,,,,,,0.9,0.1,roulette,3.0,True,False,0.5,0.1,0.35,5.0,0.0,,,,,,,,,,,,,,
J90_2.RCP,0,115.09788223140495,0.5249037742614746,GA_roulette_hybrid_adaptive_random_noLS_withNeighborhood,88,1000,0,50.0,60.0,,,,,,adaptive,hybrid,random,False,,,,,,,0.9,0.1,roulette,3.0,True,False,0.5,0.1,0.35,5.0,2.0,,,,,,,,,,,,,,
J90_2.RCP,1,123.09788223140498,0.5164291858673096,GA_roulette_hybrid_adaptive_random_noLS_withNeighborhood,88,1000,1,50.0,60.0,,,,,,adaptive,hybrid,random,False,,,,,,,0.9,0.1,roulette,3.0,True,False,0.5,0.1,0.35,5.0,2.0,,,,,,,,,,,,,,
J90_2.RCP,0,115.09788223140495,0.515038013458252,GA_roulette_hybrid_adaptive_random_noLS_noNeighborhood,88,1000,0,50.0,60.0,,,,,,adaptive,hybrid,random,False,,,,,,,0.9,0.1,roulette,3.0,True,False,0.5,0.1,0.35,5.0,0.0,,,,,,,,,,,,,,
J90_2.RCP,1,123.09788223140498,0.5121510028839111,GA_roulette_hybrid_adaptive_random_noLS_noNeighborhood,88,1000,1,50.0,60.0,,,,,,adaptive,hybrid,random,False,,,,,,,0.9,0.1,roulette,3.0,True,False,0.5,0.1,0.35,5.0,0.0,,,,,,,,,,,,,,
J90_2.RCP,0,123.32515495867769,0.35285091400146484,GA_roulette_hybrid_adaptive_heuristic_withLS_withNeighborhood,88,1000,0,50.0,60.0,,,,,,adaptive,hybrid,heuristic,True,,,,,,,0.9,0.1,roulette,3.0,True,False,0.5,0.1,0.35,5.0,2.0,,,,,,,,,,,,,,
J90_2.RCP,1,127.12060950413223,0.3628349304199219,GA_roulette_hybrid_adaptive_heuristic_withLS_withNeighborhood,88,1000,1,50.0,60.0,,,,,,adaptive,hybrid,heuristic,True,,,,,,,0.9,0.1,roulette,3.0,True,False,0.5,0.1,0.35,5.0,2.0,,,,,,,,,,,,,,
J90_2.RCP,0,123.32515495867769,0.35145998001098633,GA_roulette_hybrid_adaptive_heuristic_withLS_noNeighborhood,88,1000,0,50.0,60.0,,,,,,adaptive,hybrid,heuristic,True,,,,,,,0.9,0.1,roulette,3.0,True,False,0.5,0.1,0.35,5.0,0.0,,,,,,,,,,,,,,
J90_2.RCP,1,127.12060950413223,0.34923815727233887,GA_roulette_hybrid_adaptive_heuristic_withLS_noNeighborhood,88,1000,1,50.0,60.0,,,,,,adaptive,hybrid,heuristic,True,,,,,,,0.9,0.1,roulette,3.0,True,False,0.5,0.1,0.35,5.0,0.0,,,,,,,,,,,,,,
J90_2.RCP,0,115.77970041322314,0.5164351463317871,GA_roulette_hybrid_adaptive_heuristic_noLS_withNeighborhood,88,1000,0,50.0,60.0,,,,,,adaptive,hybrid,heuristic,False,,,,,,,0.9,0.1,roulette,3.0,True,False,0.5,0.1,0.35,5.0,2.0,,,,,,,,,,,,,,
J90_2.RCP,1,121.32515495867769,0.5138843059539795,GA_roulette_hybrid_adaptive_heuristic_noLS_withNeighborhood,88,1000,1,50.0,60.0,,,,,,adaptive,hybrid,heuristic,False,,,,,,,0.9,0.1,roulette,3.0,True,False,0.5,0.1,0.35,5.0,2.0,,,,,,,,,,,,,,
J90_2.RCP,0,115.77970041322314,0.5172338485717773,GA_roulette_hybrid_adaptive_heuristic_noLS_noNeighborhood,88,1000,0,50.0,60.0,,,,,,adaptive,hybrid,heuristic,False,,,,,,,0.9,0.1,roulette,3.0,True,False,0.5,0.1,0.35,5.0,0.0,,,,,,,,,,,,,,
J90_2.RCP,1,121.32515495867769,0.516089916229248,GA_roulette_hybrid_adaptive_heuristic_noLS_noNeighborhood,88,1000,1,50.0,60.0,,,,,,adaptive,hybrid,heuristic,False,,,,,,,0.9,0.1,roulette,3.0,True,False,0.5,0.1,0.35,5.0,0.0,,,,,,,,,,,,,,
J90_2.RCP,0,117.25697314049586,0.34930992126464844,GA_tournament_single_point_random_random_withLS_withNeighborhood,88,1000,0,50.0,60.0,,,,,,random,single_point,random,True,,,,,,,0.9,0.1,tournament,3.0,True,False,0.5,0.1,0.35,5.0,2.0,,,,,,,,,,,,,,
J90_2.RCP,1,105.8024276859504,0.34133410453796387,GA_tournament_single_point_random_random_withLS_withNeighborhood,88,1000,1,50.0,60.0,,,,,,random,single_point,random,True,,,,,,,0.9,0.1,tournament,3.0,True,False,0.5,0.1,0.35,5.0,2.0,,,,,,,,,,,,,,
J90_2.RCP,0,117.25697314049586,0.34195399284362793,GA_tournament_single_point_random_random_withLS_noNeighborhood,88,1000,0,50.0,60.0,,,,,,random,single_point,random,True,,,,,,,0.9,0.1,tournament,3.0,True,False,0.5,0.1,0.35,5.0,0.0,,,,,,,,,,,,,,
J90_2.RCP,1,105.8024276859504,0.34362101554870605,GA_tournament_single_point_random_random_withLS_noNeighborhood,88,1000,1,50.0,60.0,,,,,,random,single_point,random,True,,,,,,,0.9,0.1,tournament,3.0,True,False,0.5,0.1,0.35,5.0,0.0,,,,,,,,,,,,,,
J90_2.RCP,0,93.23424586776859,0.4889500141143799,GA_tournament_single_point_random_random_noLS_withNeighborhood,88,1000,0,50.0,60.0,,,,,,random,single_point,random,False,,,,,,,0.9,0.1,tournament,3.0,True,False,0.5,0.1,0.35,5.0,2.0,,,,,,,,,,,,,,
J90_2.RCP,1,98.3024276859504,0.48877692222595215,GA_tournament_single_point_random_random_noLS_withNeighborhood,88,1000,1,50.0,60.0,,,,,,random,single_point,random,False,,,,,,,0.9,0.1,tournament,3.0,True,False,0.5,0.1,0.35,5.0,2.0,,,,,,,,,,,,,,
J90_2.RCP,0,93.23424586776859,0.5702550411224365,GA_tournament_single_point_random_random_noLS_noNeighborhood,88,1000,0,50.0,60.0,,,,,,random,single_point,random,False,,,,,,,0.9,0.1,tournament,3.0,True,False,0.5,0.1,0.35,5.0,0.0,,,,,,,,,,,,,,
J90_2.RCP,1,98.3024276859504,0.49456191062927246,GA_tournament_single_point_random_random_noLS_noNeighborhood,88,1000,1,50.0,60.0,,,,,,random,single_point,random,False,,,,,,,0.9,0.1,tournament,3.0,True,False,0.5,0.1,0.35,5.0,0.0,,,,,,,,,,,,,,
J90_2.RCP,0,118.91606404958678,0.3456268310546875,GA_tournament_single_point_random_heuristic_withLS_withNeighborhood,88,1000,0,50.0,60.0,,,,,,random,single_point,heuristic,True,,,,,,,0.9,0.1,tournament,3.0,True,False,0.5,0.1,0.35,5.0,2.0,,,,,,,,,,,,,,
J90_2.RCP,1,112.02970041322314,0.3465559482574463,GA_tournament_single_point_random_heuristic_withLS_withNeighborhood,88,1000,1,50.0,60.0,,,,,,random,single_point,heuristic,True,,,,,,,0.9,0.1,tournament,3.0,True,False,0.5,0.1,0.35,5.0,2.0,,,,,,,,,,,,,,
J90_2.RCP,0,118.91606404958678,0.34619617462158203,GA_tournament_single_point_random_heuristic_withLS_noNeighborhood,88,1000,0,50.0,60.0,,,,,,random,single_point,heuristic,True,,,,,,,0.9,0.1,tournament,3.0,True,False,0.5,0.1,0.35,5.0,0.0,,,,,,,,,,,,,,
J90_2.RCP,1,112.02970041322314,0.3444671630859375,GA_tournament_single_point_random_heuristic_withLS_noNeighborhood,88,1000,1,50.0,60.0,,,,,,random,single_point,heuristic,True,,,,,,,0.9,0.1,tournament,3.0,True,False,0.5,0.1,0.35,5.0,0.0,,,,,,,,,,,,,,
J90_2.RCP,0,94.75697314049586,0.5425469875335693,GA_tournament_single_point_random_heuristic_noLS_withNeighborhood,88,1000,0,50.0,60.0,,,,,,random,single_point,heuristic,False,,,,,,,0.9,0.1,tournament,3.0,True,False,0.5,0.1,0.35,5.0,2.0,,,,,,,,,,,,,,
J90_2.RCP,1,100.25697314049586,0.526940107345581,GA_tournament_single_point_random_heuristic_noLS_withNeighborhood,88,1000,1,50.0,60.0,,,,,,random,single_point,heuristic,False,,,,,,,0.9,0.1,tournament,3.0,True,False,0.5,0.1,0.35,5.0,2.0,,,,,,,,,,,,,,
J90_2.RCP,0,94.75697314049586,0.5447027683258057,GA_tournament_single_point_random_heuristic_noLS_noNeighborhood,88,1000,0,50.0,60.0,,,,,,random,single_point,heuristic,False,,,,,,,0.9,0.1,tournament,3.0,True,False,0.5,0.1,0.35,5.0,0.0,,,,,,,,,,,,,,
J90_2.RCP,1,100.25697314049586,0.5038549900054932,GA_tournament_single_point_random_heuristic_noLS_noNeighborhood,88,1000,1,50.0,60.0,,,,,,random,single_point,heuristic,False,,,,,,,0.9,0.1,tournament,3.0,True,False,0.5,0.1,0.35,5.0,0.0,,,,,,,,,,,,,,
J90_2.RCP,0,116.32515495867769,0.3502042293548584,GA_tournament_single_point_adaptive_random_withLS_withNeighborhood,88,1000,0,50.0,60.0,,,,,,adaptive,single_point,random,True,,,,,,,0.9,0.1,tournament,3.0,True,False,0.5,0.1,0.35,5.0,2.0,,,,,,,,,,,,,,
J90_2.RCP,1,116.84788223140495,0.3501250743865967,GA_tournament_single_point_adaptive_random_withLS_withNeighborhood,88,1000,1,50.0,60.0,,,,,,adaptive,single_point,random,True,,,,,,,0.9,0.1,tournament,3.0,True,False,0.5,0.1,0.35,5.0,2.0,,,,,,,,,,,,,,
J90_2.RCP,0,116.32515495867769,0.34874606132507324,GA_tournament_single_point_adaptive_random_withLS_noNeighborhood,88,1000,0,50.0,60.0,,,,,,adaptive,single_point,random,True,,,,,,,0.9,0.1,tournament,3.0,True,False,0.5,0.1,0.35,5.0,0.0,,,,,,,,,,,,,,
J90_2.RCP,1,116.84788223140495,0.3516218662261963,GA_tournament_single_point_adaptive_random_withLS_noNeighborhood,88,1000,1,50.0,60.0,,,,,,adaptive,single_point,random,True,,,,,,,0.9,0.1,tournament,3.0,True,False,0.5,0.1,0.35,5.0,0.0,,,,,,,,,,,,,,
J90_2.RCP,0,103.50697314049586,0.5221719741821289,GA_tournament_single_point_adaptive_random_noLS_withNeighborhood,88,1000,0,50.0,60.0,,,,,,adaptive,single_point,random,False,,,,,,,0.9,0.1,tournament,3.0,True,False,0.5,0.1,0.35,5.0,2.0,,,,,,,,,,,,,,
J90_2.RCP,1,96.84788223140495,0.5951690673828125,GA_tournament_single_point_adaptive_random_noLS_withNeighborhood,88,1000,1,50.0,60.0,,,,,,adaptive,single_point,random,False,,,,,,,0.9,0.1,tournament,3.0,True,False,0.5,0.1,0.35,5.0,2.0,,,,,,,,,,,,,,
J90_2.RCP,0,103.50697314049586,0.5312089920043945,GA_tournament_single_point_adaptive_random_noLS_noNeighborhood,88,1000,0,50.0,60.0,,,,,,adaptive,single_point,random,False,,,,,,,0.9,0.1,tournament,3.0,True,False,0.5,0.1,0.35,5.0,0.0,,,,,,,,,,,,,,
J90_2.RCP,1,96.84788223140495,0.5198493003845215,GA_tournament_single_point_adaptive_random_noLS_noNeighborhood,88,1000,1,50.0,60.0,,,,,,adaptive,single_point,random,False,,,,,,,0.9,0.1,tournament,3.0,True,False,0.5,0.1,0.35,5.0,0.0,,,,,,,,,,,,,,
J90_2.RCP,0,107.48424586776859,0.3516538143157959,GA_tournament_single_point_adaptive_heuristic_withLS_withNeighborhood,88,1000,0,50.0,60.0,,,,,,adaptive,single_point,heuristic,True,,,,,,,0.9,0.1,tournament,3.0,True,False,0.5,0.1,0.35,5.0,2.0,,,,,,,,,,,,,,
J90_2.RCP,1,113.77970041322314,0.3526918888092041,GA_tournament_single_point_adaptive_heuristic_withLS_withNeighborhood,88,1000,1,50.0,60.0,,,,,,adaptive,single_point,heuristic,True,,,,,,,0.9,0.1,tournament,3.0,True,False,0.5,0.1,0.35,5.0,2.0,,,,,,,,,,,,,,
J90_2.RCP,0,107.48424586776859,0.3520188331604004,GA_tournament_single_point_adaptive_heuristic_withLS_noNeighborhood,88,1000,0,50.0,60.0,,,,,,adaptive,single_point,heuristic,True,,,,,,,0.9,0.1,tournament,3.0,True,False,0.5,0.1,0.35,5.0,0.0,,,,,,,,,,,,,,
J90_2.RCP,1,113.77970041322314,0.3723318576812744,GA_tournament_single_point_adaptive_heuristic_withLS_noNeighborhood,88,1000,1,50.0,60.0,,,,,,adaptive,single_point,heuristic,True,,,,,,,0.9,0.1,tournament,3.0,True,False,0.5,0.1,0.35,5.0,0.0,,,,,,,,,,,,,,
J90_2.RCP,0,100.23424586776859,0.5271468162536621,GA_tournament_single_point_adaptive_heuristic_noLS_withNeighborhood,88,1000,0,50.0,60.0,,,,,,adaptive,single_point,heuristic,False,,,,,,,0.9,0.1,tournament,3.0,True,False,0.5,0.1,0.35,5.0,2.0,,,,,,,,,,,,,,
J90_2.RCP,1,106.52970041322315,0.5458540916442871,GA_tournament_single_point_adaptive_heuristic_noLS_withNeighborhood,88,1000,1,50.0,60.0,,,,,,adaptive,single_point,heuristic,False,,,,,,,0.9,0.1,tournament,3.0,True,False,0.5,0.1,0.35,5.0,2.0,,,,,,,,,,,,,,
J90_2.RCP,0,100.23424586776859,0.527907133102417,GA_tournament_single_point_adaptive_heuristic_noLS_noNeighborhood,88,1000,0,50.0,60.0,,,,,,adaptive,single_point,heuristic,False,,,,,,,0.9,0.1,tournament,3.0,True,False,0.5,0.1,0.35,5.0,0.0,,,,,,,,,,,,,,
J90_2.RCP,1,106.52970041322315,0.5933849811553955,GA_tournament_single_point_adaptive_heuristic_noLS_noNeighborhood,88,1000,1,50.0,60.0,,,,,,adaptive,single_point,heuristic,False,,,,,,,0.9,0.1,tournament,3.0,True,False,0.5,0.1,0.35,5.0,0.0,,,,,,,,,,,,,,
J90_2.RCP,0,111.1433367768595,0.34455394744873047,GA_tournament_two_point_random_random_withLS_withNeighborhood,88,1000,0,50.0,60.0,,,,,,random,two_point,random,True,,,,,,,0.9,0.1,tournament,3.0,True,False,0.5,0.1,0.35,5.0,2.0,,,,,,,,,,,,,,
J90_2.RCP,1,112.3024276859504,0.343731164932251,GA_tournament_two_point_random_random_withLS_withNeighborhood,88,1000,1,50.0,60.0,,,,,,random,two_point,random,True,,,,,,,0.9,0.1,tournament,3.0,True,False,0.5,0.1,0.35,5.0,2.0,,,,,,,,,,,,,,
J90_2.RCP,0,111.1433367768595,0.3424336910247803,GA_tournament_two_point_random_random_withLS_noNeighborhood,88,1000,0,50.0,60.0,,,,,,random,two_point,random,True,,,,,,,0.9,0.1,tournament,3.0,True,False,0.5,0.1,0.35,5.0,0.0,,,,,,,,,,,,,,
J90_2.RCP,1,112.3024276859504,0.3468630313873291,GA_tournament_two_point_random_random_withLS_noNeighborhood,88,1000,1,50.0,60.0,,,,,,random,two_point,random,True,,,,,,,0.9,0.1,tournament,3.0,True,False,0.5,0.1,0.35,5.0,0.0,,,,,,,,,,,,,,
J90_2.RCP,0,92.46151859504131,0.49585890769958496,GA_tournament_two_point_random_random_noLS_withNeighborhood,88,1000,0,50.0,60.0,,,,,,random,two_point,random,False,,,,,,,0.9,0.1,tournament,3.0,True,False,0.5,0.1,0.35,5.0,2.0,,,,,,,,,,,,,,
J90_2.RCP,1,90.91606404958678,0.49205899238586426,GA_tournament_two_point_random_random_noLS_withNeighborhood,88,1000,1,50.0,60.0,,,,,,random,two_point,random,False,,,,,,,0.9,0.1,tournament,3.0,True,False,0.5,0.1,0.35,5.0,2.0,,,,,,,,,,,,,,
J90_2.RCP,0,92.46151859504131,0.4938812255859375,GA_tournament_two_point_random_random_noLS_noNeighborhood,88,1000,0,50.0,60.0,,,,,,random,two_point,random,False,,,,,,,0.9,0.1,tournament,3.0,True,False,0.5,0.1,0.35,5.0,0.0,,,,,,,,,,,,,,
J90_2.RCP,1,90.91606404958678,0.4916670322418213,GA_tournament_two_point_random_random_noLS_noNeighborhood,88,1000,1,50.0,60.0,,,,,,random,two_point,random,False,,,,,,,0.9,0.1,tournament,3.0,True,False,0.5,0.1,0.35,5.0,0.0,,,,,,,,,,,,,,
J90_2.RCP,0,114.8024276859504,0.345552921295166,GA_tournament_two_point_random_heuristic_withLS_withNeighborhood,88,1000,0,50.0,60.0,,,,,,random,two_point,heuristic,True,,,,,,,0.9,0.1,tournament,3.0,True,False,0.5,0.1,0.35,5.0,2.0,,,,,,,,,,,,,,
J90_2.RCP,1,112.3024276859504,0.35565614700317383,GA_tournament_two_point_random_heuristic_withLS_withNeighborhood,88,1000,1,50.0,60.0,,,,,,random,two_point,heuristic,True,,,,,,,0.9,0.1,tournament,3.0,True,False,0.5,0.1,0.35,5.0,2.0,,,,,,,,,,,,,,
J90_2.RCP,0,114.8024276859504,0.43161821365356445,GA_tournament_two_point_random_heuristic_withLS_noNeighborhood,88,1000,0,50.0,60.0,,,,,,random,two_point,heuristic,True,,,,,,,0.9,0.1,tournament,3.0,True,False,0.5,0.1,0.35,5.0,0.0,,,,,,,,,,,,,,
J90_2.RCP,1,112.3024276859504,0.35883378982543945,GA_tournament_two_point_random_heuristic_withLS_noNeighborhood,88,1000,1,50.0,60.0,,,,,,random,two_point,heuristic,True,,,,,,,0.9,0.1,tournament,3.0,True,False,0.5,0.1,0.35,5.0,0.0,,,,,,,,,,,,,,
J90_2.RCP,0,96.12060950413223,0.5012218952178955,GA_tournament_two_point_random_heuristic_noLS_withNeighborhood,88,1000,0,50.0,60.0,,,,,,random,two_point,heuristic,False,,,,,,,0.9,0.1,tournament,3.0,True,False,0.5,0.1,0.35,5.0,2.0,,,,,,,,,,,,,,
J90_2.RCP,1,91.82515495867769,0.5114319324493408,GA_tournament_two_point_random_heuristic_noLS_withNeighborhood,88,1000,1,50.0,60.0,,,,,,random,two_point,heuristic,False,,,,,,,0.9,0.1,tournament,3.0,True,False,0.5,0.1,0.35,5.0,2.0,,,,,,,,,,,,,,
J90_2.RCP,0,96.12060950413223,0.5006020069122314,GA_tournament_two_point_random_heuristic_noLS_noNeighborhood,88,1000,0,50.0,60.0,,,,,,random,two_point,heuristic,False,,,,,,,0.9,0.1,tournament,3.0,True,False,0.5,0.1,0.35,5.0,0.0,,,,,,,,,,,,,,
J90_2.RCP,1,91.82515495867769,0.5056920051574707,GA_tournament_two_point_random_heuristic_noLS_noNeighborhood,88,1000,1,50.0,60.0,,,,,,random,two_point,heuristic,False,,,,,,,0.9,0.1,tournament,3.0,True,False,0.5,0.1,0.35,5.0,0.0,,,,,,,,,,,,,,
J90_2.RCP,0,113.82515495867769,0.35241103172302246,GA_tournament_two_point_adaptive_random_withLS_withNeighborhood,88,1000,0,50.0,60.0,,,,,,adaptive,two_point,random,True,,,,,,,0.9,0.1,tournament,3.0,True,False,0.5,0.1,0.35,5.0,2.0,,,,,,,,,,,,,,
J90_2.RCP,1,113.3933367768595,0.3535301685333252,GA_tournament_two_point_adaptive_random_withLS_withNeighborhood,88,1000,1,50.0,60.0,,,,,,adaptive,two_point,random,True,,,,,,,0.9,0.1,tournament,3.0,True,False,0.5,0.1,0.35,5.0,2.0,,,,,,,,,,,,,,
J90_2.RCP,0,113.82515495867769,0.35478973388671875,GA_tournament_two_point_adaptive_random_withLS_noNeighborhood,88,1000,0,50.0,60.0,,,,,,adaptive,two_point,random,True,,,,,,,0.9,0.1,tournament,3.0,True,False,0.5,0.1,0.35,5.0,0.0,,,,,,,,,,,,,,
J90_2.RCP,1,113.3933367768595,0.35678887367248535,GA_tournament_two_point_adaptive_random_withLS_noNeighborhood,88,1000,1,50.0,60.0,,,,,,adaptive,two_point,random,True,,,,,,,0.9,0.1,tournament,3.0,True,False,0.5,0.1,0.35,5.0,0.0,,,,,,,,,,,,,,
J90_2.RCP,0,102.75697314049586,0.5251607894897461,GA_tournament_two_point_adaptive_random_noLS_withNeighborhood,88,1000,0,50.0,60.0,,,,,,adaptive,two_point,random,False,,,,,,,0.9,0.1,tournament,3.0,True,False,0.5,0.1,0.35,5.0,2.0,,,,,,,,,,,,,,
J90_2.RCP,1,103.41606404958678,0.526681661605835,GA_tournament_two_point_adaptive_random_noLS_withNeighborhood,88,1000,1,50.0,60.0,,,,,,adaptive,two_point,random,False,,,,,,,0.9,0.1,tournament,3.0,True,False,0.5,0.1,0.35,5.0,2.0,,,,,,,,,,,,,,
J90_2.RCP,0,102.75697314049586,0.5794758796691895,GA_tournament_two_point_adaptive_random_noLS_noNeighborhood,88,1000,0,50.0,60.0,,,,,,adaptive,two_point,random,False,,,,,,,0.9,0.1,tournament,3.0,True,False,0.5,0.1,0.35,5.0,0.0,,,,,,,,,,,,,,
J90_2.RCP,1,103.41606404958678,0.527827262878418,GA_tournament_two_point_adaptive_random_noLS_noNeighborhood,88,1000,1,50.0,60.0,,,,,,adaptive,two_point,random,False,,,,,,,0.9,0.1,tournament,3.0,True,False,0.5,0.1,0.35,5.0,0.0,,,,,,,,,,,,,,
J90_2.RCP,0,111.12060950413223,0.35233187675476074,GA_tournament_two_point_adaptive_heuristic_withLS_withNeighborhood,88,1000,0,50.0,60.0,,,,,,adaptive,two_point,heuristic,True,,,,,,,0.9,0.1,tournament,3.0,True,False,0.5,0.1,0.35,5.0,2.0,,,,,,,,,,,,,,
J90_2.RCP,1,113.41606404958678,0.35326218605041504,GA_tournament_two_point_adaptive_heuristic_withLS_withNeighborhood,88,1000,1,50.0,60.0,,,,,,adaptive,two_point,heuristic,True,,,,,,,0.9,0.1,tournament,3.0,True,False,0.5,0.1,0.35,5.0,2.0,,,,,,,,,,,,,,
J90_2.RCP,0,111.12060950413223,0.3523697853088379,GA_tournament_two_point_adaptive_heuristic_withLS_noNeighborhood,88,1000,0,50.0,60.0,,,,,,adaptive,two_point,heuristic,True,,,,,,,0.9,0.1,tournament,3.0,True,False,0.5,0.1,0.35,5.0,0.0,,,,,,,,,,,,,,
J90_2.RCP,1,113.41606404958678,0.35448718070983887,GA_tournament_two_point_adaptive_heuristic_withLS_noNeighborhood,88,1000,1,50.0,60.0,,,,,,adaptive,two_point,heuristic,True,,,,,,,0.9,0.1,tournament,3.0,True,False,0.5,0.1,0.35,5.0,0.0,,,,,,,,,,,,,,
J90_2.RCP,0,98.87060950413223,0.5267679691314697,GA_tournament_two_point_adaptive_heuristic_noLS_withNeighborhood,88,1000,0,50.0,60.0,,,,,,adaptive,two_point,heuristic,False,,,,,,,0.9,0.1,tournament,3.0,True,False,0.5,0.1,0.35,5.0,2.0,,,,,,,,,,,,,,
J90_2.RCP,1,103.25697314049586,0.5254850387573242,GA_tournament_two_point_adaptive_heuristic_noLS_withNeighborhood,88,1000,1,50.0,60.0,,,,,,adaptive,two_point,heuristic,False,,,,,,,0.9,0.1,tournament,3.0,True,False,0.5,0.1,0.35,5.0,2.0,,,,,,,,,,,,,,
J90_2.RCP,0,98.87060950413223,0.5322697162628174,GA_tournament_two_point_adaptive_heuristic_noLS_noNeighborhood,88,1000,0,50.0,60.0,,,,,,adaptive,two_point,heuristic,False,,,,,,,0.9,0.1,tournament,3.0,True,False,0.5,0.1,0.35,5.0,0.0,,,,,,,,,,,,,,
J90_2.RCP,1,103.25697314049586,0.6087758541107178,GA_tournament_two_point_adaptive_heuristic_noLS_noNeighborhood,88,1000,1,50.0,60.0,,,,,,adaptive,two_point,heuristic,False,,,,,,,0.9,0.1,tournament,3.0,True,False,0.5,0.1,0.35,5.0,0.0,,,,,,,,,,,,,,
J90_2.RCP,0,103.16606404958678,3.4263651371002197,GA_tournament_rcx_random_random_withLS_withNeighborhood,88,1000,0,50.0,60.0,,,,,,random,rcx,random,True,,,,,,,0.9,0.1,tournament,3.0,True,False,0.5,0.1,0.35,5.0,2.0,,,,,,,,,,,,,,
J90_2.RCP,1,108.41606404958678,3.5935771465301514,GA_tournament_rcx_random_random_withLS_withNeighborhood,88,1000,1,50.0,60.0,,,,,,random,rcx,random,True,,,,,,,0.9,0.1,tournament,3.0,True,False,0.5,0.1,0.35,5.0,2.0,,,,,,,,,,,,,,
J90_2.RCP,0,103.16606404958678,3.357945203781128,GA_tournament_rcx_random_random_withLS_noNeighborhood,88,1000,0,50.0,60.0,,,,,,random,rcx,random,True,,,,,,,0.9,0.1,tournament,3.0,True,False,0.5,0.1,0.35,5.0,0.0,,,,,,,,,,,,,,
J90_2.RCP,1,108.41606404958678,3.6275618076324463,GA_tournament_rcx_random_random_withLS_noNeighborhood,88,1000,1,50.0,60.0,,,,,,random,rcx,random,True,,,,,,,0.9,0.1,tournament,3.0,True,False,0.5,0.1,0.35,5.0,0.0,,,,,,,,,,,,,,
J90_2.RCP,0,90.7342458677686,12.847312927246094,GA_tournament_rcx_random_random_noLS_withNeighborhood,88,1000,0,50.0,60.0,,,,,,random,rcx,random,False,,,,,,,0.9,0.1,tournament,3.0,True,False,0.5,0.1,0.35,5.0,2.0,,,,,,,,,,,,,,
J90_2.RCP,1,93.71151859504131,13.168554067611694,GA_tournament_rcx_random_random_noLS_withNeighborhood,88,1000,1,50.0,60.0,,,,,,random,rcx,random,False,,,,,,,0.9,0.1,tournament,3.0,True,False,0.5,0.1,0.35,5.0,2.0,,,,,,,,,,,,,,
J90_2.RCP,0,90.7342458677686,12.663647890090942,GA_tournament_rcx_random_random_noLS_noNeighborhood,88,1000,0,50.0,60.0,,,,,,random,rcx,random,False,,,,,,,0.9,0.1,tournament,3.0,True,False,0.5,0.1,0.35,5.0,0.0,,,,,,,,,,,,,,
J90_2.RCP,1,93.71151859504131,12.935750007629395,GA_tournament_rcx_random_random_noLS_noNeighborhood,88,1000,1,50.0,60.0,,,,,,random,rcx,random,False,,,,,,,0.9,0.1,tournament,3.0,True,False,0.5,0.1,0.35,5.0,0.0,,,,,,,,,,,,,,
J90_2.RCP,0,109.87060950413223,3.4368908405303955,GA_tournament_rcx_random_heuristic_withLS_withNeighborhood,88,1000,0,50.0,60.0,,,,,,random,rcx,heuristic,True,,,,,,,0.9,0.1,tournament,3.0,True,False,0.5,0.1,0.35,5.0,2.0,,,,,,,,,,,,,,
J90_2.RCP,1,112.96151859504131,3.581307888031006,GA_tournament_rcx_random_heuristic_withLS_withNeighborhood,88,1000,1,50.0,60.0,,,,,,random,rcx,heuristic,True,,,,,,,0.9,0.1,tournament,3.0,True,False,0.5,0.1,0.35,5.0,2.0,,,,,,,,,,,,,,
J90_2.RCP,0,109.87060950413223,3.4078969955444336,GA_tournament_rcx_random_heuristic_withLS_noNeighborhood,88,1000,0,50.0,60.0,,,,,,random,rcx,heuristic,True,,,,,,,0.9,0.1,tournament,3.0,True,False,0.5,0.1,0.35,5.0,0.0,,,,,,,,,,,,,,
J90_2.RCP,1,112.96151859504131,3.582751989364624,GA_tournament_rcx_random_heuristic_withLS_noNeighborhood,88,1000,1,50.0,60.0,,,,,,random,rcx,heuristic,True,,,,,,,0.9,0.1,tournament,3.0,True,False,0.5,0.1,0.35,5.0,0.0,,,,,,,,,,,,,,
J90_2.RCP,0,91.77970041322314,13.228274822235107,GA_tournament_rcx_random_heuristic_noLS_withNeighborhood,88,1000,0,50.0,60.0,,,,,,random,rcx,heuristic,False,,,,,,,0.9,0.1,tournament,3.0,True,False,0.5,0.1,0.35,5.0,2.0,,,,,,,,,,,,,,
J90_2.RCP,1,104.07515495867769,13.883930921554565,GA_tournament_rcx_random_heuristic_noLS_withNeighborhood,88,1000,1,50.0,60.0,,,,,,random,rcx,heuristic,False,,,,,,,0.9,0.1,tournament,3.0,True,False,0.5,0.1,0.35,5.0,2.0,,,,,,,,,,,,,,
J90_2.RCP,0,91.77970041322314,13.290674924850464,GA_tournament_rcx_random_heuristic_noLS_noNeighborhood,88,1000,0,50.0,60.0,,,,,,random,rcx,heuristic,False,,,,,,,0.9,0.1,tournament,3.0,True,False,0.5,0.1,0.35,5.0,0.0,,,,,,,,,,,,,,
J90_2.RCP,1,104.07515495867769,13.287728071212769,GA_tournament_rcx_random_heuristic_noLS_noNeighborhood,88,1000,1,50.0,60.0,,,,,,random,rcx,heuristic,False,,,,,,,0.9,0.1,tournament,3.0,True,False,0.5,0.1,0.35,5.0,0.0,,,,,,,,,,,,,,
J90_2.RCP,0,113.3933367768595,3.6289639472961426,GA_tournament_rcx_adaptive_random_withLS_withNeighborhood,88,1000,0,50.0,60.0,,,,,,adaptive,rcx,random,True,,,,,,,0.9,0.1,tournament,3.0,True,False,0.5,0.1,0.35,5.0,2.0,,,,,,,,,,,,,,
J90_2.RCP,1,115.71151859504131,3.5565669536590576,GA_tournament_rcx_adaptive_random_withLS_withNeighborhood,88,1000,1,50.0,60.0,,,,,,adaptive,rcx,random,True,,,,,,,0.9,0.1,tournament,3.0,True,False,0.5,0.1,0.35,5.0,2.0,,,,,,,,,,,,,,
J90_2.RCP,0,113.3933367768595,3.674994945526123,GA_tournament_rcx_adaptive_random_withLS_noNeighborhood,88,1000,0,50.0,60.0,,,,,,adaptive,rcx,random,True,,,,,,,0.9,0.1,tournament,3.0,True,False,0.5,0.1,0.35,5.0,0.0,,,,,,,,,,,,,,
J90_2.RCP,1,115.71151859504131,3.5245418548583984,GA_tournament_rcx_adaptive_random_withLS_noNeighborhood,88,1000,1,50.0,60.0,,,,,,adaptive,rcx,random,True,,,,,,,0.9,0.1,tournament,3.0,True,False,0.5,0.1,0.35,5.0,0.0,,,,,,,,,,,,,,
J90_2.RCP,0,104.91606404958678,13.56468915939331,GA_tournament_rcx_adaptive_random_noLS_withNeighborhood,88,1000,0,50.0,60.0,,,,,,adaptive,rcx,random,False,,,,,,,0.9,0.1,tournament,3.0,True,False,0.5,0.1,0.35,5.0,2.0,,,,,,,,,,,,,,
J90_2.RCP,1,100.1433367768595,13.346122980117798,GA_tournament_rcx_adaptive_random_noLS_withNeighborhood,88,1000,1,50.0,60.0,,,,,,adaptive,rcx,random,False,,,,,,,0.9,0.1,tournament,3.0,True,False,0.5,0.1,0.35,5.0,2.0,,,,,,,,,,,,,,
J90_2.RCP,0,104.91606404958678,13.420278072357178,GA_tournament_rcx_adaptive_random_noLS_noNeighborhood,88,1000,0,50.0,60.0,,,,,,adaptive,rcx,random,False,,,,,,,0.9,0.1,tournament,3.0,True,False,0.5,0.1,0.35,5.0,0.0,,,,,,,,,,,,,,
J90_2.RCP,1,100.1433367768595,13.393340826034546,GA_tournament_rcx_adaptive_random_noLS_noNeighborhood,88,1000,1,50.0,60.0,,,,,,adaptive,rcx,random,False,,,,,,,0.9,0.1,tournament,3.0,True,False,0.5,0.1,0.35,5.0,0.0,,,,,,,,,,,,,,
J90_2.RCP,0,110.52970041322314,3.4419188499450684,GA_tournament_rcx_adaptive_heuristic_withLS_withNeighborhood,88,1000,0,50.0,60.0,,,,,,adaptive,rcx,heuristic,True,,,,,,,0.9,0.1,tournament,3.0,True,False,0.5,0.1,0.35,5.0,2.0,,,,,,,,,,,,,,
J90_2.RCP,1,114.71151859504131,3.598634958267212,GA_tournament_rcx_adaptive_heuristic_withLS_withNeighborhood,88,1000,1,50.0,60.0,,,,,,adaptive,rcx,heuristic,True,,,,,,,0.9,0.1,tournament,3.0,True,False,0.5,0.1,0.35,5.0,2.0,,,,,,,,,,,,,,
J90_2.RCP,0,110.52970041322314,3.4082417488098145,GA_tournament_rcx_adaptive_heuristic_withLS_noNeighborhood,88,1000,0,50.0,60.0,,,,,,adaptive,rcx,heuristic,True,,,,,,,0.9,0.1,tournament,3.0,True,False,0.5,0.1,0.35,5.0,0.0,,,,,,,,,,,,,,
J90_2.RCP,1,114.71151859504131,3.4569389820098877,GA_tournament_rcx_adaptive_heuristic_withLS_noNeighborhood,88,1000,1,50.0,60.0,,,,,,adaptive,rcx,heuristic,True,,,,,,,0.9,0.1,tournament,3.0,True,False,0.5,0.1,0.35,5.0,0.0,,,,,,,,,,,,,,
J90_2.RCP,0,103.82515495867769,13.24393105506897,GA_tournament_rcx_adaptive_heuristic_noLS_withNeighborhood,88,1000,0,50.0,60.0,,,,,,adaptive,rcx,heuristic,False,,,,,,,0.9,0.1,tournament,3.0,True,False,0.5,0.1,0.35,5.0,2.0,,,,,,,,,,,,,,
J90_2.RCP,1,102.37060950413223,13.580779552459717,GA_tournament_rcx_adaptive_heuristic_noLS_withNeighborhood,88,1000,1,50.0,60.0,,,,,,adaptive,rcx,heuristic,False,,,,,,,0.9,0.1,tournament,3.0,True,False,0.5,0.1,0.35,5.0,2.0,,,,,,,,,,,,,,
J90_2.RCP,0,103.82515495867769,13.165220737457275,GA_tournament_rcx_adaptive_heuristic_noLS_noNeighborhood,88,1000,0,50.0,60.0,,,,,,adaptive,rcx,heuristic,False,,,,,,,0.9,0.1,tournament,3.0,True,False,0.5,0.1,0.35,5.0,0.0,,,,,,,,,,,,,,
J90_2.RCP,1,102.37060950413223,13.366047143936157,GA_tournament_rcx_adaptive_heuristic_noLS_noNeighborhood,88,1000,1,50.0,60.0,,,,,,adaptive,rcx,heuristic,False,,,,,,,0.9,0.1,tournament,3.0,True,False,0.5,0.1,0.35,5.0,0.0,,,,,,,,,,,,,,
J90_2.RCP,0,116.02970041322314,1.953122854232788,GA_tournament_hybrid_random_random_withLS_withNeighborhood,88,1000,0,50.0,60.0,,,,,,random,hybrid,random,True,,,,,,,0.9,0.1,tournament,3.0,True,False,0.5,0.1,0.35,5.0,2.0,,,,,,,,,,,,,,
J90_2.RCP,1,110.8024276859504,2.0111441612243652,GA_tournament_hybrid_random_random_withLS_withNeighborhood,88,1000,1,50.0,60.0,,,,,,random,hybrid,random,True,,,,,,,0.9,0.1,tournament,3.0,True,False,0.5,0.1,0.35,5.0,2.0,,,,,,,,,,,,,,
J90_2.RCP,0,116.02970041322314,1.9462921619415283,GA_tournament_hybrid_random_random_withLS_noNeighborhood,88,1000,0,50.0,60.0,,,,,,random,hybrid,random,True,,,,,,,0.9,0.1,tournament,3.0,True,False,0.5,0.1,0.35,5.0,0.0,,,,,,,,,,,,,,
J90_2.RCP,1,110.8024276859504,2.0214598178863525,GA_tournament_hybrid_random_random_withLS_noNeighborhood,88,1000,1,50.0,60.0,,,,,,random,hybrid,random,True,,,,,,,0.9,0.1,tournament,3.0,True,False,0.5,0.1,0.35,5.0,0.0,,,,,,,,,,,,,,
J90_2.RCP,0,99.62060950413225,7.098394870758057,GA_tournament_hybrid_random_random_noLS_withNeighborhood,88,1000,0,50.0,60.0,,,,,,random,hybrid,random,False,,,,,,,0.9,0.1,tournament,3.0,True,False,0.5,0.1,0.35,5.0,2.0,,,,,,,,,,,,,,
J90_2.RCP,1,97.09788223140495,6.967106103897095,GA_tournament_hybrid_random_random_noLS_withNeighborhood,88,1000,1,50.0,60.0,,,,,,random,hybrid,random,False,,,,,,,0.9,0.1,tournament,3.0,True,False,0.5,0.1,0.35,5.0,2.0,,,,,,,,,,,,,,
J90_2.RCP,0,99.62060950413225,7.082359075546265,GA_tournament_hybrid_random_random_noLS_noNeighborhood,88,1000,0,50.0,60.0,,,,,,random,hybrid,random,False,,,,,,,0.9,0.1,tournament,3.0,True,False,0.5,0.1,0.35,5.0,0.0,,,,,,,,,,,,,,
J90_2.RCP,1,97.09788223140495,7.051668882369995,GA_tournament_hybrid_random_random_noLS_noNeighborhood,88,1000,1,50.0,60.0,,,,,,random,hybrid,random,False,,,,,,,0.9,0.1,tournament,3.0,True,False,0.5,0.1,0.35,5.0,0.0,,,,,,,,,,,,,,
J90_2.RCP,0,105.6433367768595,2.0598230361938477,GA_tournament_hybrid_random_heuristic_withLS_withNeighborhood,88,1000,0,50.0,60.0,,,,,,random,hybrid,heuristic,True,,,,,,,0.9,0.1,tournament,3.0,True,False,0.5,0.1,0.35,5.0,2.0,,,,,,,,,,,,,,
J90_2.RCP,1,120.75697314049586,1.8976199626922607,GA_tournament_hybrid_random_heuristic_withLS_withNeighborhood,88,1000,1,50.0,60.0,,,,,,random,hybrid,heuristic,True,,,,,,,0.9,0.1,tournament,3.0,True,False,0.5,0.1,0.35,5.0,2.0,,,,,,,,,,,,,,
J90_2.RCP,0,105.6433367768595,2.0679450035095215,GA_tournament_hybrid_random_heuristic_withLS_noNeighborhood,88,1000,0,50.0,60.0,,,,,,random,hybrid,heuristic,True,,,,,,,0.9,0.1,tournament,3.0,True,False,0.5,0.1,0.35,5.0,0.0,,,,,,,,,,,,,,
J90_2.RCP,1,120.75697314049586,1.8988380432128906,GA_tournament_hybrid_random_heuristic_withLS_noNeighborhood,88,1000,1,50.0,60.0,,,,,,random,hybrid,heuristic,True,,,,,,,0.9,0.1,tournament,3.0,True,False,0.5,0.1,0.35,5.0,0.0,,,,,,,,,,,,,,
J90_2.RCP,0,93.43879132231405,7.367148160934448,GA_tournament_hybrid_random_heuristic_noLS_withNeighborhood,88,1000,0,50.0,60.0,,,,,,random,hybrid,heuristic,False,,,,,,,0.9,0.1,tournament,3.0,True,False,0.5,0.1,0.35,5.0,2.0,,,,,,,,,,,,,,
J90_2.RCP,1,98.0524276859504,7.13034987449646,GA_tournament_hybrid_random_heuristic_noLS_withNeighborhood,88,1000,1,50.0,60.0,,,,,,random,hybrid,heuristic,False,,,,,,,0.9,0.1,tournament,3.0,True,False,0.5,0.1,0.35,5.0,2.0,,,,,,,,,,,,,,
J90_2.RCP,0,93.43879132231405,7.3451550006866455,GA_tournament_hybrid_random_heuristic_noLS_noNeighborhood,88,1000,0,50.0,60.0,,,,,,random,hybrid,heuristic,False,,,,,,,0.9,0.1,tournament,3.0,True,False,0.5,0.1,0.35,5.0,0.0,,,,,,,,,,,,,,
J90_2.RCP,1,98.0524276859504,6.938452959060669,GA_tournament_hybrid_random_heuristic_noLS_noNeighborhood,88,1000,1,50.0,60.0,,,,,,random,hybrid,heuristic,False,,,,,,,0.9,0.1,tournament,3.0,True,False,0.5,0.1,0.35,5.0,0.0,,,,,,,,,,,,,,
J90_2.RCP,0,116.57515495867769,1.9403002262115479,GA_tournament_hybrid_adaptive_random_withLS_withNeighborhood,88,1000,0,50.0,60.0,,,,,,adaptive,hybrid,random,True,,,,,,,0.9,0.1,tournament,3.0,True,False,0.5,0.1,0.35,5.0,2.0,,,,,,,,,,,,,,
J90_2.RCP,1,116.77970041322314,2.2198450565338135,GA_tournament_hybrid_adaptive_random_withLS_withNeighborhood,88,1000,1,50.0,60.0,,,,,,adaptive,hybrid,random,True,,,,,,,0.9,0.1,tournament,3.0,True,False,0.5,0.1,0.35,5.0,2.0,,,,,,,,,,,,,,
J90_2.RCP,0,116.57515495867769,1.946429967880249,GA_tournament_hybrid_adaptive_random_withLS_noNeighborhood,88,1000,0,50.0,60.0,,,,,,adaptive,hybrid,random,True,,,,,,,0.9,0.1,tournament,3.0,True,False,0.5,0.1,0.35,5.0,0.0,,,,,,,,,,,,,,
J90_2.RCP,1,116.77970041322314,2.112981081008911,GA_tournament_hybrid_adaptive_random_withLS_noNeighborhood,88,1000,1,50.0,60.0,,,,,,adaptive,hybrid,random,True,,,,,,,0.9,0.1,tournament,3.0,True,False,0.5,0.1,0.35,5.0,0.0,,,,,,,,,,,,,,
J90_2.RCP,0,106.77970041322314,7.0042948722839355,GA_tournament_hybrid_adaptive_random_noLS_withNeighborhood,88,1000,0,50.0,60.0,,,,,,adaptive,hybrid,random,False,,,,,,,0.9,0.1,tournament,3.0,True,False,0.5,0.1,0.35,5.0,2.0,,,,,,,,,,,,,,
J90_2.RCP,1,98.84788223140495,7.002915143966675,GA_tournament_hybrid_adaptive_random_noLS_withNeighborhood,88,1000,1,50.0,60.0,,,,,,adaptive,hybrid,random,False,,,,,,,0.9,0.1,tournament,3.0,True,False,0.5,0.1,0.35,5.0,2.0,,,,,,,,,,,,,,
J90_2.RCP,0,106.77970041322314,6.9950127601623535,GA_tournament_hybrid_adaptive_random_noLS_noNeighborhood,88,1000,0,50.0,60.0,,,,,,adaptive,hybrid,random,False,,,,,,,0.9,0.1,tournament,3.0,True,False,0.5,0.1,0.35,5.0,0.0,,,,,,,,,,,,,,
J90_2.RCP,1,98.84788223140495,7.025745153427124,GA_tournament_hybrid_adaptive_random_noLS_noNeighborhood,88,1000,1,50.0,60.0,,,,,,adaptive,hybrid,random,False,,,,,,,0.9,0.1,tournament,3.0,True,False,0.5,0.1,0.35,5.0,0.0,,,,,,,,,,,,,,
J90_2.RCP,0,122.02970041322314,1.974194049835205,GA_tournament_hybrid_adaptive_heuristic_withLS_withNeighborhood,88,1000,0,50.0,60.0,,,,,,adaptive,hybrid,heuristic,True,,,,,,,0.9,0.1,tournament,3.0,True,False,0.5,0.1,0.35,5.0,2.0,,,,,,,,,,,,,,
J90_2.RCP,1,114.3933367768595,1.9140331745147705,GA_tournament_hybrid_adaptive_heuristic_withLS_withNeighborhood,88,1000,1,50.0,60.0,,,,,,adaptive,hybrid,heuristic,True,,,,,,,0.9,0.1,tournament,3.0,True,False,0.5,0.1,0.35,5.0,2.0,,,,,,,,,,,,,,
J90_2.RCP,0,122.02970041322314,2.1335461139678955,GA_tournament_hybrid_adaptive_heuristic_withLS_noNeighborhood,88,1000,0,50.0,60.0,,,,,,adaptive,hybrid,heuristic,True,,,,,,,0.9,0.1,tournament,3.0,True,False,0.5,0.1,0.35,5.0,0.0,,,,,,,,,,,,,,
J90_2.RCP,1,114.3933367768595,2.0736138820648193,GA_tournament_hybrid_adaptive_heuristic_withLS_noNeighborhood,88,1000,1,50.0,60.0,,,,,,adaptive,hybrid,heuristic,True,,,,,,,0.9,0.1,tournament,3.0,True,False,0.5,0.1,0.35,5.0,0.0,,,,,,,,,,,,,,
J90_2.RCP,0,104.16606404958678,7.23912501335144,GA_tournament_hybrid_adaptive_heuristic_noLS_withNeighborhood,88,1000,0,50.0,60.0,,,,,,adaptive,hybrid,heuristic,False,,,,,,,0.9,0.1,tournament,3.0,True,False,0.5,0.1,0.35,5.0,2.0,,,,,,,,,,,,,,
J90_2.RCP,1,97.34788223140495,6.8828160762786865,GA_tournament_hybrid_adaptive_heuristic_noLS_withNeighborhood,88,1000,1,50.0,60.0,,,,,,adaptive,hybrid,heuristic,False,,,,,,,0.9,0.1,tournament,3.0,True,False,0.5,0.1,0.35,5.0,2.0,,,,,,,,,,,,,,
J90_2.RCP,0,104.16606404958678,7.116656064987183,GA_tournament_hybrid_adaptive_heuristic_noLS_noNeighborhood,88,1000,0,50.0,60.0,,,,,,adaptive,hybrid,heuristic,False,,,,,,,0.9,0.1,tournament,3.0,True,False,0.5,0.1,0.35,5.0,0.0,,,,,,,,,,,,,,
J90_2.RCP,1,97.34788223140495,6.873576879501343,GA_tournament_hybrid_adaptive_heuristic_noLS_noNeighborhood,88,1000,1,50.0,60.0,,,,,,adaptive,hybrid,heuristic,False,,,,,,,0.9,0.1,tournament,3.0,True,False,0.5,0.1,0.35,5.0,0.0,,,,,,,,,,,,,,
J90_2.RCP,0,137.05242768595042,0.28575897216796875,SA_default,88,1000,0,,60.0,,,,,,,,,,,,,,,,,,,,,,,,,,,10000.0,0.995,10.0,,,,,,,,,,,
J90_2.RCP,1,132.25697314049586,0.28509092330932617,SA_default,88,1000,1,,60.0,,,,,,,,,,,,,,,,,,,,,,,,,,,10000.0,0.995,10.0,,,,,,,,,,,
J90_2.RCP,0,159.6433367768595,0.27686214447021484,ILS_strength3,88,1000,0,,60.0,100.0,,,,,,,,,,,,,,,,,,,,,,,,,,,,,3.0,,,,,,,,,,
J90_2.RCP,1,159.96151859504133,0.27757692337036133,ILS_strength3,88,1000,1,,60.0,100.0,,,,,,,,,,,,,,,,,,,,,,,,,,,,,3.0,,,,,,,,,,
J90_2.RCP,0,159.6433367768595,0.2765178680419922,ILS_strength5,88,1000,0,,60.0,100.0,,,,,,,,,,,,,,,,,,,,,,,,,,,,,5.0,,,,,,,,,,
J90_2.RCP,1,159.96151859504133,0.27748990058898926,ILS_strength5,88,1000,1,,60.0,100.0,,,,,,,,,,,,,,,,,,,,,,,,,,,,,5.0,,,,,,,,,,
J90_2.RCP,0,159.6433367768595,0.27734971046447754,ILS_strength7,88,1000,0,,60.0,100.0,,,,,,,,,,,,,,,,,,,,,,,,,,,,,7.0,,,,,,,,,,
J90_2.RCP,1,159.96151859504133,0.2802560329437256,ILS_strength7,88,1000,1,,60.0,100.0,,,,,,,,,,,,,,,,,,,,,,,,,,,,,7.0,,,,,,,,,,
J90_2.RCP,0,159.6433367768595,0.27960801124572754,ILS_strength10,88,1000,0,,60.0,100.0,,,,,,,,,,,,,,,,,,,,,,,,,,,,,10.0,,,,,,,,,,
J90_2.RCP,1,159.96151859504133,0.2807588577270508,ILS_strength10,88,1000,1,,60.0,100.0,,,,,,,,,,,,,,,,,,,,,,,,,,,,,10.0,,,,,,,,,,
J90_2.RCP,0,159.6433367768595,0.27964067459106445,ILS_strength15,88,1000,0,,60.0,100.0,,,,,,,,,,,,,,,,,,,,,,,,,,,,,15.0,,,,,,,,,,
J90_2.RCP,1,159.96151859504133,0.2809569835662842,ILS_strength15,88,1000,1,,60.0,100.0,,,,,,,,,,,,,,,,,,,,,,,,,,,,,15.0,,,,,,,,,,
J90_2.RCP,0,72.21151859504133,0.2910950183868408,TS_static,88,1000,0,,60.0,100.0,,,,,,,,,,,,,,,,,,,,,,,,,20.0,,,,,10.0,True,static,1.0,4.0,10.0,,,,
J90_2.RCP,1,87.57515495867769,0.28691983222961426,TS_static,88,1000,1,,60.0,100.0,,,,,,,,,,,,,,,,,,,,,,,,,20.0,,,,,10.0,True,static,1.0,4.0,10.0,,,,
J90_2.RCP,0,72.21151859504133,0.2859652042388916,TS_dynamic,88,1000,0,,60.0,100.0,,,,,,,,,,,,,,,,,,,,,,,,,20.0,,,,,10.0,True,dynamic,1.0,4.0,10.0,,,,
J90_2.RCP,1,87.57515495867769,0.2865571975708008,TS_dynamic,88,1000,1,,60.0,100.0,,,,,,,,,,,,,,,,,,,,,,,,,20.0,,,,,10.0,True,dynamic,1.0,4.0,10.0,,,,
J90_2.RCP,0,156.66606404958677,0.3490931987762451,PR_forward_best_withLS,88,1000,0,,60.0,100.0,,,,,,,,True,,,,,,,,,best,,,,,,,,,,,,,,,,,,,10.0,forward,50.0,
J90_2.RCP,1,116.34788223140495,0.3420698642730713,PR_forward_best_withLS,88,1000,1,,60.0,100.0,,,,,,,,True,,,,,,,,,best,,,,,,,,,,,,,,,,,,,10.0,forward,50.0,
J90_2.RCP,0,139.98424586776858,0.12369918823242188,PR_forward_best_noLS,88,1000,0,,60.0,100.0,,,,,,,,False,,,,,,,,,best,,,,,,,,,,,,,,,,,,,10.0,forward,50.0,
J90_2.RCP,1,116.71151859504131,0.11389708518981934,PR_forward_best_noLS,88,1000,1,,60.0,100.0,,,,,,,,False,,,,,,,,,best,,,,,,,,,,,,,,,,,,,10.0,forward,50.0,
J90_2.RCP,0,140.02970041322314,0.34430909156799316,PR_forward_random_two_withLS,88,1000,0,,60.0,100.0,,,,,,,,True,,,,,,,,,random_two,,,,,,,,,,,,,,,,,,,10.0,forward,50.0,
J90_2.RCP,1,119.84788223140495,0.3437471389770508,PR_forward_random_two_withLS,88,1000,1,,60.0,100.0,,,,,,,,True,,,,,,,,,random_two,,,,,,,,,,,,,,,,,,,10.0,forward,50.0,
J90_2.RCP,0,134.59788223140495,0.06981301307678223,PR_forward_random_two_noLS,88,1000,0,,60.0,100.0,,,,,,,,False,,,,,,,,,random_two,,,,,,,,,,,,,,,,,,,10.0,forward,50.0,
J90_2.RCP,1,117.75697314049586,0.06998205184936523,PR_forward_random_two_noLS,88,1000,1,,60.0,100.0,,,,,,,,False,,,,,,,,,random_two,,,,,,,,,,,,,,,,,,,10.0,forward,50.0,
J90_2.RCP,0,137.91606404958677,0.3434281349182129,PR_backward_best_withLS,88,1000,0,,60.0,100.0,,,,,,,,True,,,,,,,,,best,,,,,,,,,,,,,,,,,,,10.0,backward,50.0,
J90_2.RCP,1,134.1433367768595,0.3426249027252197,PR_backward_best_withLS,88,1000,1,,60.0,100.0,,,,,,,,True,,,,,,,,,best,,,,,,,,,,,,,,,,,,,10.0,backward,50.0,
J90_2.RCP,0,141.27970041322314,0.11649727821350098,PR_backward_best_noLS,88,1000,0,,60.0,100.0,,,,,,,,False,,,,,,,,,best,,,,,,,,,,,,,,,,,,,10.0,backward,50.0,
J90_2.RCP,1,138.57515495867767,0.10834288597106934,PR_backward_best_noLS,88,1000,1,,60.0,100.0,,,,,,,,False,,,,,,,,,best,,,,,,,,,,,,,,,,,,,10.0,backward,50.0,
J90_2.RCP,0,132.12060950413223,0.34346604347229004,PR_backward_random_two_withLS,88,1000,0,,60.0,100.0,,,,,,,,True,,,,,,,,,random_two,,,,,,,,,,,,,,,,,,,10.0,backward,50.0,
J90_2.RCP,1,116.66606404958678,0.3417339324951172,PR_backward_random_two_withLS,88,1000,1,,60.0,100.0,,,,,,,,True,,,,,,,,,random_two,,,,,,,,,,,,,,,,,,,10.0,backward,50.0,
J90_2.RCP,0,138.27970041322314,0.07064604759216309,PR_backward_random_two_noLS,88,1000,0,,60.0,100.0,,,,,,,,False,,,,,,,,,random_two,,,,,,,,,,,,,,,,,,,10.0,backward,50.0,
J90_2.RCP,1,115.6433367768595,0.07140707969665527,PR_backward_random_two_noLS,88,1000,1,,60.0,100.0,,,,,,,,False,,,,,,,,,random_two,,,,,,,,,,,,,,,,,,,10.0,backward,50.0,
J90_2.RCP,0,128.52970041322314,2.368504047393799,GSA_default,88,1000,0,50.0,60.0,100.0,,,,,,,random,,,,,,,,,,,,True,,20.0,,,,,,,,,,,,,,,,,,100.0
J90_2.RCP,1,127.1433367768595,2.3600828647613525,GSA_default,88,1000,1,50.0,60.0,100.0,,,,,,,random,,,,,,,,,,,,True,,20.0,,,,,,,,,,,,,,,,,,100.0
j120_1.rcp,0,176.81481481481478,0.48860716819763184,DE_rand/1_adaptiveF_bin_adaptiveCR_withLS,99,1000,0,50.0,60.0,100.0,0.1,0.9,True,True,rand/1,bin,random,True,5.0,0.3,1.5,0.3,1.0,1.0,,,,,,,,,,,,,,,,,,,,,,,,,
j120_1.rcp,1,181.3804713804714,0.4882678985595703,DE_rand/1_adaptiveF_bin_adaptiveCR_withLS,99,1000,1,50.0,60.0,100.0,0.1,0.9,True,True,rand/1,bin,random,True,5.0,0.3,1.5,0.3,1.0,1.0,,,,,,,,,,,,,,,,,,,,,,,,,
j120_1.rcp,0,190.89562289562292,0.4877591133117676,DE_rand/1_adaptiveF_bin_adaptiveCR_noLS,99,1000,0,50.0,60.0,100.0,0.1,0.9,True,True,rand/1,bin,random,False,5.0,0.3,1.5,0.3,1.0,1.0,,,,,,,,,,,,,,,,,,,,,,,,,
j120_1.rcp,1,180.6734006734007,0.48290300369262695,DE_rand/1_adaptiveF_bin_adaptiveCR_noLS,99,1000,1,50.0,60.0,100.0,0.1,0.9,True,True,rand/1,bin,random,False,5.0,0.3,1.5,0.3,1.0,1.0,,,,,,,,,,,,,,,,,,,,,,,,,
j120_1.rcp,0,161.54208754208756,0.4860508441925049,DE_rand/1_adaptiveF_bin_fixedCR_withLS,99,1000,0,50.0,60.0,100.0,0.1,0.9,True,False,rand/1,bin,random,True,5.0,0.3,1.5,0.3,1.0,1.0,,,,,,,,,,,,,,,,,,,,,,,,,
j120_1.rcp,1,175.34006734006732,0.48682212829589844,DE_rand/1_adaptiveF_bin_fixedCR_withLS,99,1000,1,50.0,60.0,100.0,0.1,0.9,True,False,rand/1,bin,random,True,5.0,0.3,1.5,0.3,1.0,1.0,,,,,,,,,,,,,,,,,,,,,,,,,
j120_1.rcp,0,170.8754208754209,0.48200488090515137,DE_rand/1_adaptiveF_bin_fixedCR_noLS,99,1000,0,50.0,60.0,100.0,0.1,0.9,True,False,rand/1,bin,random,False,5.0,0.3,1.5,0.3,1.0,1.0,,,,,,,,,,,,,,,,,,,,,,,,,
j120_1.rcp,1,167.05723905723906,0.4827840328216553,DE_rand/1_adaptiveF_bin_fixedCR_noLS,99,1000,1,50.0,60.0,100.0,0.1,0.9,True,False,rand/1,bin,random,False,5.0,0.3,1.5,0.3,1.0,1.0,,,,,,,,,,,,,,,,,,,,,,,,,
j120_1.rcp,0,199.90572390572393,0.49089884757995605,DE_rand/1_adaptiveF_exp_adaptiveCR_withLS,99,1000,0,50.0,60.0,100.0,0.1,0.9,True,True,rand/1,exp,random,True,5.0,0.3,1.5,0.3,1.0,1.0,,,,,,,,,,,,,,,,,,,,,,,,,
j120_1.rcp,1,197.64309764309766,0.4909977912902832,DE_rand/1_adaptiveF_exp_adaptiveCR_withLS,99,1000,1,50.0,60.0,100.0,0.1,0.9,True,True,rand/1,exp,random,True,5.0,0.3,1.5,0.3,1.0,1.0,,,,,,,,,,,,,,,,,,,,,,,,,
j120_1.rcp,0,161.54208754208756,0.4850478172302246,DE_rand/1_adaptiveF_exp_adaptiveCR_noLS,99,1000,0,50.0,60.0,100.0,0.1,0.9,True,True,rand/1,exp,random,False,5.0,0.3,1.5,0.3,1.0,1.0,,,,,,,,,,,,,,,,,,,,,,,,,
j120_1.rcp,1,200.47138047138048,0.48821282386779785,DE_rand/1_adaptiveF_exp_adaptiveCR_noLS,99,1000,1,50.0,60.0,100.0,0.1,0.9,True,True,rand/1,exp,random,False,5.0,0.3,1.5,0.3,1.0,1.0,,,,,,,,,,,,,,,,,,,,,,,,,
j120_1.rcp,0,174.5925925925926,0.4904181957244873,DE_rand/1_adaptiveF_exp_fixedCR_withLS,99,1000,0,50.0,60.0,100.0,0.1,0.9,True,False,rand/1,exp,random,True,5.0,0.3,1.5,0.3,1.0,1.0,,,,,,,,,,,,,,,,,,,,,,,,,
j120_1.rcp,1,182.996632996633,0.4900498390197754,DE_rand/1_adaptiveF_exp_fixedCR_withLS,99,1000,1,50.0,60.0,100.0,0.1,0.9,True,False,rand/1,exp,random,True,5.0,0.3,1.5,0.3,1.0,1.0,,,,,,,,,,,,,,,,,,,,,,,,,
j120_1.rcp,0,145.82491582491585,0.48412513732910156,DE_rand/1_adaptiveF_exp_fixedCR_noLS,99,1000,0,50.0,60.0,100.0,0.1,0.9,True,False,rand/1,exp,random,False,5.0,0.3,1.5,0.3,1.0,1.0,,,,,,,,,,,,,,,,,,,,,,,,,
j120_1.rcp,1,166.18855218855225,0.4843871593475342,DE_rand/1_adaptiveF_exp_fixedCR_noLS,99,1000,1,50.0,60.0,100.0,0.1,0.9,True,False,rand/1,exp,random,False,5.0,0.3,1.5,0.3,1.0,1.0,,,,,,,,,,,,,,,,,,,,,,,,,
j120_1.rcp,0,176.81481481481478,0.5141341686248779,DE_rand/1_fixedF_bin_adaptiveCR_withLS,99,1000,0,50.0,60.0,100.0,0.1,0.9,False,True,rand/1,bin,random,True,5.0,0.3,1.5,0.3,1.0,1.0,,,,,,,,,,,,,,,,,,,,,,,,,
j120_1.rcp,1,197.66329966329968,0.51326584815979,DE_rand/1_fixedF_bin_adaptiveCR_withLS,99,1000,1,50.0,60.0,100.0,0.1,0.9,False,True,rand/1,bin,random,True,5.0,0.3,1.5,0.3,1.0,1.0,,,,,,,,,,,,,,,,,,,,,,,,,
j120_1.rcp,0,190.6531986531987,0.5094940662384033,DE_rand/1_fixedF_bin_adaptiveCR_noLS,99,1000,0,50.0,60.0,100.0,0.1,0.9,False,True,rand/1,bin,random,False,5.0,0.3,1.5,0.3,1.0,1.0,,,,,,,,,,,,,,,,,,,,,,,,,
j120_1.rcp,1,196.91582491582494,0.5059409141540527,DE_rand/1_fixedF_bin_adaptiveCR_noLS,99,1000,1,50.0,60.0,100.0,0.1,0.9,False,True,rand/1,bin,random,False,5.0,0.3,1.5,0.3,1.0,1.0,,,,,,,,,,,,,,,,,,,,,,,,,
j120_1.rcp,0,176.81481481481478,0.5032267570495605,DE_rand/1_fixedF_bin_fixedCR_withLS,99,1000,0,50.0,60.0,100.0,0.1,0.9,False,False,rand/1,bin,random,True,5.0,0.3,1.5,0.3,1.0,1.0,,,,,,,,,,,,,,,,,,,,,,,,,
j120_1.rcp,1,190.35016835016836,0.5041122436523438,DE_rand/1_fixedF_bin_fixedCR_withLS,99,1000,1,50.0,60.0,100.0,0.1,0.9,False,False,rand/1,bin,random,True,5.0,0.3,1.5,0.3,1.0,1.0,,,,,,,,,,,,,,,,,,,,,,,,,
j120_1.rcp,0,178.24915824915826,0.5022149085998535,DE_rand/1_fixedF_bin_fixedCR_noLS,99,1000,0,50.0,60.0,100.0,0.1,0.9,False,False,rand/1,bin,random,False,5.0,0.3,1.5,0.3,1.0,1.0,,,,,,,,,,,,,,,,,,,,,,,,,
j120_1.rcp,1,180.83501683501686,0.49800872802734375,DE_rand/1_fixedF_bin_fixedCR_noLS,99,1000,1,50.0,60.0,100.0,0.1,0.9,False,False,rand/1,bin,random,False,5.0,0.3,1.5,0.3,1.0,1.0,,,,,,,,,,,,,,,,,,,,,,,,,
j120_1.rcp,0,199.90572390572393,0.517427921295166,DE_rand/1_fixedF_exp_adaptiveCR_withLS,99,1000,0,50.0,60.0,100.0,0.1,0.9,False,True,rand/1,exp,random,True,5.0,0.3,1.5,0.3,1.0,1.0,,,,,,,,,,,,,,,,,,,,,,,,,
j120_1.rcp,1,204.26936026936028,0.5156228542327881,DE_rand/1_fixedF_exp_adaptiveCR_withLS,99,1000,1,50.0,60.0,100.0,0.1,0.9,False,True,rand/1,exp,random,True,5.0,0.3,1.5,0.3,1.0,1.0,,,,,,,,,,,,,,,,,,,,,,,,,
j120_1.rcp,0,169.34006734006735,0.5117738246917725,DE_rand/1_fixedF_exp_adaptiveCR_noLS,99,1000,0,50.0,60.0,100.0,0.1,0.9,False,True,rand/1,exp,random,False,5.0,0.3,1.5,0.3,1.0,1.0,,,,,,,,,,,,,,,,,,,,,,,,,
j120_1.rcp,1,207.2996632996633,0.5108258724212646,DE_rand/1_fixedF_exp_adaptiveCR_noLS,99,1000,1,50.0,60.0,100.0,0.1,0.9,False,True,rand/1,exp,random,False,5.0,0.3,1.5,0.3,1.0,1.0,,,,,,,,,,,,,,,,,,,,,,,,,
j120_1.rcp,0,191.72390572390574,0.5082821846008301,DE_rand/1_fixedF_exp_fixedCR_withLS,99,1000,0,50.0,60.0,100.0,0.1,0.9,False,False,rand/1,exp,random,True,5.0,0.3,1.5,0.3,1.0,1.0,,,,,,,,,,,,,,,,,,,,,,,,,
j120_1.rcp,1,186.7340067340067,0.5080218315124512,DE_rand/1_fixedF_exp_fixedCR_withLS,99,1000,1,50.0,60.0,100.0,0.1,0.9,False,False,rand/1,exp,random,True,5.0,0.3,1.5,0.3,1.0,1.0,,,,,,,,,,,,,,,,,,,,,,,,,
j120_1.rcp,0,180.5925925925926,0.503342866897583,DE_rand/1_fixedF_exp_fixedCR_noLS,99,1000,0,50.0,60.0,100.0,0.1,0.9,False,False,rand/1,exp,random,False,5.0,0.3,1.5,0.3,1.0,1.0,,,,,,,,,,,,,,,,,,,,,,,,,
j120_1.rcp,1,191.21885521885523,0.5015459060668945,DE_rand/1_fixedF_exp_fixedCR_noLS,99,1000,1,50.0,60.0,100.0,0.1,0.9,False,False,rand/1,exp,random,False,5.0,0.3,1.5,0.3,1.0,1.0,,,,,,,,,,,,,,,,,,,,,,,,,
j120_1.rcp,0,195.7643097643098,0.49979496002197266,DE_rand/2_adaptiveF_bin_adaptiveCR_withLS,99,1000,0,50.0,60.0,100.0,0.1,0.9,True,True,rand/2,bin,random,True,5.0,0.3,1.5,0.3,1.0,1.0,,,,,,,,,,,,,,,,,,,,,,,,,
j120_1.rcp,1,186.22895622895626,0.498615026473999,DE_rand/2_adaptiveF_bin_adaptiveCR_withLS,99,1000,1,50.0,60.0,100.0,0.1,0.9,True,True,rand/2,bin,random,True,5.0,0.3,1.5,0.3,1.0,1.0,,,,,,,,,,,,,,,,,,,,,,,,,
j120_1.rcp,0,193.82491582491585,0.49329113960266113,DE_rand/2_adaptiveF_bin_adaptiveCR_noLS,99,1000,0,50.0,60.0,100.0,0.1,0.9,True,True,rand/2,bin,random,False,5.0,0.3,1.5,0.3,1.0,1.0,,,,,,,,,,,,,,,,,,,,,,,,,
j120_1.rcp,1,197.60269360269365,0.49387311935424805,DE_rand/2_adaptiveF_bin_adaptiveCR_noLS,99,1000,1,50.0,60.0,100.0,0.1,0.9,True,True,rand/2,bin,random,False,5.0,0.3,1.5,0.3,1.0,1.0,,,,,,,,,,,,,,,,,,,,,,,,,
j120_1.rcp,0,159.48148148148152,0.4978761672973633,DE_rand/2_adaptiveF_bin_fixedCR_withLS,99,1000,0,50.0,60.0,100.0,0.1,0.9,True,False,rand/2,bin,random,True,5.0,0.3,1.5,0.3,1.0,1.0,,,,,,,,,,,,,,,,,,,,,,,,,
j120_1.rcp,1,154.6734006734007,0.49695515632629395,DE_rand/2_adaptiveF_bin_fixedCR_withLS,99,1000,1,50.0,60.0,100.0,0.1,0.9,True,False,rand/2,bin,random,True,5.0,0.3,1.5,0.3,1.0,1.0,,,,,,,,,,,,,,,,,,,,,,,,,
j120_1.rcp,0,144.02693602693603,0.4916369915008545,DE_rand/2_adaptiveF_bin_fixedCR_noLS,99,1000,0,50.0,60.0,100.0,0.1,0.9,True,False,rand/2,bin,random,False,5.0,0.3,1.5,0.3,1.0,1.0,,,,,,,,,,,,,,,,,,,,,,,,,
j120_1.rcp,1,160.49158249158253,0.49079108238220215,DE_rand/2_adaptiveF_bin_fixedCR_noLS,99,1000,1,50.0,60.0,100.0,0.1,0.9,True,False,rand/2,bin,random,False,5.0,0.3,1.5,0.3,1.0,1.0,,,,,,,,,,,,,,,,,,,,,,,,,
j120_1.rcp,0,190.83501683501686,0.5010030269622803,DE_rand/2_adaptiveF_exp_adaptiveCR_withLS,99,1000,0,50.0,60.0,100.0,0.1,0.9,True,True,rand/2,exp,random,True,5.0,0.3,1.5,0.3,1.0,1.0,,,,,,,,,,,,,,,,,,,,,,,,,
j120_1.rcp,1,202.8552188552189,0.5006892681121826,DE_rand/2_adaptiveF_exp_adaptiveCR_withLS,99,1000,1,50.0,60.0,100.0,0.1,0.9,True,True,rand/2,exp,random,True,5.0,0.3,1.5,0.3,1.0,1.0,,,,,,,,,,,,,,,,,,,,,,,,,
j120_1.rcp,0,199.90572390572393,0.4961211681365967,DE_rand/2_adaptiveF_exp_adaptiveCR_noLS,99,1000,0,50.0,60.0,100.0,0.1,0.9,True,True,rand/2,exp,random,False,5.0,0.3,1.5,0.3,1.0,1.0,,,,,,,,,,,,,,,,,,,,,,,,,
j120_1.rcp,1,201.01683501683502,0.4988999366760254,DE_rand/2_adaptiveF_exp_adaptiveCR_noLS,99,1000,1,50.0,60.0,100.0,0.1,0.9,True,True,rand/2,exp,random,False,5.0,0.3,1.5,0.3,1.0,1.0,,,,,,,,,,,,,,,,,,,,,,,,,
j120_1.rcp,0,160.12794612794613,0.4987797737121582,DE_rand/2_adaptiveF_exp_fixedCR_withLS,99,1000,0,50.0,60.0,100.0,0.1,0.9,True,False,rand/2,exp,random,True,5.0,0.3,1.5,0.3,1.0,1.0,,,,,,,,,,,,,,,,,,,,,,,,,
j120_1.rcp,1,163.07744107744108,0.4976518154144287,DE_rand/2_adaptiveF_exp_fixedCR_withLS,99,1000,1,50.0,60.0,100.0,0.1,0.9,True,False,rand/2,exp,random,True,5.0,0.3,1.5,0.3,1.0,1.0,,,,,,,,,,,,,,,,,,,,,,,,,
j120_1.rcp,0,155.64309764309766,0.4942281246185303,DE_rand/2_adaptiveF_exp_fixedCR_noLS,99,1000,0,50.0,60.0,100.0,0.1,0.9,True,False,rand/2,exp,random,False,5.0,0.3,1.5,0.3,1.0,1.0,,,,,,,,,,,,,,,,,,,,,,,,,
j120_1.rcp,1,169.31986531986533,0.4946901798248291,DE_rand/2_adaptiveF_exp_fixedCR_noLS,99,1000,1,50.0,60.0,100.0,0.1,0.9,True,False,rand/2,exp,random,False,5.0,0.3,1.5,0.3,1.0,1.0,,,,,,,,,,,,,,,,,,,,,,,,,
j120_1.rcp,0,199.90572390572393,0.6209959983825684,DE_rand/2_fixedF_bin_adaptiveCR_withLS,99,1000,0,50.0,60.0,100.0,0.1,0.9,False,True,rand/2,bin,random,True,5.0,0.3,1.5,0.3,1.0,1.0,,,,,,,,,,,,,,,,,,,,,,,,,
j120_1.rcp,1,204.20875420875421,0.5532228946685791,DE_rand/2_fixedF_bin_adaptiveCR_withLS,99,1000,1,50.0,60.0,100.0,0.1,0.9,False,True,rand/2,bin,random,True,5.0,0.3,1.5,0.3,1.0,1.0,,,,,,,,,,,,,,,,,,,,,,,,,
j120_1.rcp,0,184.93602693602693,0.5513820648193359,DE_rand/2_fixedF_bin_adaptiveCR_noLS,99,1000,0,50.0,60.0,100.0,0.1,0.9,False,True,rand/2,bin,random,False,5.0,0.3,1.5,0.3,1.0,1.0,,,,,,,,,,,,,,,,,,,,,,,,,
j120_1.rcp,1,196.67340067340072,0.5408608913421631,DE_rand/2_fixedF_bin_adaptiveCR_noLS,99,1000,1,50.0,60.0,100.0,0.1,0.9,False,True,rand/2,bin,random,False,5.0,0.3,1.5,0.3,1.0,1.0,,,,,,,,,,,,,,,,,,,,,,,,,
j120_1.rcp,0,166.79461279461276,0.5361402034759521,DE_rand/2_fixedF_bin_fixedCR_withLS,99,1000,0,50.0,60.0,100.0,0.1,0.9,False,False,rand/2,bin,random,True,5.0,0.3,1.5,0.3,1.0,1.0,,,,,,,,,,,,,,,,,,,,,,,,,
j120_1.rcp,1,195.90572390572396,0.5654549598693848,DE_rand/2_fixedF_bin_fixedCR_withLS,99,1000,1,50.0,60.0,100.0,0.1,0.9,False,False,rand/2,bin,random,True,5.0,0.3,1.5,0.3,1.0,1.0,,,,,,,,,,,,,,,,,,,,,,,,,
j120_1.rcp,0,171.986531986532,0.5266940593719482,DE_rand/2_fixedF_bin_fixedCR_noLS,99,1000,0,50.0,60.0,100.0,0.1,0.9,False,False,rand/2,bin,random,False,5.0,0.3,1.5,0.3,1.0,1.0,,,,,,,,,,,,,,,,,,,,,,,,,
j120_1.rcp,1,184.04713804713805,0.5318610668182373,DE_rand/2_fixedF_bin_fixedCR_noLS,99,1000,1,50.0,60.0,100.0,0.1,0.9,False,False,rand/2,bin,random,False,5.0,0.3,1.5,0.3,1.0,1.0,,,,,,,,,,,,,,,,,,,,,,,,,
j120_1.rcp,0,191.62289562289567,0.6004693508148193,DE_rand/2_fixedF_exp_adaptiveCR_withLS,99,1000,0,50.0,60.0,100.0,0.1,0.9,False,True,rand/2,exp,random,True,5.0,0.3,1.5,0.3,1.0,1.0,,,,,,,,,,,,,,,,,,,,,,,,,
j120_1.rcp,1,214.1885521885522,0.5569379329681396,DE_rand/2_fixedF_exp_adaptiveCR_withLS,99,1000,1,50.0,60.0,100.0,0.1,0.9,False,True,rand/2,exp,random,True,5.0,0.3,1.5,0.3,1.0,1.0,,,,,,,,,,,,,,,,,,,,,,,,,
j120_1.rcp,0,194.61279461279466,0.5731449127197266,DE_rand/2_fixedF_exp_adaptiveCR_noLS,99,1000,0,50.0,60.0,100.0,0.1,0.9,False,True,rand/2,exp,random,False,5.0,0.3,1.5,0.3,1.0,1.0,,,,,,,,,,,,,,,,,,,,,,,,,
j120_1.rcp,1,206.41077441077442,0.5658121109008789,DE_rand/2_fixedF_exp_adaptiveCR_noLS,99,1000,1,50.0,60.0,100.0,0.1,0.9,False,True,rand/2,exp,random,False,5.0,0.3,1.5,0.3,1.0,1.0,,,,,,,,,,,,,,,,,,,,,,,,,
j120_1.rcp,0,179.36026936026937,0.5373191833496094,DE_rand/2_fixedF_exp_fixedCR_withLS,99,1000,0,50.0,60.0,100.0,0.1,0.9,False,False,rand/2,exp,random,True,5.0,0.3,1.5,0.3,1.0,1.0,,,,,,,,,,,,,,,,,,,,,,,,,
j120_1.rcp,1,169.62289562289564,0.5392491817474365,DE_rand/2_fixedF_exp_fixedCR_withLS,99,1000,1,50.0,60.0,100.0,0.1,0.9,False,False,rand/2,exp,random,True,5.0,0.3,1.5,0.3,1.0,1.0,,,,,,,,,,,,,,,,,,,,,,,,,
j120_1.rcp,0,185.36026936026937,0.530817985534668,DE_rand/2_fixedF_exp_fixedCR_noLS,99,1000,0,50.0,60.0,100.0,0.1,0.9,False,False,rand/2,exp,random,False,5.0,0.3,1.5,0.3,1.0,1.0,,,,,,,,,,,,,,,,,,,,,,,,,
j120_1.rcp,1,189.96632996633002,0.5266001224517822,DE_rand/2_fixedF_exp_fixedCR_noLS,99,1000,1,50.0,60.0,100.0,0.1,0.9,False,False,rand/2,exp,random,False,5.0,0.3,1.5,0.3,1.0,1.0,,,,,,,,,,,,,,,,,,,,,,,,,
j120_1.rcp,0,199.90572390572393,0.4917640686035156,DE_best/1_adaptiveF_bin_adaptiveCR_withLS,99,1000,0,50.0,60.0,100.0,0.1,0.9,True,True,best/1,bin,random,True,5.0,0.3,1.5,0.3,1.0,1.0,,,,,,,,,,,,,,,,,,,,,,,,,
j120_1.rcp,1,186.2895622895623,0.4920039176940918,DE_best/1_adaptiveF_bin_adaptiveCR_withLS,99,1000,1,50.0,60.0,100.0,0.1,0.9,True,True,best/1,bin,random,True,5.0,0.3,1.5,0.3,1.0,1.0,,,,,,,,,,,,,,,,,,,,,,,,,
j120_1.rcp,0,188.32996632996634,0.48706912994384766,DE_best/1_adaptiveF_bin_adaptiveCR_noLS,99,1000,0,50.0,60.0,100.0,0.1,0.9,True,True,best/1,bin,random,False,5.0,0.3,1.5,0.3,1.0,1.0,,,,,,,,,,,,,,,,,,,,,,,,,
j120_1.rcp,1,163.1986531986532,0.4856739044189453,DE_best/1_adaptiveF_bin_adaptiveCR_noLS,99,1000,1,50.0,60.0,100.0,0.1,0.9,True,True,best/1,bin,random,False,5.0,0.3,1.5,0.3,1.0,1.0,,,,,,,,,,,,,,,,,,,,,,,,,
j120_1.rcp,0,143.986531986532,0.49094390869140625,DE_best/1_adaptiveF_bin_fixedCR_withLS,99,1000,0,50.0,60.0,100.0,0.1,0.9,True,False,best/1,bin,random,True,5.0,0.3,1.5,0.3,1.0,1.0,,,,,,,,,,,,,,,,,,,,,,,,,
j120_1.rcp,1,150.89562289562292,0.4905710220336914,DE_best/1_adaptiveF_bin_fixedCR_withLS,99,1000,1,50.0,60.0,100.0,0.1,0.9,True,False,best/1,bin,random,True,5.0,0.3,1.5,0.3,1.0,1.0,,,,,,,,,,,,,,,,,,,,,,,,,
j120_1.rcp,0,137.86531986531986,0.4842371940612793,DE_best/1_adaptiveF_bin_fixedCR_noLS,99,1000,0,50.0,60.0,100.0,0.1,0.9,True,False,best/1,bin,random,False,5.0,0.3,1.5,0.3,1.0,1.0,,,,,,,,,,,,,,,,,,,,,,,,,
j120_1.rcp,1,147.90572390572393,0.48852014541625977,DE_best/1_adaptiveF_bin_fixedCR_noLS,99,1000,1,50.0,60.0,100.0,0.1,0.9,True,False,best/1,bin,random,False,5.0,0.3,1.5,0.3,1.0,1.0,,,,,,,,,,,,,,,,,,,,,,,,,
j120_1.rcp,0,183.5218855218855,0.4968991279602051,DE_best/1_adaptiveF_exp_adaptiveCR_withLS,99,1000,0,50.0,60.0,100.0,0.1,0.9,True,True,best/1,exp,random,True,5.0,0.3,1.5,0.3,1.0,1.0,,,,,,,,,,,,,,,,,,,,,,,,,
j120_1.rcp,1,187.68350168350173,0.49628281593322754,DE_best/1_adaptiveF_exp_adaptiveCR_withLS,99,1000,1,50.0,60.0,100.0,0.1,0.9,True,True,best/1,exp,random,True,5.0,0.3,1.5,0.3,1.0,1.0,,,,,,,,,,,,,,,,,,,,,,,,,
j120_1.rcp,0,181.9259259259259,0.4889969825744629,DE_best/1_adaptiveF_exp_adaptiveCR_noLS,99,1000,0,50.0,60.0,100.0,0.1,0.9,True,True,best/1,exp,random,False,5.0,0.3,1.5,0.3,1.0,1.0,,,,,,,,,,,,,,,,,,,,,,,,,
j120_1.rcp,1,184.14814814814815,0.48929691314697266,DE_best/1_adaptiveF_exp_adaptiveCR_noLS,99,1000,1,50.0,60.0,100.0,0.1,0.9,True,True,best/1,exp,random,False,5.0,0.3,1.5,0.3,1.0,1.0,,,,,,,,,,,,,,,,,,,,,,,,,
j120_1.rcp,0,144.08754208754212,0.49282097816467285,DE_best/1_adaptiveF_exp_fixedCR_withLS,99,1000,0,50.0,60.0,100.0,0.1,0.9,True,False,best/1,exp,random,True,5.0,0.3,1.5,0.3,1.0,1.0,,,,,,,,,,,,,,,,,,,,,,,,,
j120_1.rcp,1,136.51178451178453,0.5252079963684082,DE_best/1_adaptiveF_exp_fixedCR_withLS,99,1000,1,50.0,60.0,100.0,0.1,0.9,True,False,best/1,exp,random,True,5.0,0.3,1.5,0.3,1.0,1.0,,,,,,,,,,,,,,,,,,,,,,,,,
j120_1.rcp,0,146.0875420875421,0.5279359817504883,DE_best/1_adaptiveF_exp_fixedCR_noLS,99,1000,0,50.0,60.0,100.0,0.1,0.9,True,False,best/1,exp,random,False,5.0,0.3,1.5,0.3,1.0,1.0,,,,,,,,,,,,,,,,,,,,,,,,,
j120_1.rcp,1,137.01683501683502,0.4924008846282959,DE_best/1_adaptiveF_exp_fixedCR_noLS,99,1000,1,50.0,60.0,100.0,0.1,0.9,True,False,best/1,exp,random,False,5.0,0.3,1.5,0.3,1.0,1.0,,,,,,,,,,,,,,,,,,,,,,,,,
j120_1.rcp,0,175.8653198653199,0.5184471607208252,DE_best/1_fixedF_bin_adaptiveCR_withLS,99,1000,0,50.0,60.0,100.0,0.1,0.9,False,True,best/1,bin,random,True,5.0,0.3,1.5,0.3,1.0,1.0,,,,,,,,,,,,,,,,,,,,,,,,,
j120_1.rcp,1,181.54208754208756,0.5181939601898193,DE_best/1_fixedF_bin_adaptiveCR_withLS,99,1000,1,50.0,60.0,100.0,0.1,0.9,False,True,best/1,bin,random,True,5.0,0.3,1.5,0.3,1.0,1.0,,,,,,,,,,,,,,,,,,,,,,,,,
j120_1.rcp,0,168.30976430976432,0.5152349472045898,DE_best/1_fixedF_bin_adaptiveCR_noLS,99,1000,0,50.0,60.0,100.0,0.1,0.9,False,True,best/1,bin,random,False,5.0,0.3,1.5,0.3,1.0,1.0,,,,,,,,,,,,,,,,,,,,,,,,,
j120_1.rcp,1,164.1885521885522,0.5045862197875977,DE_best/1_fixedF_bin_adaptiveCR_noLS,99,1000,1,50.0,60.0,100.0,0.1,0.9,False,True,best/1,bin,random,False,5.0,0.3,1.5,0.3,1.0,1.0,,,,,,,,,,,,,,,,,,,,,,,,,
j120_1.rcp,0,147.13804713804714,0.49622416496276855,DE_best/1_fixedF_bin_fixedCR_withLS,99,1000,0,50.0,60.0,100.0,0.1,0.9,False,False,best/1,bin,random,True,5.0,0.3,1.5,0.3,1.0,1.0,,,,,,,,,,,,,,,,,,,,,,,,,
j120_1.rcp,1,157.46127946127947,0.49489498138427734,DE_best/1_fixedF_bin_fixedCR_withLS,99,1000,1,50.0,60.0,100.0,0.1,0.9,False,False,best/1,bin,random,True,5.0,0.3,1.5,0.3,1.0,1.0,,,,,,,,,,,,,,,,,,,,,,,,,
j120_1.rcp,0,146.53198653198652,0.4868631362915039,DE_best/1_fixedF_bin_fixedCR_noLS,99,1000,0,50.0,60.0,100.0,0.1,0.9,False,False,best/1,bin,random,False,5.0,0.3,1.5,0.3,1.0,1.0,,,,,,,,,,,,,,,,,,,,,,,,,
j120_1.rcp,1,157.13804713804714,0.4873831272125244,DE_best/1_fixedF_bin_fixedCR_noLS,99,1000,1,50.0,60.0,100.0,0.1,0.9,False,False,best/1,bin,random,False,5.0,0.3,1.5,0.3,1.0,1.0,,,,,,,,,,,,,,,,,,,,,,,,,
j120_1.rcp,0,164.0875420875421,0.5416498184204102,DE_best/1_fixedF_exp_adaptiveCR_withLS,99,1000,0,50.0,60.0,100.0,0.1,0.9,False,True,best/1,exp,random,True,5.0,0.3,1.5,0.3,1.0,1.0,,,,,,,,,,,,,,,,,,,,,,,,,
j120_1.rcp,1,174.7744107744108,0.5503799915313721,DE_best/1_fixedF_exp_adaptiveCR_withLS,99,1000,1,50.0,60.0,100.0,0.1,0.9,False,True,best/1,exp,random,True,5.0,0.3,1.5,0.3,1.0,1.0,,,,,,,,,,,,,,,,,,,,,,,,,
j120_1.rcp,0,171.36026936026937,0.513239860534668,DE_best/1_fixedF_exp_adaptiveCR_noLS,99,1000,0,50.0,60.0,100.0,0.1,0.9,False,True,best/1,exp,random,False,5.0,0.3,1.5,0.3,1.0,1.0,,,,,,,,,,,,,,,,,,,,,,,,,
j120_1.rcp,1,178.10774410774417,0.5111470222473145,DE_best/1_fixedF_exp_adaptiveCR_noLS,99,1000,1,50.0,60.0,100.0,0.1,0.9,False,True,best/1,exp,random,False,5.0,0.3,1.5,0.3,1.0,1.0,,,,,,,,,,,,,,,,,,,,,,,,,
j120_1.rcp,0,138.61279461279463,0.5208919048309326,DE_best/1_fixedF_exp_fixedCR_withLS,99,1000,0,50.0,60.0,100.0,0.1,0.9,False,False,best/1,exp,random,True,5.0,0.3,1.5,0.3,1.0,1.0,,,,,,,,,,,,,,,,,,,,,,,,,
j120_1.rcp,1,148.04713804713805,0.49772095680236816,DE_best/1_fixedF_exp_fixedCR_withLS,99,1000,1,50.0,60.0,100.0,0.1,0.9,False,False,best/1,exp,random,True,5.0,0.3,1.5,0.3,1.0,1.0,,,,,,,,,,,,,,,,,,,,,,,,,
j120_1.rcp,0,144.16835016835017,0.4929327964782715,DE_best/1_fixedF_exp_fixedCR_noLS,99,1000,0,50.0,60.0,100.0,0.1,0.9,False,False,best/1,exp,random,False,5.0,0.3,1.5,0.3,1.0,1.0,,,,,,,,,,,,,,,,,,,,,,,,,
j120_1.rcp,1,147.8855218855219,0.48911428451538086,DE_best/1_fixedF_exp_fixedCR_noLS,99,1000,1,50.0,60.0,100.0,0.1,0.9,False,False,best/1,exp,random,False,5.0,0.3,1.5,0.3,1.0,1.0,,,,,,,,,,,,,,,,,,,,,,,,,
j120_1.rcp,0,184.16835016835017,0.5042979717254639,DE_best/2_adaptiveF_bin_adaptiveCR_withLS,99,1000,0,50.0,60.0,100.0,0.1,0.9,True,True,best/2,bin,random,True,5.0,0.3,1.5,0.3,1.0,1.0,,,,,,,,,,,,,,,,,,,,,,,,,
j120_1.rcp,1,168.22895622895624,0.5027668476104736,DE_best/2_adaptiveF_bin_adaptiveCR_withLS,99,1000,1,50.0,60.0,100.0,0.1,0.9,True,True,best/2,bin,random,True,5.0,0.3,1.5,0.3,1.0,1.0,,,,,,,,,,,,,,,,,,,,,,,,,
j120_1.rcp,0,194.53198653198658,0.4988090991973877,DE_best/2_adaptiveF_bin_adaptiveCR_noLS,99,1000,0,50.0,60.0,100.0,0.1,0.9,True,True,best/2,bin,random,False,5.0,0.3,1.5,0.3,1.0,1.0,,,,,,,,,,,,,,,,,,,,,,,,,
j120_1.rcp,1,173.4006734006734,0.4969053268432617,DE_best/2_adaptiveF_bin_adaptiveCR_noLS,99,1000,1,50.0,60.0,100.0,0.1,0.9,True,True,best/2,bin,random,False,5.0,0.3,1.5,0.3,1.0,1.0,,,,,,,,,,,,,,,,,,,,,,,,,
j120_1.rcp,0,145.64309764309766,0.4985189437866211,DE_best/2_adaptiveF_bin_fixedCR_withLS,99,1000,0,50.0,60.0,100.0,0.1,0.9,True,False,best/2,bin,random,True,5.0,0.3,1.5,0.3,1.0,1.0,,,,,,,,,,,,,,,,,,,,,,,,,
j120_1.rcp,1,162.14814814814815,0.4986879825592041,DE_best/2_adaptiveF_bin_fixedCR_withLS,99,1000,1,50.0,60.0,100.0,0.1,0.9,True,False,best/2,bin,random,True,5.0,0.3,1.5,0.3,1.0,1.0,,,,,,,,,,,,,,,,,,,,,,,,,
j120_1.rcp,0,152.02693602693603,0.49870991706848145,DE_best/2_adaptiveF_bin_fixedCR_noLS,99,1000,0,50.0,60.0,100.0,0.1,0.9,True,False,best/2,bin,random,False,5.0,0.3,1.5,0.3,1.0,1.0,,,,,,,,,,,,,,,,,,,,,,,,,
j120_1.rcp,1,156.83501683501686,0.4947688579559326,DE_best/2_adaptiveF_bin_fixedCR_noLS,99,1000,1,50.0,60.0,100.0,0.1,0.9,True,False,best/2,bin,random,False,5.0,0.3,1.5,0.3,1.0,1.0,,,,,,,,,,,,,,,,,,,,,,,,,
j120_1.rcp,0,190.47138047138048,0.5043671131134033,DE_best/2_adaptiveF_exp_adaptiveCR_withLS,99,1000,0,50.0,60.0,100.0,0.1,0.9,True,True,best/2,exp,random,True,5.0,0.3,1.5,0.3,1.0,1.0,,,,,,,,,,,,,,,,,,,,,,,,,
j120_1.rcp,1,190.43097643097644,0.5058128833770752,DE_best/2_adaptiveF_exp_adaptiveCR_withLS,99,1000,1,50.0,60.0,100.0,0.1,0.9,True,True,best/2,exp,random,True,5.0,0.3,1.5,0.3,1.0,1.0,,,,,,,,,,,,,,,,,,,,,,,,,
j120_1.rcp,0,192.06734006734007,0.5005800724029541,DE_best/2_adaptiveF_exp_adaptiveCR_noLS,99,1000,0,50.0,60.0,100.0,0.1,0.9,True,True,best/2,exp,random,False,5.0,0.3,1.5,0.3,1.0,1.0,,,,,,,,,,,,,,,,,,,,,,,,,
j120_1.rcp,1,166.35016835016836,0.5000436305999756,DE_best/2_adaptiveF_exp_adaptiveCR_noLS,99,1000,1,50.0,60.0,100.0,0.1,0.9,True,True,best/2,exp,random,False,5.0,0.3,1.5,0.3,1.0,1.0,,,,,,,,,,,,,,,,,,,,,,,,,
j120_1.rcp,0,150.71380471380473,0.5023272037506104,DE_best/2_adaptiveF_exp_fixedCR_withLS,99,1000,0,50.0,60.0,100.0,0.1,0.9,True,False,best/2,exp,random,True,5.0,0.3,1.5,0.3,1.0,1.0,,,,,,,,,,,,,,,,,,,,,,,,,
j120_1.rcp,1,149.1582491582492,0.5017127990722656,DE_best/2_adaptiveF_exp_fixedCR_withLS,99,1000,1,50.0,60.0,100.0,0.1,0.9,True,False,best/2,exp,random,True,5.0,0.3,1.5,0.3,1.0,1.0,,,,,,,,,,,,,,,,,,,,,,,,,
j120_1.rcp,0,150.04713804713805,0.49666714668273926,DE_best/2_adaptiveF_exp_fixedCR_noLS,99,1000,0,50.0,60.0,100.0,0.1,0.9,True,False,best/2,exp,random,False,5.0,0.3,1.5,0.3,1.0,1.0,,,,,,,,,,,,,,,,,,,,,,,,,
j120_1.rcp,1,160.6734006734007,0.49722886085510254,DE_best/2_adaptiveF_exp_fixedCR_noLS,99,1000,1,50.0,60.0,100.0,0.1,0.9,True,False,best/2,exp,random,False,5.0,0.3,1.5,0.3,1.0,1.0,,,,,,,,,,,,,,,,,,,,,,,,,
j120_1.rcp,0,185.64309764309766,0.5536620616912842,DE_best/2_fixedF_bin_adaptiveCR_withLS,99,1000,0,50.0,60.0,100.0,0.1,0.9,False,True,best/2,bin,random,True,5.0,0.3,1.5,0.3,1.0,1.0,,,,,,,,,,,,,,,,,,,,,,,,,
j120_1.rcp,1,161.7037037037037,0.5480246543884277,DE_best/2_fixedF_bin_adaptiveCR_withLS,99,1000,1,50.0,60.0,100.0,0.1,0.9,False,True,best/2,bin,random,True,5.0,0.3,1.5,0.3,1.0,1.0,,,,,,,,,,,,,,,,,,,,,,,,,
j120_1.rcp,0,156.5925925925926,0.5402312278747559,DE_best/2_fixedF_bin_adaptiveCR_noLS,99,1000,0,50.0,60.0,100.0,0.1,0.9,False,True,best/2,bin,random,False,5.0,0.3,1.5,0.3,1.0,1.0,,,,,,,,,,,,,,,,,,,,,,,,,
j120_1.rcp,1,171.25925925925927,0.5377421379089355,DE_best/2_fixedF_bin_adaptiveCR_noLS,99,1000,1,50.0,60.0,100.0,0.1,0.9,False,True,best/2,bin,random,False,5.0,0.3,1.5,0.3,1.0,1.0,,,,,,,,,,,,,,,,,,,,,,,,,
j120_1.rcp,0,147.17845117845118,0.5231461524963379,DE_best/2_fixedF_bin_fixedCR_withLS,99,1000,0,50.0,60.0,100.0,0.1,0.9,False,False,best/2,bin,random,True,5.0,0.3,1.5,0.3,1.0,1.0,,,,,,,,,,,,,,,,,,,,,,,,,
j120_1.rcp,1,157.05723905723906,0.513740062713623,DE_best/2_fixedF_bin_fixedCR_withLS,99,1000,1,50.0,60.0,100.0,0.1,0.9,False,False,best/2,bin,random,True,5.0,0.3,1.5,0.3,1.0,1.0,,,,,,,,,,,,,,,,,,,,,,,,,
j120_1.rcp,0,155.0976430976431,0.5057950019836426,DE_best/2_fixedF_bin_fixedCR_noLS,99,1000,0,50.0,60.0,100.0,0.1,0.9,False,False,best/2,bin,random,False,5.0,0.3,1.5,0.3,1.0,1.0,,,,,,,,,,,,,,,,,,,,,,,,,
j120_1.rcp,1,153.25925925925927,0.5022101402282715,DE_best/2_fixedF_bin_fixedCR_noLS,99,1000,1,50.0,60.0,100.0,0.1,0.9,False,False,best/2,bin,random,False,5.0,0.3,1.5,0.3,1.0,1.0,,,,,,,,,,,,,,,,,,,,,,,,,
j120_1.rcp,0,150.22895622895624,0.5525219440460205,DE_best/2_fixedF_exp_adaptiveCR_withLS,99,1000,0,50.0,60.0,100.0,0.1,0.9,False,True,best/2,exp,random,True,5.0,0.3,1.5,0.3,1.0,1.0,,,,,,,,,,,,,,,,,,,,,,,,,
j120_1.rcp,1,180.8350168350168,0.5837109088897705,DE_best/2_fixedF_exp_adaptiveCR_withLS,99,1000,1,50.0,60.0,100.0,0.1,0.9,False,True,best/2,exp,random,True,5.0,0.3,1.5,0.3,1.0,1.0,,,,,,,,,,,,,,,,,,,,,,,,,
j120_1.rcp,0,169.05723905723912,0.5567889213562012,DE_best/2_fixedF_exp_adaptiveCR_noLS,99,1000,0,50.0,60.0,100.0,0.1,0.9,False,True,best/2,exp,random,False,5.0,0.3,1.5,0.3,1.0,1.0,,,,,,,,,,,,,,,,,,,,,,,,,
j120_1.rcp,1,168.5925925925926,0.5537981986999512,DE_best/2_fixedF_exp_adaptiveCR_noLS,99,1000,1,50.0,60.0,100.0,0.1,0.9,False,True,best/2,exp,random,False,5.0,0.3,1.5,0.3,1.0,1.0,,,,,,,,,,,,,,,,,,,,,,,,,
j120_1.rcp,0,144.16835016835017,0.5187530517578125,DE_best/2_fixedF_exp_fixedCR_withLS,99,1000,0,50.0,60.0,100.0,0.1,0.9,False,False,best/2,exp,random,True,5.0,0.3,1.5,0.3,1.0,1.0,,,,,,,,,,,,,,,,,,,,,,,,,
j120_1.rcp,1,158.22895622895624,0.5174381732940674,DE_best/2_fixedF_exp_fixedCR_withLS,99,1000,1,50.0,60.0,100.0,0.1,0.9,False,False,best/2,exp,random,True,5.0,0.3,1.5,0.3,1.0,1.0,,,,,,,,,,,,,,,,,,,,,,,,,
j120_1.rcp,0,152.53198653198652,0.5926101207733154,DE_best/2_fixedF_exp_fixedCR_noLS,99,1000,0,50.0,60.0,100.0,0.1,0.9,False,False,best/2,exp,random,False,5.0,0.3,1.5,0.3,1.0,1.0,,,,,,,,,,,,,,,,,,,,,,,,,
j120_1.rcp,1,150.93602693602693,0.5112640857696533,DE_best/2_fixedF_exp_fixedCR_noLS,99,1000,1,50.0,60.0,100.0,0.1,0.9,False,False,best/2,exp,random,False,5.0,0.3,1.5,0.3,1.0,1.0,,,,,,,,,,,,,,,,,,,,,,,,,
j120_1.rcp,0,199.90572390572393,0.49241113662719727,DE_adaptive_bin_adaptiveCR_withLS,99,1000,0,50.0,60.0,100.0,0.1,0.9,True,True,adaptive,bin,random,True,5.0,0.3,1.5,0.3,1.0,1.0,,,,,,,,,,,,,,,,,,,,,,,,,
j120_1.rcp,1,213.11784511784518,0.4983232021331787,DE_adaptive_bin_adaptiveCR_withLS,99,1000,1,50.0,60.0,100.0,0.1,0.9,True,True,adaptive,bin,random,True,5.0,0.3,1.5,0.3,1.0,1.0,,,,,,,,,,,,,,,,,,,,,,,,,
j120_1.rcp,0,198.1885521885522,0.48674893379211426,DE_adaptive_bin_adaptiveCR_noLS,99,1000,0,50.0,60.0,100.0,0.1,0.9,True,True,adaptive,bin,random,False,5.0,0.3,1.5,0.3,1.0,1.0,,,,,,,,,,,,,,,,,,,,,,,,,
j120_1.rcp,1,189.94612794612794,0.4932999610900879,DE_adaptive_bin_adaptiveCR_noLS,99,1000,1,50.0,60.0,100.0,0.1,0.9,True,True,adaptive,bin,random,False,5.0,0.3,1.5,0.3,1.0,1.0,,,,,,,,,,,,,,,,,,,,,,,,,
j120_1.rcp,0,133.80471380471383,0.4932699203491211,DE_adaptive_bin_fixedCR_withLS,99,1000,0,50.0,60.0,100.0,0.1,0.9,True,False,adaptive,bin,random,True,5.0,0.3,1.5,0.3,1.0,1.0,,,,,,,,,,,,,,,,,,,,,,,,,
j120_1.rcp,1,149.2996632996633,0.4904780387878418,DE_adaptive_bin_fixedCR_withLS,99,1000,1,50.0,60.0,100.0,0.1,0.9,True,False,adaptive,bin,random,True,5.0,0.3,1.5,0.3,1.0,1.0,,,,,,,,,,,,,,,,,,,,,,,,,
j120_1.rcp,0,161.50168350168352,0.485184907913208,DE_adaptive_bin_fixedCR_noLS,99,1000,0,50.0,60.0,100.0,0.1,0.9,True,False,adaptive,bin,random,False,5.0,0.3,1.5,0.3,1.0,1.0,,,,,,,,,,,,,,,,,,,,,,,,,
j120_1.rcp,1,134.22895622895624,0.48663973808288574,DE_adaptive_bin_fixedCR_noLS,99,1000,1,50.0,60.0,100.0,0.1,0.9,True,False,adaptive,bin,random,False,5.0,0.3,1.5,0.3,1.0,1.0,,,,,,,,,,,,,,,,,,,,,,,,,
j120_1.rcp,0,184.59259259259258,0.4928719997406006,DE_adaptive_exp_adaptiveCR_withLS,99,1000,0,50.0,60.0,100.0,0.1,0.9,True,True,adaptive,exp,random,True,5.0,0.3,1.5,0.3,1.0,1.0,,,,,,,,,,,,,,,,,,,,,,,,,
j120_1.rcp,1,186.95622895622895,0.49413013458251953,DE_adaptive_exp_adaptiveCR_withLS,99,1000,1,50.0,60.0,100.0,0.1,0.9,True,True,adaptive,exp,random,True,5.0,0.3,1.5,0.3,1.0,1.0,,,,,,,,,,,,,,,,,,,,,,,,,
j120_1.rcp,0,187.19865319865326,0.48946213722229004,DE_adaptive_exp_adaptiveCR_noLS,99,1000,0,50.0,60.0,100.0,0.1,0.9,True,True,adaptive,exp,random,False,5.0,0.3,1.5,0.3,1.0,1.0,,,,,,,,,,,,,,,,,,,,,,,,,
j120_1.rcp,1,163.25925925925927,0.49048519134521484,DE_adaptive_exp_adaptiveCR_noLS,99,1000,1,50.0,60.0,100.0,0.1,0.9,True,True,adaptive,exp,random,False,5.0,0.3,1.5,0.3,1.0,1.0,,,,,,,,,,,,,,,,,,,,,,,,,
j120_1.rcp,0,165.72390572390577,0.4928419589996338,DE_adaptive_exp_fixedCR_withLS,99,1000,0,50.0,60.0,100.0,0.1,0.9,True,False,adaptive,exp,random,True,5.0,0.3,1.5,0.3,1.0,1.0,,,,,,,,,,,,,,,,,,,,,,,,,
j120_1.rcp,1,163.19865319865323,0.49506473541259766,DE_adaptive_exp_fixedCR_withLS,99,1000,1,50.0,60.0,100.0,0.1,0.9,True,False,adaptive,exp,random,True,5.0,0.3,1.5,0.3,1.0,1.0,,,,,,,,,,,,,,,,,,,,,,,,,
j120_1.rcp,0,145.64309764309766,0.49293994903564453,DE_adaptive_exp_fixedCR_noLS,99,1000,0,50.0,60.0,100.0,0.1,0.9,True,False,adaptive,exp,random,False,5.0,0.3,1.5,0.3,1.0,1.0,,,,,,,,,,,,,,,,,,,,,,,,,
j120_1.rcp,1,160.3703703703704,0.48932719230651855,DE_adaptive_exp_fixedCR_noLS,99,1000,1,50.0,60.0,100.0,0.1,0.9,True,False,adaptive,exp,random,False,5.0,0.3,1.5,0.3,1.0,1.0,,,,,,,,,,,,,,,,,,,,,,,,,
j120_1.rcp,0,194.6734006734007,0.4967031478881836,DE_current-to-rand/2_bin_adaptiveCR_withLS,99,1000,0,50.0,60.0,100.0,0.1,0.9,False,True,current-to-rand/2,bin,random,True,5.0,0.3,1.5,0.3,1.0,1.0,,,,,,,,,,,,,,,,,,,,,,,,,
j120_1.rcp,1,171.56228956228958,0.49946093559265137,DE_current-to-rand/2_bin_adaptiveCR_withLS,99,1000,1,50.0,60.0,100.0,0.1,0.9,False,True,current-to-rand/2,bin,random,True,5.0,0.3,1.5,0.3,1.0,1.0,,,,,,,,,,,,,,,,,,,,,,,,,
j120_1.rcp,0,191.54208754208756,0.4931671619415283,DE_current-to-rand/2_bin_adaptiveCR_noLS,99,1000,0,50.0,60.0,100.0,0.1,0.9,False,True,current-to-rand/2,bin,random,False,5.0,0.3,1.5,0.3,1.0,1.0,,,,,,,,,,,,,,,,,,,,,,,,,
j120_1.rcp,1,191.2996632996633,0.49332618713378906,DE_current-to-rand/2_bin_adaptiveCR_noLS,99,1000,1,50.0,60.0,100.0,0.1,0.9,False,True,current-to-rand/2,bin,random,False,5.0,0.3,1.5,0.3,1.0,1.0,,,,,,,,,,,,,,,,,,,,,,,,,
j120_1.rcp,0,170.39057239057243,0.49646806716918945,DE_current-to-rand/2_bin_fixedCR_withLS,99,1000,0,50.0,60.0,100.0,0.1,0.9,False,False,current-to-rand/2,bin,random,True,5.0,0.3,1.5,0.3,1.0,1.0,,,,,,,,,,,,,,,,,,,,,,,,,
j120_1.rcp,1,155.72390572390574,0.5273957252502441,DE_current-to-rand/2_bin_fixedCR_withLS,99,1000,1,50.0,60.0,100.0,0.1,0.9,False,False,current-to-rand/2,bin,random,True,5.0,0.3,1.5,0.3,1.0,1.0,,,,,,,,,,,,,,,,,,,,,,,,,
j120_1.rcp,0,162.45117845117846,0.5028669834136963,DE_current-to-rand/2_bin_fixedCR_noLS,99,1000,0,50.0,60.0,100.0,0.1,0.9,False,False,current-to-rand/2,bin,random,False,5.0,0.3,1.5,0.3,1.0,1.0,,,,,,,,,,,,,,,,,,,,,,,,,
j120_1.rcp,1,183.52188552188554,0.5493118762969971,DE_current-to-rand/2_bin_fixedCR_noLS,99,1000,1,50.0,60.0,100.0,0.1,0.9,False,False,current-to-rand/2,bin,random,False,5.0,0.3,1.5,0.3,1.0,1.0,,,,,,,,,,,,,,,,,,,,,,,,,
j120_1.rcp,0,195.31986531986533,0.49744391441345215,DE_current-to-rand/2_exp_adaptiveCR_withLS,99,1000,0,50.0,60.0,100.0,0.1,0.9,False,True,current-to-rand/2,exp,random,True,5.0,0.3,1.5,0.3,1.0,1.0,,,,,,,,,,,,,,,,,,,,,,,,,
j120_1.rcp,1,186.00673400673398,0.49709320068359375,DE_current-to-rand/2_exp_adaptiveCR_withLS,99,1000,1,50.0,60.0,100.0,0.1,0.9,False,True,current-to-rand/2,exp,random,True,5.0,0.3,1.5,0.3,1.0,1.0,,,,,,,,,,,,,,,,,,,,,,,,,
j120_1.rcp,0,192.35016835016836,0.528815746307373,DE_current-to-rand/2_exp_adaptiveCR_noLS,99,1000,0,50.0,60.0,100.0,0.1,0.9,False,True,current-to-rand/2,exp,random,False,5.0,0.3,1.5,0.3,1.0,1.0,,,,,,,,,,,,,,,,,,,,,,,,,
j120_1.rcp,1,180.14814814814812,0.49445581436157227,DE_current-to-rand/2_exp_adaptiveCR_noLS,99,1000,1,50.0,60.0,100.0,0.1,0.9,False,True,current-to-rand/2,exp,random,False,5.0,0.3,1.5,0.3,1.0,1.0,,,,,,,,,,,,,,,,,,,,,,,,,
j120_1.rcp,0,155.84511784511787,0.49835801124572754,DE_current-to-rand/2_exp_fixedCR_withLS,99,1000,0,50.0,60.0,100.0,0.1,0.9,False,False,current-to-rand/2,exp,random,True,5.0,0.3,1.5,0.3,1.0,1.0,,,,,,,,,,,,,,,,,,,,,,,,,
j120_1.rcp,1,159.6835016835017,0.543842077255249,DE_current-to-rand/2_exp_fixedCR_withLS,99,1000,1,50.0,60.0,100.0,0.1,0.9,False,False,current-to-rand/2,exp,random,True,5.0,0.3,1.5,0.3,1.0,1.0,,,,,,,,,,,,,,,,,,,,,,,,,
j120_1.rcp,0,161.90572390572393,0.4994196891784668,DE_current-to-rand/2_exp_fixedCR_noLS,99,1000,0,50.0,60.0,100.0,0.1,0.9,False,False,current-to-rand/2,exp,random,False,5.0,0.3,1.5,0.3,1.0,1.0,,,,,,,,,,,,,,,,,,,,,,,,,
j120_1.rcp,1,171.31986531986533,0.49307870864868164,DE_current-to-rand/2_exp_fixedCR_noLS,99,1000,1,50.0,60.0,100.0,0.1,0.9,False,False,current-to-rand/2,exp,random,False,5.0,0.3,1.5,0.3,1.0,1.0,,,,,,,,,,,,,,,,,,,,,,,,,
j120_1.rcp,0,199.90572390572393,0.45130014419555664,GA_roulette_single_point_random_random_withLS_withNeighborhood,99,1000,0,50.0,60.0,,,,,,random,single_point,random,True,,,,,,,0.9,0.1,roulette,3.0,True,False,0.5,0.1,0.35,5.0,2.0,,,,,,,,,,,,,,
j120_1.rcp,1,216.30976430976435,0.4511909484863281,GA_roulette_single_point_random_random_withLS_withNeighborhood,99,1000,1,50.0,60.0,,,,,,random,single_point,random,True,,,,,,,0.9,0.1,roulette,3.0,True,False,0.5,0.1,0.35,5.0,2.0,,,,,,,,,,,,,,
j120_1.rcp,0,199.90572390572393,0.4489409923553467,GA_roulette_single_point_random_random_withLS_noNeighborhood,99,1000,0,50.0,60.0,,,,,,random,single_point,random,True,,,,,,,0.9,0.1,roulette,3.0,True,False,0.5,0.1,0.35,5.0,0.0,,,,,,,,,,,,,,
j120_1.rcp,1,216.30976430976435,0.4476611614227295,GA_roulette_single_point_random_random_withLS_noNeighborhood,99,1000,1,50.0,60.0,,,,,,random,single_point,random,True,,,,,,,0.9,0.1,roulette,3.0,True,False,0.5,0.1,0.35,5.0,0.0,,,,,,,,,,,,,,
j120_1.rcp,0,199.90572390572393,0.6457240581512451,GA_roulette_single_point_random_random_noLS_withNeighborhood,99,1000,0,50.0,60.0,,,,,,random,single_point,random,False,,,,,,,0.9,0.1,roulette,3.0,True,False,0.5,0.1,0.35,5.0,2.0,,,,,,,,,,,,,,
j120_1.rcp,1,208.5925925925926,0.6398868560791016,GA_roulette_single_point_random_random_noLS_withNeighborhood,99,1000,1,50.0,60.0,,,,,,random,single_point,random,False,,,,,,,0.9,0.1,roulette,3.0,True,False,0.5,0.1,0.35,5.0,2.0,,,,,,,,,,,,,,
j120_1.rcp,0,199.90572390572393,0.6393673419952393,GA_roulette_single_point_random_random_noLS_noNeighborhood,99,1000,0,50.0,60.0,,,,,,random,single_point,random,False,,,,,,,0.9,0.1,roulette,3.0,True,False,0.5,0.1,0.35,5.0,0.0,,,,,,,,,,,,,,
j120_1.rcp,1,208.5925925925926,0.6487472057342529,GA_roulette_single_point_random_random_noLS_noNeighborhood,99,1000,1,50.0,60.0,,,,,,random,single_point,random,False,,,,,,,0.9,0.1,roulette,3.0,True,False,0.5,0.1,0.35,5.0,0.0,,,,,,,,,,,,,,
j120_1.rcp,0,224.93602693602693,0.47447705268859863,GA_roulette_single_point_random_heuristic_withLS_withNeighborhood,99,1000,0,50.0,60.0,,,,,,random,single_point,heuristic,True,,,,,,,0.9,0.1,roulette,3.0,True,False,0.5,0.1,0.35,5.0,2.0,,,,,,,,,,,,,,
j120_1.rcp,1,248.91582491582497,0.4526841640472412,GA_roulette_single_point_random_heuristic_withLS_withNeighborhood,99,1000,1,50.0,60.0,,,,,,random,single_point,heuristic,True,,,,,,,0.9,0.1,roulette,3.0,True,False,0.5,0.1,0.35,5.0,2.0,,,,,,,,,,,,,,
j120_1.rcp,0,224.93602693602693,0.4514119625091553,GA_roulette_single_point_random_heuristic_withLS_noNeighborhood,99,1000,0,50.0,60.0,,,,,,random,single_point,heuristic,True,,,,,,,0.9,0.1,roulette,3.0,True,False,0.5,0.1,0.35,5.0,0.0,,,,,,,,,,,,,,
j120_1.rcp,1,248.91582491582497,0.451261043548584,GA_roulette_single_point_random_heuristic_withLS_noNeighborhood,99,1000,1,50.0,60.0,,,,,,random,single_point,heuristic,True,,,,,,,0.9,0.1,roulette,3.0,True,False,0.5,0.1,0.35,5.0,0.0,,,,,,,,,,,,,,
j120_1.rcp,0,209.13804713804714,0.6455862522125244,GA_roulette_single_point_random_heuristic_noLS_withNeighborhood,99,1000,0,50.0,60.0,,,,,,random,single_point,heuristic,False,,,,,,,0.9,0.1,roulette,3.0,True,False,0.5,0.1,0.35,5.0,2.0,,,,,,,,,,,,,,
j120_1.rcp,1,229.52188552188557,0.6419467926025391,GA_roulette_single_point_random_heuristic_noLS_withNeighborhood,99,1000,1,50.0,60.0,,,,,,random,single_point,heuristic,False,,,,,,,0.9,0.1,roulette,3.0,True,False,0.5,0.1,0.35,5.0,2.0,,,,,,,,,,,,,,
j120_1.rcp,0,209.13804713804714,0.6424078941345215,GA_roulette_single_point_random_heuristic_noLS_noNeighborhood,99,1000,0,50.0,60.0,,,,,,random,single_point,heuristic,False,,,,,,,0.9,0.1,roulette,3.0,True,False,0.5,0.1,0.35,5.0,0.0,,,,,,,,,,,,,,
j120_1.rcp,1,229.52188552188557,0.6490271091461182,GA_roulette_single_point_random_heuristic_noLS_noNeighborhood,99,1000,1,50.0,60.0,,,,,,random,single_point,heuristic,False,,,,,,,0.9,0.1,roulette,3.0,True,False,0.5,0.1,0.35,5.0,0.0,,,,,,,,,,,,,,
j120_1.rcp,0,199.90572390572393,0.5005629062652588,GA_roulette_single_point_adaptive_random_withLS_withNeighborhood,99,1000,0,50.0,60.0,,,,,,adaptive,single_point,random,True,,,,,,,0.9,0.1,roulette,3.0,True,False,0.5,0.1,0.35,5.0,2.0,,,,,,,,,,,,,,
j120_1.rcp,1,215.84511784511787,0.46756410598754883,GA_roulette_single_point_adaptive_random_withLS_withNeighborhood,99,1000,1,50.0,60.0,,,,,,adaptive,single_point,random,True,,,,,,,0.9,0.1,roulette,3.0,True,False,0.5,0.1,0.35,5.0,2.0,,,,,,,,,,,,,,
j120_1.rcp,0,199.90572390572393,0.46315884590148926,GA_roulette_single_point_adaptive_random_withLS_noNeighborhood,99,1000,0,50.0,60.0,,,,,,adaptive,single_point,random,True,,,,,,,0.9,0.1,roulette,3.0,True,False,0.5,0.1,0.35,5.0,0.0,,,,,,,,,,,,,,
j120_1.rcp,1,215.84511784511787,0.5196702480316162,GA_roulette_single_point_adaptive_random_withLS_noNeighborhood,99,1000,1,50.0,60.0,,,,,,adaptive,single_point,random,True,,,,,,,0.9,0.1,roulette,3.0,True,False,0.5,0.1,0.35,5.0,0.0,,,,,,,,,,,,,,
j120_1.rcp,0,199.90572390572393,0.7434968948364258,GA_roulette_single_point_adaptive_random_noLS_withNeighborhood,99,1000,0,50.0,60.0,,,,,,adaptive,single_point,random,False,,,,,,,0.9,0.1,roulette,3.0,True,False,0.5,0.1,0.35,5.0,2.0,,,,,,,,,,,,,,
j120_1.rcp,1,193.72390572390574,0.6788890361785889,GA_roulette_single_point_adaptive_random_noLS_withNeighborhood,99,1000,1,50.0,60.0,,,,,,adaptive,single_point,random,False,,,,,,,0.9,0.1,roulette,3.0,True,False,0.5,0.1,0.35,5.0,2.0,,,,,,,,,,,,,,
j120_1.rcp,0,199.90572390572393,0.6799778938293457,GA_roulette_single_point_adaptive_random_noLS_noNeighborhood,99,1000,0,50.0,60.0,,,,,,adaptive,single_point,random,False,,,,,,,0.9,0.1,roulette,3.0,True,False,0.5,0.1,0.35,5.0,0.0,,,,,,,,,,,,,,
j120_1.rcp,1,193.72390572390574,0.6764688491821289,GA_roulette_single_point_adaptive_random_noLS_noNeighborhood,99,1000,1,50.0,60.0,,,,,,adaptive,single_point,random,False,,,,,,,0.9,0.1,roulette,3.0,True,False,0.5,0.1,0.35,5.0,0.0,,,,,,,,,,,,,,
j120_1.rcp,0,230.37037037037038,0.45866870880126953,GA_roulette_single_point_adaptive_heuristic_withLS_withNeighborhood,99,1000,0,50.0,60.0,,,,,,adaptive,single_point,heuristic,True,,,,,,,0.9,0.1,roulette,3.0,True,False,0.5,0.1,0.35,5.0,2.0,,,,,,,,,,,,,,
j120_1.rcp,1,218.06734006734007,0.4587080478668213,GA_roulette_single_point_adaptive_heuristic_withLS_withNeighborhood,99,1000,1,50.0,60.0,,,,,,adaptive,single_point,heuristic,True,,,,,,,0.9,0.1,roulette,3.0,True,False,0.5,0.1,0.35,5.0,2.0,,,,,,,,,,,,,,
j120_1.rcp,0,230.37037037037038,0.4582936763763428,GA_roulette_single_point_adaptive_heuristic_withLS_noNeighborhood,99,1000,0,50.0,60.0,,,,,,adaptive,single_point,heuristic,True,,,,,,,0.9,0.1,roulette,3.0,True,False,0.5,0.1,0.35,5.0,0.0,,,,,,,,,,,,,,
j120_1.rcp,1,218.06734006734007,0.4594299793243408,GA_roulette_single_point_adaptive_heuristic_withLS_noNeighborhood,99,1000,1,50.0,60.0,,,,,,adaptive,single_point,heuristic,True,,,,,,,0.9,0.1,roulette,3.0,True,False,0.5,0.1,0.35,5.0,0.0,,,,,,,,,,,,,,
j120_1.rcp,0,203.2996632996633,0.6791038513183594,GA_roulette_single_point_adaptive_heuristic_noLS_withNeighborhood,99,1000,0,50.0,60.0,,,,,,adaptive,single_point,heuristic,False,,,,,,,0.9,0.1,roulette,3.0,True,False,0.5,0.1,0.35,5.0,2.0,,,,,,,,,,,,,,
j120_1.rcp,1,205.0976430976431,0.6793038845062256,GA_roulette_single_point_adaptive_heuristic_noLS_withNeighborhood,99,1000,1,50.0,60.0,,,,,,adaptive,single_point,heuristic,False,,,,,,,0.9,0.1,roulette,3.0,True,False,0.5,0.1,0.35,5.0,2.0,,,,,,,,,,,,,,
j120_1.rcp,0,203.2996632996633,0.6780540943145752,GA_roulette_single_point_adaptive_heuristic_noLS_noNeighborhood,99,1000,0,50.0,60.0,,,,,,adaptive,single_point,heuristic,False,,,,,,,0.9,0.1,roulette,3.0,True,False,0.5,0.1,0.35,5.0,0.0,,,,,,,,,,,,,,
j120_1.rcp,1,205.0976430976431,0.6779351234436035,GA_roulette_single_point_adaptive_heuristic_noLS_noNeighborhood,99,1000,1,50.0,60.0,,,,,,adaptive,single_point,heuristic,False,,,,,,,0.9,0.1,roulette,3.0,True,False,0.5,0.1,0.35,5.0,0.0,,,,,,,,,,,,,,
j120_1.rcp,0,199.90572390572393,0.45144200325012207,GA_roulette_two_point_random_random_withLS_withNeighborhood,99,1000,0,50.0,60.0,,,,,,random,two_point,random,True,,,,,,,0.9,0.1,roulette,3.0,True,False,0.5,0.1,0.35,5.0,2.0,,,,,,,,,,,,,,
j120_1.rcp,1,208.2693602693603,0.4482450485229492,GA_roulette_two_point_random_random_withLS_withNeighborhood,99,1000,1,50.0,60.0,,,,,,random,two_point,random,True,,,,,,,0.9,0.1,roulette,3.0,True,False,0.5,0.1,0.35,5.0,2.0,,,,,,,,,,,,,,
j120_1.rcp,0,199.90572390572393,0.4486861228942871,GA_roulette_two_point_random_random_withLS_noNeighborhood,99,1000,0,50.0,60.0,,,,,,random,two_point,random,True,,,,,,,0.9,0.1,roulette,3.0,True,False,0.5,0.1,0.35,5.0,0.0,,,,,,,,,,,,,,
j120_1.rcp,1,208.2693602693603,0.4471759796142578,GA_roulette_two_point_random_random_withLS_noNeighborhood,99,1000,1,50.0,60.0,,,,,,random,two_point,random,True,,,,,,,0.9,0.1,roulette,3.0,True,False,0.5,0.1,0.35,5.0,0.0,,,,,,,,,,,,,,
j120_1.rcp,0,199.90572390572393,0.6428940296173096,GA_roulette_two_point_random_random_noLS_withNeighborhood,99,1000,0,50.0,60.0,,,,,,random,two_point,random,False,,,,,,,0.9,0.1,roulette,3.0,True,False,0.5,0.1,0.35,5.0,2.0,,,,,,,,,,,,,,
j120_1.rcp,1,204.10774410774417,0.6412529945373535,GA_roulette_two_point_random_random_noLS_withNeighborhood,99,1000,1,50.0,60.0,,,,,,random,two_point,random,False,,,,,,,0.9,0.1,roulette,3.0,True,False,0.5,0.1,0.35,5.0,2.0,,,,,,,,,,,,,,
j120_1.rcp,0,199.90572390572393,0.646989107131958,GA_roulette_two_point_random_random_noLS_noNeighborhood,99,1000,0,50.0,60.0,,,,,,random,two_point,random,False,,,,,,,0.9,0.1,roulette,3.0,True,False,0.5,0.1,0.35,5.0,0.0,,,,,,,,,,,,,,
j120_1.rcp,1,204.10774410774417,0.6406679153442383,GA_roulette_two_point_random_random_noLS_noNeighborhood,99,1000,1,50.0,60.0,,,,,,random,two_point,random,False,,,,,,,0.9,0.1,roulette,3.0,True,False,0.5,0.1,0.35,5.0,0.0,,,,,,,,,,,,,,
j120_1.rcp,0,230.37037037037038,0.45038628578186035,GA_roulette_two_point_random_heuristic_withLS_withNeighborhood,99,1000,0,50.0,60.0,,,,,,random,two_point,heuristic,True,,,,,,,0.9,0.1,roulette,3.0,True,False,0.5,0.1,0.35,5.0,2.0,,,,,,,,,,,,,,
j120_1.rcp,1,250.65319865319861,0.4509849548339844,GA_roulette_two_point_random_heuristic_withLS_withNeighborhood,99,1000,1,50.0,60.0,,,,,,random,two_point,heuristic,True,,,,,,,0.9,0.1,roulette,3.0,True,False,0.5,0.1,0.35,5.0,2.0,,,,,,,,,,,,,,
j120_1.rcp,0,230.37037037037038,0.44994091987609863,GA_roulette_two_point_random_heuristic_withLS_noNeighborhood,99,1000,0,50.0,60.0,,,,,,random,two_point,heuristic,True,,,,,,,0.9,0.1,roulette,3.0,True,False,0.5,0.1,0.35,5.0,0.0,,,,,,,,,,,,,,
j120_1.rcp,1,250.65319865319861,0.4523448944091797,GA_roulette_two_point_random_heuristic_withLS_noNeighborhood,99,1000,1,50.0,60.0,,,,,,random,two_point,heuristic,True,,,,,,,0.9,0.1,roulette,3.0,True,False,0.5,0.1,0.35,5.0,0.0,,,,,,,,,,,,,,
j120_1.rcp,0,200.53198653198652,0.6452362537384033,GA_roulette_two_point_random_heuristic_noLS_withNeighborhood,99,1000,0,50.0,60.0,,,,,,random,two_point,heuristic,False,,,,,,,0.9,0.1,roulette,3.0,True,False,0.5,0.1,0.35,5.0,2.0,,,,,,,,,,,,,,
j120_1.rcp,1,232.43097643097644,0.6449298858642578,GA_roulette_two_point_random_heuristic_noLS_withNeighborhood,99,1000,1,50.0,60.0,,,,,,random,two_point,heuristic,False,,,,,,,0.9,0.1,roulette,3.0,True,False,0.5,0.1,0.35,5.0,2.0,,,,,,,,,,,,,,
j120_1.rcp,0,200.53198653198652,0.6465580463409424,GA_roulette_two_point_random_heuristic_noLS_noNeighborhood,99,1000,0,50.0,60.0,,,,,,random,two_point,heuristic,False,,,,,,,0.9,0.1,roulette,3.0,True,False,0.5,0.1,0.35,5.0,0.0,,,,,,,,,,,,,,
j120_1.rcp,1,232.43097643097644,0.6456048488616943,GA_roulette_two_point_random_heuristic_noLS_noNeighborhood,99,1000,1,50.0,60.0,,,,,,random,two_point,heuristic,False,,,,,,,0.9,0.1,roulette,3.0,True,False,0.5,0.1,0.35,5.0,0.0,,,,,,,,,,,,,,
j120_1.rcp,0,197.52188552188557,0.45566296577453613,GA_roulette_two_point_adaptive_random_withLS_withNeighborhood,99,1000,0,50.0,60.0,,,,,,adaptive,two_point,random,True,,,,,,,0.9,0.1,roulette,3.0,True,False,0.5,0.1,0.35,5.0,2.0,,,,,,,,,,,,,,
j120_1.rcp,1,197.96632996632997,0.45744895935058594,GA_roulette_two_point_adaptive_random_withLS_withNeighborhood,99,1000,1,50.0,60.0,,,,,,adaptive,two_point,random,True,,,,,,,0.9,0.1,roulette,3.0,True,False,0.5,0.1,0.35,5.0,2.0,,,,,,,,,,,,,,
j120_1.rcp,0,197.52188552188557,0.45691919326782227,GA_roulette_two_point_adaptive_random_withLS_noNeighborhood,99,1000,0,50.0,60.0,,,,,,adaptive,two_point,random,True,,,,,,,0.9,0.1,roulette,3.0,True,False,0.5,0.1,0.35,5.0,0.0,,,,,,,,,,,,,,
j120_1.rcp,1,197.96632996632997,0.45767712593078613,GA_roulette_two_point_adaptive_random_withLS_noNeighborhood,99,1000,1,50.0,60.0,,,,,,adaptive,two_point,random,True,,,,,,,0.9,0.1,roulette,3.0,True,False,0.5,0.1,0.35,5.0,0.0,,,,,,,,,,,,,,
j120_1.rcp,0,197.52188552188557,0.6766526699066162,GA_roulette_two_point_adaptive_random_noLS_withNeighborhood,99,1000,0,50.0,60.0,,,,,,adaptive,two_point,random,False,,,,,,,0.9,0.1,roulette,3.0,True,False,0.5,0.1,0.35,5.0,2.0,,,,,,,,,,,,,,
j120_1.rcp,1,197.96632996632997,0.6783709526062012,GA_roulette_two_point_adaptive_random_noLS_withNeighborhood,99,1000,1,50.0,60.0,,,,,,adaptive,two_point,random,False,,,,,,,0.9,0.1,roulette,3.0,True,False,0.5,0.1,0.35,5.0,2.0,,,,,,,,,,,,,,
j120_1.rcp,0,197.52188552188557,0.680138111114502,GA_roulette_two_point_adaptive_random_noLS_noNeighborhood,99,1000,0,50.0,60.0,,,,,,adaptive,two_point,random,False,,,,,,,0.9,0.1,roulette,3.0,True,False,0.5,0.1,0.35,5.0,0.0,,,,,,,,,,,,,,
j120_1.rcp,1,197.96632996632997,0.6807248592376709,GA_roulette_two_point_adaptive_random_noLS_noNeighborhood,99,1000,1,50.0,60.0,,,,,,adaptive,two_point,random,False,,,,,,,0.9,0.1,roulette,3.0,True,False,0.5,0.1,0.35,5.0,0.0,,,,,,,,,,,,,,
j120_1.rcp,0,230.37037037037038,0.46081995964050293,GA_roulette_two_point_adaptive_heuristic_withLS_withNeighborhood,99,1000,0,50.0,60.0,,,,,,adaptive,two_point,heuristic,True,,,,,,,0.9,0.1,roulette,3.0,True,False,0.5,0.1,0.35,5.0,2.0,,,,,,,,,,,,,,
j120_1.rcp,1,229.07744107744108,0.458554744720459,GA_roulette_two_point_adaptive_heuristic_withLS_withNeighborhood,99,1000,1,50.0,60.0,,,,,,adaptive,two_point,heuristic,True,,,,,,,0.9,0.1,roulette,3.0,True,False,0.5,0.1,0.35,5.0,2.0,,,,,,,,,,,,,,
j120_1.rcp,0,230.37037037037038,0.4599189758300781,GA_roulette_two_point_adaptive_heuristic_withLS_noNeighborhood,99,1000,0,50.0,60.0,,,,,,adaptive,two_point,heuristic,True,,,,,,,0.9,0.1,roulette,3.0,True,False,0.5,0.1,0.35,5.0,0.0,,,,,,,,,,,,,,
j120_1.rcp,1,229.07744107744108,0.4577929973602295,GA_roulette_two_point_adaptive_heuristic_withLS_noNeighborhood,99,1000,1,50.0,60.0,,,,,,adaptive,two_point,heuristic,True,,,,,,,0.9,0.1,roulette,3.0,True,False,0.5,0.1,0.35,5.0,0.0,,,,,,,,,,,,,,
j120_1.rcp,0,206.6127946127946,0.6841568946838379,GA_roulette_two_point_adaptive_heuristic_noLS_withNeighborhood,99,1000,0,50.0,60.0,,,,,,adaptive,two_point,heuristic,False,,,,,,,0.9,0.1,roulette,3.0,True,False,0.5,0.1,0.35,5.0,2.0,,,,,,,,,,,,,,
j120_1.rcp,1,210.81481481481487,0.6805152893066406,GA_roulette_two_point_adaptive_heuristic_noLS_withNeighborhood,99,1000,1,50.0,60.0,,,,,,adaptive,two_point,heuristic,False,,,,,,,0.9,0.1,roulette,3.0,True,False,0.5,0.1,0.35,5.0,2.0,,,,,,,,,,,,,,
j120_1.rcp,0,206.6127946127946,0.6824090480804443,GA_roulette_two_point_adaptive_heuristic_noLS_noNeighborhood,99,1000,0,50.0,60.0,,,,,,adaptive,two_point,heuristic,False,,,,,,,0.9,0.1,roulette,3.0,True,False,0.5,0.1,0.35,5.0,0.0,,,,,,,,,,,,,,
j120_1.rcp,1,210.81481481481487,0.6843059062957764,GA_roulette_two_point_adaptive_heuristic_noLS_noNeighborhood,99,1000,1,50.0,60.0,,,,,,adaptive,two_point,heuristic,False,,,,,,,0.9,0.1,roulette,3.0,True,False,0.5,0.1,0.35,5.0,0.0,,,,,,,,,,,,,,
j120_1.rcp,0,199.90572390572393,11.148625135421753,GA_roulette_rcx_random_random_withLS_withNeighborhood,99,1000,0,50.0,60.0,,,,,,random,rcx,random,True,,,,,,,0.9,0.1,roulette,3.0,True,False,0.5,0.1,0.35,5.0,2.0,,,,,,,,,,,,,,
j120_1.rcp,1,194.61279461279463,10.87917709350586,GA_roulette_rcx_random_random_withLS_withNeighborhood,99,1000,1,50.0,60.0,,,,,,random,rcx,random,True,,,,,,,0.9,0.1,roulette,3.0,True,False,0.5,0.1,0.35,5.0,2.0,,,,,,,,,,,,,,
j120_1.rcp,0,199.90572390572393,11.122215032577515,GA_roulette_rcx_random_random_withLS_noNeighborhood,99,1000,0,50.0,60.0,,,,,,random,rcx,random,True,,,,,,,0.9,0.1,roulette,3.0,True,False,0.5,0.1,0.35,5.0,0.0,,,,,,,,,,,,,,
j120_1.rcp,1,194.61279461279463,10.94200587272644,GA_roulette_rcx_random_random_withLS_noNeighborhood,99,1000,1,50.0,60.0,,,,,,random,rcx,random,True,,,,,,,0.9,0.1,roulette,3.0,True,False,0.5,0.1,0.35,5.0,0.0,,,,,,,,,,,,,,
j120_1.rcp,0,199.90572390572393,42.97003221511841,GA_roulette_rcx_random_random_noLS_withNeighborhood,99,1000,0,50.0,60.0,,,,,,random,rcx,random,False,,,,,,,0.9,0.1,roulette,3.0,True,False,0.5,0.1,0.35,5.0,2.0,,,,,,,,,,,,,,
j120_1.rcp,1,194.61279461279463,42.15121531486511,GA_roulette_rcx_random_random_noLS_withNeighborhood,99,1000,1,50.0,60.0,,,,,,random,rcx,random,False,,,,,,,0.9,0.1,roulette,3.0,True,False,0.5,0.1,0.35,5.0,2.0,,,,,,,,,,,,,,
j120_1.rcp,0,199.90572390572393,42.70023798942566,GA_roulette_rcx_random_random_noLS_noNeighborhood,99,1000,0,50.0,60.0,,,,,,random,rcx,random,False,,,,,,,0.9,0.1,roulette,3.0,True,False,0.5,0.1,0.35,5.0,0.0,,,,,,,,,,,,,,
j120_1.rcp,1,194.61279461279463,42.064006328582764,GA_roulette_rcx_random_random_noLS_noNeighborhood,99,1000,1,50.0,60.0,,,,,,random,rcx,random,False,,,,,,,0.9,0.1,roulette,3.0,True,False,0.5,0.1,0.35,5.0,0.0,,,,,,,,,,,,,,
j120_1.rcp,0,218.97643097643103,10.407129049301147,GA_roulette_rcx_random_heuristic_withLS_withNeighborhood,99,1000,0,50.0,60.0,,,,,,random,rcx,heuristic,True,,,,,,,0.9,0.1,roulette,3.0,True,False,0.5,0.1,0.35,5.0,2.0,,,,,,,,,,,,,,
j120_1.rcp,1,227.72390572390577,10.73938775062561,GA_roulette_rcx_random_heuristic_withLS_withNeighborhood,99,1000,1,50.0,60.0,,,,,,random,rcx,heuristic,True,,,,,,,0.9,0.1,roulette,3.0,True,False,0.5,0.1,0.35,5.0,2.0,,,,,,,,,,,,,,
j120_1.rcp,0,218.97643097643103,10.287490129470825,GA_roulette_rcx_random_heuristic_withLS_noNeighborhood,99,1000,0,50.0,60.0,,,,,,random,rcx,heuristic,True,,,,,,,0.9,0.1,roulette,3.0,True,False,0.5,0.1,0.35,5.0,0.0,,,,,,,,,,,,,,
j120_1.rcp,1,227.72390572390577,10.268276929855347,GA_roulette_rcx_random_heuristic_withLS_noNeighborhood,99,1000,1,50.0,60.0,,,,,,random,rcx,heuristic,True,,,,,,,0.9,0.1,roulette,3.0,True,False,0.5,0.1,0.35,5.0,0.0,,,,,,,,,,,,,,
j120_1.rcp,0,209.44107744107745,42.10937213897705,GA_roulette_rcx_random_heuristic_noLS_withNeighborhood,99,1000,0,50.0,60.0,,,,,,random,rcx,heuristic,False,,,,,,,0.9,0.1,roulette,3.0,True,False,0.5,0.1,0.35,5.0,2.0,,,,,,,,,,,,,,
j120_1.rcp,1,211.07744107744114,41.468677282333374,GA_roulette_rcx_random_heuristic_noLS_withNeighborhood,99,1000,1,50.0,60.0,,,,,,random,rcx,heuristic,False,,,,,,,0.9,0.1,roulette,3.0,True,False,0.5,0.1,0.35,5.0,2.0,,,,,,,,,,,,,,
j120_1.rcp,0,209.44107744107745,41.882019996643066,GA_roulette_rcx_random_heuristic_noLS_noNeighborhood,99,1000,0,50.0,60.0,,,,,,random,rcx,heuristic,False,,,,,,,0.9,0.1,roulette,3.0,True,False,0.5,0.1,0.35,5.0,0.0,,,,,,,,,,,,,,
j120_1.rcp,1,211.07744107744114,41.000316858291626,GA_roulette_rcx_random_heuristic_noLS_noNeighborhood,99,1000,1,50.0,60.0,,,,,,random,rcx,heuristic,False,,,,,,,0.9,0.1,roulette,3.0,True,False,0.5,0.1,0.35,5.0,0.0,,,,,,,,,,,,,,
j120_1.rcp,0,179.3198653198653,11.271353960037231,GA_roulette_rcx_adaptive_random_withLS_withNeighborhood,99,1000,0,50.0,60.0,,,,,,adaptive,rcx,random,True,,,,,,,0.9,0.1,roulette,3.0,True,False,0.5,0.1,0.35,5.0,2.0,,,,,,,,,,,,,,
j120_1.rcp,1,212.35016835016836,11.089246988296509,GA_roulette_rcx_adaptive_random_withLS_withNeighborhood,99,1000,1,50.0,60.0,,,,,,adaptive,rcx,random,True,,,,,,,0.9,0.1,roulette,3.0,True,False,0.5,0.1,0.35,5.0,2.0,,,,,,,,,,,,,,
j120_1.rcp,0,179.3198653198653,11.273830890655518,GA_roulette_rcx_adaptive_random_withLS_noNeighborhood,99,1000,0,50.0,60.0,,,,,,adaptive,rcx,random,True,,,,,,,0.9,0.1,roulette,3.0,True,False,0.5,0.1,0.35,5.0,0.0,,,,,,,,,,,,,,
j120_1.rcp,1,212.35016835016836,11.028249025344849,GA_roulette_rcx_adaptive_random_withLS_noNeighborhood,99,1000,1,50.0,60.0,,,,,,adaptive,rcx,random,True,,,,,,,0.9,0.1,roulette,3.0,True,False,0.5,0.1,0.35,5.0,0.0,,,,,,,,,,,,,,
j120_1.rcp,0,179.3198653198653,42.02325391769409,GA_roulette_rcx_adaptive_random_noLS_withNeighborhood,99,1000,0,50.0,60.0,,,,,,adaptive,rcx,random,False,,,,,,,0.9,0.1,roulette,3.0,True,False,0.5,0.1,0.35,5.0,2.0,,,,,,,,,,,,,,
j120_1.rcp,1,195.31986531986533,42.29118609428406,GA_roulette_rcx_adaptive_random_noLS_withNeighborhood,99,1000,1,50.0,60.0,,,,,,adaptive,rcx,random,False,,,,,,,0.9,0.1,roulette,3.0,True,False,0.5,0.1,0.35,5.0,2.0,,,,,,,,,,,,,,
j120_1.rcp,0,179.3198653198653,42.01169300079346,GA_roulette_rcx_adaptive_random_noLS_noNeighborhood,99,1000,0,50.0,60.0,,,,,,adaptive,rcx,random,False,,,,,,,0.9,0.1,roulette,3.0,True,False,0.5,0.1,0.35,5.0,0.0,,,,,,,,,,,,,,
j120_1.rcp,1,195.31986531986533,43.999603033065796,GA_roulette_rcx_adaptive_random_noLS_noNeighborhood,99,1000,1,50.0,60.0,,,,,,adaptive,rcx,random,False,,,,,,,0.9,0.1,roulette,3.0,True,False,0.5,0.1,0.35,5.0,0.0,,,,,,,,,,,,,,
j120_1.rcp,0,225.29966329966334,10.321796894073486,GA_roulette_rcx_adaptive_heuristic_withLS_withNeighborhood,99,1000,0,50.0,60.0,,,,,,adaptive,rcx,heuristic,True,,,,,,,0.9,0.1,roulette,3.0,True,False,0.5,0.1,0.35,5.0,2.0,,,,,,,,,,,,,,
j120_1.rcp,1,240.81481481481484,10.782613039016724,GA_roulette_rcx_adaptive_heuristic_withLS_withNeighborhood,99,1000,1,50.0,60.0,,,,,,adaptive,rcx,heuristic,True,,,,,,,0.9,0.1,roulette,3.0,True,False,0.5,0.1,0.35,5.0,2.0,,,,,,,,,,,,,,
j120_1.rcp,0,225.29966329966334,10.286112070083618,GA_roulette_rcx_adaptive_heuristic_withLS_noNeighborhood,99,1000,0,50.0,60.0,,,,,,adaptive,rcx,heuristic,True,,,,,,,0.9,0.1,roulette,3.0,True,False,0.5,0.1,0.35,5.0,0.0,,,,,,,,,,,,,,
j120_1.rcp,1,240.81481481481484,10.83191704750061,GA_roulette_rcx_adaptive_heuristic_withLS_noNeighborhood,99,1000,1,50.0,60.0,,,,,,adaptive,rcx,heuristic,True,,,,,,,0.9,0.1,roulette,3.0,True,False,0.5,0.1,0.35,5.0,0.0,,,,,,,,,,,,,,
j120_1.rcp,0,200.75420875420872,40.90829634666443,GA_roulette_rcx_adaptive_heuristic_noLS_withNeighborhood,99,1000,0,50.0,60.0,,,,,,adaptive,rcx,heuristic,False,,,,,,,0.9,0.1,roulette,3.0,True,False,0.5,0.1,0.35,5.0,2.0,,,,,,,,,,,,,,
j120_1.rcp,1,198.83501683501686,41.70709824562073,GA_roulette_rcx_adaptive_heuristic_noLS_withNeighborhood,99,1000,1,50.0,60.0,,,,,,adaptive,rcx,heuristic,False,,,,,,,0.9,0.1,roulette,3.0,True,False,0.5,0.1,0.35,5.0,2.0,,,,,,,,,,,,,,
j120_1.rcp,0,200.75420875420872,40.73639798164368,GA_roulette_rcx_adaptive_heuristic_noLS_noNeighborhood,99,1000,0,50.0,60.0,,,,,,adaptive,rcx,heuristic,False,,,,,,,0.9,0.1,roulette,3.0,True,False,0.5,0.1,0.35,5.0,0.0,,,,,,,,,,,,,,
j120_1.rcp,1,198.83501683501686,41.841864824295044,GA_roulette_rcx_adaptive_heuristic_noLS_noNeighborhood,99,1000,1,50.0,60.0,,,,,,adaptive,rcx,heuristic,False,,,,,,,0.9,0.1,roulette,3.0,True,False,0.5,0.1,0.35,5.0,0.0,,,,,,,,,,,,,,
j120_1.rcp,0,195.0370370370371,0.4475860595703125,GA_roulette_hybrid_random_random_withLS_withNeighborhood,99,1000,0,50.0,60.0,,,,,,random,hybrid,random,True,,,,,,,0.9,0.1,roulette,3.0,True,False,0.5,0.1,0.35,5.0,2.0,,,,,,,,,,,,,,
j120_1.rcp,1,203.98653198653204,0.4505600929260254,GA_roulette_hybrid_random_random_withLS_withNeighborhood,99,1000,1,50.0,60.0,,,,,,random,hybrid,random,True,,,,,,,0.9,0.1,roulette,3.0,True,False,0.5,0.1,0.35,5.0,2.0,,,,,,,,,,,,,,
j120_1.rcp,0,195.0370370370371,0.44647812843322754,GA_roulette_hybrid_random_random_withLS_noNeighborhood,99,1000,0,50.0,60.0,,,,,,random,hybrid,random,True,,,,,,,0.9,0.1,roulette,3.0,True,False,0.5,0.1,0.35,5.0,0.0,,,,,,,,,,,,,,
j120_1.rcp,1,203.98653198653204,0.4477660655975342,GA_roulette_hybrid_random_random_withLS_noNeighborhood,99,1000,1,50.0,60.0,,,,,,random,hybrid,random,True,,,,,,,0.9,0.1,roulette,3.0,True,False,0.5,0.1,0.35,5.0,0.0,,,,,,,,,,,,,,
j120_1.rcp,0,195.0370370370371,0.6421079635620117,GA_roulette_hybrid_random_random_noLS_withNeighborhood,99,1000,0,50.0,60.0,,,,,,random,hybrid,random,False,,,,,,,0.9,0.1,roulette,3.0,True,False,0.5,0.1,0.35,5.0,2.0,,,,,,,,,,,,,,
j120_1.rcp,1,190.71380471380473,0.6374630928039551,GA_roulette_hybrid_random_random_noLS_withNeighborhood,99,1000,1,50.0,60.0,,,,,,random,hybrid,random,False,,,,,,,0.9,0.1,roulette,3.0,True,False,0.5,0.1,0.35,5.0,2.0,,,,,,,,,,,,,,
j120_1.rcp,0,195.0370370370371,0.6355249881744385,GA_roulette_hybrid_random_random_noLS_noNeighborhood,99,1000,0,50.0,60.0,,,,,,random,hybrid,random,False,,,,,,,0.9,0.1,roulette,3.0,True,False,0.5,0.1,0.35,5.0,0.0,,,,,,,,,,,,,,
j120_1.rcp,1,190.71380471380473,0.6398351192474365,GA_roulette_hybrid_random_random_noLS_noNeighborhood,99,1000,1,50.0,60.0,,,,,,random,hybrid,random,False,,,,,,,0.9,0.1,roulette,3.0,True,False,0.5,0.1,0.35,5.0,0.0,,,,,,,,,,,,,,
j120_1.rcp,0,230.37037037037038,0.4501781463623047,GA_roulette_hybrid_random_heuristic_withLS_withNeighborhood,99,1000,0,50.0,60.0,,,,,,random,hybrid,heuristic,True,,,,,,,0.9,0.1,roulette,3.0,True,False,0.5,0.1,0.35,5.0,2.0,,,,,,,,,,,,,,
j120_1.rcp,1,221.78451178451184,0.4492638111114502,GA_roulette_hybrid_random_heuristic_withLS_withNeighborhood,99,1000,1,50.0,60.0,,,,,,random,hybrid,heuristic,True,,,,,,,0.9,0.1,roulette,3.0,True,False,0.5,0.1,0.35,5.0,2.0,,,,,,,,,,,,,,
j120_1.rcp,0,230.37037037037038,0.45168209075927734,GA_roulette_hybrid_random_heuristic_withLS_noNeighborhood,99,1000,0,50.0,60.0,,,,,,random,hybrid,heuristic,True,,,,,,,0.9,0.1,roulette,3.0,True,False,0.5,0.1,0.35,5.0,0.0,,,,,,,,,,,,,,
j120_1.rcp,1,221.78451178451184,0.45098209381103516,GA_roulette_hybrid_random_heuristic_withLS_noNeighborhood,99,1000,1,50.0,60.0,,,,,,random,hybrid,heuristic,True,,,,,,,0.9,0.1,roulette,3.0,True,False,0.5,0.1,0.35,5.0,0.0,,,,,,,,,,,,,,
j120_1.rcp,0,222.0471380471381,0.6415717601776123,GA_roulette_hybrid_random_heuristic_noLS_withNeighborhood,99,1000,0,50.0,60.0,,,,,,random,hybrid,heuristic,False,,,,,,,0.9,0.1,roulette,3.0,True,False,0.5,0.1,0.35,5.0,2.0,,,,,,,,,,,,,,
j120_1.rcp,1,204.99663299663305,0.6411082744598389,GA_roulette_hybrid_random_heuristic_noLS_withNeighborhood,99,1000,1,50.0,60.0,,,,,,random,hybrid,heuristic,False,,,,,,,0.9,0.1,roulette,3.0,True,False,0.5,0.1,0.35,5.0,2.0,,,,,,,,,,,,,,
j120_1.rcp,0,222.0471380471381,0.6398298740386963,GA_roulette_hybrid_random_heuristic_noLS_noNeighborhood,99,1000,0,50.0,60.0,,,,,,random,hybrid,heuristic,False,,,,,,,0.9,0.1,roulette,3.0,True,False,0.5,0.1,0.35,5.0,0.0,,,,,,,,,,,,,,
j120_1.rcp,1,204.99663299663305,0.6431090831756592,GA_roulette_hybrid_random_heuristic_noLS_noNeighborhood,99,1000,1,50.0,60.0,,,,,,random,hybrid,heuristic,False,,,,,,,0.9,0.1,roulette,3.0,True,False,0.5,0.1,0.35,5.0,0.0,,,,,,,,,,,,,,
j120_1.rcp,0,199.90572390572393,0.4548311233520508,GA_roulette_hybrid_adaptive_random_withLS_withNeighborhood,99,1000,0,50.0,60.0,,,,,,adaptive,hybrid,random,True,,,,,,,0.9,0.1,roulette,3.0,True,False,0.5,0.1,0.35,5.0,2.0,,,,,,,,,,,,,,
j120_1.rcp,1,196.73400673400678,0.458298921585083,GA_roulette_hybrid_adaptive_random_withLS_withNeighborhood,99,1000,1,50.0,60.0,,,,,,adaptive,hybrid,random,True,,,,,,,0.9,0.1,roulette,3.0,True,False,0.5,0.1,0.35,5.0,2.0,,,,,,,,,,,,,,
j120_1.rcp,0,199.90572390572393,0.45404577255249023,GA_roulette_hybrid_adaptive_random_withLS_noNeighborhood,99,1000,0,50.0,60.0,,,,,,adaptive,hybrid,random,True,,,,,,,0.9,0.1,roulette,3.0,True,False,0.5,0.1,0.35,5.0,0.0,,,,,,,,,,,,,,
j120_1.rcp,1,196.73400673400678,0.45583486557006836,GA_roulette_hybrid_adaptive_random_withLS_noNeighborhood,99,1000,1,50.0,60.0,,,,,,adaptive,hybrid,random,True,,,,,,,0.9,0.1,roulette,3.0,True,False,0.5,0.1,0.35,5.0,0.0,,,,,,,,,,,,,,
j120_1.rcp,0,199.90572390572393,0.6755568981170654,GA_roulette_hybrid_adaptive_random_noLS_withNeighborhood,99,1000,0,50.0,60.0,,,,,,adaptive,hybrid,random,False,,,,,,,0.9,0.1,roulette,3.0,True,False,0.5,0.1,0.35,5.0,2.0,,,,,,,,,,,,,,
j120_1.rcp,1,196.73400673400678,0.7498228549957275,GA_roulette_hybrid_adaptive_random_noLS_withNeighborhood,99,1000,1,50.0,60.0,,,,,,adaptive,hybrid,random,False,,,,,,,0.9,0.1,roulette,3.0,True,False,0.5,0.1,0.35,5.0,2.0,,,,,,,,,,,,,,
j120_1.rcp,0,199.90572390572393,0.7370932102203369,GA_roulette_hybrid_adaptive_random_noLS_noNeighborhood,99,1000,0,50.0,60.0,,,,,,adaptive,hybrid,random,False,,,,,,,0.9,0.1,roulette,3.0,True,False,0.5,0.1,0.35,5.0,0.0,,,,,,,,,,,,,,
j120_1.rcp,1,196.73400673400678,0.7513301372528076,GA_roulette_hybrid_adaptive_random_noLS_noNeighborhood,99,1000,1,50.0,60.0,,,,,,adaptive,hybrid,random,False,,,,,,,0.9,0.1,roulette,3.0,True,False,0.5,0.1,0.35,5.0,0.0,,,,,,,,,,,,,,
j120_1.rcp,0,223.15824915824916,0.45624804496765137,GA_roulette_hybrid_adaptive_heuristic_withLS_withNeighborhood,99,1000,0,50.0,60.0,,,,,,adaptive,hybrid,heuristic,True,,,,,,,0.9,0.1,roulette,3.0,True,False,0.5,0.1,0.35,5.0,2.0,,,,,,,,,,,,,,
j120_1.rcp,1,226.0875420875421,0.46663689613342285,GA_roulette_hybrid_adaptive_heuristic_withLS_withNeighborhood,99,1000,1,50.0,60.0,,,,,,adaptive,hybrid,heuristic,True,,,,,,,0.9,0.1,roulette,3.0,True,False,0.5,0.1,0.35,5.0,2.0,,,,,,,,,,,,,,
j120_1.rcp,0,223.15824915824916,0.5288469791412354,GA_roulette_hybrid_adaptive_heuristic_withLS_noNeighborhood,99,1000,0,50.0,60.0,,,,,,adaptive,hybrid,heuristic,True,,,,,,,0.9,0.1,roulette,3.0,True,False,0.5,0.1,0.35,5.0,0.0,,,,,,,,,,,,,,
j120_1.rcp,1,226.0875420875421,0.4617626667022705,GA_roulette_hybrid_adaptive_heuristic_withLS_noNeighborhood,99,1000,1,50.0,60.0,,,,,,adaptive,hybrid,heuristic,True,,,,,,,0.9,0.1,roulette,3.0,True,False,0.5,0.1,0.35,5.0,0.0,,,,,,,,,,,,,,
j120_1.rcp,0,204.71380471380468,0.7144486904144287,GA_roulette_hybrid_adaptive_heuristic_noLS_withNeighborhood,99,1000,0,50.0,60.0,,,,,,adaptive,hybrid,heuristic,False,,,,,,,0.9,0.1,roulette,3.0,True,False,0.5,0.1,0.35,5.0,2.0,,,,,,,,,,,,,,
j120_1.rcp,1,193.7845117845118,0.68603515625,GA_roulette_hybrid_adaptive_heuristic_noLS_withNeighborhood,99,1000,1,50.0,60.0,,,,,,adaptive,hybrid,heuristic,False,,,,,,,0.9,0.1,roulette,3.0,True,False,0.5,0.1,0.35,5.0,2.0,,,,,,,,,,,,,,
j120_1.rcp,0,204.71380471380468,0.7111959457397461,GA_roulette_hybrid_adaptive_heuristic_noLS_noNeighborhood,99,1000,0,50.0,60.0,,,,,,adaptive,hybrid,heuristic,False,,,,,,,0.9,0.1,roulette,3.0,True,False,0.5,0.1,0.35,5.0,0.0,,,,,,,,,,,,,,
j120_1.rcp,1,193.7845117845118,0.6780068874359131,GA_roulette_hybrid_adaptive_heuristic_noLS_noNeighborhood,99,1000,1,50.0,60.0,,,,,,adaptive,hybrid,heuristic,False,,,,,,,0.9,0.1,roulette,3.0,True,False,0.5,0.1,0.35,5.0,0.0,,,,,,,,,,,,,,
j120_1.rcp,0,191.7643097643098,0.4518280029296875,GA_tournament_single_point_random_random_withLS_withNeighborhood,99,1000,0,50.0,60.0,,,,,,random,single_point,random,True,,,,,,,0.9,0.1,tournament,3.0,True,False,0.5,0.1,0.35,5.0,2.0,,,,,,,,,,,,,,
j120_1.rcp,1,196.0875420875421,0.447998046875,GA_tournament_single_point_random_random_withLS_withNeighborhood,99,1000,1,50.0,60.0,,,,,,random,single_point,random,True,,,,,,,0.9,0.1,tournament,3.0,True,False,0.5,0.1,0.35,5.0,2.0,,,,,,,,,,,,,,
j120_1.rcp,0,191.7643097643098,0.4483470916748047,GA_tournament_single_point_random_random_withLS_noNeighborhood,99,1000,0,50.0,60.0,,,,,,random,single_point,random,True,,,,,,,0.9,0.1,tournament,3.0,True,False,0.5,0.1,0.35,5.0,0.0,,,,,,,,,,,,,,
j120_1.rcp,1,196.0875420875421,0.44820523262023926,GA_tournament_single_point_random_random_withLS_noNeighborhood,99,1000,1,50.0,60.0,,,,,,random,single_point,random,True,,,,,,,0.9,0.1,tournament,3.0,True,False,0.5,0.1,0.35,5.0,0.0,,,,,,,,,,,,,,
j120_1.rcp,0,144.65319865319864,0.643794059753418,GA_tournament_single_point_random_random_noLS_withNeighborhood,99,1000,0,50.0,60.0,,,,,,random,single_point,random,False,,,,,,,0.9,0.1,tournament,3.0,True,False,0.5,0.1,0.35,5.0,2.0,,,,,,,,,,,,,,
j120_1.rcp,1,153.11784511784512,0.6430850028991699,GA_tournament_single_point_random_random_noLS_withNeighborhood,99,1000,1,50.0,60.0,,,,,,random,single_point,random,False,,,,,,,0.9,0.1,tournament,3.0,True,False,0.5,0.1,0.35,5.0,2.0,,,,,,,,,,,,,,
j120_1.rcp,0,144.65319865319864,0.6470332145690918,GA_tournament_single_point_random_random_noLS_noNeighborhood,99,1000,0,50.0,60.0,,,,,,random,single_point,random,False,,,,,,,0.9,0.1,tournament,3.0,True,False,0.5,0.1,0.35,5.0,0.0,,,,,,,,,,,,,,
j120_1.rcp,1,153.11784511784512,0.6467399597167969,GA_tournament_single_point_random_random_noLS_noNeighborhood,99,1000,1,50.0,60.0,,,,,,random,single_point,random,False,,,,,,,0.9,0.1,tournament,3.0,True,False,0.5,0.1,0.35,5.0,0.0,,,,,,,,,,,,,,
j120_1.rcp,0,205.62289562289564,0.4902358055114746,GA_tournament_single_point_random_heuristic_withLS_withNeighborhood,99,1000,0,50.0,60.0,,,,,,random,single_point,heuristic,True,,,,,,,0.9,0.1,tournament,3.0,True,False,0.5,0.1,0.35,5.0,2.0,,,,,,,,,,,,,,
j120_1.rcp,1,215.5420875420876,0.45218515396118164,GA_tournament_single_point_random_heuristic_withLS_withNeighborhood,99,1000,1,50.0,60.0,,,,,,random,single_point,heuristic,True,,,,,,,0.9,0.1,tournament,3.0,True,False,0.5,0.1,0.35,5.0,2.0,,,,,,,,,,,,,,
j120_1.rcp,0,205.62289562289564,0.4486658573150635,GA_tournament_single_point_random_heuristic_withLS_noNeighborhood,99,1000,0,50.0,60.0,,,,,,random,single_point,heuristic,True,,,,,,,0.9,0.1,tournament,3.0,True,False,0.5,0.1,0.35,5.0,0.0,,,,,,,,,,,,,,
j120_1.rcp,1,215.5420875420876,0.45331883430480957,GA_tournament_single_point_random_heuristic_withLS_noNeighborhood,99,1000,1,50.0,60.0,,,,,,random,single_point,heuristic,True,,,,,,,0.9,0.1,tournament,3.0,True,False,0.5,0.1,0.35,5.0,0.0,,,,,,,,,,,,,,
j120_1.rcp,0,158.6936026936027,0.646737813949585,GA_tournament_single_point_random_heuristic_noLS_withNeighborhood,99,1000,0,50.0,60.0,,,,,,random,single_point,heuristic,False,,,,,,,0.9,0.1,tournament,3.0,True,False,0.5,0.1,0.35,5.0,2.0,,,,,,,,,,,,,,
j120_1.rcp,1,167.11784511784512,0.6490387916564941,GA_tournament_single_point_random_heuristic_noLS_withNeighborhood,99,1000,1,50.0,60.0,,,,,,random,single_point,heuristic,False,,,,,,,0.9,0.1,tournament,3.0,True,False,0.5,0.1,0.35,5.0,2.0,,,,,,,,,,,,,,
j120_1.rcp,0,158.6936026936027,0.6452882289886475,GA_tournament_single_point_random_heuristic_noLS_noNeighborhood,99,1000,0,50.0,60.0,,,,,,random,single_point,heuristic,False,,,,,,,0.9,0.1,tournament,3.0,True,False,0.5,0.1,0.35,5.0,0.0,,,,,,,,,,,,,,
j120_1.rcp,1,167.11784511784512,0.6779038906097412,GA_tournament_single_point_random_heuristic_noLS_noNeighborhood,99,1000,1,50.0,60.0,,,,,,random,single_point,heuristic,False,,,,,,,0.9,0.1,tournament,3.0,True,False,0.5,0.1,0.35,5.0,0.0,,,,,,,,,,,,,,
j120_1.rcp,0,173.11784511784512,0.45882201194763184,GA_tournament_single_point_adaptive_random_withLS_withNeighborhood,99,1000,0,50.0,60.0,,,,,,adaptive,single_point,random,True,,,,,,,0.9,0.1,tournament,3.0,True,False,0.5,0.1,0.35,5.0,2.0,,,,,,,,,,,,,,
j120_1.rcp,1,190.08754208754215,0.4585559368133545,GA_tournament_single_point_adaptive_random_withLS_withNeighborhood,99,1000,1,50.0,60.0,,,,,,adaptive,single_point,random,True,,,,,,,0.9,0.1,tournament,3.0,True,False,0.5,0.1,0.35,5.0,2.0,,,,,,,,,,,,,,
j120_1.rcp,0,173.11784511784512,0.4612710475921631,GA_tournament_single_point_adaptive_random_withLS_noNeighborhood,99,1000,0,50.0,60.0,,,,,,adaptive,single_point,random,True,,,,,,,0.9,0.1,tournament,3.0,True,False,0.5,0.1,0.35,5.0,0.0,,,,,,,,,,,,,,
j120_1.rcp,1,190.08754208754215,0.45839691162109375,GA_tournament_single_point_adaptive_random_withLS_noNeighborhood,99,1000,1,50.0,60.0,,,,,,adaptive,single_point,random,True,,,,,,,0.9,0.1,tournament,3.0,True,False,0.5,0.1,0.35,5.0,0.0,,,,,,,,,,,,,,
j120_1.rcp,0,173.11784511784512,0.6791222095489502,GA_tournament_single_point_adaptive_random_noLS_withNeighborhood,99,1000,0,50.0,60.0,,,,,,adaptive,single_point,random,False,,,,,,,0.9,0.1,tournament,3.0,True,False,0.5,0.1,0.35,5.0,2.0,,,,,,,,,,,,,,
j120_1.rcp,1,163.92592592592595,0.6801700592041016,GA_tournament_single_point_adaptive_random_noLS_withNeighborhood,99,1000,1,50.0,60.0,,,,,,adaptive,single_point,random,False,,,,,,,0.9,0.1,tournament,3.0,True,False,0.5,0.1,0.35,5.0,2.0,,,,,,,,,,,,,,
j120_1.rcp,0,173.11784511784512,0.6779248714447021,GA_tournament_single_point_adaptive_random_noLS_noNeighborhood,99,1000,0,50.0,60.0,,,,,,adaptive,single_point,random,False,,,,,,,0.9,0.1,tournament,3.0,True,False,0.5,0.1,0.35,5.0,0.0,,,,,,,,,,,,,,
j120_1.rcp,1,163.92592592592595,0.6830840110778809,GA_tournament_single_point_adaptive_random_noLS_noNeighborhood,99,1000,1,50.0,60.0,,,,,,adaptive,single_point,random,False,,,,,,,0.9,0.1,tournament,3.0,True,False,0.5,0.1,0.35,5.0,0.0,,,,,,,,,,,,,,
j120_1.rcp,0,201.01683501683507,0.46204710006713867,GA_tournament_single_point_adaptive_heuristic_withLS_withNeighborhood,99,1000,0,50.0,60.0,,,,,,adaptive,single_point,heuristic,True,,,,,,,0.9,0.1,tournament,3.0,True,False,0.5,0.1,0.35,5.0,2.0,,,,,,,,,,,,,,
j120_1.rcp,1,196.30976430976435,0.46350622177124023,GA_tournament_single_point_adaptive_heuristic_withLS_withNeighborhood,99,1000,1,50.0,60.0,,,,,,adaptive,single_point,heuristic,True,,,,,,,0.9,0.1,tournament,3.0,True,False,0.5,0.1,0.35,5.0,2.0,,,,,,,,,,,,,,
j120_1.rcp,0,201.01683501683507,0.46146512031555176,GA_tournament_single_point_adaptive_heuristic_withLS_noNeighborhood,99,1000,0,50.0,60.0,,,,,,adaptive,single_point,heuristic,True,,,,,,,0.9,0.1,tournament,3.0,True,False,0.5,0.1,0.35,5.0,0.0,,,,,,,,,,,,,,
j120_1.rcp,1,196.30976430976435,0.4602949619293213,GA_tournament_single_point_adaptive_heuristic_withLS_noNeighborhood,99,1000,1,50.0,60.0,,,,,,adaptive,single_point,heuristic,True,,,,,,,0.9,0.1,tournament,3.0,True,False,0.5,0.1,0.35,5.0,0.0,,,,,,,,,,,,,,
j120_1.rcp,0,178.22895622895626,0.6828181743621826,GA_tournament_single_point_adaptive_heuristic_noLS_withNeighborhood,99,1000,0,50.0,60.0,,,,,,adaptive,single_point,heuristic,False,,,,,,,0.9,0.1,tournament,3.0,True,False,0.5,0.1,0.35,5.0,2.0,,,,,,,,,,,,,,
j120_1.rcp,1,177.34006734006735,0.6822359561920166,GA_tournament_single_point_adaptive_heuristic_noLS_withNeighborhood,99,1000,1,50.0,60.0,,,,,,adaptive,single_point,heuristic,False,,,,,,,0.9,0.1,tournament,3.0,True,False,0.5,0.1,0.35,5.0,2.0,,,,,,,,,,,,,,
j120_1.rcp,0,178.22895622895626,0.680793285369873,GA_tournament_single_point_adaptive_heuristic_noLS_noNeighborhood,99,1000,0,50.0,60.0,,,,,,adaptive,single_point,heuristic,False,,,,,,,0.9,0.1,tournament,3.0,True,False,0.5,0.1,0.35,5.0,0.0,,,,,,,,,,,,,,
j120_1.rcp,1,177.34006734006735,0.6890139579772949,GA_tournament_single_point_adaptive_heuristic_noLS_noNeighborhood,99,1000,1,50.0,60.0,,,,,,adaptive,single_point,heuristic,False,,,,,,,0.9,0.1,tournament,3.0,True,False,0.5,0.1,0.35,5.0,0.0,,,,,,,,,,,,,,
j120_1.rcp,0,182.26936026936028,0.44941210746765137,GA_tournament_two_point_random_random_withLS_withNeighborhood,99,1000,0,50.0,60.0,,,,,,random,two_point,random,True,,,,,,,0.9,0.1,tournament,3.0,True,False,0.5,0.1,0.35,5.0,2.0,,,,,,,,,,,,,,
j120_1.rcp,1,184.006734006734,0.4480011463165283,GA_tournament_two_point_random_random_withLS_withNeighborhood,99,1000,1,50.0,60.0,,,,,,random,two_point,random,True,,,,,,,0.9,0.1,tournament,3.0,True,False,0.5,0.1,0.35,5.0,2.0,,,,,,,,,,,,,,
j120_1.rcp,0,182.26936026936028,0.4469430446624756,GA_tournament_two_point_random_random_withLS_noNeighborhood,99,1000,0,50.0,60.0,,,,,,random,two_point,random,True,,,,,,,0.9,0.1,tournament,3.0,True,False,0.5,0.1,0.35,5.0,0.0,,,,,,,,,,,,,,
j120_1.rcp,1,184.006734006734,0.4468348026275635,GA_tournament_two_point_random_random_withLS_noNeighborhood,99,1000,1,50.0,60.0,,,,,,random,two_point,random,True,,,,,,,0.9,0.1,tournament,3.0,True,False,0.5,0.1,0.35,5.0,0.0,,,,,,,,,,,,,,
j120_1.rcp,0,165.25925925925927,0.6428468227386475,GA_tournament_two_point_random_random_noLS_withNeighborhood,99,1000,0,50.0,60.0,,,,,,random,two_point,random,False,,,,,,,0.9,0.1,tournament,3.0,True,False,0.5,0.1,0.35,5.0,2.0,,,,,,,,,,,,,,
j120_1.rcp,1,164.37037037037038,0.6417391300201416,GA_tournament_two_point_random_random_noLS_withNeighborhood,99,1000,1,50.0,60.0,,,,,,random,two_point,random,False,,,,,,,0.9,0.1,tournament,3.0,True,False,0.5,0.1,0.35,5.0,2.0,,,,,,,,,,,,,,
j120_1.rcp,0,165.25925925925927,0.6428699493408203,GA_tournament_two_point_random_random_noLS_noNeighborhood,99,1000,0,50.0,60.0,,,,,,random,two_point,random,False,,,,,,,0.9,0.1,tournament,3.0,True,False,0.5,0.1,0.35,5.0,0.0,,,,,,,,,,,,,,
j120_1.rcp,1,164.37037037037038,0.6426980495452881,GA_tournament_two_point_random_random_noLS_noNeighborhood,99,1000,1,50.0,60.0,,,,,,random,two_point,random,False,,,,,,,0.9,0.1,tournament,3.0,True,False,0.5,0.1,0.35,5.0,0.0,,,,,,,,,,,,,,
j120_1.rcp,0,223.21885521885523,0.45227599143981934,GA_tournament_two_point_random_heuristic_withLS_withNeighborhood,99,1000,0,50.0,60.0,,,,,,random,two_point,heuristic,True,,,,,,,0.9,0.1,tournament,3.0,True,False,0.5,0.1,0.35,5.0,2.0,,,,,,,,,,,,,,
j120_1.rcp,1,227.80471380471377,0.451190710067749,GA_tournament_two_point_random_heuristic_withLS_withNeighborhood,99,1000,1,50.0,60.0,,,,,,random,two_point,heuristic,True,,,,,,,0.9,0.1,tournament,3.0,True,False,0.5,0.1,0.35,5.0,2.0,,,,,,,,,,,,,,
j120_1.rcp,0,223.21885521885523,0.45384883880615234,GA_tournament_two_point_random_heuristic_withLS_noNeighborhood,99,1000,0,50.0,60.0,,,,,,random,two_point,heuristic,True,,,,,,,0.9,0.1,tournament,3.0,True,False,0.5,0.1,0.35,5.0,0.0,,,,,,,,,,,,,,
j120_1.rcp,1,227.80471380471377,0.4547080993652344,GA_tournament_two_point_random_heuristic_withLS_noNeighborhood,99,1000,1,50.0,60.0,,,,,,random,two_point,heuristic,True,,,,,,,0.9,0.1,tournament,3.0,True,False,0.5,0.1,0.35,5.0,0.0,,,,,,,,,,,,,,
j120_1.rcp,0,178.6127946127946,0.6512389183044434,GA_tournament_two_point_random_heuristic_noLS_withNeighborhood,99,1000,0,50.0,60.0,,,,,,random,two_point,heuristic,False,,,,,,,0.9,0.1,tournament,3.0,True,False,0.5,0.1,0.35,5.0,2.0,,,,,,,,,,,,,,
j120_1.rcp,1,190.24915824915826,0.648200273513794,GA_tournament_two_point_random_heuristic_noLS_withNeighborhood,99,1000,1,50.0,60.0,,,,,,random,two_point,heuristic,False,,,,,,,0.9,0.1,tournament,3.0,True,False,0.5,0.1,0.35,5.0,2.0,,,,,,,,,,,,,,
j120_1.rcp,0,178.6127946127946,0.648594856262207,GA_tournament_two_point_random_heuristic_noLS_noNeighborhood,99,1000,0,50.0,60.0,,,,,,random,two_point,heuristic,False,,,,,,,0.9,0.1,tournament,3.0,True,False,0.5,0.1,0.35,5.0,0.0,,,,,,,,,,,,,,
j120_1.rcp,1,190.24915824915826,0.6473429203033447,GA_tournament_two_point_random_heuristic_noLS_noNeighborhood,99,1000,1,50.0,60.0,,,,,,random,two_point,heuristic,False,,,,,,,0.9,0.1,tournament,3.0,True,False,0.5,0.1,0.35,5.0,0.0,,,,,,,,,,,,,,
j120_1.rcp,0,199.90572390572393,0.4559810161590576,GA_tournament_two_point_adaptive_random_withLS_withNeighborhood,99,1000,0,50.0,60.0,,,,,,adaptive,two_point,random,True,,,,,,,0.9,0.1,tournament,3.0,True,False,0.5,0.1,0.35,5.0,2.0,,,,,,,,,,,,,,
j120_1.rcp,1,193.36026936026934,0.4558839797973633,GA_tournament_two_point_adaptive_random_withLS_withNeighborhood,99,1000,1,50.0,60.0,,,,,,adaptive,two_point,random,True,,,,,,,0.9,0.1,tournament,3.0,True,False,0.5,0.1,0.35,5.0,2.0,,,,,,,,,,,,,,
j120_1.rcp,0,199.90572390572393,0.45664286613464355,GA_tournament_two_point_adaptive_random_withLS_noNeighborhood,99,1000,0,50.0,60.0,,,,,,adaptive,two_point,random,True,,,,,,,0.9,0.1,tournament,3.0,True,False,0.5,0.1,0.35,5.0,0.0,,,,,,,,,,,,,,
j120_1.rcp,1,193.36026936026934,0.45644497871398926,GA_tournament_two_point_adaptive_random_withLS_noNeighborhood,99,1000,1,50.0,60.0,,,,,,adaptive,two_point,random,True,,,,,,,0.9,0.1,tournament,3.0,True,False,0.5,0.1,0.35,5.0,0.0,,,,,,,,,,,,,,
j120_1.rcp,0,175.90572390572396,0.6814289093017578,GA_tournament_two_point_adaptive_random_noLS_withNeighborhood,99,1000,0,50.0,60.0,,,,,,adaptive,two_point,random,False,,,,,,,0.9,0.1,tournament,3.0,True,False,0.5,0.1,0.35,5.0,2.0,,,,,,,,,,,,,,
j120_1.rcp,1,159.21885521885523,0.6816861629486084,GA_tournament_two_point_adaptive_random_noLS_withNeighborhood,99,1000,1,50.0,60.0,,,,,,adaptive,two_point,random,False,,,,,,,0.9,0.1,tournament,3.0,True,False,0.5,0.1,0.35,5.0,2.0,,,,,,,,,,,,,,
j120_1.rcp,0,175.90572390572396,0.6816561222076416,GA_tournament_two_point_adaptive_random_noLS_noNeighborhood,99,1000,0,50.0,60.0,,,,,,adaptive,two_point,random,False,,,,,,,0.9,0.1,tournament,3.0,True,False,0.5,0.1,0.35,5.0,0.0,,,,,,,,,,,,,,
j120_1.rcp,1,159.21885521885523,0.6825108528137207,GA_tournament_two_point_adaptive_random_noLS_noNeighborhood,99,1000,1,50.0,60.0,,,,,,adaptive,two_point,random,False,,,,,,,0.9,0.1,tournament,3.0,True,False,0.5,0.1,0.35,5.0,0.0,,,,,,,,,,,,,,
j120_1.rcp,0,193.1986531986532,0.4603588581085205,GA_tournament_two_point_adaptive_heuristic_withLS_withNeighborhood,99,1000,0,50.0,60.0,,,,,,adaptive,two_point,heuristic,True,,,,,,,0.9,0.1,tournament,3.0,True,False,0.5,0.1,0.35,5.0,2.0,,,,,,,,,,,,,,
j120_1.rcp,1,213.90572390572387,0.4608638286590576,GA_tournament_two_point_adaptive_heuristic_withLS_withNeighborhood,99,1000,1,50.0,60.0,,,,,,adaptive,two_point,heuristic,True,,,,,,,0.9,0.1,tournament,3.0,True,False,0.5,0.1,0.35,5.0,2.0,,,,,,,,,,,,,,
j120_1.rcp,0,193.1986531986532,0.4601449966430664,GA_tournament_two_point_adaptive_heuristic_withLS_noNeighborhood,99,1000,0,50.0,60.0,,,,,,adaptive,two_point,heuristic,True,,,,,,,0.9,0.1,tournament,3.0,True,False,0.5,0.1,0.35,5.0,0.0,,,,,,,,,,,,,,
j120_1.rcp,1,213.90572390572387,0.46018481254577637,GA_tournament_two_point_adaptive_heuristic_withLS_noNeighborhood,99,1000,1,50.0,60.0,,,,,,adaptive,two_point,heuristic,True,,,,,,,0.9,0.1,tournament,3.0,True,False,0.5,0.1,0.35,5.0,0.0,,,,,,,,,,,,,,
j120_1.rcp,0,170.47138047138046,0.6884069442749023,GA_tournament_two_point_adaptive_heuristic_noLS_withNeighborhood,99,1000,0,50.0,60.0,,,,,,adaptive,two_point,heuristic,False,,,,,,,0.9,0.1,tournament,3.0,True,False,0.5,0.1,0.35,5.0,2.0,,,,,,,,,,,,,,
j120_1.rcp,1,182.4107744107744,0.6870300769805908,GA_tournament_two_point_adaptive_heuristic_noLS_withNeighborhood,99,1000,1,50.0,60.0,,,,,,adaptive,two_point,heuristic,False,,,,,,,0.9,0.1,tournament,3.0,True,False,0.5,0.1,0.35,5.0,2.0,,,,,,,,,,,,,,
j120_1.rcp,0,170.47138047138046,0.6859378814697266,GA_tournament_two_point_adaptive_heuristic_noLS_noNeighborhood,99,1000,0,50.0,60.0,,,,,,adaptive,two_point,heuristic,False,,,,,,,0.9,0.1,tournament,3.0,True,False,0.5,0.1,0.35,5.0,0.0,,,,,,,,,,,,,,
j120_1.rcp,1,182.4107744107744,0.6913001537322998,GA_tournament_two_point_adaptive_heuristic_noLS_noNeighborhood,99,1000,1,50.0,60.0,,,,,,adaptive,two_point,heuristic,False,,,,,,,0.9,0.1,tournament,3.0,True,False,0.5,0.1,0.35,5.0,0.0,,,,,,,,,,,,,,
j120_1.rcp,0,174.85521885521888,5.744556903839111,GA_tournament_rcx_random_random_withLS_withNeighborhood,99,1000,0,50.0,60.0,,,,,,random,rcx,random,True,,,,,,,0.9,0.1,tournament,3.0,True,False,0.5,0.1,0.35,5.0,2.0,,,,,,,,,,,,,,
j120_1.rcp,1,166.79461279461282,5.64125394821167,GA_tournament_rcx_random_random_withLS_withNeighborhood,99,1000,1,50.0,60.0,,,,,,random,rcx,random,True,,,,,,,0.9,0.1,tournament,3.0,True,False,0.5,0.1,0.35,5.0,2.0,,,,,,,,,,,,,,
j120_1.rcp,0,174.85521885521888,5.719020128250122,GA_tournament_rcx_random_random_withLS_noNeighborhood,99,1000,0,50.0,60.0,,,,,,random,rcx,random,True,,,,,,,0.9,0.1,tournament,3.0,True,False,0.5,0.1,0.35,5.0,0.0,,,,,,,,,,,,,,
j120_1.rcp,1,166.79461279461282,5.632955074310303,GA_tournament_rcx_random_random_withLS_noNeighborhood,99,1000,1,50.0,60.0,,,,,,random,rcx,random,True,,,,,,,0.9,0.1,tournament,3.0,True,False,0.5,0.1,0.35,5.0,0.0,,,,,,,,,,,,,,
j120_1.rcp,0,152.91582491582494,21.281216144561768,GA_tournament_rcx_random_random_noLS_withNeighborhood,99,1000,0,50.0,60.0,,,,,,random,rcx,random,False,,,,,,,0.9,0.1,tournament,3.0,True,False,0.5,0.1,0.35,5.0,2.0,,,,,,,,,,,,,,
j120_1.rcp,1,126.89562289562289,21.16950511932373,GA_tournament_rcx_random_random_noLS_withNeighborhood,99,1000,1,50.0,60.0,,,,,,random,rcx,random,False,,,,,,,0.9,0.1,tournament,3.0,True,False,0.5,0.1,0.35,5.0,2.0,,,,,,,,,,,,,,
j120_1.rcp,0,152.91582491582494,21.626071214675903,GA_tournament_rcx_random_random_noLS_noNeighborhood,99,1000,0,50.0,60.0,,,,,,random,rcx,random,False,,,,,,,0.9,0.1,tournament,3.0,True,False,0.5,0.1,0.35,5.0,0.0,,,,,,,,,,,,,,
j120_1.rcp,1,126.89562289562289,21.18837594985962,GA_tournament_rcx_random_random_noLS_noNeighborhood,99,1000,1,50.0,60.0,,,,,,random,rcx,random,False,,,,,,,0.9,0.1,tournament,3.0,True,False,0.5,0.1,0.35,5.0,0.0,,,,,,,,,,,,,,
j120_1.rcp,0,199.82491582491588,5.247191667556763,GA_tournament_rcx_random_heuristic_withLS_withNeighborhood,99,1000,0,50.0,60.0,,,,,,random,rcx,heuristic,True,,,,,,,0.9,0.1,tournament,3.0,True,False,0.5,0.1,0.35,5.0,2.0,,,,,,,,,,,,,,
j120_1.rcp,1,175.6228956228956,5.5197060108184814,GA_tournament_rcx_random_heuristic_withLS_withNeighborhood,99,1000,1,50.0,60.0,,,,,,random,rcx,heuristic,True,,,,,,,0.9,0.1,tournament,3.0,True,False,0.5,0.1,0.35,5.0,2.0,,,,,,,,,,,,,,
j120_1.rcp,0,199.82491582491588,5.261551856994629,GA_tournament_rcx_random_heuristic_withLS_noNeighborhood,99,1000,0,50.0,60.0,,,,,,random,rcx,heuristic,True,,,,,,,0.9,0.1,tournament,3.0,True,False,0.5,0.1,0.35,5.0,0.0,,,,,,,,,,,,,,
j120_1.rcp,1,175.6228956228956,5.579761981964111,GA_tournament_rcx_random_heuristic_withLS_noNeighborhood,99,1000,1,50.0,60.0,,,,,,random,rcx,heuristic,True,,,,,,,0.9,0.1,tournament,3.0,True,False,0.5,0.1,0.35,5.0,0.0,,,,,,,,,,,,,,
j120_1.rcp,0,160.93602693602693,20.812269926071167,GA_tournament_rcx_random_heuristic_noLS_withNeighborhood,99,1000,0,50.0,60.0,,,,,,random,rcx,heuristic,False,,,,,,,0.9,0.1,tournament,3.0,True,False,0.5,0.1,0.35,5.0,2.0,,,,,,,,,,,,,,
j120_1.rcp,1,160.81481481481484,21.375056982040405,GA_tournament_rcx_random_heuristic_noLS_withNeighborhood,99,1000,1,50.0,60.0,,,,,,random,rcx,heuristic,False,,,,,,,0.9,0.1,tournament,3.0,True,False,0.5,0.1,0.35,5.0,2.0,,,,,,,,,,,,,,
j120_1.rcp,0,160.93602693602693,20.75632095336914,GA_tournament_rcx_random_heuristic_noLS_noNeighborhood,99,1000,0,50.0,60.0,,,,,,random,rcx,heuristic,False,,,,,,,0.9,0.1,tournament,3.0,True,False,0.5,0.1,0.35,5.0,0.0,,,,,,,,,,,,,,
j120_1.rcp,1,160.81481481481484,22.030724048614502,GA_tournament_rcx_random_heuristic_noLS_noNeighborhood,99,1000,1,50.0,60.0,,,,,,random,rcx,heuristic,False,,,,,,,0.9,0.1,tournament,3.0,True,False,0.5,0.1,0.35,5.0,0.0,,,,,,,,,,,,,,
j120_1.rcp,0,199.90572390572393,5.686167001724243,GA_tournament_rcx_adaptive_random_withLS_withNeighborhood,99,1000,0,50.0,60.0,,,,,,adaptive,rcx,random,True,,,,,,,0.9,0.1,tournament,3.0,True,False,0.5,0.1,0.35,5.0,2.0,,,,,,,,,,,,,,
j120_1.rcp,1,202.18855218855217,5.954090118408203,GA_tournament_rcx_adaptive_random_withLS_withNeighborhood,99,1000,1,50.0,60.0,,,,,,adaptive,rcx,random,True,,,,,,,0.9,0.1,tournament,3.0,True,False,0.5,0.1,0.35,5.0,2.0,,,,,,,,,,,,,,
j120_1.rcp,0,199.90572390572393,5.627040147781372,GA_tournament_rcx_adaptive_random_withLS_noNeighborhood,99,1000,0,50.0,60.0,,,,,,adaptive,rcx,random,True,,,,,,,0.9,0.1,tournament,3.0,True,False,0.5,0.1,0.35,5.0,0.0,,,,,,,,,,,,,,
j120_1.rcp,1,202.18855218855217,5.794654846191406,GA_tournament_rcx_adaptive_random_withLS_noNeighborhood,99,1000,1,50.0,60.0,,,,,,adaptive,rcx,random,True,,,,,,,0.9,0.1,tournament,3.0,True,False,0.5,0.1,0.35,5.0,0.0,,,,,,,,,,,,,,
j120_1.rcp,0,188.2895622895623,21.45380401611328,GA_tournament_rcx_adaptive_random_noLS_withNeighborhood,99,1000,0,50.0,60.0,,,,,,adaptive,rcx,random,False,,,,,,,0.9,0.1,tournament,3.0,True,False,0.5,0.1,0.35,5.0,2.0,,,,,,,,,,,,,,
j120_1.rcp,1,173.94612794612794,21.64488983154297,GA_tournament_rcx_adaptive_random_noLS_withNeighborhood,99,1000,1,50.0,60.0,,,,,,adaptive,rcx,random,False,,,,,,,0.9,0.1,tournament,3.0,True,False,0.5,0.1,0.35,5.0,2.0,,,,,,,,,,,,,,
j120_1.rcp,0,188.2895622895623,21.380940198898315,GA_tournament_rcx_adaptive_random_noLS_noNeighborhood,99,1000,0,50.0,60.0,,,,,,adaptive,rcx,random,False,,,,,,,0.9,0.1,tournament,3.0,True,False,0.5,0.1,0.35,5.0,0.0,,,,,,,,,,,,,,
j120_1.rcp,1,173.94612794612794,21.925489902496338,GA_tournament_rcx_adaptive_random_noLS_noNeighborhood,99,1000,1,50.0,60.0,,,,,,adaptive,rcx,random,False,,,,,,,0.9,0.1,tournament,3.0,True,False,0.5,0.1,0.35,5.0,0.0,,,,,,,,,,,,,,
j120_1.rcp,0,206.49158249158253,5.364755392074585,GA_tournament_rcx_adaptive_heuristic_withLS_withNeighborhood,99,1000,0,50.0,60.0,,,,,,adaptive,rcx,heuristic,True,,,,,,,0.9,0.1,tournament,3.0,True,False,0.5,0.1,0.35,5.0,2.0,,,,,,,,,,,,,,
j120_1.rcp,1,199.23905723905722,5.667004346847534,GA_tournament_rcx_adaptive_heuristic_withLS_withNeighborhood,99,1000,1,50.0,60.0,,,,,,adaptive,rcx,heuristic,True,,,,,,,0.9,0.1,tournament,3.0,True,False,0.5,0.1,0.35,5.0,2.0,,,,,,,,,,,,,,
j120_1.rcp,0,206.49158249158253,5.376643180847168,GA_tournament_rcx_adaptive_heuristic_withLS_noNeighborhood,99,1000,0,50.0,60.0,,,,,,adaptive,rcx,heuristic,True,,,,,,,0.9,0.1,tournament,3.0,True,False,0.5,0.1,0.35,5.0,0.0,,,,,,,,,,,,,,
j120_1.rcp,1,199.23905723905722,5.4923388957977295,GA_tournament_rcx_adaptive_heuristic_withLS_noNeighborhood,99,1000,1,50.0,60.0,,,,,,adaptive,rcx,heuristic,True,,,,,,,0.9,0.1,tournament,3.0,True,False,0.5,0.1,0.35,5.0,0.0,,,,,,,,,,,,,,
j120_1.rcp,0,172.16835016835017,20.52674102783203,GA_tournament_rcx_adaptive_heuristic_noLS_withNeighborhood,99,1000,0,50.0,60.0,,,,,,adaptive,rcx,heuristic,False,,,,,,,0.9,0.1,tournament,3.0,True,False,0.5,0.1,0.35,5.0,2.0,,,,,,,,,,,,,,
j120_1.rcp,1,165.05723905723906,21.123711824417114,GA_tournament_rcx_adaptive_heuristic_noLS_withNeighborhood,99,1000,1,50.0,60.0,,,,,,adaptive,rcx,heuristic,False,,,,,,,0.9,0.1,tournament,3.0,True,False,0.5,0.1,0.35,5.0,2.0,,,,,,,,,,,,,,
j120_1.rcp,0,172.16835016835017,20.32245683670044,GA_tournament_rcx_adaptive_heuristic_noLS_noNeighborhood,99,1000,0,50.0,60.0,,,,,,adaptive,rcx,heuristic,False,,,,,,,0.9,0.1,tournament,3.0,True,False,0.5,0.1,0.35,5.0,0.0,,,,,,,,,,,,,,
j120_1.rcp,1,165.05723905723906,21.015209913253784,GA_tournament_rcx_adaptive_heuristic_noLS_noNeighborhood,99,1000,1,50.0,60.0,,,,,,adaptive,rcx,heuristic,False,,,,,,,0.9,0.1,tournament,3.0,True,False,0.5,0.1,0.35,5.0,0.0,,,,,,,,,,,,,,
j120_1.rcp,0,183.54208754208756,3.1080360412597656,GA_tournament_hybrid_random_random_withLS_withNeighborhood,99,1000,0,50.0,60.0,,,,,,random,hybrid,random,True,,,,,,,0.9,0.1,tournament,3.0,True,False,0.5,0.1,0.35,5.0,2.0,,,,,,,,,,,,,,
j120_1.rcp,1,198.0875420875421,3.166666030883789,GA_tournament_hybrid_random_random_withLS_withNeighborhood,99,1000,1,50.0,60.0,,,,,,random,hybrid,random,True,,,,,,,0.9,0.1,tournament,3.0,True,False,0.5,0.1,0.35,5.0,2.0,,,,,,,,,,,,,,
j120_1.rcp,0,183.54208754208756,3.108797788619995,GA_tournament_hybrid_random_random_withLS_noNeighborhood,99,1000,0,50.0,60.0,,,,,,random,hybrid,random,True,,,,,,,0.9,0.1,tournament,3.0,True,False,0.5,0.1,0.35,5.0,0.0,,,,,,,,,,,,,,
j120_1.rcp,1,198.0875420875421,3.158902168273926,GA_tournament_hybrid_random_random_withLS_noNeighborhood,99,1000,1,50.0,60.0,,,,,,random,hybrid,random,True,,,,,,,0.9,0.1,tournament,3.0,True,False,0.5,0.1,0.35,5.0,0.0,,,,,,,,,,,,,,
j120_1.rcp,0,156.51178451178453,11.27220106124878,GA_tournament_hybrid_random_random_noLS_withNeighborhood,99,1000,0,50.0,60.0,,,,,,random,hybrid,random,False,,,,,,,0.9,0.1,tournament,3.0,True,False,0.5,0.1,0.35,5.0,2.0,,,,,,,,,,,,,,
j120_1.rcp,1,154.1077441077441,11.462399005889893,GA_tournament_hybrid_random_random_noLS_withNeighborhood,99,1000,1,50.0,60.0,,,,,,random,hybrid,random,False,,,,,,,0.9,0.1,tournament,3.0,True,False,0.5,0.1,0.35,5.0,2.0,,,,,,,,,,,,,,
j120_1.rcp,0,156.51178451178453,11.53159785270691,GA_tournament_hybrid_random_random_noLS_noNeighborhood,99,1000,0,50.0,60.0,,,,,,random,hybrid,random,False,,,,,,,0.9,0.1,tournament,3.0,True,False,0.5,0.1,0.35,5.0,0.0,,,,,,,,,,,,,,
j120_1.rcp,1,154.1077441077441,11.51982593536377,GA_tournament_hybrid_random_random_noLS_noNeighborhood,99,1000,1,50.0,60.0,,,,,,random,hybrid,random,False,,,,,,,0.9,0.1,tournament,3.0,True,False,0.5,0.1,0.35,5.0,0.0,,,,,,,,,,,,,,
j120_1.rcp,0,208.10774410774417,2.9613521099090576,GA_tournament_hybrid_random_heuristic_withLS_withNeighborhood,99,1000,0,50.0,60.0,,,,,,random,hybrid,heuristic,True,,,,,,,0.9,0.1,tournament,3.0,True,False,0.5,0.1,0.35,5.0,2.0,,,,,,,,,,,,,,
j120_1.rcp,1,204.67340067340072,3.070496082305908,GA_tournament_hybrid_random_heuristic_withLS_withNeighborhood,99,1000,1,50.0,60.0,,,,,,random,hybrid,heuristic,True,,,,,,,0.9,0.1,tournament,3.0,True,False,0.5,0.1,0.35,5.0,2.0,,,,,,,,,,,,,,
j120_1.rcp,0,208.10774410774417,2.9692189693450928,GA_tournament_hybrid_random_heuristic_withLS_noNeighborhood,99,1000,0,50.0,60.0,,,,,,random,hybrid,heuristic,True,,,,,,,0.9,0.1,tournament,3.0,True,False,0.5,0.1,0.35,5.0,0.0,,,,,,,,,,,,,,
j120_1.rcp,1,204.67340067340072,2.923854112625122,GA_tournament_hybrid_random_heuristic_withLS_noNeighborhood,99,1000,1,50.0,60.0,,,,,,random,hybrid,heuristic,True,,,,,,,0.9,0.1,tournament,3.0,True,False,0.5,0.1,0.35,5.0,0.0,,,,,,,,,,,,,,
j120_1.rcp,0,166.47138047138048,11.311187982559204,GA_tournament_hybrid_random_heuristic_noLS_withNeighborhood,99,1000,0,50.0,60.0,,,,,,random,hybrid,heuristic,False,,,,,,,0.9,0.1,tournament,3.0,True,False,0.5,0.1,0.35,5.0,2.0,,,,,,,,,,,,,,
j120_1.rcp,1,154.41077441077442,11.46011209487915,GA_tournament_hybrid_random_heuristic_noLS_withNeighborhood,99,1000,1,50.0,60.0,,,,,,random,hybrid,heuristic,False,,,,,,,0.9,0.1,tournament,3.0,True,False,0.5,0.1,0.35,5.0,2.0,,,,,,,,,,,,,,
j120_1.rcp,0,166.47138047138048,11.400081872940063,GA_tournament_hybrid_random_heuristic_noLS_noNeighborhood,99,1000,0,50.0,60.0,,,,,,random,hybrid,heuristic,False,,,,,,,0.9,0.1,tournament,3.0,True,False,0.5,0.1,0.35,5.0,0.0,,,,,,,,,,,,,,
j120_1.rcp,1,154.41077441077442,11.331844806671143,GA_tournament_hybrid_random_heuristic_noLS_noNeighborhood,99,1000,1,50.0,60.0,,,,,,random,hybrid,heuristic,False,,,,,,,0.9,0.1,tournament,3.0,True,False,0.5,0.1,0.35,5.0,0.0,,,,,,,,,,,,,,
j120_1.rcp,0,199.90572390572393,3.3509418964385986,GA_tournament_hybrid_adaptive_random_withLS_withNeighborhood,99,1000,0,50.0,60.0,,,,,,adaptive,hybrid,random,True,,,,,,,0.9,0.1,tournament,3.0,True,False,0.5,0.1,0.35,5.0,2.0,,,,,,,,,,,,,,
j120_1.rcp,1,177.19865319865326,3.3410558700561523,GA_tournament_hybrid_adaptive_random_withLS_withNeighborhood,99,1000,1,50.0,60.0,,,,,,adaptive,hybrid,random,True,,,,,,,0.9,0.1,tournament,3.0,True,False,0.5,0.1,0.35,5.0,2.0,,,,,,,,,,,,,,
j120_1.rcp,0,199.90572390572393,3.3562138080596924,GA_tournament_hybrid_adaptive_random_withLS_noNeighborhood,99,1000,0,50.0,60.0,,,,,,adaptive,hybrid,random,True,,,,,,,0.9,0.1,tournament,3.0,True,False,0.5,0.1,0.35,5.0,0.0,,,,,,,,,,,,,,
j120_1.rcp,1,177.19865319865326,3.2600772380828857,GA_tournament_hybrid_adaptive_random_withLS_noNeighborhood,99,1000,1,50.0,60.0,,,,,,adaptive,hybrid,random,True,,,,,,,0.9,0.1,tournament,3.0,True,False,0.5,0.1,0.35,5.0,0.0,,,,,,,,,,,,,,
j120_1.rcp,0,185.5824915824916,11.882762908935547,GA_tournament_hybrid_adaptive_random_noLS_withNeighborhood,99,1000,0,50.0,60.0,,,,,,adaptive,hybrid,random,False,,,,,,,0.9,0.1,tournament,3.0,True,False,0.5,0.1,0.35,5.0,2.0,,,,,,,,,,,,,,
j120_1.rcp,1,172.20875420875427,11.871138095855713,GA_tournament_hybrid_adaptive_random_noLS_withNeighborhood,99,1000,1,50.0,60.0,,,,,,adaptive,hybrid,random,False,,,,,,,0.9,0.1,tournament,3.0,True,False,0.5,0.1,0.35,5.0,2.0,,,,,,,,,,,,,,
j120_1.rcp,0,185.5824915824916,12.678766965866089,GA_tournament_hybrid_adaptive_random_noLS_noNeighborhood,99,1000,0,50.0,60.0,,,,,,adaptive,hybrid,random,False,,,,,,,0.9,0.1,tournament,3.0,True,False,0.5,0.1,0.35,5.0,0.0,,,,,,,,,,,,,,
j120_1.rcp,1,172.20875420875427,11.709889888763428,GA_tournament_hybrid_adaptive_random_noLS_noNeighborhood,99,1000,1,50.0,60.0,,,,,,adaptive,hybrid,random,False,,,,,,,0.9,0.1,tournament,3.0,True,False,0.5,0.1,0.35,5.0,0.0,,,,,,,,,,,,,,
j120_1.rcp,0,195.03703703703704,3.3374979496002197,GA_tournament_hybrid_adaptive_heuristic_withLS_withNeighborhood,99,1000,0,50.0,60.0,,,,,,adaptive,hybrid,heuristic,True,,,,,,,0.9,0.1,tournament,3.0,True,False,0.5,0.1,0.35,5.0,2.0,,,,,,,,,,,,,,
j120_1.rcp,1,206.89562289562292,3.2863128185272217,GA_tournament_hybrid_adaptive_heuristic_withLS_withNeighborhood,99,1000,1,50.0,60.0,,,,,,adaptive,hybrid,heuristic,True,,,,,,,0.9,0.1,tournament,3.0,True,False,0.5,0.1,0.35,5.0,2.0,,,,,,,,,,,,,,
j120_1.rcp,0,195.03703703703704,3.260910987854004,GA_tournament_hybrid_adaptive_heuristic_withLS_noNeighborhood,99,1000,0,50.0,60.0,,,,,,adaptive,hybrid,heuristic,True,,,,,,,0.9,0.1,tournament,3.0,True,False,0.5,0.1,0.35,5.0,0.0,,,,,,,,,,,,,,
j120_1.rcp,1,206.89562289562292,3.2357401847839355,GA_tournament_hybrid_adaptive_heuristic_withLS_noNeighborhood,99,1000,1,50.0,60.0,,,,,,adaptive,hybrid,heuristic,True,,,,,,,0.9,0.1,tournament,3.0,True,False,0.5,0.1,0.35,5.0,0.0,,,,,,,,,,,,,,
j120_1.rcp,0,165.4814814814815,11.249650001525879,GA_tournament_hybrid_adaptive_heuristic_noLS_withNeighborhood,99,1000,0,50.0,60.0,,,,,,adaptive,hybrid,heuristic,False,,,,,,,0.9,0.1,tournament,3.0,True,False,0.5,0.1,0.35,5.0,2.0,,,,,,,,,,,,,,
j120_1.rcp,1,188.26936026936025,11.570815086364746,GA_tournament_hybrid_adaptive_heuristic_noLS_withNeighborhood,99,1000,1,50.0,60.0,,,,,,adaptive,hybrid,heuristic,False,,,,,,,0.9,0.1,tournament,3.0,True,False,0.5,0.1,0.35,5.0,2.0,,,,,,,,,,,,,,
j120_1.rcp,0,165.4814814814815,11.405498743057251,GA_tournament_hybrid_adaptive_heuristic_noLS_noNeighborhood,99,1000,0,50.0,60.0,,,,,,adaptive,hybrid,heuristic,False,,,,,,,0.9,0.1,tournament,3.0,True,False,0.5,0.1,0.35,5.0,0.0,,,,,,,,,,,,,,
j120_1.rcp,1,188.26936026936025,11.87731671333313,GA_tournament_hybrid_adaptive_heuristic_noLS_noNeighborhood,99,1000,1,50.0,60.0,,,,,,adaptive,hybrid,heuristic,False,,,,,,,0.9,0.1,tournament,3.0,True,False,0.5,0.1,0.35,5.0,0.0,,,,,,,,,,,,,,
j120_1.rcp,0,229.56228956228955,0.37893199920654297,SA_default,99,1000,0,,60.0,,,,,,,,,,,,,,,,,,,,,,,,,,,10000.0,0.995,10.0,,,,,,,,,,,
j120_1.rcp,1,227.01683501683507,0.3744168281555176,SA_default,99,1000,1,,60.0,,,,,,,,,,,,,,,,,,,,,,,,,,,10000.0,0.995,10.0,,,,,,,,,,,
j120_1.rcp,0,255.8855218855219,0.36747121810913086,ILS_strength3,99,1000,0,,60.0,100.0,,,,,,,,,,,,,,,,,,,,,,,,,,,,,3.0,,,,,,,,,,
j120_1.rcp,1,249.25925925925927,0.36867594718933105,ILS_strength3,99,1000,1,,60.0,100.0,,,,,,,,,,,,,,,,,,,,,,,,,,,,,3.0,,,,,,,,,,
j120_1.rcp,0,255.8855218855219,0.37035703659057617,ILS_strength5,99,1000,0,,60.0,100.0,,,,,,,,,,,,,,,,,,,,,,,,,,,,,5.0,,,,,,,,,,
j120_1.rcp,1,249.25925925925927,0.3686940670013428,ILS_strength5,99,1000,1,,60.0,100.0,,,,,,,,,,,,,,,,,,,,,,,,,,,,,5.0,,,,,,,,,,
j120_1.rcp,0,255.8855218855219,0.3678169250488281,ILS_strength7,99,1000,0,,60.0,100.0,,,,,,,,,,,,,,,,,,,,,,,,,,,,,7.0,,,,,,,,,,
j120_1.rcp,1,249.25925925925927,0.36866092681884766,ILS_strength7,99,1000,1,,60.0,100.0,,,,,,,,,,,,,,,,,,,,,,,,,,,,,7.0,,,,,,,,,,
j120_1.rcp,0,255.8855218855219,0.3758690357208252,ILS_strength10,99,1000,0,,60.0,100.0,,,,,,,,,,,,,,,,,,,,,,,,,,,,,10.0,,,,,,,,,,
j120_1.rcp,1,249.25925925925927,0.4440760612487793,ILS_strength10,99,1000,1,,60.0,100.0,,,,,,,,,,,,,,,,,,,,,,,,,,,,,10.0,,,,,,,,,,
j120_1.rcp,0,255.8855218855219,0.37848973274230957,ILS_strength15,99,1000,0,,60.0,100.0,,,,,,,,,,,,,,,,,,,,,,,,,,,,,15.0,,,,,,,,,,
j120_1.rcp,1,249.25925925925927,0.371135950088501,ILS_strength15,99,1000,1,,60.0,100.0,,,,,,,,,,,,,,,,,,,,,,,,,,,,,15.0,,,,,,,,,,
j120_1.rcp,0,106.97643097643099,0.3804142475128174,TS_static,99,1000,0,,60.0,100.0,,,,,,,,,,,,,,,,,,,,,,,,,20.0,,,,,10.0,True,static,1.0,4.0,10.0,,,,
j120_1.rcp,1,125.44107744107745,0.3768129348754883,TS_static,99,1000,1,,60.0,100.0,,,,,,,,,,,,,,,,,,,,,,,,,20.0,,,,,10.0,True,static,1.0,4.0,10.0,,,,
j120_1.rcp,0,106.97643097643099,0.3783230781555176,TS_dynamic,99,1000,0,,60.0,100.0,,,,,,,,,,,,,,,,,,,,,,,,,20.0,,,,,10.0,True,dynamic,1.0,4.0,10.0,,,,
j120_1.rcp,1,125.44107744107745,0.38267016410827637,TS_dynamic,99,1000,1,,60.0,100.0,,,,,,,,,,,,,,,,,,,,,,,,,20.0,,,,,10.0,True,dynamic,1.0,4.0,10.0,,,,
j120_1.rcp,0,247.5824915824916,0.48499178886413574,PR_forward_best_withLS,99,1000,0,,60.0,100.0,,,,,,,,True,,,,,,,,,best,,,,,,,,,,,,,,,,,,,10.0,forward,50.0,
j120_1.rcp,1,262.976430976431,0.45626091957092285,PR_forward_best_withLS,99,1000,1,,60.0,100.0,,,,,,,,True,,,,,,,,,best,,,,,,,,,,,,,,,,,,,10.0,forward,50.0,
j120_1.rcp,0,250.51178451178453,0.1738731861114502,PR_forward_best_noLS,99,1000,0,,60.0,100.0,,,,,,,,False,,,,,,,,,best,,,,,,,,,,,,,,,,,,,10.0,forward,50.0,
j120_1.rcp,1,211.3602693602694,0.23888611793518066,PR_forward_best_noLS,99,1000,1,,60.0,100.0,,,,,,,,False,,,,,,,,,best,,,,,,,,,,,,,,,,,,,10.0,forward,50.0,
j120_1.rcp,0,228.71380471380473,0.4538400173187256,PR_forward_random_two_withLS,99,1000,0,,60.0,100.0,,,,,,,,True,,,,,,,,,random_two,,,,,,,,,,,,,,,,,,,10.0,forward,50.0,
j120_1.rcp,1,255.15824915824913,0.46568918228149414,PR_forward_random_two_withLS,99,1000,1,,60.0,100.0,,,,,,,,True,,,,,,,,,random_two,,,,,,,,,,,,,,,,,,,10.0,forward,50.0,
j120_1.rcp,0,182.61279461279466,0.11694478988647461,PR_forward_random_two_noLS,99,1000,0,,60.0,100.0,,,,,,,,False,,,,,,,,,random_two,,,,,,,,,,,,,,,,,,,10.0,forward,50.0,
j120_1.rcp,1,232.95622895622895,0.10020303726196289,PR_forward_random_two_noLS,99,1000,1,,60.0,100.0,,,,,,,,False,,,,,,,,,random_two,,,,,,,,,,,,,,,,,,,10.0,forward,50.0,
j120_1.rcp,0,236.53198653198658,0.4670701026916504,PR_backward_best_withLS,99,1000,0,,60.0,100.0,,,,,,,,True,,,,,,,,,best,,,,,,,,,,,,,,,,,,,10.0,backward,50.0,
j120_1.rcp,1,280.5319865319865,0.45403289794921875,PR_backward_best_withLS,99,1000,1,,60.0,100.0,,,,,,,,True,,,,,,,,,best,,,,,,,,,,,,,,,,,,,10.0,backward,50.0,
j120_1.rcp,0,236.35016835016836,0.15651607513427734,PR_backward_best_noLS,99,1000,0,,60.0,100.0,,,,,,,,False,,,,,,,,,best,,,,,,,,,,,,,,,,,,,10.0,backward,50.0,
j120_1.rcp,1,234.7542087542088,0.21096134185791016,PR_backward_best_noLS,99,1000,1,,60.0,100.0,,,,,,,,False,,,,,,,,,best,,,,,,,,,,,,,,,,,,,10.0,backward,50.0,
j120_1.rcp,0,235.36026936026934,0.45370984077453613,PR_backward_random_two_withLS,99,1000,0,,60.0,100.0,,,,,,,,True,,,,,,,,,random_two,,,,,,,,,,,,,,,,,,,10.0,backward,50.0,
j120_1.rcp,1,191.92592592592595,0.454819917678833,PR_backward_random_two_withLS,99,1000,1,,60.0,100.0,,,,,,,,True,,,,,,,,,random_two,,,,,,,,,,,,,,,,,,,10.0,backward,50.0,
j120_1.rcp,0,203.64309764309766,0.09942913055419922,PR_backward_random_two_noLS,99,1000,0,,60.0,100.0,,,,,,,,False,,,,,,,,,random_two,,,,,,,,,,,,,,,,,,,10.0,backward,50.0,
j120_1.rcp,1,208.81481481481484,0.09820389747619629,PR_backward_random_two_noLS,99,1000,1,,60.0,100.0,,,,,,,,False,,,,,,,,,random_two,,,,,,,,,,,,,,,,,,,10.0,backward,50.0,
j120_1.rcp,0,199.90572390572393,3.1366848945617676,GSA_default,99,1000,0,50.0,60.0,100.0,,,,,,,random,,,,,,,,,,,,True,,20.0,,,,,,,,,,,,,,,,,,100.0
j120_1.rcp,1,216.30976430976435,3.5378942489624023,GSA_default,99,1000,1,50.0,60.0,100.0,,,,,,,random,,,,,,,,,,,,True,,20.0,,,,,,,,,,,,,,,,,,100.0
